solid OpenSCAD_Model
  facet normal -0.5175689396879015 -0.13868217941680444 0.8443279255020213
    outer loop
      vertex 245.74034250918208 -24.50337808531832 -6.76393202250021
      vertex 247.03443773469468 -29.33300721676366 -6.76393202250021
      vertex 247.44411229380125 -29.22323524949148 -6.494773279824546
    endloop
  endfacet
  facet normal -0.41127121402175937 -0.11019978966729688 0.9048270524660234
    outer loop
      vertex 246.15001706828866 -24.39360611804614 -6.494773279824546
      vertex 247.44411229380125 -29.22323524949148 -6.494773279824546
      vertex 247.88314150578228 -29.1055977266875 -6.280894056446995
    endloop
  endfacet
  facet normal -0.29848749562899024 -0.0799794834045772 0.951056516295152
    outer loop
      vertex 246.58904628026966 -24.275968595242155 -6.280894056446995
      vertex 247.88314150578228 -29.1055977266875 -6.280894056446995
      vertex 248.34460161770144 -28.98194986235958 -6.125667355485476
    endloop
  endfacet
  facet normal -0.18099645112234755 -0.04849785291113174 0.9822872507286886
    outer loop
      vertex 247.05050639218885 -24.152320730914237 -6.125667355485476
      vertex 248.34460161770144 -28.98194986235958 -6.125667355485476
      vertex 248.8212151279309 -28.85424165719183 -6.031541194742088
    endloop
  endfacet
  facet normal -0.060650984459471355 -0.016251382306068134 0.9980267284282716
    outer loop
      vertex 247.5271199024183 -24.02461252574649 -6.031541194742088
      vertex 248.8212151279309 -28.85424165719183 -6.031541194742088
      vertex 249.30546555669923 -28.724487145868935 -6
    endloop
  endfacet
  facet normal -0.5175689396879015 -0.13868217941680444 0.8443279255020211
    outer loop
      vertex 246.15001706828866 -24.39360611804614 -6.494773279824546
      vertex 245.74034250918208 -24.50337808531832 -6.76393202250021
      vertex 247.44411229380125 -29.22323524949148 -6.494773279824546
    endloop
  endfacet
  facet normal -0.41127121402177846 -0.11019978966730433 0.9048270524660137
    outer loop
      vertex 246.15001706828866 -24.39360611804614 -6.494773279824546
      vertex 247.88314150578228 -29.1055977266875 -6.280894056446995
      vertex 246.58904628026966 -24.275968595242155 -6.280894056446995
    endloop
  endfacet
  facet normal -0.298487495628975 -0.07997948340457135 0.9510565162951571
    outer loop
      vertex 247.05050639218885 -24.152320730914237 -6.125667355485476
      vertex 246.58904628026966 -24.275968595242155 -6.280894056446995
      vertex 248.34460161770144 -28.98194986235958 -6.125667355485476
    endloop
  endfacet
  facet normal -0.06065098445946801 -0.016251382306066868 0.9980267284282718
    outer loop
      vertex 247.5271199024183 -24.02461252574649 -6.031541194742088
      vertex 249.30546555669923 -28.724487145868935 -6
      vertex 248.01137033118664 -23.89485801442359 -6
    endloop
  endfacet
  facet normal -0.18099645112235735 -0.04849785291113545 0.9822872507286868
    outer loop
      vertex 247.05050639218885 -24.152320730914237 -6.125667355485476
      vertex 248.8212151279309 -28.85424165719183 -6.031541194742088
      vertex 247.5271199024183 -24.02461252574649 -6.031541194742088
    endloop
  endfacet
  facet normal 0.060650984459471396 0.01625138230606778 0.9980267284282716
    outer loop
      vertex 248.01137033118664 -23.89485801442359 -6
      vertex 249.30546555669923 -28.724487145868935 -6
      vertex 249.78971598546755 -28.594732634546038 -6.031541194742088
    endloop
  endfacet
  facet normal 0.18099645112234752 0.04849785291113177 0.9822872507286888
    outer loop
      vertex 248.49562075995496 -23.765103503100697 -6.031541194742088
      vertex 249.78971598546755 -28.594732634546038 -6.031541194742088
      vertex 250.26632949569702 -28.467024429378288 -6.125667355485476
    endloop
  endfacet
  facet normal 0.2984874956289905 0.07997948340457556 0.951056516295152
    outer loop
      vertex 248.97223427018443 -23.637395297932947 -6.125667355485476
      vertex 250.26632949569702 -28.467024429378288 -6.125667355485476
      vertex 250.7277896076162 -28.34337656505037 -6.280894056446995
    endloop
  endfacet
  facet normal 0.4112712140217587 0.1101997896672967 0.9048270524660237
    outer loop
      vertex 249.4336943821036 -23.51374743360503 -6.280894056446995
      vertex 250.7277896076162 -28.34337656505037 -6.280894056446995
      vertex 251.1668188195972 -28.225739042246385 -6.494773279824546
    endloop
  endfacet
  facet normal 0.5175689396879015 0.13868217941680444 0.8443279255020213
    outer loop
      vertex 249.87272359408462 -23.396109910801044 -6.494773279824546
      vertex 251.1668188195972 -28.225739042246385 -6.494773279824546
      vertex 251.5764933787038 -28.115967074974204 -6.76393202250021
    endloop
  endfacet
  facet normal 0.060650984459471535 0.016251382306067826 0.9980267284282716
    outer loop
      vertex 248.01137033118664 -23.89485801442359 -6
      vertex 249.78971598546755 -28.594732634546038 -6.031541194742088
      vertex 248.49562075995496 -23.765103503100697 -6.031541194742088
    endloop
  endfacet
  facet normal 0.18099645112234755 0.04849785291113178 0.9822872507286888
    outer loop
      vertex 248.49562075995496 -23.765103503100697 -6.031541194742088
      vertex 250.26632949569702 -28.467024429378288 -6.125667355485476
      vertex 248.97223427018443 -23.637395297932947 -6.125667355485476
    endloop
  endfacet
  facet normal 0.2984874956289905 0.07997948340457557 0.9510565162951519
    outer loop
      vertex 248.97223427018443 -23.637395297932947 -6.125667355485476
      vertex 250.7277896076162 -28.34337656505037 -6.280894056446995
      vertex 249.4336943821036 -23.51374743360503 -6.280894056446995
    endloop
  endfacet
  facet normal 0.4112712140217587 0.1101997896672967 0.9048270524660237
    outer loop
      vertex 249.4336943821036 -23.51374743360503 -6.280894056446995
      vertex 251.1668188195972 -28.225739042246385 -6.494773279824546
      vertex 249.87272359408462 -23.396109910801044 -6.494773279824546
    endloop
  endfacet
  facet normal 0.5175689396879247 0.1386821794168137 0.8443279255020054
    outer loop
      vertex 249.87272359408462 -23.396109910801044 -6.494773279824546
      vertex 251.5764933787038 -28.115967074974204 -6.76393202250021
      vertex 250.28239815319117 -23.286337943528864 -6.76393202250021
    endloop
  endfacet
  facet normal -0.6157042939944997 -0.16497746835220278 0.77051324277577
    outer loop
      vertex 245.3664834154748 -24.60355332756022 -7.084125490314353
      vertex 246.6605786409874 -29.433182459005565 -7.084125490314353
      vertex 247.03443773469468 -29.33300721676366 -6.76393202250021
    endloop
  endfacet
  facet normal -0.7041296237808243 -0.18867096405890446 0.6845471059286998
    outer loop
      vertex 245.3664834154748 -24.60355332756022 -7.084125490314353
      vertex 246.32843099391974 -29.52218115280524 -7.450304041005241
      vertex 246.6605786409874 -29.433182459005565 -7.084125490314353
    endloop
  endfacet
  facet normal -0.7814504087735269 -0.20938900595583543 0.5877852522924633
    outer loop
      vertex 245.03433576840715 -24.692552021359898 -7.450304041005241
      vertex 246.04323296030137 -29.59859973559623 -7.856692820084013
      vertex 246.32843099391974 -29.52218115280524 -7.450304041005241
    endloop
  endfacet
  facet normal -0.7041296237808506 -0.18867096405890754 0.6845471059286717
    outer loop
      vertex 245.3664834154748 -24.60355332756022 -7.084125490314353
      vertex 245.03433576840715 -24.692552021359898 -7.450304041005241
      vertex 246.32843099391974 -29.52218115280524 -7.450304041005241
    endloop
  endfacet
  facet normal -0.7814504087735015 -0.20938900595583307 0.587785252292498
    outer loop
      vertex 245.03433576840715 -24.692552021359898 -7.450304041005241
      vertex 244.74913773478875 -24.768970604150887 -7.856692820084013
      vertex 246.04323296030137 -29.59859973559623 -7.856692820084013
    endloop
  endfacet
  facet normal -0.9355794902428565 -0.25068776886569244 0.24868988716483467
    outer loop
      vertex 244.33677012578664 -24.879464171967758 -8.76393202250021
      vertex 245.51019905944594 -29.741425738868852 -9.250474741657102
      vertex 245.63086535129924 -29.709093303413102 -8.76393202250021
    endloop
  endfacet
  facet normal -0.8464472540039895 -0.22680485814591317 0.4817536741017322
    outer loop
      vertex 244.74913773478875 -24.768970604150887 -7.856692820084013
      vertex 245.80948228349146 -29.66123304067767 -8.296882833739708
      vertex 246.04323296030137 -29.59859973559623 -7.856692820084013
    endloop
  endfacet
  facet normal -0.8980951203957562 -0.24064386223637266 0.3681245526846775
    outer loop
      vertex 244.51538705797887 -24.831603909232328 -8.296882833739708
      vertex 245.63086535129924 -29.709093303413102 -8.76393202250021
      vertex 245.80948228349146 -29.66123304067767 -8.296882833739708
    endloop
  endfacet
  facet normal -0.8464472540040122 -0.22680485814591447 0.48175367410169156
    outer loop
      vertex 244.51538705797887 -24.831603909232328 -8.296882833739708
      vertex 245.80948228349146 -29.66123304067767 -8.296882833739708
      vertex 244.74913773478875 -24.768970604150887 -7.856692820084013
    endloop
  endfacet
  facet normal -0.8980951203957568 -0.24064386223637269 0.368124552684676
    outer loop
      vertex 244.51538705797887 -24.831603909232328 -8.296882833739708
      vertex 244.33677012578664 -24.879464171967758 -8.76393202250021
      vertex 245.63086535129924 -29.709093303413102 -8.76393202250021
    endloop
  endfacet
  facet normal -0.6157042939944755 -0.1649774683521928 0.7705132427757916
    outer loop
      vertex 245.74034250918208 -24.50337808531832 -6.76393202250021
      vertex 245.3664834154748 -24.60355332756022 -7.084125490314353
      vertex 247.03443773469468 -29.33300721676366 -6.76393202250021
    endloop
  endfacet
  facet normal -0.9583092126407163 -0.2567781796263884 0.12533323356432036
    outer loop
      vertex 244.21610383393332 -24.91179660742351 -9.250474741657102
      vertex 245.44938638743662 -29.757720445223327 -9.748837921882746
      vertex 245.51019905944594 -29.741425738868852 -9.250474741657102
    endloop
  endfacet
  facet normal -0.965925826289069 -0.25881904510251846 0
    outer loop
      vertex 244.15529116192403 -24.928091313777983 -9.748837921882746
      vertex 245.44938638743662 -29.757720445223327 -10.251162078117254
      vertex 245.44938638743662 -29.757720445223327 -9.748837921882746
    endloop
  endfacet
  facet normal -0.9355794902428418 -0.2506877688656942 0.24868988716488752
    outer loop
      vertex 244.33677012578664 -24.879464171967758 -8.76393202250021
      vertex 244.21610383393332 -24.91179660742351 -9.250474741657102
      vertex 245.51019905944594 -29.741425738868852 -9.250474741657102
    endloop
  endfacet
  facet normal -0.9583092126407248 -0.2567781796263847 0.1253332335642646
    outer loop
      vertex 244.21610383393332 -24.91179660742351 -9.250474741657102
      vertex 244.15529116192403 -24.928091313777983 -9.748837921882746
      vertex 245.44938638743662 -29.757720445223327 -9.748837921882746
    endloop
  endfacet
  facet normal -0.965925826289069 -0.25881904510251846 0
    outer loop
      vertex 244.15529116192403 -24.928091313777983 -9.748837921882746
      vertex 244.15529116192403 -24.928091313777983 -10.251162078117254
      vertex 245.44938638743662 -29.757720445223327 -10.251162078117254
    endloop
  endfacet
  facet normal -0.9583092126407178 -0.2567781796263829 -0.12533323356432044
    outer loop
      vertex 244.15529116192403 -24.928091313777983 -10.251162078117254
      vertex 245.51019905944594 -29.741425738868852 -10.749525258342898
      vertex 245.44938638743662 -29.757720445223327 -10.251162078117254
    endloop
  endfacet
  facet normal -0.935579490242855 -0.25068776886569777 -0.2486898871648345
    outer loop
      vertex 244.21610383393332 -24.91179660742351 -10.749525258342898
      vertex 245.63086535129924 -29.709093303413102 -11.23606797749979
      vertex 245.51019905944594 -29.741425738868852 -10.749525258342898
    endloop
  endfacet
  facet normal -0.9583092126407231 -0.2567781796263902 -0.12533323356426462
    outer loop
      vertex 244.15529116192403 -24.928091313777983 -10.251162078117254
      vertex 244.21610383393332 -24.91179660742351 -10.749525258342898
      vertex 245.51019905944594 -29.741425738868852 -10.749525258342898
    endloop
  endfacet
  facet normal -0.9355794902428434 -0.250687768865689 -0.24868988716488755
    outer loop
      vertex 244.21610383393332 -24.91179660742351 -10.749525258342898
      vertex 244.33677012578664 -24.879464171967758 -11.23606797749979
      vertex 245.63086535129924 -29.709093303413102 -11.23606797749979
    endloop
  endfacet
  facet normal 0.6157042939945003 0.1649774683522031 0.7705132427757694
    outer loop
      vertex 250.28239815319117 -23.286337943528864 -6.76393202250021
      vertex 251.5764933787038 -28.115967074974204 -6.76393202250021
      vertex 251.95035247241105 -28.015791832732305 -7.084125490314353
    endloop
  endfacet
  facet normal 0.7041296237808243 0.18867096405890046 0.6845471059287008
    outer loop
      vertex 250.98840489396613 -23.097164007487287 -7.450304041005241
      vertex 251.95035247241105 -28.015791832732305 -7.084125490314353
      vertex 252.28250011947873 -27.926793138932627 -7.450304041005241
    endloop
  endfacet
  facet normal 0.7814504087735278 0.20938900595583565 0.5877852522924621
    outer loop
      vertex 251.2736029275845 -23.020745424696297 -7.856692820084013
      vertex 252.28250011947873 -27.926793138932627 -7.450304041005241
      vertex 252.5676981530971 -27.850374556141638 -7.856692820084013
    endloop
  endfacet
  facet normal 0.6157042939944755 0.16497746835219282 0.7705132427757916
    outer loop
      vertex 250.28239815319117 -23.286337943528864 -6.76393202250021
      vertex 251.95035247241105 -28.015791832732305 -7.084125490314353
      vertex 250.65625724689846 -23.186162701286964 -7.084125490314353
    endloop
  endfacet
  facet normal 0.7041296237808242 0.18867096405890044 0.6845471059287007
    outer loop
      vertex 250.65625724689846 -23.186162701286964 -7.084125490314353
      vertex 251.95035247241105 -28.015791832732305 -7.084125490314353
      vertex 250.98840489396613 -23.097164007487287 -7.450304041005241
    endloop
  endfacet
  facet normal 0.7814504087735278 0.20938900595583565 0.5877852522924623
    outer loop
      vertex 250.98840489396613 -23.097164007487287 -7.450304041005241
      vertex 252.28250011947873 -27.926793138932627 -7.450304041005241
      vertex 251.2736029275845 -23.020745424696297 -7.856692820084013
    endloop
  endfacet
  facet normal 0.8464472540039915 0.2268048581459089 0.4817536741017307
    outer loop
      vertex 251.5073536043944 -22.95811211961486 -8.29688283373971
      vertex 252.5676981530971 -27.850374556141638 -7.856692820084013
      vertex 252.801448829907 -27.7877412510602 -8.29688283373971
    endloop
  endfacet
  facet normal 0.8980951203957557 0.24064386223637257 0.3681245526846787
    outer loop
      vertex 251.68597053658664 -22.910251856879427 -8.76393202250021
      vertex 252.801448829907 -27.7877412510602 -8.29688283373971
      vertex 252.98006576209923 -27.739880988324767 -8.76393202250021
    endloop
  endfacet
  facet normal 0.8464472540039915 0.2268048581459089 0.48175367410173064
    outer loop
      vertex 251.2736029275845 -23.020745424696297 -7.856692820084013
      vertex 252.5676981530971 -27.850374556141638 -7.856692820084013
      vertex 251.5073536043944 -22.95811211961486 -8.29688283373971
    endloop
  endfacet
  facet normal 0.8980951203957557 0.24064386223637257 0.3681245526846788
    outer loop
      vertex 251.5073536043944 -22.95811211961486 -8.29688283373971
      vertex 252.801448829907 -27.7877412510602 -8.29688283373971
      vertex 251.68597053658664 -22.910251856879427 -8.76393202250021
    endloop
  endfacet
  facet normal 0.9355794902428557 0.25068776886569244 0.2486898871648371
    outer loop
      vertex 251.68597053658664 -22.910251856879427 -8.76393202250021
      vertex 252.98006576209923 -27.739880988324767 -8.76393202250021
      vertex 251.80663682843993 -22.877919421423673 -9.2504747416571
    endloop
  endfacet
  facet normal 0.9355794902428562 0.2506877688656924 0.2486898871648355
    outer loop
      vertex 251.80663682843993 -22.877919421423673 -9.2504747416571
      vertex 252.98006576209923 -27.739880988324767 -8.76393202250021
      vertex 253.10073205395253 -27.707548552869017 -9.2504747416571
    endloop
  endfacet
  facet normal 0.9583092126407178 0.2567781796263831 0.12533323356432052
    outer loop
      vertex 251.86744950044925 -22.8616247150692 -9.748837921882744
      vertex 253.10073205395253 -27.707548552869017 -9.2504747416571
      vertex 253.16154472596185 -27.69125384651454 -9.748837921882744
    endloop
  endfacet
  facet normal 0.9659258262890688 0.25881904510251863 0
    outer loop
      vertex 251.86744950044925 -22.8616247150692 -10.251162078117256
      vertex 253.16154472596185 -27.69125384651454 -9.748837921882744
      vertex 253.16154472596185 -27.69125384651454 -10.251162078117256
    endloop
  endfacet
  facet normal 0.9583092126407181 0.256778179626383 0.1253332335643184
    outer loop
      vertex 251.80663682843993 -22.877919421423673 -9.2504747416571
      vertex 253.10073205395253 -27.707548552869017 -9.2504747416571
      vertex 251.86744950044925 -22.8616247150692 -9.748837921882744
    endloop
  endfacet
  facet normal 0.9659258262890688 0.25881904510251863 0
    outer loop
      vertex 251.86744950044925 -22.8616247150692 -9.748837921882744
      vertex 253.16154472596185 -27.69125384651454 -9.748837921882744
      vertex 251.86744950044925 -22.8616247150692 -10.251162078117256
    endloop
  endfacet
  facet normal 0.9583092126407178 0.2567781796263829 -0.12533323356432044
    outer loop
      vertex 251.80663682843993 -22.877919421423673 -10.7495252583429
      vertex 253.16154472596185 -27.69125384651454 -10.251162078117256
      vertex 253.10073205395253 -27.707548552869017 -10.7495252583429
    endloop
  endfacet
  facet normal 0.9355794902428561 0.25068776886569255 -0.24868988716483534
    outer loop
      vertex 251.68597053658664 -22.910251856879427 -11.23606797749979
      vertex 253.10073205395253 -27.707548552869017 -10.7495252583429
      vertex 252.98006576209923 -27.739880988324767 -11.23606797749979
    endloop
  endfacet
  facet normal 0.9583092126407181 0.25677817962638316 -0.1253332335643184
    outer loop
      vertex 251.86744950044925 -22.8616247150692 -10.251162078117256
      vertex 253.16154472596185 -27.69125384651454 -10.251162078117256
      vertex 251.80663682843993 -22.877919421423673 -10.7495252583429
    endloop
  endfacet
  facet normal 0.9355794902428557 0.2506877688656923 -0.2486898871648371
    outer loop
      vertex 251.80663682843993 -22.877919421423673 -10.7495252583429
      vertex 253.10073205395253 -27.707548552869017 -10.7495252583429
      vertex 251.68597053658664 -22.910251856879427 -11.23606797749979
    endloop
  endfacet
  facet normal -0.2588190451025204 0.9659258262890684 -4.935555215396364e-14
    outer loop
      vertex 247.05050639218885 -24.152320730914237 -6.125667355485476
      vertex 247.5271199024183 -24.02461252574649 -6.031541194742088
      vertex 248.97223427018443 -23.637395297932947 -6.125667355485476
    endloop
  endfacet
  facet normal -0.2588190451025192 0.9659258262890688 3.193631356484633e-14
    outer loop
      vertex 247.05050639218885 -24.152320730914237 -6.125667355485476
      vertex 249.4336943821036 -23.51374743360503 -6.280894056446995
      vertex 246.58904628026966 -24.275968595242155 -6.280894056446995
    endloop
  endfacet
  facet normal -0.25881904510252046 0.9659258262890684 -2.612933390903992e-14
    outer loop
      vertex 246.15001706828866 -24.39360611804614 -6.494773279824546
      vertex 246.58904628026966 -24.275968595242155 -6.280894056446995
      vertex 249.87272359408462 -23.396109910801044 -6.494773279824546
    endloop
  endfacet
  facet normal -0.25881904510252096 0.9659258262890682 9.868373742528385e-15
    outer loop
      vertex 246.15001706828866 -24.39360611804614 -6.494773279824546
      vertex 250.28239815319117 -23.286337943528864 -6.76393202250021
      vertex 245.74034250918208 -24.50337808531832 -6.76393202250021
    endloop
  endfacet
  facet normal -0.25881904510251524 0.9659258262890698 7.898750149294119e-15
    outer loop
      vertex 247.5271199024183 -24.02461252574649 -6.031541194742088
      vertex 248.01137033118664 -23.89485801442359 -6
      vertex 248.49562075995496 -23.765103503100697 -6.031541194742088
    endloop
  endfacet
  facet normal -0.25881904510251524 0.9659258262890698 3.5879261283962e-14
    outer loop
      vertex 247.5271199024183 -24.02461252574649 -6.031541194742088
      vertex 248.49562075995496 -23.765103503100697 -6.031541194742088
      vertex 248.97223427018443 -23.637395297932947 -6.125667355485476
    endloop
  endfacet
  facet normal -0.25881904510252046 0.9659258262890685 1.1503915111309648e-14
    outer loop
      vertex 247.05050639218885 -24.152320730914237 -6.125667355485476
      vertex 248.97223427018443 -23.637395297932947 -6.125667355485476
      vertex 249.4336943821036 -23.51374743360503 -6.280894056446995
    endloop
  endfacet
  facet normal -0.2588190451025192 0.9659258262890686 -4.935315161925465e-15
    outer loop
      vertex 246.58904628026966 -24.275968595242155 -6.280894056446995
      vertex 249.4336943821036 -23.51374743360503 -6.280894056446995
      vertex 249.87272359408462 -23.396109910801044 -6.494773279824546
    endloop
  endfacet
  facet normal -0.25881904510252046 0.9659258262890685 1.7980261269629726e-14
    outer loop
      vertex 246.15001706828866 -24.39360611804614 -6.494773279824546
      vertex 249.87272359408462 -23.396109910801044 -6.494773279824546
      vertex 250.28239815319117 -23.286337943528864 -6.76393202250021
    endloop
  endfacet
  facet normal -0.25881904510252035 0.9659258262890684 4.7169438784376694e-15
    outer loop
      vertex 245.74034250918208 -24.50337808531832 -6.76393202250021
      vertex 250.65625724689846 -23.186162701286964 -7.084125490314353
      vertex 245.3664834154748 -24.60355332756022 -7.084125490314353
    endloop
  endfacet
  facet normal -0.2588190451025208 0.9659258262890684 -1.2985275282650931e-14
    outer loop
      vertex 245.3664834154748 -24.60355332756022 -7.084125490314353
      vertex 250.98840489396613 -23.097164007487287 -7.450304041005241
      vertex 245.03433576840715 -24.692552021359898 -7.450304041005241
    endloop
  endfacet
  facet normal -0.2588190451025203 0.9659258262890683 1.2295351954920216e-14
    outer loop
      vertex 245.03433576840715 -24.692552021359898 -7.450304041005241
      vertex 251.2736029275845 -23.020745424696297 -7.856692820084013
      vertex 244.74913773478875 -24.768970604150887 -7.856692820084013
    endloop
  endfacet
  facet normal -0.25881904510251397 0.9659258262890701 7.119470389961434e-14
    outer loop
      vertex 244.33677012578664 -24.879464171967758 -8.76393202250021
      vertex 247.52276509967592 -24.02577939162451 -9.079877985953944
      vertex 247.41522552791042 -24.05459453303346 -9.150532155906305
    endloop
  endfacet
  facet normal -0.2588190451025204 0.9659258262890683 1.5904078647816622e-14
    outer loop
      vertex 244.33677012578664 -24.879464171967758 -8.76393202250021
      vertex 247.41522552791042 -24.05459453303346 -9.150532155906305
      vertex 247.31708751581226 -24.080890534121956 -9.234582941207517
    endloop
  endfacet
  facet normal -0.25881904510251547 0.9659258262890696 1.0727121647106835e-13
    outer loop
      vertex 244.33677012578664 -24.879464171967758 -8.76393202250021
      vertex 247.88425459363495 -23.928918573645852 -8.958279563619799
      vertex 247.7591435471997 -23.962441977502387 -8.982987680814936
    endloop
  endfacet
  facet normal -0.2588190451025226 0.9659258262890678 -2.191774798006777e-14
    outer loop
      vertex 244.33677012578664 -24.879464171967758 -8.76393202250021
      vertex 247.63801026782093 -23.994899541888465 -9.023734689817337
      vertex 247.52276509967592 -24.02577939162451 -9.079877985953944
    endloop
  endfacet
  facet normal -0.2588190451025264 0.9659258262890668 -7.494444760230649e-14
    outer loop
      vertex 244.33677012578664 -24.879464171967758 -8.76393202250021
      vertex 247.7591435471997 -23.962441977502387 -8.982987680814936
      vertex 247.63801026782093 -23.994899541888465 -9.023734689817337
    endloop
  endfacet
  facet normal -0.2588190451025205 0.9659258262890683 -1.3832637223441358e-14
    outer loop
      vertex 244.51538705797887 -24.831603909232328 -8.296882833739708
      vertex 244.74913773478875 -24.768970604150887 -7.856692820084013
      vertex 251.5073536043944 -22.95811211961486 -8.29688283373971
    endloop
  endfacet
  facet normal -0.25881904510252046 0.9659258262890684 4.077198041045962e-15
    outer loop
      vertex 244.51538705797887 -24.831603909232328 -8.296882833739708
      vertex 251.68597053658664 -22.910251856879427 -8.76393202250021
      vertex 244.33677012578664 -24.879464171967758 -8.76393202250021
    endloop
  endfacet
  facet normal -0.2588190451025192 0.9659258262890688 3.172980391837397e-14
    outer loop
      vertex 244.33677012578664 -24.879464171967758 -8.76393202250021
      vertex 248.01137033118664 -23.89485801442359 -8.95
      vertex 247.88425459363495 -23.928918573645852 -8.958279563619799
    endloop
  endfacet
  facet normal -0.25881904510252013 0.9659258262890684 6.257353548916573e-15
    outer loop
      vertex 244.33677012578664 -24.879464171967758 -8.76393202250021
      vertex 247.229898758457 -24.104252691244373 -9.330704810763876
      vertex 244.21610383393332 -24.91179660742351 -9.250474741657102
    endloop
  endfacet
  facet normal -0.25881904510252 0.9659258262890685 -7.347401169825402e-15
    outer loop
      vertex 244.21610383393332 -24.91179660742351 -9.250474741657102
      vertex 247.01511287565765 -24.161804395086072 -9.803249619684989
      vertex 244.15529116192403 -24.928091313777983 -9.748837921882746
    endloop
  endfacet
  facet normal -0.2588190451025203 0.9659258262890684 0
    outer loop
      vertex 244.15529116192403 -24.928091313777983 -9.748837921882746
      vertex 246.9991495492552 -24.16608175550412 -9.934069954494221
      vertex 244.15529116192403 -24.928091313777983 -10.251162078117254
    endloop
  endfacet
  facet normal -0.25881904510252074 0.9659258262890682 7.249423288022673e-15
    outer loop
      vertex 244.15529116192403 -24.928091313777983 -10.251162078117254
      vertex 247.0936747219696 -24.140753811810885 -10.447068256143327
      vertex 244.21610383393332 -24.91179660742351 -10.749525258342898
    endloop
  endfacet
  facet normal -0.2588190451025204 0.9659258262890684 -6.327768688418337e-15
    outer loop
      vertex 244.21610383393332 -24.91179660742351 -10.749525258342898
      vertex 247.63801026782093 -23.994899541888465 -10.976265310182663
      vertex 244.33677012578664 -24.879464171967758 -11.23606797749979
    endloop
  endfacet
  facet normal -0.25881904510251785 0.9659258262890692 2.1040341909586853e-14
    outer loop
      vertex 244.21610383393332 -24.91179660742351 -9.250474741657102
      vertex 247.0936747219696 -24.140753811810885 -9.552931743856673
      vertex 247.04678777726912 -24.153317130778937 -9.675532155906305
    endloop
  endfacet
  facet normal -0.2588190451025282 0.9659258262890663 -5.261995753564825e-14
    outer loop
      vertex 244.21610383393332 -24.91179660742351 -9.250474741657102
      vertex 247.04678777726912 -24.153317130778937 -9.675532155906305
      vertex 247.01511287565765 -24.161804395086072 -9.803249619684989
    endloop
  endfacet
  facet normal -0.25881904510252834 0.9659258262890662 -3.9292695125540407e-14
    outer loop
      vertex 244.33677012578664 -24.879464171967758 -8.76393202250021
      vertex 247.31708751581226 -24.080890534121956 -9.234582941207517
      vertex 247.229898758457 -24.104252691244373 -9.330704810763876
    endloop
  endfacet
  facet normal -0.25881904510252046 0.9659258262890683 -7.85853902510808e-15
    outer loop
      vertex 244.21610383393332 -24.91179660742351 -9.250474741657102
      vertex 247.229898758457 -24.104252691244373 -9.330704810763876
      vertex 247.1550342746322 -24.12431256922701 -9.437381865272053
    endloop
  endfacet
  facet normal -0.25881904510251996 0.9659258262890685 1.2218859750504417e-15
    outer loop
      vertex 244.21610383393332 -24.91179660742351 -9.250474741657102
      vertex 247.1550342746322 -24.12431256922701 -9.437381865272053
      vertex 247.0936747219696 -24.140753811810885 -9.552931743856673
    endloop
  endfacet
  facet normal -0.25881904510251974 0.9659258262890686 9.151296962721082e-15
    outer loop
      vertex 244.15529116192403 -24.928091313777983 -9.748837921882746
      vertex 247.01511287565765 -24.161804395086072 -9.803249619684989
      vertex 246.9991495492552 -24.16608175550412 -9.934069954494221
    endloop
  endfacet
  facet normal -0.25881904510252024 0.9659258262890683 0
    outer loop
      vertex 244.15529116192403 -24.928091313777983 -10.251162078117254
      vertex 246.9991495492552 -24.16608175550412 -9.934069954494221
      vertex 246.9991495492552 -24.16608175550412 -10.065930045505779
    endloop
  endfacet
  facet normal -0.25881904510251974 0.9659258262890686 -9.151296962721082e-15
    outer loop
      vertex 244.15529116192403 -24.928091313777983 -10.251162078117254
      vertex 246.9991495492552 -24.16608175550412 -10.065930045505779
      vertex 247.01511287565765 -24.161804395086072 -10.196750380315011
    endloop
  endfacet
  facet normal -0.25881904510252085 0.9659258262890683 5.3769762657834466e-14
    outer loop
      vertex 244.15529116192403 -24.928091313777983 -10.251162078117254
      vertex 247.01511287565765 -24.161804395086072 -10.196750380315011
      vertex 247.04678777726912 -24.153317130778937 -10.324467844093695
    endloop
  endfacet
  facet normal -0.2588190451025226 0.9659258262890678 -2.321583352595851e-14
    outer loop
      vertex 244.15529116192403 -24.928091313777983 -10.251162078117254
      vertex 247.04678777726912 -24.153317130778937 -10.324467844093695
      vertex 247.0936747219696 -24.140753811810885 -10.447068256143327
    endloop
  endfacet
  facet normal -0.25881904510251996 0.9659258262890685 -1.2218859750504417e-15
    outer loop
      vertex 244.21610383393332 -24.91179660742351 -10.749525258342898
      vertex 247.0936747219696 -24.140753811810885 -10.447068256143327
      vertex 247.1550342746322 -24.12431256922701 -10.562618134727947
    endloop
  endfacet
  facet normal -0.25881904510252046 0.9659258262890683 7.85853902510808e-15
    outer loop
      vertex 244.21610383393332 -24.91179660742351 -10.749525258342898
      vertex 247.1550342746322 -24.12431256922701 -10.562618134727947
      vertex 247.229898758457 -24.104252691244373 -10.669295189236124
    endloop
  endfacet
  facet normal -0.2588190451025215 0.9659258262890681 4.626641061182944e-14
    outer loop
      vertex 244.21610383393332 -24.91179660742351 -10.749525258342898
      vertex 247.229898758457 -24.104252691244373 -10.669295189236124
      vertex 247.31708751581226 -24.080890534121956 -10.765417058792481
    endloop
  endfacet
  facet normal -0.2588190451025217 0.965925826289068 -1.6556907883631306e-14
    outer loop
      vertex 244.21610383393332 -24.91179660742351 -10.749525258342898
      vertex 247.31708751581226 -24.080890534121956 -10.765417058792481
      vertex 247.41522552791042 -24.05459453303346 -10.849467844093695
    endloop
  endfacet
  facet normal -0.2588190451025239 0.9659258262890674 -8.76709919202732e-14
    outer loop
      vertex 244.21610383393332 -24.91179660742351 -10.749525258342898
      vertex 247.41522552791042 -24.05459453303346 -10.849467844093695
      vertex 247.52276509967592 -24.02577939162451 -10.920122014046056
    endloop
  endfacet
  facet normal -0.2588190451025179 0.965925826289069 3.3595786856206117e-14
    outer loop
      vertex 244.21610383393332 -24.91179660742351 -10.749525258342898
      vertex 247.52276509967592 -24.02577939162451 -10.920122014046056
      vertex 247.63801026782093 -23.994899541888465 -10.976265310182663
    endloop
  endfacet
  facet normal -0.2588190451025264 0.9659258262890668 7.494444760230649e-14
    outer loop
      vertex 244.33677012578664 -24.879464171967758 -11.23606797749979
      vertex 247.63801026782093 -23.994899541888465 -10.976265310182663
      vertex 247.7591435471997 -23.962441977502387 -11.017012319185064
    endloop
  endfacet
  facet normal -0.25881904510251547 0.9659258262890696 -1.0727121647106835e-13
    outer loop
      vertex 244.33677012578664 -24.879464171967758 -11.23606797749979
      vertex 247.7591435471997 -23.962441977502387 -11.017012319185064
      vertex 247.88425459363495 -23.928918573645852 -11.041720436380201
    endloop
  endfacet
  facet normal -0.2588190451025192 0.9659258262890688 -3.172980391837397e-14
    outer loop
      vertex 244.33677012578664 -24.879464171967758 -11.23606797749979
      vertex 247.88425459363495 -23.928918573645852 -11.041720436380201
      vertex 248.01137033118664 -23.89485801442359 -11.05
    endloop
  endfacet
  facet normal -0.25881904510252096 0.9659258262890682 -5.309108320142004e-15
    outer loop
      vertex 245.74034250918208 -24.50337808531832 -6.76393202250021
      vertex 250.28239815319117 -23.286337943528864 -6.76393202250021
      vertex 250.65625724689846 -23.186162701286964 -7.084125490314353
    endloop
  endfacet
  facet normal -0.25881904510252035 0.9659258262890684 -6.6436271114129666e-15
    outer loop
      vertex 245.3664834154748 -24.60355332756022 -7.084125490314353
      vertex 250.65625724689846 -23.186162701286964 -7.084125490314353
      vertex 250.98840489396613 -23.097164007487287 -7.450304041005241
    endloop
  endfacet
  facet normal -0.2588190451025207 0.9659258262890682 5.6729427023233316e-15
    outer loop
      vertex 245.03433576840715 -24.692552021359898 -7.450304041005241
      vertex 250.98840489396613 -23.097164007487287 -7.450304041005241
      vertex 251.2736029275845 -23.020745424696297 -7.856692820084013
    endloop
  endfacet
  facet normal -0.25881904510252046 0.9659258262890684 8.783352305873895e-15
    outer loop
      vertex 244.33677012578664 -24.879464171967758 -8.76393202250021
      vertex 251.68597053658664 -22.910251856879427 -8.76393202250021
      vertex 248.01137033118664 -23.89485801442359 -8.95
    endloop
  endfacet
  facet normal -0.2588190451025203 0.9659258262890684 -1.0753786039438741e-14
    outer loop
      vertex 244.74913773478875 -24.768970604150887 -7.856692820084013
      vertex 251.2736029275845 -23.020745424696297 -7.856692820084013
      vertex 251.5073536043944 -22.95811211961486 -8.29688283373971
    endloop
  endfacet
  facet normal -0.25881904510252046 0.9659258262890683 3.1525593922883772e-15
    outer loop
      vertex 244.51538705797887 -24.831603909232328 -8.296882833739708
      vertex 251.5073536043944 -22.95811211961486 -8.29688283373971
      vertex 251.68597053658664 -22.910251856879427 -8.76393202250021
    endloop
  endfacet
  facet normal -0.25881904510253145 0.9659258262890653 2.4243553306384913e-13
    outer loop
      vertex 248.01137033118664 -23.89485801442359 -8.95
      vertex 251.68597053658664 -22.910251856879427 -8.76393202250021
      vertex 248.1384860687383 -23.860797455201332 -8.958279563619799
    endloop
  endfacet
  facet normal -0.258819045102514 0.9659258262890701 -9.984843140275719e-14
    outer loop
      vertex 248.1384860687383 -23.860797455201332 -8.958279563619799
      vertex 251.68597053658664 -22.910251856879427 -8.76393202250021
      vertex 248.26359711517355 -23.827274051344798 -8.982987680814936
    endloop
  endfacet
  facet normal -0.25881904510252474 0.9659258262890672 8.043606660764739e-14
    outer loop
      vertex 248.26359711517355 -23.827274051344798 -8.982987680814936
      vertex 251.68597053658664 -22.910251856879427 -8.76393202250021
      vertex 248.38473039455232 -23.79481648695872 -9.023734689817337
    endloop
  endfacet
  facet normal -0.25881904510251946 0.9659258262890686 8.906354893918695e-15
    outer loop
      vertex 248.38473039455232 -23.79481648695872 -9.023734689817337
      vertex 251.68597053658664 -22.910251856879427 -8.76393202250021
      vertex 251.80663682843993 -22.877919421423673 -9.2504747416571
    endloop
  endfacet
  facet normal -0.25881904510252735 0.9659258262890664 -1.1871588143900175e-13
    outer loop
      vertex 248.38473039455232 -23.79481648695872 -9.023734689817337
      vertex 251.80663682843993 -22.877919421423673 -9.2504747416571
      vertex 248.49997556269736 -23.763936637222674 -9.079877985953944
    endloop
  endfacet
  facet normal -0.2588190451025207 0.9659258262890684 2.0983753037735567e-14
    outer loop
      vertex 248.49997556269736 -23.763936637222674 -9.079877985953944
      vertex 251.80663682843993 -22.877919421423673 -9.2504747416571
      vertex 248.60751513446283 -23.735121495813726 -9.150532155906305
    endloop
  endfacet
  facet normal -0.2588190451025205 0.9659258262890684 2.5973649242447174e-14
    outer loop
      vertex 248.60751513446283 -23.735121495813726 -9.150532155906305
      vertex 251.80663682843993 -22.877919421423673 -9.2504747416571
      vertex 248.705653146561 -23.708825494725225 -9.234582941207517
    endloop
  endfacet
  facet normal -0.2588190451025205 0.9659258262890682 1.1114782236826005e-14
    outer loop
      vertex 248.705653146561 -23.708825494725225 -9.234582941207517
      vertex 251.80663682843993 -22.877919421423673 -9.2504747416571
      vertex 248.79284190391624 -23.685463337602812 -9.330704810763876
    endloop
  endfacet
  facet normal -0.25881904510251974 0.9659258262890685 -2.27774842055867e-14
    outer loop
      vertex 248.79284190391624 -23.685463337602812 -9.330704810763876
      vertex 251.80663682843993 -22.877919421423673 -9.2504747416571
      vertex 248.86770638774107 -23.66540345962018 -9.437381865272053
    endloop
  endfacet
  facet normal -0.25881904510252274 0.9659258262890678 2.6881491451109687e-14
    outer loop
      vertex 251.80663682843993 -22.877919421423673 -9.2504747416571
      vertex 248.92906594040366 -23.6489622170363 -9.552931743856673
      vertex 248.86770638774107 -23.66540345962018 -9.437381865272053
    endloop
  endfacet
  facet normal -0.25881904510252207 0.965925826289068 -5.133830292047846e-14
    outer loop
      vertex 248.92906594040366 -23.6489622170363 -9.552931743856673
      vertex 251.86744950044925 -22.8616247150692 -9.748837921882744
      vertex 248.97595288510414 -23.63639889806825 -9.675532155906305
    endloop
  endfacet
  facet normal -0.25881904510252096 0.9659258262890683 -3.771554344036266e-15
    outer loop
      vertex 248.97595288510414 -23.63639889806825 -9.675532155906305
      vertex 251.86744950044925 -22.8616247150692 -9.748837921882744
      vertex 249.00762778671563 -23.627911633761116 -9.803249619684989
    endloop
  endfacet
  facet normal -0.2588190451025213 0.9659258262890682 1.6591194151652253e-14
    outer loop
      vertex 249.00762778671563 -23.627911633761116 -9.803249619684989
      vertex 251.86744950044925 -22.8616247150692 -9.748837921882744
      vertex 249.02359111311807 -23.623634273343065 -9.93406995449422
    endloop
  endfacet
  facet normal -0.2588190451025203 0.9659258262890685 0
    outer loop
      vertex 249.02359111311807 -23.623634273343065 -9.93406995449422
      vertex 251.86744950044925 -22.8616247150692 -9.748837921882744
      vertex 249.02359111311807 -23.623634273343065 -10.06593004550578
    endloop
  endfacet
  facet normal -0.25881904510252046 0.9659258262890684 -8.783352305873895e-15
    outer loop
      vertex 244.33677012578664 -24.879464171967758 -11.23606797749979
      vertex 248.01137033118664 -23.89485801442359 -11.05
      vertex 251.68597053658664 -22.910251856879427 -11.23606797749979
    endloop
  endfacet
  facet normal -0.2588190451025215 0.9659258262890681 3.932197913669247e-15
    outer loop
      vertex 249.00762778671563 -23.627911633761116 -10.196750380315011
      vertex 251.80663682843993 -22.877919421423673 -10.7495252583429
      vertex 248.97595288510414 -23.63639889806825 -10.324467844093695
    endloop
  endfacet
  facet normal -0.2588190451025213 0.9659258262890682 -1.6591194151652253e-14
    outer loop
      vertex 249.02359111311807 -23.623634273343065 -10.06593004550578
      vertex 251.86744950044925 -22.8616247150692 -10.251162078117256
      vertex 249.00762778671563 -23.627911633761116 -10.196750380315011
    endloop
  endfacet
  facet normal -0.25881904510251524 0.9659258262890699 4.85644697374926e-14
    outer loop
      vertex 248.97595288510414 -23.63639889806825 -10.324467844093695
      vertex 251.80663682843993 -22.877919421423673 -10.7495252583429
      vertex 248.92906594040366 -23.6489622170363 -10.447068256143327
    endloop
  endfacet
  facet normal -0.25881904510252274 0.9659258262890678 -2.714877900815197e-14
    outer loop
      vertex 248.86770638774107 -23.66540345962018 -10.562618134727947
      vertex 248.92906594040366 -23.6489622170363 -10.447068256143327
      vertex 251.80663682843993 -22.877919421423673 -10.7495252583429
    endloop
  endfacet
  facet normal -0.25881904510251974 0.9659258262890685 2.2797949150964587e-14
    outer loop
      vertex 248.86770638774107 -23.66540345962018 -10.562618134727947
      vertex 251.80663682843993 -22.877919421423673 -10.7495252583429
      vertex 248.79284190391624 -23.685463337602812 -10.669295189236124
    endloop
  endfacet
  facet normal -0.258819045102514 0.9659258262890701 9.984843140275719e-14
    outer loop
      vertex 248.1384860687383 -23.860797455201332 -11.041720436380201
      vertex 248.26359711517355 -23.827274051344798 -11.017012319185064
      vertex 251.68597053658664 -22.910251856879427 -11.23606797749979
    endloop
  endfacet
  facet normal -0.25881904510253145 0.9659258262890653 -2.4243553306384913e-13
    outer loop
      vertex 248.01137033118664 -23.89485801442359 -11.05
      vertex 248.1384860687383 -23.860797455201332 -11.041720436380201
      vertex 251.68597053658664 -22.910251856879427 -11.23606797749979
    endloop
  endfacet
  facet normal -0.25881904510252474 0.9659258262890672 -8.043606660764739e-14
    outer loop
      vertex 248.26359711517355 -23.827274051344798 -11.017012319185064
      vertex 248.38473039455232 -23.79481648695872 -10.976265310182663
      vertex 251.68597053658664 -22.910251856879427 -11.23606797749979
    endloop
  endfacet
  facet normal -0.25881904510252224 0.965925826289068 -1.84713003576767e-14
    outer loop
      vertex 248.49997556269736 -23.763936637222674 -10.920122014046056
      vertex 248.60751513446283 -23.735121495813726 -10.849467844093695
      vertex 251.68597053658664 -22.910251856879427 -11.23606797749979
    endloop
  endfacet
  facet normal -0.25881904510251247 0.9659258262890704 8.598980102406936e-14
    outer loop
      vertex 248.49997556269736 -23.763936637222674 -10.920122014046056
      vertex 251.68597053658664 -22.910251856879427 -11.23606797749979
      vertex 248.38473039455232 -23.79481648695872 -10.976265310182663
    endloop
  endfacet
  facet normal -0.2588190451025209 0.9659258262890682 -1.080549115952355e-14
    outer loop
      vertex 248.705653146561 -23.708825494725225 -10.765417058792483
      vertex 248.79284190391624 -23.685463337602812 -10.669295189236124
      vertex 251.68597053658664 -22.910251856879427 -11.23606797749979
    endloop
  endfacet
  facet normal -0.2588190451025227 0.9659258262890678 -2.3223569389141117e-14
    outer loop
      vertex 248.705653146561 -23.708825494725225 -10.765417058792483
      vertex 251.68597053658664 -22.910251856879427 -11.23606797749979
      vertex 248.60751513446283 -23.735121495813726 -10.849467844093695
    endloop
  endfacet
  facet normal -0.2588190451025193 0.9659258262890686 -7.323255733985945e-15
    outer loop
      vertex 251.80663682843993 -22.877919421423673 -9.2504747416571
      vertex 251.86744950044925 -22.8616247150692 -9.748837921882744
      vertex 248.92906594040366 -23.6489622170363 -9.552931743856673
    endloop
  endfacet
  facet normal -0.2588190451025203 0.9659258262890684 0
    outer loop
      vertex 249.02359111311807 -23.623634273343065 -10.06593004550578
      vertex 251.86744950044925 -22.8616247150692 -9.748837921882744
      vertex 251.86744950044925 -22.8616247150692 -10.251162078117256
    endloop
  endfacet
  facet normal -0.25881904510252085 0.9659258262890683 7.5069232897322e-15
    outer loop
      vertex 249.00762778671563 -23.627911633761116 -10.196750380315011
      vertex 251.86744950044925 -22.8616247150692 -10.251162078117256
      vertex 251.80663682843993 -22.877919421423673 -10.7495252583429
    endloop
  endfacet
  facet normal -0.2588190451025206 0.9659258262890683 -8.718518732888157e-15
    outer loop
      vertex 248.79284190391624 -23.685463337602812 -10.669295189236124
      vertex 251.80663682843993 -22.877919421423673 -10.7495252583429
      vertex 251.68597053658664 -22.910251856879427 -11.23606797749979
    endloop
  endfacet
  facet normal -0.8980951203957561 -0.2406438622363725 -0.3681245526846776
    outer loop
      vertex 244.33677012578664 -24.879464171967758 -11.23606797749979
      vertex 245.80948228349146 -29.66123304067767 -11.703117166260292
      vertex 245.63086535129924 -29.709093303413102 -11.23606797749979
    endloop
  endfacet
  facet normal -0.8464472540039905 -0.22680485814590862 -0.48175367410173264
    outer loop
      vertex 244.51538705797887 -24.831603909232328 -11.703117166260292
      vertex 246.04323296030137 -29.59859973559623 -12.143307179915986
      vertex 245.80948228349146 -29.66123304067767 -11.703117166260292
    endloop
  endfacet
  facet normal -0.7814504087735265 -0.20938900595583973 -0.5877852522924626
    outer loop
      vertex 244.74913773478875 -24.768970604150887 -12.143307179915986
      vertex 246.32843099391974 -29.52218115280524 -12.549695958994759
      vertex 246.04323296030137 -29.59859973559623 -12.143307179915986
    endloop
  endfacet
  facet normal -0.8980951203957569 -0.24064386223637282 -0.368124552684676
    outer loop
      vertex 244.33677012578664 -24.879464171967758 -11.23606797749979
      vertex 244.51538705797887 -24.831603909232328 -11.703117166260292
      vertex 245.80948228349146 -29.66123304067767 -11.703117166260292
    endloop
  endfacet
  facet normal -0.8464472540040106 -0.22680485814591886 -0.4817536741016923
    outer loop
      vertex 244.51538705797887 -24.831603909232328 -11.703117166260292
      vertex 244.74913773478875 -24.768970604150887 -12.143307179915986
      vertex 246.04323296030137 -29.59859973559623 -12.143307179915986
    endloop
  endfacet
  facet normal -0.7041296237808251 -0.1886709640589007 -0.6845471059286997
    outer loop
      vertex 245.03433576840715 -24.692552021359898 -12.549695958994759
      vertex 246.6605786409874 -29.433182459005565 -12.915874509685647
      vertex 246.32843099391974 -29.52218115280524 -12.549695958994759
    endloop
  endfacet
  facet normal -0.7814504087735032 -0.20938900595582907 -0.5877852522924971
    outer loop
      vertex 244.74913773478875 -24.768970604150887 -12.143307179915986
      vertex 245.03433576840715 -24.692552021359898 -12.549695958994759
      vertex 246.32843099391974 -29.52218115280524 -12.549695958994759
    endloop
  endfacet
  facet normal -0.7041296237808498 -0.18867096405891126 -0.6845471059286717
    outer loop
      vertex 245.03433576840715 -24.692552021359898 -12.549695958994759
      vertex 245.3664834154748 -24.60355332756022 -12.915874509685647
      vertex 246.6605786409874 -29.433182459005565 -12.915874509685647
    endloop
  endfacet
  facet normal -0.6157042939944746 -0.16497746835219604 -0.7705132427757915
    outer loop
      vertex 245.3664834154748 -24.60355332756022 -12.915874509685647
      vertex 245.74034250918208 -24.50337808531832 -13.23606797749979
      vertex 246.6605786409874 -29.433182459005565 -12.915874509685647
    endloop
  endfacet
  facet normal -0.6157042939945006 -0.16497746835219954 -0.77051324277577
    outer loop
      vertex 245.74034250918208 -24.50337808531832 -13.23606797749979
      vertex 247.03443773469468 -29.33300721676366 -13.23606797749979
      vertex 246.6605786409874 -29.433182459005565 -12.915874509685647
    endloop
  endfacet
  facet normal -0.5175689396879017 -0.1386821794168045 -0.844327925502021
    outer loop
      vertex 246.15001706828866 -24.39360611804614 -13.505226720175454
      vertex 247.44411229380125 -29.22323524949148 -13.505226720175454
      vertex 247.03443773469468 -29.33300721676366 -13.23606797749979
    endloop
  endfacet
  facet normal -0.5175689396879015 -0.13868217941680444 -0.8443279255020211
    outer loop
      vertex 245.74034250918208 -24.50337808531832 -13.23606797749979
      vertex 246.15001706828866 -24.39360611804614 -13.505226720175454
      vertex 247.03443773469468 -29.33300721676366 -13.23606797749979
    endloop
  endfacet
  facet normal -0.4112712140217588 -0.11019978966729907 -0.9048270524660234
    outer loop
      vertex 246.58904628026966 -24.275968595242155 -13.719105943553005
      vertex 247.88314150578228 -29.1055977266875 -13.719105943553005
      vertex 247.44411229380125 -29.22323524949148 -13.505226720175454
    endloop
  endfacet
  facet normal -0.29848749562898996 -0.07997948340457542 -0.9510565162951521
    outer loop
      vertex 247.05050639218885 -24.152320730914237 -13.874332644514524
      vertex 248.34460161770144 -28.981949862359578 -13.874332644514524
      vertex 247.88314150578228 -29.1055977266875 -13.719105943553005
    endloop
  endfacet
  facet normal -0.1809964511223476 -0.04849785291113286 -0.9822872507286888
    outer loop
      vertex 247.5271199024183 -24.02461252574649 -13.968458805257912
      vertex 248.8212151279309 -28.85424165719183 -13.968458805257912
      vertex 248.34460161770144 -28.981949862359578 -13.874332644514524
    endloop
  endfacet
  facet normal -0.06065098445947141 -0.01625138230606778 -0.9980267284282716
    outer loop
      vertex 248.01137033118664 -23.89485801442359 -14
      vertex 249.30546555669923 -28.724487145868935 -14
      vertex 248.8212151279309 -28.85424165719183 -13.968458805257912
    endloop
  endfacet
  facet normal -0.41127121402177896 -0.11019978966730214 -0.9048270524660137
    outer loop
      vertex 246.15001706828866 -24.39360611804614 -13.505226720175454
      vertex 246.58904628026966 -24.275968595242155 -13.719105943553005
      vertex 247.44411229380125 -29.22323524949148 -13.505226720175454
    endloop
  endfacet
  facet normal -0.2984874956289746 -0.07997948340457299 -0.9510565162951572
    outer loop
      vertex 246.58904628026966 -24.275968595242155 -13.719105943553005
      vertex 247.05050639218885 -24.152320730914237 -13.874332644514524
      vertex 247.88314150578228 -29.1055977266875 -13.719105943553005
    endloop
  endfacet
  facet normal -0.1809964511223576 -0.04849785291113447 -0.9822872507286867
    outer loop
      vertex 247.05050639218885 -24.152320730914237 -13.874332644514524
      vertex 247.5271199024183 -24.02461252574649 -13.968458805257912
      vertex 248.34460161770144 -28.981949862359578 -13.874332644514524
    endloop
  endfacet
  facet normal -0.06065098445946791 -0.01625138230606721 -0.9980267284282718
    outer loop
      vertex 247.5271199024183 -24.02461252574649 -13.968458805257912
      vertex 248.01137033118664 -23.89485801442359 -14
      vertex 248.8212151279309 -28.85424165719183 -13.968458805257912
    endloop
  endfacet
  facet normal 0.517568939687901 0.13868217941680733 -0.8443279255020211
    outer loop
      vertex 250.28239815319117 -23.286337943528864 -13.23606797749979
      vertex 251.5764933787038 -28.115967074974204 -13.23606797749979
      vertex 251.1668188195972 -28.225739042246385 -13.505226720175454
    endloop
  endfacet
  facet normal 0.5175689396879255 0.13868217941681088 -0.8443279255020053
    outer loop
      vertex 249.87272359408462 -23.396109910801044 -13.505226720175454
      vertex 250.28239815319117 -23.286337943528864 -13.23606797749979
      vertex 251.1668188195972 -28.225739042246385 -13.505226720175454
    endloop
  endfacet
  facet normal 0.8464472540039905 0.22680485814590862 -0.48175367410173264
    outer loop
      vertex 251.2736029275845 -23.020745424696297 -12.143307179915984
      vertex 252.801448829907 -27.7877412510602 -11.70311716626029
      vertex 252.5676981530971 -27.850374556141638 -12.143307179915984
    endloop
  endfacet
  facet normal 0.8980951203957557 0.24064386223637257 -0.3681245526846787
    outer loop
      vertex 251.5073536043944 -22.95811211961486 -11.70311716626029
      vertex 252.98006576209923 -27.739880988324767 -11.23606797749979
      vertex 252.801448829907 -27.7877412510602 -11.70311716626029
    endloop
  endfacet
  facet normal 0.7814504087735307 0.20938900595583643 -0.5877852522924579
    outer loop
      vertex 250.98840489396613 -23.097164007487287 -12.54969595899476
      vertex 251.2736029275845 -23.020745424696297 -12.143307179915984
      vertex 252.5676981530971 -27.850374556141638 -12.143307179915984
    endloop
  endfacet
  facet normal 0.8980951203957557 0.24064386223637257 -0.3681245526846788
    outer loop
      vertex 251.68597053658664 -22.910251856879427 -11.23606797749979
      vertex 252.98006576209923 -27.739880988324767 -11.23606797749979
      vertex 251.5073536043944 -22.95811211961486 -11.70311716626029
    endloop
  endfacet
  facet normal 0.8464472540039902 0.22680485814590856 -0.48175367410173286
    outer loop
      vertex 251.5073536043944 -22.95811211961486 -11.70311716626029
      vertex 252.801448829907 -27.7877412510602 -11.70311716626029
      vertex 251.2736029275845 -23.020745424696297 -12.143307179915984
    endloop
  endfacet
  facet normal 0.7041296237808228 0.18867096405890005 -0.6845471059287025
    outer loop
      vertex 250.65625724689846 -23.186162701286964 -12.915874509685647
      vertex 252.28250011947873 -27.926793138932627 -12.54969595899476
      vertex 251.95035247241105 -28.015791832732305 -12.915874509685647
    endloop
  endfacet
  facet normal 0.7814504087735304 0.20938900595583634 -0.5877852522924581
    outer loop
      vertex 250.98840489396613 -23.097164007487287 -12.54969595899476
      vertex 252.5676981530971 -27.850374556141638 -12.143307179915984
      vertex 252.28250011947873 -27.926793138932627 -12.54969595899476
    endloop
  endfacet
  facet normal 0.6157042939945014 0.16497746835219976 -0.7705132427757693
    outer loop
      vertex 250.65625724689846 -23.186162701286964 -12.915874509685647
      vertex 251.95035247241105 -28.015791832732305 -12.915874509685647
      vertex 251.5764933787038 -28.115967074974204 -13.23606797749979
    endloop
  endfacet
  facet normal 0.7041296237808228 0.18867096405890005 -0.6845471059287026
    outer loop
      vertex 250.98840489396613 -23.097164007487287 -12.54969595899476
      vertex 252.28250011947873 -27.926793138932627 -12.54969595899476
      vertex 250.65625724689846 -23.186162701286964 -12.915874509685647
    endloop
  endfacet
  facet normal 0.6157042939944746 0.16497746835219615 -0.7705132427757915
    outer loop
      vertex 250.65625724689846 -23.186162701286964 -12.915874509685647
      vertex 251.5764933787038 -28.115967074974204 -13.23606797749979
      vertex 250.28239815319117 -23.286337943528864 -13.23606797749979
    endloop
  endfacet
  facet normal 0.18099645112234758 0.04849785291113178 -0.9822872507286888
    outer loop
      vertex 248.97223427018443 -23.637395297932947 -13.874332644514524
      vertex 250.26632949569702 -28.467024429378288 -13.874332644514524
      vertex 249.78971598546755 -28.594732634546038 -13.968458805257912
    endloop
  endfacet
  facet normal 0.06065098445947143 0.016251382306067798 -0.9980267284282716
    outer loop
      vertex 248.49562075995496 -23.765103503100697 -13.968458805257912
      vertex 249.78971598546755 -28.594732634546038 -13.968458805257912
      vertex 249.30546555669923 -28.724487145868935 -14
    endloop
  endfacet
  facet normal 0.2984874956289906 0.07997948340457552 -0.9510565162951519
    outer loop
      vertex 249.4336943821036 -23.513747433605026 -13.719105943553005
      vertex 250.7277896076162 -28.34337656505037 -13.719105943553005
      vertex 250.26632949569702 -28.467024429378288 -13.874332644514524
    endloop
  endfacet
  facet normal 0.4112712140217587 0.1101997896672967 -0.9048270524660237
    outer loop
      vertex 249.87272359408462 -23.396109910801044 -13.505226720175454
      vertex 251.1668188195972 -28.225739042246385 -13.505226720175454
      vertex 250.7277896076162 -28.34337656505037 -13.719105943553005
    endloop
  endfacet
  facet normal 0.18099645112234755 0.048497852911131775 -0.9822872507286888
    outer loop
      vertex 248.49562075995496 -23.765103503100697 -13.968458805257912
      vertex 248.97223427018443 -23.637395297932947 -13.874332644514524
      vertex 249.78971598546755 -28.594732634546038 -13.968458805257912
    endloop
  endfacet
  facet normal 0.060650984459471535 0.016251382306067815 -0.9980267284282716
    outer loop
      vertex 248.01137033118664 -23.89485801442359 -14
      vertex 248.49562075995496 -23.765103503100697 -13.968458805257912
      vertex 249.30546555669923 -28.724487145868935 -14
    endloop
  endfacet
  facet normal 0.41127121402175937 0.11019978966729681 -0.9048270524660235
    outer loop
      vertex 249.87272359408462 -23.396109910801044 -13.505226720175454
      vertex 250.7277896076162 -28.34337656505037 -13.719105943553005
      vertex 249.4336943821036 -23.513747433605026 -13.719105943553005
    endloop
  endfacet
  facet normal 0.29848749562899 0.07997948340457543 -0.9510565162951521
    outer loop
      vertex 248.97223427018443 -23.637395297932947 -13.874332644514524
      vertex 249.4336943821036 -23.513747433605026 -13.719105943553005
      vertex 250.26632949569702 -28.467024429378288 -13.874332644514524
    endloop
  endfacet
  facet normal -0.2588190451025205 0.9659258262890684 -4.104895042042142e-15
    outer loop
      vertex 244.33677012578664 -24.879464171967758 -11.23606797749979
      vertex 251.5073536043944 -22.95811211961486 -11.70311716626029
      vertex 244.51538705797887 -24.831603909232328 -11.703117166260292
    endloop
  endfacet
  facet normal -0.2588190451025203 0.9659258262890684 1.39463162698972e-14
    outer loop
      vertex 244.51538705797887 -24.831603909232328 -11.703117166260292
      vertex 251.2736029275845 -23.020745424696297 -12.143307179915984
      vertex 244.74913773478875 -24.768970604150887 -12.143307179915986
    endloop
  endfacet
  facet normal -0.25881904510252074 0.9659258262890683 -1.2609001553210821e-14
    outer loop
      vertex 244.74913773478875 -24.768970604150887 -12.143307179915986
      vertex 250.98840489396613 -23.097164007487287 -12.54969595899476
      vertex 245.03433576840715 -24.692552021359898 -12.549695958994759
    endloop
  endfacet
  facet normal -0.25881904510252035 0.9659258262890684 1.3342617782087708e-14
    outer loop
      vertex 245.03433576840715 -24.692552021359898 -12.549695958994759
      vertex 250.65625724689846 -23.186162701286964 -12.915874509685647
      vertex 245.3664834154748 -24.60355332756022 -12.915874509685647
    endloop
  endfacet
  facet normal -0.2588190451025209 0.9659258262890682 -5.493452359035823e-15
    outer loop
      vertex 245.3664834154748 -24.60355332756022 -12.915874509685647
      vertex 250.28239815319117 -23.286337943528864 -13.23606797749979
      vertex 245.74034250918208 -24.50337808531832 -13.23606797749979
    endloop
  endfacet
  facet normal -0.25881904510252046 0.9659258262890685 -9.043643317164951e-15
    outer loop
      vertex 245.74034250918208 -24.50337808531832 -13.23606797749979
      vertex 249.87272359408462 -23.396109910801044 -13.505226720175454
      vertex 246.15001706828866 -24.39360611804614 -13.505226720175454
    endloop
  endfacet
  facet normal -0.2588190451025203 0.9659258262890685 2.6439188367457844e-14
    outer loop
      vertex 246.15001706828866 -24.39360611804614 -13.505226720175454
      vertex 249.4336943821036 -23.513747433605026 -13.719105943553005
      vertex 246.58904628026966 -24.275968595242155 -13.719105943553005
    endloop
  endfacet
  facet normal -0.2588190451025204 0.9659258262890685 -3.576998604922844e-14
    outer loop
      vertex 246.58904628026966 -24.275968595242155 -13.719105943553005
      vertex 248.97223427018443 -23.637395297932947 -13.874332644514524
      vertex 247.05050639218885 -24.152320730914237 -13.874332644514524
    endloop
  endfacet
  facet normal -0.25881904510251524 0.9659258262890698 7.734627637444268e-14
    outer loop
      vertex 247.05050639218885 -24.152320730914237 -13.874332644514524
      vertex 248.49562075995496 -23.765103503100697 -13.968458805257912
      vertex 247.5271199024183 -24.02461252574649 -13.968458805257912
    endloop
  endfacet
  facet normal -0.2588190451025203 0.9659258262890684 -5.824114083909514e-15
    outer loop
      vertex 244.74913773478875 -24.768970604150887 -12.143307179915986
      vertex 251.2736029275845 -23.020745424696297 -12.143307179915984
      vertex 250.98840489396613 -23.097164007487287 -12.54969595899476
    endloop
  endfacet
  facet normal -0.25881904510252046 0.9659258262890683 -2.9993180991602595e-15
    outer loop
      vertex 244.33677012578664 -24.879464171967758 -11.23606797749979
      vertex 251.68597053658664 -22.910251856879427 -11.23606797749979
      vertex 251.5073536043944 -22.95811211961486 -11.70311716626029
    endloop
  endfacet
  facet normal -0.2588190451025205 0.9659258262890684 1.0592246135834213e-14
    outer loop
      vertex 244.51538705797887 -24.831603909232328 -11.703117166260292
      vertex 251.5073536043944 -22.95811211961486 -11.70311716626029
      vertex 251.2736029275845 -23.020745424696297 -12.143307179915984
    endloop
  endfacet
  facet normal -0.2588190451025207 0.9659258262890682 7.082877426900537e-15
    outer loop
      vertex 245.03433576840715 -24.692552021359898 -12.549695958994759
      vertex 250.98840489396613 -23.097164007487287 -12.54969595899476
      vertex 250.65625724689846 -23.186162701286964 -12.915874509685647
    endloop
  endfacet
  facet normal -0.25881904510252035 0.9659258262890684 4.558657171107546e-15
    outer loop
      vertex 245.3664834154748 -24.60355332756022 -12.915874509685647
      vertex 250.65625724689846 -23.186162701286964 -12.915874509685647
      vertex 250.28239815319117 -23.286337943528864 -13.23606797749979
    endloop
  endfacet
  facet normal -0.25881904510252096 0.9659258262890682 -1.7543775542272685e-14
    outer loop
      vertex 245.74034250918208 -24.50337808531832 -13.23606797749979
      vertex 250.28239815319117 -23.286337943528864 -13.23606797749979
      vertex 249.87272359408462 -23.396109910801044 -13.505226720175454
    endloop
  endfacet
  facet normal -0.25881904510252046 0.9659258262890684 2.4243711874366937e-14
    outer loop
      vertex 246.15001706828866 -24.39360611804614 -13.505226720175454
      vertex 249.87272359408462 -23.396109910801044 -13.505226720175454
      vertex 249.4336943821036 -23.513747433605026 -13.719105943553005
    endloop
  endfacet
  facet normal -0.2588190451025204 0.9659258262890684 -7.114313823994759e-15
    outer loop
      vertex 247.05050639218885 -24.152320730914237 -13.874332644514524
      vertex 248.97223427018443 -23.637395297932947 -13.874332644514524
      vertex 248.49562075995496 -23.765103503100697 -13.968458805257912
    endloop
  endfacet
  facet normal -0.25881904510252035 0.9659258262890685 -3.4000638015805976e-14
    outer loop
      vertex 246.58904628026966 -24.275968595242155 -13.719105943553005
      vertex 249.4336943821036 -23.513747433605026 -13.719105943553005
      vertex 248.97223427018443 -23.637395297932947 -13.874332644514524
    endloop
  endfacet
  facet normal -0.25881904510251524 0.9659258262890698 -7.898750149294119e-15
    outer loop
      vertex 247.5271199024183 -24.02461252574649 -13.968458805257912
      vertex 248.49562075995496 -23.765103503100697 -13.968458805257912
      vertex 248.01137033118664 -23.89485801442359 -14
    endloop
  endfacet
  facet normal -0.5175689396879022 -0.13868217941680464 0.8443279255020207
    outer loop
      vertex 265.05885903496346 -19.326997183267906 -6.76393202250021
      vertex 266.35295426047605 -24.156626314713247 -6.76393202250021
      vertex 266.76262881958263 -24.04685434744107 -6.494773279824546
    endloop
  endfacet
  facet normal -0.29848749562899096 -0.07997948340457568 0.9510565162951518
    outer loop
      vertex 265.90756280605103 -19.09958769319174 -6.280894056446995
      vertex 267.2016580315636 -23.92921682463708 -6.280894056446995
      vertex 267.6631181434828 -23.805568960309166 -6.125667355485476
    endloop
  endfacet
  facet normal -0.18099645112234755 -0.04849785291113174 0.9822872507286886
    outer loop
      vertex 266.3690229179702 -18.975939828863822 -6.125667355485476
      vertex 267.6631181434828 -23.805568960309166 -6.125667355485476
      vertex 268.13973165371226 -23.677860755141417 -6.031541194742088
    endloop
  endfacet
  facet normal -0.41127121402177835 -0.1101997896673019 0.9048270524660141
    outer loop
      vertex 265.46853359407004 -19.217225215995725 -6.494773279824546
      vertex 266.76262881958263 -24.04685434744107 -6.494773279824546
      vertex 267.2016580315636 -23.92921682463708 -6.280894056446995
    endloop
  endfacet
  facet normal -0.5175689396879016 -0.13868217941680439 0.8443279255020212
    outer loop
      vertex 265.46853359407004 -19.217225215995725 -6.494773279824546
      vertex 265.05885903496346 -19.326997183267906 -6.76393202250021
      vertex 266.76262881958263 -24.04685434744107 -6.494773279824546
    endloop
  endfacet
  facet normal -0.2984874956289906 -0.07997948340457552 0.9510565162951519
    outer loop
      vertex 266.3690229179702 -18.975939828863822 -6.125667355485476
      vertex 265.90756280605103 -19.09958769319174 -6.280894056446995
      vertex 267.6631181434828 -23.805568960309166 -6.125667355485476
    endloop
  endfacet
  facet normal -0.18099645112234758 -0.04849785291113175 0.9822872507286888
    outer loop
      vertex 266.3690229179702 -18.975939828863822 -6.125667355485476
      vertex 268.13973165371226 -23.677860755141417 -6.031541194742088
      vertex 266.84563642819967 -18.848231623696073 -6.031541194742088
    endloop
  endfacet
  facet normal -0.41127121402177896 -0.11019978966730214 0.9048270524660137
    outer loop
      vertex 265.90756280605103 -19.09958769319174 -6.280894056446995
      vertex 265.46853359407004 -19.217225215995725 -6.494773279824546
      vertex 267.2016580315636 -23.92921682463708 -6.280894056446995
    endloop
  endfacet
  facet normal -0.06065098445946811 -0.016251382306066896 0.9980267284282718
    outer loop
      vertex 266.84563642819967 -18.848231623696073 -6.031541194742088
      vertex 268.13973165371226 -23.677860755141417 -6.031541194742088
      vertex 268.6239820824806 -23.54810624381852 -6
    endloop
  endfacet
  facet normal 0.06065098445947472 0.016251382306068683 0.9980267284282714
    outer loop
      vertex 267.329886856968 -18.71847711237318 -6
      vertex 268.6239820824806 -23.54810624381852 -6
      vertex 269.1082325112489 -23.418351732495623 -6.031541194742088
    endloop
  endfacet
  facet normal 0.18099645112234755 0.04849785291113174 0.9822872507286886
    outer loop
      vertex 267.8141372857363 -18.58872260105028 -6.031541194742088
      vertex 269.1082325112489 -23.418351732495623 -6.031541194742088
      vertex 269.58484602147837 -23.290643527327873 -6.125667355485476
    endloop
  endfacet
  facet normal 0.29848749562895954 0.07997948340456727 0.9510565162951624
    outer loop
      vertex 268.2907507959658 -18.461014395882533 -6.125667355485476
      vertex 269.58484602147837 -23.290643527327873 -6.125667355485476
      vertex 270.0463061333976 -23.166995662999955 -6.280894056446995
    endloop
  endfacet
  facet normal 0.4112712140217778 0.11019978966730666 0.9048270524660138
    outer loop
      vertex 268.75221090788494 -18.337366531554615 -6.280894056446995
      vertex 270.0463061333976 -23.166995662999955 -6.280894056446995
      vertex 270.4853353453786 -23.04935814019597 -6.494773279824546
    endloop
  endfacet
  facet normal -0.060650984459468225 -0.016251382306066937 0.9980267284282718
    outer loop
      vertex 266.84563642819967 -18.848231623696073 -6.031541194742088
      vertex 268.6239820824806 -23.54810624381852 -6
      vertex 267.329886856968 -18.71847711237318 -6
    endloop
  endfacet
  facet normal 0.06065098445947464 0.016251382306068648 0.9980267284282714
    outer loop
      vertex 267.329886856968 -18.71847711237318 -6
      vertex 269.1082325112489 -23.418351732495623 -6.031541194742088
      vertex 267.8141372857363 -18.58872260105028 -6.031541194742088
    endloop
  endfacet
  facet normal 0.18099645112234788 0.048497852911131865 0.9822872507286887
    outer loop
      vertex 267.8141372857363 -18.58872260105028 -6.031541194742088
      vertex 269.58484602147837 -23.290643527327873 -6.125667355485476
      vertex 268.2907507959658 -18.461014395882533 -6.125667355485476
    endloop
  endfacet
  facet normal 0.29848749562898963 0.07997948340457886 0.951056516295152
    outer loop
      vertex 268.2907507959658 -18.461014395882533 -6.125667355485476
      vertex 270.0463061333976 -23.166995662999955 -6.280894056446995
      vertex 268.75221090788494 -18.337366531554615 -6.280894056446995
    endloop
  endfacet
  facet normal 0.41127121402173833 0.11019978966729124 0.9048270524660336
    outer loop
      vertex 268.75221090788494 -18.337366531554615 -6.280894056446995
      vertex 270.4853353453786 -23.04935814019597 -6.494773279824546
      vertex 269.191240119866 -18.21972900875063 -6.494773279824546
    endloop
  endfacet
  facet normal 0.5175689396879015 0.13868217941680444 0.8443279255020213
    outer loop
      vertex 269.191240119866 -18.21972900875063 -6.494773279824546
      vertex 270.4853353453786 -23.04935814019597 -6.494773279824546
      vertex 270.89500990448516 -22.93958617292379 -6.76393202250021
    endloop
  endfacet
  facet normal 0.5175689396879479 0.13868217941682295 0.8443279255019898
    outer loop
      vertex 269.191240119866 -18.21972900875063 -6.494773279824546
      vertex 270.89500990448516 -22.93958617292379 -6.76393202250021
      vertex 269.6009146789725 -18.10995704147845 -6.76393202250021
    endloop
  endfacet
  facet normal -0.7814504087735286 -0.20938900595583573 0.5877852522924609
    outer loop
      vertex 264.3528522941885 -19.516171119309483 -7.450304041005241
      vertex 265.3617494860827 -24.422218833545813 -7.856692820084013
      vertex 265.6469475197011 -24.345800250754827 -7.450304041005241
    endloop
  endfacet
  facet normal -0.7814504087735278 -0.20938900595583565 0.5877852522924623
    outer loop
      vertex 264.3528522941885 -19.516171119309483 -7.450304041005241
      vertex 264.0676542605701 -19.592589702100472 -7.856692820084013
      vertex 265.3617494860827 -24.422218833545813 -7.856692820084013
    endloop
  endfacet
  facet normal -0.8980951203957742 -0.24064386223637732 0.3681245526846302
    outer loop
      vertex 263.8339035837602 -19.65522300718191 -8.296882833739708
      vertex 264.9493818770806 -24.532712401362687 -8.76393202250021
      vertex 265.1279988092728 -24.484852138627254 -8.296882833739708
    endloop
  endfacet
  facet normal -0.8464472540039899 -0.2268048581459085 0.48175367410173353
    outer loop
      vertex 264.0676542605701 -19.592589702100472 -7.856692820084013
      vertex 265.1279988092728 -24.484852138627254 -8.296882833739708
      vertex 265.3617494860827 -24.422218833545813 -7.856692820084013
    endloop
  endfacet
  facet normal -0.9355794902428565 -0.25068776886569244 0.24868988716483467
    outer loop
      vertex 263.655286651568 -19.703083269917343 -8.76393202250021
      vertex 264.8287155852273 -24.565044836818437 -9.250474741657102
      vertex 264.9493818770806 -24.532712401362687 -8.76393202250021
    endloop
  endfacet
  facet normal -0.8464472540039908 -0.22680485814590856 0.4817536741017321
    outer loop
      vertex 264.0676542605701 -19.592589702100472 -7.856692820084013
      vertex 263.8339035837602 -19.65522300718191 -8.296882833739708
      vertex 265.1279988092728 -24.484852138627254 -8.296882833739708
    endloop
  endfacet
  facet normal -0.8980951203957742 -0.24064386223637732 0.3681245526846303
    outer loop
      vertex 263.8339035837602 -19.65522300718191 -8.296882833739708
      vertex 263.655286651568 -19.703083269917343 -8.76393202250021
      vertex 264.9493818770806 -24.532712401362687 -8.76393202250021
    endloop
  endfacet
  facet normal -0.6157042939944994 -0.1649774683522065 0.7705132427757694
    outer loop
      vertex 264.68499994125614 -19.427172425509806 -7.084125490314353
      vertex 265.9790951667688 -24.256801556955146 -7.084125490314353
      vertex 266.35295426047605 -24.156626314713247 -6.76393202250021
    endloop
  endfacet
  facet normal -0.7041296237807949 -0.18867096405890085 0.6845471059287308
    outer loop
      vertex 264.68499994125614 -19.427172425509806 -7.084125490314353
      vertex 265.6469475197011 -24.345800250754827 -7.450304041005241
      vertex 265.9790951667688 -24.256801556955146 -7.084125490314353
    endloop
  endfacet
  facet normal -0.6157042939944495 -0.16497746835218588 0.7705132427758138
    outer loop
      vertex 264.68499994125614 -19.427172425509806 -7.084125490314353
      vertex 266.35295426047605 -24.156626314713247 -6.76393202250021
      vertex 265.05885903496346 -19.326997183267906 -6.76393202250021
    endloop
  endfacet
  facet normal -0.7041296237808506 -0.1886709640589074 0.6845471059286717
    outer loop
      vertex 264.68499994125614 -19.427172425509806 -7.084125490314353
      vertex 264.3528522941885 -19.516171119309483 -7.450304041005241
      vertex 265.6469475197011 -24.345800250754827 -7.450304041005241
    endloop
  endfacet
  facet normal -0.958309212640715 -0.25677817962639365 0.1253332335643202
    outer loop
      vertex 263.53462035971467 -19.735415705373097 -9.250474741657102
      vertex 264.767902913218 -24.581339543172913 -9.748837921882746
      vertex 264.8287155852273 -24.565044836818437 -9.250474741657102
    endloop
  endfacet
  facet normal -0.9659258262890689 -0.25881904510251863 0
    outer loop
      vertex 263.4738076877054 -19.751710411727572 -9.748837921882746
      vertex 264.767902913218 -24.581339543172913 -10.251162078117254
      vertex 264.767902913218 -24.581339543172913 -9.748837921882746
    endloop
  endfacet
  facet normal -0.9355794902428277 -0.25068776886569594 0.2486898871649388
    outer loop
      vertex 263.53462035971467 -19.735415705373097 -9.250474741657102
      vertex 264.8287155852273 -24.565044836818437 -9.250474741657102
      vertex 263.655286651568 -19.703083269917343 -8.76393202250021
    endloop
  endfacet
  facet normal -0.958309212640731 -0.2567781796263866 0.1253332335642126
    outer loop
      vertex 263.53462035971467 -19.735415705373097 -9.250474741657102
      vertex 263.4738076877054 -19.751710411727572 -9.748837921882746
      vertex 264.767902913218 -24.581339543172913 -9.748837921882746
    endloop
  endfacet
  facet normal -0.9659258262890689 -0.25881904510251863 0
    outer loop
      vertex 263.4738076877054 -19.751710411727572 -9.748837921882746
      vertex 263.4738076877054 -19.751710411727572 -10.251162078117254
      vertex 264.767902913218 -24.581339543172913 -10.251162078117254
    endloop
  endfacet
  facet normal -0.9583092126407178 -0.2567781796263831 -0.1253332335643202
    outer loop
      vertex 263.4738076877054 -19.751710411727572 -10.251162078117254
      vertex 264.8287155852273 -24.565044836818437 -10.749525258342898
      vertex 264.767902913218 -24.581339543172913 -10.251162078117254
    endloop
  endfacet
  facet normal -0.9355794902428536 -0.2506877688657029 -0.24868988716483445
    outer loop
      vertex 263.53462035971467 -19.735415705373097 -10.749525258342898
      vertex 264.9493818770806 -24.532712401362687 -11.23606797749979
      vertex 264.8287155852273 -24.565044836818437 -10.749525258342898
    endloop
  endfacet
  facet normal -0.9583092126407281 -0.25677817962639715 -0.1253332335642126
    outer loop
      vertex 263.4738076877054 -19.751710411727572 -10.251162078117254
      vertex 263.53462035971467 -19.735415705373097 -10.749525258342898
      vertex 264.8287155852273 -24.565044836818437 -10.749525258342898
    endloop
  endfacet
  facet normal -0.9355794902428306 -0.2506877688656855 -0.24868988716493884
    outer loop
      vertex 263.53462035971467 -19.735415705373097 -10.749525258342898
      vertex 263.655286651568 -19.703083269917343 -11.23606797749979
      vertex 264.9493818770806 -24.532712401362687 -11.23606797749979
    endloop
  endfacet
  facet normal 0.6157042939944994 0.1649774683522065 0.7705132427757694
    outer loop
      vertex 269.6009146789725 -18.10995704147845 -6.76393202250021
      vertex 270.89500990448516 -22.93958617292379 -6.76393202250021
      vertex 271.26886899819243 -22.83941093068189 -7.084125490314353
    endloop
  endfacet
  facet normal 0.7041296237808506 0.18867096405890751 0.6845471059286719
    outer loop
      vertex 270.3069214197475 -17.920783105436872 -7.450304041005241
      vertex 271.26886899819243 -22.83941093068189 -7.084125490314353
      vertex 271.6010166452601 -22.750412236882212 -7.450304041005241
    endloop
  endfacet
  facet normal 0.7814504087735278 0.20938900595583565 0.5877852522924621
    outer loop
      vertex 270.59211945336585 -17.844364522645883 -7.856692820084013
      vertex 271.6010166452601 -22.750412236882212 -7.450304041005241
      vertex 271.88621467887845 -22.673993654091223 -7.856692820084013
    endloop
  endfacet
  facet normal 0.6157042939944495 0.16497746835218588 0.7705132427758138
    outer loop
      vertex 269.6009146789725 -18.10995704147845 -6.76393202250021
      vertex 271.26886899819243 -22.83941093068189 -7.084125490314353
      vertex 269.97477377267984 -18.00978179923655 -7.084125490314353
    endloop
  endfacet
  facet normal 0.7041296237808506 0.18867096405890751 0.6845471059286717
    outer loop
      vertex 269.97477377267984 -18.00978179923655 -7.084125490314353
      vertex 271.26886899819243 -22.83941093068189 -7.084125490314353
      vertex 270.3069214197475 -17.920783105436872 -7.450304041005241
    endloop
  endfacet
  facet normal 0.7814504087735278 0.20938900595583565 0.5877852522924623
    outer loop
      vertex 270.3069214197475 -17.920783105436872 -7.450304041005241
      vertex 271.6010166452601 -22.750412236882212 -7.450304041005241
      vertex 270.59211945336585 -17.844364522645883 -7.856692820084013
    endloop
  endfacet
  facet normal 0.8464472540039916 0.22680485814590878 0.4817536741017305
    outer loop
      vertex 270.82587013017576 -17.78173121756444 -8.29688283373971
      vertex 271.88621467887845 -22.673993654091223 -7.856692820084013
      vertex 272.11996535568835 -22.611360349009786 -8.29688283373971
    endloop
  endfacet
  facet normal 0.8980951203957376 0.24064386223636772 0.3681245526847261
    outer loop
      vertex 271.004487062368 -17.733870954829012 -8.76393202250021
      vertex 272.11996535568835 -22.611360349009786 -8.29688283373971
      vertex 272.2985822878806 -22.563500086274352 -8.76393202250021
    endloop
  endfacet
  facet normal 0.8464472540039908 0.2268048581459087 0.48175367410173203
    outer loop
      vertex 270.59211945336585 -17.844364522645883 -7.856692820084013
      vertex 271.88621467887845 -22.673993654091223 -7.856692820084013
      vertex 270.82587013017576 -17.78173121756444 -8.29688283373971
    endloop
  endfacet
  facet normal 0.8980951203957384 0.24064386223636772 0.36812455268472444
    outer loop
      vertex 270.82587013017576 -17.78173121756444 -8.29688283373971
      vertex 272.11996535568835 -22.611360349009786 -8.29688283373971
      vertex 271.004487062368 -17.733870954829012 -8.76393202250021
    endloop
  endfacet
  facet normal 0.9355794902428557 0.25068776886569244 0.2486898871648371
    outer loop
      vertex 271.004487062368 -17.733870954829012 -8.76393202250021
      vertex 272.2985822878806 -22.563500086274352 -8.76393202250021
      vertex 271.1251533542213 -17.70153851937326 -9.2504747416571
    endloop
  endfacet
  facet normal 0.9355794902428562 0.2506877688656924 0.2486898871648355
    outer loop
      vertex 271.1251533542213 -17.70153851937326 -9.2504747416571
      vertex 272.2985822878806 -22.563500086274352 -8.76393202250021
      vertex 272.4192485797339 -22.531167650818603 -9.2504747416571
    endloop
  endfacet
  facet normal 0.9583092126407178 0.2567781796263831 0.12533323356432052
    outer loop
      vertex 271.18596602623063 -17.685243813018786 -9.748837921882744
      vertex 272.4192485797339 -22.531167650818603 -9.2504747416571
      vertex 272.4800612517432 -22.514872944464127 -9.748837921882744
    endloop
  endfacet
  facet normal 0.9659258262890688 0.25881904510251863 0
    outer loop
      vertex 271.18596602623063 -17.685243813018786 -10.251162078117256
      vertex 272.4800612517432 -22.514872944464127 -9.748837921882744
      vertex 272.4800612517432 -22.514872944464127 -10.251162078117256
    endloop
  endfacet
  facet normal 0.9583092126407181 0.256778179626383 0.1253332335643184
    outer loop
      vertex 271.1251533542213 -17.70153851937326 -9.2504747416571
      vertex 272.4192485797339 -22.531167650818603 -9.2504747416571
      vertex 271.18596602623063 -17.685243813018786 -9.748837921882744
    endloop
  endfacet
  facet normal 0.9659258262890688 0.25881904510251863 0
    outer loop
      vertex 271.18596602623063 -17.685243813018786 -9.748837921882744
      vertex 272.4800612517432 -22.514872944464127 -9.748837921882744
      vertex 271.18596602623063 -17.685243813018786 -10.251162078117256
    endloop
  endfacet
  facet normal 0.9583092126407178 0.2567781796263829 -0.12533323356432044
    outer loop
      vertex 271.1251533542213 -17.70153851937326 -10.7495252583429
      vertex 272.4800612517432 -22.514872944464127 -10.251162078117256
      vertex 272.4192485797339 -22.531167650818603 -10.7495252583429
    endloop
  endfacet
  facet normal 0.9355794902428561 0.25068776886569255 -0.24868988716483534
    outer loop
      vertex 271.004487062368 -17.733870954829012 -11.23606797749979
      vertex 272.4192485797339 -22.531167650818603 -10.7495252583429
      vertex 272.2985822878806 -22.563500086274352 -11.23606797749979
    endloop
  endfacet
  facet normal 0.9583092126407181 0.25677817962638316 -0.1253332335643184
    outer loop
      vertex 271.18596602623063 -17.685243813018786 -10.251162078117256
      vertex 272.4800612517432 -22.514872944464127 -10.251162078117256
      vertex 271.1251533542213 -17.70153851937326 -10.7495252583429
    endloop
  endfacet
  facet normal 0.9355794902428557 0.2506877688656923 -0.2486898871648371
    outer loop
      vertex 271.1251533542213 -17.70153851937326 -10.7495252583429
      vertex 272.4192485797339 -22.531167650818603 -10.7495252583429
      vertex 271.004487062368 -17.733870954829012 -11.23606797749979
    endloop
  endfacet
  facet normal -0.25881904510252246 0.9659258262890679 1.2324502318446635e-14
    outer loop
      vertex 265.46853359407004 -19.217225215995725 -6.494773279824546
      vertex 269.6009146789725 -18.10995704147845 -6.76393202250021
      vertex 265.05885903496346 -19.326997183267906 -6.76393202250021
    endloop
  endfacet
  facet normal -0.25881904510252157 0.9659258262890681 -7.771574403612868e-15
    outer loop
      vertex 266.3690229179702 -18.975939828863822 -6.125667355485476
      vertex 268.75221090788494 -18.337366531554615 -6.280894056446995
      vertex 265.90756280605103 -19.09958769319174 -6.280894056446995
    endloop
  endfacet
  facet normal -0.2588190451025204 0.9659258262890684 -7.558958437994431e-15
    outer loop
      vertex 266.3690229179702 -18.975939828863822 -6.125667355485476
      vertex 266.84563642819967 -18.848231623696073 -6.031541194742088
      vertex 268.2907507959658 -18.461014395882533 -6.125667355485476
    endloop
  endfacet
  facet normal -0.25881904510252235 0.9659258262890679 3.4227917313608784e-13
    outer loop
      vertex 266.84563642819967 -18.848231623696073 -6.031541194742088
      vertex 267.329886856968 -18.71847711237318 -6
      vertex 267.8141372857363 -18.58872260105028 -6.031541194742088
    endloop
  endfacet
  facet normal -0.25881904510252235 0.9659258262890679 -3.940836895123803e-14
    outer loop
      vertex 266.84563642819967 -18.848231623696073 -6.031541194742088
      vertex 267.8141372857363 -18.58872260105028 -6.031541194742088
      vertex 268.2907507959658 -18.461014395882533 -6.125667355485476
    endloop
  endfacet
  facet normal -0.25881904510252046 0.9659258262890685 1.1503915111309648e-14
    outer loop
      vertex 266.3690229179702 -18.975939828863822 -6.125667355485476
      vertex 268.2907507959658 -18.461014395882533 -6.125667355485476
      vertex 268.75221090788494 -18.337366531554615 -6.280894056446995
    endloop
  endfacet
  facet normal -0.25881904510252046 0.9659258262890684 -2.612933390903992e-14
    outer loop
      vertex 265.90756280605103 -19.09958769319174 -6.280894056446995
      vertex 269.191240119866 -18.21972900875063 -6.494773279824546
      vertex 265.46853359407004 -19.217225215995725 -6.494773279824546
    endloop
  endfacet
  facet normal -0.25881904510252157 0.965925826289068 -4.512288148046182e-14
    outer loop
      vertex 265.90756280605103 -19.09958769319174 -6.280894056446995
      vertex 268.75221090788494 -18.337366531554615 -6.280894056446995
      vertex 269.191240119866 -18.21972900875063 -6.494773279824546
    endloop
  endfacet
  facet normal -0.25881904510252046 0.9659258262890685 4.537875463287502e-14
    outer loop
      vertex 265.46853359407004 -19.217225215995725 -6.494773279824546
      vertex 269.191240119866 -18.21972900875063 -6.494773279824546
      vertex 269.6009146789725 -18.10995704147845 -6.76393202250021
    endloop
  endfacet
  facet normal -0.258819045102519 0.9659258262890688 2.608564936800416e-14
    outer loop
      vertex 264.68499994125614 -19.427172425509806 -7.084125490314353
      vertex 265.05885903496346 -19.326997183267906 -6.76393202250021
      vertex 269.97477377267984 -18.00978179923655 -7.084125490314353
    endloop
  endfacet
  facet normal -0.2588190451025208 0.9659258262890684 -1.2985275282650931e-14
    outer loop
      vertex 264.68499994125614 -19.427172425509806 -7.084125490314353
      vertex 270.3069214197475 -17.920783105436872 -7.450304041005241
      vertex 264.3528522941885 -19.516171119309483 -7.450304041005241
    endloop
  endfacet
  facet normal -0.25881904510252135 0.9659258262890682 -5.015209350033268e-15
    outer loop
      vertex 264.3528522941885 -19.516171119309483 -7.450304041005241
      vertex 270.59211945336585 -17.844364522645883 -7.856692820084013
      vertex 264.0676542605701 -19.592589702100472 -7.856692820084013
    endloop
  endfacet
  facet normal -0.25881904510252046 0.9659258262890683 1.0679353423135455e-14
    outer loop
      vertex 264.0676542605701 -19.592589702100472 -7.856692820084013
      vertex 270.82587013017576 -17.78173121756444 -8.29688283373971
      vertex 263.8339035837602 -19.65522300718191 -8.296882833739708
    endloop
  endfacet
  facet normal -0.2588190451025246 0.9659258262890673 -2.024155464267568e-14
    outer loop
      vertex 263.655286651568 -19.703083269917343 -8.76393202250021
      vertex 266.7337420536918 -18.878213630983044 -9.150532155906305
      vertex 266.63560404159364 -18.904509632071544 -9.234582941207517
    endloop
  endfacet
  facet normal -0.25881904510252435 0.9659258262890673 -1.992522543642538e-14
    outer loop
      vertex 263.655286651568 -19.703083269917343 -8.76393202250021
      vertex 266.9565267936023 -18.81851863983805 -9.023734689817337
      vertex 266.84128162545727 -18.849398489574096 -9.079877985953944
    endloop
  endfacet
  facet normal -0.2588190451025241 0.9659258262890675 -1.6556907883631893e-14
    outer loop
      vertex 263.655286651568 -19.703083269917343 -8.76393202250021
      vertex 266.84128162545727 -18.849398489574096 -9.079877985953944
      vertex 266.7337420536918 -18.878213630983044 -9.150532155906305
    endloop
  endfacet
  facet normal -0.2588190451025289 0.9659258262890661 -1.187645610929747e-13
    outer loop
      vertex 263.655286651568 -19.703083269917343 -8.76393202250021
      vertex 267.2027711194163 -18.752537671595437 -8.958279563619799
      vertex 267.0776600729811 -18.786061075451972 -8.982987680814936
    endloop
  endfacet
  facet normal -0.2588190451024838 0.9659258262890782 7.615152940409077e-13
    outer loop
      vertex 263.655286651568 -19.703083269917343 -8.76393202250021
      vertex 267.329886856968 -18.71847711237318 -8.95
      vertex 267.2027711194163 -18.752537671595437 -8.958279563619799
    endloop
  endfacet
  facet normal -0.25881904510251735 0.9659258262890693 7.752873889893503e-14
    outer loop
      vertex 263.655286651568 -19.703083269917343 -8.76393202250021
      vertex 267.0776600729811 -18.786061075451972 -8.982987680814936
      vertex 266.9565267936023 -18.81851863983805 -9.023734689817337
    endloop
  endfacet
  facet normal -0.25881904510252046 0.9659258262890684 -1.90113027431147e-14
    outer loop
      vertex 263.8339035837602 -19.65522300718191 -8.296882833739708
      vertex 271.004487062368 -17.733870954829012 -8.76393202250021
      vertex 263.655286651568 -19.703083269917343 -8.76393202250021
    endloop
  endfacet
  facet normal -0.2588190451025175 0.9659258262890692 2.0670154829222023e-14
    outer loop
      vertex 263.53462035971467 -19.735415705373097 -9.250474741657102
      vertex 263.655286651568 -19.703083269917343 -8.76393202250021
      vertex 266.5484152842384 -18.927871789193958 -9.330704810763876
    endloop
  endfacet
  facet normal -0.258819045102525 0.965925826289067 -2.833863541873937e-14
    outer loop
      vertex 263.53462035971467 -19.735415705373097 -9.250474741657102
      vertex 266.333629401439 -18.985423493035654 -9.803249619684989
      vertex 263.4738076877054 -19.751710411727572 -9.748837921882746
    endloop
  endfacet
  facet normal -0.2588190451025158 0.9659258262890696 8.906344228455691e-14
    outer loop
      vertex 263.53462035971467 -19.735415705373097 -9.250474741657102
      vertex 266.5484152842384 -18.927871789193958 -9.330704810763876
      vertex 266.47355080041353 -18.94793166717659 -9.437381865272053
    endloop
  endfacet
  facet normal -0.25881904510252635 0.9659258262890669 -8.797579020363298e-14
    outer loop
      vertex 263.53462035971467 -19.735415705373097 -9.250474741657102
      vertex 266.47355080041353 -18.94793166717659 -9.437381865272053
      vertex 266.41219124775097 -18.96437290976047 -9.552931743856673
    endloop
  endfacet
  facet normal -0.25881904510251286 0.9659258262890703 4.7925223238502994e-14
    outer loop
      vertex 263.53462035971467 -19.735415705373097 -9.250474741657102
      vertex 266.41219124775097 -18.96437290976047 -9.552931743856673
      vertex 266.3653043030505 -18.97693622872852 -9.675532155906305
    endloop
  endfacet
  facet normal -0.25881904510251935 0.9659258262890686 3.431736361020404e-15
    outer loop
      vertex 263.53462035971467 -19.735415705373097 -9.250474741657102
      vertex 266.3653043030505 -18.97693622872852 -9.675532155906305
      vertex 266.333629401439 -18.985423493035654 -9.803249619684989
    endloop
  endfacet
  facet normal -0.2588190451025214 0.9659258262890682 0
    outer loop
      vertex 263.4738076877054 -19.751710411727572 -9.748837921882746
      vertex 266.3176660750366 -18.989700853453705 -9.934069954494221
      vertex 263.4738076877054 -19.751710411727572 -10.251162078117254
    endloop
  endfacet
  facet normal -0.2588190451025258 0.9659258262890669 -7.206646358142939e-14
    outer loop
      vertex 263.4738076877054 -19.751710411727572 -9.748837921882746
      vertex 266.333629401439 -18.985423493035654 -9.803249619684989
      vertex 266.3176660750366 -18.989700853453705 -9.934069954494221
    endloop
  endfacet
  facet normal -0.2588190451025214 0.9659258262890682 0
    outer loop
      vertex 263.4738076877054 -19.751710411727572 -10.251162078117254
      vertex 266.3176660750366 -18.989700853453705 -9.934069954494221
      vertex 266.3176660750366 -18.989700853453705 -10.065930045505779
    endloop
  endfacet
  facet normal -0.2588190451025227 0.9659258262890678 -9.168295529292776e-15
    outer loop
      vertex 263.655286651568 -19.703083269917343 -8.76393202250021
      vertex 266.63560404159364 -18.904509632071544 -9.234582941207517
      vertex 266.5484152842384 -18.927871789193958 -9.330704810763876
    endloop
  endfacet
  facet normal -0.25881904510252046 0.9659258262890683 2.893308976187268e-14
    outer loop
      vertex 263.4738076877054 -19.751710411727572 -10.251162078117254
      vertex 266.41219124775097 -18.96437290976047 -10.447068256143327
      vertex 263.53462035971467 -19.735415705373097 -10.749525258342898
    endloop
  endfacet
  facet normal -0.2588190451025258 0.9659258262890669 7.206646358142939e-14
    outer loop
      vertex 263.4738076877054 -19.751710411727572 -10.251162078117254
      vertex 266.3176660750366 -18.989700853453705 -10.065930045505779
      vertex 266.333629401439 -18.985423493035654 -10.196750380315011
    endloop
  endfacet
  facet normal -0.25881904510252446 0.9659258262890674 -4.6756315354638884e-15
    outer loop
      vertex 263.4738076877054 -19.751710411727572 -10.251162078117254
      vertex 266.333629401439 -18.985423493035654 -10.196750380315011
      vertex 266.3653043030505 -18.97693622872852 -10.324467844093695
    endloop
  endfacet
  facet normal -0.2588190451025255 0.965925826289067 -5.254109692716921e-14
    outer loop
      vertex 263.4738076877054 -19.751710411727572 -10.251162078117254
      vertex 266.3653043030505 -18.97693622872852 -10.324467844093695
      vertex 266.41219124775097 -18.96437290976047 -10.447068256143327
    endloop
  endfacet
  facet normal -0.25881904510252635 0.9659258262890669 8.797579020363298e-14
    outer loop
      vertex 263.53462035971467 -19.735415705373097 -10.749525258342898
      vertex 266.41219124775097 -18.96437290976047 -10.447068256143327
      vertex 266.47355080041353 -18.94793166717659 -10.562618134727947
    endloop
  endfacet
  facet normal -0.2588190451025158 0.9659258262890696 -8.906344228455691e-14
    outer loop
      vertex 263.53462035971467 -19.735415705373097 -10.749525258342898
      vertex 266.47355080041353 -18.94793166717659 -10.562618134727947
      vertex 266.5484152842384 -18.927871789193958 -10.669295189236124
    endloop
  endfacet
  facet normal -0.25881904510252135 0.9659258262890682 -2.1692868078018963e-14
    outer loop
      vertex 263.53462035971467 -19.735415705373097 -10.749525258342898
      vertex 266.9565267936023 -18.81851863983805 -10.976265310182663
      vertex 263.655286651568 -19.703083269917343 -11.23606797749979
    endloop
  endfacet
  facet normal -0.25881904510251835 0.965925826289069 1.4458253316196578e-14
    outer loop
      vertex 263.53462035971467 -19.735415705373097 -10.749525258342898
      vertex 266.5484152842384 -18.927871789193958 -10.669295189236124
      vertex 266.63560404159364 -18.904509632071544 -10.765417058792481
    endloop
  endfacet
  facet normal -0.2588190451025183 0.9659258262890689 2.814674340217299e-14
    outer loop
      vertex 263.53462035971467 -19.735415705373097 -10.749525258342898
      vertex 266.63560404159364 -18.904509632071544 -10.765417058792481
      vertex 266.7337420536918 -18.878213630983044 -10.849467844093695
    endloop
  endfacet
  facet normal -0.2588190451025184 0.9659258262890689 2.3910270523710367e-14
    outer loop
      vertex 263.53462035971467 -19.735415705373097 -10.749525258342898
      vertex 266.7337420536918 -18.878213630983044 -10.849467844093695
      vertex 266.84128162545727 -18.849398489574096 -10.920122014046056
    endloop
  endfacet
  facet normal -0.2588190451025179 0.965925826289069 3.3595786856206117e-14
    outer loop
      vertex 263.53462035971467 -19.735415705373097 -10.749525258342898
      vertex 266.84128162545727 -18.849398489574096 -10.920122014046056
      vertex 266.9565267936023 -18.81851863983805 -10.976265310182663
    endloop
  endfacet
  facet normal -0.25881904510251735 0.9659258262890693 -7.752873889893503e-14
    outer loop
      vertex 263.655286651568 -19.703083269917343 -11.23606797749979
      vertex 266.9565267936023 -18.81851863983805 -10.976265310182663
      vertex 267.0776600729811 -18.786061075451972 -11.017012319185064
    endloop
  endfacet
  facet normal -0.2588190451025289 0.9659258262890661 1.187645610929747e-13
    outer loop
      vertex 263.655286651568 -19.703083269917343 -11.23606797749979
      vertex 267.0776600729811 -18.786061075451972 -11.017012319185064
      vertex 267.2027711194163 -18.752537671595437 -11.041720436380201
    endloop
  endfacet
  facet normal -0.2588190451024838 0.9659258262890782 -7.615152940409077e-13
    outer loop
      vertex 263.655286651568 -19.703083269917343 -11.23606797749979
      vertex 267.2027711194163 -18.752537671595437 -11.041720436380201
      vertex 267.329886856968 -18.71847711237318 -11.05
    endloop
  endfacet
  facet normal -0.25881904510252246 0.9659258262890679 -3.067484807193176e-14
    outer loop
      vertex 265.05885903496346 -19.326997183267906 -6.76393202250021
      vertex 269.6009146789725 -18.10995704147845 -6.76393202250021
      vertex 269.97477377267984 -18.00978179923655 -7.084125490314353
    endloop
  endfacet
  facet normal -0.258819045102519 0.9659258262890686 1.4615979645108452e-14
    outer loop
      vertex 264.68499994125614 -19.427172425509806 -7.084125490314353
      vertex 269.97477377267984 -18.00978179923655 -7.084125490314353
      vertex 270.3069214197475 -17.920783105436872 -7.450304041005241
    endloop
  endfacet
  facet normal -0.2588190451025207 0.9659258262890682 5.6729427023233316e-15
    outer loop
      vertex 264.3528522941885 -19.516171119309483 -7.450304041005241
      vertex 270.3069214197475 -17.920783105436872 -7.450304041005241
      vertex 270.59211945336585 -17.844364522645883 -7.856692820084013
    endloop
  endfacet
  facet normal -0.25881904510252046 0.9659258262890684 -9.410734613436316e-15
    outer loop
      vertex 263.655286651568 -19.703083269917343 -8.76393202250021
      vertex 271.004487062368 -17.733870954829012 -8.76393202250021
      vertex 267.329886856968 -18.71847711237318 -8.95
    endloop
  endfacet
  facet normal -0.25881904510252135 0.9659258262890682 -2.9871627887329956e-15
    outer loop
      vertex 264.0676542605701 -19.592589702100472 -7.856692820084013
      vertex 270.59211945336585 -17.844364522645883 -7.856692820084013
      vertex 270.82587013017576 -17.78173121756444 -8.29688283373971
    endloop
  endfacet
  facet normal -0.25881904510252046 0.9659258262890683 -1.9966209484493055e-14
    outer loop
      vertex 263.8339035837602 -19.65522300718191 -8.296882833739708
      vertex 270.82587013017576 -17.78173121756444 -8.29688283373971
      vertex 271.004487062368 -17.733870954829012 -8.76393202250021
    endloop
  endfacet
  facet normal -0.25881904510254294 0.9659258262890623 4.680146077960591e-13
    outer loop
      vertex 267.329886856968 -18.71847711237318 -8.95
      vertex 271.004487062368 -17.733870954829012 -8.76393202250021
      vertex 267.4570025945197 -18.684416553150918 -8.958279563619799
    endloop
  endfacet
  facet normal -0.2588190451025259 0.9659258262890669 1.332509642101605e-13
    outer loop
      vertex 267.4570025945197 -18.684416553150918 -8.958279563619799
      vertex 271.004487062368 -17.733870954829012 -8.76393202250021
      vertex 267.5821136409549 -18.650893149294383 -8.982987680814936
    endloop
  endfacet
  facet normal -0.258819045102514 0.9659258262890702 -6.589942806409393e-14
    outer loop
      vertex 267.5821136409549 -18.650893149294383 -8.982987680814936
      vertex 271.004487062368 -17.733870954829012 -8.76393202250021
      vertex 267.7032469203337 -18.618435584908305 -9.023734689817337
    endloop
  endfacet
  facet normal -0.25881904510251946 0.9659258262890686 8.906354893918695e-15
    outer loop
      vertex 267.7032469203337 -18.618435584908305 -9.023734689817337
      vertex 271.004487062368 -17.733870954829012 -8.76393202250021
      vertex 271.1251533542213 -17.70153851937326 -9.2504747416571
    endloop
  endfacet
  facet normal -0.258819045102518 0.965925826289069 3.2868954929028546e-14
    outer loop
      vertex 267.7032469203337 -18.618435584908305 -9.023734689817337
      vertex 271.1251533542213 -17.70153851937326 -9.2504747416571
      vertex 267.8184920884787 -18.58755573517226 -9.079877985953944
    endloop
  endfacet
  facet normal -0.25881904510251835 0.9659258262890689 2.4657466477576292e-14
    outer loop
      vertex 267.8184920884787 -18.58755573517226 -9.079877985953944
      vertex 271.1251533542213 -17.70153851937326 -9.2504747416571
      vertex 267.9260316602442 -18.55874059376331 -9.150532155906305
    endloop
  endfacet
  facet normal -0.2588190451025195 0.9659258262890688 -1.3607708666859653e-14
    outer loop
      vertex 267.9260316602442 -18.55874059376331 -9.150532155906305
      vertex 271.1251533542213 -17.70153851937326 -9.2504747416571
      vertex 268.02416967234234 -18.532444592674814 -9.234582941207517
    endloop
  endfacet
  facet normal -0.25881904510252046 0.9659258262890684 9.410734613436316e-15
    outer loop
      vertex 263.655286651568 -19.703083269917343 -11.23606797749979
      vertex 267.329886856968 -18.71847711237318 -11.05
      vertex 271.004487062368 -17.733870954829012 -11.23606797749979
    endloop
  endfacet
  facet normal -0.2588190451025244 0.9659258262890673 -4.309917496582649e-14
    outer loop
      vertex 268.1113584296976 -18.509082435552397 -10.669295189236124
      vertex 271.004487062368 -17.733870954829012 -11.23606797749979
      vertex 268.02416967234234 -18.532444592674814 -10.765417058792483
    endloop
  endfacet
  facet normal -0.2588190451025166 0.9659258262890694 9.94004915488524e-15
    outer loop
      vertex 267.9260316602442 -18.55874059376331 -10.849467844093695
      vertex 268.02416967234234 -18.532444592674814 -10.765417058792483
      vertex 271.004487062368 -17.733870954829012 -11.23606797749979
    endloop
  endfacet
  facet normal -0.2588190451025259 0.9659258262890669 -1.332509642101605e-13
    outer loop
      vertex 267.4570025945197 -18.684416553150918 -11.041720436380201
      vertex 267.5821136409549 -18.650893149294383 -11.017012319185064
      vertex 271.004487062368 -17.733870954829012 -11.23606797749979
    endloop
  endfacet
  facet normal -0.258819045102514 0.9659258262890702 6.589942806409393e-14
    outer loop
      vertex 267.5821136409549 -18.650893149294383 -11.017012319185064
      vertex 267.7032469203337 -18.618435584908305 -10.976265310182663
      vertex 271.004487062368 -17.733870954829012 -11.23606797749979
    endloop
  endfacet
  facet normal -0.25881904510254294 0.9659258262890623 -4.680146077960591e-13
    outer loop
      vertex 267.329886856968 -18.71847711237318 -11.05
      vertex 267.4570025945197 -18.684416553150918 -11.041720436380201
      vertex 271.004487062368 -17.733870954829012 -11.23606797749979
    endloop
  endfacet
  facet normal -0.25881904510252035 0.9659258262890684 -2.152398024872115e-14
    outer loop
      vertex 267.9260316602442 -18.55874059376331 -10.849467844093695
      vertex 271.004487062368 -17.733870954829012 -11.23606797749979
      vertex 267.8184920884787 -18.58755573517226 -10.920122014046056
    endloop
  endfacet
  facet normal -0.25881904510252074 0.9659258262890682 -2.6774521680196243e-14
    outer loop
      vertex 267.8184920884787 -18.58755573517226 -10.920122014046056
      vertex 271.004487062368 -17.733870954829012 -11.23606797749979
      vertex 267.7032469203337 -18.618435584908305 -10.976265310182663
    endloop
  endfacet
  facet normal -0.25881904510251924 0.9659258262890688 4.8118874317965826e-14
    outer loop
      vertex 268.02416967234234 -18.532444592674814 -9.234582941207517
      vertex 271.1251533542213 -17.70153851937326 -9.2504747416571
      vertex 268.1113584296976 -18.509082435552397 -9.330704810763876
    endloop
  endfacet
  facet normal -0.2588190451025166 0.9659258262890693 -5.721998727656733e-14
    outer loop
      vertex 268.1113584296976 -18.509082435552397 -9.330704810763876
      vertex 271.1251533542213 -17.70153851937326 -9.2504747416571
      vertex 268.18622291352244 -18.48902255756976 -9.437381865272053
    endloop
  endfacet
  facet normal -0.2588190451025236 0.9659258262890676 5.987241277747248e-14
    outer loop
      vertex 271.1251533542213 -17.70153851937326 -9.2504747416571
      vertex 268.247582466185 -18.472581314985884 -9.552931743856673
      vertex 268.18622291352244 -18.48902255756976 -9.437381865272053
    endloop
  endfacet
  facet normal -0.25881904510251696 0.9659258262890693 -7.0140823665145145e-15
    outer loop
      vertex 271.1251533542213 -17.70153851937326 -9.2504747416571
      vertex 271.18596602623063 -17.685243813018786 -9.748837921882744
      vertex 268.247582466185 -18.472581314985884 -9.552931743856673
    endloop
  endfacet
  facet normal -0.2588190451025179 0.965925826289069 -2.1631200152064555e-14
    outer loop
      vertex 268.247582466185 -18.472581314985884 -9.552931743856673
      vertex 271.18596602623063 -17.685243813018786 -9.748837921882744
      vertex 268.2944694108855 -18.460017996017832 -9.675532155906305
    endloop
  endfacet
  facet normal -0.2588190451025174 0.9659258262890692 -2.8400808740805527e-15
    outer loop
      vertex 268.2944694108855 -18.460017996017832 -9.675532155906305
      vertex 271.18596602623063 -17.685243813018786 -9.748837921882744
      vertex 268.326144312497 -18.451530731710697 -9.803249619684989
    endloop
  endfacet
  facet normal -0.2588190451025163 0.9659258262890694 -6.521639607954796e-14
    outer loop
      vertex 268.326144312497 -18.451530731710697 -9.803249619684989
      vertex 271.18596602623063 -17.685243813018786 -9.748837921882744
      vertex 268.34210763889945 -18.44725337129265 -9.93406995449422
    endloop
  endfacet
  facet normal -0.2588190451025203 0.9659258262890685 0
    outer loop
      vertex 268.34210763889945 -18.44725337129265 -9.93406995449422
      vertex 271.18596602623063 -17.685243813018786 -9.748837921882744
      vertex 268.34210763889945 -18.44725337129265 -10.06593004550578
    endloop
  endfacet
  facet normal -0.2588190451025203 0.9659258262890684 0
    outer loop
      vertex 268.34210763889945 -18.44725337129265 -10.06593004550578
      vertex 271.18596602623063 -17.685243813018786 -9.748837921882744
      vertex 271.18596602623063 -17.685243813018786 -10.251162078117256
    endloop
  endfacet
  facet normal -0.25881904510251635 0.9659258262890694 6.522086448626803e-14
    outer loop
      vertex 268.34210763889945 -18.44725337129265 -10.06593004550578
      vertex 271.18596602623063 -17.685243813018786 -10.251162078117256
      vertex 268.326144312497 -18.451530731710697 -10.196750380315011
    endloop
  endfacet
  facet normal -0.25881904510251813 0.9659258262890691 3.0206429427731683e-15
    outer loop
      vertex 268.326144312497 -18.451530731710697 -10.196750380315011
      vertex 271.1251533542213 -17.70153851937326 -10.7495252583429
      vertex 268.2944694108855 -18.460017996017832 -10.324467844093695
    endloop
  endfacet
  facet normal -0.2588190451025156 0.9659258262890696 2.0729850752934778e-14
    outer loop
      vertex 268.2944694108855 -18.460017996017832 -10.324467844093695
      vertex 271.1251533542213 -17.70153851937326 -10.7495252583429
      vertex 268.247582466185 -18.472581314985884 -10.447068256143327
    endloop
  endfacet
  facet normal -0.2588190451025236 0.9659258262890676 -6.061699954351884e-14
    outer loop
      vertex 268.18622291352244 -18.48902255756976 -10.562618134727947
      vertex 268.247582466185 -18.472581314985884 -10.447068256143327
      vertex 271.1251533542213 -17.70153851937326 -10.7495252583429
    endloop
  endfacet
  facet normal -0.2588190451025166 0.9659258262890693 5.721998727656733e-14
    outer loop
      vertex 268.18622291352244 -18.48902255756976 -10.562618134727947
      vertex 271.1251533542213 -17.70153851937326 -10.7495252583429
      vertex 268.1113584296976 -18.509082435552397 -10.669295189236124
    endloop
  endfacet
  facet normal -0.25881904510251735 0.9659258262890692 6.906369426553563e-15
    outer loop
      vertex 268.326144312497 -18.451530731710697 -10.196750380315011
      vertex 271.18596602623063 -17.685243813018786 -10.251162078117256
      vertex 271.1251533542213 -17.70153851937326 -10.7495252583429
    endloop
  endfacet
  facet normal -0.25881904510251824 0.965925826289069 -9.299753315080618e-15
    outer loop
      vertex 268.1113584296976 -18.509082435552397 -10.669295189236124
      vertex 271.1251533542213 -17.70153851937326 -10.7495252583429
      vertex 271.004487062368 -17.733870954829012 -11.23606797749979
    endloop
  endfacet
  facet normal -0.8980951203957742 -0.24064386223637732 -0.3681245526846302
    outer loop
      vertex 263.655286651568 -19.703083269917343 -11.23606797749979
      vertex 265.1279988092728 -24.484852138627254 -11.703117166260292
      vertex 264.9493818770806 -24.532712401362687 -11.23606797749979
    endloop
  endfacet
  facet normal -0.8464472540039898 -0.22680485814590828 -0.4817536741017341
    outer loop
      vertex 263.8339035837602 -19.65522300718191 -11.703117166260292
      vertex 265.3617494860827 -24.422218833545813 -12.143307179915986
      vertex 265.1279988092728 -24.484852138627254 -11.703117166260292
    endloop
  endfacet
  facet normal -0.7814504087735292 -0.209389005955836 -0.5877852522924601
    outer loop
      vertex 264.0676542605701 -19.592589702100472 -12.143307179915986
      vertex 265.6469475197011 -24.345800250754827 -12.549695958994759
      vertex 265.3617494860827 -24.422218833545813 -12.143307179915986
    endloop
  endfacet
  facet normal -0.8980951203957742 -0.2406438622363773 -0.36812455268463024
    outer loop
      vertex 263.655286651568 -19.703083269917343 -11.23606797749979
      vertex 263.8339035837602 -19.65522300718191 -11.703117166260292
      vertex 265.1279988092728 -24.484852138627254 -11.703117166260292
    endloop
  endfacet
  facet normal -0.8464472540039902 -0.22680485814590864 -0.4817536741017329
    outer loop
      vertex 263.8339035837602 -19.65522300718191 -11.703117166260292
      vertex 264.0676542605701 -19.592589702100472 -12.143307179915986
      vertex 265.3617494860827 -24.422218833545813 -12.143307179915986
    endloop
  endfacet
  facet normal -0.7814504087735283 -0.20938900595583565 -0.5877852522924614
    outer loop
      vertex 264.0676542605701 -19.592589702100472 -12.143307179915986
      vertex 264.3528522941885 -19.516171119309483 -12.549695958994759
      vertex 265.6469475197011 -24.345800250754827 -12.549695958994759
    endloop
  endfacet
  facet normal -0.704129623780798 -0.18867096405889328 -0.6845471059287298
    outer loop
      vertex 264.3528522941885 -19.516171119309483 -12.549695958994759
      vertex 265.9790951667688 -24.25680155695515 -12.915874509685647
      vertex 265.6469475197011 -24.345800250754827 -12.549695958994759
    endloop
  endfacet
  facet normal -0.6157042939945006 -0.16497746835219954 -0.77051324277577
    outer loop
      vertex 265.05885903496346 -19.326997183267906 -13.23606797749979
      vertex 266.35295426047605 -24.156626314713247 -13.23606797749979
      vertex 265.9790951667688 -24.25680155695515 -12.915874509685647
    endloop
  endfacet
  facet normal -0.5175689396879025 -0.1386821794168046 -0.8443279255020205
    outer loop
      vertex 265.46853359407004 -19.217225215995725 -13.505226720175454
      vertex 266.76262881958263 -24.04685434744107 -13.505226720175454
      vertex 266.35295426047605 -24.156626314713247 -13.23606797749979
    endloop
  endfacet
  facet normal -0.7041296237808495 -0.18867096405891548 -0.6845471059286707
    outer loop
      vertex 264.3528522941885 -19.516171119309483 -12.549695958994759
      vertex 264.68499994125614 -19.42717242550981 -12.915874509685647
      vertex 265.9790951667688 -24.25680155695515 -12.915874509685647
    endloop
  endfacet
  facet normal -0.6157042939944468 -0.16497746835219237 -0.7705132427758145
    outer loop
      vertex 264.68499994125614 -19.42717242550981 -12.915874509685647
      vertex 265.05885903496346 -19.326997183267906 -13.23606797749979
      vertex 265.9790951667688 -24.25680155695515 -12.915874509685647
    endloop
  endfacet
  facet normal -0.5175689396879015 -0.13868217941680444 -0.8443279255020211
    outer loop
      vertex 265.05885903496346 -19.326997183267906 -13.23606797749979
      vertex 265.46853359407004 -19.217225215995725 -13.505226720175454
      vertex 266.35295426047605 -24.156626314713247 -13.23606797749979
    endloop
  endfacet
  facet normal -0.41127121402177824 -0.11019978966730194 -0.904827052466014
    outer loop
      vertex 265.90756280605103 -19.09958769319174 -13.719105943553005
      vertex 267.2016580315636 -23.92921682463708 -13.719105943553005
      vertex 266.76262881958263 -24.04685434744107 -13.505226720175454
    endloop
  endfacet
  facet normal -0.2984874956289911 -0.07997948340457565 -0.9510565162951518
    outer loop
      vertex 266.3690229179702 -18.975939828863822 -13.874332644514524
      vertex 267.6631181434828 -23.805568960309166 -13.874332644514524
      vertex 267.2016580315636 -23.92921682463708 -13.719105943553005
    endloop
  endfacet
  facet normal -0.18099645112234755 -0.04849785291113174 -0.9822872507286888
    outer loop
      vertex 266.84563642819967 -18.848231623696073 -13.968458805257912
      vertex 268.13973165371226 -23.677860755141417 -13.968458805257912
      vertex 267.6631181434828 -23.805568960309166 -13.874332644514524
    endloop
  endfacet
  facet normal -0.411271214021779 -0.11019978966730207 -0.9048270524660138
    outer loop
      vertex 265.46853359407004 -19.217225215995725 -13.505226720175454
      vertex 265.90756280605103 -19.09958769319174 -13.719105943553005
      vertex 266.76262881958263 -24.04685434744107 -13.505226720175454
    endloop
  endfacet
  facet normal -0.2984874956289905 -0.07997948340457556 -0.9510565162951519
    outer loop
      vertex 265.90756280605103 -19.09958769319174 -13.719105943553005
      vertex 266.3690229179702 -18.975939828863822 -13.874332644514524
      vertex 267.2016580315636 -23.92921682463708 -13.719105943553005
    endloop
  endfacet
  facet normal -0.18099645112234755 -0.04849785291113174 -0.9822872507286886
    outer loop
      vertex 266.3690229179702 -18.975939828863822 -13.874332644514524
      vertex 266.84563642819967 -18.848231623696073 -13.968458805257912
      vertex 267.6631181434828 -23.805568960309166 -13.874332644514524
    endloop
  endfacet
  facet normal 0.8980951203957377 0.24064386223636755 -0.3681245526847258
    outer loop
      vertex 270.82587013017576 -17.78173121756444 -11.70311716626029
      vertex 272.2985822878806 -22.563500086274352 -11.23606797749979
      vertex 272.11996535568835 -22.611360349009786 -11.70311716626029
    endloop
  endfacet
  facet normal 0.8464472540040324 0.22680485814592988 -0.48175367410164877
    outer loop
      vertex 270.59211945336585 -17.844364522645883 -12.143307179915984
      vertex 272.11996535568835 -22.611360349009786 -11.70311716626029
      vertex 271.8862146788785 -22.673993654091223 -12.143307179915984
    endloop
  endfacet
  facet normal 0.8980951203957382 0.24064386223636788 -0.36812455268472444
    outer loop
      vertex 271.004487062368 -17.733870954829012 -11.23606797749979
      vertex 272.2985822878806 -22.563500086274352 -11.23606797749979
      vertex 270.82587013017576 -17.78173121756444 -11.70311716626029
    endloop
  endfacet
  facet normal 0.8464472540039896 0.22680485814590826 -0.48175367410173436
    outer loop
      vertex 270.82587013017576 -17.78173121756444 -11.70311716626029
      vertex 272.11996535568835 -22.611360349009786 -11.70311716626029
      vertex 270.59211945336585 -17.844364522645883 -12.143307179915984
    endloop
  endfacet
  facet normal 0.7814504087735283 0.209389005955845 -0.5877852522924579
    outer loop
      vertex 270.3069214197475 -17.920783105436872 -12.54969595899476
      vertex 270.59211945336585 -17.844364522645883 -12.143307179915984
      vertex 271.8862146788785 -22.673993654091223 -12.143307179915984
    endloop
  endfacet
  facet normal 0.7041296237808493 0.18867096405890715 -0.6845471059286734
    outer loop
      vertex 269.97477377267984 -18.00978179923655 -12.915874509685647
      vertex 271.6010166452601 -22.750412236882212 -12.54969595899476
      vertex 271.26886899819243 -22.83941093068189 -12.915874509685647
    endloop
  endfacet
  facet normal 0.5175689396879002 0.1386821794168102 -0.844327925502021
    outer loop
      vertex 269.6009146789725 -18.10995704147845 -13.23606797749979
      vertex 270.89500990448516 -22.93958617292379 -13.23606797749979
      vertex 270.4853353453786 -23.04935814019597 -13.505226720175454
    endloop
  endfacet
  facet normal 0.6157042939945014 0.16497746835219976 -0.7705132427757693
    outer loop
      vertex 269.97477377267984 -18.00978179923655 -12.915874509685647
      vertex 271.26886899819243 -22.83941093068189 -12.915874509685647
      vertex 270.89500990448516 -22.93958617292379 -13.23606797749979
    endloop
  endfacet
  facet normal 0.7814504087734803 0.2093890059558229 -0.5877852522925296
    outer loop
      vertex 270.3069214197475 -17.920783105436872 -12.54969595899476
      vertex 271.8862146788785 -22.673993654091223 -12.143307179915984
      vertex 271.6010166452601 -22.750412236882212 -12.54969595899476
    endloop
  endfacet
  facet normal 0.704129623780849 0.18867096405890707 -0.6845471059286735
    outer loop
      vertex 270.3069214197475 -17.920783105436872 -12.54969595899476
      vertex 271.6010166452601 -22.750412236882212 -12.54969595899476
      vertex 269.97477377267984 -18.00978179923655 -12.915874509685647
    endloop
  endfacet
  facet normal 0.5175689396879494 0.13868217941681726 -0.8443279255019898
    outer loop
      vertex 269.191240119866 -18.21972900875063 -13.505226720175454
      vertex 269.6009146789725 -18.10995704147845 -13.23606797749979
      vertex 270.4853353453786 -23.04935814019597 -13.505226720175454
    endloop
  endfacet
  facet normal 0.6157042939944478 0.1649774683521926 -0.7705132427758138
    outer loop
      vertex 269.97477377267984 -18.00978179923655 -12.915874509685647
      vertex 270.89500990448516 -22.93958617292379 -13.23606797749979
      vertex 269.6009146789725 -18.10995704147845 -13.23606797749979
    endloop
  endfacet
  facet normal -0.06065098445946813 -0.016251382306066913 -0.9980267284282718
    outer loop
      vertex 267.329886856968 -18.71847711237318 -14
      vertex 268.6239820824806 -23.54810624381852 -14
      vertex 268.13973165371226 -23.677860755141417 -13.968458805257912
    endloop
  endfacet
  facet normal 0.060650984459474734 0.016251382306068672 -0.9980267284282714
    outer loop
      vertex 267.8141372857363 -18.58872260105028 -13.968458805257912
      vertex 269.1082325112489 -23.418351732495623 -13.968458805257912
      vertex 268.6239820824806 -23.54810624381852 -14
    endloop
  endfacet
  facet normal 0.18099645112234758 0.04849785291113178 -0.9822872507286888
    outer loop
      vertex 268.2907507959658 -18.461014395882533 -13.874332644514524
      vertex 269.58484602147837 -23.290643527327873 -13.874332644514524
      vertex 269.1082325112489 -23.418351732495623 -13.968458805257912
    endloop
  endfacet
  facet normal 0.4112712140217789 0.11019978966730211 -0.9048270524660137
    outer loop
      vertex 269.191240119866 -18.21972900875063 -13.505226720175454
      vertex 270.4853353453786 -23.04935814019597 -13.505226720175454
      vertex 270.0463061333976 -23.166995662999955 -13.719105943553005
    endloop
  endfacet
  facet normal 0.29848749562895854 0.07997948340457052 -0.9510565162951624
    outer loop
      vertex 268.75221090788494 -18.337366531554615 -13.719105943553005
      vertex 270.0463061333976 -23.166995662999955 -13.719105943553005
      vertex 269.58484602147837 -23.290643527327873 -13.874332644514524
    endloop
  endfacet
  facet normal -0.060650984459468225 -0.016251382306066927 -0.9980267284282718
    outer loop
      vertex 266.84563642819967 -18.848231623696073 -13.968458805257912
      vertex 267.329886856968 -18.71847711237318 -14
      vertex 268.13973165371226 -23.677860755141417 -13.968458805257912
    endloop
  endfacet
  facet normal 0.06065098445947462 0.016251382306068655 -0.9980267284282714
    outer loop
      vertex 267.329886856968 -18.71847711237318 -14
      vertex 267.8141372857363 -18.58872260105028 -13.968458805257912
      vertex 268.6239820824806 -23.54810624381852 -14
    endloop
  endfacet
  facet normal 0.1809964511223479 0.04849785291113183 -0.9822872507286888
    outer loop
      vertex 267.8141372857363 -18.58872260105028 -13.968458805257912
      vertex 268.2907507959658 -18.461014395882533 -13.874332644514524
      vertex 269.1082325112489 -23.418351732495623 -13.968458805257912
    endloop
  endfacet
  facet normal 0.2984874956289905 0.07997948340457556 -0.9510565162951519
    outer loop
      vertex 268.2907507959658 -18.461014395882533 -13.874332644514524
      vertex 268.75221090788494 -18.337366531554615 -13.719105943553005
      vertex 269.58484602147837 -23.290643527327873 -13.874332644514524
    endloop
  endfacet
  facet normal 0.411271214021737 0.11019978966729575 -0.9048270524660337
    outer loop
      vertex 269.191240119866 -18.21972900875063 -13.505226720175454
      vertex 270.0463061333976 -23.166995662999955 -13.719105943553005
      vertex 268.75221090788494 -18.337366531554615 -13.719105943553005
    endloop
  endfacet
  facet normal -0.2588190451025205 0.9659258262890684 1.8997454254571033e-14
    outer loop
      vertex 263.655286651568 -19.703083269917343 -11.23606797749979
      vertex 270.82587013017576 -17.78173121756444 -11.70311716626029
      vertex 263.8339035837602 -19.65522300718191 -11.703117166260292
    endloop
  endfacet
  facet normal -0.25881904510252135 0.9659258262890681 -1.1164520922889637e-14
    outer loop
      vertex 263.8339035837602 -19.65522300718191 -11.703117166260292
      vertex 270.59211945336585 -17.844364522645883 -12.143307179915984
      vertex 264.0676542605701 -19.592589702100472 -12.143307179915986
    endloop
  endfacet
  facet normal -0.25881904510252074 0.9659258262890683 5.495663242875718e-15
    outer loop
      vertex 264.0676542605701 -19.592589702100472 -12.143307179915986
      vertex 270.3069214197475 -17.920783105436872 -12.54969595899476
      vertex 264.3528522941885 -19.516171119309483 -12.549695958994759
    endloop
  endfacet
  facet normal -0.2588190451025197 0.9659258262890685 4.650538977989053e-15
    outer loop
      vertex 264.3528522941885 -19.516171119309483 -12.549695958994759
      vertex 269.97477377267984 -18.00978179923655 -12.915874509685647
      vertex 264.68499994125614 -19.42717242550981 -12.915874509685647
    endloop
  endfacet
  facet normal -0.25881904510252246 0.9659258262890679 -1.9614205738302518e-14
    outer loop
      vertex 264.68499994125614 -19.42717242550981 -12.915874509685647
      vertex 269.6009146789725 -18.10995704147845 -13.23606797749979
      vertex 265.05885903496346 -19.326997183267906 -13.23606797749979
    endloop
  endfacet
  facet normal -0.25881904510252046 0.9659258262890685 -9.043643317164951e-15
    outer loop
      vertex 265.05885903496346 -19.326997183267906 -13.23606797749979
      vertex 269.191240119866 -18.21972900875063 -13.505226720175454
      vertex 265.46853359407004 -19.217225215995725 -13.505226720175454
    endloop
  endfacet
  facet normal -0.25881904510252157 0.965925826289068 2.3619008274929234e-14
    outer loop
      vertex 265.46853359407004 -19.217225215995725 -13.505226720175454
      vertex 268.75221090788494 -18.337366531554615 -13.719105943553005
      vertex 265.90756280605103 -19.09958769319174 -13.719105943553005
    endloop
  endfacet
  facet normal -0.25881904510252046 0.9659258262890683 1.9495567644541685e-14
    outer loop
      vertex 263.655286651568 -19.703083269917343 -11.23606797749979
      vertex 271.004487062368 -17.733870954829012 -11.23606797749979
      vertex 270.82587013017576 -17.78173121756444 -11.70311716626029
    endloop
  endfacet
  facet normal -0.2588190451025205 0.9659258262890684 2.7874331936405827e-15
    outer loop
      vertex 263.8339035837602 -19.65522300718191 -11.703117166260292
      vertex 270.82587013017576 -17.78173121756444 -11.70311716626029
      vertex 270.59211945336585 -17.844364522645883 -12.143307179915984
    endloop
  endfacet
  facet normal -0.2588190451025214 0.9659258262890682 -5.176990296808479e-15
    outer loop
      vertex 264.0676542605701 -19.592589702100472 -12.143307179915986
      vertex 270.59211945336585 -17.844364522645883 -12.143307179915984
      vertex 270.3069214197475 -17.920783105436872 -12.54969595899476
    endloop
  endfacet
  facet normal -0.2588190451025207 0.9659258262890682 -1.3378768473034348e-14
    outer loop
      vertex 264.3528522941885 -19.516171119309483 -12.549695958994759
      vertex 270.3069214197475 -17.920783105436872 -12.54969595899476
      vertex 269.97477377267984 -18.00978179923655 -12.915874509685647
    endloop
  endfacet
  facet normal -0.25881904510251963 0.9659258262890686 2.6845425563188743e-14
    outer loop
      vertex 264.68499994125614 -19.42717242550981 -12.915874509685647
      vertex 269.97477377267984 -18.00978179923655 -12.915874509685647
      vertex 269.6009146789725 -18.10995704147845 -13.23606797749979
    endloop
  endfacet
  facet normal -0.25881904510252246 0.9659258262890679 -4.2105061301454697e-14
    outer loop
      vertex 265.05885903496346 -19.326997183267906 -13.23606797749979
      vertex 269.6009146789725 -18.10995704147845 -13.23606797749979
      vertex 269.191240119866 -18.21972900875063 -13.505226720175454
    endloop
  endfacet
  facet normal -0.2588190451025204 0.9659258262890685 1.1503915111309647e-14
    outer loop
      vertex 265.90756280605103 -19.09958769319174 -13.719105943553005
      vertex 268.2907507959658 -18.461014395882533 -13.874332644514524
      vertex 266.3690229179702 -18.975939828863822 -13.874332644514524
    endloop
  endfacet
  facet normal -0.2588190451025223 0.9659258262890679 -2.940923056062539e-15
    outer loop
      vertex 266.3690229179702 -18.975939828863822 -13.874332644514524
      vertex 267.8141372857363 -18.58872260105028 -13.968458805257912
      vertex 266.84563642819967 -18.848231623696073 -13.968458805257912
    endloop
  endfacet
  facet normal -0.25881904510252046 0.9659258262890684 4.256118306833307e-14
    outer loop
      vertex 265.46853359407004 -19.217225215995725 -13.505226720175454
      vertex 269.191240119866 -18.21972900875063 -13.505226720175454
      vertex 268.75221090788494 -18.337366531554615 -13.719105943553005
    endloop
  endfacet
  facet normal -0.2588190451025204 0.9659258262890684 2.905011478131193e-14
    outer loop
      vertex 266.3690229179702 -18.975939828863822 -13.874332644514524
      vertex 268.2907507959658 -18.461014395882533 -13.874332644514524
      vertex 267.8141372857363 -18.58872260105028 -13.968458805257912
    endloop
  endfacet
  facet normal -0.25881904510252157 0.9659258262890681 -7.771574403612868e-15
    outer loop
      vertex 265.90756280605103 -19.09958769319174 -13.719105943553005
      vertex 268.75221090788494 -18.337366531554615 -13.719105943553005
      vertex 268.2907507959658 -18.461014395882533 -13.874332644514524
    endloop
  endfacet
  facet normal -0.25881904510252235 0.9659258262890679 -3.4227917313608784e-13
    outer loop
      vertex 266.84563642819967 -18.848231623696073 -13.968458805257912
      vertex 267.8141372857363 -18.58872260105028 -13.968458805257912
      vertex 267.329886856968 -18.71847711237318 -14
    endloop
  endfacet
  facet normal -0.18099645112234758 -0.04849785291113175 0.9822872507286888
    outer loop
      vertex 266.3690229179702 -18.975939828863822 13.874332644514524
      vertex 268.13973165371226 -23.677860755141417 13.968458805257912
      vertex 266.84563642819967 -18.848231623696073 13.968458805257912
    endloop
  endfacet
  facet normal -0.6157042939944994 -0.1649774683522065 0.7705132427757694
    outer loop
      vertex 264.68499994125614 -19.427172425509806 12.915874509685647
      vertex 265.9790951667688 -24.256801556955146 12.915874509685647
      vertex 266.35295426047605 -24.156626314713247 13.23606797749979
    endloop
  endfacet
  facet normal -0.5175689396879022 -0.13868217941680464 0.8443279255020207
    outer loop
      vertex 265.05885903496346 -19.326997183267906 13.23606797749979
      vertex 266.35295426047605 -24.156626314713247 13.23606797749979
      vertex 266.76262881958263 -24.04685434744107 13.505226720175454
    endloop
  endfacet
  facet normal -0.29848749562899096 -0.07997948340457568 0.9510565162951518
    outer loop
      vertex 265.90756280605103 -19.09958769319174 13.719105943553005
      vertex 267.2016580315636 -23.92921682463708 13.719105943553005
      vertex 267.6631181434828 -23.805568960309166 13.874332644514524
    endloop
  endfacet
  facet normal -0.41127121402177835 -0.1101997896673019 0.9048270524660141
    outer loop
      vertex 265.46853359407004 -19.217225215995725 13.505226720175454
      vertex 266.76262881958263 -24.04685434744107 13.505226720175454
      vertex 267.2016580315636 -23.92921682463708 13.719105943553005
    endloop
  endfacet
  facet normal -0.18099645112234755 -0.04849785291113174 0.9822872507286886
    outer loop
      vertex 266.3690229179702 -18.975939828863822 13.874332644514524
      vertex 267.6631181434828 -23.805568960309166 13.874332644514524
      vertex 268.13973165371226 -23.677860755141417 13.968458805257912
    endloop
  endfacet
  facet normal -0.5175689396879016 -0.13868217941680439 0.8443279255020212
    outer loop
      vertex 265.46853359407004 -19.217225215995725 13.505226720175454
      vertex 265.05885903496346 -19.326997183267906 13.23606797749979
      vertex 266.76262881958263 -24.04685434744107 13.505226720175454
    endloop
  endfacet
  facet normal -0.6157042939944495 -0.16497746835218588 0.7705132427758138
    outer loop
      vertex 264.68499994125614 -19.427172425509806 12.915874509685647
      vertex 266.35295426047605 -24.156626314713247 13.23606797749979
      vertex 265.05885903496346 -19.326997183267906 13.23606797749979
    endloop
  endfacet
  facet normal -0.41127121402177896 -0.11019978966730214 0.9048270524660137
    outer loop
      vertex 265.46853359407004 -19.217225215995725 13.505226720175454
      vertex 267.2016580315636 -23.92921682463708 13.719105943553005
      vertex 265.90756280605103 -19.09958769319174 13.719105943553005
    endloop
  endfacet
  facet normal -0.2984874956289905 -0.07997948340457552 0.9510565162951519
    outer loop
      vertex 265.90756280605103 -19.09958769319174 13.719105943553005
      vertex 267.6631181434828 -23.805568960309166 13.874332644514524
      vertex 266.3690229179702 -18.975939828863822 13.874332644514524
    endloop
  endfacet
  facet normal -0.7814504087735292 -0.20938900595583587 0.5877852522924601
    outer loop
      vertex 264.3528522941885 -19.516171119309483 12.549695958994759
      vertex 265.3617494860827 -24.422218833545813 12.143307179915986
      vertex 265.6469475197011 -24.345800250754827 12.549695958994759
    endloop
  endfacet
  facet normal -0.8464472540039896 -0.22680485814590837 0.48175367410173425
    outer loop
      vertex 264.0676542605701 -19.592589702100472 12.143307179915986
      vertex 265.1279988092728 -24.484852138627254 11.703117166260292
      vertex 265.3617494860827 -24.422218833545813 12.143307179915986
    endloop
  endfacet
  facet normal -0.7814504087735283 -0.20938900595583576 0.5877852522924613
    outer loop
      vertex 264.3528522941885 -19.516171119309483 12.549695958994759
      vertex 264.0676542605701 -19.592589702100472 12.143307179915986
      vertex 265.3617494860827 -24.422218833545813 12.143307179915986
    endloop
  endfacet
  facet normal -0.8464472540039903 -0.22680485814590842 0.48175367410173275
    outer loop
      vertex 264.0676542605701 -19.592589702100472 12.143307179915986
      vertex 263.8339035837602 -19.65522300718191 11.703117166260292
      vertex 265.1279988092728 -24.484852138627254 11.703117166260292
    endloop
  endfacet
  facet normal -0.8980951203957742 -0.24064386223637732 0.3681245526846302
    outer loop
      vertex 263.8339035837602 -19.65522300718191 11.703117166260292
      vertex 264.9493818770806 -24.532712401362687 11.23606797749979
      vertex 265.1279988092728 -24.484852138627254 11.703117166260292
    endloop
  endfacet
  facet normal -0.9355794902428565 -0.25068776886569244 0.24868988716483467
    outer loop
      vertex 263.655286651568 -19.703083269917343 11.23606797749979
      vertex 264.8287155852273 -24.565044836818437 10.749525258342898
      vertex 264.9493818770806 -24.532712401362687 11.23606797749979
    endloop
  endfacet
  facet normal -0.8980951203957742 -0.24064386223637732 0.3681245526846303
    outer loop
      vertex 263.8339035837602 -19.65522300718191 11.703117166260292
      vertex 263.655286651568 -19.703083269917343 11.23606797749979
      vertex 264.9493818770806 -24.532712401362687 11.23606797749979
    endloop
  endfacet
  facet normal -0.9355794902428278 -0.25068776886569594 0.24868988716493876
    outer loop
      vertex 263.655286651568 -19.703083269917343 11.23606797749979
      vertex 263.53462035971467 -19.735415705373097 10.749525258342898
      vertex 264.8287155852273 -24.565044836818437 10.749525258342898
    endloop
  endfacet
  facet normal -0.7041296237807949 -0.18867096405890085 0.6845471059287308
    outer loop
      vertex 264.68499994125614 -19.427172425509806 12.915874509685647
      vertex 265.6469475197011 -24.345800250754827 12.549695958994759
      vertex 265.9790951667688 -24.256801556955146 12.915874509685647
    endloop
  endfacet
  facet normal -0.7041296237808506 -0.1886709640589074 0.6845471059286717
    outer loop
      vertex 264.68499994125614 -19.427172425509806 12.915874509685647
      vertex 264.3528522941885 -19.516171119309483 12.549695958994759
      vertex 265.6469475197011 -24.345800250754827 12.549695958994759
    endloop
  endfacet
  facet normal -0.06065098445946811 -0.016251382306066896 0.9980267284282718
    outer loop
      vertex 266.84563642819967 -18.848231623696073 13.968458805257912
      vertex 268.13973165371226 -23.677860755141417 13.968458805257912
      vertex 268.6239820824806 -23.54810624381852 14
    endloop
  endfacet
  facet normal 0.06065098445947472 0.016251382306068683 0.9980267284282714
    outer loop
      vertex 267.329886856968 -18.71847711237318 14
      vertex 268.6239820824806 -23.54810624381852 14
      vertex 269.1082325112489 -23.418351732495623 13.968458805257912
    endloop
  endfacet
  facet normal 0.18099645112234755 0.04849785291113174 0.9822872507286886
    outer loop
      vertex 267.8141372857363 -18.58872260105028 13.968458805257912
      vertex 269.1082325112489 -23.418351732495623 13.968458805257912
      vertex 269.58484602147837 -23.290643527327873 13.874332644514524
    endloop
  endfacet
  facet normal -0.060650984459468225 -0.016251382306066937 0.9980267284282718
    outer loop
      vertex 266.84563642819967 -18.848231623696073 13.968458805257912
      vertex 268.6239820824806 -23.54810624381852 14
      vertex 267.329886856968 -18.71847711237318 14
    endloop
  endfacet
  facet normal 0.06065098445947464 0.016251382306068648 0.9980267284282714
    outer loop
      vertex 267.329886856968 -18.71847711237318 14
      vertex 269.1082325112489 -23.418351732495623 13.968458805257912
      vertex 267.8141372857363 -18.58872260105028 13.968458805257912
    endloop
  endfacet
  facet normal 0.29848749562895954 0.07997948340456727 0.9510565162951624
    outer loop
      vertex 268.2907507959658 -18.461014395882533 13.874332644514524
      vertex 269.58484602147837 -23.290643527327873 13.874332644514524
      vertex 270.0463061333976 -23.166995662999955 13.719105943553005
    endloop
  endfacet
  facet normal 0.4112712140217778 0.11019978966730666 0.9048270524660138
    outer loop
      vertex 268.75221090788494 -18.337366531554615 13.719105943553005
      vertex 270.0463061333976 -23.166995662999955 13.719105943553005
      vertex 270.4853353453786 -23.04935814019597 13.505226720175454
    endloop
  endfacet
  facet normal 0.18099645112234788 0.048497852911131865 0.9822872507286887
    outer loop
      vertex 267.8141372857363 -18.58872260105028 13.968458805257912
      vertex 269.58484602147837 -23.290643527327873 13.874332644514524
      vertex 268.2907507959658 -18.461014395882533 13.874332644514524
    endloop
  endfacet
  facet normal 0.29848749562898963 0.07997948340457886 0.951056516295152
    outer loop
      vertex 268.2907507959658 -18.461014395882533 13.874332644514524
      vertex 270.0463061333976 -23.166995662999955 13.719105943553005
      vertex 268.75221090788494 -18.337366531554615 13.719105943553005
    endloop
  endfacet
  facet normal 0.41127121402173833 0.11019978966729124 0.9048270524660336
    outer loop
      vertex 268.75221090788494 -18.337366531554615 13.719105943553005
      vertex 270.4853353453786 -23.04935814019597 13.505226720175454
      vertex 269.191240119866 -18.21972900875063 13.505226720175454
    endloop
  endfacet
  facet normal 0.5175689396879015 0.13868217941680444 0.8443279255020213
    outer loop
      vertex 269.191240119866 -18.21972900875063 13.505226720175454
      vertex 270.4853353453786 -23.04935814019597 13.505226720175454
      vertex 270.89500990448516 -22.93958617292379 13.23606797749979
    endloop
  endfacet
  facet normal 0.6157042939944994 0.1649774683522065 0.7705132427757694
    outer loop
      vertex 269.6009146789725 -18.10995704147845 13.23606797749979
      vertex 270.89500990448516 -22.93958617292379 13.23606797749979
      vertex 271.26886899819243 -22.83941093068189 12.915874509685647
    endloop
  endfacet
  facet normal 0.5175689396879479 0.13868217941682295 0.8443279255019898
    outer loop
      vertex 269.191240119866 -18.21972900875063 13.505226720175454
      vertex 270.89500990448516 -22.93958617292379 13.23606797749979
      vertex 269.6009146789725 -18.10995704147845 13.23606797749979
    endloop
  endfacet
  facet normal 0.6157042939944495 0.16497746835218588 0.7705132427758138
    outer loop
      vertex 269.6009146789725 -18.10995704147845 13.23606797749979
      vertex 271.26886899819243 -22.83941093068189 12.915874509685647
      vertex 269.97477377267984 -18.00978179923655 12.915874509685647
    endloop
  endfacet
  facet normal 0.7041296237808506 0.18867096405890751 0.6845471059286719
    outer loop
      vertex 270.3069214197475 -17.920783105436872 12.549695958994759
      vertex 271.26886899819243 -22.83941093068189 12.915874509685647
      vertex 271.6010166452601 -22.750412236882212 12.549695958994759
    endloop
  endfacet
  facet normal 0.7814504087735283 0.2093890059558358 0.5877852522924614
    outer loop
      vertex 270.59211945336585 -17.844364522645883 12.143307179915986
      vertex 271.6010166452601 -22.750412236882212 12.549695958994759
      vertex 271.88621467887845 -22.673993654091223 12.143307179915986
    endloop
  endfacet
  facet normal 0.8464472540039912 0.22680485814590864 0.48175367410173114
    outer loop
      vertex 270.82587013017576 -17.78173121756444 11.70311716626029
      vertex 271.88621467887845 -22.673993654091223 12.143307179915986
      vertex 272.11996535568835 -22.611360349009786 11.70311716626029
    endloop
  endfacet
  facet normal 0.7041296237808506 0.18867096405890751 0.6845471059286717
    outer loop
      vertex 269.97477377267984 -18.00978179923655 12.915874509685647
      vertex 271.26886899819243 -22.83941093068189 12.915874509685647
      vertex 270.3069214197475 -17.920783105436872 12.549695958994759
    endloop
  endfacet
  facet normal 0.7814504087735283 0.2093890059558358 0.5877852522924614
    outer loop
      vertex 270.3069214197475 -17.920783105436872 12.549695958994759
      vertex 271.6010166452601 -22.750412236882212 12.549695958994759
      vertex 270.59211945336585 -17.844364522645883 12.143307179915986
    endloop
  endfacet
  facet normal 0.8464472540039903 0.22680485814590862 0.4817536741017328
    outer loop
      vertex 270.59211945336585 -17.844364522645883 12.143307179915986
      vertex 271.88621467887845 -22.673993654091223 12.143307179915986
      vertex 270.82587013017576 -17.78173121756444 11.70311716626029
    endloop
  endfacet
  facet normal 0.8980951203957376 0.24064386223636772 0.3681245526847261
    outer loop
      vertex 271.004487062368 -17.733870954829012 11.23606797749979
      vertex 272.11996535568835 -22.611360349009786 11.70311716626029
      vertex 272.2985822878806 -22.563500086274352 11.23606797749979
    endloop
  endfacet
  facet normal 0.9355794902428562 0.2506877688656924 0.2486898871648355
    outer loop
      vertex 271.1251533542213 -17.70153851937326 10.7495252583429
      vertex 272.2985822878806 -22.563500086274352 11.23606797749979
      vertex 272.4192485797339 -22.531167650818603 10.7495252583429
    endloop
  endfacet
  facet normal 0.8980951203957384 0.24064386223636772 0.36812455268472444
    outer loop
      vertex 270.82587013017576 -17.78173121756444 11.70311716626029
      vertex 272.11996535568835 -22.611360349009786 11.70311716626029
      vertex 271.004487062368 -17.733870954829012 11.23606797749979
    endloop
  endfacet
  facet normal 0.9355794902428557 0.25068776886569244 0.2486898871648371
    outer loop
      vertex 271.004487062368 -17.733870954829012 11.23606797749979
      vertex 272.2985822878806 -22.563500086274352 11.23606797749979
      vertex 271.1251533542213 -17.70153851937326 10.7495252583429
    endloop
  endfacet
  facet normal -0.958309212640715 -0.25677817962639365 0.1253332335643202
    outer loop
      vertex 263.53462035971467 -19.735415705373097 10.749525258342898
      vertex 264.767902913218 -24.581339543172913 10.251162078117254
      vertex 264.8287155852273 -24.565044836818437 10.749525258342898
    endloop
  endfacet
  facet normal -0.9659258262890689 -0.25881904510251863 0
    outer loop
      vertex 263.4738076877054 -19.751710411727572 10.251162078117254
      vertex 264.767902913218 -24.581339543172913 9.748837921882746
      vertex 264.767902913218 -24.581339543172913 10.251162078117254
    endloop
  endfacet
  facet normal -0.9583092126407178 -0.2567781796263831 -0.1253332335643202
    outer loop
      vertex 263.4738076877054 -19.751710411727572 9.748837921882746
      vertex 264.8287155852273 -24.565044836818437 9.250474741657102
      vertex 264.767902913218 -24.581339543172913 9.748837921882746
    endloop
  endfacet
  facet normal -0.958309212640731 -0.2567781796263866 0.1253332335642126
    outer loop
      vertex 263.53462035971467 -19.735415705373097 10.749525258342898
      vertex 263.4738076877054 -19.751710411727572 10.251162078117254
      vertex 264.767902913218 -24.581339543172913 10.251162078117254
    endloop
  endfacet
  facet normal -0.9659258262890689 -0.25881904510251863 0
    outer loop
      vertex 263.4738076877054 -19.751710411727572 10.251162078117254
      vertex 263.4738076877054 -19.751710411727572 9.748837921882746
      vertex 264.767902913218 -24.581339543172913 9.748837921882746
    endloop
  endfacet
  facet normal -0.9355794902428536 -0.2506877688657029 -0.24868988716483445
    outer loop
      vertex 263.53462035971467 -19.735415705373097 9.250474741657102
      vertex 264.9493818770806 -24.532712401362687 8.76393202250021
      vertex 264.8287155852273 -24.565044836818437 9.250474741657102
    endloop
  endfacet
  facet normal -0.8980951203957742 -0.24064386223637732 -0.3681245526846302
    outer loop
      vertex 263.655286651568 -19.703083269917343 8.76393202250021
      vertex 265.1279988092728 -24.484852138627254 8.296882833739708
      vertex 264.9493818770806 -24.532712401362687 8.76393202250021
    endloop
  endfacet
  facet normal -0.9583092126407281 -0.25677817962639715 -0.1253332335642126
    outer loop
      vertex 263.4738076877054 -19.751710411727572 9.748837921882746
      vertex 263.53462035971467 -19.735415705373097 9.250474741657102
      vertex 264.8287155852273 -24.565044836818437 9.250474741657102
    endloop
  endfacet
  facet normal -0.9355794902428306 -0.2506877688656855 -0.24868988716493884
    outer loop
      vertex 263.53462035971467 -19.735415705373097 9.250474741657102
      vertex 263.655286651568 -19.703083269917343 8.76393202250021
      vertex 264.9493818770806 -24.532712401362687 8.76393202250021
    endloop
  endfacet
  facet normal -0.8980951203957742 -0.2406438622363773 -0.36812455268463024
    outer loop
      vertex 263.655286651568 -19.703083269917343 8.76393202250021
      vertex 263.8339035837602 -19.65522300718191 8.296882833739708
      vertex 265.1279988092728 -24.484852138627254 8.296882833739708
    endloop
  endfacet
  facet normal -0.8464472540039898 -0.22680485814590828 -0.4817536741017341
    outer loop
      vertex 263.8339035837602 -19.65522300718191 8.296882833739708
      vertex 265.3617494860827 -24.422218833545813 7.856692820084014
      vertex 265.1279988092728 -24.484852138627254 8.296882833739708
    endloop
  endfacet
  facet normal -0.7814504087735292 -0.209389005955836 -0.5877852522924601
    outer loop
      vertex 264.0676542605701 -19.592589702100472 7.856692820084014
      vertex 265.6469475197011 -24.345800250754827 7.450304041005241
      vertex 265.3617494860827 -24.422218833545813 7.856692820084014
    endloop
  endfacet
  facet normal -0.8464472540039902 -0.22680485814590864 -0.4817536741017329
    outer loop
      vertex 263.8339035837602 -19.65522300718191 8.296882833739708
      vertex 264.0676542605701 -19.592589702100472 7.856692820084014
      vertex 265.3617494860827 -24.422218833545813 7.856692820084014
    endloop
  endfacet
  facet normal -0.7814504087735283 -0.20938900595583565 -0.5877852522924614
    outer loop
      vertex 264.0676542605701 -19.592589702100472 7.856692820084014
      vertex 264.3528522941885 -19.516171119309483 7.450304041005241
      vertex 265.6469475197011 -24.345800250754827 7.450304041005241
    endloop
  endfacet
  facet normal -0.7041296237807972 -0.18867096405889305 -0.6845471059287307
    outer loop
      vertex 264.3528522941885 -19.516171119309483 7.450304041005241
      vertex 265.9790951667688 -24.25680155695515 7.084125490314354
      vertex 265.6469475197011 -24.345800250754827 7.450304041005241
    endloop
  endfacet
  facet normal -0.6157042939945016 -0.16497746835219979 -0.770513242775769
    outer loop
      vertex 265.05885903496346 -19.326997183267906 6.76393202250021
      vertex 266.35295426047605 -24.156626314713247 6.76393202250021
      vertex 265.9790951667688 -24.25680155695515 7.084125490314354
    endloop
  endfacet
  facet normal -0.5175689396879025 -0.1386821794168046 -0.8443279255020205
    outer loop
      vertex 265.46853359407004 -19.217225215995725 6.494773279824546
      vertex 266.76262881958263 -24.04685434744107 6.494773279824546
      vertex 266.35295426047605 -24.156626314713247 6.76393202250021
    endloop
  endfacet
  facet normal -0.41127121402177824 -0.11019978966730194 -0.904827052466014
    outer loop
      vertex 265.90756280605103 -19.09958769319174 6.280894056446995
      vertex 267.2016580315636 -23.92921682463708 6.280894056446995
      vertex 266.76262881958263 -24.04685434744107 6.494773279824546
    endloop
  endfacet
  facet normal -0.7041296237808486 -0.18867096405891529 -0.6845471059286716
    outer loop
      vertex 264.3528522941885 -19.516171119309483 7.450304041005241
      vertex 264.68499994125614 -19.42717242550981 7.084125490314354
      vertex 265.9790951667688 -24.25680155695515 7.084125490314354
    endloop
  endfacet
  facet normal -0.6157042939944479 -0.16497746835219265 -0.7705132427758137
    outer loop
      vertex 264.68499994125614 -19.42717242550981 7.084125490314354
      vertex 265.05885903496346 -19.326997183267906 6.76393202250021
      vertex 265.9790951667688 -24.25680155695515 7.084125490314354
    endloop
  endfacet
  facet normal -0.5175689396879015 -0.13868217941680444 -0.8443279255020211
    outer loop
      vertex 265.05885903496346 -19.326997183267906 6.76393202250021
      vertex 265.46853359407004 -19.217225215995725 6.494773279824546
      vertex 266.35295426047605 -24.156626314713247 6.76393202250021
    endloop
  endfacet
  facet normal -0.411271214021779 -0.11019978966730207 -0.9048270524660138
    outer loop
      vertex 265.46853359407004 -19.217225215995725 6.494773279824546
      vertex 265.90756280605103 -19.09958769319174 6.280894056446995
      vertex 266.76262881958263 -24.04685434744107 6.494773279824546
    endloop
  endfacet
  facet normal 0.9583092126407178 0.2567781796263831 0.12533323356432052
    outer loop
      vertex 271.18596602623063 -17.685243813018786 10.251162078117256
      vertex 272.4192485797339 -22.531167650818603 10.7495252583429
      vertex 272.4800612517432 -22.514872944464127 10.251162078117256
    endloop
  endfacet
  facet normal 0.9659258262890688 0.25881904510251863 0
    outer loop
      vertex 271.18596602623063 -17.685243813018786 9.748837921882744
      vertex 272.4800612517432 -22.514872944464127 10.251162078117256
      vertex 272.4800612517432 -22.514872944464127 9.748837921882744
    endloop
  endfacet
  facet normal 0.9583092126407181 0.256778179626383 0.1253332335643184
    outer loop
      vertex 271.1251533542213 -17.70153851937326 10.7495252583429
      vertex 272.4192485797339 -22.531167650818603 10.7495252583429
      vertex 271.18596602623063 -17.685243813018786 10.251162078117256
    endloop
  endfacet
  facet normal 0.9659258262890688 0.25881904510251863 0
    outer loop
      vertex 271.18596602623063 -17.685243813018786 10.251162078117256
      vertex 272.4800612517432 -22.514872944464127 10.251162078117256
      vertex 271.18596602623063 -17.685243813018786 9.748837921882744
    endloop
  endfacet
  facet normal 0.9583092126407181 0.25677817962638316 -0.1253332335643184
    outer loop
      vertex 271.18596602623063 -17.685243813018786 9.748837921882744
      vertex 272.4800612517432 -22.514872944464127 9.748837921882744
      vertex 271.1251533542213 -17.70153851937326 9.2504747416571
    endloop
  endfacet
  facet normal 0.9583092126407178 0.2567781796263829 -0.12533323356432044
    outer loop
      vertex 271.1251533542213 -17.70153851937326 9.2504747416571
      vertex 272.4800612517432 -22.514872944464127 9.748837921882744
      vertex 272.4192485797339 -22.531167650818603 9.2504747416571
    endloop
  endfacet
  facet normal 0.9355794902428561 0.25068776886569255 -0.24868988716483534
    outer loop
      vertex 271.004487062368 -17.733870954829012 8.76393202250021
      vertex 272.4192485797339 -22.531167650818603 9.2504747416571
      vertex 272.2985822878806 -22.563500086274352 8.76393202250021
    endloop
  endfacet
  facet normal 0.8980951203957377 0.24064386223636755 -0.3681245526847258
    outer loop
      vertex 270.82587013017576 -17.78173121756444 8.29688283373971
      vertex 272.2985822878806 -22.563500086274352 8.76393202250021
      vertex 272.11996535568835 -22.611360349009786 8.29688283373971
    endloop
  endfacet
  facet normal 0.9355794902428557 0.2506877688656923 -0.2486898871648371
    outer loop
      vertex 271.1251533542213 -17.70153851937326 9.2504747416571
      vertex 272.4192485797339 -22.531167650818603 9.2504747416571
      vertex 271.004487062368 -17.733870954829012 8.76393202250021
    endloop
  endfacet
  facet normal 0.8980951203957382 0.24064386223636788 -0.36812455268472444
    outer loop
      vertex 271.004487062368 -17.733870954829012 8.76393202250021
      vertex 272.2985822878806 -22.563500086274352 8.76393202250021
      vertex 270.82587013017576 -17.78173121756444 8.29688283373971
    endloop
  endfacet
  facet normal 0.4112712140217789 0.11019978966730211 -0.9048270524660137
    outer loop
      vertex 269.191240119866 -18.21972900875063 6.494773279824546
      vertex 270.4853353453786 -23.04935814019597 6.494773279824546
      vertex 270.0463061333976 -23.166995662999955 6.280894056446995
    endloop
  endfacet
  facet normal 0.4112712140217371 0.11019978966729575 -0.9048270524660335
    outer loop
      vertex 268.75221090788494 -18.337366531554615 6.280894056446995
      vertex 269.191240119866 -18.21972900875063 6.494773279824546
      vertex 270.0463061333976 -23.166995662999955 6.280894056446995
    endloop
  endfacet
  facet normal 0.8464472540040324 0.22680485814592988 -0.48175367410164877
    outer loop
      vertex 270.59211945336585 -17.844364522645883 7.856692820084016
      vertex 272.11996535568835 -22.611360349009786 8.29688283373971
      vertex 271.8862146788785 -22.673993654091223 7.856692820084016
    endloop
  endfacet
  facet normal 0.7814504087734797 0.20938900595582277 -0.5877852522925305
    outer loop
      vertex 270.3069214197475 -17.920783105436872 7.45030404100524
      vertex 271.8862146788785 -22.673993654091223 7.856692820084016
      vertex 271.6010166452601 -22.750412236882212 7.45030404100524
    endloop
  endfacet
  facet normal 0.8464472540039896 0.22680485814590826 -0.48175367410173436
    outer loop
      vertex 270.82587013017576 -17.78173121756444 8.29688283373971
      vertex 272.11996535568835 -22.611360349009786 8.29688283373971
      vertex 270.59211945336585 -17.844364522645883 7.856692820084016
    endloop
  endfacet
  facet normal 0.7814504087735278 0.20938900595584484 -0.5877852522924588
    outer loop
      vertex 270.59211945336585 -17.844364522645883 7.856692820084016
      vertex 271.8862146788785 -22.673993654091223 7.856692820084016
      vertex 270.3069214197475 -17.920783105436872 7.45030404100524
    endloop
  endfacet
  facet normal 0.70412962378085 0.18867096405890735 -0.6845471059286725
    outer loop
      vertex 269.97477377267984 -18.00978179923655 7.084125490314353
      vertex 271.6010166452601 -22.750412236882212 7.45030404100524
      vertex 271.26886899819243 -22.83941093068189 7.084125490314353
    endloop
  endfacet
  facet normal 0.6157042939945014 0.16497746835219976 -0.7705132427757693
    outer loop
      vertex 269.97477377267984 -18.00978179923655 7.084125490314353
      vertex 271.26886899819243 -22.83941093068189 7.084125490314353
      vertex 270.89500990448516 -22.93958617292379 6.76393202250021
    endloop
  endfacet
  facet normal 0.5175689396879002 0.1386821794168102 -0.844327925502021
    outer loop
      vertex 269.6009146789725 -18.10995704147845 6.76393202250021
      vertex 270.89500990448516 -22.93958617292379 6.76393202250021
      vertex 270.4853353453786 -23.04935814019597 6.494773279824546
    endloop
  endfacet
  facet normal 0.7041296237808499 0.18867096405890732 -0.6845471059286726
    outer loop
      vertex 270.3069214197475 -17.920783105436872 7.45030404100524
      vertex 271.6010166452601 -22.750412236882212 7.45030404100524
      vertex 269.97477377267984 -18.00978179923655 7.084125490314353
    endloop
  endfacet
  facet normal 0.6157042939944477 0.1649774683521926 -0.7705132427758138
    outer loop
      vertex 269.6009146789725 -18.10995704147845 6.76393202250021
      vertex 269.97477377267984 -18.00978179923655 7.084125490314353
      vertex 270.89500990448516 -22.93958617292379 6.76393202250021
    endloop
  endfacet
  facet normal 0.5175689396879494 0.13868217941681726 -0.8443279255019898
    outer loop
      vertex 269.191240119866 -18.21972900875063 6.494773279824546
      vertex 269.6009146789725 -18.10995704147845 6.76393202250021
      vertex 270.4853353453786 -23.04935814019597 6.494773279824546
    endloop
  endfacet
  facet normal -0.25881904510252246 0.9659258262890679 1.2324502318446635e-14
    outer loop
      vertex 265.46853359407004 -19.217225215995725 13.505226720175454
      vertex 269.6009146789725 -18.10995704147845 13.23606797749979
      vertex 265.05885903496346 -19.326997183267906 13.23606797749979
    endloop
  endfacet
  facet normal -0.258819045102519 0.9659258262890688 2.608564936800416e-14
    outer loop
      vertex 264.68499994125614 -19.427172425509806 12.915874509685647
      vertex 265.05885903496346 -19.326997183267906 13.23606797749979
      vertex 269.97477377267984 -18.00978179923655 12.915874509685647
    endloop
  endfacet
  facet normal -0.2588190451025208 0.9659258262890684 -1.2985275282650931e-14
    outer loop
      vertex 264.68499994125614 -19.427172425509806 12.915874509685647
      vertex 270.3069214197475 -17.920783105436872 12.549695958994759
      vertex 264.3528522941885 -19.516171119309483 12.549695958994759
    endloop
  endfacet
  facet normal -0.25881904510252135 0.9659258262890681 -5.015209350033256e-15
    outer loop
      vertex 264.3528522941885 -19.516171119309483 12.549695958994759
      vertex 270.59211945336585 -17.844364522645883 12.143307179915986
      vertex 264.0676542605701 -19.592589702100472 12.143307179915986
    endloop
  endfacet
  facet normal -0.2588190451025205 0.9659258262890684 1.0679353423135479e-14
    outer loop
      vertex 264.0676542605701 -19.592589702100472 12.143307179915986
      vertex 270.82587013017576 -17.78173121756444 11.70311716626029
      vertex 263.8339035837602 -19.65522300718191 11.703117166260292
    endloop
  endfacet
  facet normal -0.2588190451025175 0.9659258262890692 2.0679236619568782e-14
    outer loop
      vertex 263.655286651568 -19.703083269917343 11.23606797749979
      vertex 266.5484152842384 -18.927871789193958 10.669295189236124
      vertex 263.53462035971467 -19.735415705373097 10.749525258342898
    endloop
  endfacet
  facet normal -0.2588190451025158 0.9659258262890696 8.906344228455691e-14
    outer loop
      vertex 263.53462035971467 -19.735415705373097 10.749525258342898
      vertex 266.5484152842384 -18.927871789193958 10.669295189236124
      vertex 266.47355080041353 -18.94793166717659 10.562618134727947
    endloop
  endfacet
  facet normal -0.25881904510252046 0.9659258262890684 -1.90113027431147e-14
    outer loop
      vertex 263.8339035837602 -19.65522300718191 11.703117166260292
      vertex 271.004487062368 -17.733870954829012 11.23606797749979
      vertex 263.655286651568 -19.703083269917343 11.23606797749979
    endloop
  endfacet
  facet normal -0.25881904510252435 0.9659258262890673 -1.992522543642538e-14
    outer loop
      vertex 263.655286651568 -19.703083269917343 11.23606797749979
      vertex 266.9565267936023 -18.81851863983805 10.976265310182663
      vertex 266.84128162545727 -18.849398489574096 10.920122014046056
    endloop
  endfacet
  facet normal -0.2588190451025246 0.9659258262890673 -2.024155464267568e-14
    outer loop
      vertex 263.655286651568 -19.703083269917343 11.23606797749979
      vertex 266.7337420536918 -18.878213630983044 10.849467844093695
      vertex 266.63560404159364 -18.904509632071544 10.765417058792483
    endloop
  endfacet
  facet normal -0.2588190451025241 0.9659258262890675 -1.6556907883631893e-14
    outer loop
      vertex 263.655286651568 -19.703083269917343 11.23606797749979
      vertex 266.84128162545727 -18.849398489574096 10.920122014046056
      vertex 266.7337420536918 -18.878213630983044 10.849467844093695
    endloop
  endfacet
  facet normal -0.25881904510251735 0.9659258262890693 7.752873889893503e-14
    outer loop
      vertex 263.655286651568 -19.703083269917343 11.23606797749979
      vertex 267.0776600729811 -18.786061075451972 11.017012319185064
      vertex 266.9565267936023 -18.81851863983805 10.976265310182663
    endloop
  endfacet
  facet normal -0.2588190451025289 0.9659258262890661 -1.187645610929747e-13
    outer loop
      vertex 263.655286651568 -19.703083269917343 11.23606797749979
      vertex 267.2027711194163 -18.752537671595437 11.041720436380201
      vertex 267.0776600729811 -18.786061075451972 11.017012319185064
    endloop
  endfacet
  facet normal -0.2588190451024838 0.9659258262890782 7.615152940409077e-13
    outer loop
      vertex 263.655286651568 -19.703083269917343 11.23606797749979
      vertex 267.329886856968 -18.71847711237318 11.05
      vertex 267.2027711194163 -18.752537671595437 11.041720436380201
    endloop
  endfacet
  facet normal -0.2588190451025227 0.9659258262890678 -9.168295529292776e-15
    outer loop
      vertex 263.655286651568 -19.703083269917343 11.23606797749979
      vertex 266.63560404159364 -18.904509632071544 10.765417058792483
      vertex 266.5484152842384 -18.927871789193958 10.669295189236124
    endloop
  endfacet
  facet normal -0.25881904510252235 0.9659258262890679 3.4227917313608784e-13
    outer loop
      vertex 266.84563642819967 -18.848231623696073 13.968458805257912
      vertex 267.329886856968 -18.71847711237318 14
      vertex 267.8141372857363 -18.58872260105028 13.968458805257912
    endloop
  endfacet
  facet normal -0.25881904510252235 0.9659258262890679 -3.940836895123803e-14
    outer loop
      vertex 266.84563642819967 -18.848231623696073 13.968458805257912
      vertex 267.8141372857363 -18.58872260105028 13.968458805257912
      vertex 268.2907507959658 -18.461014395882533 13.874332644514524
    endloop
  endfacet
  facet normal -0.25881904510252157 0.9659258262890681 -7.771574403612868e-15
    outer loop
      vertex 265.90756280605103 -19.09958769319174 13.719105943553005
      vertex 266.3690229179702 -18.975939828863822 13.874332644514524
      vertex 268.75221090788494 -18.337366531554615 13.719105943553005
    endloop
  endfacet
  facet normal -0.2588190451025204 0.9659258262890684 -7.558958437994431e-15
    outer loop
      vertex 266.3690229179702 -18.975939828863822 13.874332644514524
      vertex 266.84563642819967 -18.848231623696073 13.968458805257912
      vertex 268.2907507959658 -18.461014395882533 13.874332644514524
    endloop
  endfacet
  facet normal -0.25881904510252046 0.9659258262890684 -2.612933390903992e-14
    outer loop
      vertex 265.46853359407004 -19.217225215995725 13.505226720175454
      vertex 265.90756280605103 -19.09958769319174 13.719105943553005
      vertex 269.191240119866 -18.21972900875063 13.505226720175454
    endloop
  endfacet
  facet normal -0.25881904510252046 0.9659258262890685 1.1503915111309648e-14
    outer loop
      vertex 266.3690229179702 -18.975939828863822 13.874332644514524
      vertex 268.2907507959658 -18.461014395882533 13.874332644514524
      vertex 268.75221090788494 -18.337366531554615 13.719105943553005
    endloop
  endfacet
  facet normal -0.25881904510252157 0.965925826289068 -4.512288148046182e-14
    outer loop
      vertex 265.90756280605103 -19.09958769319174 13.719105943553005
      vertex 268.75221090788494 -18.337366531554615 13.719105943553005
      vertex 269.191240119866 -18.21972900875063 13.505226720175454
    endloop
  endfacet
  facet normal -0.25881904510252046 0.9659258262890685 4.537875463287502e-14
    outer loop
      vertex 265.46853359407004 -19.217225215995725 13.505226720175454
      vertex 269.191240119866 -18.21972900875063 13.505226720175454
      vertex 269.6009146789725 -18.10995704147845 13.23606797749979
    endloop
  endfacet
  facet normal -0.25881904510252246 0.9659258262890679 -3.067484807193176e-14
    outer loop
      vertex 265.05885903496346 -19.326997183267906 13.23606797749979
      vertex 269.6009146789725 -18.10995704147845 13.23606797749979
      vertex 269.97477377267984 -18.00978179923655 12.915874509685647
    endloop
  endfacet
  facet normal -0.258819045102519 0.9659258262890686 1.4615979645108452e-14
    outer loop
      vertex 264.68499994125614 -19.427172425509806 12.915874509685647
      vertex 269.97477377267984 -18.00978179923655 12.915874509685647
      vertex 270.3069214197475 -17.920783105436872 12.549695958994759
    endloop
  endfacet
  facet normal -0.2588190451025207 0.9659258262890683 5.67294270232332e-15
    outer loop
      vertex 264.3528522941885 -19.516171119309483 12.549695958994759
      vertex 270.3069214197475 -17.920783105436872 12.549695958994759
      vertex 270.59211945336585 -17.844364522645883 12.143307179915986
    endloop
  endfacet
  facet normal -0.25881904510252135 0.9659258262890681 -2.9871627887330015e-15
    outer loop
      vertex 264.0676542605701 -19.592589702100472 12.143307179915986
      vertex 270.59211945336585 -17.844364522645883 12.143307179915986
      vertex 270.82587013017576 -17.78173121756444 11.70311716626029
    endloop
  endfacet
  facet normal -0.25881904510252046 0.9659258262890684 -9.410734613436316e-15
    outer loop
      vertex 263.655286651568 -19.703083269917343 11.23606797749979
      vertex 271.004487062368 -17.733870954829012 11.23606797749979
      vertex 267.329886856968 -18.71847711237318 11.05
    endloop
  endfacet
  facet normal -0.25881904510252046 0.9659258262890683 -1.9966209484493055e-14
    outer loop
      vertex 263.8339035837602 -19.65522300718191 11.703117166260292
      vertex 270.82587013017576 -17.78173121756444 11.70311716626029
      vertex 271.004487062368 -17.733870954829012 11.23606797749979
    endloop
  endfacet
  facet normal -0.25881904510254294 0.9659258262890623 4.680146077960591e-13
    outer loop
      vertex 267.329886856968 -18.71847711237318 11.05
      vertex 271.004487062368 -17.733870954829012 11.23606797749979
      vertex 267.4570025945197 -18.684416553150918 11.041720436380201
    endloop
  endfacet
  facet normal -0.2588190451025259 0.9659258262890669 1.332509642101605e-13
    outer loop
      vertex 267.4570025945197 -18.684416553150918 11.041720436380201
      vertex 271.004487062368 -17.733870954829012 11.23606797749979
      vertex 267.5821136409549 -18.650893149294383 11.017012319185064
    endloop
  endfacet
  facet normal -0.258819045102514 0.9659258262890702 -6.589942806409393e-14
    outer loop
      vertex 267.5821136409549 -18.650893149294383 11.017012319185064
      vertex 271.004487062368 -17.733870954829012 11.23606797749979
      vertex 267.7032469203337 -18.618435584908305 10.976265310182663
    endloop
  endfacet
  facet normal -0.258819045102518 0.965925826289069 3.2868954929028546e-14
    outer loop
      vertex 267.7032469203337 -18.618435584908305 10.976265310182663
      vertex 271.1251533542213 -17.70153851937326 10.7495252583429
      vertex 267.8184920884787 -18.58755573517226 10.920122014046056
    endloop
  endfacet
  facet normal -0.25881904510251835 0.9659258262890689 2.4657466477576292e-14
    outer loop
      vertex 267.8184920884787 -18.58755573517226 10.920122014046056
      vertex 271.1251533542213 -17.70153851937326 10.7495252583429
      vertex 267.9260316602442 -18.55874059376331 10.849467844093695
    endloop
  endfacet
  facet normal -0.2588190451025195 0.9659258262890688 -1.3607708666859653e-14
    outer loop
      vertex 267.9260316602442 -18.55874059376331 10.849467844093695
      vertex 271.1251533542213 -17.70153851937326 10.7495252583429
      vertex 268.02416967234234 -18.532444592674814 10.765417058792483
    endloop
  endfacet
  facet normal -0.25881904510251924 0.9659258262890688 4.8118874317965826e-14
    outer loop
      vertex 268.02416967234234 -18.532444592674814 10.765417058792483
      vertex 271.1251533542213 -17.70153851937326 10.7495252583429
      vertex 268.1113584296976 -18.509082435552397 10.669295189236124
    endloop
  endfacet
  facet normal -0.2588190451025166 0.9659258262890693 -5.721998727656733e-14
    outer loop
      vertex 268.1113584296976 -18.509082435552397 10.669295189236124
      vertex 271.1251533542213 -17.70153851937326 10.7495252583429
      vertex 268.18622291352244 -18.48902255756976 10.562618134727947
    endloop
  endfacet
  facet normal -0.25881904510251946 0.9659258262890686 8.906354893918695e-15
    outer loop
      vertex 267.7032469203337 -18.618435584908305 10.976265310182663
      vertex 271.004487062368 -17.733870954829012 11.23606797749979
      vertex 271.1251533542213 -17.70153851937326 10.7495252583429
    endloop
  endfacet
  facet normal -0.258819045102525 0.965925826289067 -2.833863541873937e-14
    outer loop
      vertex 263.53462035971467 -19.735415705373097 10.749525258342898
      vertex 266.333629401439 -18.985423493035654 10.196750380315011
      vertex 263.4738076877054 -19.751710411727572 10.251162078117254
    endloop
  endfacet
  facet normal -0.25881904510252635 0.9659258262890669 -8.797579020363298e-14
    outer loop
      vertex 263.53462035971467 -19.735415705373097 10.749525258342898
      vertex 266.47355080041353 -18.94793166717659 10.562618134727947
      vertex 266.41219124775097 -18.96437290976047 10.447068256143327
    endloop
  endfacet
  facet normal -0.25881904510251286 0.9659258262890703 4.7925223238502994e-14
    outer loop
      vertex 263.53462035971467 -19.735415705373097 10.749525258342898
      vertex 266.41219124775097 -18.96437290976047 10.447068256143327
      vertex 266.3653043030505 -18.97693622872852 10.324467844093695
    endloop
  endfacet
  facet normal -0.25881904510251935 0.9659258262890686 3.431736361020404e-15
    outer loop
      vertex 263.53462035971467 -19.735415705373097 10.749525258342898
      vertex 266.3653043030505 -18.97693622872852 10.324467844093695
      vertex 266.333629401439 -18.985423493035654 10.196750380315011
    endloop
  endfacet
  facet normal -0.2588190451025258 0.9659258262890669 -7.206646358142939e-14
    outer loop
      vertex 263.4738076877054 -19.751710411727572 10.251162078117254
      vertex 266.333629401439 -18.985423493035654 10.196750380315011
      vertex 266.3176660750366 -18.989700853453705 10.065930045505779
    endloop
  endfacet
  facet normal -0.2588190451025214 0.9659258262890682 0
    outer loop
      vertex 263.4738076877054 -19.751710411727572 10.251162078117254
      vertex 266.3176660750366 -18.989700853453705 10.065930045505779
      vertex 263.4738076877054 -19.751710411727572 9.748837921882746
    endloop
  endfacet
  facet normal -0.25881904510252146 0.9659258262890682 0
    outer loop
      vertex 266.3176660750366 -18.989700853453705 10.065930045505779
      vertex 266.3176660750366 -18.989700853453705 9.934069954494221
      vertex 263.4738076877054 -19.751710411727572 9.748837921882746
    endloop
  endfacet
  facet normal -0.2588190451025258 0.9659258262890669 7.223179463007231e-14
    outer loop
      vertex 266.3176660750366 -18.989700853453705 9.934069954494221
      vertex 266.333629401439 -18.985423493035654 9.803249619684989
      vertex 263.4738076877054 -19.751710411727572 9.748837921882746
    endloop
  endfacet
  facet normal -0.25881904510252446 0.9659258262890674 -4.703027813991997e-15
    outer loop
      vertex 266.333629401439 -18.985423493035654 9.803249619684989
      vertex 266.3653043030505 -18.97693622872852 9.675532155906305
      vertex 263.4738076877054 -19.751710411727572 9.748837921882746
    endloop
  endfacet
  facet normal -0.2588190451025255 0.965925826289067 -5.254109692716921e-14
    outer loop
      vertex 263.4738076877054 -19.751710411727572 9.748837921882746
      vertex 266.3653043030505 -18.97693622872852 9.675532155906305
      vertex 266.41219124775097 -18.96437290976047 9.552931743856673
    endloop
  endfacet
  facet normal -0.25881904510252046 0.9659258262890683 2.893308976187268e-14
    outer loop
      vertex 263.4738076877054 -19.751710411727572 9.748837921882746
      vertex 266.41219124775097 -18.96437290976047 9.552931743856673
      vertex 263.53462035971467 -19.735415705373097 9.250474741657102
    endloop
  endfacet
  facet normal -0.25881904510252135 0.9659258262890682 -2.1692868078018963e-14
    outer loop
      vertex 263.53462035971467 -19.735415705373097 9.250474741657102
      vertex 266.9565267936023 -18.81851863983805 9.023734689817337
      vertex 263.655286651568 -19.703083269917343 8.76393202250021
    endloop
  endfacet
  facet normal -0.25881904510252635 0.9659258262890669 8.797579020363298e-14
    outer loop
      vertex 263.53462035971467 -19.735415705373097 9.250474741657102
      vertex 266.41219124775097 -18.96437290976047 9.552931743856673
      vertex 266.47355080041353 -18.94793166717659 9.437381865272053
    endloop
  endfacet
  facet normal -0.2588190451025158 0.9659258262890696 -8.906344228455691e-14
    outer loop
      vertex 263.53462035971467 -19.735415705373097 9.250474741657102
      vertex 266.47355080041353 -18.94793166717659 9.437381865272053
      vertex 266.5484152842384 -18.927871789193958 9.330704810763876
    endloop
  endfacet
  facet normal -0.25881904510251835 0.965925826289069 1.4458253316196578e-14
    outer loop
      vertex 263.53462035971467 -19.735415705373097 9.250474741657102
      vertex 266.5484152842384 -18.927871789193958 9.330704810763876
      vertex 266.63560404159364 -18.904509632071544 9.234582941207519
    endloop
  endfacet
  facet normal -0.2588190451025183 0.9659258262890689 2.814674340217299e-14
    outer loop
      vertex 263.53462035971467 -19.735415705373097 9.250474741657102
      vertex 266.63560404159364 -18.904509632071544 9.234582941207519
      vertex 266.7337420536918 -18.878213630983044 9.150532155906305
    endloop
  endfacet
  facet normal -0.2588190451025184 0.9659258262890689 2.3910270523710367e-14
    outer loop
      vertex 263.53462035971467 -19.735415705373097 9.250474741657102
      vertex 266.7337420536918 -18.878213630983044 9.150532155906305
      vertex 266.84128162545727 -18.849398489574096 9.079877985953944
    endloop
  endfacet
  facet normal -0.2588190451025179 0.965925826289069 3.3595786856206117e-14
    outer loop
      vertex 263.53462035971467 -19.735415705373097 9.250474741657102
      vertex 266.84128162545727 -18.849398489574096 9.079877985953944
      vertex 266.9565267936023 -18.81851863983805 9.023734689817337
    endloop
  endfacet
  facet normal -0.25881904510251735 0.9659258262890693 -7.752873889893503e-14
    outer loop
      vertex 263.655286651568 -19.703083269917343 8.76393202250021
      vertex 266.9565267936023 -18.81851863983805 9.023734689817337
      vertex 267.0776600729811 -18.786061075451972 8.982987680814936
    endloop
  endfacet
  facet normal -0.2588190451025289 0.9659258262890661 1.187645610929747e-13
    outer loop
      vertex 263.655286651568 -19.703083269917343 8.76393202250021
      vertex 267.0776600729811 -18.786061075451972 8.982987680814936
      vertex 267.2027711194163 -18.752537671595437 8.958279563619799
    endloop
  endfacet
  facet normal -0.2588190451024838 0.9659258262890782 -7.615152940409077e-13
    outer loop
      vertex 263.655286651568 -19.703083269917343 8.76393202250021
      vertex 267.2027711194163 -18.752537671595437 8.958279563619799
      vertex 267.329886856968 -18.71847711237318 8.95
    endloop
  endfacet
  facet normal -0.2588190451025205 0.9659258262890684 1.8997454254571033e-14
    outer loop
      vertex 263.655286651568 -19.703083269917343 8.76393202250021
      vertex 270.82587013017576 -17.78173121756444 8.29688283373971
      vertex 263.8339035837602 -19.65522300718191 8.296882833739708
    endloop
  endfacet
  facet normal -0.25881904510252135 0.9659258262890681 -1.1164520922889637e-14
    outer loop
      vertex 263.8339035837602 -19.65522300718191 8.296882833739708
      vertex 270.59211945336585 -17.844364522645883 7.856692820084016
      vertex 264.0676542605701 -19.592589702100472 7.856692820084014
    endloop
  endfacet
  facet normal -0.25881904510252074 0.9659258262890683 5.495663242875717e-15
    outer loop
      vertex 264.0676542605701 -19.592589702100472 7.856692820084014
      vertex 270.3069214197475 -17.920783105436872 7.45030404100524
      vertex 264.3528522941885 -19.516171119309483 7.450304041005241
    endloop
  endfacet
  facet normal -0.25881904510251963 0.9659258262890685 4.650538977989064e-15
    outer loop
      vertex 264.3528522941885 -19.516171119309483 7.450304041005241
      vertex 269.97477377267984 -18.00978179923655 7.084125490314353
      vertex 264.68499994125614 -19.42717242550981 7.084125490314354
    endloop
  endfacet
  facet normal -0.25881904510252246 0.9659258262890679 -1.9614205738302464e-14
    outer loop
      vertex 264.68499994125614 -19.42717242550981 7.084125490314354
      vertex 269.6009146789725 -18.10995704147845 6.76393202250021
      vertex 265.05885903496346 -19.326997183267906 6.76393202250021
    endloop
  endfacet
  facet normal -0.25881904510252046 0.9659258262890685 -9.043643317164951e-15
    outer loop
      vertex 265.05885903496346 -19.326997183267906 6.76393202250021
      vertex 269.191240119866 -18.21972900875063 6.494773279824546
      vertex 265.46853359407004 -19.217225215995725 6.494773279824546
    endloop
  endfacet
  facet normal -0.25881904510252157 0.965925826289068 2.3619008274929234e-14
    outer loop
      vertex 265.46853359407004 -19.217225215995725 6.494773279824546
      vertex 268.75221090788494 -18.337366531554615 6.280894056446995
      vertex 265.90756280605103 -19.09958769319174 6.280894056446995
    endloop
  endfacet
  facet normal -0.25881904510252046 0.9659258262890684 9.410734613436316e-15
    outer loop
      vertex 263.655286651568 -19.703083269917343 8.76393202250021
      vertex 267.329886856968 -18.71847711237318 8.95
      vertex 271.004487062368 -17.733870954829012 8.76393202250021
    endloop
  endfacet
  facet normal -0.25881904510252035 0.9659258262890684 -2.152398024872115e-14
    outer loop
      vertex 267.9260316602442 -18.55874059376331 9.150532155906305
      vertex 271.004487062368 -17.733870954829012 8.76393202250021
      vertex 267.8184920884787 -18.58755573517226 9.079877985953944
    endloop
  endfacet
  facet normal -0.2588190451025244 0.9659258262890673 -4.309917496582649e-14
    outer loop
      vertex 268.02416967234234 -18.532444592674814 9.234582941207517
      vertex 268.1113584296976 -18.509082435552397 9.330704810763876
      vertex 271.004487062368 -17.733870954829012 8.76393202250021
    endloop
  endfacet
  facet normal -0.2588190451025166 0.9659258262890694 9.94004915488524e-15
    outer loop
      vertex 268.02416967234234 -18.532444592674814 9.234582941207517
      vertex 271.004487062368 -17.733870954829012 8.76393202250021
      vertex 267.9260316602442 -18.55874059376331 9.150532155906305
    endloop
  endfacet
  facet normal -0.25881904510254294 0.9659258262890623 -4.677667187029468e-13
    outer loop
      vertex 267.4570025945197 -18.684416553150918 8.958279563619799
      vertex 271.004487062368 -17.733870954829012 8.76393202250021
      vertex 267.329886856968 -18.71847711237318 8.95
    endloop
  endfacet
  facet normal -0.258819045102514 0.9659258262890702 6.589942806409393e-14
    outer loop
      vertex 267.5821136409549 -18.650893149294383 8.982987680814936
      vertex 267.7032469203337 -18.618435584908305 9.023734689817337
      vertex 271.004487062368 -17.733870954829012 8.76393202250021
    endloop
  endfacet
  facet normal -0.2588190451025259 0.9659258262890669 -1.332509642101605e-13
    outer loop
      vertex 267.4570025945197 -18.684416553150918 8.958279563619799
      vertex 267.5821136409549 -18.650893149294383 8.982987680814936
      vertex 271.004487062368 -17.733870954829012 8.76393202250021
    endloop
  endfacet
  facet normal -0.2588190451025208 0.9659258262890683 -2.6836788009685072e-14
    outer loop
      vertex 267.7032469203337 -18.618435584908305 9.023734689817337
      vertex 267.8184920884787 -18.58755573517226 9.079877985953944
      vertex 271.004487062368 -17.733870954829012 8.76393202250021
    endloop
  endfacet
  facet normal -0.25881904510252046 0.9659258262890683 1.9495567644541685e-14
    outer loop
      vertex 263.655286651568 -19.703083269917343 8.76393202250021
      vertex 271.004487062368 -17.733870954829012 8.76393202250021
      vertex 270.82587013017576 -17.78173121756444 8.29688283373971
    endloop
  endfacet
  facet normal -0.2588190451025236 0.9659258262890676 6.061699954351884e-14
    outer loop
      vertex 268.18622291352244 -18.48902255756976 10.562618134727947
      vertex 271.1251533542213 -17.70153851937326 10.7495252583429
      vertex 268.247582466185 -18.472581314985884 10.447068256143327
    endloop
  endfacet
  facet normal -0.2588190451025179 0.965925826289069 -2.1631200152064555e-14
    outer loop
      vertex 268.247582466185 -18.472581314985884 10.447068256143327
      vertex 271.18596602623063 -17.685243813018786 10.251162078117256
      vertex 268.2944694108855 -18.460017996017832 10.324467844093695
    endloop
  endfacet
  facet normal -0.2588190451025174 0.9659258262890692 -2.8400808740805527e-15
    outer loop
      vertex 268.2944694108855 -18.460017996017832 10.324467844093695
      vertex 271.18596602623063 -17.685243813018786 10.251162078117256
      vertex 268.326144312497 -18.451530731710697 10.196750380315011
    endloop
  endfacet
  facet normal -0.2588190451025163 0.9659258262890694 -6.521639607954796e-14
    outer loop
      vertex 268.326144312497 -18.451530731710697 10.196750380315011
      vertex 271.18596602623063 -17.685243813018786 10.251162078117256
      vertex 268.34210763889945 -18.44725337129265 10.06593004550578
    endloop
  endfacet
  facet normal -0.2588190451025203 0.9659258262890685 0
    outer loop
      vertex 268.34210763889945 -18.44725337129265 10.06593004550578
      vertex 271.18596602623063 -17.685243813018786 10.251162078117256
      vertex 268.34210763889945 -18.44725337129265 9.93406995449422
    endloop
  endfacet
  facet normal -0.25881904510251696 0.9659258262890693 -7.087914812477825e-15
    outer loop
      vertex 268.247582466185 -18.472581314985884 10.447068256143327
      vertex 271.1251533542213 -17.70153851937326 10.7495252583429
      vertex 271.18596602623063 -17.685243813018786 10.251162078117256
    endloop
  endfacet
  facet normal -0.25881904510251635 0.9659258262890694 6.522086448626803e-14
    outer loop
      vertex 268.34210763889945 -18.44725337129265 9.93406995449422
      vertex 271.18596602623063 -17.685243813018786 9.748837921882744
      vertex 268.326144312497 -18.451530731710697 9.803249619684989
    endloop
  endfacet
  facet normal -0.25881904510251813 0.9659258262890691 3.0206429427731683e-15
    outer loop
      vertex 268.326144312497 -18.451530731710697 9.803249619684989
      vertex 271.1251533542213 -17.70153851937326 9.2504747416571
      vertex 268.2944694108855 -18.460017996017832 9.675532155906305
    endloop
  endfacet
  facet normal -0.2588190451025203 0.9659258262890684 0
    outer loop
      vertex 268.34210763889945 -18.44725337129265 9.93406995449422
      vertex 271.18596602623063 -17.685243813018786 10.251162078117256
      vertex 271.18596602623063 -17.685243813018786 9.748837921882744
    endloop
  endfacet
  facet normal -0.25881904510251735 0.9659258262890692 6.906369426553563e-15
    outer loop
      vertex 268.326144312497 -18.451530731710697 9.803249619684989
      vertex 271.18596602623063 -17.685243813018786 9.748837921882744
      vertex 271.1251533542213 -17.70153851937326 9.2504747416571
    endloop
  endfacet
  facet normal -0.2588190451025156 0.9659258262890696 2.0729850752934778e-14
    outer loop
      vertex 268.2944694108855 -18.460017996017832 9.675532155906305
      vertex 271.1251533542213 -17.70153851937326 9.2504747416571
      vertex 268.247582466185 -18.472581314985884 9.552931743856673
    endloop
  endfacet
  facet normal -0.2588190451025236 0.9659258262890676 -6.061699954351884e-14
    outer loop
      vertex 268.18622291352244 -18.48902255756976 9.437381865272053
      vertex 268.247582466185 -18.472581314985884 9.552931743856673
      vertex 271.1251533542213 -17.70153851937326 9.2504747416571
    endloop
  endfacet
  facet normal -0.2588190451025166 0.9659258262890693 5.721998727656733e-14
    outer loop
      vertex 268.18622291352244 -18.48902255756976 9.437381865272053
      vertex 271.1251533542213 -17.70153851937326 9.2504747416571
      vertex 268.1113584296976 -18.509082435552397 9.330704810763876
    endloop
  endfacet
  facet normal -0.25881904510251824 0.965925826289069 -9.299753315080618e-15
    outer loop
      vertex 268.1113584296976 -18.509082435552397 9.330704810763876
      vertex 271.1251533542213 -17.70153851937326 9.2504747416571
      vertex 271.004487062368 -17.733870954829012 8.76393202250021
    endloop
  endfacet
  facet normal -0.2588190451025205 0.9659258262890684 2.7874331936405827e-15
    outer loop
      vertex 263.8339035837602 -19.65522300718191 8.296882833739708
      vertex 270.82587013017576 -17.78173121756444 8.29688283373971
      vertex 270.59211945336585 -17.844364522645883 7.856692820084016
    endloop
  endfacet
  facet normal -0.25881904510252135 0.9659258262890682 -5.176990296808489e-15
    outer loop
      vertex 264.0676542605701 -19.592589702100472 7.856692820084014
      vertex 270.59211945336585 -17.844364522645883 7.856692820084016
      vertex 270.3069214197475 -17.920783105436872 7.45030404100524
    endloop
  endfacet
  facet normal -0.25881904510252046 0.9659258262890684 4.256118306833307e-14
    outer loop
      vertex 265.46853359407004 -19.217225215995725 6.494773279824546
      vertex 269.191240119866 -18.21972900875063 6.494773279824546
      vertex 268.75221090788494 -18.337366531554615 6.280894056446995
    endloop
  endfacet
  facet normal -0.2588190451025207 0.9659258262890683 -1.3378768473034319e-14
    outer loop
      vertex 264.3528522941885 -19.516171119309483 7.450304041005241
      vertex 270.3069214197475 -17.920783105436872 7.45030404100524
      vertex 269.97477377267984 -18.00978179923655 7.084125490314353
    endloop
  endfacet
  facet normal -0.25881904510251963 0.9659258262890686 2.684542556318874e-14
    outer loop
      vertex 264.68499994125614 -19.42717242550981 7.084125490314354
      vertex 269.97477377267984 -18.00978179923655 7.084125490314353
      vertex 269.6009146789725 -18.10995704147845 6.76393202250021
    endloop
  endfacet
  facet normal -0.25881904510252246 0.9659258262890679 -4.2105061301454697e-14
    outer loop
      vertex 265.05885903496346 -19.326997183267906 6.76393202250021
      vertex 269.6009146789725 -18.10995704147845 6.76393202250021
      vertex 269.191240119866 -18.21972900875063 6.494773279824546
    endloop
  endfacet
  facet normal -0.2984874956289911 -0.07997948340457565 -0.9510565162951518
    outer loop
      vertex 266.3690229179702 -18.975939828863822 6.125667355485476
      vertex 267.6631181434828 -23.805568960309166 6.125667355485476
      vertex 267.2016580315636 -23.92921682463708 6.280894056446995
    endloop
  endfacet
  facet normal -0.18099645112234755 -0.04849785291113174 -0.9822872507286888
    outer loop
      vertex 266.84563642819967 -18.848231623696073 6.031541194742088
      vertex 268.13973165371226 -23.677860755141417 6.031541194742088
      vertex 267.6631181434828 -23.805568960309166 6.125667355485476
    endloop
  endfacet
  facet normal -0.2984874956289905 -0.07997948340457556 -0.9510565162951519
    outer loop
      vertex 265.90756280605103 -19.09958769319174 6.280894056446995
      vertex 266.3690229179702 -18.975939828863822 6.125667355485476
      vertex 267.2016580315636 -23.92921682463708 6.280894056446995
    endloop
  endfacet
  facet normal -0.18099645112234755 -0.04849785291113174 -0.9822872507286886
    outer loop
      vertex 266.3690229179702 -18.975939828863822 6.125667355485476
      vertex 266.84563642819967 -18.848231623696073 6.031541194742088
      vertex 267.6631181434828 -23.805568960309166 6.125667355485476
    endloop
  endfacet
  facet normal -0.06065098445946813 -0.016251382306066913 -0.9980267284282718
    outer loop
      vertex 267.329886856968 -18.71847711237318 6
      vertex 268.6239820824806 -23.54810624381852 6
      vertex 268.13973165371226 -23.677860755141417 6.031541194742088
    endloop
  endfacet
  facet normal 0.060650984459474734 0.016251382306068672 -0.9980267284282714
    outer loop
      vertex 267.8141372857363 -18.58872260105028 6.031541194742088
      vertex 269.1082325112489 -23.418351732495623 6.031541194742088
      vertex 268.6239820824806 -23.54810624381852 6
    endloop
  endfacet
  facet normal 0.18099645112234758 0.04849785291113178 -0.9822872507286888
    outer loop
      vertex 268.2907507959658 -18.461014395882533 6.125667355485476
      vertex 269.58484602147837 -23.290643527327873 6.125667355485476
      vertex 269.1082325112489 -23.418351732495623 6.031541194742088
    endloop
  endfacet
  facet normal 0.29848749562895854 0.07997948340457052 -0.9510565162951624
    outer loop
      vertex 268.75221090788494 -18.337366531554615 6.280894056446995
      vertex 270.0463061333976 -23.166995662999955 6.280894056446995
      vertex 269.58484602147837 -23.290643527327873 6.125667355485476
    endloop
  endfacet
  facet normal -0.060650984459468225 -0.016251382306066927 -0.9980267284282718
    outer loop
      vertex 266.84563642819967 -18.848231623696073 6.031541194742088
      vertex 267.329886856968 -18.71847711237318 6
      vertex 268.13973165371226 -23.677860755141417 6.031541194742088
    endloop
  endfacet
  facet normal 0.06065098445947462 0.016251382306068655 -0.9980267284282714
    outer loop
      vertex 267.329886856968 -18.71847711237318 6
      vertex 267.8141372857363 -18.58872260105028 6.031541194742088
      vertex 268.6239820824806 -23.54810624381852 6
    endloop
  endfacet
  facet normal 0.1809964511223479 0.04849785291113183 -0.9822872507286888
    outer loop
      vertex 267.8141372857363 -18.58872260105028 6.031541194742088
      vertex 268.2907507959658 -18.461014395882533 6.125667355485476
      vertex 269.1082325112489 -23.418351732495623 6.031541194742088
    endloop
  endfacet
  facet normal 0.2984874956289905 0.07997948340457556 -0.9510565162951519
    outer loop
      vertex 268.2907507959658 -18.461014395882533 6.125667355485476
      vertex 268.75221090788494 -18.337366531554615 6.280894056446995
      vertex 269.58484602147837 -23.290643527327873 6.125667355485476
    endloop
  endfacet
  facet normal -0.2588190451025204 0.9659258262890685 1.1503915111309647e-14
    outer loop
      vertex 265.90756280605103 -19.09958769319174 6.280894056446995
      vertex 268.2907507959658 -18.461014395882533 6.125667355485476
      vertex 266.3690229179702 -18.975939828863822 6.125667355485476
    endloop
  endfacet
  facet normal -0.2588190451025223 0.9659258262890679 -2.940923056062539e-15
    outer loop
      vertex 266.3690229179702 -18.975939828863822 6.125667355485476
      vertex 267.8141372857363 -18.58872260105028 6.031541194742088
      vertex 266.84563642819967 -18.848231623696073 6.031541194742088
    endloop
  endfacet
  facet normal -0.25881904510252235 0.9659258262890679 -3.4227917313608784e-13
    outer loop
      vertex 266.84563642819967 -18.848231623696073 6.031541194742088
      vertex 267.8141372857363 -18.58872260105028 6.031541194742088
      vertex 267.329886856968 -18.71847711237318 6
    endloop
  endfacet
  facet normal -0.2588190451025204 0.9659258262890684 2.905011478131193e-14
    outer loop
      vertex 266.3690229179702 -18.975939828863822 6.125667355485476
      vertex 268.2907507959658 -18.461014395882533 6.125667355485476
      vertex 267.8141372857363 -18.58872260105028 6.031541194742088
    endloop
  endfacet
  facet normal -0.25881904510252157 0.9659258262890681 -7.771574403612868e-15
    outer loop
      vertex 265.90756280605103 -19.09958769319174 6.280894056446995
      vertex 268.75221090788494 -18.337366531554615 6.280894056446995
      vertex 268.2907507959658 -18.461014395882533 6.125667355485476
    endloop
  endfacet
  facet normal -0.6157042939944997 -0.16497746835220278 0.77051324277577
    outer loop
      vertex 245.3664834154748 -24.60355332756022 12.915874509685647
      vertex 246.6605786409874 -29.433182459005565 12.915874509685647
      vertex 247.03443773469468 -29.33300721676366 13.23606797749979
    endloop
  endfacet
  facet normal -0.060650984459471355 -0.016251382306068134 0.9980267284282716
    outer loop
      vertex 247.5271199024183 -24.02461252574649 13.968458805257912
      vertex 248.8212151279309 -28.85424165719183 13.968458805257912
      vertex 249.30546555669923 -28.724487145868935 14
    endloop
  endfacet
  facet normal -0.18099645112235735 -0.04849785291113545 0.9822872507286868
    outer loop
      vertex 247.05050639218885 -24.152320730914237 13.874332644514524
      vertex 248.8212151279309 -28.85424165719183 13.968458805257912
      vertex 247.5271199024183 -24.02461252574649 13.968458805257912
    endloop
  endfacet
  facet normal -0.06065098445946801 -0.016251382306066868 0.9980267284282718
    outer loop
      vertex 247.5271199024183 -24.02461252574649 13.968458805257912
      vertex 249.30546555669923 -28.724487145868935 14
      vertex 248.01137033118664 -23.89485801442359 14
    endloop
  endfacet
  facet normal -0.41127121402175937 -0.11019978966729688 0.9048270524660234
    outer loop
      vertex 246.15001706828866 -24.39360611804614 13.505226720175454
      vertex 247.44411229380125 -29.22323524949148 13.505226720175454
      vertex 247.88314150578228 -29.1055977266875 13.719105943553005
    endloop
  endfacet
  facet normal -0.5175689396879015 -0.13868217941680444 0.8443279255020213
    outer loop
      vertex 245.74034250918208 -24.50337808531832 13.23606797749979
      vertex 247.03443773469468 -29.33300721676366 13.23606797749979
      vertex 247.44411229380125 -29.22323524949148 13.505226720175454
    endloop
  endfacet
  facet normal -0.29848749562899024 -0.0799794834045772 0.951056516295152
    outer loop
      vertex 246.58904628026966 -24.275968595242155 13.719105943553005
      vertex 247.88314150578228 -29.1055977266875 13.719105943553005
      vertex 248.34460161770144 -28.98194986235958 13.874332644514524
    endloop
  endfacet
  facet normal -0.18099645112234755 -0.04849785291113174 0.9822872507286886
    outer loop
      vertex 247.05050639218885 -24.152320730914237 13.874332644514524
      vertex 248.34460161770144 -28.98194986235958 13.874332644514524
      vertex 248.8212151279309 -28.85424165719183 13.968458805257912
    endloop
  endfacet
  facet normal -0.5175689396879015 -0.13868217941680444 0.8443279255020211
    outer loop
      vertex 246.15001706828866 -24.39360611804614 13.505226720175454
      vertex 245.74034250918208 -24.50337808531832 13.23606797749979
      vertex 247.44411229380125 -29.22323524949148 13.505226720175454
    endloop
  endfacet
  facet normal -0.41127121402177846 -0.11019978966730433 0.9048270524660137
    outer loop
      vertex 246.15001706828866 -24.39360611804614 13.505226720175454
      vertex 247.88314150578228 -29.1055977266875 13.719105943553005
      vertex 246.58904628026966 -24.275968595242155 13.719105943553005
    endloop
  endfacet
  facet normal -0.6157042939944755 -0.1649774683521928 0.7705132427757916
    outer loop
      vertex 245.74034250918208 -24.50337808531832 13.23606797749979
      vertex 245.3664834154748 -24.60355332756022 12.915874509685647
      vertex 247.03443773469468 -29.33300721676366 13.23606797749979
    endloop
  endfacet
  facet normal -0.298487495628975 -0.07997948340457134 0.9510565162951571
    outer loop
      vertex 246.58904628026966 -24.275968595242155 13.719105943553005
      vertex 248.34460161770144 -28.98194986235958 13.874332644514524
      vertex 247.05050639218885 -24.152320730914237 13.874332644514524
    endloop
  endfacet
  facet normal -0.7814504087735276 -0.20938900595583557 0.5877852522924625
    outer loop
      vertex 245.03433576840715 -24.692552021359898 12.549695958994759
      vertex 246.04323296030137 -29.59859973559623 12.143307179915986
      vertex 246.32843099391974 -29.52218115280524 12.549695958994759
    endloop
  endfacet
  facet normal -0.7041296237808243 -0.18867096405890446 0.6845471059286998
    outer loop
      vertex 245.3664834154748 -24.60355332756022 12.915874509685647
      vertex 246.32843099391974 -29.52218115280524 12.549695958994759
      vertex 246.6605786409874 -29.433182459005565 12.915874509685647
    endloop
  endfacet
  facet normal -0.846447254003989 -0.22680485814591309 0.481753674101733
    outer loop
      vertex 244.74913773478875 -24.768970604150887 12.143307179915986
      vertex 245.80948228349146 -29.66123304067767 11.703117166260292
      vertex 246.04323296030137 -29.59859973559623 12.143307179915986
    endloop
  endfacet
  facet normal -0.7814504087735021 -0.2093890059558332 0.5877852522924972
    outer loop
      vertex 245.03433576840715 -24.692552021359898 12.549695958994759
      vertex 244.74913773478875 -24.768970604150887 12.143307179915986
      vertex 246.04323296030137 -29.59859973559623 12.143307179915986
    endloop
  endfacet
  facet normal -0.7041296237808506 -0.18867096405890751 0.6845471059286717
    outer loop
      vertex 245.03433576840715 -24.692552021359898 12.549695958994759
      vertex 246.32843099391974 -29.52218115280524 12.549695958994759
      vertex 245.3664834154748 -24.60355332756022 12.915874509685647
    endloop
  endfacet
  facet normal -0.8464472540040118 -0.22680485814591433 0.48175367410169223
    outer loop
      vertex 244.74913773478875 -24.768970604150887 12.143307179915986
      vertex 244.51538705797887 -24.831603909232328 11.703117166260292
      vertex 245.80948228349146 -29.66123304067767 11.703117166260292
    endloop
  endfacet
  facet normal -0.9355794902428565 -0.25068776886569244 0.24868988716483467
    outer loop
      vertex 244.33677012578664 -24.879464171967758 11.23606797749979
      vertex 245.51019905944594 -29.741425738868852 10.749525258342898
      vertex 245.63086535129924 -29.709093303413102 11.23606797749979
    endloop
  endfacet
  facet normal -0.8980951203957562 -0.24064386223637266 0.3681245526846775
    outer loop
      vertex 244.51538705797887 -24.831603909232328 11.703117166260292
      vertex 245.63086535129924 -29.709093303413102 11.23606797749979
      vertex 245.80948228349146 -29.66123304067767 11.703117166260292
    endloop
  endfacet
  facet normal -0.9355794902428418 -0.2506877688656942 0.24868988716488752
    outer loop
      vertex 244.33677012578664 -24.879464171967758 11.23606797749979
      vertex 244.21610383393332 -24.91179660742351 10.749525258342898
      vertex 245.51019905944594 -29.741425738868852 10.749525258342898
    endloop
  endfacet
  facet normal -0.8980951203957568 -0.24064386223637269 0.368124552684676
    outer loop
      vertex 244.51538705797887 -24.831603909232328 11.703117166260292
      vertex 244.33677012578664 -24.879464171967758 11.23606797749979
      vertex 245.63086535129924 -29.709093303413102 11.23606797749979
    endloop
  endfacet
  facet normal 0.060650984459471396 0.01625138230606778 0.9980267284282716
    outer loop
      vertex 248.01137033118664 -23.89485801442359 14
      vertex 249.30546555669923 -28.724487145868935 14
      vertex 249.78971598546755 -28.594732634546038 13.968458805257912
    endloop
  endfacet
  facet normal 0.18099645112234752 0.04849785291113177 0.9822872507286888
    outer loop
      vertex 248.49562075995496 -23.765103503100697 13.968458805257912
      vertex 249.78971598546755 -28.594732634546038 13.968458805257912
      vertex 250.26632949569702 -28.467024429378288 13.874332644514524
    endloop
  endfacet
  facet normal 0.060650984459471535 0.016251382306067826 0.9980267284282716
    outer loop
      vertex 248.01137033118664 -23.89485801442359 14
      vertex 249.78971598546755 -28.594732634546038 13.968458805257912
      vertex 248.49562075995496 -23.765103503100697 13.968458805257912
    endloop
  endfacet
  facet normal 0.2984874956289905 0.07997948340457556 0.951056516295152
    outer loop
      vertex 248.97223427018443 -23.637395297932947 13.874332644514524
      vertex 250.26632949569702 -28.467024429378288 13.874332644514524
      vertex 250.7277896076162 -28.34337656505037 13.719105943553005
    endloop
  endfacet
  facet normal 0.4112712140217587 0.1101997896672967 0.9048270524660237
    outer loop
      vertex 249.4336943821036 -23.51374743360503 13.719105943553005
      vertex 250.7277896076162 -28.34337656505037 13.719105943553005
      vertex 251.1668188195972 -28.225739042246385 13.505226720175454
    endloop
  endfacet
  facet normal 0.5175689396879015 0.13868217941680444 0.8443279255020213
    outer loop
      vertex 249.87272359408462 -23.396109910801044 13.505226720175454
      vertex 251.1668188195972 -28.225739042246385 13.505226720175454
      vertex 251.5764933787038 -28.115967074974204 13.23606797749979
    endloop
  endfacet
  facet normal 0.18099645112234755 0.04849785291113178 0.9822872507286888
    outer loop
      vertex 248.49562075995496 -23.765103503100697 13.968458805257912
      vertex 250.26632949569702 -28.467024429378288 13.874332644514524
      vertex 248.97223427018443 -23.637395297932947 13.874332644514524
    endloop
  endfacet
  facet normal 0.2984874956289905 0.07997948340457557 0.9510565162951519
    outer loop
      vertex 248.97223427018443 -23.637395297932947 13.874332644514524
      vertex 250.7277896076162 -28.34337656505037 13.719105943553005
      vertex 249.4336943821036 -23.51374743360503 13.719105943553005
    endloop
  endfacet
  facet normal 0.4112712140217587 0.1101997896672967 0.9048270524660237
    outer loop
      vertex 249.4336943821036 -23.51374743360503 13.719105943553005
      vertex 251.1668188195972 -28.225739042246385 13.505226720175454
      vertex 249.87272359408462 -23.396109910801044 13.505226720175454
    endloop
  endfacet
  facet normal 0.5175689396879247 0.1386821794168137 0.8443279255020054
    outer loop
      vertex 249.87272359408462 -23.396109910801044 13.505226720175454
      vertex 251.5764933787038 -28.115967074974204 13.23606797749979
      vertex 250.28239815319117 -23.286337943528864 13.23606797749979
    endloop
  endfacet
  facet normal 0.6157042939945003 0.1649774683522031 0.7705132427757694
    outer loop
      vertex 250.28239815319117 -23.286337943528864 13.23606797749979
      vertex 251.5764933787038 -28.115967074974204 13.23606797749979
      vertex 251.95035247241105 -28.015791832732305 12.915874509685647
    endloop
  endfacet
  facet normal 0.6157042939944755 0.16497746835219282 0.7705132427757916
    outer loop
      vertex 250.28239815319117 -23.286337943528864 13.23606797749979
      vertex 251.95035247241105 -28.015791832732305 12.915874509685647
      vertex 250.65625724689846 -23.186162701286964 12.915874509685647
    endloop
  endfacet
  facet normal 0.7041296237808243 0.18867096405890046 0.6845471059287008
    outer loop
      vertex 250.98840489396613 -23.097164007487287 12.549695958994759
      vertex 251.95035247241105 -28.015791832732305 12.915874509685647
      vertex 252.28250011947873 -27.926793138932627 12.549695958994759
    endloop
  endfacet
  facet normal 0.7814504087735283 0.2093890059558358 0.5877852522924614
    outer loop
      vertex 251.2736029275845 -23.020745424696297 12.143307179915986
      vertex 252.28250011947873 -27.926793138932627 12.549695958994759
      vertex 252.5676981530971 -27.850374556141638 12.143307179915986
    endloop
  endfacet
  facet normal 0.8464472540039911 0.2268048581459088 0.4817536741017315
    outer loop
      vertex 251.5073536043944 -22.95811211961486 11.70311716626029
      vertex 252.5676981530971 -27.850374556141638 12.143307179915986
      vertex 252.801448829907 -27.7877412510602 11.70311716626029
    endloop
  endfacet
  facet normal 0.7041296237808242 0.18867096405890044 0.6845471059287007
    outer loop
      vertex 250.65625724689846 -23.186162701286964 12.915874509685647
      vertex 251.95035247241105 -28.015791832732305 12.915874509685647
      vertex 250.98840489396613 -23.097164007487287 12.549695958994759
    endloop
  endfacet
  facet normal 0.7814504087735283 0.2093890059558358 0.5877852522924614
    outer loop
      vertex 250.98840489396613 -23.097164007487287 12.549695958994759
      vertex 252.28250011947873 -27.926793138932627 12.549695958994759
      vertex 251.2736029275845 -23.020745424696297 12.143307179915986
    endloop
  endfacet
  facet normal 0.8464472540039911 0.2268048581459088 0.4817536741017314
    outer loop
      vertex 251.2736029275845 -23.020745424696297 12.143307179915986
      vertex 252.5676981530971 -27.850374556141638 12.143307179915986
      vertex 251.5073536043944 -22.95811211961486 11.70311716626029
    endloop
  endfacet
  facet normal 0.8980951203957557 0.24064386223637257 0.3681245526846787
    outer loop
      vertex 251.68597053658664 -22.910251856879427 11.23606797749979
      vertex 252.801448829907 -27.7877412510602 11.70311716626029
      vertex 252.98006576209923 -27.739880988324767 11.23606797749979
    endloop
  endfacet
  facet normal 0.9355794902428562 0.2506877688656924 0.2486898871648355
    outer loop
      vertex 251.80663682843993 -22.877919421423673 10.7495252583429
      vertex 252.98006576209923 -27.739880988324767 11.23606797749979
      vertex 253.10073205395253 -27.707548552869017 10.7495252583429
    endloop
  endfacet
  facet normal 0.8980951203957557 0.24064386223637257 0.3681245526846788
    outer loop
      vertex 251.5073536043944 -22.95811211961486 11.70311716626029
      vertex 252.801448829907 -27.7877412510602 11.70311716626029
      vertex 251.68597053658664 -22.910251856879427 11.23606797749979
    endloop
  endfacet
  facet normal 0.9355794902428557 0.25068776886569244 0.2486898871648371
    outer loop
      vertex 251.68597053658664 -22.910251856879427 11.23606797749979
      vertex 252.98006576209923 -27.739880988324767 11.23606797749979
      vertex 251.80663682843993 -22.877919421423673 10.7495252583429
    endloop
  endfacet
  facet normal -0.9583092126407163 -0.2567781796263884 0.12533323356432036
    outer loop
      vertex 244.21610383393332 -24.91179660742351 10.749525258342898
      vertex 245.44938638743662 -29.757720445223327 10.251162078117254
      vertex 245.51019905944594 -29.741425738868852 10.749525258342898
    endloop
  endfacet
  facet normal -0.965925826289069 -0.25881904510251846 0
    outer loop
      vertex 244.15529116192403 -24.928091313777983 10.251162078117254
      vertex 245.44938638743662 -29.757720445223327 9.748837921882746
      vertex 245.44938638743662 -29.757720445223327 10.251162078117254
    endloop
  endfacet
  facet normal -0.9583092126407178 -0.2567781796263829 -0.12533323356432044
    outer loop
      vertex 244.15529116192403 -24.928091313777983 9.748837921882746
      vertex 245.51019905944594 -29.741425738868852 9.250474741657102
      vertex 245.44938638743662 -29.757720445223327 9.748837921882746
    endloop
  endfacet
  facet normal -0.9583092126407248 -0.2567781796263847 0.1253332335642646
    outer loop
      vertex 244.21610383393332 -24.91179660742351 10.749525258342898
      vertex 244.15529116192403 -24.928091313777983 10.251162078117254
      vertex 245.44938638743662 -29.757720445223327 10.251162078117254
    endloop
  endfacet
  facet normal -0.965925826289069 -0.25881904510251846 0
    outer loop
      vertex 244.15529116192403 -24.928091313777983 10.251162078117254
      vertex 244.15529116192403 -24.928091313777983 9.748837921882746
      vertex 245.44938638743662 -29.757720445223327 9.748837921882746
    endloop
  endfacet
  facet normal -0.935579490242855 -0.25068776886569777 -0.2486898871648345
    outer loop
      vertex 244.21610383393332 -24.91179660742351 9.250474741657102
      vertex 245.63086535129924 -29.709093303413102 8.76393202250021
      vertex 245.51019905944594 -29.741425738868852 9.250474741657102
    endloop
  endfacet
  facet normal -0.8980951203957561 -0.2406438622363725 -0.3681245526846776
    outer loop
      vertex 244.33677012578664 -24.879464171967758 8.76393202250021
      vertex 245.80948228349146 -29.66123304067767 8.296882833739708
      vertex 245.63086535129924 -29.709093303413102 8.76393202250021
    endloop
  endfacet
  facet normal -0.9583092126407231 -0.2567781796263902 -0.12533323356426462
    outer loop
      vertex 244.15529116192403 -24.928091313777983 9.748837921882746
      vertex 244.21610383393332 -24.91179660742351 9.250474741657102
      vertex 245.51019905944594 -29.741425738868852 9.250474741657102
    endloop
  endfacet
  facet normal -0.9355794902428434 -0.250687768865689 -0.24868988716488755
    outer loop
      vertex 244.21610383393332 -24.91179660742351 9.250474741657102
      vertex 244.33677012578664 -24.879464171967758 8.76393202250021
      vertex 245.63086535129924 -29.709093303413102 8.76393202250021
    endloop
  endfacet
  facet normal -0.8980951203957569 -0.24064386223637282 -0.368124552684676
    outer loop
      vertex 244.33677012578664 -24.879464171967758 8.76393202250021
      vertex 244.51538705797887 -24.831603909232328 8.296882833739708
      vertex 245.80948228349146 -29.66123304067767 8.296882833739708
    endloop
  endfacet
  facet normal -0.8464472540039905 -0.22680485814590862 -0.48175367410173264
    outer loop
      vertex 244.51538705797887 -24.831603909232328 8.296882833739708
      vertex 246.04323296030137 -29.59859973559623 7.856692820084014
      vertex 245.80948228349146 -29.66123304067767 8.296882833739708
    endloop
  endfacet
  facet normal -0.7814504087735265 -0.20938900595583973 -0.5877852522924626
    outer loop
      vertex 244.74913773478875 -24.768970604150887 7.856692820084014
      vertex 246.32843099391974 -29.52218115280524 7.450304041005241
      vertex 246.04323296030137 -29.59859973559623 7.856692820084014
    endloop
  endfacet
  facet normal -0.8464472540040106 -0.22680485814591886 -0.4817536741016923
    outer loop
      vertex 244.51538705797887 -24.831603909232328 8.296882833739708
      vertex 244.74913773478875 -24.768970604150887 7.856692820084014
      vertex 246.04323296030137 -29.59859973559623 7.856692820084014
    endloop
  endfacet
  facet normal -0.7814504087735032 -0.20938900595582907 -0.5877852522924971
    outer loop
      vertex 244.74913773478875 -24.768970604150887 7.856692820084014
      vertex 245.03433576840715 -24.692552021359898 7.450304041005241
      vertex 246.32843099391974 -29.52218115280524 7.450304041005241
    endloop
  endfacet
  facet normal -0.7041296237808244 -0.1886709640589005 -0.6845471059287007
    outer loop
      vertex 245.03433576840715 -24.692552021359898 7.450304041005241
      vertex 246.6605786409874 -29.433182459005565 7.084125490314354
      vertex 246.32843099391974 -29.52218115280524 7.450304041005241
    endloop
  endfacet
  facet normal -0.7041296237808489 -0.18867096405891107 -0.6845471059286726
    outer loop
      vertex 245.03433576840715 -24.692552021359898 7.450304041005241
      vertex 245.3664834154748 -24.60355332756022 7.084125490314354
      vertex 246.6605786409874 -29.433182459005565 7.084125490314354
    endloop
  endfacet
  facet normal -0.6157042939944756 -0.16497746835219632 -0.7705132427757907
    outer loop
      vertex 245.3664834154748 -24.60355332756022 7.084125490314354
      vertex 245.74034250918208 -24.50337808531832 6.76393202250021
      vertex 246.6605786409874 -29.433182459005565 7.084125490314354
    endloop
  endfacet
  facet normal -0.6157042939945016 -0.16497746835219979 -0.770513242775769
    outer loop
      vertex 245.74034250918208 -24.50337808531832 6.76393202250021
      vertex 247.03443773469468 -29.33300721676366 6.76393202250021
      vertex 246.6605786409874 -29.433182459005565 7.084125490314354
    endloop
  endfacet
  facet normal -0.5175689396879017 -0.1386821794168045 -0.844327925502021
    outer loop
      vertex 246.15001706828866 -24.39360611804614 6.494773279824546
      vertex 247.44411229380125 -29.22323524949148 6.494773279824546
      vertex 247.03443773469468 -29.33300721676366 6.76393202250021
    endloop
  endfacet
  facet normal -0.4112712140217588 -0.11019978966729907 -0.9048270524660234
    outer loop
      vertex 246.58904628026966 -24.275968595242155 6.280894056446995
      vertex 247.88314150578228 -29.1055977266875 6.280894056446995
      vertex 247.44411229380125 -29.22323524949148 6.494773279824546
    endloop
  endfacet
  facet normal -0.5175689396879015 -0.13868217941680444 -0.8443279255020211
    outer loop
      vertex 245.74034250918208 -24.50337808531832 6.76393202250021
      vertex 246.15001706828866 -24.39360611804614 6.494773279824546
      vertex 247.03443773469468 -29.33300721676366 6.76393202250021
    endloop
  endfacet
  facet normal -0.41127121402177896 -0.11019978966730214 -0.9048270524660137
    outer loop
      vertex 246.15001706828866 -24.39360611804614 6.494773279824546
      vertex 246.58904628026966 -24.275968595242155 6.280894056446995
      vertex 247.44411229380125 -29.22323524949148 6.494773279824546
    endloop
  endfacet
  facet normal 0.9583092126407178 0.2567781796263831 0.12533323356432052
    outer loop
      vertex 251.86744950044925 -22.8616247150692 10.251162078117256
      vertex 253.10073205395253 -27.707548552869017 10.7495252583429
      vertex 253.16154472596185 -27.69125384651454 10.251162078117256
    endloop
  endfacet
  facet normal 0.9659258262890688 0.25881904510251863 0
    outer loop
      vertex 251.86744950044925 -22.8616247150692 9.748837921882744
      vertex 253.16154472596185 -27.69125384651454 10.251162078117256
      vertex 253.16154472596185 -27.69125384651454 9.748837921882744
    endloop
  endfacet
  facet normal 0.9583092126407181 0.256778179626383 0.1253332335643184
    outer loop
      vertex 251.80663682843993 -22.877919421423673 10.7495252583429
      vertex 253.10073205395253 -27.707548552869017 10.7495252583429
      vertex 251.86744950044925 -22.8616247150692 10.251162078117256
    endloop
  endfacet
  facet normal 0.9659258262890688 0.25881904510251863 0
    outer loop
      vertex 251.86744950044925 -22.8616247150692 10.251162078117256
      vertex 253.16154472596185 -27.69125384651454 10.251162078117256
      vertex 251.86744950044925 -22.8616247150692 9.748837921882744
    endloop
  endfacet
  facet normal 0.9583092126407181 0.25677817962638316 -0.1253332335643184
    outer loop
      vertex 251.86744950044925 -22.8616247150692 9.748837921882744
      vertex 253.16154472596185 -27.69125384651454 9.748837921882744
      vertex 251.80663682843993 -22.877919421423673 9.2504747416571
    endloop
  endfacet
  facet normal 0.9583092126407178 0.2567781796263829 -0.12533323356432044
    outer loop
      vertex 251.80663682843993 -22.877919421423673 9.2504747416571
      vertex 253.16154472596185 -27.69125384651454 9.748837921882744
      vertex 253.10073205395253 -27.707548552869017 9.2504747416571
    endloop
  endfacet
  facet normal 0.9355794902428561 0.25068776886569255 -0.24868988716483534
    outer loop
      vertex 251.68597053658664 -22.910251856879427 8.76393202250021
      vertex 253.10073205395253 -27.707548552869017 9.2504747416571
      vertex 252.98006576209923 -27.739880988324767 8.76393202250021
    endloop
  endfacet
  facet normal 0.8980951203957557 0.24064386223637257 -0.3681245526846787
    outer loop
      vertex 251.5073536043944 -22.95811211961486 8.29688283373971
      vertex 252.98006576209923 -27.739880988324767 8.76393202250021
      vertex 252.801448829907 -27.7877412510602 8.29688283373971
    endloop
  endfacet
  facet normal 0.9355794902428557 0.2506877688656923 -0.2486898871648371
    outer loop
      vertex 251.80663682843993 -22.877919421423673 9.2504747416571
      vertex 253.10073205395253 -27.707548552869017 9.2504747416571
      vertex 251.68597053658664 -22.910251856879427 8.76393202250021
    endloop
  endfacet
  facet normal 0.8980951203957557 0.24064386223637257 -0.3681245526846788
    outer loop
      vertex 251.68597053658664 -22.910251856879427 8.76393202250021
      vertex 252.98006576209923 -27.739880988324767 8.76393202250021
      vertex 251.5073536043944 -22.95811211961486 8.29688283373971
    endloop
  endfacet
  facet normal 0.517568939687901 0.13868217941680733 -0.8443279255020211
    outer loop
      vertex 250.28239815319117 -23.286337943528864 6.76393202250021
      vertex 251.5764933787038 -28.115967074974204 6.76393202250021
      vertex 251.1668188195972 -28.225739042246385 6.494773279824546
    endloop
  endfacet
  facet normal 0.4112712140217587 0.1101997896672967 -0.9048270524660237
    outer loop
      vertex 249.87272359408462 -23.396109910801044 6.494773279824546
      vertex 251.1668188195972 -28.225739042246385 6.494773279824546
      vertex 250.7277896076162 -28.34337656505037 6.280894056446995
    endloop
  endfacet
  facet normal 0.41127121402175937 0.11019978966729681 -0.9048270524660235
    outer loop
      vertex 249.87272359408462 -23.396109910801044 6.494773279824546
      vertex 250.7277896076162 -28.34337656505037 6.280894056446995
      vertex 249.4336943821036 -23.513747433605026 6.280894056446995
    endloop
  endfacet
  facet normal 0.5175689396879255 0.13868217941681088 -0.8443279255020053
    outer loop
      vertex 250.28239815319117 -23.286337943528864 6.76393202250021
      vertex 251.1668188195972 -28.225739042246385 6.494773279824546
      vertex 249.87272359408462 -23.396109910801044 6.494773279824546
    endloop
  endfacet
  facet normal 0.8464472540039905 0.22680485814590862 -0.48175367410173264
    outer loop
      vertex 251.2736029275845 -23.020745424696297 7.856692820084016
      vertex 252.801448829907 -27.7877412510602 8.29688283373971
      vertex 252.5676981530971 -27.850374556141638 7.856692820084016
    endloop
  endfacet
  facet normal 0.7814504087735299 0.2093890059558362 -0.5877852522924589
    outer loop
      vertex 250.98840489396613 -23.097164007487287 7.45030404100524
      vertex 252.5676981530971 -27.850374556141638 7.856692820084016
      vertex 252.28250011947873 -27.926793138932627 7.45030404100524
    endloop
  endfacet
  facet normal 0.7814504087735301 0.2093890059558363 -0.5877852522924589
    outer loop
      vertex 251.2736029275845 -23.020745424696297 7.856692820084016
      vertex 252.5676981530971 -27.850374556141638 7.856692820084016
      vertex 250.98840489396613 -23.097164007487287 7.45030404100524
    endloop
  endfacet
  facet normal 0.8464472540039902 0.22680485814590856 -0.48175367410173286
    outer loop
      vertex 251.5073536043944 -22.95811211961486 8.29688283373971
      vertex 252.801448829907 -27.7877412510602 8.29688283373971
      vertex 251.2736029275845 -23.020745424696297 7.856692820084016
    endloop
  endfacet
  facet normal 0.7041296237808236 0.18867096405890027 -0.6845471059287016
    outer loop
      vertex 250.65625724689846 -23.186162701286964 7.084125490314353
      vertex 252.28250011947873 -27.926793138932627 7.45030404100524
      vertex 251.95035247241105 -28.015791832732305 7.084125490314353
    endloop
  endfacet
  facet normal 0.6157042939945014 0.16497746835219976 -0.7705132427757693
    outer loop
      vertex 250.65625724689846 -23.186162701286964 7.084125490314353
      vertex 251.95035247241105 -28.015791832732305 7.084125490314353
      vertex 251.5764933787038 -28.115967074974204 6.76393202250021
    endloop
  endfacet
  facet normal 0.6157042939944745 0.16497746835219615 -0.7705132427757915
    outer loop
      vertex 250.28239815319117 -23.286337943528864 6.76393202250021
      vertex 250.65625724689846 -23.186162701286964 7.084125490314353
      vertex 251.5764933787038 -28.115967074974204 6.76393202250021
    endloop
  endfacet
  facet normal 0.7041296237808236 0.18867096405890027 -0.6845471059287017
    outer loop
      vertex 250.98840489396613 -23.097164007487287 7.45030404100524
      vertex 252.28250011947873 -27.926793138932627 7.45030404100524
      vertex 250.65625724689846 -23.186162701286964 7.084125490314353
    endloop
  endfacet
  facet normal -0.2588190451025192 0.9659258262890688 3.1936313564846334e-14
    outer loop
      vertex 246.58904628026966 -24.275968595242155 13.719105943553005
      vertex 247.05050639218885 -24.152320730914237 13.874332644514524
      vertex 249.4336943821036 -23.51374743360503 13.719105943553005
    endloop
  endfacet
  facet normal -0.2588190451025204 0.9659258262890684 -4.935555215396364e-14
    outer loop
      vertex 247.05050639218885 -24.152320730914237 13.874332644514524
      vertex 247.5271199024183 -24.02461252574649 13.968458805257912
      vertex 248.97223427018443 -23.637395297932947 13.874332644514524
    endloop
  endfacet
  facet normal -0.25881904510252046 0.9659258262890684 -2.612933390903992e-14
    outer loop
      vertex 246.15001706828866 -24.39360611804614 13.505226720175454
      vertex 246.58904628026966 -24.275968595242155 13.719105943553005
      vertex 249.87272359408462 -23.396109910801044 13.505226720175454
    endloop
  endfacet
  facet normal -0.25881904510252035 0.9659258262890684 4.7169438784376694e-15
    outer loop
      vertex 245.74034250918208 -24.50337808531832 13.23606797749979
      vertex 250.65625724689846 -23.186162701286964 12.915874509685647
      vertex 245.3664834154748 -24.60355332756022 12.915874509685647
    endloop
  endfacet
  facet normal -0.25881904510252096 0.9659258262890682 9.868373742528385e-15
    outer loop
      vertex 246.15001706828866 -24.39360611804614 13.505226720175454
      vertex 250.28239815319117 -23.286337943528864 13.23606797749979
      vertex 245.74034250918208 -24.50337808531832 13.23606797749979
    endloop
  endfacet
  facet normal -0.25881904510252013 0.9659258262890684 6.257353548916573e-15
    outer loop
      vertex 244.33677012578664 -24.879464171967758 11.23606797749979
      vertex 247.229898758457 -24.104252691244373 10.669295189236124
      vertex 244.21610383393332 -24.91179660742351 10.749525258342898
    endloop
  endfacet
  facet normal -0.25881904510252074 0.9659258262890684 -1.2985275282650928e-14
    outer loop
      vertex 245.03433576840715 -24.692552021359898 12.549695958994759
      vertex 245.3664834154748 -24.60355332756022 12.915874509685647
      vertex 250.98840489396613 -23.097164007487287 12.549695958994759
    endloop
  endfacet
  facet normal -0.2588190451025203 0.9659258262890684 1.2295351954920191e-14
    outer loop
      vertex 245.03433576840715 -24.692552021359898 12.549695958994759
      vertex 251.2736029275845 -23.020745424696297 12.143307179915986
      vertex 244.74913773478875 -24.768970604150887 12.143307179915986
    endloop
  endfacet
  facet normal -0.2588190451025205 0.9659258262890684 -1.3832637223441388e-14
    outer loop
      vertex 244.74913773478875 -24.768970604150887 12.143307179915986
      vertex 251.5073536043944 -22.95811211961486 11.70311716626029
      vertex 244.51538705797887 -24.831603909232328 11.703117166260292
    endloop
  endfacet
  facet normal -0.25881904510251397 0.9659258262890701 7.119470389961434e-14
    outer loop
      vertex 244.33677012578664 -24.879464171967758 11.23606797749979
      vertex 247.52276509967592 -24.02577939162451 10.920122014046056
      vertex 247.41522552791042 -24.05459453303346 10.849467844093695
    endloop
  endfacet
  facet normal -0.2588190451025204 0.9659258262890683 1.5904078647816622e-14
    outer loop
      vertex 244.33677012578664 -24.879464171967758 11.23606797749979
      vertex 247.41522552791042 -24.05459453303346 10.849467844093695
      vertex 247.31708751581226 -24.080890534121956 10.765417058792483
    endloop
  endfacet
  facet normal -0.2588190451025226 0.9659258262890678 -2.191774798006777e-14
    outer loop
      vertex 244.33677012578664 -24.879464171967758 11.23606797749979
      vertex 247.63801026782093 -23.994899541888465 10.976265310182663
      vertex 247.52276509967592 -24.02577939162451 10.920122014046056
    endloop
  endfacet
  facet normal -0.2588190451025264 0.9659258262890668 -7.494444760230649e-14
    outer loop
      vertex 244.33677012578664 -24.879464171967758 11.23606797749979
      vertex 247.7591435471997 -23.962441977502387 11.017012319185064
      vertex 247.63801026782093 -23.994899541888465 10.976265310182663
    endloop
  endfacet
  facet normal -0.25881904510251547 0.9659258262890696 1.0727121647106835e-13
    outer loop
      vertex 244.33677012578664 -24.879464171967758 11.23606797749979
      vertex 247.88425459363495 -23.928918573645852 11.041720436380201
      vertex 247.7591435471997 -23.962441977502387 11.017012319185064
    endloop
  endfacet
  facet normal -0.25881904510252834 0.9659258262890662 -3.9292695125540407e-14
    outer loop
      vertex 244.33677012578664 -24.879464171967758 11.23606797749979
      vertex 247.31708751581226 -24.080890534121956 10.765417058792483
      vertex 247.229898758457 -24.104252691244373 10.669295189236124
    endloop
  endfacet
  facet normal -0.25881904510252046 0.9659258262890683 -7.85853902510808e-15
    outer loop
      vertex 244.21610383393332 -24.91179660742351 10.749525258342898
      vertex 247.229898758457 -24.104252691244373 10.669295189236124
      vertex 247.1550342746322 -24.12431256922701 10.562618134727947
    endloop
  endfacet
  facet normal -0.25881904510252046 0.9659258262890684 4.077198041045962e-15
    outer loop
      vertex 244.51538705797887 -24.831603909232328 11.703117166260292
      vertex 251.68597053658664 -22.910251856879427 11.23606797749979
      vertex 244.33677012578664 -24.879464171967758 11.23606797749979
    endloop
  endfacet
  facet normal -0.2588190451025192 0.9659258262890688 3.172980391837397e-14
    outer loop
      vertex 244.33677012578664 -24.879464171967758 11.23606797749979
      vertex 248.01137033118664 -23.89485801442359 11.05
      vertex 247.88425459363495 -23.928918573645852 11.041720436380201
    endloop
  endfacet
  facet normal -0.25881904510251524 0.9659258262890698 7.898750149294119e-15
    outer loop
      vertex 247.5271199024183 -24.02461252574649 13.968458805257912
      vertex 248.01137033118664 -23.89485801442359 14
      vertex 248.49562075995496 -23.765103503100697 13.968458805257912
    endloop
  endfacet
  facet normal -0.25881904510251524 0.9659258262890698 3.5879261283962e-14
    outer loop
      vertex 247.5271199024183 -24.02461252574649 13.968458805257912
      vertex 248.49562075995496 -23.765103503100697 13.968458805257912
      vertex 248.97223427018443 -23.637395297932947 13.874332644514524
    endloop
  endfacet
  facet normal -0.25881904510252046 0.9659258262890685 1.1503915111309648e-14
    outer loop
      vertex 247.05050639218885 -24.152320730914237 13.874332644514524
      vertex 248.97223427018443 -23.637395297932947 13.874332644514524
      vertex 249.4336943821036 -23.51374743360503 13.719105943553005
    endloop
  endfacet
  facet normal -0.2588190451025192 0.9659258262890686 -4.935315161925465e-15
    outer loop
      vertex 246.58904628026966 -24.275968595242155 13.719105943553005
      vertex 249.4336943821036 -23.51374743360503 13.719105943553005
      vertex 249.87272359408462 -23.396109910801044 13.505226720175454
    endloop
  endfacet
  facet normal -0.25881904510252046 0.9659258262890685 1.7980261269629726e-14
    outer loop
      vertex 246.15001706828866 -24.39360611804614 13.505226720175454
      vertex 249.87272359408462 -23.396109910801044 13.505226720175454
      vertex 250.28239815319117 -23.286337943528864 13.23606797749979
    endloop
  endfacet
  facet normal -0.25881904510252096 0.9659258262890682 -5.309108320142004e-15
    outer loop
      vertex 245.74034250918208 -24.50337808531832 13.23606797749979
      vertex 250.28239815319117 -23.286337943528864 13.23606797749979
      vertex 250.65625724689846 -23.186162701286964 12.915874509685647
    endloop
  endfacet
  facet normal -0.25881904510252035 0.9659258262890684 -6.6436271114129666e-15
    outer loop
      vertex 245.3664834154748 -24.60355332756022 12.915874509685647
      vertex 250.65625724689846 -23.186162701286964 12.915874509685647
      vertex 250.98840489396613 -23.097164007487287 12.549695958994759
    endloop
  endfacet
  facet normal -0.2588190451025207 0.9659258262890683 5.67294270232332e-15
    outer loop
      vertex 245.03433576840715 -24.692552021359898 12.549695958994759
      vertex 250.98840489396613 -23.097164007487287 12.549695958994759
      vertex 251.2736029275845 -23.020745424696297 12.143307179915986
    endloop
  endfacet
  facet normal -0.2588190451025203 0.9659258262890684 -1.0753786039438762e-14
    outer loop
      vertex 244.74913773478875 -24.768970604150887 12.143307179915986
      vertex 251.2736029275845 -23.020745424696297 12.143307179915986
      vertex 251.5073536043944 -22.95811211961486 11.70311716626029
    endloop
  endfacet
  facet normal -0.25881904510252046 0.9659258262890684 8.783352305873895e-15
    outer loop
      vertex 244.33677012578664 -24.879464171967758 11.23606797749979
      vertex 251.68597053658664 -22.910251856879427 11.23606797749979
      vertex 248.01137033118664 -23.89485801442359 11.05
    endloop
  endfacet
  facet normal -0.25881904510252046 0.9659258262890683 3.1525593922883772e-15
    outer loop
      vertex 244.51538705797887 -24.831603909232328 11.703117166260292
      vertex 251.5073536043944 -22.95811211961486 11.70311716626029
      vertex 251.68597053658664 -22.910251856879427 11.23606797749979
    endloop
  endfacet
  facet normal -0.25881904510253145 0.9659258262890653 2.4243553306384913e-13
    outer loop
      vertex 248.01137033118664 -23.89485801442359 11.05
      vertex 251.68597053658664 -22.910251856879427 11.23606797749979
      vertex 248.1384860687383 -23.860797455201332 11.041720436380201
    endloop
  endfacet
  facet normal -0.258819045102514 0.9659258262890701 -9.984843140275719e-14
    outer loop
      vertex 248.1384860687383 -23.860797455201332 11.041720436380201
      vertex 251.68597053658664 -22.910251856879427 11.23606797749979
      vertex 248.26359711517355 -23.827274051344798 11.017012319185064
    endloop
  endfacet
  facet normal -0.25881904510252474 0.9659258262890672 8.043606660764739e-14
    outer loop
      vertex 248.26359711517355 -23.827274051344798 11.017012319185064
      vertex 251.68597053658664 -22.910251856879427 11.23606797749979
      vertex 248.38473039455232 -23.79481648695872 10.976265310182663
    endloop
  endfacet
  facet normal -0.25881904510252735 0.9659258262890664 -1.1871588143900175e-13
    outer loop
      vertex 248.38473039455232 -23.79481648695872 10.976265310182663
      vertex 251.80663682843993 -22.877919421423673 10.7495252583429
      vertex 248.49997556269736 -23.763936637222674 10.920122014046056
    endloop
  endfacet
  facet normal -0.2588190451025207 0.9659258262890684 2.0983753037735567e-14
    outer loop
      vertex 248.49997556269736 -23.763936637222674 10.920122014046056
      vertex 251.80663682843993 -22.877919421423673 10.7495252583429
      vertex 248.60751513446283 -23.735121495813726 10.849467844093695
    endloop
  endfacet
  facet normal -0.2588190451025205 0.9659258262890684 2.5973649242447174e-14
    outer loop
      vertex 248.60751513446283 -23.735121495813726 10.849467844093695
      vertex 251.80663682843993 -22.877919421423673 10.7495252583429
      vertex 248.705653146561 -23.708825494725225 10.765417058792483
    endloop
  endfacet
  facet normal -0.2588190451025205 0.9659258262890682 1.1114782236826005e-14
    outer loop
      vertex 248.705653146561 -23.708825494725225 10.765417058792483
      vertex 251.80663682843993 -22.877919421423673 10.7495252583429
      vertex 248.79284190391624 -23.685463337602812 10.669295189236124
    endloop
  endfacet
  facet normal -0.25881904510251974 0.9659258262890685 -2.27774842055867e-14
    outer loop
      vertex 248.79284190391624 -23.685463337602812 10.669295189236124
      vertex 251.80663682843993 -22.877919421423673 10.7495252583429
      vertex 248.86770638774107 -23.66540345962018 10.562618134727947
    endloop
  endfacet
  facet normal -0.25881904510251946 0.9659258262890686 8.906354893918695e-15
    outer loop
      vertex 248.38473039455232 -23.79481648695872 10.976265310182663
      vertex 251.68597053658664 -22.910251856879427 11.23606797749979
      vertex 251.80663682843993 -22.877919421423673 10.7495252583429
    endloop
  endfacet
  facet normal -0.25881904510252 0.9659258262890685 -7.347401169825402e-15
    outer loop
      vertex 244.21610383393332 -24.91179660742351 10.749525258342898
      vertex 247.01511287565765 -24.161804395086072 10.196750380315011
      vertex 244.15529116192403 -24.928091313777983 10.251162078117254
    endloop
  endfacet
  facet normal -0.2588190451025203 0.9659258262890684 0
    outer loop
      vertex 244.15529116192403 -24.928091313777983 10.251162078117254
      vertex 246.9991495492552 -24.16608175550412 10.065930045505779
      vertex 244.15529116192403 -24.928091313777983 9.748837921882746
    endloop
  endfacet
  facet normal -0.25881904510252074 0.9659258262890682 7.249423288022673e-15
    outer loop
      vertex 244.15529116192403 -24.928091313777983 9.748837921882746
      vertex 247.0936747219696 -24.140753811810885 9.552931743856673
      vertex 244.21610383393332 -24.91179660742351 9.250474741657102
    endloop
  endfacet
  facet normal -0.2588190451025204 0.9659258262890684 -6.327768688418337e-15
    outer loop
      vertex 244.21610383393332 -24.91179660742351 9.250474741657102
      vertex 247.63801026782093 -23.994899541888465 9.023734689817337
      vertex 244.33677012578664 -24.879464171967758 8.76393202250021
    endloop
  endfacet
  facet normal -0.25881904510251785 0.9659258262890692 2.1040341909586853e-14
    outer loop
      vertex 244.21610383393332 -24.91179660742351 10.749525258342898
      vertex 247.0936747219696 -24.140753811810885 10.447068256143327
      vertex 247.04678777726912 -24.153317130778937 10.324467844093695
    endloop
  endfacet
  facet normal -0.2588190451025282 0.9659258262890663 -5.261995753564825e-14
    outer loop
      vertex 244.21610383393332 -24.91179660742351 10.749525258342898
      vertex 247.04678777726912 -24.153317130778937 10.324467844093695
      vertex 247.01511287565765 -24.161804395086072 10.196750380315011
    endloop
  endfacet
  facet normal -0.25881904510251974 0.9659258262890686 9.151296962721082e-15
    outer loop
      vertex 244.15529116192403 -24.928091313777983 10.251162078117254
      vertex 247.01511287565765 -24.161804395086072 10.196750380315011
      vertex 246.9991495492552 -24.16608175550412 10.065930045505779
    endloop
  endfacet
  facet normal -0.25881904510251996 0.9659258262890685 1.2218859750504417e-15
    outer loop
      vertex 244.21610383393332 -24.91179660742351 10.749525258342898
      vertex 247.1550342746322 -24.12431256922701 10.562618134727947
      vertex 247.0936747219696 -24.140753811810885 10.447068256143327
    endloop
  endfacet
  facet normal -0.2588190451025203 0.9659258262890684 0
    outer loop
      vertex 246.9991495492552 -24.16608175550412 10.065930045505779
      vertex 246.9991495492552 -24.16608175550412 9.934069954494221
      vertex 244.15529116192403 -24.928091313777983 9.748837921882746
    endloop
  endfacet
  facet normal -0.2588190451025197 0.9659258262890684 -9.432806586086034e-15
    outer loop
      vertex 246.9991495492552 -24.16608175550412 9.934069954494221
      vertex 247.01511287565765 -24.161804395086072 9.803249619684989
      vertex 244.15529116192403 -24.928091313777983 9.748837921882746
    endloop
  endfacet
  facet normal -0.2588190451025208 0.9659258262890683 5.3851951493418784e-14
    outer loop
      vertex 247.01511287565765 -24.161804395086072 9.803249619684989
      vertex 247.04678777726912 -24.153317130778937 9.675532155906305
      vertex 244.15529116192403 -24.928091313777983 9.748837921882746
    endloop
  endfacet
  facet normal -0.2588190451025226 0.9659258262890678 -2.321583352595851e-14
    outer loop
      vertex 244.15529116192403 -24.928091313777983 9.748837921882746
      vertex 247.04678777726912 -24.153317130778937 9.675532155906305
      vertex 247.0936747219696 -24.140753811810885 9.552931743856673
    endloop
  endfacet
  facet normal -0.25881904510251996 0.9659258262890685 -1.2218859750504417e-15
    outer loop
      vertex 244.21610383393332 -24.91179660742351 9.250474741657102
      vertex 247.0936747219696 -24.140753811810885 9.552931743856673
      vertex 247.1550342746322 -24.12431256922701 9.437381865272053
    endloop
  endfacet
  facet normal -0.25881904510252046 0.9659258262890683 7.85853902510808e-15
    outer loop
      vertex 244.21610383393332 -24.91179660742351 9.250474741657102
      vertex 247.1550342746322 -24.12431256922701 9.437381865272053
      vertex 247.229898758457 -24.104252691244373 9.330704810763876
    endloop
  endfacet
  facet normal -0.2588190451025215 0.9659258262890681 4.626641061182944e-14
    outer loop
      vertex 244.21610383393332 -24.91179660742351 9.250474741657102
      vertex 247.229898758457 -24.104252691244373 9.330704810763876
      vertex 247.31708751581226 -24.080890534121956 9.234582941207519
    endloop
  endfacet
  facet normal -0.2588190451025217 0.965925826289068 -1.6556907883631306e-14
    outer loop
      vertex 244.21610383393332 -24.91179660742351 9.250474741657102
      vertex 247.31708751581226 -24.080890534121956 9.234582941207519
      vertex 247.41522552791042 -24.05459453303346 9.150532155906305
    endloop
  endfacet
  facet normal -0.2588190451025239 0.9659258262890674 -8.76709919202732e-14
    outer loop
      vertex 244.21610383393332 -24.91179660742351 9.250474741657102
      vertex 247.41522552791042 -24.05459453303346 9.150532155906305
      vertex 247.52276509967592 -24.02577939162451 9.079877985953944
    endloop
  endfacet
  facet normal -0.2588190451025179 0.965925826289069 3.3595786856206117e-14
    outer loop
      vertex 244.21610383393332 -24.91179660742351 9.250474741657102
      vertex 247.52276509967592 -24.02577939162451 9.079877985953944
      vertex 247.63801026782093 -23.994899541888465 9.023734689817337
    endloop
  endfacet
  facet normal -0.2588190451025264 0.9659258262890668 7.494444760230649e-14
    outer loop
      vertex 244.33677012578664 -24.879464171967758 8.76393202250021
      vertex 247.63801026782093 -23.994899541888465 9.023734689817337
      vertex 247.7591435471997 -23.962441977502387 8.982987680814936
    endloop
  endfacet
  facet normal -0.25881904510251547 0.9659258262890696 -1.0727121647106835e-13
    outer loop
      vertex 244.33677012578664 -24.879464171967758 8.76393202250021
      vertex 247.7591435471997 -23.962441977502387 8.982987680814936
      vertex 247.88425459363495 -23.928918573645852 8.958279563619799
    endloop
  endfacet
  facet normal -0.2588190451025192 0.9659258262890688 -3.172980391837397e-14
    outer loop
      vertex 244.33677012578664 -24.879464171967758 8.76393202250021
      vertex 247.88425459363495 -23.928918573645852 8.958279563619799
      vertex 248.01137033118664 -23.89485801442359 8.95
    endloop
  endfacet
  facet normal -0.2588190451025205 0.9659258262890684 -4.104895042042142e-15
    outer loop
      vertex 244.33677012578664 -24.879464171967758 8.76393202250021
      vertex 251.5073536043944 -22.95811211961486 8.29688283373971
      vertex 244.51538705797887 -24.831603909232328 8.296882833739708
    endloop
  endfacet
  facet normal -0.2588190451025203 0.9659258262890684 1.39463162698972e-14
    outer loop
      vertex 244.51538705797887 -24.831603909232328 8.296882833739708
      vertex 251.2736029275845 -23.020745424696297 7.856692820084016
      vertex 244.74913773478875 -24.768970604150887 7.856692820084014
    endloop
  endfacet
  facet normal -0.25881904510252074 0.9659258262890683 -1.2609001553210818e-14
    outer loop
      vertex 244.74913773478875 -24.768970604150887 7.856692820084014
      vertex 250.98840489396613 -23.097164007487287 7.45030404100524
      vertex 245.03433576840715 -24.692552021359898 7.450304041005241
    endloop
  endfacet
  facet normal -0.2588190451025203 0.9659258262890683 1.3342617782087741e-14
    outer loop
      vertex 245.03433576840715 -24.692552021359898 7.450304041005241
      vertex 250.65625724689846 -23.186162701286964 7.084125490314353
      vertex 245.3664834154748 -24.60355332756022 7.084125490314354
    endloop
  endfacet
  facet normal -0.25881904510252096 0.9659258262890682 -5.493452359035808e-15
    outer loop
      vertex 245.3664834154748 -24.60355332756022 7.084125490314354
      vertex 250.28239815319117 -23.286337943528864 6.76393202250021
      vertex 245.74034250918208 -24.50337808531832 6.76393202250021
    endloop
  endfacet
  facet normal -0.25881904510252046 0.9659258262890685 -9.043643317164951e-15
    outer loop
      vertex 245.74034250918208 -24.50337808531832 6.76393202250021
      vertex 249.87272359408462 -23.396109910801044 6.494773279824546
      vertex 246.15001706828866 -24.39360611804614 6.494773279824546
    endloop
  endfacet
  facet normal -0.2588190451025203 0.9659258262890685 2.6439188367457844e-14
    outer loop
      vertex 246.15001706828866 -24.39360611804614 6.494773279824546
      vertex 249.4336943821036 -23.513747433605026 6.280894056446995
      vertex 246.58904628026966 -24.275968595242155 6.280894056446995
    endloop
  endfacet
  facet normal -0.25881904510252274 0.9659258262890678 2.714877900815197e-14
    outer loop
      vertex 248.86770638774107 -23.66540345962018 10.562618134727947
      vertex 251.80663682843993 -22.877919421423673 10.7495252583429
      vertex 248.92906594040366 -23.6489622170363 10.447068256143327
    endloop
  endfacet
  facet normal -0.25881904510252207 0.965925826289068 -5.133830292047846e-14
    outer loop
      vertex 248.92906594040366 -23.6489622170363 10.447068256143327
      vertex 251.86744950044925 -22.8616247150692 10.251162078117256
      vertex 248.97595288510414 -23.63639889806825 10.324467844093695
    endloop
  endfacet
  facet normal -0.25881904510252096 0.9659258262890683 -3.771554344036266e-15
    outer loop
      vertex 248.97595288510414 -23.63639889806825 10.324467844093695
      vertex 251.86744950044925 -22.8616247150692 10.251162078117256
      vertex 249.00762778671563 -23.627911633761116 10.196750380315011
    endloop
  endfacet
  facet normal -0.2588190451025213 0.9659258262890682 1.6591194151652253e-14
    outer loop
      vertex 249.00762778671563 -23.627911633761116 10.196750380315011
      vertex 251.86744950044925 -22.8616247150692 10.251162078117256
      vertex 249.02359111311807 -23.623634273343065 10.06593004550578
    endloop
  endfacet
  facet normal -0.2588190451025203 0.9659258262890685 0
    outer loop
      vertex 249.02359111311807 -23.623634273343065 10.06593004550578
      vertex 251.86744950044925 -22.8616247150692 10.251162078117256
      vertex 249.02359111311807 -23.623634273343065 9.93406995449422
    endloop
  endfacet
  facet normal -0.2588190451025213 0.9659258262890682 -1.6591194151652253e-14
    outer loop
      vertex 249.02359111311807 -23.623634273343065 9.93406995449422
      vertex 251.86744950044925 -22.8616247150692 9.748837921882744
      vertex 249.00762778671563 -23.627911633761116 9.803249619684989
    endloop
  endfacet
  facet normal -0.2588190451025215 0.9659258262890681 3.932197913669247e-15
    outer loop
      vertex 249.00762778671563 -23.627911633761116 9.803249619684989
      vertex 251.80663682843993 -22.877919421423673 9.2504747416571
      vertex 248.97595288510414 -23.63639889806825 9.675532155906305
    endloop
  endfacet
  facet normal -0.25881904510252046 0.9659258262890684 -8.783352305873895e-15
    outer loop
      vertex 244.33677012578664 -24.879464171967758 8.76393202250021
      vertex 248.01137033118664 -23.89485801442359 8.95
      vertex 251.68597053658664 -22.910251856879427 8.76393202250021
    endloop
  endfacet
  facet normal -0.25881904510252224 0.965925826289068 -1.84713003576767e-14
    outer loop
      vertex 248.60751513446283 -23.735121495813726 9.150532155906305
      vertex 251.68597053658664 -22.910251856879427 8.76393202250021
      vertex 248.49997556269736 -23.763936637222674 9.079877985953944
    endloop
  endfacet
  facet normal -0.25881904510251524 0.9659258262890699 4.85644697374926e-14
    outer loop
      vertex 248.97595288510414 -23.63639889806825 9.675532155906305
      vertex 251.80663682843993 -22.877919421423673 9.2504747416571
      vertex 248.92906594040366 -23.6489622170363 9.552931743856673
    endloop
  endfacet
  facet normal -0.25881904510252274 0.9659258262890678 -2.714877900815197e-14
    outer loop
      vertex 248.92906594040366 -23.6489622170363 9.552931743856673
      vertex 251.80663682843993 -22.877919421423673 9.2504747416571
      vertex 248.86770638774107 -23.66540345962018 9.437381865272053
    endloop
  endfacet
  facet normal -0.25881904510251974 0.9659258262890685 2.2797949150964587e-14
    outer loop
      vertex 248.86770638774107 -23.66540345962018 9.437381865272053
      vertex 251.80663682843993 -22.877919421423673 9.2504747416571
      vertex 248.79284190391624 -23.685463337602812 9.330704810763876
    endloop
  endfacet
  facet normal -0.2588190451025209 0.9659258262890682 -1.080549115952355e-14
    outer loop
      vertex 248.705653146561 -23.708825494725225 9.234582941207517
      vertex 248.79284190391624 -23.685463337602812 9.330704810763876
      vertex 251.68597053658664 -22.910251856879427 8.76393202250021
    endloop
  endfacet
  facet normal -0.2588190451025227 0.9659258262890678 -2.3223569389141117e-14
    outer loop
      vertex 248.705653146561 -23.708825494725225 9.234582941207517
      vertex 251.68597053658664 -22.910251856879427 8.76393202250021
      vertex 248.60751513446283 -23.735121495813726 9.150532155906305
    endloop
  endfacet
  facet normal -0.25881904510253145 0.9659258262890653 -2.4268342215696144e-13
    outer loop
      vertex 248.1384860687383 -23.860797455201332 8.958279563619799
      vertex 251.68597053658664 -22.910251856879427 8.76393202250021
      vertex 248.01137033118664 -23.89485801442359 8.95
    endloop
  endfacet
  facet normal -0.258819045102514 0.9659258262890701 9.984843140275719e-14
    outer loop
      vertex 248.1384860687383 -23.860797455201332 8.958279563619799
      vertex 248.26359711517355 -23.827274051344798 8.982987680814936
      vertex 251.68597053658664 -22.910251856879427 8.76393202250021
    endloop
  endfacet
  facet normal -0.25881904510252474 0.9659258262890672 -8.043606660764739e-14
    outer loop
      vertex 248.26359711517355 -23.827274051344798 8.982987680814936
      vertex 248.38473039455232 -23.79481648695872 9.023734689817337
      vertex 251.68597053658664 -22.910251856879427 8.76393202250021
    endloop
  endfacet
  facet normal -0.25881904510251247 0.9659258262890704 8.598980102406936e-14
    outer loop
      vertex 248.38473039455232 -23.79481648695872 9.023734689817337
      vertex 248.49997556269736 -23.763936637222674 9.079877985953944
      vertex 251.68597053658664 -22.910251856879427 8.76393202250021
    endloop
  endfacet
  facet normal -0.25881904510252046 0.9659258262890683 -2.9993180991602595e-15
    outer loop
      vertex 244.33677012578664 -24.879464171967758 8.76393202250021
      vertex 251.68597053658664 -22.910251856879427 8.76393202250021
      vertex 251.5073536043944 -22.95811211961486 8.29688283373971
    endloop
  endfacet
  facet normal -0.2588190451025193 0.9659258262890686 -7.383244596331135e-15
    outer loop
      vertex 248.92906594040366 -23.6489622170363 10.447068256143327
      vertex 251.80663682843993 -22.877919421423673 10.7495252583429
      vertex 251.86744950044925 -22.8616247150692 10.251162078117256
    endloop
  endfacet
  facet normal -0.2588190451025203 0.9659258262890684 0
    outer loop
      vertex 249.02359111311807 -23.623634273343065 9.93406995449422
      vertex 251.86744950044925 -22.8616247150692 10.251162078117256
      vertex 251.86744950044925 -22.8616247150692 9.748837921882744
    endloop
  endfacet
  facet normal -0.25881904510252085 0.9659258262890683 7.5069232897322e-15
    outer loop
      vertex 249.00762778671563 -23.627911633761116 9.803249619684989
      vertex 251.86744950044925 -22.8616247150692 9.748837921882744
      vertex 251.80663682843993 -22.877919421423673 9.2504747416571
    endloop
  endfacet
  facet normal -0.2588190451025206 0.9659258262890683 -8.718518732888157e-15
    outer loop
      vertex 248.79284190391624 -23.685463337602812 9.330704810763876
      vertex 251.80663682843993 -22.877919421423673 9.2504747416571
      vertex 251.68597053658664 -22.910251856879427 8.76393202250021
    endloop
  endfacet
  facet normal -0.2588190451025203 0.9659258262890684 -5.8241140839095275e-15
    outer loop
      vertex 244.74913773478875 -24.768970604150887 7.856692820084014
      vertex 251.2736029275845 -23.020745424696297 7.856692820084016
      vertex 250.98840489396613 -23.097164007487287 7.45030404100524
    endloop
  endfacet
  facet normal -0.2588190451025205 0.9659258262890684 1.0592246135834213e-14
    outer loop
      vertex 244.51538705797887 -24.831603909232328 8.296882833739708
      vertex 251.5073536043944 -22.95811211961486 8.29688283373971
      vertex 251.2736029275845 -23.020745424696297 7.856692820084016
    endloop
  endfacet
  facet normal -0.2588190451025207 0.9659258262890683 7.0828774269005214e-15
    outer loop
      vertex 245.03433576840715 -24.692552021359898 7.450304041005241
      vertex 250.98840489396613 -23.097164007487287 7.45030404100524
      vertex 250.65625724689846 -23.186162701286964 7.084125490314353
    endloop
  endfacet
  facet normal -0.25881904510252035 0.9659258262890684 4.558657171107546e-15
    outer loop
      vertex 245.3664834154748 -24.60355332756022 7.084125490314354
      vertex 250.65625724689846 -23.186162701286964 7.084125490314353
      vertex 250.28239815319117 -23.286337943528864 6.76393202250021
    endloop
  endfacet
  facet normal -0.25881904510252046 0.9659258262890684 2.4243711874366937e-14
    outer loop
      vertex 246.15001706828866 -24.39360611804614 6.494773279824546
      vertex 249.87272359408462 -23.396109910801044 6.494773279824546
      vertex 249.4336943821036 -23.513747433605026 6.280894056446995
    endloop
  endfacet
  facet normal -0.25881904510252096 0.9659258262890682 -1.7543775542272685e-14
    outer loop
      vertex 245.74034250918208 -24.50337808531832 6.76393202250021
      vertex 250.28239815319117 -23.286337943528864 6.76393202250021
      vertex 249.87272359408462 -23.396109910801044 6.494773279824546
    endloop
  endfacet
  facet normal -0.29848749562898996 -0.07997948340457542 -0.9510565162951521
    outer loop
      vertex 247.05050639218885 -24.152320730914237 6.125667355485476
      vertex 248.34460161770144 -28.981949862359578 6.125667355485476
      vertex 247.88314150578228 -29.1055977266875 6.280894056446995
    endloop
  endfacet
  facet normal -0.1809964511223476 -0.04849785291113286 -0.9822872507286888
    outer loop
      vertex 247.5271199024183 -24.02461252574649 6.031541194742088
      vertex 248.8212151279309 -28.85424165719183 6.031541194742088
      vertex 248.34460161770144 -28.981949862359578 6.125667355485476
    endloop
  endfacet
  facet normal -0.06065098445947141 -0.01625138230606778 -0.9980267284282716
    outer loop
      vertex 248.01137033118664 -23.89485801442359 6
      vertex 249.30546555669923 -28.724487145868935 6
      vertex 248.8212151279309 -28.85424165719183 6.031541194742088
    endloop
  endfacet
  facet normal -0.2984874956289746 -0.07997948340457299 -0.9510565162951572
    outer loop
      vertex 246.58904628026966 -24.275968595242155 6.280894056446995
      vertex 247.05050639218885 -24.152320730914237 6.125667355485476
      vertex 247.88314150578228 -29.1055977266875 6.280894056446995
    endloop
  endfacet
  facet normal -0.1809964511223576 -0.04849785291113447 -0.9822872507286867
    outer loop
      vertex 247.05050639218885 -24.152320730914237 6.125667355485476
      vertex 247.5271199024183 -24.02461252574649 6.031541194742088
      vertex 248.34460161770144 -28.981949862359578 6.125667355485476
    endloop
  endfacet
  facet normal -0.06065098445946791 -0.01625138230606721 -0.9980267284282718
    outer loop
      vertex 247.5271199024183 -24.02461252574649 6.031541194742088
      vertex 248.01137033118664 -23.89485801442359 6
      vertex 248.8212151279309 -28.85424165719183 6.031541194742088
    endloop
  endfacet
  facet normal 0.06065098445947143 0.016251382306067798 -0.9980267284282716
    outer loop
      vertex 248.49562075995496 -23.765103503100697 6.031541194742088
      vertex 249.78971598546755 -28.594732634546038 6.031541194742088
      vertex 249.30546555669923 -28.724487145868935 6
    endloop
  endfacet
  facet normal 0.18099645112234758 0.04849785291113178 -0.9822872507286888
    outer loop
      vertex 248.97223427018443 -23.637395297932947 6.125667355485476
      vertex 250.26632949569702 -28.467024429378288 6.125667355485476
      vertex 249.78971598546755 -28.594732634546038 6.031541194742088
    endloop
  endfacet
  facet normal 0.2984874956289906 0.07997948340457552 -0.9510565162951519
    outer loop
      vertex 249.4336943821036 -23.513747433605026 6.280894056446995
      vertex 250.7277896076162 -28.34337656505037 6.280894056446995
      vertex 250.26632949569702 -28.467024429378288 6.125667355485476
    endloop
  endfacet
  facet normal 0.060650984459471535 0.016251382306067815 -0.9980267284282716
    outer loop
      vertex 248.01137033118664 -23.89485801442359 6
      vertex 248.49562075995496 -23.765103503100697 6.031541194742088
      vertex 249.30546555669923 -28.724487145868935 6
    endloop
  endfacet
  facet normal 0.18099645112234755 0.048497852911131775 -0.9822872507286888
    outer loop
      vertex 248.49562075995496 -23.765103503100697 6.031541194742088
      vertex 248.97223427018443 -23.637395297932947 6.125667355485476
      vertex 249.78971598546755 -28.594732634546038 6.031541194742088
    endloop
  endfacet
  facet normal 0.29848749562899 0.07997948340457543 -0.9510565162951521
    outer loop
      vertex 248.97223427018443 -23.637395297932947 6.125667355485476
      vertex 249.4336943821036 -23.513747433605026 6.280894056446995
      vertex 250.26632949569702 -28.467024429378288 6.125667355485476
    endloop
  endfacet
  facet normal -0.2588190451025204 0.9659258262890685 -3.576998604922844e-14
    outer loop
      vertex 246.58904628026966 -24.275968595242155 6.280894056446995
      vertex 248.97223427018443 -23.637395297932947 6.125667355485476
      vertex 247.05050639218885 -24.152320730914237 6.125667355485476
    endloop
  endfacet
  facet normal -0.25881904510251524 0.9659258262890698 7.734627637444268e-14
    outer loop
      vertex 247.05050639218885 -24.152320730914237 6.125667355485476
      vertex 248.49562075995496 -23.765103503100697 6.031541194742088
      vertex 247.5271199024183 -24.02461252574649 6.031541194742088
    endloop
  endfacet
  facet normal -0.25881904510251524 0.9659258262890698 -7.898750149294119e-15
    outer loop
      vertex 247.5271199024183 -24.02461252574649 6.031541194742088
      vertex 248.49562075995496 -23.765103503100697 6.031541194742088
      vertex 248.01137033118664 -23.89485801442359 6
    endloop
  endfacet
  facet normal -0.2588190451025204 0.9659258262890684 -7.114313823994759e-15
    outer loop
      vertex 247.05050639218885 -24.152320730914237 6.125667355485476
      vertex 248.97223427018443 -23.637395297932947 6.125667355485476
      vertex 248.49562075995496 -23.765103503100697 6.031541194742088
    endloop
  endfacet
  facet normal -0.25881904510252035 0.9659258262890685 -3.4000638015805976e-14
    outer loop
      vertex 246.58904628026966 -24.275968595242155 6.280894056446995
      vertex 249.4336943821036 -23.513747433605026 6.280894056446995
      vertex 248.97223427018443 -23.637395297932947 6.125667355485476
    endloop
  endfacet
  facet normal 0.29848749562896737 0.07997948340456931 -0.9510565162951597
    outer loop
      vertex 247.63801026782093 -23.994899541888465 -9.023734689817337
      vertex 249.05323877271232 -28.792071108947727 -8.982987680814936
      vertex 248.93210549333352 -28.82452867333381 -9.023734689817337
    endloop
  endfacet
  facet normal 0.18099645112235402 0.04849785291113457 -0.9822872507286875
    outer loop
      vertex 247.7591435471997 -23.962441977502387 -8.982987680814936
      vertex 249.17834981914754 -28.758547705091196 -8.958279563619799
      vertex 249.05323877271232 -28.792071108947727 -8.982987680814936
    endloop
  endfacet
  facet normal 0.41127121402178524 0.11019978966730373 -0.9048270524660107
    outer loop
      vertex 247.52276509967592 -24.02577939162451 -9.079877985953944
      vertex 247.63801026782093 -23.994899541888465 -9.023734689817337
      vertex 248.93210549333352 -28.82452867333381 -9.023734689817337
    endloop
  endfacet
  facet normal 0.2984874956290284 0.07997948340458749 -0.9510565162951391
    outer loop
      vertex 247.63801026782093 -23.994899541888465 -9.023734689817337
      vertex 247.7591435471997 -23.962441977502387 -8.982987680814936
      vertex 249.05323877271232 -28.792071108947727 -8.982987680814936
    endloop
  endfacet
  facet normal 0.18099645112231594 0.04849785291112327 -0.9822872507286949
    outer loop
      vertex 247.7591435471997 -23.962441977502387 -8.982987680814936
      vertex 247.88425459363495 -23.928918573645852 -8.958279563619799
      vertex 249.17834981914754 -28.758547705091196 -8.958279563619799
    endloop
  endfacet
  facet normal 0.7041296237807791 0.1886709640588884 -0.6845471059287506
    outer loop
      vertex 247.229898758457 -24.104252691244373 -9.330704810763876
      vertex 248.61118274132488 -28.9105196655673 -9.234582941207517
      vertex 248.5239939839696 -28.933881822689713 -9.330704810763876
    endloop
  endfacet
  facet normal 0.7814504087736103 0.20938900595586235 -0.5877852522923428
    outer loop
      vertex 247.1550342746322 -24.12431256922701 -9.437381865272053
      vertex 248.5239939839696 -28.933881822689713 -9.330704810763876
      vertex 248.4491295001448 -28.95394170067235 -9.437381865272053
    endloop
  endfacet
  facet normal 0.8464472540039224 0.22680485814589038 -0.48175367410186076
    outer loop
      vertex 247.0936747219696 -24.140753811810885 -9.552931743856673
      vertex 248.4491295001448 -28.95394170067235 -9.437381865272053
      vertex 248.38776994748218 -28.970382943256226 -9.552931743856673
    endloop
  endfacet
  facet normal 0.5175689396879145 0.13868217941681096 -0.8443279255020122
    outer loop
      vertex 247.41522552791042 -24.05459453303346 -9.150532155906305
      vertex 248.81686032518851 -28.855408523069855 -9.079877985953944
      vertex 248.70932075342304 -28.8842236644788 -9.150532155906305
    endloop
  endfacet
  facet normal 0.41127121402178496 0.11019978966730365 -0.9048270524660108
    outer loop
      vertex 247.52276509967592 -24.02577939162451 -9.079877985953944
      vertex 248.93210549333352 -28.82452867333381 -9.023734689817337
      vertex 248.81686032518851 -28.855408523069855 -9.079877985953944
    endloop
  endfacet
  facet normal 0.6157042939944845 0.1649774683521987 -0.770513242775783
    outer loop
      vertex 247.31708751581226 -24.080890534121956 -9.234582941207517
      vertex 248.70932075342304 -28.8842236644788 -9.150532155906305
      vertex 248.61118274132488 -28.9105196655673 -9.234582941207517
    endloop
  endfacet
  facet normal 0.8980951203957865 0.2406438622363861 -0.3681245526845949
    outer loop
      vertex 247.04678777726912 -24.153317130778937 -9.675532155906305
      vertex 248.38776994748218 -28.970382943256226 -9.552931743856673
      vertex 248.34088300278174 -28.982946262224278 -9.675532155906305
    endloop
  endfacet
  facet normal 0.9355794902428471 0.2506877688656901 -0.24868988716487142
    outer loop
      vertex 247.01511287565765 -24.161804395086072 -9.803249619684989
      vertex 248.34088300278174 -28.982946262224278 -9.675532155906305
      vertex 248.30920810117024 -28.991433526531413 -9.803249619684989
    endloop
  endfacet
  facet normal 0.9583092126407222 0.25677817962638433 -0.12533323356428414
    outer loop
      vertex 246.9991495492552 -24.16608175550412 -9.934069954494221
      vertex 248.30920810117024 -28.991433526531413 -9.803249619684989
      vertex 248.2932447747678 -28.99571088694946 -9.934069954494221
    endloop
  endfacet
  facet normal 0.9659258262890688 0.25881904510251863 0
    outer loop
      vertex 246.9991495492552 -24.16608175550412 -10.065930045505779
      vertex 248.2932447747678 -28.99571088694946 -9.934069954494221
      vertex 248.2932447747678 -28.99571088694946 -10.065930045505779
    endloop
  endfacet
  facet normal 0.7041296237808753 0.18867096405891812 -0.6845471059286433
    outer loop
      vertex 247.229898758457 -24.104252691244373 -9.330704810763876
      vertex 247.31708751581226 -24.080890534121956 -9.234582941207517
      vertex 248.61118274132488 -28.9105196655673 -9.234582941207517
    endloop
  endfacet
  facet normal 0.7814504087735156 0.20938900595583237 -0.5877852522924795
    outer loop
      vertex 247.229898758457 -24.104252691244373 -9.330704810763876
      vertex 248.5239939839696 -28.933881822689713 -9.330704810763876
      vertex 247.1550342746322 -24.12431256922701 -9.437381865272053
    endloop
  endfacet
  facet normal 0.8464472540040063 0.22680485814591786 -0.4817536741017002
    outer loop
      vertex 247.1550342746322 -24.12431256922701 -9.437381865272053
      vertex 248.4491295001448 -28.95394170067235 -9.437381865272053
      vertex 247.0936747219696 -24.140753811810885 -9.552931743856673
    endloop
  endfacet
  facet normal 0.8980951203957189 0.2406438622363627 -0.36812455268477484
    outer loop
      vertex 247.0936747219696 -24.140753811810885 -9.552931743856673
      vertex 248.38776994748218 -28.970382943256226 -9.552931743856673
      vertex 247.04678777726912 -24.153317130778937 -9.675532155906305
    endloop
  endfacet
  facet normal 0.615704293994488 0.16497746835219976 -0.77051324277578
    outer loop
      vertex 247.41522552791042 -24.05459453303346 -9.150532155906305
      vertex 248.70932075342304 -28.8842236644788 -9.150532155906305
      vertex 247.31708751581226 -24.080890534121956 -9.234582941207517
    endloop
  endfacet
  facet normal 0.5175689396878207 0.13868217941678268 -0.8443279255020741
    outer loop
      vertex 247.52276509967592 -24.02577939162451 -9.079877985953944
      vertex 248.81686032518851 -28.855408523069855 -9.079877985953944
      vertex 247.41522552791042 -24.05459453303346 -9.150532155906305
    endloop
  endfacet
  facet normal 0.9583092126407222 0.25677817962638433 -0.12533323356428375
    outer loop
      vertex 247.01511287565765 -24.161804395086072 -9.803249619684989
      vertex 248.30920810117024 -28.991433526531413 -9.803249619684989
      vertex 246.9991495492552 -24.16608175550412 -9.934069954494221
    endloop
  endfacet
  facet normal 0.9355794902428942 0.25068776886570826 -0.24868988716467583
    outer loop
      vertex 247.01511287565765 -24.161804395086072 -9.803249619684989
      vertex 247.04678777726912 -24.153317130778937 -9.675532155906305
      vertex 248.34088300278174 -28.982946262224278 -9.675532155906305
    endloop
  endfacet
  facet normal 0.9659258262890688 0.25881904510251863 0
    outer loop
      vertex 246.9991495492552 -24.16608175550412 -9.934069954494221
      vertex 248.2932447747678 -28.99571088694946 -9.934069954494221
      vertex 246.9991495492552 -24.16608175550412 -10.065930045505779
    endloop
  endfacet
  facet normal 0.9583092126407222 0.25677817962638433 0.12533323356428375
    outer loop
      vertex 246.9991495492552 -24.16608175550412 -10.065930045505779
      vertex 248.2932447747678 -28.99571088694946 -10.065930045505779
      vertex 247.01511287565765 -24.161804395086072 -10.196750380315011
    endloop
  endfacet
  facet normal 0.9583092126407224 0.25677817962638433 0.1253332335642828
    outer loop
      vertex 247.01511287565765 -24.161804395086072 -10.196750380315011
      vertex 248.2932447747678 -28.99571088694946 -10.065930045505779
      vertex 248.30920810117024 -28.991433526531413 -10.196750380315011
    endloop
  endfacet
  facet normal 0.9355794902428459 0.25068776886569527 0.2486898871648711
    outer loop
      vertex 247.04678777726912 -24.153317130778937 -10.324467844093695
      vertex 248.30920810117024 -28.991433526531413 -10.196750380315011
      vertex 248.34088300278174 -28.982946262224278 -10.324467844093695
    endloop
  endfacet
  facet normal 0.8980951203957875 0.2406438622363811 0.3681245526845953
    outer loop
      vertex 247.0936747219696 -24.140753811810885 -10.447068256143327
      vertex 248.34088300278174 -28.982946262224278 -10.324467844093695
      vertex 248.38776994748218 -28.970382943256226 -10.447068256143327
    endloop
  endfacet
  facet normal 0.8464472540039214 0.2268048581458951 0.4817536741018602
    outer loop
      vertex 247.1550342746322 -24.12431256922701 -10.562618134727947
      vertex 248.38776994748218 -28.970382943256226 -10.447068256143327
      vertex 248.4491295001448 -28.95394170067235 -10.562618134727947
    endloop
  endfacet
  facet normal 0.781450408773611 0.20938900595585797 0.5877852522923434
    outer loop
      vertex 247.229898758457 -24.104252691244373 -10.669295189236124
      vertex 248.4491295001448 -28.95394170067235 -10.562618134727947
      vertex 248.5239939839696 -28.933881822689713 -10.669295189236124
    endloop
  endfacet
  facet normal 0.7041296237807722 0.1886709640588905 0.6845471059287572
    outer loop
      vertex 247.31708751581226 -24.080890534121956 -10.765417058792481
      vertex 248.5239939839696 -28.933881822689713 -10.669295189236124
      vertex 248.61118274132488 -28.9105196655673 -10.765417058792481
    endloop
  endfacet
  facet normal 0.6157042939944926 0.164977468352201 0.7705132427757762
    outer loop
      vertex 247.41522552791042 -24.05459453303346 -10.849467844093695
      vertex 248.61118274132488 -28.9105196655673 -10.765417058792481
      vertex 248.70932075342304 -28.8842236644788 -10.849467844093695
    endloop
  endfacet
  facet normal 0.5175689396879144 0.1386821794168078 0.8443279255020129
    outer loop
      vertex 247.52276509967592 -24.02577939162451 -10.920122014046056
      vertex 248.70932075342304 -28.8842236644788 -10.849467844093695
      vertex 248.81686032518851 -28.855408523069855 -10.920122014046056
    endloop
  endfacet
  facet normal 0.41127121402178496 0.11019978966730365 0.9048270524660108
    outer loop
      vertex 247.63801026782093 -23.994899541888465 -10.976265310182663
      vertex 248.81686032518851 -28.855408523069855 -10.920122014046056
      vertex 248.93210549333352 -28.82452867333381 -10.976265310182663
    endloop
  endfacet
  facet normal 0.29848749562896715 0.07997948340457108 0.9510565162951597
    outer loop
      vertex 247.7591435471997 -23.962441977502387 -11.017012319185064
      vertex 248.93210549333352 -28.82452867333381 -10.976265310182663
      vertex 249.05323877271232 -28.792071108947727 -11.017012319185064
    endloop
  endfacet
  facet normal 0.18099645112235416 0.048497852911133496 0.9822872507286875
    outer loop
      vertex 247.88425459363495 -23.928918573645852 -11.041720436380201
      vertex 249.05323877271232 -28.792071108947727 -11.017012319185064
      vertex 249.17834981914754 -28.758547705091196 -11.041720436380201
    endloop
  endfacet
  facet normal 0.9355794902428958 0.25068776886570315 0.24868988716467583
    outer loop
      vertex 247.01511287565765 -24.161804395086072 -10.196750380315011
      vertex 248.30920810117024 -28.991433526531413 -10.196750380315011
      vertex 247.04678777726912 -24.153317130778937 -10.324467844093695
    endloop
  endfacet
  facet normal 0.8980951203957177 0.24064386223636763 0.3681245526847749
    outer loop
      vertex 247.04678777726912 -24.153317130778937 -10.324467844093695
      vertex 248.34088300278174 -28.982946262224278 -10.324467844093695
      vertex 247.0936747219696 -24.140753811810885 -10.447068256143327
    endloop
  endfacet
  facet normal 0.8464472540040074 0.2268048581459132 0.4817536741017002
    outer loop
      vertex 247.0936747219696 -24.140753811810885 -10.447068256143327
      vertex 248.38776994748218 -28.970382943256226 -10.447068256143327
      vertex 247.1550342746322 -24.12431256922701 -10.562618134727947
    endloop
  endfacet
  facet normal 0.7814504087735145 0.20938900595583668 0.5877852522924796
    outer loop
      vertex 247.1550342746322 -24.12431256922701 -10.562618134727947
      vertex 248.4491295001448 -28.95394170067235 -10.562618134727947
      vertex 247.229898758457 -24.104252691244373 -10.669295189236124
    endloop
  endfacet
  facet normal 0.7041296237808702 0.18867096405891276 0.6845471059286501
    outer loop
      vertex 247.229898758457 -24.104252691244373 -10.669295189236124
      vertex 248.5239939839696 -28.933881822689713 -10.669295189236124
      vertex 247.31708751581226 -24.080890534121956 -10.765417058792481
    endloop
  endfacet
  facet normal 0.6157042939944957 0.1649774683522017 0.7705132427757733
    outer loop
      vertex 247.31708751581226 -24.080890534121956 -10.765417058792481
      vertex 248.61118274132488 -28.9105196655673 -10.765417058792481
      vertex 247.41522552791042 -24.05459453303346 -10.849467844093695
    endloop
  endfacet
  facet normal 0.51756893968782 0.13868217941678565 0.8443279255020743
    outer loop
      vertex 247.41522552791042 -24.05459453303346 -10.849467844093695
      vertex 248.70932075342304 -28.8842236644788 -10.849467844093695
      vertex 247.52276509967592 -24.02577939162451 -10.920122014046056
    endloop
  endfacet
  facet normal 0.4112712140217854 0.11019978966730376 0.9048270524660107
    outer loop
      vertex 247.52276509967592 -24.02577939162451 -10.920122014046056
      vertex 248.81686032518851 -28.855408523069855 -10.920122014046056
      vertex 247.63801026782093 -23.994899541888465 -10.976265310182663
    endloop
  endfacet
  facet normal 0.2984874956290288 0.07997948340458577 0.951056516295139
    outer loop
      vertex 247.63801026782093 -23.994899541888465 -10.976265310182663
      vertex 248.93210549333352 -28.82452867333381 -10.976265310182663
      vertex 247.7591435471997 -23.962441977502387 -11.017012319185064
    endloop
  endfacet
  facet normal 0.18099645112231566 0.04849785291112429 0.9822872507286949
    outer loop
      vertex 247.7591435471997 -23.962441977502387 -11.017012319185064
      vertex 249.05323877271232 -28.792071108947727 -11.017012319185064
      vertex 247.88425459363495 -23.928918573645852 -11.041720436380201
    endloop
  endfacet
  facet normal 0.06065098445947953 0.016251382306069956 -0.9980267284282711
    outer loop
      vertex 247.88425459363495 -23.928918573645852 -8.958279563619799
      vertex 249.30546555669923 -28.724487145868935 -8.95
      vertex 249.17834981914754 -28.758547705091196 -8.958279563619799
    endloop
  endfacet
  facet normal -0.06065098445947953 -0.016251382306069956 -0.9980267284282711
    outer loop
      vertex 248.01137033118664 -23.89485801442359 -8.95
      vertex 249.43258129425092 -28.690426586646673 -8.958279563619799
      vertex 249.30546555669923 -28.724487145868935 -8.95
    endloop
  endfacet
  facet normal -0.18099645112235255 -0.048497852911134176 -0.9822872507286876
    outer loop
      vertex 248.1384860687383 -23.860797455201332 -8.958279563619799
      vertex 249.55769234068615 -28.65690318279014 -8.982987680814936
      vertex 249.43258129425092 -28.690426586646673 -8.958279563619799
    endloop
  endfacet
  facet normal -0.2984874956289695 -0.07997948340456994 -0.951056516295159
    outer loop
      vertex 248.26359711517355 -23.827274051344798 -8.982987680814936
      vertex 249.67882562006494 -28.62444561840406 -9.023734689817337
      vertex 249.55769234068615 -28.65690318279014 -8.982987680814936
    endloop
  endfacet
  facet normal -0.4112712140217846 -0.11019978966730606 -0.9048270524660108
    outer loop
      vertex 248.38473039455232 -23.79481648695872 -9.023734689817337
      vertex 249.79407078820995 -28.593565768668014 -9.079877985953944
      vertex 249.67882562006494 -28.62444561840406 -9.023734689817337
    endloop
  endfacet
  facet normal 0.06065098445947949 0.016251382306069945 -0.9980267284282711
    outer loop
      vertex 247.88425459363495 -23.928918573645852 -8.958279563619799
      vertex 248.01137033118664 -23.89485801442359 -8.95
      vertex 249.30546555669923 -28.724487145868935 -8.95
    endloop
  endfacet
  facet normal -0.060650984459492414 -0.01625138230607378 -0.9980267284282703
    outer loop
      vertex 248.01137033118664 -23.89485801442359 -8.95
      vertex 248.1384860687383 -23.860797455201332 -8.958279563619799
      vertex 249.43258129425092 -28.690426586646673 -8.958279563619799
    endloop
  endfacet
  facet normal -0.18099645112231597 -0.04849785291112331 -0.982287250728695
    outer loop
      vertex 248.1384860687383 -23.860797455201332 -8.958279563619799
      vertex 248.26359711517355 -23.827274051344798 -8.982987680814936
      vertex 249.55769234068615 -28.65690318279014 -8.982987680814936
    endloop
  endfacet
  facet normal -0.2984874956290284 -0.07997948340458749 -0.9510565162951391
    outer loop
      vertex 248.26359711517355 -23.827274051344798 -8.982987680814936
      vertex 248.38473039455232 -23.79481648695872 -9.023734689817337
      vertex 249.67882562006494 -28.62444561840406 -9.023734689817337
    endloop
  endfacet
  facet normal -0.5175689396879117 -0.1386821794168072 -0.8443279255020145
    outer loop
      vertex 248.49997556269736 -23.763936637222674 -9.079877985953944
      vertex 249.90161035997542 -28.564750627259066 -9.150532155906305
      vertex 249.79407078820995 -28.593565768668014 -9.079877985953944
    endloop
  endfacet
  facet normal -0.6157042939944883 -0.16497746835219626 -0.7705132427757805
    outer loop
      vertex 248.60751513446283 -23.735121495813726 -9.150532155906305
      vertex 249.99974837207358 -28.53845462617057 -9.234582941207517
      vertex 249.90161035997542 -28.564750627259066 -9.150532155906305
    endloop
  endfacet
  facet normal -0.7041296237807763 -0.18867096405888742 -0.6845471059287539
    outer loop
      vertex 248.705653146561 -23.708825494725225 -9.234582941207517
      vertex 250.08693712942886 -28.515092469048152 -9.330704810763876
      vertex 249.99974837207358 -28.53845462617057 -9.234582941207517
    endloop
  endfacet
  facet normal -0.7814504087735175 -0.2093890059558375 -0.5877852522924751
    outer loop
      vertex 248.79284190391624 -23.685463337602812 -9.330704810763876
      vertex 250.1618016132537 -28.49503259106552 -9.437381865272053
      vertex 250.08693712942886 -28.515092469048152 -9.330704810763876
    endloop
  endfacet
  facet normal -0.846447254004006 -0.22680485814591778 -0.48175367410170095
    outer loop
      vertex 248.86770638774107 -23.66540345962018 -9.437381865272053
      vertex 250.22316116591628 -28.478591348481643 -9.552931743856673
      vertex 250.1618016132537 -28.49503259106552 -9.437381865272053
    endloop
  endfacet
  facet normal -0.8980951203957865 -0.24064386223638592 -0.36812455268459465
    outer loop
      vertex 248.92906594040366 -23.6489622170363 -9.552931743856673
      vertex 250.27004811061673 -28.46602802951359 -9.675532155906305
      vertex 250.22316116591628 -28.478591348481643 -9.552931743856673
    endloop
  endfacet
  facet normal -0.9355794902428471 -0.2506877688656901 -0.24868988716487142
    outer loop
      vertex 248.97595288510414 -23.63639889806825 -9.675532155906305
      vertex 250.30172301222822 -28.457540765206456 -9.803249619684989
      vertex 250.27004811061673 -28.46602802951359 -9.675532155906305
    endloop
  endfacet
  facet normal -0.9583092126407212 -0.256778179626384 -0.12533323356429243
    outer loop
      vertex 249.00762778671563 -23.627911633761116 -9.803249619684989
      vertex 250.31768633863066 -28.453263404788405 -9.93406995449422
      vertex 250.30172301222822 -28.457540765206456 -9.803249619684989
    endloop
  endfacet
  facet normal -0.9659258262890689 -0.2588190451025186 0
    outer loop
      vertex 249.02359111311807 -23.623634273343065 -9.93406995449422
      vertex 250.31768633863066 -28.453263404788405 -10.06593004550578
      vertex 250.31768633863066 -28.453263404788405 -9.93406995449422
    endloop
  endfacet
  facet normal -0.9583092126407214 -0.25677817962638405 0.1253332335642911
    outer loop
      vertex 249.02359111311807 -23.623634273343065 -10.06593004550578
      vertex 250.30172301222822 -28.457540765206456 -10.196750380315011
      vertex 250.31768633863066 -28.453263404788405 -10.06593004550578
    endloop
  endfacet
  facet normal -0.4112712140217078 -0.11019978966728307 -0.9048270524660484
    outer loop
      vertex 248.38473039455232 -23.79481648695872 -9.023734689817337
      vertex 248.49997556269736 -23.763936637222674 -9.079877985953944
      vertex 249.79407078820995 -28.593565768668014 -9.079877985953944
    endloop
  endfacet
  facet normal -0.5175689396879117 -0.1386821794168072 -0.8443279255020145
    outer loop
      vertex 248.49997556269736 -23.763936637222674 -9.079877985953944
      vertex 248.60751513446283 -23.735121495813726 -9.150532155906305
      vertex 249.90161035997542 -28.564750627259066 -9.150532155906305
    endloop
  endfacet
  facet normal -0.6157042939944856 -0.16497746835219537 -0.7705132427757828
    outer loop
      vertex 248.60751513446283 -23.735121495813726 -9.150532155906305
      vertex 248.705653146561 -23.708825494725225 -9.234582941207517
      vertex 249.99974837207358 -28.53845462617057 -9.234582941207517
    endloop
  endfacet
  facet normal -0.7041296237808787 -0.18867096405891917 -0.6845471059286398
    outer loop
      vertex 248.705653146561 -23.708825494725225 -9.234582941207517
      vertex 248.79284190391624 -23.685463337602812 -9.330704810763876
      vertex 250.08693712942886 -28.515092469048152 -9.330704810763876
    endloop
  endfacet
  facet normal -0.7814504087735177 -0.20938900595583754 -0.587785252292475
    outer loop
      vertex 248.79284190391624 -23.685463337602812 -9.330704810763876
      vertex 248.86770638774107 -23.66540345962018 -9.437381865272053
      vertex 250.1618016132537 -28.49503259106552 -9.437381865272053
    endloop
  endfacet
  facet normal -0.8464472540040036 -0.22680485814591703 -0.4817536741017057
    outer loop
      vertex 248.86770638774107 -23.66540345962018 -9.437381865272053
      vertex 248.92906594040366 -23.6489622170363 -9.552931743856673
      vertex 250.22316116591628 -28.478591348481643 -9.552931743856673
    endloop
  endfacet
  facet normal -0.8980951203957214 -0.2406438622363633 -0.36812455268476885
    outer loop
      vertex 248.92906594040366 -23.6489622170363 -9.552931743856673
      vertex 248.97595288510414 -23.63639889806825 -9.675532155906305
      vertex 250.27004811061673 -28.46602802951359 -9.675532155906305
    endloop
  endfacet
  facet normal -0.9355794902428473 -0.2506877688656902 -0.24868988716487117
    outer loop
      vertex 248.97595288510414 -23.63639889806825 -9.675532155906305
      vertex 249.00762778671563 -23.627911633761116 -9.803249619684989
      vertex 250.30172301222822 -28.457540765206456 -9.803249619684989
    endloop
  endfacet
  facet normal -0.9583092126407212 -0.256778179626384 -0.12533323356429227
    outer loop
      vertex 249.00762778671563 -23.627911633761116 -9.803249619684989
      vertex 249.02359111311807 -23.623634273343065 -9.93406995449422
      vertex 250.31768633863066 -28.453263404788405 -9.93406995449422
    endloop
  endfacet
  facet normal -0.9659258262890689 -0.2588190451025186 0
    outer loop
      vertex 249.02359111311807 -23.623634273343065 -9.93406995449422
      vertex 249.02359111311807 -23.623634273343065 -10.06593004550578
      vertex 250.31768633863066 -28.453263404788405 -10.06593004550578
    endloop
  endfacet
  facet normal -0.9355794902428471 -0.2506877688656901 0.24868988716487142
    outer loop
      vertex 249.00762778671563 -23.627911633761116 -10.196750380315011
      vertex 250.27004811061673 -28.46602802951359 -10.324467844093695
      vertex 250.30172301222822 -28.457540765206456 -10.196750380315011
    endloop
  endfacet
  facet normal -0.8980951203957875 -0.2406438622363811 0.3681245526845953
    outer loop
      vertex 248.97595288510414 -23.63639889806825 -10.324467844093695
      vertex 250.22316116591628 -28.478591348481643 -10.447068256143327
      vertex 250.27004811061673 -28.46602802951359 -10.324467844093695
    endloop
  endfacet
  facet normal -0.8464472540040061 -0.22680485814591764 0.4817536741017006
    outer loop
      vertex 248.92906594040366 -23.6489622170363 -10.447068256143327
      vertex 250.1618016132537 -28.49503259106552 -10.562618134727947
      vertex 250.22316116591628 -28.478591348481643 -10.447068256143327
    endloop
  endfacet
  facet normal -0.7814504087735175 -0.2093890059558375 0.5877852522924751
    outer loop
      vertex 248.86770638774107 -23.66540345962018 -10.562618134727947
      vertex 250.08693712942886 -28.515092469048152 -10.669295189236124
      vertex 250.1618016132537 -28.49503259106552 -10.562618134727947
    endloop
  endfacet
  facet normal -0.4112712140217857 -0.11019978966730393 0.9048270524660105
    outer loop
      vertex 248.49997556269736 -23.763936637222674 -10.920122014046056
      vertex 249.67882562006494 -28.62444561840406 -10.976265310182663
      vertex 249.79407078820995 -28.593565768668014 -10.920122014046056
    endloop
  endfacet
  facet normal 0.06065098445947953 0.016251382306069956 0.9980267284282711
    outer loop
      vertex 248.01137033118664 -23.89485801442359 -11.05
      vertex 249.17834981914754 -28.758547705091196 -11.041720436380201
      vertex 249.30546555669923 -28.724487145868935 -11.05
    endloop
  endfacet
  facet normal -0.06065098445947932 -0.01625138230607027 0.9980267284282711
    outer loop
      vertex 248.1384860687383 -23.860797455201332 -11.041720436380201
      vertex 249.30546555669923 -28.724487145868935 -11.05
      vertex 249.43258129425092 -28.690426586646673 -11.041720436380201
    endloop
  endfacet
  facet normal -0.18099645112235282 -0.04849785291113318 0.9822872507286877
    outer loop
      vertex 248.26359711517355 -23.827274051344798 -11.017012319185064
      vertex 249.43258129425092 -28.690426586646673 -11.041720436380201
      vertex 249.55769234068615 -28.65690318279014 -11.017012319185064
    endloop
  endfacet
  facet normal -0.2984874956289691 -0.07997948340457159 0.9510565162951591
    outer loop
      vertex 248.38473039455232 -23.79481648695872 -10.976265310182663
      vertex 249.55769234068615 -28.65690318279014 -11.017012319185064
      vertex 249.67882562006494 -28.62444561840406 -10.976265310182663
    endloop
  endfacet
  facet normal -0.7041296237807747 -0.1886709640588913 0.6845471059287543
    outer loop
      vertex 248.79284190391624 -23.685463337602812 -10.669295189236124
      vertex 249.99974837207358 -28.53845462617057 -10.765417058792483
      vertex 250.08693712942886 -28.515092469048152 -10.669295189236124
    endloop
  endfacet
  facet normal -0.6157042939944893 -0.1649774683521964 0.7705132427757797
    outer loop
      vertex 248.705653146561 -23.708825494725225 -10.765417058792483
      vertex 249.90161035997542 -28.564750627259066 -10.849467844093695
      vertex 249.99974837207358 -28.53845462617057 -10.765417058792483
    endloop
  endfacet
  facet normal -0.5175689396879117 -0.1386821794168072 0.8443279255020145
    outer loop
      vertex 248.60751513446283 -23.735121495813726 -10.849467844093695
      vertex 249.79407078820995 -28.593565768668014 -10.920122014046056
      vertex 249.90161035997542 -28.564750627259066 -10.849467844093695
    endloop
  endfacet
  facet normal -0.9583092126407212 -0.25677817962638405 0.12533323356429227
    outer loop
      vertex 249.02359111311807 -23.623634273343065 -10.06593004550578
      vertex 249.00762778671563 -23.627911633761116 -10.196750380315011
      vertex 250.30172301222822 -28.457540765206456 -10.196750380315011
    endloop
  endfacet
  facet normal -0.9355794902428473 -0.25068776886569016 0.2486898871648711
    outer loop
      vertex 249.00762778671563 -23.627911633761116 -10.196750380315011
      vertex 248.97595288510414 -23.63639889806825 -10.324467844093695
      vertex 250.27004811061673 -28.46602802951359 -10.324467844093695
    endloop
  endfacet
  facet normal -0.89809512039572 -0.24064386223636805 0.3681245526847688
    outer loop
      vertex 248.97595288510414 -23.63639889806825 -10.324467844093695
      vertex 248.92906594040366 -23.6489622170363 -10.447068256143327
      vertex 250.22316116591628 -28.478591348481643 -10.447068256143327
    endloop
  endfacet
  facet normal -0.8464472540040034 -0.22680485814591708 0.4817536741017056
    outer loop
      vertex 248.86770638774107 -23.66540345962018 -10.562618134727947
      vertex 250.1618016132537 -28.49503259106552 -10.562618134727947
      vertex 248.92906594040366 -23.6489622170363 -10.447068256143327
    endloop
  endfacet
  facet normal -0.7814504087735177 -0.20938900595583754 0.5877852522924749
    outer loop
      vertex 248.86770638774107 -23.66540345962018 -10.562618134727947
      vertex 248.79284190391624 -23.685463337602812 -10.669295189236124
      vertex 250.08693712942886 -28.515092469048152 -10.669295189236124
    endloop
  endfacet
  facet normal -0.4112712140217072 -0.11019978966728534 0.9048270524660484
    outer loop
      vertex 248.49997556269736 -23.763936637222674 -10.920122014046056
      vertex 248.38473039455232 -23.79481648695872 -10.976265310182663
      vertex 249.67882562006494 -28.62444561840406 -10.976265310182663
    endloop
  endfacet
  facet normal 0.06065098445947947 0.016251382306069942 0.9980267284282711
    outer loop
      vertex 247.88425459363495 -23.928918573645852 -11.041720436380201
      vertex 249.17834981914754 -28.758547705091196 -11.041720436380201
      vertex 248.01137033118664 -23.89485801442359 -11.05
    endloop
  endfacet
  facet normal -0.18099645112231566 -0.04849785291112429 0.9822872507286949
    outer loop
      vertex 248.1384860687383 -23.860797455201332 -11.041720436380201
      vertex 249.43258129425092 -28.690426586646673 -11.041720436380201
      vertex 248.26359711517355 -23.827274051344798 -11.017012319185064
    endloop
  endfacet
  facet normal -0.0606509844594925 -0.016251382306073432 0.9980267284282701
    outer loop
      vertex 248.01137033118664 -23.89485801442359 -11.05
      vertex 249.30546555669923 -28.724487145868935 -11.05
      vertex 248.1384860687383 -23.860797455201332 -11.041720436380201
    endloop
  endfacet
  facet normal -0.2984874956290288 -0.07997948340458583 0.951056516295139
    outer loop
      vertex 248.26359711517355 -23.827274051344798 -11.017012319185064
      vertex 249.55769234068615 -28.65690318279014 -11.017012319185064
      vertex 248.38473039455232 -23.79481648695872 -10.976265310182663
    endloop
  endfacet
  facet normal -0.7041296237808797 -0.18867096405891517 0.6845471059286397
    outer loop
      vertex 248.705653146561 -23.708825494725225 -10.765417058792483
      vertex 249.99974837207358 -28.53845462617057 -10.765417058792483
      vertex 248.79284190391624 -23.685463337602812 -10.669295189236124
    endloop
  endfacet
  facet normal -0.6157042939944856 -0.16497746835219548 0.7705132427757828
    outer loop
      vertex 248.705653146561 -23.708825494725225 -10.765417058792483
      vertex 248.60751513446283 -23.735121495813726 -10.849467844093695
      vertex 249.90161035997542 -28.564750627259066 -10.849467844093695
    endloop
  endfacet
  facet normal -0.5175689396879116 -0.13868217941680716 0.8443279255020145
    outer loop
      vertex 248.49997556269736 -23.763936637222674 -10.920122014046056
      vertex 249.79407078820995 -28.593565768668014 -10.920122014046056
      vertex 248.60751513446283 -23.735121495813726 -10.849467844093695
    endloop
  endfacet
  facet normal 0.7041296237808762 0.1886709640589142 -0.6845471059286435
    outer loop
      vertex 266.5484152842384 -18.927871789193958 -9.330704810763876
      vertex 267.92969926710623 -23.734138763516885 -9.234582941207517
      vertex 267.842510509751 -23.757500920639302 -9.330704810763876
    endloop
  endfacet
  facet normal 0.6157042939944851 0.1649774683521954 -0.7705132427757831
    outer loop
      vertex 266.63560404159364 -18.904509632071544 -9.234582941207517
      vertex 268.0278372792044 -23.707842762428385 -9.150532155906305
      vertex 267.92969926710623 -23.734138763516885 -9.234582941207517
    endloop
  endfacet
  facet normal 0.8464472540039224 0.22680485814589038 -0.48175367410186076
    outer loop
      vertex 266.41219124775097 -18.96437290976047 -9.552931743856673
      vertex 267.7676460259262 -23.777560798621934 -9.437381865272053
      vertex 267.70628647326356 -23.79400204120581 -9.552931743856673
    endloop
  endfacet
  facet normal 0.7814504087736123 0.20938900595586732 -0.5877852522923385
    outer loop
      vertex 266.47355080041353 -18.94793166717659 -9.437381865272053
      vertex 267.842510509751 -23.757500920639302 -9.330704810763876
      vertex 267.7676460259262 -23.777560798621934 -9.437381865272053
    endloop
  endfacet
  facet normal 0.8980951203957191 0.24064386223636258 -0.36812455268477445
    outer loop
      vertex 266.3653043030505 -18.97693622872852 -9.675532155906305
      vertex 267.70628647326356 -23.79400204120581 -9.552931743856673
      vertex 267.6593995285631 -23.806565360173863 -9.675532155906305
    endloop
  endfacet
  facet normal 0.9355794902428474 0.25068776886569 -0.2486898871648713
    outer loop
      vertex 266.333629401439 -18.985423493035654 -9.803249619684989
      vertex 267.6593995285631 -23.806565360173863 -9.675532155906305
      vertex 267.6277246269516 -23.815052624480998 -9.803249619684989
    endloop
  endfacet
  facet normal 0.9583092126407463 0.2567781796263906 -0.12533323356408646
    outer loop
      vertex 266.3176660750366 -18.989700853453705 -9.934069954494221
      vertex 267.6277246269516 -23.815052624480998 -9.803249619684989
      vertex 267.6117613005492 -23.81932998489905 -9.934069954494221
    endloop
  endfacet
  facet normal 0.965925826289069 0.25881904510251846 0
    outer loop
      vertex 266.3176660750366 -18.989700853453705 -10.065930045505779
      vertex 267.6117613005492 -23.81932998489905 -9.934069954494221
      vertex 267.6117613005492 -23.81932998489905 -10.065930045505779
    endloop
  endfacet
  facet normal 0.6157042939944856 0.1649774683521955 -0.7705132427757828
    outer loop
      vertex 266.63560404159364 -18.904509632071544 -9.234582941207517
      vertex 266.7337420536918 -18.878213630983044 -9.150532155906305
      vertex 268.0278372792044 -23.707842762428385 -9.150532155906305
    endloop
  endfacet
  facet normal 0.7041296237808797 0.1886709640589153 -0.6845471059286398
    outer loop
      vertex 266.63560404159364 -18.904509632071544 -9.234582941207517
      vertex 267.92969926710623 -23.734138763516885 -9.234582941207517
      vertex 266.5484152842384 -18.927871789193958 -9.330704810763876
    endloop
  endfacet
  facet normal 0.8980951203957211 0.2406438622363633 -0.36812455268476885
    outer loop
      vertex 266.41219124775097 -18.96437290976047 -9.552931743856673
      vertex 267.70628647326356 -23.79400204120581 -9.552931743856673
      vertex 266.3653043030505 -18.97693622872852 -9.675532155906305
    endloop
  endfacet
  facet normal 0.7814504087734231 0.20938900595580748 -0.5877852522926112
    outer loop
      vertex 266.5484152842384 -18.927871789193958 -9.330704810763876
      vertex 267.842510509751 -23.757500920639302 -9.330704810763876
      vertex 266.47355080041353 -18.94793166717659 -9.437381865272053
    endloop
  endfacet
  facet normal 0.8464472540040872 0.22680485814594434 -0.4817536741015457
    outer loop
      vertex 266.47355080041353 -18.94793166717659 -9.437381865272053
      vertex 267.7676460259262 -23.777560798621934 -9.437381865272053
      vertex 266.41219124775097 -18.96437290976047 -9.552931743856673
    endloop
  endfacet
  facet normal 0.9355794902428474 0.25068776886569 -0.24868988716487114
    outer loop
      vertex 266.3653043030505 -18.97693622872852 -9.675532155906305
      vertex 267.6593995285631 -23.806565360173863 -9.675532155906305
      vertex 266.333629401439 -18.985423493035654 -9.803249619684989
    endloop
  endfacet
  facet normal 0.9583092126407465 0.2567781796263906 -0.12533323356408568
    outer loop
      vertex 266.333629401439 -18.985423493035654 -9.803249619684989
      vertex 267.6277246269516 -23.815052624480998 -9.803249619684989
      vertex 266.3176660750366 -18.989700853453705 -9.934069954494221
    endloop
  endfacet
  facet normal 0.965925826289069 0.25881904510251846 0
    outer loop
      vertex 266.3176660750366 -18.989700853453705 -9.934069954494221
      vertex 267.6117613005492 -23.81932998489905 -9.934069954494221
      vertex 266.3176660750366 -18.989700853453705 -10.065930045505779
    endloop
  endfacet
  facet normal 0.9583092126407465 0.2567781796263906 0.12533323356408568
    outer loop
      vertex 266.3176660750366 -18.989700853453705 -10.065930045505779
      vertex 267.6117613005492 -23.81932998489905 -10.065930045505779
      vertex 266.333629401439 -18.985423493035654 -10.196750380315011
    endloop
  endfacet
  facet normal 0.9583092126407463 0.2567781796263906 0.12533323356408646
    outer loop
      vertex 266.333629401439 -18.985423493035654 -10.196750380315011
      vertex 267.6117613005492 -23.81932998489905 -10.065930045505779
      vertex 267.6277246269516 -23.815052624480998 -10.196750380315011
    endloop
  endfacet
  facet normal 0.9355794902428474 0.25068776886569 0.2486898871648713
    outer loop
      vertex 266.3653043030505 -18.97693622872852 -10.324467844093695
      vertex 267.6277246269516 -23.815052624480998 -10.196750380315011
      vertex 267.6593995285631 -23.806565360173863 -10.324467844093695
    endloop
  endfacet
  facet normal 0.8980951203957189 0.2406438622363627 0.3681245526847746
    outer loop
      vertex 266.41219124775097 -18.96437290976047 -10.447068256143327
      vertex 267.6593995285631 -23.806565360173863 -10.324467844093695
      vertex 267.70628647326356 -23.79400204120581 -10.447068256143327
    endloop
  endfacet
  facet normal 0.8464472540039201 0.22680485814589957 0.48175367410186043
    outer loop
      vertex 266.47355080041353 -18.94793166717659 -10.562618134727947
      vertex 267.70628647326356 -23.79400204120581 -10.447068256143327
      vertex 267.7676460259262 -23.777560798621934 -10.562618134727947
    endloop
  endfacet
  facet normal 0.7814504087736144 0.20938900595585871 0.5877852522923387
    outer loop
      vertex 266.5484152842384 -18.927871789193958 -10.669295189236124
      vertex 267.7676460259262 -23.777560798621934 -10.562618134727947
      vertex 267.842510509751 -23.757500920639302 -10.669295189236124
    endloop
  endfacet
  facet normal 0.7041296237808699 0.18867096405891268 0.6845471059286506
    outer loop
      vertex 266.63560404159364 -18.904509632071544 -10.765417058792481
      vertex 267.842510509751 -23.757500920639302 -10.669295189236124
      vertex 267.92969926710623 -23.734138763516885 -10.765417058792481
    endloop
  endfacet
  facet normal 0.6157042939944934 0.16497746835219762 0.7705132427757759
    outer loop
      vertex 266.7337420536918 -18.878213630983044 -10.849467844093695
      vertex 267.92969926710623 -23.734138763516885 -10.765417058792481
      vertex 268.0278372792044 -23.707842762428385 -10.849467844093695
    endloop
  endfacet
  facet normal 0.9355794902428474 0.25068776886569 0.24868988716487114
    outer loop
      vertex 266.333629401439 -18.985423493035654 -10.196750380315011
      vertex 267.6277246269516 -23.815052624480998 -10.196750380315011
      vertex 266.3653043030505 -18.97693622872852 -10.324467844093695
    endloop
  endfacet
  facet normal 0.8980951203957214 0.2406438622363632 0.3681245526847689
    outer loop
      vertex 266.3653043030505 -18.97693622872852 -10.324467844093695
      vertex 267.6593995285631 -23.806565360173863 -10.324467844093695
      vertex 266.41219124775097 -18.96437290976047 -10.447068256143327
    endloop
  endfacet
  facet normal 0.8464472540040896 0.22680485814593518 0.48175367410154574
    outer loop
      vertex 266.41219124775097 -18.96437290976047 -10.447068256143327
      vertex 267.70628647326356 -23.79400204120581 -10.447068256143327
      vertex 266.47355080041353 -18.94793166717659 -10.562618134727947
    endloop
  endfacet
  facet normal 0.7814504087734209 0.20938900595581605 0.5877852522926114
    outer loop
      vertex 266.47355080041353 -18.94793166717659 -10.562618134727947
      vertex 267.7676460259262 -23.777560798621934 -10.562618134727947
      vertex 266.5484152842384 -18.927871789193958 -10.669295189236124
    endloop
  endfacet
  facet normal 0.7041296237808736 0.18867096405891354 0.6845471059286464
    outer loop
      vertex 266.5484152842384 -18.927871789193958 -10.669295189236124
      vertex 267.842510509751 -23.757500920639302 -10.669295189236124
      vertex 266.63560404159364 -18.904509632071544 -10.765417058792481
    endloop
  endfacet
  facet normal 0.6157042939944931 0.16497746835219754 0.7705132427757763
    outer loop
      vertex 266.63560404159364 -18.904509632071544 -10.765417058792481
      vertex 267.92969926710623 -23.734138763516885 -10.765417058792481
      vertex 266.7337420536918 -18.878213630983044 -10.849467844093695
    endloop
  endfacet
  facet normal 0.2984874956289695 0.07997948340456994 -0.951056516295159
    outer loop
      vertex 266.9565267936023 -18.81851863983805 -9.023734689817337
      vertex 268.37175529849367 -23.615690206897312 -8.982987680814936
      vertex 268.25062201911487 -23.64814777128339 -9.023734689817337
    endloop
  endfacet
  facet normal 0.18099645112235307 0.048497852911133246 -0.9822872507286877
    outer loop
      vertex 267.0776600729811 -18.786061075451972 -8.982987680814936
      vertex 268.4968663449289 -23.582166803040778 -8.958279563619799
      vertex 268.37175529849367 -23.615690206897312 -8.982987680814936
    endloop
  endfacet
  facet normal 0.06065098445946733 0.0162513823060667 -0.9980267284282718
    outer loop
      vertex 267.2027711194163 -18.752537671595437 -8.958279563619799
      vertex 268.6239820824806 -23.54810624381852 -8.95
      vertex 268.4968663449289 -23.582166803040778 -8.958279563619799
    endloop
  endfacet
  facet normal -0.060650984459492116 -0.016251382306073342 -0.9980267284282701
    outer loop
      vertex 267.329886856968 -18.71847711237318 -8.95
      vertex 268.75109782003227 -23.514045684596258 -8.958279563619799
      vertex 268.6239820824806 -23.54810624381852 -8.95
    endloop
  endfacet
  facet normal -0.18099645112235427 -0.048497852911133565 -0.9822872507286875
    outer loop
      vertex 267.4570025945197 -18.684416553150918 -8.958279563619799
      vertex 268.8762088664675 -23.480522280739727 -8.982987680814936
      vertex 268.75109782003227 -23.514045684596258 -8.958279563619799
    endloop
  endfacet
  facet normal -0.29848749562896737 -0.07997948340456931 -0.9510565162951597
    outer loop
      vertex 267.5821136409549 -18.650893149294383 -8.982987680814936
      vertex 268.9973421458463 -23.448064716353645 -9.023734689817337
      vertex 268.8762088664675 -23.480522280739727 -8.982987680814936
    endloop
  endfacet
  facet normal -0.4112712140217852 -0.11019978966730379 -0.9048270524660107
    outer loop
      vertex 267.7032469203337 -18.618435584908305 -9.023734689817337
      vertex 269.1125873139913 -23.4171848666176 -9.079877985953944
      vertex 268.9973421458463 -23.448064716353645 -9.023734689817337
    endloop
  endfacet
  facet normal 0.41127121402178524 0.11019978966730382 -0.9048270524660107
    outer loop
      vertex 266.84128162545727 -18.849398489574096 -9.079877985953944
      vertex 266.9565267936023 -18.81851863983805 -9.023734689817337
      vertex 268.25062201911487 -23.64814777128339 -9.023734689817337
    endloop
  endfacet
  facet normal 0.18099645112235296 0.048497852911133225 -0.9822872507286877
    outer loop
      vertex 267.0776600729811 -18.786061075451972 -8.982987680814936
      vertex 267.2027711194163 -18.752537671595437 -8.958279563619799
      vertex 268.4968663449289 -23.582166803040778 -8.958279563619799
    endloop
  endfacet
  facet normal 0.29848749562896976 0.07997948340457 -0.951056516295159
    outer loop
      vertex 266.9565267936023 -18.81851863983805 -9.023734689817337
      vertex 267.0776600729811 -18.786061075451972 -8.982987680814936
      vertex 268.37175529849367 -23.615690206897312 -8.982987680814936
    endloop
  endfacet
  facet normal 0.06065098445946729 0.01625138230606669 -0.9980267284282718
    outer loop
      vertex 267.2027711194163 -18.752537671595437 -8.958279563619799
      vertex 267.329886856968 -18.71847711237318 -8.95
      vertex 268.6239820824806 -23.54810624381852 -8.95
    endloop
  endfacet
  facet normal -0.060650984459492074 -0.016251382306073335 -0.9980267284282703
    outer loop
      vertex 267.329886856968 -18.71847711237318 -8.95
      vertex 267.4570025945197 -18.684416553150918 -8.958279563619799
      vertex 268.75109782003227 -23.514045684596258 -8.958279563619799
    endloop
  endfacet
  facet normal -0.18099645112235294 -0.048497852911133184 -0.9822872507286876
    outer loop
      vertex 267.4570025945197 -18.684416553150918 -8.958279563619799
      vertex 267.5821136409549 -18.650893149294383 -8.982987680814936
      vertex 268.8762088664675 -23.480522280739727 -8.982987680814936
    endloop
  endfacet
  facet normal -0.29848749562896976 -0.07997948340457 -0.951056516295159
    outer loop
      vertex 267.5821136409549 -18.650893149294383 -8.982987680814936
      vertex 267.7032469203337 -18.618435584908305 -9.023734689817337
      vertex 268.9973421458463 -23.448064716353645 -9.023734689817337
    endloop
  endfacet
  facet normal 0.5175689396879117 0.1386821794168072 -0.8443279255020145
    outer loop
      vertex 266.7337420536918 -18.878213630983044 -9.150532155906305
      vertex 268.13537685096986 -23.679027621019436 -9.079877985953944
      vertex 268.0278372792044 -23.707842762428385 -9.150532155906305
    endloop
  endfacet
  facet normal 0.4112712140217852 0.11019978966730379 -0.9048270524660107
    outer loop
      vertex 266.84128162545727 -18.849398489574096 -9.079877985953944
      vertex 268.25062201911487 -23.64814777128339 -9.023734689817337
      vertex 268.13537685096986 -23.679027621019436 -9.079877985953944
    endloop
  endfacet
  facet normal -0.5175689396879147 -0.13868217941680797 -0.8443279255020126
    outer loop
      vertex 267.8184920884787 -18.58755573517226 -9.079877985953944
      vertex 269.22012688575677 -23.388369725208655 -9.150532155906305
      vertex 269.1125873139913 -23.4171848666176 -9.079877985953944
    endloop
  endfacet
  facet normal -0.6157042939944855 -0.16497746835219537 -0.770513242775783
    outer loop
      vertex 267.9260316602442 -18.55874059376331 -9.150532155906305
      vertex 269.31826489785493 -23.362073724120155 -9.234582941207517
      vertex 269.22012688575677 -23.388369725208655 -9.150532155906305
    endloop
  endfacet
  facet normal -0.7041296237806759 -0.18867096405886072 -0.6845471059288644
    outer loop
      vertex 268.02416967234234 -18.532444592674814 -9.234582941207517
      vertex 269.40545365521024 -23.338711566997738 -9.330704810763876
      vertex 269.31826489785493 -23.362073724120155 -9.234582941207517
    endloop
  endfacet
  facet normal -0.7814504087736119 -0.2093890059558674 -0.5877852522923387
    outer loop
      vertex 268.1113584296976 -18.509082435552397 -9.330704810763876
      vertex 269.48031813903503 -23.318651689015105 -9.437381865272053
      vertex 269.40545365521024 -23.338711566997738 -9.330704810763876
    endloop
  endfacet
  facet normal -0.8464472540039197 -0.22680485814588952 -0.48175367410186565
    outer loop
      vertex 268.18622291352244 -18.48902255756976 -9.437381865272053
      vertex 269.54167769169766 -23.302210446431225 -9.552931743856673
      vertex 269.48031813903503 -23.318651689015105 -9.437381865272053
    endloop
  endfacet
  facet normal -0.898095120395856 -0.24064386223641002 -0.3681245526844092
    outer loop
      vertex 268.247582466185 -18.472581314985884 -9.552931743856673
      vertex 269.5885646363981 -23.289647127463176 -9.675532155906305
      vertex 269.54167769169766 -23.302210446431225 -9.552931743856673
    endloop
  endfacet
  facet normal -0.9355794902428474 -0.25068776886569 -0.2486898871648713
    outer loop
      vertex 268.2944694108855 -18.460017996017832 -9.675532155906305
      vertex 269.62023953800957 -23.28115986315604 -9.803249619684989
      vertex 269.5885646363981 -23.289647127463176 -9.675532155906305
    endloop
  endfacet
  facet normal -0.9583092126406961 -0.2567781796263771 -0.12533323356449785
    outer loop
      vertex 268.326144312497 -18.451530731710697 -9.803249619684989
      vertex 269.63620286441204 -23.27688250273799 -9.93406995449422
      vertex 269.62023953800957 -23.28115986315604 -9.803249619684989
    endloop
  endfacet
  facet normal -0.9659258262890689 -0.2588190451025186 0
    outer loop
      vertex 268.34210763889945 -18.44725337129265 -9.93406995449422
      vertex 269.63620286441204 -23.27688250273799 -10.06593004550578
      vertex 269.63620286441204 -23.27688250273799 -9.93406995449422
    endloop
  endfacet
  facet normal -0.9583092126406962 -0.25677817962637733 0.12533323356449663
    outer loop
      vertex 268.34210763889945 -18.44725337129265 -10.06593004550578
      vertex 269.62023953800957 -23.28115986315604 -10.196750380315011
      vertex 269.63620286441204 -23.27688250273799 -10.06593004550578
    endloop
  endfacet
  facet normal 0.5175689396879116 0.13868217941680716 -0.8443279255020145
    outer loop
      vertex 266.84128162545727 -18.849398489574096 -9.079877985953944
      vertex 268.13537685096986 -23.679027621019436 -9.079877985953944
      vertex 266.7337420536918 -18.878213630983044 -9.150532155906305
    endloop
  endfacet
  facet normal -0.41127121402178524 -0.11019978966730382 -0.9048270524660107
    outer loop
      vertex 267.7032469203337 -18.618435584908305 -9.023734689817337
      vertex 267.8184920884787 -18.58755573517226 -9.079877985953944
      vertex 269.1125873139913 -23.4171848666176 -9.079877985953944
    endloop
  endfacet
  facet normal -0.5175689396879116 -0.13868217941680705 -0.8443279255020145
    outer loop
      vertex 267.8184920884787 -18.58755573517226 -9.079877985953944
      vertex 267.9260316602442 -18.55874059376331 -9.150532155906305
      vertex 269.22012688575677 -23.388369725208655 -9.150532155906305
    endloop
  endfacet
  facet normal -0.6157042939944889 -0.1649774683521964 -0.77051324277578
    outer loop
      vertex 267.9260316602442 -18.55874059376331 -9.150532155906305
      vertex 268.02416967234234 -18.532444592674814 -9.234582941207517
      vertex 269.31826489785493 -23.362073724120155 -9.234582941207517
    endloop
  endfacet
  facet normal -0.7041296237808743 -0.18867096405892214 -0.6845471059286435
    outer loop
      vertex 268.02416967234234 -18.532444592674814 -9.234582941207517
      vertex 268.1113584296976 -18.509082435552397 -9.330704810763876
      vertex 269.40545365521024 -23.338711566997738 -9.330704810763876
    endloop
  endfacet
  facet normal -0.78145040877342 -0.20938900595580665 -0.5877852522926159
    outer loop
      vertex 268.1113584296976 -18.509082435552397 -9.330704810763876
      vertex 268.18622291352244 -18.48902255756976 -9.437381865272053
      vertex 269.48031813903503 -23.318651689015105 -9.437381865272053
    endloop
  endfacet
  facet normal -0.84644725400409 -0.22680485814594528 -0.4817536741015403
    outer loop
      vertex 268.18622291352244 -18.48902255756976 -9.437381865272053
      vertex 268.247582466185 -18.472581314985884 -9.552931743856673
      vertex 269.54167769169766 -23.302210446431225 -9.552931743856673
    endloop
  endfacet
  facet normal -0.8980951203957191 -0.24064386223636255 -0.3681245526847749
    outer loop
      vertex 268.247582466185 -18.472581314985884 -9.552931743856673
      vertex 268.2944694108855 -18.460017996017832 -9.675532155906305
      vertex 269.5885646363981 -23.289647127463176 -9.675532155906305
    endloop
  endfacet
  facet normal -0.9355794902428474 -0.25068776886569 -0.24868988716487114
    outer loop
      vertex 268.2944694108855 -18.460017996017832 -9.675532155906305
      vertex 268.326144312497 -18.451530731710697 -9.803249619684989
      vertex 269.62023953800957 -23.28115986315604 -9.803249619684989
    endloop
  endfacet
  facet normal -0.958309212640697 -0.25677817962637756 -0.12533323356449033
    outer loop
      vertex 268.326144312497 -18.451530731710697 -9.803249619684989
      vertex 268.34210763889945 -18.44725337129265 -9.93406995449422
      vertex 269.63620286441204 -23.27688250273799 -9.93406995449422
    endloop
  endfacet
  facet normal -0.9659258262890689 -0.2588190451025186 0
    outer loop
      vertex 268.34210763889945 -18.44725337129265 -9.93406995449422
      vertex 268.34210763889945 -18.44725337129265 -10.06593004550578
      vertex 269.63620286441204 -23.27688250273799 -10.06593004550578
    endloop
  endfacet
  facet normal 0.5175689396879117 0.1386821794168072 0.8443279255020145
    outer loop
      vertex 266.84128162545727 -18.849398489574096 -10.920122014046056
      vertex 268.0278372792044 -23.707842762428385 -10.849467844093695
      vertex 268.13537685096986 -23.679027621019436 -10.920122014046056
    endloop
  endfacet
  facet normal 0.4112712140217857 0.11019978966730393 0.9048270524660105
    outer loop
      vertex 266.9565267936023 -18.81851863983805 -10.976265310182663
      vertex 268.13537685096986 -23.679027621019436 -10.920122014046056
      vertex 268.25062201911487 -23.64814777128339 -10.976265310182663
    endloop
  endfacet
  facet normal 0.29848749562896987 0.07997948340457003 0.951056516295159
    outer loop
      vertex 267.0776600729811 -18.786061075451972 -11.017012319185064
      vertex 268.25062201911487 -23.64814777128339 -10.976265310182663
      vertex 268.37175529849367 -23.615690206897312 -11.017012319185064
    endloop
  endfacet
  facet normal 0.18099645112235282 0.04849785291113318 0.9822872507286877
    outer loop
      vertex 267.2027711194163 -18.752537671595437 -11.041720436380201
      vertex 268.37175529849367 -23.615690206897312 -11.017012319185064
      vertex 268.4968663449289 -23.582166803040778 -11.041720436380201
    endloop
  endfacet
  facet normal 0.06065098445946725 0.016251382306066677 0.9980267284282718
    outer loop
      vertex 267.329886856968 -18.71847711237318 -11.05
      vertex 268.4968663449289 -23.582166803040778 -11.041720436380201
      vertex 268.6239820824806 -23.54810624381852 -11.05
    endloop
  endfacet
  facet normal -0.5175689396879144 -0.1386821794168078 0.8443279255020129
    outer loop
      vertex 267.9260316602442 -18.55874059376331 -10.849467844093695
      vertex 269.1125873139913 -23.4171848666176 -10.920122014046056
      vertex 269.22012688575677 -23.388369725208655 -10.849467844093695
    endloop
  endfacet
  facet normal -0.4112712140217857 -0.11019978966730393 0.9048270524660105
    outer loop
      vertex 267.8184920884787 -18.58755573517226 -10.920122014046056
      vertex 268.9973421458463 -23.448064716353645 -10.976265310182663
      vertex 269.1125873139913 -23.4171848666176 -10.920122014046056
    endloop
  endfacet
  facet normal -0.06065098445949203 -0.01625138230607332 0.9980267284282701
    outer loop
      vertex 267.4570025945197 -18.684416553150918 -11.041720436380201
      vertex 268.6239820824806 -23.54810624381852 -11.05
      vertex 268.75109782003227 -23.514045684596258 -11.041720436380201
    endloop
  endfacet
  facet normal -0.18099645112235416 -0.048497852911133496 0.9822872507286875
    outer loop
      vertex 267.5821136409549 -18.650893149294383 -11.017012319185064
      vertex 268.75109782003227 -23.514045684596258 -11.041720436380201
      vertex 268.8762088664675 -23.480522280739727 -11.017012319185064
    endloop
  endfacet
  facet normal -0.298487495628968 -0.07997948340456953 0.9510565162951596
    outer loop
      vertex 267.7032469203337 -18.618435584908305 -10.976265310182663
      vertex 268.8762088664675 -23.480522280739727 -11.017012319185064
      vertex 268.9973421458463 -23.448064716353645 -10.976265310182663
    endloop
  endfacet
  facet normal -0.9355794902428474 -0.25068776886569 0.2486898871648713
    outer loop
      vertex 268.326144312497 -18.451530731710697 -10.196750380315011
      vertex 269.5885646363981 -23.289647127463176 -10.324467844093695
      vertex 269.62023953800957 -23.28115986315604 -10.196750380315011
    endloop
  endfacet
  facet normal -0.898095120395859 -0.24064386223640008 0.3681245526844088
    outer loop
      vertex 268.2944694108855 -18.460017996017832 -10.324467844093695
      vertex 269.54167769169766 -23.302210446431225 -10.447068256143327
      vertex 269.5885646363981 -23.289647127463176 -10.324467844093695
    endloop
  endfacet
  facet normal -0.7814504087736144 -0.20938900595585871 0.5877852522923387
    outer loop
      vertex 268.18622291352244 -18.48902255756976 -10.562618134727947
      vertex 269.40545365521024 -23.338711566997738 -10.669295189236124
      vertex 269.48031813903503 -23.318651689015105 -10.562618134727947
    endloop
  endfacet
  facet normal -0.8464472540039171 -0.22680485814589896 0.48175367410186587
    outer loop
      vertex 268.247582466185 -18.472581314985884 -10.447068256143327
      vertex 269.48031813903503 -23.318651689015105 -10.562618134727947
      vertex 269.54167769169766 -23.302210446431225 -10.447068256143327
    endloop
  endfacet
  facet normal -0.6157042939944858 -0.16497746835219557 0.7705132427757826
    outer loop
      vertex 268.02416967234234 -18.532444592674814 -10.765417058792483
      vertex 269.22012688575677 -23.388369725208655 -10.849467844093695
      vertex 269.31826489785493 -23.362073724120155 -10.765417058792483
    endloop
  endfacet
  facet normal -0.7041296237806736 -0.18867096405886835 0.6845471059288648
    outer loop
      vertex 268.1113584296976 -18.509082435552397 -10.669295189236124
      vertex 269.31826489785493 -23.362073724120155 -10.765417058792483
      vertex 269.40545365521024 -23.338711566997738 -10.669295189236124
    endloop
  endfacet
  facet normal 0.5175689396879116 0.13868217941680716 0.8443279255020145
    outer loop
      vertex 266.7337420536918 -18.878213630983044 -10.849467844093695
      vertex 268.0278372792044 -23.707842762428385 -10.849467844093695
      vertex 266.84128162545727 -18.849398489574096 -10.920122014046056
    endloop
  endfacet
  facet normal 0.41127121402178524 0.11019978966730382 0.9048270524660107
    outer loop
      vertex 266.84128162545727 -18.849398489574096 -10.920122014046056
      vertex 268.13537685096986 -23.679027621019436 -10.920122014046056
      vertex 266.9565267936023 -18.81851863983805 -10.976265310182663
    endloop
  endfacet
  facet normal 0.29848749562896976 0.07997948340457 0.951056516295159
    outer loop
      vertex 266.9565267936023 -18.81851863983805 -10.976265310182663
      vertex 268.25062201911487 -23.64814777128339 -10.976265310182663
      vertex 267.0776600729811 -18.786061075451972 -11.017012319185064
    endloop
  endfacet
  facet normal 0.18099645112235296 0.04849785291113321 0.9822872507286877
    outer loop
      vertex 267.0776600729811 -18.786061075451972 -11.017012319185064
      vertex 268.37175529849367 -23.615690206897312 -11.017012319185064
      vertex 267.2027711194163 -18.752537671595437 -11.041720436380201
    endloop
  endfacet
  facet normal 0.06065098445946729 0.01625138230606669 0.9980267284282718
    outer loop
      vertex 267.2027711194163 -18.752537671595437 -11.041720436380201
      vertex 268.4968663449289 -23.582166803040778 -11.041720436380201
      vertex 267.329886856968 -18.71847711237318 -11.05
    endloop
  endfacet
  facet normal -0.41127121402178524 -0.11019978966730383 0.9048270524660107
    outer loop
      vertex 267.8184920884787 -18.58755573517226 -10.920122014046056
      vertex 267.7032469203337 -18.618435584908305 -10.976265310182663
      vertex 268.9973421458463 -23.448064716353645 -10.976265310182663
    endloop
  endfacet
  facet normal -0.5175689396879117 -0.1386821794168072 0.8443279255020145
    outer loop
      vertex 267.9260316602442 -18.55874059376331 -10.849467844093695
      vertex 267.8184920884787 -18.58755573517226 -10.920122014046056
      vertex 269.1125873139913 -23.4171848666176 -10.920122014046056
    endloop
  endfacet
  facet normal -0.060650984459492074 -0.01625138230607333 0.9980267284282701
    outer loop
      vertex 267.329886856968 -18.71847711237318 -11.05
      vertex 268.6239820824806 -23.54810624381852 -11.05
      vertex 267.4570025945197 -18.684416553150918 -11.041720436380201
    endloop
  endfacet
  facet normal -0.18099645112235296 -0.04849785291113321 0.9822872507286877
    outer loop
      vertex 267.4570025945197 -18.684416553150918 -11.041720436380201
      vertex 268.75109782003227 -23.514045684596258 -11.041720436380201
      vertex 267.5821136409549 -18.650893149294383 -11.017012319185064
    endloop
  endfacet
  facet normal -0.2984874956289697 -0.07997948340456994 0.9510565162951589
    outer loop
      vertex 267.5821136409549 -18.650893149294383 -11.017012319185064
      vertex 268.8762088664675 -23.480522280739727 -11.017012319185064
      vertex 267.7032469203337 -18.618435584908305 -10.976265310182663
    endloop
  endfacet
  facet normal -0.958309212640697 -0.25677817962637733 0.1253332335644903
    outer loop
      vertex 268.34210763889945 -18.44725337129265 -10.06593004550578
      vertex 268.326144312497 -18.451530731710697 -10.196750380315011
      vertex 269.62023953800957 -23.28115986315604 -10.196750380315011
    endloop
  endfacet
  facet normal -0.9355794902428474 -0.25068776886569 0.2486898871648711
    outer loop
      vertex 268.326144312497 -18.451530731710697 -10.196750380315011
      vertex 268.2944694108855 -18.460017996017832 -10.324467844093695
      vertex 269.5885646363981 -23.289647127463176 -10.324467844093695
    endloop
  endfacet
  facet normal -0.8980951203957164 -0.24064386223637255 0.36812455268477484
    outer loop
      vertex 268.2944694108855 -18.460017996017832 -10.324467844093695
      vertex 268.247582466185 -18.472581314985884 -10.447068256143327
      vertex 269.54167769169766 -23.302210446431225 -10.447068256143327
    endloop
  endfacet
  facet normal -0.7814504087734176 -0.20938900595581533 0.5877852522926158
    outer loop
      vertex 268.18622291352244 -18.48902255756976 -10.562618134727947
      vertex 268.1113584296976 -18.509082435552397 -10.669295189236124
      vertex 269.40545365521024 -23.338711566997738 -10.669295189236124
    endloop
  endfacet
  facet normal -0.8464472540040925 -0.22680485814593582 0.48175367410154035
    outer loop
      vertex 268.18622291352244 -18.48902255756976 -10.562618134727947
      vertex 269.48031813903503 -23.318651689015105 -10.562618134727947
      vertex 268.247582466185 -18.472581314985884 -10.447068256143327
    endloop
  endfacet
  facet normal -0.6157042939944889 -0.1649774683521963 0.77051324277578
    outer loop
      vertex 267.9260316602442 -18.55874059376331 -10.849467844093695
      vertex 269.22012688575677 -23.388369725208655 -10.849467844093695
      vertex 268.02416967234234 -18.532444592674814 -10.765417058792483
    endloop
  endfacet
  facet normal -0.7041296237808764 -0.1886709640589144 0.6845471059286434
    outer loop
      vertex 268.1113584296976 -18.509082435552397 -10.669295189236124
      vertex 268.02416967234234 -18.532444592674814 -10.765417058792483
      vertex 269.31826489785493 -23.362073724120155 -10.765417058792483
    endloop
  endfacet
  facet normal 0.6157042939944851 0.1649774683521954 -0.7705132427757831
    outer loop
      vertex 266.63560404159364 -18.904509632071544 10.765417058792483
      vertex 268.0278372792044 -23.707842762428385 10.849467844093695
      vertex 267.92969926710623 -23.734138763516885 10.765417058792483
    endloop
  endfacet
  facet normal 0.7041296237808762 0.1886709640589142 -0.6845471059286435
    outer loop
      vertex 266.5484152842384 -18.927871789193958 10.669295189236124
      vertex 267.92969926710623 -23.734138763516885 10.765417058792483
      vertex 267.842510509751 -23.757500920639302 10.669295189236124
    endloop
  endfacet
  facet normal 0.6157042939944855 0.16497746835219548 -0.7705132427757828
    outer loop
      vertex 266.7337420536918 -18.878213630983044 10.849467844093695
      vertex 268.0278372792044 -23.707842762428385 10.849467844093695
      vertex 266.63560404159364 -18.904509632071544 10.765417058792483
    endloop
  endfacet
  facet normal 0.7814504087734232 0.20938900595580745 -0.5877852522926111
    outer loop
      vertex 266.47355080041353 -18.94793166717659 10.562618134727947
      vertex 266.5484152842384 -18.927871789193958 10.669295189236124
      vertex 267.842510509751 -23.757500920639302 10.669295189236124
    endloop
  endfacet
  facet normal 0.7041296237808797 0.1886709640589153 -0.6845471059286398
    outer loop
      vertex 266.63560404159364 -18.904509632071544 10.765417058792483
      vertex 267.92969926710623 -23.734138763516885 10.765417058792483
      vertex 266.5484152842384 -18.927871789193958 10.669295189236124
    endloop
  endfacet
  facet normal 0.2984874956289695 0.07997948340456994 -0.951056516295159
    outer loop
      vertex 266.9565267936023 -18.81851863983805 10.976265310182663
      vertex 268.37175529849367 -23.615690206897312 11.017012319185064
      vertex 268.25062201911487 -23.64814777128339 10.976265310182663
    endloop
  endfacet
  facet normal 0.4112712140217852 0.11019978966730379 -0.9048270524660107
    outer loop
      vertex 266.84128162545727 -18.849398489574096 10.920122014046056
      vertex 268.25062201911487 -23.64814777128339 10.976265310182663
      vertex 268.13537685096986 -23.679027621019436 10.920122014046056
    endloop
  endfacet
  facet normal 0.06065098445946733 0.0162513823060667 -0.9980267284282718
    outer loop
      vertex 267.2027711194163 -18.752537671595437 11.041720436380201
      vertex 268.6239820824806 -23.54810624381852 11.05
      vertex 268.4968663449289 -23.582166803040778 11.041720436380201
    endloop
  endfacet
  facet normal 0.18099645112235307 0.048497852911133246 -0.9822872507286877
    outer loop
      vertex 267.0776600729811 -18.786061075451972 11.017012319185064
      vertex 268.4968663449289 -23.582166803040778 11.041720436380201
      vertex 268.37175529849367 -23.615690206897312 11.017012319185064
    endloop
  endfacet
  facet normal 0.5175689396879117 0.1386821794168072 -0.8443279255020145
    outer loop
      vertex 266.7337420536918 -18.878213630983044 10.849467844093695
      vertex 268.13537685096986 -23.679027621019436 10.920122014046056
      vertex 268.0278372792044 -23.707842762428385 10.849467844093695
    endloop
  endfacet
  facet normal -0.060650984459492116 -0.016251382306073342 -0.9980267284282701
    outer loop
      vertex 267.329886856968 -18.71847711237318 11.05
      vertex 268.75109782003227 -23.514045684596258 11.041720436380201
      vertex 268.6239820824806 -23.54810624381852 11.05
    endloop
  endfacet
  facet normal -0.18099645112235427 -0.048497852911133565 -0.9822872507286875
    outer loop
      vertex 267.4570025945197 -18.684416553150918 11.041720436380201
      vertex 268.8762088664675 -23.480522280739727 11.017012319185064
      vertex 268.75109782003227 -23.514045684596258 11.041720436380201
    endloop
  endfacet
  facet normal -0.29848749562896737 -0.07997948340456931 -0.9510565162951597
    outer loop
      vertex 267.5821136409549 -18.650893149294383 11.017012319185064
      vertex 268.9973421458463 -23.448064716353645 10.976265310182663
      vertex 268.8762088664675 -23.480522280739727 11.017012319185064
    endloop
  endfacet
  facet normal -0.4112712140217852 -0.11019978966730379 -0.9048270524660107
    outer loop
      vertex 267.7032469203337 -18.618435584908305 10.976265310182663
      vertex 269.1125873139913 -23.4171848666176 10.920122014046056
      vertex 268.9973421458463 -23.448064716353645 10.976265310182663
    endloop
  endfacet
  facet normal -0.5175689396879147 -0.13868217941680797 -0.8443279255020126
    outer loop
      vertex 267.8184920884787 -18.58755573517226 10.920122014046056
      vertex 269.22012688575677 -23.388369725208655 10.849467844093695
      vertex 269.1125873139913 -23.4171848666176 10.920122014046056
    endloop
  endfacet
  facet normal -0.6157042939944855 -0.16497746835219537 -0.770513242775783
    outer loop
      vertex 267.9260316602442 -18.55874059376331 10.849467844093695
      vertex 269.31826489785493 -23.362073724120155 10.765417058792483
      vertex 269.22012688575677 -23.388369725208655 10.849467844093695
    endloop
  endfacet
  facet normal -0.7041296237806759 -0.18867096405886072 -0.6845471059288644
    outer loop
      vertex 268.02416967234234 -18.532444592674814 10.765417058792483
      vertex 269.40545365521024 -23.338711566997738 10.669295189236124
      vertex 269.31826489785493 -23.362073724120155 10.765417058792483
    endloop
  endfacet
  facet normal -0.7814504087736119 -0.2093890059558674 -0.5877852522923387
    outer loop
      vertex 268.1113584296976 -18.509082435552397 10.669295189236124
      vertex 269.48031813903503 -23.318651689015105 10.562618134727947
      vertex 269.40545365521024 -23.338711566997738 10.669295189236124
    endloop
  endfacet
  facet normal 0.41127121402178524 0.11019978966730382 -0.9048270524660107
    outer loop
      vertex 266.9565267936023 -18.81851863983805 10.976265310182663
      vertex 268.25062201911487 -23.64814777128339 10.976265310182663
      vertex 266.84128162545727 -18.849398489574096 10.920122014046056
    endloop
  endfacet
  facet normal 0.06065098445946729 0.01625138230606669 -0.9980267284282718
    outer loop
      vertex 267.2027711194163 -18.752537671595437 11.041720436380201
      vertex 267.329886856968 -18.71847711237318 11.05
      vertex 268.6239820824806 -23.54810624381852 11.05
    endloop
  endfacet
  facet normal 0.29848749562896976 0.07997948340457 -0.951056516295159
    outer loop
      vertex 267.0776600729811 -18.786061075451972 11.017012319185064
      vertex 268.37175529849367 -23.615690206897312 11.017012319185064
      vertex 266.9565267936023 -18.81851863983805 10.976265310182663
    endloop
  endfacet
  facet normal 0.18099645112235296 0.048497852911133225 -0.9822872507286877
    outer loop
      vertex 267.0776600729811 -18.786061075451972 11.017012319185064
      vertex 267.2027711194163 -18.752537671595437 11.041720436380201
      vertex 268.4968663449289 -23.582166803040778 11.041720436380201
    endloop
  endfacet
  facet normal 0.5175689396879117 0.1386821794168072 -0.8443279255020145
    outer loop
      vertex 266.7337420536918 -18.878213630983044 10.849467844093695
      vertex 266.84128162545727 -18.849398489574096 10.920122014046056
      vertex 268.13537685096986 -23.679027621019436 10.920122014046056
    endloop
  endfacet
  facet normal -0.060650984459492074 -0.016251382306073335 -0.9980267284282703
    outer loop
      vertex 267.329886856968 -18.71847711237318 11.05
      vertex 267.4570025945197 -18.684416553150918 11.041720436380201
      vertex 268.75109782003227 -23.514045684596258 11.041720436380201
    endloop
  endfacet
  facet normal -0.18099645112235294 -0.048497852911133184 -0.9822872507286876
    outer loop
      vertex 267.4570025945197 -18.684416553150918 11.041720436380201
      vertex 267.5821136409549 -18.650893149294383 11.017012319185064
      vertex 268.8762088664675 -23.480522280739727 11.017012319185064
    endloop
  endfacet
  facet normal -0.29848749562896976 -0.07997948340457 -0.951056516295159
    outer loop
      vertex 267.5821136409549 -18.650893149294383 11.017012319185064
      vertex 267.7032469203337 -18.618435584908305 10.976265310182663
      vertex 268.9973421458463 -23.448064716353645 10.976265310182663
    endloop
  endfacet
  facet normal -0.41127121402178524 -0.11019978966730382 -0.9048270524660107
    outer loop
      vertex 267.7032469203337 -18.618435584908305 10.976265310182663
      vertex 267.8184920884787 -18.58755573517226 10.920122014046056
      vertex 269.1125873139913 -23.4171848666176 10.920122014046056
    endloop
  endfacet
  facet normal -0.5175689396879116 -0.13868217941680705 -0.8443279255020145
    outer loop
      vertex 267.8184920884787 -18.58755573517226 10.920122014046056
      vertex 267.9260316602442 -18.55874059376331 10.849467844093695
      vertex 269.22012688575677 -23.388369725208655 10.849467844093695
    endloop
  endfacet
  facet normal -0.6157042939944889 -0.1649774683521964 -0.77051324277578
    outer loop
      vertex 267.9260316602442 -18.55874059376331 10.849467844093695
      vertex 268.02416967234234 -18.532444592674814 10.765417058792483
      vertex 269.31826489785493 -23.362073724120155 10.765417058792483
    endloop
  endfacet
  facet normal -0.7041296237808743 -0.18867096405892214 -0.6845471059286435
    outer loop
      vertex 268.02416967234234 -18.532444592674814 10.765417058792483
      vertex 268.1113584296976 -18.509082435552397 10.669295189236124
      vertex 269.40545365521024 -23.338711566997738 10.669295189236124
    endloop
  endfacet
  facet normal 0.8464472540039224 0.22680485814589038 -0.48175367410186076
    outer loop
      vertex 266.41219124775097 -18.96437290976047 10.447068256143327
      vertex 267.7676460259262 -23.777560798621934 10.562618134727947
      vertex 267.70628647326356 -23.79400204120581 10.447068256143327
    endloop
  endfacet
  facet normal 0.8980951203957191 0.24064386223636258 -0.36812455268477445
    outer loop
      vertex 266.3653043030505 -18.97693622872852 10.324467844093695
      vertex 267.70628647326356 -23.79400204120581 10.447068256143327
      vertex 267.6593995285631 -23.806565360173863 10.324467844093695
    endloop
  endfacet
  facet normal 0.7814504087736123 0.20938900595586732 -0.5877852522923385
    outer loop
      vertex 266.47355080041353 -18.94793166717659 10.562618134727947
      vertex 267.842510509751 -23.757500920639302 10.669295189236124
      vertex 267.7676460259262 -23.777560798621934 10.562618134727947
    endloop
  endfacet
  facet normal 0.9355794902428474 0.25068776886569 -0.2486898871648713
    outer loop
      vertex 266.333629401439 -18.985423493035654 10.196750380315011
      vertex 267.6593995285631 -23.806565360173863 10.324467844093695
      vertex 267.6277246269516 -23.815052624480998 10.196750380315011
    endloop
  endfacet
  facet normal 0.9583092126407463 0.2567781796263906 -0.12533323356408646
    outer loop
      vertex 266.3176660750366 -18.989700853453705 10.065930045505779
      vertex 267.6277246269516 -23.815052624480998 10.196750380315011
      vertex 267.6117613005492 -23.81932998489905 10.065930045505779
    endloop
  endfacet
  facet normal 0.965925826289069 0.25881904510251846 0
    outer loop
      vertex 266.3176660750366 -18.989700853453705 9.934069954494221
      vertex 267.6117613005492 -23.81932998489905 10.065930045505779
      vertex 267.6117613005492 -23.81932998489905 9.934069954494221
    endloop
  endfacet
  facet normal 0.9583092126407463 0.2567781796263906 0.12533323356408646
    outer loop
      vertex 266.333629401439 -18.985423493035654 9.803249619684989
      vertex 267.6117613005492 -23.81932998489905 9.934069954494221
      vertex 267.6277246269516 -23.815052624480998 9.803249619684989
    endloop
  endfacet
  facet normal 0.9355794902428474 0.25068776886569 0.2486898871648713
    outer loop
      vertex 266.3653043030505 -18.97693622872852 9.675532155906305
      vertex 267.6277246269516 -23.815052624480998 9.803249619684989
      vertex 267.6593995285631 -23.806565360173863 9.675532155906305
    endloop
  endfacet
  facet normal 0.8980951203957189 0.2406438622363627 0.3681245526847746
    outer loop
      vertex 266.41219124775097 -18.96437290976047 9.552931743856673
      vertex 267.6593995285631 -23.806565360173863 9.675532155906305
      vertex 267.70628647326356 -23.79400204120581 9.552931743856673
    endloop
  endfacet
  facet normal 0.8980951203957211 0.2406438622363633 -0.36812455268476885
    outer loop
      vertex 266.41219124775097 -18.96437290976047 10.447068256143327
      vertex 267.70628647326356 -23.79400204120581 10.447068256143327
      vertex 266.3653043030505 -18.97693622872852 10.324467844093695
    endloop
  endfacet
  facet normal 0.8464472540040872 0.22680485814594434 -0.4817536741015457
    outer loop
      vertex 266.47355080041353 -18.94793166717659 10.562618134727947
      vertex 267.7676460259262 -23.777560798621934 10.562618134727947
      vertex 266.41219124775097 -18.96437290976047 10.447068256143327
    endloop
  endfacet
  facet normal 0.9355794902428474 0.25068776886569 -0.24868988716487114
    outer loop
      vertex 266.3653043030505 -18.97693622872852 10.324467844093695
      vertex 267.6593995285631 -23.806565360173863 10.324467844093695
      vertex 266.333629401439 -18.985423493035654 10.196750380315011
    endloop
  endfacet
  facet normal 0.9583092126407465 0.2567781796263906 -0.12533323356408568
    outer loop
      vertex 266.333629401439 -18.985423493035654 10.196750380315011
      vertex 267.6277246269516 -23.815052624480998 10.196750380315011
      vertex 266.3176660750366 -18.989700853453705 10.065930045505779
    endloop
  endfacet
  facet normal 0.965925826289069 0.25881904510251846 0
    outer loop
      vertex 266.3176660750366 -18.989700853453705 10.065930045505779
      vertex 267.6117613005492 -23.81932998489905 10.065930045505779
      vertex 266.3176660750366 -18.989700853453705 9.934069954494221
    endloop
  endfacet
  facet normal 0.9583092126407465 0.2567781796263906 0.12533323356408568
    outer loop
      vertex 266.3176660750366 -18.989700853453705 9.934069954494221
      vertex 267.6117613005492 -23.81932998489905 9.934069954494221
      vertex 266.333629401439 -18.985423493035654 9.803249619684989
    endloop
  endfacet
  facet normal 0.9355794902428474 0.25068776886569 0.24868988716487114
    outer loop
      vertex 266.333629401439 -18.985423493035654 9.803249619684989
      vertex 267.6277246269516 -23.815052624480998 9.803249619684989
      vertex 266.3653043030505 -18.97693622872852 9.675532155906305
    endloop
  endfacet
  facet normal 0.8980951203957214 0.2406438622363632 0.3681245526847689
    outer loop
      vertex 266.3653043030505 -18.97693622872852 9.675532155906305
      vertex 267.6593995285631 -23.806565360173863 9.675532155906305
      vertex 266.41219124775097 -18.96437290976047 9.552931743856673
    endloop
  endfacet
  facet normal 0.8464472540039201 0.22680485814589957 0.48175367410186043
    outer loop
      vertex 266.47355080041353 -18.94793166717659 9.437381865272053
      vertex 267.70628647326356 -23.79400204120581 9.552931743856673
      vertex 267.7676460259262 -23.777560798621934 9.437381865272053
    endloop
  endfacet
  facet normal 0.7814504087736144 0.20938900595585871 0.5877852522923387
    outer loop
      vertex 266.5484152842384 -18.927871789193958 9.330704810763876
      vertex 267.7676460259262 -23.777560798621934 9.437381865272053
      vertex 267.842510509751 -23.757500920639302 9.330704810763876
    endloop
  endfacet
  facet normal 0.7041296237808699 0.18867096405891268 0.6845471059286506
    outer loop
      vertex 266.63560404159364 -18.904509632071544 9.234582941207519
      vertex 267.842510509751 -23.757500920639302 9.330704810763876
      vertex 267.92969926710623 -23.734138763516885 9.234582941207519
    endloop
  endfacet
  facet normal 0.6157042939944934 0.16497746835219762 0.7705132427757759
    outer loop
      vertex 266.7337420536918 -18.878213630983044 9.150532155906305
      vertex 267.92969926710623 -23.734138763516885 9.234582941207519
      vertex 268.0278372792044 -23.707842762428385 9.150532155906305
    endloop
  endfacet
  facet normal 0.8464472540040896 0.22680485814593518 0.48175367410154574
    outer loop
      vertex 266.41219124775097 -18.96437290976047 9.552931743856673
      vertex 267.70628647326356 -23.79400204120581 9.552931743856673
      vertex 266.47355080041353 -18.94793166717659 9.437381865272053
    endloop
  endfacet
  facet normal 0.7814504087734209 0.20938900595581605 0.5877852522926114
    outer loop
      vertex 266.47355080041353 -18.94793166717659 9.437381865272053
      vertex 267.7676460259262 -23.777560798621934 9.437381865272053
      vertex 266.5484152842384 -18.927871789193958 9.330704810763876
    endloop
  endfacet
  facet normal 0.7041296237808736 0.18867096405891354 0.6845471059286464
    outer loop
      vertex 266.5484152842384 -18.927871789193958 9.330704810763876
      vertex 267.842510509751 -23.757500920639302 9.330704810763876
      vertex 266.63560404159364 -18.904509632071544 9.234582941207519
    endloop
  endfacet
  facet normal 0.6157042939944931 0.16497746835219754 0.7705132427757763
    outer loop
      vertex 266.63560404159364 -18.904509632071544 9.234582941207519
      vertex 267.92969926710623 -23.734138763516885 9.234582941207519
      vertex 266.7337420536918 -18.878213630983044 9.150532155906305
    endloop
  endfacet
  facet normal -0.8464472540039197 -0.22680485814588952 -0.48175367410186565
    outer loop
      vertex 268.18622291352244 -18.48902255756976 10.562618134727947
      vertex 269.54167769169766 -23.302210446431225 10.447068256143327
      vertex 269.48031813903503 -23.318651689015105 10.562618134727947
    endloop
  endfacet
  facet normal -0.898095120395856 -0.24064386223641002 -0.3681245526844092
    outer loop
      vertex 268.247582466185 -18.472581314985884 10.447068256143327
      vertex 269.5885646363981 -23.289647127463176 10.324467844093695
      vertex 269.54167769169766 -23.302210446431225 10.447068256143327
    endloop
  endfacet
  facet normal -0.9355794902428474 -0.25068776886569 -0.2486898871648713
    outer loop
      vertex 268.2944694108855 -18.460017996017832 10.324467844093695
      vertex 269.62023953800957 -23.28115986315604 10.196750380315011
      vertex 269.5885646363981 -23.289647127463176 10.324467844093695
    endloop
  endfacet
  facet normal -0.9583092126406961 -0.2567781796263771 -0.12533323356449785
    outer loop
      vertex 268.326144312497 -18.451530731710697 10.196750380315011
      vertex 269.63620286441204 -23.27688250273799 10.06593004550578
      vertex 269.62023953800957 -23.28115986315604 10.196750380315011
    endloop
  endfacet
  facet normal -0.9659258262890689 -0.2588190451025186 0
    outer loop
      vertex 268.34210763889945 -18.44725337129265 10.06593004550578
      vertex 269.63620286441204 -23.27688250273799 9.93406995449422
      vertex 269.63620286441204 -23.27688250273799 10.06593004550578
    endloop
  endfacet
  facet normal -0.9583092126406962 -0.25677817962637733 0.12533323356449663
    outer loop
      vertex 268.34210763889945 -18.44725337129265 9.93406995449422
      vertex 269.62023953800957 -23.28115986315604 9.803249619684989
      vertex 269.63620286441204 -23.27688250273799 9.93406995449422
    endloop
  endfacet
  facet normal -0.9355794902428474 -0.25068776886569 0.2486898871648713
    outer loop
      vertex 268.326144312497 -18.451530731710697 9.803249619684989
      vertex 269.5885646363981 -23.289647127463176 9.675532155906305
      vertex 269.62023953800957 -23.28115986315604 9.803249619684989
    endloop
  endfacet
  facet normal -0.898095120395859 -0.24064386223640008 0.3681245526844088
    outer loop
      vertex 268.2944694108855 -18.460017996017832 9.675532155906305
      vertex 269.54167769169766 -23.302210446431225 9.552931743856673
      vertex 269.5885646363981 -23.289647127463176 9.675532155906305
    endloop
  endfacet
  facet normal -0.78145040877342 -0.20938900595580665 -0.5877852522926159
    outer loop
      vertex 268.1113584296976 -18.509082435552397 10.669295189236124
      vertex 268.18622291352244 -18.48902255756976 10.562618134727947
      vertex 269.48031813903503 -23.318651689015105 10.562618134727947
    endloop
  endfacet
  facet normal -0.84644725400409 -0.22680485814594528 -0.4817536741015403
    outer loop
      vertex 268.18622291352244 -18.48902255756976 10.562618134727947
      vertex 268.247582466185 -18.472581314985884 10.447068256143327
      vertex 269.54167769169766 -23.302210446431225 10.447068256143327
    endloop
  endfacet
  facet normal -0.8980951203957191 -0.24064386223636255 -0.3681245526847749
    outer loop
      vertex 268.247582466185 -18.472581314985884 10.447068256143327
      vertex 268.2944694108855 -18.460017996017832 10.324467844093695
      vertex 269.5885646363981 -23.289647127463176 10.324467844093695
    endloop
  endfacet
  facet normal -0.9355794902428474 -0.25068776886569 -0.24868988716487114
    outer loop
      vertex 268.2944694108855 -18.460017996017832 10.324467844093695
      vertex 268.326144312497 -18.451530731710697 10.196750380315011
      vertex 269.62023953800957 -23.28115986315604 10.196750380315011
    endloop
  endfacet
  facet normal -0.958309212640697 -0.25677817962637756 -0.12533323356449033
    outer loop
      vertex 268.326144312497 -18.451530731710697 10.196750380315011
      vertex 268.34210763889945 -18.44725337129265 10.06593004550578
      vertex 269.63620286441204 -23.27688250273799 10.06593004550578
    endloop
  endfacet
  facet normal -0.9659258262890689 -0.2588190451025186 0
    outer loop
      vertex 268.34210763889945 -18.44725337129265 10.06593004550578
      vertex 268.34210763889945 -18.44725337129265 9.93406995449422
      vertex 269.63620286441204 -23.27688250273799 9.93406995449422
    endloop
  endfacet
  facet normal -0.958309212640697 -0.25677817962637733 0.1253332335644903
    outer loop
      vertex 268.34210763889945 -18.44725337129265 9.93406995449422
      vertex 268.326144312497 -18.451530731710697 9.803249619684989
      vertex 269.62023953800957 -23.28115986315604 9.803249619684989
    endloop
  endfacet
  facet normal -0.9355794902428474 -0.25068776886569 0.2486898871648711
    outer loop
      vertex 268.326144312497 -18.451530731710697 9.803249619684989
      vertex 268.2944694108855 -18.460017996017832 9.675532155906305
      vertex 269.5885646363981 -23.289647127463176 9.675532155906305
    endloop
  endfacet
  facet normal -0.8980951203957164 -0.24064386223637255 0.36812455268477484
    outer loop
      vertex 268.2944694108855 -18.460017996017832 9.675532155906305
      vertex 268.247582466185 -18.472581314985884 9.552931743856673
      vertex 269.54167769169766 -23.302210446431225 9.552931743856673
    endloop
  endfacet
  facet normal 0.5175689396879117 0.1386821794168072 0.8443279255020145
    outer loop
      vertex 266.84128162545727 -18.849398489574096 9.079877985953944
      vertex 268.0278372792044 -23.707842762428385 9.150532155906305
      vertex 268.13537685096986 -23.679027621019436 9.079877985953944
    endloop
  endfacet
  facet normal 0.4112712140217857 0.11019978966730393 0.9048270524660105
    outer loop
      vertex 266.9565267936023 -18.81851863983805 9.023734689817337
      vertex 268.13537685096986 -23.679027621019436 9.079877985953944
      vertex 268.25062201911487 -23.64814777128339 9.023734689817337
    endloop
  endfacet
  facet normal 0.29848749562896987 0.07997948340457003 0.951056516295159
    outer loop
      vertex 267.0776600729811 -18.786061075451972 8.982987680814936
      vertex 268.25062201911487 -23.64814777128339 9.023734689817337
      vertex 268.37175529849367 -23.615690206897312 8.982987680814936
    endloop
  endfacet
  facet normal -0.5175689396879144 -0.1386821794168078 0.8443279255020129
    outer loop
      vertex 267.9260316602442 -18.55874059376331 9.150532155906305
      vertex 269.1125873139913 -23.4171848666176 9.079877985953944
      vertex 269.22012688575677 -23.388369725208655 9.150532155906305
    endloop
  endfacet
  facet normal -0.298487495628968 -0.07997948340456953 0.9510565162951596
    outer loop
      vertex 267.7032469203337 -18.618435584908305 9.023734689817337
      vertex 268.8762088664675 -23.480522280739727 8.982987680814936
      vertex 268.9973421458463 -23.448064716353645 9.023734689817337
    endloop
  endfacet
  facet normal -0.4112712140217857 -0.11019978966730393 0.9048270524660105
    outer loop
      vertex 267.8184920884787 -18.58755573517226 9.079877985953944
      vertex 268.9973421458463 -23.448064716353645 9.023734689817337
      vertex 269.1125873139913 -23.4171848666176 9.079877985953944
    endloop
  endfacet
  facet normal 0.18099645112235282 0.04849785291113318 0.9822872507286877
    outer loop
      vertex 267.2027711194163 -18.752537671595437 8.958279563619799
      vertex 268.37175529849367 -23.615690206897312 8.982987680814936
      vertex 268.4968663449289 -23.582166803040778 8.958279563619799
    endloop
  endfacet
  facet normal 0.06065098445946725 0.016251382306066677 0.9980267284282718
    outer loop
      vertex 267.329886856968 -18.71847711237318 8.95
      vertex 268.4968663449289 -23.582166803040778 8.958279563619799
      vertex 268.6239820824806 -23.54810624381852 8.95
    endloop
  endfacet
  facet normal -0.06065098445949203 -0.01625138230607332 0.9980267284282701
    outer loop
      vertex 267.4570025945197 -18.684416553150918 8.958279563619799
      vertex 268.6239820824806 -23.54810624381852 8.95
      vertex 268.75109782003227 -23.514045684596258 8.958279563619799
    endloop
  endfacet
  facet normal -0.18099645112235416 -0.048497852911133496 0.9822872507286875
    outer loop
      vertex 267.5821136409549 -18.650893149294383 8.982987680814936
      vertex 268.75109782003227 -23.514045684596258 8.958279563619799
      vertex 268.8762088664675 -23.480522280739727 8.982987680814936
    endloop
  endfacet
  facet normal -0.7814504087736144 -0.20938900595585871 0.5877852522923387
    outer loop
      vertex 268.18622291352244 -18.48902255756976 9.437381865272053
      vertex 269.40545365521024 -23.338711566997738 9.330704810763876
      vertex 269.48031813903503 -23.318651689015105 9.437381865272053
    endloop
  endfacet
  facet normal -0.7041296237806736 -0.18867096405886835 0.6845471059288648
    outer loop
      vertex 268.1113584296976 -18.509082435552397 9.330704810763876
      vertex 269.31826489785493 -23.362073724120155 9.234582941207517
      vertex 269.40545365521024 -23.338711566997738 9.330704810763876
    endloop
  endfacet
  facet normal -0.8464472540039171 -0.22680485814589896 0.48175367410186587
    outer loop
      vertex 268.247582466185 -18.472581314985884 9.552931743856673
      vertex 269.48031813903503 -23.318651689015105 9.437381865272053
      vertex 269.54167769169766 -23.302210446431225 9.552931743856673
    endloop
  endfacet
  facet normal -0.6157042939944858 -0.16497746835219557 0.7705132427757826
    outer loop
      vertex 268.02416967234234 -18.532444592674814 9.234582941207517
      vertex 269.22012688575677 -23.388369725208655 9.150532155906305
      vertex 269.31826489785493 -23.362073724120155 9.234582941207517
    endloop
  endfacet
  facet normal 0.5175689396879116 0.13868217941680716 0.8443279255020145
    outer loop
      vertex 266.7337420536918 -18.878213630983044 9.150532155906305
      vertex 268.0278372792044 -23.707842762428385 9.150532155906305
      vertex 266.84128162545727 -18.849398489574096 9.079877985953944
    endloop
  endfacet
  facet normal 0.41127121402178524 0.11019978966730382 0.9048270524660107
    outer loop
      vertex 266.84128162545727 -18.849398489574096 9.079877985953944
      vertex 268.13537685096986 -23.679027621019436 9.079877985953944
      vertex 266.9565267936023 -18.81851863983805 9.023734689817337
    endloop
  endfacet
  facet normal 0.29848749562896976 0.07997948340457 0.951056516295159
    outer loop
      vertex 266.9565267936023 -18.81851863983805 9.023734689817337
      vertex 268.25062201911487 -23.64814777128339 9.023734689817337
      vertex 267.0776600729811 -18.786061075451972 8.982987680814936
    endloop
  endfacet
  facet normal -0.2984874956289697 -0.07997948340456994 0.9510565162951589
    outer loop
      vertex 267.5821136409549 -18.650893149294383 8.982987680814936
      vertex 268.8762088664675 -23.480522280739727 8.982987680814936
      vertex 267.7032469203337 -18.618435584908305 9.023734689817337
    endloop
  endfacet
  facet normal -0.41127121402178524 -0.11019978966730382 0.9048270524660107
    outer loop
      vertex 267.7032469203337 -18.618435584908305 9.023734689817337
      vertex 268.9973421458463 -23.448064716353645 9.023734689817337
      vertex 267.8184920884787 -18.58755573517226 9.079877985953944
    endloop
  endfacet
  facet normal -0.5175689396879117 -0.1386821794168072 0.8443279255020145
    outer loop
      vertex 267.9260316602442 -18.55874059376331 9.150532155906305
      vertex 267.8184920884787 -18.58755573517226 9.079877985953944
      vertex 269.1125873139913 -23.4171848666176 9.079877985953944
    endloop
  endfacet
  facet normal 0.18099645112235296 0.04849785291113321 0.9822872507286877
    outer loop
      vertex 267.0776600729811 -18.786061075451972 8.982987680814936
      vertex 268.37175529849367 -23.615690206897312 8.982987680814936
      vertex 267.2027711194163 -18.752537671595437 8.958279563619799
    endloop
  endfacet
  facet normal 0.06065098445946729 0.01625138230606669 0.9980267284282718
    outer loop
      vertex 267.2027711194163 -18.752537671595437 8.958279563619799
      vertex 268.4968663449289 -23.582166803040778 8.958279563619799
      vertex 267.329886856968 -18.71847711237318 8.95
    endloop
  endfacet
  facet normal -0.06065098445949209 -0.01625138230607333 0.9980267284282701
    outer loop
      vertex 267.4570025945197 -18.684416553150918 8.958279563619799
      vertex 267.329886856968 -18.71847711237318 8.95
      vertex 268.6239820824806 -23.54810624381852 8.95
    endloop
  endfacet
  facet normal -0.18099645112235296 -0.04849785291113321 0.9822872507286877
    outer loop
      vertex 267.4570025945197 -18.684416553150918 8.958279563619799
      vertex 268.75109782003227 -23.514045684596258 8.958279563619799
      vertex 267.5821136409549 -18.650893149294383 8.982987680814936
    endloop
  endfacet
  facet normal -0.7814504087734176 -0.20938900595581533 0.5877852522926158
    outer loop
      vertex 268.18622291352244 -18.48902255756976 9.437381865272053
      vertex 268.1113584296976 -18.509082435552397 9.330704810763876
      vertex 269.40545365521024 -23.338711566997738 9.330704810763876
    endloop
  endfacet
  facet normal -0.7041296237808763 -0.1886709640589144 0.6845471059286434
    outer loop
      vertex 268.02416967234234 -18.532444592674814 9.234582941207517
      vertex 269.31826489785493 -23.362073724120155 9.234582941207517
      vertex 268.1113584296976 -18.509082435552397 9.330704810763876
    endloop
  endfacet
  facet normal -0.8464472540040925 -0.22680485814593582 0.48175367410154035
    outer loop
      vertex 268.18622291352244 -18.48902255756976 9.437381865272053
      vertex 269.48031813903503 -23.318651689015105 9.437381865272053
      vertex 268.247582466185 -18.472581314985884 9.552931743856673
    endloop
  endfacet
  facet normal -0.6157042939944889 -0.16497746835219623 0.7705132427757799
    outer loop
      vertex 268.02416967234234 -18.532444592674814 9.234582941207517
      vertex 267.9260316602442 -18.55874059376331 9.150532155906305
      vertex 269.22012688575677 -23.388369725208655 9.150532155906305
    endloop
  endfacet
  facet normal 0.7041296237807791 0.1886709640588884 -0.6845471059287506
    outer loop
      vertex 247.229898758457 -24.104252691244373 10.669295189236124
      vertex 248.61118274132488 -28.9105196655673 10.765417058792483
      vertex 248.5239939839696 -28.933881822689713 10.669295189236124
    endloop
  endfacet
  facet normal 0.41127121402178496 0.11019978966730365 -0.9048270524660108
    outer loop
      vertex 247.52276509967592 -24.02577939162451 10.920122014046056
      vertex 248.93210549333352 -28.82452867333381 10.976265310182663
      vertex 248.81686032518851 -28.855408523069855 10.920122014046056
    endloop
  endfacet
  facet normal 0.29848749562896737 0.07997948340456931 -0.9510565162951597
    outer loop
      vertex 247.63801026782093 -23.994899541888465 10.976265310182663
      vertex 249.05323877271232 -28.792071108947727 11.017012319185064
      vertex 248.93210549333352 -28.82452867333381 10.976265310182663
    endloop
  endfacet
  facet normal 0.18099645112235402 0.04849785291113457 -0.9822872507286875
    outer loop
      vertex 247.7591435471997 -23.962441977502387 11.017012319185064
      vertex 249.17834981914754 -28.758547705091196 11.041720436380201
      vertex 249.05323877271232 -28.792071108947727 11.017012319185064
    endloop
  endfacet
  facet normal 0.5175689396879145 0.13868217941681096 -0.8443279255020122
    outer loop
      vertex 247.41522552791042 -24.05459453303346 10.849467844093695
      vertex 248.81686032518851 -28.855408523069855 10.920122014046056
      vertex 248.70932075342304 -28.8842236644788 10.849467844093695
    endloop
  endfacet
  facet normal 0.6157042939944845 0.1649774683521987 -0.770513242775783
    outer loop
      vertex 247.31708751581226 -24.080890534121956 10.765417058792483
      vertex 248.70932075342304 -28.8842236644788 10.849467844093695
      vertex 248.61118274132488 -28.9105196655673 10.765417058792483
    endloop
  endfacet
  facet normal 0.7041296237808753 0.18867096405891812 -0.6845471059286433
    outer loop
      vertex 247.229898758457 -24.104252691244373 10.669295189236124
      vertex 247.31708751581226 -24.080890534121956 10.765417058792483
      vertex 248.61118274132488 -28.9105196655673 10.765417058792483
    endloop
  endfacet
  facet normal 0.7814504087735156 0.20938900595583237 -0.5877852522924795
    outer loop
      vertex 247.1550342746322 -24.12431256922701 10.562618134727947
      vertex 247.229898758457 -24.104252691244373 10.669295189236124
      vertex 248.5239939839696 -28.933881822689713 10.669295189236124
    endloop
  endfacet
  facet normal 0.41127121402178524 0.11019978966730373 -0.9048270524660107
    outer loop
      vertex 247.52276509967592 -24.02577939162451 10.920122014046056
      vertex 247.63801026782093 -23.994899541888465 10.976265310182663
      vertex 248.93210549333352 -28.82452867333381 10.976265310182663
    endloop
  endfacet
  facet normal 0.2984874956290284 0.07997948340458749 -0.9510565162951391
    outer loop
      vertex 247.63801026782093 -23.994899541888465 10.976265310182663
      vertex 247.7591435471997 -23.962441977502387 11.017012319185064
      vertex 249.05323877271232 -28.792071108947727 11.017012319185064
    endloop
  endfacet
  facet normal 0.18099645112231594 0.04849785291112327 -0.9822872507286949
    outer loop
      vertex 247.7591435471997 -23.962441977502387 11.017012319185064
      vertex 247.88425459363495 -23.928918573645852 11.041720436380201
      vertex 249.17834981914754 -28.758547705091196 11.041720436380201
    endloop
  endfacet
  facet normal 0.615704293994488 0.16497746835219976 -0.77051324277578
    outer loop
      vertex 247.41522552791042 -24.05459453303346 10.849467844093695
      vertex 248.70932075342304 -28.8842236644788 10.849467844093695
      vertex 247.31708751581226 -24.080890534121956 10.765417058792483
    endloop
  endfacet
  facet normal 0.5175689396878207 0.13868217941678268 -0.8443279255020741
    outer loop
      vertex 247.41522552791042 -24.05459453303346 10.849467844093695
      vertex 247.52276509967592 -24.02577939162451 10.920122014046056
      vertex 248.81686032518851 -28.855408523069855 10.920122014046056
    endloop
  endfacet
  facet normal 0.06065098445947953 0.016251382306069956 -0.9980267284282711
    outer loop
      vertex 247.88425459363495 -23.928918573645852 11.041720436380201
      vertex 249.30546555669923 -28.724487145868935 11.05
      vertex 249.17834981914754 -28.758547705091196 11.041720436380201
    endloop
  endfacet
  facet normal -0.06065098445947953 -0.016251382306069956 -0.9980267284282711
    outer loop
      vertex 248.01137033118664 -23.89485801442359 11.05
      vertex 249.43258129425092 -28.690426586646673 11.041720436380201
      vertex 249.30546555669923 -28.724487145868935 11.05
    endloop
  endfacet
  facet normal -0.18099645112235255 -0.048497852911134176 -0.9822872507286876
    outer loop
      vertex 248.1384860687383 -23.860797455201332 11.041720436380201
      vertex 249.55769234068615 -28.65690318279014 11.017012319185064
      vertex 249.43258129425092 -28.690426586646673 11.041720436380201
    endloop
  endfacet
  facet normal -0.2984874956289695 -0.07997948340456994 -0.951056516295159
    outer loop
      vertex 248.26359711517355 -23.827274051344798 11.017012319185064
      vertex 249.67882562006494 -28.62444561840406 10.976265310182663
      vertex 249.55769234068615 -28.65690318279014 11.017012319185064
    endloop
  endfacet
  facet normal -0.4112712140217846 -0.11019978966730606 -0.9048270524660108
    outer loop
      vertex 248.38473039455232 -23.79481648695872 10.976265310182663
      vertex 249.79407078820995 -28.593565768668014 10.920122014046056
      vertex 249.67882562006494 -28.62444561840406 10.976265310182663
    endloop
  endfacet
  facet normal -0.5175689396879117 -0.1386821794168072 -0.8443279255020145
    outer loop
      vertex 248.49997556269736 -23.763936637222674 10.920122014046056
      vertex 249.90161035997542 -28.564750627259066 10.849467844093695
      vertex 249.79407078820995 -28.593565768668014 10.920122014046056
    endloop
  endfacet
  facet normal -0.6157042939944883 -0.16497746835219626 -0.7705132427757805
    outer loop
      vertex 248.60751513446283 -23.735121495813726 10.849467844093695
      vertex 249.99974837207358 -28.53845462617057 10.765417058792483
      vertex 249.90161035997542 -28.564750627259066 10.849467844093695
    endloop
  endfacet
  facet normal -0.7041296237807763 -0.18867096405888742 -0.6845471059287539
    outer loop
      vertex 248.705653146561 -23.708825494725225 10.765417058792483
      vertex 250.08693712942886 -28.515092469048152 10.669295189236124
      vertex 249.99974837207358 -28.53845462617057 10.765417058792483
    endloop
  endfacet
  facet normal -0.7814504087735175 -0.2093890059558375 -0.5877852522924751
    outer loop
      vertex 248.79284190391624 -23.685463337602812 10.669295189236124
      vertex 250.1618016132537 -28.49503259106552 10.562618134727947
      vertex 250.08693712942886 -28.515092469048152 10.669295189236124
    endloop
  endfacet
  facet normal 0.06065098445947949 0.016251382306069945 -0.9980267284282711
    outer loop
      vertex 247.88425459363495 -23.928918573645852 11.041720436380201
      vertex 248.01137033118664 -23.89485801442359 11.05
      vertex 249.30546555669923 -28.724487145868935 11.05
    endloop
  endfacet
  facet normal -0.060650984459492414 -0.01625138230607378 -0.9980267284282703
    outer loop
      vertex 248.01137033118664 -23.89485801442359 11.05
      vertex 248.1384860687383 -23.860797455201332 11.041720436380201
      vertex 249.43258129425092 -28.690426586646673 11.041720436380201
    endloop
  endfacet
  facet normal -0.18099645112231597 -0.04849785291112331 -0.982287250728695
    outer loop
      vertex 248.1384860687383 -23.860797455201332 11.041720436380201
      vertex 248.26359711517355 -23.827274051344798 11.017012319185064
      vertex 249.55769234068615 -28.65690318279014 11.017012319185064
    endloop
  endfacet
  facet normal -0.2984874956290284 -0.07997948340458749 -0.9510565162951391
    outer loop
      vertex 248.26359711517355 -23.827274051344798 11.017012319185064
      vertex 248.38473039455232 -23.79481648695872 10.976265310182663
      vertex 249.67882562006494 -28.62444561840406 10.976265310182663
    endloop
  endfacet
  facet normal -0.4112712140217078 -0.11019978966728307 -0.9048270524660484
    outer loop
      vertex 248.38473039455232 -23.79481648695872 10.976265310182663
      vertex 248.49997556269736 -23.763936637222674 10.920122014046056
      vertex 249.79407078820995 -28.593565768668014 10.920122014046056
    endloop
  endfacet
  facet normal -0.5175689396879117 -0.1386821794168072 -0.8443279255020145
    outer loop
      vertex 248.49997556269736 -23.763936637222674 10.920122014046056
      vertex 248.60751513446283 -23.735121495813726 10.849467844093695
      vertex 249.90161035997542 -28.564750627259066 10.849467844093695
    endloop
  endfacet
  facet normal -0.6157042939944856 -0.16497746835219537 -0.7705132427757828
    outer loop
      vertex 248.60751513446283 -23.735121495813726 10.849467844093695
      vertex 248.705653146561 -23.708825494725225 10.765417058792483
      vertex 249.99974837207358 -28.53845462617057 10.765417058792483
    endloop
  endfacet
  facet normal -0.7041296237808787 -0.18867096405891917 -0.6845471059286398
    outer loop
      vertex 248.705653146561 -23.708825494725225 10.765417058792483
      vertex 248.79284190391624 -23.685463337602812 10.669295189236124
      vertex 250.08693712942886 -28.515092469048152 10.669295189236124
    endloop
  endfacet
  facet normal 0.7814504087736103 0.20938900595586235 -0.5877852522923428
    outer loop
      vertex 247.1550342746322 -24.12431256922701 10.562618134727947
      vertex 248.5239939839696 -28.933881822689713 10.669295189236124
      vertex 248.4491295001448 -28.95394170067235 10.562618134727947
    endloop
  endfacet
  facet normal 0.8464472540039224 0.22680485814589038 -0.48175367410186076
    outer loop
      vertex 247.0936747219696 -24.140753811810885 10.447068256143327
      vertex 248.4491295001448 -28.95394170067235 10.562618134727947
      vertex 248.38776994748218 -28.970382943256226 10.447068256143327
    endloop
  endfacet
  facet normal 0.8980951203957865 0.2406438622363861 -0.3681245526845949
    outer loop
      vertex 247.04678777726912 -24.153317130778937 10.324467844093695
      vertex 248.38776994748218 -28.970382943256226 10.447068256143327
      vertex 248.34088300278174 -28.982946262224278 10.324467844093695
    endloop
  endfacet
  facet normal 0.9583092126407222 0.25677817962638433 -0.12533323356428414
    outer loop
      vertex 246.9991495492552 -24.16608175550412 10.065930045505779
      vertex 248.30920810117024 -28.991433526531413 10.196750380315011
      vertex 248.2932447747678 -28.99571088694946 10.065930045505779
    endloop
  endfacet
  facet normal 0.9355794902428471 0.2506877688656901 -0.24868988716487142
    outer loop
      vertex 247.01511287565765 -24.161804395086072 10.196750380315011
      vertex 248.34088300278174 -28.982946262224278 10.324467844093695
      vertex 248.30920810117024 -28.991433526531413 10.196750380315011
    endloop
  endfacet
  facet normal 0.9659258262890688 0.25881904510251863 0
    outer loop
      vertex 246.9991495492552 -24.16608175550412 9.934069954494221
      vertex 248.2932447747678 -28.99571088694946 10.065930045505779
      vertex 248.2932447747678 -28.99571088694946 9.934069954494221
    endloop
  endfacet
  facet normal 0.9583092126407224 0.25677817962638433 0.1253332335642828
    outer loop
      vertex 247.01511287565765 -24.161804395086072 9.803249619684989
      vertex 248.2932447747678 -28.99571088694946 9.934069954494221
      vertex 248.30920810117024 -28.991433526531413 9.803249619684989
    endloop
  endfacet
  facet normal 0.9355794902428459 0.25068776886569527 0.2486898871648711
    outer loop
      vertex 247.04678777726912 -24.153317130778937 9.675532155906305
      vertex 248.30920810117024 -28.991433526531413 9.803249619684989
      vertex 248.34088300278174 -28.982946262224278 9.675532155906305
    endloop
  endfacet
  facet normal 0.8980951203957875 0.2406438622363811 0.3681245526845953
    outer loop
      vertex 247.0936747219696 -24.140753811810885 9.552931743856673
      vertex 248.34088300278174 -28.982946262224278 9.675532155906305
      vertex 248.38776994748218 -28.970382943256226 9.552931743856673
    endloop
  endfacet
  facet normal 0.8464472540040063 0.22680485814591786 -0.4817536741017002
    outer loop
      vertex 247.1550342746322 -24.12431256922701 10.562618134727947
      vertex 248.4491295001448 -28.95394170067235 10.562618134727947
      vertex 247.0936747219696 -24.140753811810885 10.447068256143327
    endloop
  endfacet
  facet normal 0.8980951203957189 0.2406438622363627 -0.36812455268477484
    outer loop
      vertex 247.0936747219696 -24.140753811810885 10.447068256143327
      vertex 248.38776994748218 -28.970382943256226 10.447068256143327
      vertex 247.04678777726912 -24.153317130778937 10.324467844093695
    endloop
  endfacet
  facet normal 0.9583092126407222 0.25677817962638433 -0.12533323356428375
    outer loop
      vertex 247.01511287565765 -24.161804395086072 10.196750380315011
      vertex 248.30920810117024 -28.991433526531413 10.196750380315011
      vertex 246.9991495492552 -24.16608175550412 10.065930045505779
    endloop
  endfacet
  facet normal 0.9355794902428944 0.25068776886570826 -0.24868988716467583
    outer loop
      vertex 247.04678777726912 -24.153317130778937 10.324467844093695
      vertex 248.34088300278174 -28.982946262224278 10.324467844093695
      vertex 247.01511287565765 -24.161804395086072 10.196750380315011
    endloop
  endfacet
  facet normal 0.9659258262890688 0.25881904510251863 0
    outer loop
      vertex 246.9991495492552 -24.16608175550412 10.065930045505779
      vertex 248.2932447747678 -28.99571088694946 10.065930045505779
      vertex 246.9991495492552 -24.16608175550412 9.934069954494221
    endloop
  endfacet
  facet normal 0.9583092126407222 0.25677817962638433 0.12533323356428375
    outer loop
      vertex 246.9991495492552 -24.16608175550412 9.934069954494221
      vertex 248.2932447747678 -28.99571088694946 9.934069954494221
      vertex 247.01511287565765 -24.161804395086072 9.803249619684989
    endloop
  endfacet
  facet normal 0.9355794902428958 0.25068776886570315 0.24868988716467583
    outer loop
      vertex 247.01511287565765 -24.161804395086072 9.803249619684989
      vertex 248.30920810117024 -28.991433526531413 9.803249619684989
      vertex 247.04678777726912 -24.153317130778937 9.675532155906305
    endloop
  endfacet
  facet normal 0.8980951203957177 0.24064386223636763 0.3681245526847749
    outer loop
      vertex 247.04678777726912 -24.153317130778937 9.675532155906305
      vertex 248.34088300278174 -28.982946262224278 9.675532155906305
      vertex 247.0936747219696 -24.140753811810885 9.552931743856673
    endloop
  endfacet
  facet normal 0.8464472540039214 0.2268048581458951 0.4817536741018602
    outer loop
      vertex 247.1550342746322 -24.12431256922701 9.437381865272053
      vertex 248.38776994748218 -28.970382943256226 9.552931743856673
      vertex 248.4491295001448 -28.95394170067235 9.437381865272053
    endloop
  endfacet
  facet normal 0.781450408773611 0.20938900595585797 0.5877852522923434
    outer loop
      vertex 247.229898758457 -24.104252691244373 9.330704810763876
      vertex 248.4491295001448 -28.95394170067235 9.437381865272053
      vertex 248.5239939839696 -28.933881822689713 9.330704810763876
    endloop
  endfacet
  facet normal 0.7041296237807722 0.1886709640588905 0.6845471059287572
    outer loop
      vertex 247.31708751581226 -24.080890534121956 9.234582941207519
      vertex 248.5239939839696 -28.933881822689713 9.330704810763876
      vertex 248.61118274132488 -28.9105196655673 9.234582941207519
    endloop
  endfacet
  facet normal 0.6157042939944926 0.164977468352201 0.7705132427757762
    outer loop
      vertex 247.41522552791042 -24.05459453303346 9.150532155906305
      vertex 248.61118274132488 -28.9105196655673 9.234582941207519
      vertex 248.70932075342304 -28.8842236644788 9.150532155906305
    endloop
  endfacet
  facet normal 0.5175689396879144 0.1386821794168078 0.8443279255020129
    outer loop
      vertex 247.52276509967592 -24.02577939162451 9.079877985953944
      vertex 248.70932075342304 -28.8842236644788 9.150532155906305
      vertex 248.81686032518851 -28.855408523069855 9.079877985953944
    endloop
  endfacet
  facet normal 0.41127121402178496 0.11019978966730365 0.9048270524660108
    outer loop
      vertex 247.63801026782093 -23.994899541888465 9.023734689817337
      vertex 248.81686032518851 -28.855408523069855 9.079877985953944
      vertex 248.93210549333352 -28.82452867333381 9.023734689817337
    endloop
  endfacet
  facet normal 0.29848749562896715 0.07997948340457108 0.9510565162951597
    outer loop
      vertex 247.7591435471997 -23.962441977502387 8.982987680814936
      vertex 248.93210549333352 -28.82452867333381 9.023734689817337
      vertex 249.05323877271232 -28.792071108947727 8.982987680814936
    endloop
  endfacet
  facet normal 0.18099645112235416 0.048497852911133496 0.9822872507286875
    outer loop
      vertex 247.88425459363495 -23.928918573645852 8.958279563619799
      vertex 249.05323877271232 -28.792071108947727 8.982987680814936
      vertex 249.17834981914754 -28.758547705091196 8.958279563619799
    endloop
  endfacet
  facet normal 0.8464472540040074 0.2268048581459132 0.4817536741017002
    outer loop
      vertex 247.0936747219696 -24.140753811810885 9.552931743856673
      vertex 248.38776994748218 -28.970382943256226 9.552931743856673
      vertex 247.1550342746322 -24.12431256922701 9.437381865272053
    endloop
  endfacet
  facet normal 0.7814504087735145 0.20938900595583668 0.5877852522924796
    outer loop
      vertex 247.1550342746322 -24.12431256922701 9.437381865272053
      vertex 248.4491295001448 -28.95394170067235 9.437381865272053
      vertex 247.229898758457 -24.104252691244373 9.330704810763876
    endloop
  endfacet
  facet normal 0.7041296237808702 0.18867096405891276 0.6845471059286501
    outer loop
      vertex 247.229898758457 -24.104252691244373 9.330704810763876
      vertex 248.5239939839696 -28.933881822689713 9.330704810763876
      vertex 247.31708751581226 -24.080890534121956 9.234582941207519
    endloop
  endfacet
  facet normal 0.6157042939944957 0.1649774683522017 0.7705132427757733
    outer loop
      vertex 247.31708751581226 -24.080890534121956 9.234582941207519
      vertex 248.61118274132488 -28.9105196655673 9.234582941207519
      vertex 247.41522552791042 -24.05459453303346 9.150532155906305
    endloop
  endfacet
  facet normal 0.51756893968782 0.13868217941678565 0.8443279255020743
    outer loop
      vertex 247.41522552791042 -24.05459453303346 9.150532155906305
      vertex 248.70932075342304 -28.8842236644788 9.150532155906305
      vertex 247.52276509967592 -24.02577939162451 9.079877985953944
    endloop
  endfacet
  facet normal 0.4112712140217854 0.11019978966730376 0.9048270524660107
    outer loop
      vertex 247.52276509967592 -24.02577939162451 9.079877985953944
      vertex 248.81686032518851 -28.855408523069855 9.079877985953944
      vertex 247.63801026782093 -23.994899541888465 9.023734689817337
    endloop
  endfacet
  facet normal 0.2984874956290288 0.07997948340458577 0.951056516295139
    outer loop
      vertex 247.63801026782093 -23.994899541888465 9.023734689817337
      vertex 248.93210549333352 -28.82452867333381 9.023734689817337
      vertex 247.7591435471997 -23.962441977502387 8.982987680814936
    endloop
  endfacet
  facet normal 0.18099645112231566 0.04849785291112429 0.9822872507286949
    outer loop
      vertex 247.7591435471997 -23.962441977502387 8.982987680814936
      vertex 249.05323877271232 -28.792071108947727 8.982987680814936
      vertex 247.88425459363495 -23.928918573645852 8.958279563619799
    endloop
  endfacet
  facet normal -0.846447254004006 -0.22680485814591778 -0.48175367410170095
    outer loop
      vertex 248.86770638774107 -23.66540345962018 10.562618134727947
      vertex 250.22316116591628 -28.478591348481643 10.447068256143327
      vertex 250.1618016132537 -28.49503259106552 10.562618134727947
    endloop
  endfacet
  facet normal -0.8980951203957865 -0.24064386223638592 -0.36812455268459465
    outer loop
      vertex 248.92906594040366 -23.6489622170363 10.447068256143327
      vertex 250.27004811061673 -28.46602802951359 10.324467844093695
      vertex 250.22316116591628 -28.478591348481643 10.447068256143327
    endloop
  endfacet
  facet normal -0.9355794902428471 -0.2506877688656901 -0.24868988716487142
    outer loop
      vertex 248.97595288510414 -23.63639889806825 10.324467844093695
      vertex 250.30172301222822 -28.457540765206456 10.196750380315011
      vertex 250.27004811061673 -28.46602802951359 10.324467844093695
    endloop
  endfacet
  facet normal -0.9583092126407212 -0.256778179626384 -0.12533323356429243
    outer loop
      vertex 249.00762778671563 -23.627911633761116 10.196750380315011
      vertex 250.31768633863066 -28.453263404788405 10.06593004550578
      vertex 250.30172301222822 -28.457540765206456 10.196750380315011
    endloop
  endfacet
  facet normal -0.9659258262890689 -0.2588190451025186 0
    outer loop
      vertex 249.02359111311807 -23.623634273343065 10.06593004550578
      vertex 250.31768633863066 -28.453263404788405 9.93406995449422
      vertex 250.31768633863066 -28.453263404788405 10.06593004550578
    endloop
  endfacet
  facet normal -0.9583092126407214 -0.25677817962638405 0.1253332335642911
    outer loop
      vertex 249.02359111311807 -23.623634273343065 9.93406995449422
      vertex 250.30172301222822 -28.457540765206456 9.803249619684989
      vertex 250.31768633863066 -28.453263404788405 9.93406995449422
    endloop
  endfacet
  facet normal -0.9355794902428471 -0.2506877688656901 0.24868988716487142
    outer loop
      vertex 249.00762778671563 -23.627911633761116 9.803249619684989
      vertex 250.27004811061673 -28.46602802951359 9.675532155906305
      vertex 250.30172301222822 -28.457540765206456 9.803249619684989
    endloop
  endfacet
  facet normal -0.8980951203957875 -0.2406438622363811 0.3681245526845953
    outer loop
      vertex 248.97595288510414 -23.63639889806825 9.675532155906305
      vertex 250.22316116591628 -28.478591348481643 9.552931743856673
      vertex 250.27004811061673 -28.46602802951359 9.675532155906305
    endloop
  endfacet
  facet normal -0.7814504087735177 -0.20938900595583754 -0.587785252292475
    outer loop
      vertex 248.79284190391624 -23.685463337602812 10.669295189236124
      vertex 248.86770638774107 -23.66540345962018 10.562618134727947
      vertex 250.1618016132537 -28.49503259106552 10.562618134727947
    endloop
  endfacet
  facet normal -0.8464472540040036 -0.22680485814591703 -0.4817536741017057
    outer loop
      vertex 248.86770638774107 -23.66540345962018 10.562618134727947
      vertex 248.92906594040366 -23.6489622170363 10.447068256143327
      vertex 250.22316116591628 -28.478591348481643 10.447068256143327
    endloop
  endfacet
  facet normal -0.8980951203957214 -0.2406438622363633 -0.36812455268476885
    outer loop
      vertex 248.92906594040366 -23.6489622170363 10.447068256143327
      vertex 248.97595288510414 -23.63639889806825 10.324467844093695
      vertex 250.27004811061673 -28.46602802951359 10.324467844093695
    endloop
  endfacet
  facet normal -0.9355794902428473 -0.2506877688656902 -0.24868988716487117
    outer loop
      vertex 248.97595288510414 -23.63639889806825 10.324467844093695
      vertex 249.00762778671563 -23.627911633761116 10.196750380315011
      vertex 250.30172301222822 -28.457540765206456 10.196750380315011
    endloop
  endfacet
  facet normal -0.9583092126407212 -0.256778179626384 -0.12533323356429227
    outer loop
      vertex 249.00762778671563 -23.627911633761116 10.196750380315011
      vertex 249.02359111311807 -23.623634273343065 10.06593004550578
      vertex 250.31768633863066 -28.453263404788405 10.06593004550578
    endloop
  endfacet
  facet normal -0.9659258262890689 -0.2588190451025186 0
    outer loop
      vertex 249.02359111311807 -23.623634273343065 10.06593004550578
      vertex 249.02359111311807 -23.623634273343065 9.93406995449422
      vertex 250.31768633863066 -28.453263404788405 9.93406995449422
    endloop
  endfacet
  facet normal -0.9583092126407212 -0.25677817962638405 0.12533323356429227
    outer loop
      vertex 249.02359111311807 -23.623634273343065 9.93406995449422
      vertex 249.00762778671563 -23.627911633761116 9.803249619684989
      vertex 250.30172301222822 -28.457540765206456 9.803249619684989
    endloop
  endfacet
  facet normal -0.9355794902428473 -0.25068776886569016 0.2486898871648711
    outer loop
      vertex 249.00762778671563 -23.627911633761116 9.803249619684989
      vertex 248.97595288510414 -23.63639889806825 9.675532155906305
      vertex 250.27004811061673 -28.46602802951359 9.675532155906305
    endloop
  endfacet
  facet normal -0.89809512039572 -0.24064386223636805 0.3681245526847688
    outer loop
      vertex 248.97595288510414 -23.63639889806825 9.675532155906305
      vertex 248.92906594040366 -23.6489622170363 9.552931743856673
      vertex 250.22316116591628 -28.478591348481643 9.552931743856673
    endloop
  endfacet
  facet normal -0.4112712140217857 -0.11019978966730393 0.9048270524660105
    outer loop
      vertex 248.49997556269736 -23.763936637222674 9.079877985953944
      vertex 249.67882562006494 -28.62444561840406 9.023734689817337
      vertex 249.79407078820995 -28.593565768668014 9.079877985953944
    endloop
  endfacet
  facet normal -0.2984874956289691 -0.07997948340457159 0.9510565162951591
    outer loop
      vertex 248.38473039455232 -23.79481648695872 9.023734689817337
      vertex 249.55769234068615 -28.65690318279014 8.982987680814936
      vertex 249.67882562006494 -28.62444561840406 9.023734689817337
    endloop
  endfacet
  facet normal -0.7041296237807747 -0.1886709640588913 0.6845471059287543
    outer loop
      vertex 248.79284190391624 -23.685463337602812 9.330704810763876
      vertex 249.99974837207358 -28.53845462617057 9.234582941207517
      vertex 250.08693712942886 -28.515092469048152 9.330704810763876
    endloop
  endfacet
  facet normal -0.8464472540040061 -0.22680485814591764 0.4817536741017006
    outer loop
      vertex 248.92906594040366 -23.6489622170363 9.552931743856673
      vertex 250.1618016132537 -28.49503259106552 9.437381865272053
      vertex 250.22316116591628 -28.478591348481643 9.552931743856673
    endloop
  endfacet
  facet normal -0.7814504087735175 -0.2093890059558375 0.5877852522924751
    outer loop
      vertex 248.86770638774107 -23.66540345962018 9.437381865272053
      vertex 250.08693712942886 -28.515092469048152 9.330704810763876
      vertex 250.1618016132537 -28.49503259106552 9.437381865272053
    endloop
  endfacet
  facet normal -0.5175689396879117 -0.1386821794168072 0.8443279255020145
    outer loop
      vertex 248.60751513446283 -23.735121495813726 9.150532155906305
      vertex 249.79407078820995 -28.593565768668014 9.079877985953944
      vertex 249.90161035997542 -28.564750627259066 9.150532155906305
    endloop
  endfacet
  facet normal -0.6157042939944893 -0.1649774683521964 0.7705132427757797
    outer loop
      vertex 248.705653146561 -23.708825494725225 9.234582941207517
      vertex 249.90161035997542 -28.564750627259066 9.150532155906305
      vertex 249.99974837207358 -28.53845462617057 9.234582941207517
    endloop
  endfacet
  facet normal 0.06065098445947953 0.016251382306069956 0.9980267284282711
    outer loop
      vertex 248.01137033118664 -23.89485801442359 8.95
      vertex 249.17834981914754 -28.758547705091196 8.958279563619799
      vertex 249.30546555669923 -28.724487145868935 8.95
    endloop
  endfacet
  facet normal -0.06065098445947932 -0.01625138230607027 0.9980267284282711
    outer loop
      vertex 248.1384860687383 -23.860797455201332 8.958279563619799
      vertex 249.30546555669923 -28.724487145868935 8.95
      vertex 249.43258129425092 -28.690426586646673 8.958279563619799
    endloop
  endfacet
  facet normal -0.18099645112235282 -0.04849785291113318 0.9822872507286877
    outer loop
      vertex 248.26359711517355 -23.827274051344798 8.982987680814936
      vertex 249.43258129425092 -28.690426586646673 8.958279563619799
      vertex 249.55769234068615 -28.65690318279014 8.982987680814936
    endloop
  endfacet
  facet normal -0.2984874956290288 -0.07997948340458583 0.951056516295139
    outer loop
      vertex 248.26359711517355 -23.827274051344798 8.982987680814936
      vertex 249.55769234068615 -28.65690318279014 8.982987680814936
      vertex 248.38473039455232 -23.79481648695872 9.023734689817337
    endloop
  endfacet
  facet normal -0.4112712140217072 -0.11019978966728532 0.9048270524660484
    outer loop
      vertex 248.38473039455232 -23.79481648695872 9.023734689817337
      vertex 249.67882562006494 -28.62444561840406 9.023734689817337
      vertex 248.49997556269736 -23.763936637222674 9.079877985953944
    endloop
  endfacet
  facet normal -0.7041296237808797 -0.18867096405891517 0.6845471059286397
    outer loop
      vertex 248.705653146561 -23.708825494725225 9.234582941207517
      vertex 249.99974837207358 -28.53845462617057 9.234582941207517
      vertex 248.79284190391624 -23.685463337602812 9.330704810763876
    endloop
  endfacet
  facet normal -0.8464472540040034 -0.22680485814591708 0.4817536741017056
    outer loop
      vertex 248.92906594040366 -23.6489622170363 9.552931743856673
      vertex 248.86770638774107 -23.66540345962018 9.437381865272053
      vertex 250.1618016132537 -28.49503259106552 9.437381865272053
    endloop
  endfacet
  facet normal -0.7814504087735177 -0.20938900595583754 0.5877852522924749
    outer loop
      vertex 248.86770638774107 -23.66540345962018 9.437381865272053
      vertex 248.79284190391624 -23.685463337602812 9.330704810763876
      vertex 250.08693712942886 -28.515092469048152 9.330704810763876
    endloop
  endfacet
  facet normal -0.6157042939944856 -0.16497746835219548 0.7705132427757828
    outer loop
      vertex 248.705653146561 -23.708825494725225 9.234582941207517
      vertex 248.60751513446283 -23.735121495813726 9.150532155906305
      vertex 249.90161035997542 -28.564750627259066 9.150532155906305
    endloop
  endfacet
  facet normal -0.5175689396879117 -0.1386821794168072 0.8443279255020145
    outer loop
      vertex 248.60751513446283 -23.735121495813726 9.150532155906305
      vertex 248.49997556269736 -23.763936637222674 9.079877985953944
      vertex 249.79407078820995 -28.593565768668014 9.079877985953944
    endloop
  endfacet
  facet normal 0.06065098445947947 0.016251382306069942 0.9980267284282711
    outer loop
      vertex 247.88425459363495 -23.928918573645852 8.958279563619799
      vertex 249.17834981914754 -28.758547705091196 8.958279563619799
      vertex 248.01137033118664 -23.89485801442359 8.95
    endloop
  endfacet
  facet normal -0.060650984459492505 -0.016251382306073432 0.9980267284282701
    outer loop
      vertex 248.1384860687383 -23.860797455201332 8.958279563619799
      vertex 248.01137033118664 -23.89485801442359 8.95
      vertex 249.30546555669923 -28.724487145868935 8.95
    endloop
  endfacet
  facet normal -0.18099645112231566 -0.04849785291112429 0.9822872507286949
    outer loop
      vertex 248.1384860687383 -23.860797455201332 8.958279563619799
      vertex 249.43258129425092 -28.690426586646673 8.958279563619799
      vertex 248.26359711517355 -23.827274051344798 8.982987680814936
    endloop
  endfacet
  facet normal -0.35558101272921716 -0.09527764520463479 0.9297764858882612
    outer loop
      vertex 270.3599951901898 3.8342377571041624 -12.195773934819385
      vertex 276.6381554892842 -21.40071495146251 -12.380691790135922
      vertex 277.08929036285537 -21.27983372641161 -12.195773934819385
    endloop
  endfacet
  facet normal -0.24021598474945224 -0.06436567912266282 0.9685831611286299
    outer loop
      vertex 270.5880193464167 3.895336645619942 -12.13516198011717
      vertex 277.08929036285537 -21.27983372641161 -12.195773934819385
      vertex 277.31731451908223 -21.21873483789583 -12.13516198011717
    endloop
  endfacet
  facet normal -0.5677569555011501 -0.1521300177236865 0.8090169943749366
    outer loop
      vertex 269.4836694139541 3.5994269730552304 -12.622688297991939
      vertex 275.8204231693934 -21.61982566620209 -12.917947028896844
      vertex 276.21296458661965 -21.514644510460542 -12.622688297991939
    endloop
  endfacet
  facet normal -0.744258640694893 -0.19942350173408224 0.6374239897486653
    outer loop
      vertex 268.7374266775824 3.399471834486846 -13.261811576285245
      vertex 275.15743871027723 -21.797471816616653 -13.648858990830107
      vertex 275.46672185024795 -21.714599649028933 -13.261811576285245
    endloop
  endfacet
  facet normal -0.6612217289279427 -0.17717382828415348 0.7289686274214272
    outer loop
      vertex 269.09112799672783 3.494245817313683 -12.917947028896844
      vertex 275.46672185024795 -21.714599649028933 -13.261811576285245
      vertex 275.8204231693934 -21.61982566620209 -12.917947028896844
    endloop
  endfacet
  facet normal -0.4653383157245099 -0.12468702590564051 0.8763066800438545
    outer loop
      vertex 269.9088603166187 3.713356532053268 -12.380691790135922
      vertex 276.21296458661965 -21.514644510460542 -12.622688297991939
      vertex 276.6381554892842 -21.40071495146251 -12.380691790135922
    endloop
  endfacet
  facet normal -0.8155581490994618 -0.21852814743182256 0.5358267949790079
    outer loop
      vertex 268.16815615668975 3.246936258138817 -14.07298530359314
      vertex 274.8974513293553 -21.867135225376963 -14.07298530359314
      vertex 275.15743871027723 -21.797471816616653 -13.648858990830107
    endloop
  endfacet
  facet normal -0.8739958183019279 -0.23418647370218046 0.42577929156510347
    outer loop
      vertex 267.9615646911227 3.1915802417769683 -14.527501789261288
      vertex 274.69085986378826 -21.92249124173881 -14.527501789261288
      vertex 274.8974513293553 -21.867135225376963 -14.07298530359314
    endloop
  endfacet
  facet normal -0.9186500513500048 -0.24615153938604384 0.30901699437492874
    outer loop
      vertex 267.81162721173433 3.1514046152596933 -15.005240451340581
      vertex 274.5409223843999 -21.962666868256086 -15.005240451340581
      vertex 274.69085986378826 -21.92249124173881 -14.527501789261288
    endloop
  endfacet
  facet normal -0.948816624313324 -0.2542346482499798 0.18738131458573346
    outer loop
      vertex 267.81162721173433 3.1514046152596933 -15.005240451340581
      vertex 274.4500034948084 -21.987028511298853 -15.498667065742783
      vertex 274.5409223843999 -21.962666868256086 -15.005240451340581
    endloop
  endfacet
  facet normal 0.24021598474945224 0.06436567912266282 0.9685831611286299
    outer loop
      vertex 272.74789515522167 4.474073624340761 -12.195773934819385
      vertex 279.24916617166036 -20.70109674769079 -12.13516198011717
      vertex 279.47719032788723 -20.63999785917501 -12.195773934819385
    endloop
  endfacet
  facet normal 0.35558101272925385 0.09527764520464382 0.9297764858882462
    outer loop
      vertex 273.19903002879283 4.594954849391662 -12.380691790135922
      vertex 279.47719032788723 -20.63999785917501 -12.195773934819385
      vertex 279.92832520145834 -20.51911663412411 -12.380691790135922
    endloop
  endfacet
  facet normal 0.46533831572446716 0.12468702590562909 0.8763066800438788
    outer loop
      vertex 273.19903002879283 4.594954849391662 -12.380691790135922
      vertex 279.92832520145834 -20.51911663412411 -12.380691790135922
      vertex 280.35351610412295 -20.40518707512608 -12.62268829799194
    endloop
  endfacet
  facet normal 0.5677569555011457 0.15213001772368528 0.8090169943749398
    outer loop
      vertex 274.01676234868364 4.814065564131241 -12.917947028896842
      vertex 280.35351610412295 -20.40518707512608 -12.62268829799194
      vertex 280.7460575213492 -20.30000591938453 -12.917947028896842
    endloop
  endfacet
  facet normal 0.6612217289279474 0.17717382828415476 0.7289686274214227
    outer loop
      vertex 274.01676234868364 4.814065564131241 -12.917947028896842
      vertex 280.7460575213492 -20.30000591938453 -12.917947028896842
      vertex 281.09975884049464 -20.20523193655769 -13.261811576285247
    endloop
  endfacet
  facet normal 0.7442586406948916 0.19942350173408185 0.637423989748667
    outer loop
      vertex 274.6797468077998 4.991711714545808 -13.648858990830107
      vertex 281.09975884049464 -20.20523193655769 -13.261811576285247
      vertex 281.40904198046536 -20.12235976896997 -13.648858990830107
    endloop
  endfacet
  facet normal 0.8155581490994608 0.2185281474318223 0.5358267949790094
    outer loop
      vertex 274.6797468077998 4.991711714545808 -13.648858990830107
      vertex 281.40904198046536 -20.12235976896997 -13.648858990830107
      vertex 281.6690293613873 -20.05269636020966 -14.07298530359314
    endloop
  endfacet
  facet normal 0.8739958183019287 0.2341864737021807 0.42577929156510175
    outer loop
      vertex 275.1463256542888 5.116731139667962 -14.527501789261288
      vertex 281.6690293613873 -20.05269636020966 -14.07298530359314
      vertex 281.87562082695433 -19.997340343847814 -14.527501789261288
    endloop
  endfacet
  facet normal 0.9186500513500044 0.24615153938604378 0.3090169943749298
    outer loop
      vertex 275.29626313367714 5.156906766185237 -15.00524045134058
      vertex 281.87562082695433 -19.997340343847814 -14.527501789261288
      vertex 282.0255583063427 -19.95716471733054 -15.00524045134058
    endloop
  endfacet
  facet normal 0.9488166243133241 0.2542346482499799 0.18738131458573282
    outer loop
      vertex 275.29626313367714 5.156906766185237 -15.00524045134058
      vertex 282.0255583063427 -19.95716471733054 -15.00524045134058
      vertex 282.1164771959342 -19.93280307428777 -15.498667065742783
    endloop
  endfacet
  facet normal -0.9640197923156519 -0.2583083248385983 0.06279051952933948
    outer loop
      vertex 267.69024186754945 3.1188795103123823 -16
      vertex 274.419537040215 -21.995191973203397 -16
      vertex 274.4500034948084 -21.987028511298853 -15.498667065742783
    endloop
  endfacet
  facet normal -0.9640197923156519 -0.2583083248385983 -0.06279051952933948
    outer loop
      vertex 267.69024186754945 3.1188795103123823 -16
      vertex 274.4500034948084 -21.987028511298853 -16.501332934257217
      vertex 274.419537040215 -21.995191973203397 -16
    endloop
  endfacet
  facet normal -0.9488166243133239 -0.25423464824997977 -0.1873813145857341
    outer loop
      vertex 267.81162721173433 3.1514046152596933 -16.994759548659417
      vertex 274.5409223843999 -21.962666868256086 -16.994759548659417
      vertex 274.4500034948084 -21.987028511298853 -16.501332934257217
    endloop
  endfacet
  facet normal -0.9186500513500053 -0.246151539386044 -0.30901699437492663
    outer loop
      vertex 267.81162721173433 3.1514046152596933 -16.994759548659417
      vertex 274.69085986378826 -21.92249124173881 -17.472498210738713
      vertex 274.5409223843999 -21.962666868256086 -16.994759548659417
    endloop
  endfacet
  facet normal -0.8739958183019281 -0.2341864737021805 -0.425779291565103
    outer loop
      vertex 268.16815615668975 3.246936258138817 -17.92701469640686
      vertex 274.8974513293553 -21.867135225376963 -17.92701469640686
      vertex 274.69085986378826 -21.92249124173881 -17.472498210738713
    endloop
  endfacet
  facet normal -0.8155581490994618 -0.21852814743182256 -0.5358267949790079
    outer loop
      vertex 268.16815615668975 3.246936258138817 -17.92701469640686
      vertex 275.15743871027723 -21.797471816616653 -18.351141009169893
      vertex 274.8974513293553 -21.867135225376963 -17.92701469640686
    endloop
  endfacet
  facet normal -0.7442586406948926 -0.19942350173408216 -0.6374239897486658
    outer loop
      vertex 268.4281435376117 3.3165996668991227 -18.351141009169893
      vertex 275.46672185024795 -21.714599649028933 -18.738188423714753
      vertex 275.15743871027723 -21.797471816616653 -18.351141009169893
    endloop
  endfacet
  facet normal -0.6612217289279445 -0.17717382828415398 -0.7289686274214254
    outer loop
      vertex 269.09112799672783 3.494245817313683 -19.082052971103156
      vertex 275.8204231693934 -21.61982566620209 -19.082052971103156
      vertex 275.46672185024795 -21.714599649028933 -18.738188423714753
    endloop
  endfacet
  facet normal -0.5677569555011501 -0.1521300177236865 -0.8090169943749366
    outer loop
      vertex 269.4836694139541 3.5994269730552304 -19.37731170200806
      vertex 276.21296458661965 -21.514644510460542 -19.37731170200806
      vertex 275.8204231693934 -21.61982566620209 -19.082052971103156
    endloop
  endfacet
  facet normal -0.46533831572451145 -0.12468702590564201 -0.8763066800438535
    outer loop
      vertex 269.4836694139541 3.5994269730552304 -19.37731170200806
      vertex 276.6381554892842 -21.40071495146251 -19.61930820986408
      vertex 276.21296458661965 -21.514644510460542 -19.37731170200806
    endloop
  endfacet
  facet normal -0.35558101272921433 -0.09527764520463321 -0.9297764858882624
    outer loop
      vertex 269.9088603166187 3.713356532053268 -19.61930820986408
      vertex 277.08929036285537 -21.27983372641161 -19.804226065180615
      vertex 276.6381554892842 -21.40071495146251 -19.61930820986408
    endloop
  endfacet
  facet normal -0.2402159847494511 -0.06436567912266247 -0.9685831611286301
    outer loop
      vertex 270.82995936821635 3.9601642790779366 -19.929149002914755
      vertex 277.5592545408819 -21.153907204437843 -19.929149002914755
      vertex 277.08929036285537 -21.27983372641161 -19.804226065180615
    endloop
  endfacet
  facet normal 0.9640197923156595 0.25830832483859806 0.06279051952922679
    outer loop
      vertex 275.41764847786203 5.189431871132548 -16
      vertex 282.1164771959342 -19.93280307428777 -15.498667065742783
      vertex 282.14694365052753 -19.92463961238323 -16
    endloop
  endfacet
  facet normal 0.9640197923156595 0.25830832483859806 -0.06279051952922679
    outer loop
      vertex 275.41764847786203 5.189431871132548 -16
      vertex 282.14694365052753 -19.92463961238323 -16
      vertex 282.1164771959342 -19.93280307428777 -16.501332934257217
    endloop
  endfacet
  facet normal 0.9488166243133241 0.2542346482499799 -0.18738131458573282
    outer loop
      vertex 275.29626313367714 5.156906766185237 -16.99475954865942
      vertex 282.1164771959342 -19.93280307428777 -16.501332934257217
      vertex 282.0255583063427 -19.95716471733054 -16.99475954865942
    endloop
  endfacet
  facet normal 0.9186500513500039 0.24615153938604364 -0.3090169943749308
    outer loop
      vertex 275.29626313367714 5.156906766185237 -16.99475954865942
      vertex 282.0255583063427 -19.95716471733054 -16.99475954865942
      vertex 281.87562082695433 -19.997340343847814 -17.47249821073871
    endloop
  endfacet
  facet normal 0.8739958183019293 0.23418647370218088 -0.42577929156510036
    outer loop
      vertex 275.1463256542888 5.116731139667962 -17.47249821073871
      vertex 281.87562082695433 -19.997340343847814 -17.47249821073871
      vertex 281.6690293613873 -20.05269636020966 -17.92701469640686
    endloop
  endfacet
  facet normal -0.12106260719208847 -0.03243862783072642 -0.992114701314477
    outer loop
      vertex 270.82995936821635 3.9601642790779366 -19.929149002914755
      vertex 278.0406364075334 -21.024921322017583 -19.992106913713087
      vertex 277.5592545408819 -21.153907204437843 -19.929149002914755
    endloop
  endfacet
  facet normal 0 0 -1
    outer loop
      vertex 271.79654911054365 4.219161219946741 -19.992106913713087
      vertex 278.52584428320915 -20.894910263569038 -19.992106913713087
      vertex 278.0406364075334 -21.024921322017583 -19.992106913713087
    endloop
  endfacet
  facet normal 0.12106260719207565 0.03243862783072299 -0.9921147013144785
    outer loop
      vertex 272.2779309771951 4.348147102366994 -19.929149002914755
      vertex 279.0072261498607 -20.765924381148782 -19.929149002914755
      vertex 278.52584428320915 -20.894910263569038 -19.992106913713087
    endloop
  endfacet
  facet normal 0.24021598474945108 0.06436567912266247 -0.9685831611286301
    outer loop
      vertex 272.2779309771951 4.348147102366994 -19.929149002914755
      vertex 279.47719032788723 -20.63999785917501 -19.804226065180615
      vertex 279.0072261498607 -20.765924381148782 -19.929149002914755
    endloop
  endfacet
  facet normal 0.35558101272925097 0.09527764520464303 -0.9297764858882475
    outer loop
      vertex 273.19903002879283 4.594954849391662 -19.61930820986408
      vertex 279.92832520145834 -20.51911663412411 -19.61930820986408
      vertex 279.47719032788723 -20.63999785917501 -19.804226065180615
    endloop
  endfacet
  facet normal 0.8155581490994608 0.2185281474318223 -0.5358267949790094
    outer loop
      vertex 274.6797468077998 4.991711714545808 -18.351141009169893
      vertex 281.6690293613873 -20.05269636020966 -17.92701469640686
      vertex 281.40904198046536 -20.12235976896997 -18.351141009169893
    endloop
  endfacet
  facet normal 0.7442586406948926 0.19942350173408216 -0.6374239897486658
    outer loop
      vertex 274.3704636678291 4.9088395469580846 -18.738188423714753
      vertex 281.40904198046536 -20.12235976896997 -18.351141009169893
      vertex 281.09975884049464 -20.20523193655769 -18.738188423714753
    endloop
  endfacet
  facet normal 0.6612217289279456 0.17717382828415423 -0.7289686274214243
    outer loop
      vertex 274.3704636678291 4.9088395469580846 -18.738188423714753
      vertex 281.09975884049464 -20.20523193655769 -18.738188423714753
      vertex 280.7460575213492 -20.30000591938453 -19.082052971103156
    endloop
  endfacet
  facet normal 0.5677569555011501 0.1521300177236865 -0.8090169943749366
    outer loop
      vertex 274.01676234868364 4.814065564131241 -19.082052971103156
      vertex 280.7460575213492 -20.30000591938453 -19.082052971103156
      vertex 280.35351610412295 -20.40518707512608 -19.37731170200806
    endloop
  endfacet
  facet normal 0.46533831572446716 0.12468702590562909 -0.8763066800438788
    outer loop
      vertex 273.19903002879283 4.594954849391662 -19.61930820986408
      vertex 280.35351610412295 -20.40518707512608 -19.37731170200806
      vertex 279.92832520145834 -20.51911663412411 -19.61930820986408
    endloop
  endfacet
  facet normal -0.3555810127292546 -0.09527764520464398 0.9297764858882459
    outer loop
      vertex 269.9088603166187 3.713356532053268 -12.380691790135922
      vertex 276.6381554892842 -21.40071495146251 -12.380691790135922
      vertex 270.3599951901898 3.8342377571041624 -12.195773934819385
    endloop
  endfacet
  facet normal -0.24021598474945186 -0.06436567912266271 0.96858316112863
    outer loop
      vertex 270.3599951901898 3.8342377571041624 -12.195773934819385
      vertex 277.08929036285537 -21.27983372641161 -12.195773934819385
      vertex 270.5880193464167 3.895336645619942 -12.13516198011717
    endloop
  endfacet
  facet normal -0.5677569555011497 -0.1521300177236864 0.8090169943749367
    outer loop
      vertex 269.09112799672783 3.494245817313683 -12.917947028896844
      vertex 275.8204231693934 -21.61982566620209 -12.917947028896844
      vertex 269.4836694139541 3.5994269730552304 -12.622688297991939
    endloop
  endfacet
  facet normal -0.6612217289279452 -0.1771738282841541 0.7289686274214249
    outer loop
      vertex 269.09112799672783 3.494245817313683 -12.917947028896844
      vertex 268.7374266775824 3.399471834486846 -13.261811576285245
      vertex 275.46672185024795 -21.714599649028933 -13.261811576285245
    endloop
  endfacet
  facet normal -0.46533831572446344 -0.12468702590562915 0.8763066800438808
    outer loop
      vertex 269.9088603166187 3.713356532053268 -12.380691790135922
      vertex 269.4836694139541 3.5994269730552304 -12.622688297991939
      vertex 276.21296458661965 -21.514644510460542 -12.622688297991939
    endloop
  endfacet
  facet normal -0.8155581490994624 -0.21852814743182275 0.5358267949790068
    outer loop
      vertex 268.4281435376117 3.3165996668991227 -13.648858990830107
      vertex 268.16815615668975 3.246936258138817 -14.07298530359314
      vertex 275.15743871027723 -21.797471816616653 -13.648858990830107
    endloop
  endfacet
  facet normal -0.8739958183019282 -0.23418647370218054 0.42577929156510275
    outer loop
      vertex 268.16815615668975 3.246936258138817 -14.07298530359314
      vertex 267.9615646911227 3.1915802417769683 -14.527501789261288
      vertex 274.8974513293553 -21.867135225376963 -14.07298530359314
    endloop
  endfacet
  facet normal -0.9186500513500048 -0.24615153938604384 0.30901699437492824
    outer loop
      vertex 267.9615646911227 3.1915802417769683 -14.527501789261288
      vertex 267.81162721173433 3.1514046152596933 -15.005240451340581
      vertex 274.69085986378826 -21.92249124173881 -14.527501789261288
    endloop
  endfacet
  facet normal -0.9488166243133237 -0.25423464824997977 0.18738131458573506
    outer loop
      vertex 267.81162721173433 3.1514046152596933 -15.005240451340581
      vertex 267.72070832214285 3.1270429722169197 -15.498667065742783
      vertex 274.4500034948084 -21.987028511298853 -15.498667065742783
    endloop
  endfacet
  facet normal -0.7442586406948929 -0.19942350173408224 0.6374239897486657
    outer loop
      vertex 268.7374266775824 3.399471834486846 -13.261811576285245
      vertex 268.4281435376117 3.3165996668991227 -13.648858990830107
      vertex 275.15743871027723 -21.797471816616653 -13.648858990830107
    endloop
  endfacet
  facet normal 0.24021598474945363 0.06436567912266317 0.9685831611286294
    outer loop
      vertex 272.5198709989948 4.412974735824989 -12.13516198011717
      vertex 279.24916617166036 -20.70109674769079 -12.13516198011717
      vertex 272.74789515522167 4.474073624340761 -12.195773934819385
    endloop
  endfacet
  facet normal 0.35558101272921705 0.09527764520463476 0.9297764858882613
    outer loop
      vertex 272.74789515522167 4.474073624340761 -12.195773934819385
      vertex 279.47719032788723 -20.63999785917501 -12.195773934819385
      vertex 273.19903002879283 4.594954849391662 -12.380691790135922
    endloop
  endfacet
  facet normal 0.4653383157245107 0.12468702590564176 0.876306680043854
    outer loop
      vertex 273.19903002879283 4.594954849391662 -12.380691790135922
      vertex 280.35351610412295 -20.40518707512608 -12.62268829799194
      vertex 273.6242209314574 4.7088844083897 -12.62268829799194
    endloop
  endfacet
  facet normal 0.567756955501147 0.15213001772368562 0.8090169943749388
    outer loop
      vertex 273.6242209314574 4.7088844083897 -12.62268829799194
      vertex 280.35351610412295 -20.40518707512608 -12.62268829799194
      vertex 274.01676234868364 4.814065564131241 -12.917947028896842
    endloop
  endfacet
  facet normal 0.661221728927947 0.17717382828415465 0.7289686274214231
    outer loop
      vertex 274.01676234868364 4.814065564131241 -12.917947028896842
      vertex 281.09975884049464 -20.20523193655769 -13.261811576285247
      vertex 274.3704636678291 4.9088395469580846 -13.261811576285247
    endloop
  endfacet
  facet normal 0.7442586406948914 0.19942350173408185 0.6374239897486672
    outer loop
      vertex 274.3704636678291 4.9088395469580846 -13.261811576285247
      vertex 281.09975884049464 -20.20523193655769 -13.261811576285247
      vertex 274.6797468077998 4.991711714545808 -13.648858990830107
    endloop
  endfacet
  facet normal 0.8155581490994608 0.21852814743182225 0.5358267949790094
    outer loop
      vertex 274.6797468077998 4.991711714545808 -13.648858990830107
      vertex 281.6690293613873 -20.05269636020966 -14.07298530359314
      vertex 274.93973418872173 5.061375123306121 -14.07298530359314
    endloop
  endfacet
  facet normal 0.8739958183019296 0.23418647370218093 0.4257792915650998
    outer loop
      vertex 274.93973418872173 5.061375123306121 -14.07298530359314
      vertex 281.6690293613873 -20.05269636020966 -14.07298530359314
      vertex 275.1463256542888 5.116731139667962 -14.527501789261288
    endloop
  endfacet
  facet normal 0.9186500513500044 0.24615153938604378 0.30901699437492935
    outer loop
      vertex 275.1463256542888 5.116731139667962 -14.527501789261288
      vertex 281.87562082695433 -19.997340343847814 -14.527501789261288
      vertex 275.29626313367714 5.156906766185237 -15.00524045134058
    endloop
  endfacet
  facet normal 0.9488166243133237 0.2542346482499797 0.18738131458573445
    outer loop
      vertex 275.29626313367714 5.156906766185237 -15.00524045134058
      vertex 282.1164771959342 -19.93280307428777 -15.498667065742783
      vertex 275.3871820232686 5.181268409228011 -15.498667065742783
    endloop
  endfacet
  facet normal -0.9640197923156522 -0.2583083248385984 0.06279051952933573
    outer loop
      vertex 267.72070832214285 3.1270429722169197 -15.498667065742783
      vertex 267.69024186754945 3.1188795103123823 -16
      vertex 274.4500034948084 -21.987028511298853 -15.498667065742783
    endloop
  endfacet
  facet normal -0.9640197923156522 -0.2583083248385984 -0.06279051952933574
    outer loop
      vertex 267.69024186754945 3.1188795103123823 -16
      vertex 267.72070832214285 3.1270429722169197 -16.501332934257217
      vertex 274.4500034948084 -21.987028511298853 -16.501332934257217
    endloop
  endfacet
  facet normal -0.9488166243133236 -0.25423464824997977 -0.18738131458573576
    outer loop
      vertex 267.72070832214285 3.1270429722169197 -16.501332934257217
      vertex 267.81162721173433 3.1514046152596933 -16.994759548659417
      vertex 274.4500034948084 -21.987028511298853 -16.501332934257217
    endloop
  endfacet
  facet normal -0.9186500513500054 -0.24615153938604403 -0.3090169943749262
    outer loop
      vertex 267.81162721173433 3.1514046152596933 -16.994759548659417
      vertex 267.9615646911227 3.1915802417769683 -17.472498210738713
      vertex 274.69085986378826 -21.92249124173881 -17.472498210738713
    endloop
  endfacet
  facet normal -0.8739958183019275 -0.23418647370218038 -0.4257792915651041
    outer loop
      vertex 267.9615646911227 3.1915802417769683 -17.472498210738713
      vertex 268.16815615668975 3.246936258138817 -17.92701469640686
      vertex 274.69085986378826 -21.92249124173881 -17.472498210738713
    endloop
  endfacet
  facet normal -0.8155581490994624 -0.2185281474318227 -0.5358267949790068
    outer loop
      vertex 268.16815615668975 3.246936258138817 -17.92701469640686
      vertex 268.4281435376117 3.3165996668991227 -18.351141009169893
      vertex 275.15743871027723 -21.797471816616653 -18.351141009169893
    endloop
  endfacet
  facet normal -0.7442586406948914 -0.19942350173408183 -0.6374239897486673
    outer loop
      vertex 268.4281435376117 3.3165996668991227 -18.351141009169893
      vertex 268.7374266775824 3.399471834486846 -18.738188423714753
      vertex 275.46672185024795 -21.714599649028933 -18.738188423714753
    endloop
  endfacet
  facet normal -0.6612217289279468 -0.17717382828415457 -0.7289686274214231
    outer loop
      vertex 268.7374266775824 3.399471834486846 -18.738188423714753
      vertex 269.09112799672783 3.494245817313683 -19.082052971103156
      vertex 275.46672185024795 -21.714599649028933 -18.738188423714753
    endloop
  endfacet
  facet normal -0.5677569555011497 -0.1521300177236864 -0.8090169943749367
    outer loop
      vertex 269.09112799672783 3.494245817313683 -19.082052971103156
      vertex 269.4836694139541 3.5994269730552304 -19.37731170200806
      vertex 275.8204231693934 -21.61982566620209 -19.082052971103156
    endloop
  endfacet
  facet normal -0.4653383157244664 -0.12468702590562884 -0.8763066800438793
    outer loop
      vertex 269.4836694139541 3.5994269730552304 -19.37731170200806
      vertex 269.9088603166187 3.713356532053268 -19.61930820986408
      vertex 276.6381554892842 -21.40071495146251 -19.61930820986408
    endloop
  endfacet
  facet normal -0.35558101272925147 -0.09527764520464398 -0.9297764858882471
    outer loop
      vertex 269.9088603166187 3.713356532053268 -19.61930820986408
      vertex 270.3599951901898 3.8342377571041624 -19.804226065180615
      vertex 277.08929036285537 -21.27983372641161 -19.804226065180615
    endloop
  endfacet
  facet normal -0.24021598474945052 -0.06436567912266233 -0.9685831611286303
    outer loop
      vertex 270.3599951901898 3.8342377571041624 -19.804226065180615
      vertex 270.82995936821635 3.9601642790779366 -19.929149002914755
      vertex 277.08929036285537 -21.27983372641161 -19.804226065180615
    endloop
  endfacet
  facet normal 0.9640197923156523 0.25830832483859834 0.06279051952933573
    outer loop
      vertex 275.3871820232686 5.181268409228011 -15.498667065742783
      vertex 282.1164771959342 -19.93280307428777 -15.498667065742783
      vertex 275.41764847786203 5.189431871132548 -16
    endloop
  endfacet
  facet normal 0.9640197923156523 0.25830832483859834 -0.06279051952933573
    outer loop
      vertex 275.41764847786203 5.189431871132548 -16
      vertex 282.1164771959342 -19.93280307428777 -16.501332934257217
      vertex 275.3871820232686 5.181268409228011 -16.501332934257217
    endloop
  endfacet
  facet normal 0.9488166243133237 0.2542346482499797 -0.18738131458573445
    outer loop
      vertex 275.3871820232686 5.181268409228011 -16.501332934257217
      vertex 282.1164771959342 -19.93280307428777 -16.501332934257217
      vertex 275.29626313367714 5.156906766185237 -16.99475954865942
    endloop
  endfacet
  facet normal 0.9186500513500042 0.2461515393860437 -0.3090169943749304
    outer loop
      vertex 275.29626313367714 5.156906766185237 -16.99475954865942
      vertex 281.87562082695433 -19.997340343847814 -17.47249821073871
      vertex 275.1463256542888 5.116731139667962 -17.47249821073871
    endloop
  endfacet
  facet normal 0.8739958183019301 0.23418647370218104 -0.4257792915650984
    outer loop
      vertex 275.1463256542888 5.116731139667962 -17.47249821073871
      vertex 281.6690293613873 -20.05269636020966 -17.92701469640686
      vertex 274.93973418872173 5.061375123306121 -17.92701469640686
    endloop
  endfacet
  facet normal -0.12106260719207537 -0.032438627830722634 -0.9921147013144787
    outer loop
      vertex 270.82995936821635 3.9601642790779366 -19.929149002914755
      vertex 271.3113412348679 4.089150161498196 -19.992106913713087
      vertex 278.0406364075334 -21.024921322017583 -19.992106913713087
    endloop
  endfacet
  facet normal 0 0 -1
    outer loop
      vertex 271.3113412348679 4.089150161498196 -19.992106913713087
      vertex 271.79654911054365 4.219161219946741 -19.992106913713087
      vertex 278.0406364075334 -21.024921322017583 -19.992106913713087
    endloop
  endfacet
  facet normal 0.12106260719208893 0.03243862783072627 -0.9921147013144768
    outer loop
      vertex 271.79654911054365 4.219161219946741 -19.992106913713087
      vertex 272.2779309771951 4.348147102366994 -19.929149002914755
      vertex 278.52584428320915 -20.894910263569038 -19.992106913713087
    endloop
  endfacet
  facet normal 0.24021598474945136 0.06436567912266257 -0.9685831611286301
    outer loop
      vertex 272.2779309771951 4.348147102366994 -19.929149002914755
      vertex 272.74789515522167 4.474073624340761 -19.804226065180615
      vertex 279.47719032788723 -20.63999785917501 -19.804226065180615
    endloop
  endfacet
  facet normal 0.3555810127292141 0.09527764520463396 -0.9297764858882624
    outer loop
      vertex 272.74789515522167 4.474073624340761 -19.804226065180615
      vertex 273.19903002879283 4.594954849391662 -19.61930820986408
      vertex 279.47719032788723 -20.63999785917501 -19.804226065180615
    endloop
  endfacet
  facet normal 0.8155581490994608 0.21852814743182225 -0.5358267949790094
    outer loop
      vertex 274.6797468077998 4.991711714545808 -18.351141009169893
      vertex 274.93973418872173 5.061375123306121 -17.92701469640686
      vertex 281.6690293613873 -20.05269636020966 -17.92701469640686
    endloop
  endfacet
  facet normal 0.7442586406948914 0.19942350173408183 -0.6374239897486673
    outer loop
      vertex 274.6797468077998 4.991711714545808 -18.351141009169893
      vertex 281.40904198046536 -20.12235976896997 -18.351141009169893
      vertex 274.3704636678291 4.9088395469580846 -18.738188423714753
    endloop
  endfacet
  facet normal 0.6612217289279452 0.17717382828415415 -0.7289686274214248
    outer loop
      vertex 274.3704636678291 4.9088395469580846 -18.738188423714753
      vertex 280.7460575213492 -20.30000591938453 -19.082052971103156
      vertex 274.01676234868364 4.814065564131241 -19.082052971103156
    endloop
  endfacet
  facet normal 0.5677569555011515 0.1521300177236868 -0.8090169943749353
    outer loop
      vertex 273.6242209314574 4.7088844083897 -19.37731170200806
      vertex 274.01676234868364 4.814065564131241 -19.082052971103156
      vertex 280.35351610412295 -20.40518707512608 -19.37731170200806
    endloop
  endfacet
  facet normal 0.4653383157245107 0.12468702590564176 -0.876306680043854
    outer loop
      vertex 273.6242209314574 4.7088844083897 -19.37731170200806
      vertex 280.35351610412295 -20.40518707512608 -19.37731170200806
      vertex 273.19903002879283 4.594954849391662 -19.61930820986408
    endloop
  endfacet
  facet normal -0.25881904510253134 0.9659258262890655 0
    outer loop
      vertex 270.3599951901898 3.8342377571041624 -12.195773934819385
      vertex 270.5880193464167 3.895336645619942 -12.13516198011717
      vertex 270.5880193464167 3.895336645619942 -14.129589604718843
    endloop
  endfacet
  facet normal -0.25881904510251325 0.9659258262890703 4.325739430319749e-15
    outer loop
      vertex 269.9088603166187 3.713356532053268 -12.380691790135922
      vertex 270.5880193464167 3.895336645619942 -14.129589604718843
      vertex 269.4836694139541 3.5994269730552304 -12.622688297991939
    endloop
  endfacet
  facet normal -0.25881904510252896 0.9659258262890661 -2.1407242914553425e-15
    outer loop
      vertex 269.09112799672783 3.494245817313683 -12.917947028896844
      vertex 269.4836694139541 3.5994269730552304 -12.622688297991939
      vertex 270.24557354796747 3.803578570474052 -14.362659359101448
    endloop
  endfacet
  facet normal -0.2588190451025203 0.9659258262890684 1.4070669959462291e-15
    outer loop
      vertex 269.9088603166187 3.713356532053268 -12.380691790135922
      vertex 270.3599951901898 3.8342377571041624 -12.195773934819385
      vertex 270.5880193464167 3.895336645619942 -14.129589604718843
    endloop
  endfacet
  facet normal -0.258819045102512 0.9659258262890705 1.1692783716086665e-14
    outer loop
      vertex 269.09112799672783 3.494245817313683 -12.917947028896844
      vertex 270.05766972217145 3.753229892097295 -14.545337399901536
      vertex 268.7374266775824 3.399471834486846 -13.261811576285245
    endloop
  endfacet
  facet normal -0.2588190451025289 0.9659258262890661 -1.2844345748732031e-14
    outer loop
      vertex 268.7374266775824 3.399471834486846 -13.261811576285245
      vertex 269.89336305406204 3.7092040530663155 -14.750956338878495
      vertex 268.4281435376117 3.3165996668991227 -13.648858990830107
    endloop
  endfacet
  facet normal -0.2588190451025121 0.9659258262890706 1.0921793726804545e-14
    outer loop
      vertex 268.4281435376117 3.3165996668991227 -13.648858990830107
      vertex 269.64549304186477 3.6427874834701726 -15.217735325545059
      vertex 268.16815615668975 3.246936258138817 -14.07298530359314
    endloop
  endfacet
  facet normal -0.258819045102509 0.9659258262890714 1.5340265267450318e-14
    outer loop
      vertex 268.4281435376117 3.3165996668991227 -13.648858990830107
      vertex 269.89336305406204 3.7092040530663155 -14.750956338878495
      vertex 269.75524475794725 3.672195367162402 -14.976273442533856
    endloop
  endfacet
  facet normal -0.25881904510251497 0.9659258262890699 9.893359484080576e-15
    outer loop
      vertex 269.09112799672783 3.494245817313683 -12.917947028896844
      vertex 270.24557354796747 3.803578570474052 -14.362659359101448
      vertex 270.05766972217145 3.753229892097295 -14.545337399901536
    endloop
  endfacet
  facet normal -0.2588190451025028 0.9659258262890731 1.0226843511633092e-14
    outer loop
      vertex 269.4836694139541 3.5994269730552304 -12.622688297991939
      vertex 270.45411117586895 3.859456059461749 -14.205803158308218
      vertex 270.24557354796747 3.803578570474052 -14.362659359101448
    endloop
  endfacet
  facet normal -0.2588190451025214 0.9659258262890682 -2.250146835732032e-15
    outer loop
      vertex 269.4836694139541 3.5994269730552304 -12.622688297991939
      vertex 270.5880193464167 3.895336645619942 -14.129589604718843
      vertex 270.45411117586895 3.859456059461749 -14.205803158308218
    endloop
  endfacet
  facet normal -0.2588190451025511 0.9659258262890602 -3.1347498590010953e-14
    outer loop
      vertex 268.7374266775824 3.399471834486846 -13.261811576285245
      vertex 270.05766972217145 3.753229892097295 -14.545337399901536
      vertex 269.89336305406204 3.7092040530663155 -14.750956338878495
    endloop
  endfacet
  facet normal -0.2588190451025131 0.9659258262890704 2.697813589887929e-15
    outer loop
      vertex 268.16815615668975 3.246936258138817 -14.07298530359314
      vertex 269.5658387559397 3.6214441818828647 -15.471533989774684
      vertex 267.9615646911227 3.1915802417769683 -14.527501789261288
    endloop
  endfacet
  facet normal -0.258819045102517 0.9659258262890693 6.786855784533341e-15
    outer loop
      vertex 268.4281435376117 3.3165996668991227 -13.648858990830107
      vertex 269.75524475794725 3.672195367162402 -14.976273442533856
      vertex 269.64549304186477 3.6427874834701726 -15.217735325545059
    endloop
  endfacet
  facet normal -0.25881904510253495 0.9659258262890645 -2.0935724623475756e-14
    outer loop
      vertex 268.16815615668975 3.246936258138817 -14.07298530359314
      vertex 269.64549304186477 3.6427874834701726 -15.217735325545059
      vertex 269.5658387559397 3.6214441818828647 -15.471533989774684
    endloop
  endfacet
  facet normal -0.25881904510252046 0.9659258262890683 -6.335244094113588e-15
    outer loop
      vertex 267.9615646911227 3.1915802417769683 -14.527501789261288
      vertex 269.5013527918415 3.6041652198796115 -16
      vertex 267.81162721173433 3.1514046152596933 -15.005240451340581
    endloop
  endfacet
  facet normal -0.25881904510250114 0.9659258262890735 2.4156605334778517e-14
    outer loop
      vertex 267.9615646911227 3.1915802417769683 -14.527501789261288
      vertex 269.5658387559397 3.6214441818828647 -15.471533989774684
      vertex 269.5175380958442 3.608502059016395 -15.733666878675853
    endloop
  endfacet
  facet normal -0.25881904510253567 0.9659258262890642 -2.3724996818534882e-14
    outer loop
      vertex 267.9615646911227 3.1915802417769683 -14.527501789261288
      vertex 269.5175380958442 3.608502059016395 -15.733666878675853
      vertex 269.5013527918415 3.6041652198796115 -16
    endloop
  endfacet
  facet normal -0.25881904510250314 0.9659258262890731 4.95289079046051e-16
    outer loop
      vertex 272.5198709989948 4.412974735824989 -12.13516198011717
      vertex 272.74789515522167 4.474073624340761 -12.195773934819385
      vertex 272.862316797444 4.504732810970879 -14.362659359101448
    endloop
  endfacet
  facet normal -0.2588190451025033 0.9659258262890729 4.870569298018392e-16
    outer loop
      vertex 272.74789515522167 4.474073624340761 -12.195773934819385
      vertex 273.19903002879283 4.594954849391662 -12.380691790135922
      vertex 272.862316797444 4.504732810970879 -14.362659359101448
    endloop
  endfacet
  facet normal -0.2588190451025417 0.9659258262890627 2.8753277974269903e-15
    outer loop
      vertex 273.19903002879283 4.594954849391662 -12.380691790135922
      vertex 273.6242209314574 4.7088844083897 -12.62268829799194
      vertex 273.3526455874642 4.636116014282528 -14.976273442533856
    endloop
  endfacet
  facet normal -0.25881904510252274 0.9659258262890678 0
    outer loop
      vertex 272.5198709989948 4.412974735824989 -12.13516198011717
      vertex 272.65377916954253 4.4488553219831815 -14.205803158308218
      vertex 272.5198709989948 4.412974735824989 -14.129589604718843
    endloop
  endfacet
  facet normal -0.2588190451024941 0.9659258262890754 1.9823369021605768e-15
    outer loop
      vertex 272.5198709989948 4.412974735824989 -12.13516198011717
      vertex 272.862316797444 4.504732810970879 -14.362659359101448
      vertex 272.65377916954253 4.4488553219831815 -14.205803158308218
    endloop
  endfacet
  facet normal -0.2588190451025053 0.9659258262890723 8.456663905043137e-16
    outer loop
      vertex 273.19903002879283 4.594954849391662 -12.380691790135922
      vertex 273.05022062324 4.555081489347636 -14.545337399901538
      vertex 272.862316797444 4.504732810970879 -14.362659359101448
    endloop
  endfacet
  facet normal -0.25881904510250336 0.9659258262890731 7.051970102395471e-16
    outer loop
      vertex 273.19903002879283 4.594954849391662 -12.380691790135922
      vertex 273.2145272913495 4.599107328378615 -14.750956338878495
      vertex 273.05022062324 4.555081489347636 -14.545337399901538
    endloop
  endfacet
  facet normal -0.25881904510258485 0.9659258262890511 1.335405407109426e-16
    outer loop
      vertex 273.19903002879283 4.594954849391662 -12.380691790135922
      vertex 273.3526455874642 4.636116014282528 -14.976273442533856
      vertex 273.2145272913495 4.599107328378615 -14.750956338878495
    endloop
  endfacet
  facet normal -0.2588190451025527 0.9659258262890598 4.247429885661846e-15
    outer loop
      vertex 273.6242209314574 4.7088844083897 -12.62268829799194
      vertex 273.4623973035467 4.665523897974765 -15.21773532554506
      vertex 273.3526455874642 4.636116014282528 -14.976273442533856
    endloop
  endfacet
  facet normal -0.2588190451025119 0.9659258262890708 1.509746714100837e-15
    outer loop
      vertex 273.6242209314574 4.7088844083897 -12.62268829799194
      vertex 273.5420515894718 4.686867199562066 -15.471533989774683
      vertex 273.4623973035467 4.665523897974765 -15.21773532554506
    endloop
  endfacet
  facet normal -0.25881904510238973 0.9659258262891034 -2.2644265549691183e-15
    outer loop
      vertex 273.6242209314574 4.7088844083897 -12.62268829799194
      vertex 273.5903522495673 4.6998093224285356 -15.733666878675853
      vertex 273.5420515894718 4.686867199562066 -15.471533989774683
    endloop
  endfacet
  facet normal -0.25881904510213 0.9659258262891731 -5.296488020561057e-15
    outer loop
      vertex 273.6242209314574 4.7088844083897 -12.62268829799194
      vertex 273.60653755357004 4.704146161565319 -16
      vertex 273.5903522495673 4.6998093224285356 -15.733666878675853
    endloop
  endfacet
  facet normal -0.25881904510251413 0.96592582628907 0
    outer loop
      vertex 273.6242209314574 4.7088844083897 -12.62268829799194
      vertex 274.01676234868364 4.814065564131241 -12.917947028896842
      vertex 273.6242209314574 4.7088844083897 -19.37731170200806
    endloop
  endfacet
  facet normal -0.25881904510251924 0.9659258262890686 3.323989864642448e-16
    outer loop
      vertex 274.01676234868364 4.814065564131241 -12.917947028896842
      vertex 274.3704636678291 4.9088395469580846 -13.261811576285247
      vertex 273.6242209314574 4.7088844083897 -19.37731170200806
    endloop
  endfacet
  facet normal -0.2588190451025402 0.965925826289063 3.0772397154200656e-15
    outer loop
      vertex 274.3704636678291 4.9088395469580846 -13.261811576285247
      vertex 274.6797468077998 4.991711714545808 -13.648858990830107
      vertex 273.6242209314574 4.7088844083897 -19.37731170200806
    endloop
  endfacet
  facet normal -0.2588190451025145 0.9659258262890701 1.1017622329888451e-14
    outer loop
      vertex 267.72070832214285 3.1270429722169197 -15.498667065742783
      vertex 269.64549304186477 3.6427874834701726 -16.782264674454943
      vertex 267.69024186754945 3.1188795103123823 -16
    endloop
  endfacet
  facet normal -0.2588190451025208 0.9659258262890682 -5.0598956231781416e-15
    outer loop
      vertex 267.81162721173433 3.1514046152596933 -15.005240451340581
      vertex 269.5658387559397 3.6214441818828647 -16.528466010225316
      vertex 267.72070832214285 3.1270429722169197 -15.498667065742783
    endloop
  endfacet
  facet normal -0.2588190451025029 0.9659258262890731 2.570207988674119e-14
    outer loop
      vertex 267.81162721173433 3.1514046152596933 -15.005240451340581
      vertex 269.5013527918415 3.6041652198796115 -16
      vertex 269.5175380958442 3.608502059016395 -16.266333121324145
    endloop
  endfacet
  facet normal -0.25881904510254305 0.9659258262890623 -3.276061712467535e-14
    outer loop
      vertex 267.81162721173433 3.1514046152596933 -15.005240451340581
      vertex 269.5175380958442 3.608502059016395 -16.266333121324145
      vertex 269.5658387559397 3.6214441818828647 -16.528466010225316
    endloop
  endfacet
  facet normal -0.2588190451025276 0.9659258262890663 -1.1870297008811997e-14
    outer loop
      vertex 267.69024186754945 3.1188795103123823 -16
      vertex 270.05766972217145 3.753229892097295 -17.454662600098462
      vertex 267.72070832214285 3.1270429722169197 -16.501332934257217
    endloop
  endfacet
  facet normal -0.2588190451025016 0.9659258262890734 3.192772007912956e-14
    outer loop
      vertex 267.72070832214285 3.1270429722169197 -15.498667065742783
      vertex 269.5658387559397 3.6214441818828647 -16.528466010225316
      vertex 269.64549304186477 3.6427874834701726 -16.782264674454943
    endloop
  endfacet
  facet normal -0.2588190451025221 0.965925826289068 -9.439499849482143e-15
    outer loop
      vertex 267.69024186754945 3.1188795103123823 -16
      vertex 269.64549304186477 3.6427874834701726 -16.782264674454943
      vertex 269.75524475794725 3.672195367162402 -17.023726557466144
    endloop
  endfacet
  facet normal -0.2588190451025172 0.9659258262890693 5.776938692322294e-15
    outer loop
      vertex 267.72070832214285 3.1270429722169197 -16.501332934257217
      vertex 270.5880193464167 3.895336645619942 -18
      vertex 267.81162721173433 3.1514046152596933 -16.994759548659417
    endloop
  endfacet
  facet normal -0.2588190451025319 0.9659258262890653 -3.046147036148421e-14
    outer loop
      vertex 267.69024186754945 3.1188795103123823 -16
      vertex 269.75524475794725 3.672195367162402 -17.023726557466144
      vertex 269.89336305406204 3.7092040530663155 -17.249043661121505
    endloop
  endfacet
  facet normal -0.2588190451024561 0.9659258262890855 1.1252938554370474e-13
    outer loop
      vertex 267.69024186754945 3.1188795103123823 -16
      vertex 269.89336305406204 3.7092040530663155 -17.249043661121505
      vertex 270.05766972217145 3.753229892097295 -17.454662600098462
    endloop
  endfacet
  facet normal -0.2588190451025356 0.9659258262890642 -3.202759434706164e-14
    outer loop
      vertex 267.72070832214285 3.1270429722169197 -16.501332934257217
      vertex 270.05766972217145 3.753229892097295 -17.454662600098462
      vertex 270.24557354796747 3.803578570474052 -17.63734064089855
    endloop
  endfacet
  facet normal -0.25881904510256154 0.9659258262890573 -9.299350343968524e-14
    outer loop
      vertex 267.72070832214285 3.1270429722169197 -16.501332934257217
      vertex 270.24557354796747 3.803578570474052 -17.63734064089855
      vertex 270.45411117586895 3.859456059461749 -17.794196841691782
    endloop
  endfacet
  facet normal -0.2588190451025188 0.9659258262890688 3.304603389283754e-15
    outer loop
      vertex 267.72070832214285 3.1270429722169197 -16.501332934257217
      vertex 270.45411117586895 3.859456059461749 -17.794196841691782
      vertex 270.5880193464167 3.895336645619942 -18
    endloop
  endfacet
  facet normal -0.2588190451025178 0.965925826289069 7.224137972489706e-15
    outer loop
      vertex 267.81162721173433 3.1514046152596933 -16.994759548659417
      vertex 273.6242209314574 4.7088844083897 -19.37731170200806
      vertex 267.9615646911227 3.1915802417769683 -17.472498210738713
    endloop
  endfacet
  facet normal -0.25881904510252235 0.9659258262890678 -7.205844048895439e-15
    outer loop
      vertex 267.9615646911227 3.1915802417769683 -17.472498210738713
      vertex 273.6242209314574 4.7088844083897 -19.37731170200806
      vertex 268.16815615668975 3.246936258138817 -17.92701469640686
    endloop
  endfacet
  facet normal -0.25881904510252274 0.9659258262890678 0
    outer loop
      vertex 270.45411117586895 3.859456059461749 -17.794196841691782
      vertex 270.5880193464167 3.895336645619942 -17.87041039528116
      vertex 270.5880193464167 3.895336645619942 -18
    endloop
  endfacet
  facet normal -0.25881904510250786 0.9659258262890718 3.445686397695214e-14
    outer loop
      vertex 267.81162721173433 3.1514046152596933 -16.994759548659417
      vertex 270.5880193464167 3.895336645619942 -18
      vertex 273.6242209314574 4.7088844083897 -19.37731170200806
    endloop
  endfacet
  facet normal -0.25881904510252546 0.965925826289067 -1.9737108876822783e-14
    outer loop
      vertex 268.16815615668975 3.246936258138817 -17.92701469640686
      vertex 273.6242209314574 4.7088844083897 -19.37731170200806
      vertex 268.4281435376117 3.3165996668991227 -18.351141009169893
    endloop
  endfacet
  facet normal -0.2588190451025177 0.9659258262890692 2.2413397757945307e-14
    outer loop
      vertex 268.4281435376117 3.3165996668991227 -18.351141009169893
      vertex 273.6242209314574 4.7088844083897 -19.37731170200806
      vertex 268.7374266775824 3.399471834486846 -18.738188423714753
    endloop
  endfacet
  facet normal -0.25881904510252335 0.9659258262890674 -2.4185937902869054e-14
    outer loop
      vertex 268.7374266775824 3.399471834486846 -18.738188423714753
      vertex 273.6242209314574 4.7088844083897 -19.37731170200806
      vertex 269.09112799672783 3.494245817313683 -19.082052971103156
    endloop
  endfacet
  facet normal -0.25881904510307374 0.9659258262889201 0
    outer loop
      vertex 273.6242209314574 4.7088844083897 -12.62268829799194
      vertex 273.6242209314574 4.7088844083897 -19.37731170200806
      vertex 273.60653755357004 4.704146161565319 -16
    endloop
  endfacet
  facet normal -0.2588190451025211 0.9659258262890681 -6.989649356798907e-16
    outer loop
      vertex 274.6797468077998 4.991711714545808 -13.648858990830107
      vertex 274.93973418872173 5.061375123306121 -14.07298530359314
      vertex 273.6242209314574 4.7088844083897 -19.37731170200806
    endloop
  endfacet
  facet normal -0.2588190451024932 0.9659258262890758 -8.120108086034911e-15
    outer loop
      vertex 274.93973418872173 5.061375123306121 -14.07298530359314
      vertex 275.1463256542888 5.116731139667962 -14.527501789261288
      vertex 273.6242209314574 4.7088844083897 -19.37731170200806
    endloop
  endfacet
  facet normal -0.25881904510252834 0.9659258262890663 3.696097979821194e-15
    outer loop
      vertex 275.1463256542888 5.116731139667962 -14.527501789261288
      vertex 275.29626313367714 5.156906766185237 -15.00524045134058
      vertex 273.6242209314574 4.7088844083897 -19.37731170200806
    endloop
  endfacet
  facet normal -0.2588190451025281 0.9659258262890663 3.612921275736707e-15
    outer loop
      vertex 275.29626313367714 5.156906766185237 -15.00524045134058
      vertex 275.3871820232686 5.181268409228011 -15.498667065742783
      vertex 273.6242209314574 4.7088844083897 -19.37731170200806
    endloop
  endfacet
  facet normal -0.2588190451021299 0.9659258262891731 5.296708505450764e-15
    outer loop
      vertex 273.60653755357004 4.704146161565319 -16
      vertex 273.6242209314574 4.7088844083897 -19.37731170200806
      vertex 273.5903522495673 4.6998093224285356 -16.266333121324145
    endloop
  endfacet
  facet normal -0.25881904510238973 0.9659258262891033 2.2647555910857926e-15
    outer loop
      vertex 273.5903522495673 4.6998093224285356 -16.266333121324145
      vertex 273.6242209314574 4.7088844083897 -19.37731170200806
      vertex 273.5420515894718 4.686867199562066 -16.528466010225316
    endloop
  endfacet
  facet normal -0.25881904510251186 0.9659258262890708 -1.5097467141008344e-15
    outer loop
      vertex 273.5420515894718 4.686867199562066 -16.528466010225316
      vertex 273.6242209314574 4.7088844083897 -19.37731170200806
      vertex 273.4623973035467 4.665523897974765 -16.78226467445494
    endloop
  endfacet
  facet normal -0.2588190451025528 0.9659258262890598 -4.244843143953159e-15
    outer loop
      vertex 273.4623973035467 4.665523897974765 -16.78226467445494
      vertex 273.6242209314574 4.7088844083897 -19.37731170200806
      vertex 273.3526455874642 4.636116014282528 -17.023726557466144
    endloop
  endfacet
  facet normal -0.25881904510250003 0.9659258262890739 -1.0073762452403719e-14
    outer loop
      vertex 275.3871820232686 5.181268409228011 -15.498667065742783
      vertex 275.41764847786203 5.189431871132548 -16
      vertex 273.6242209314574 4.7088844083897 -19.37731170200806
    endloop
  endfacet
  facet normal -0.25881904510254 0.9659258262890631 1.2677441000971572e-14
    outer loop
      vertex 275.41764847786203 5.189431871132548 -16
      vertex 275.3871820232686 5.181268409228011 -16.501332934257217
      vertex 273.6242209314574 4.7088844083897 -19.37731170200806
    endloop
  endfacet
  facet normal -0.2588190451025097 0.9659258262890713 -7.259760472564652e-15
    outer loop
      vertex 275.3871820232686 5.181268409228011 -16.501332934257217
      vertex 275.29626313367714 5.156906766185237 -16.99475954865942
      vertex 273.6242209314574 4.7088844083897 -19.37731170200806
    endloop
  endfacet
  facet normal -0.2588190451025422 0.9659258262890624 -4.80352569371046e-14
    outer loop
      vertex 270.5880193464167 3.895336645619942 -18
      vertex 270.86843855262595 3.9704747454659 -18
      vertex 273.6242209314574 4.7088844083897 -19.37731170200806
    endloop
  endfacet
  facet normal -0.2588190451023177 0.9659258262891227 4.336624834939693e-13
    outer loop
      vertex 270.86843855262595 3.9704747454659 -18
      vertex 270.91965924449414 3.984199288487744 -18.0209950971272
      vertex 273.6242209314574 4.7088844083897 -19.37731170200806
    endloop
  endfacet
  facet normal -0.25881904510250264 0.9659258262890732 1.0212948343818408e-14
    outer loop
      vertex 272.65377916954253 4.4488553219831815 -17.794196841691782
      vertex 272.862316797444 4.504732810970879 -17.637340640898554
      vertex 273.6242209314574 4.7088844083897 -19.37731170200806
    endloop
  endfacet
  facet normal -0.25881904510252157 0.965925826289068 -2.2267078061931445e-15
    outer loop
      vertex 272.65377916954253 4.4488553219831815 -17.794196841691782
      vertex 273.6242209314574 4.7088844083897 -19.37731170200806
      vertex 272.5198709989948 4.412974735824989 -17.87041039528116
    endloop
  endfacet
  facet normal -0.2588190451025257 0.9659258262890671 -1.095032196300654e-14
    outer loop
      vertex 270.91965924449414 3.984199288487744 -18.0209950971272
      vertex 271.16932771407073 4.051097753286307 -18.087360407798464
      vertex 273.6242209314574 4.7088844083897 -19.37731170200806
    endloop
  endfacet
  facet normal -0.25881904510251835 0.9659258262890689 4.003449293382257e-15
    outer loop
      vertex 271.16932771407073 4.051097753286307 -18.087360407798464
      vertex 271.42506183072936 4.119621503322072 -18.120806797910078
      vertex 273.6242209314574 4.7088844083897 -19.37731170200806
    endloop
  endfacet
  facet normal -0.258819045102511 0.9659258262890709 1.779678295575835e-14
    outer loop
      vertex 271.42506183072936 4.119621503322072 -18.120806797910078
      vertex 271.6828285146821 4.188689878122858 -18.120806797910078
      vertex 273.6242209314574 4.7088844083897 -19.37731170200806
    endloop
  endfacet
  facet normal -0.25881904510251935 0.9659258262890686 4.025669053455361e-15
    outer loop
      vertex 271.6828285146821 4.188689878122858 -18.120806797910078
      vertex 271.93856263134074 4.257213628158624 -18.087360407798464
      vertex 273.6242209314574 4.7088844083897 -19.37731170200806
    endloop
  endfacet
  facet normal -0.2588190451024952 0.9659258262890751 3.051151809441996e-14
    outer loop
      vertex 272.23945179278553 4.337836635979031 -18
      vertex 273.6242209314574 4.7088844083897 -19.37731170200806
      vertex 272.18823110091733 4.324112092957186 -18.0209950971272
    endloop
  endfacet
  facet normal -0.2588190451025228 0.9659258262890678 -8.031899964607717e-16
    outer loop
      vertex 271.93856263134074 4.257213628158624 -18.087360407798464
      vertex 272.18823110091733 4.324112092957186 -18.0209950971272
      vertex 273.6242209314574 4.7088844083897 -19.37731170200806
    endloop
  endfacet
  facet normal -0.2588190451025187 0.9659258262890688 0
    outer loop
      vertex 272.5198709989948 4.412974735824989 -17.87041039528116
      vertex 273.6242209314574 4.7088844083897 -19.37731170200806
      vertex 272.5198709989948 4.412974735824989 -18
    endloop
  endfacet
  facet normal -0.2588190451025422 0.9659258262890624 -2.02692124647898e-14
    outer loop
      vertex 272.23945179278553 4.337836635979031 -18
      vertex 272.5198709989948 4.412974735824989 -18
      vertex 273.6242209314574 4.7088844083897 -19.37731170200806
    endloop
  endfacet
  facet normal -0.2588190451025211 0.9659258262890682 1.3333269412127086e-14
    outer loop
      vertex 269.09112799672783 3.494245817313683 -19.082052971103156
      vertex 273.6242209314574 4.7088844083897 -19.37731170200806
      vertex 269.4836694139541 3.5994269730552304 -19.37731170200806
    endloop
  endfacet
  facet normal -0.2588190451025211 0.9659258262890682 -1.9104027598981416e-14
    outer loop
      vertex 269.4836694139541 3.5994269730552304 -19.37731170200806
      vertex 273.6242209314574 4.7088844083897 -19.37731170200806
      vertex 269.9088603166187 3.713356532053268 -19.61930820986408
    endloop
  endfacet
  facet normal -0.2588190451025219 0.9659258262890679 -5.724209748114533e-15
    outer loop
      vertex 269.9088603166187 3.713356532053268 -19.61930820986408
      vertex 273.6242209314574 4.7088844083897 -19.37731170200806
      vertex 270.3599951901898 3.8342377571041624 -19.804226065180615
    endloop
  endfacet
  facet normal -0.2588190451025254 0.965925826289067 2.3002093879688487e-14
    outer loop
      vertex 270.3599951901898 3.8342377571041624 -19.804226065180615
      vertex 273.6242209314574 4.7088844083897 -19.37731170200806
      vertex 270.82995936821635 3.9601642790779366 -19.929149002914755
    endloop
  endfacet
  facet normal -0.2588190451025157 0.9659258262890696 -2.987198911388574e-14
    outer loop
      vertex 270.82995936821635 3.9601642790779366 -19.929149002914755
      vertex 273.6242209314574 4.7088844083897 -19.37731170200806
      vertex 271.3113412348679 4.089150161498196 -19.992106913713087
    endloop
  endfacet
  facet normal -0.25881904510252496 0.9659258262890671 7.729192965411252e-15
    outer loop
      vertex 271.3113412348679 4.089150161498196 -19.992106913713087
      vertex 273.6242209314574 4.7088844083897 -19.37731170200806
      vertex 271.79654911054365 4.219161219946741 -19.992106913713087
    endloop
  endfacet
  facet normal -0.25881904510251114 0.9659258262890709 -2.5586030587745613e-14
    outer loop
      vertex 272.2779309771951 4.348147102366994 -19.929149002914755
      vertex 273.6242209314574 4.7088844083897 -19.37731170200806
      vertex 272.74789515522167 4.474073624340761 -19.804226065180615
    endloop
  endfacet
  facet normal -0.25881904510253023 0.9659258262890659 2.4307238898651204e-14
    outer loop
      vertex 271.79654911054365 4.219161219946741 -19.992106913713087
      vertex 273.6242209314574 4.7088844083897 -19.37731170200806
      vertex 272.2779309771951 4.348147102366994 -19.929149002914755
    endloop
  endfacet
  facet normal -0.2588190451025113 0.9659258262890708 6.108877761542209e-15
    outer loop
      vertex 273.05022062324 4.555081489347636 -17.454662600098462
      vertex 273.2145272913495 4.599107328378615 -17.249043661121505
      vertex 273.6242209314574 4.7088844083897 -19.37731170200806
    endloop
  endfacet
  facet normal -0.25881904510257453 0.9659258262890538 -6.9364707074105865e-15
    outer loop
      vertex 273.3526455874642 4.636116014282528 -17.023726557466144
      vertex 273.6242209314574 4.7088844083897 -19.37731170200806
      vertex 273.2145272913495 4.599107328378615 -17.249043661121505
    endloop
  endfacet
  facet normal -0.2588190451025115 0.9659258262890708 6.039151333694829e-15
    outer loop
      vertex 273.05022062324 4.555081489347636 -17.454662600098462
      vertex 273.6242209314574 4.7088844083897 -19.37731170200806
      vertex 272.862316797444 4.504732810970879 -17.637340640898554
    endloop
  endfacet
  facet normal -0.258819045102458 0.9659258262890852 -7.367012255435806e-14
    outer loop
      vertex 274.6797468077998 4.991711714545808 -18.351141009169893
      vertex 274.3704636678291 4.9088395469580846 -18.738188423714753
      vertex 273.6242209314574 4.7088844083897 -19.37731170200806
    endloop
  endfacet
  facet normal -0.25881904510250314 0.9659258262890731 -1.217344271815869e-14
    outer loop
      vertex 275.29626313367714 5.156906766185237 -16.99475954865942
      vertex 275.1463256542888 5.116731139667962 -17.47249821073871
      vertex 273.6242209314574 4.7088844083897 -19.37731170200806
    endloop
  endfacet
  facet normal -0.25881904510257114 0.9659258262890548 4.6105534782049736e-14
    outer loop
      vertex 275.1463256542888 5.116731139667962 -17.47249821073871
      vertex 274.93973418872173 5.061375123306121 -17.92701469640686
      vertex 273.6242209314574 4.7088844083897 -19.37731170200806
    endloop
  endfacet
  facet normal -0.2588190451025315 0.9659258262890655 7.484851002328584e-15
    outer loop
      vertex 274.6797468077998 4.991711714545808 -18.351141009169893
      vertex 273.6242209314574 4.7088844083897 -19.37731170200806
      vertex 274.93973418872173 5.061375123306121 -17.92701469640686
    endloop
  endfacet
  facet normal -0.2588190451024959 0.9659258262890751 -2.676798661706066e-14
    outer loop
      vertex 274.3704636678291 4.9088395469580846 -18.738188423714753
      vertex 274.01676234868364 4.814065564131241 -19.082052971103156
      vertex 273.6242209314574 4.7088844083897 -19.37731170200806
    endloop
  endfacet
  facet normal -0.2588190451024013 0.9659258262891003 -2.6724104671766825e-13
    outer loop
      vertex 272.74789515522167 4.474073624340761 -19.804226065180615
      vertex 273.6242209314574 4.7088844083897 -19.37731170200806
      vertex 273.19903002879283 4.594954849391662 -19.61930820986408
    endloop
  endfacet
  facet normal 0.46533831572451995 0.12468702590564427 -0.8763066800438486
    outer loop
      vertex 270.45411117586895 3.859456059461749 -14.205803158308218
      vertex 277.31731451908223 -21.21873483789583 -14.129589604718843
      vertex 277.1834063485345 -21.25461542405403 -14.205803158308218
    endloop
  endfacet
  facet normal 0.5677569555011002 0.15213001772367307 -0.809016994374974
    outer loop
      vertex 270.45411117586895 3.859456059461749 -14.205803158308218
      vertex 277.1834063485345 -21.25461542405403 -14.205803158308218
      vertex 276.974868720633 -21.310492913041728 -14.362659359101448
    endloop
  endfacet
  facet normal 0.6612217289279494 0.17717382828415523 -0.7289686274214208
    outer loop
      vertex 270.24557354796747 3.803578570474052 -14.362659359101448
      vertex 276.974868720633 -21.310492913041728 -14.362659359101448
      vertex 276.786964894837 -21.360841591418485 -14.545337399901536
    endloop
  endfacet
  facet normal 0.7442586406948403 0.19942350173406642 -0.6374239897487318
    outer loop
      vertex 269.89336305406204 3.7092040530663155 -14.750956338878495
      vertex 276.786964894837 -21.360841591418485 -14.545337399901536
      vertex 276.62265822672754 -21.404867430449464 -14.750956338878495
    endloop
  endfacet
  facet normal 0.8155581490994473 0.21852814743181684 -0.535826794979032
    outer loop
      vertex 269.75524475794725 3.672195367162402 -14.976273442533856
      vertex 276.62265822672754 -21.404867430449464 -14.750956338878495
      vertex 276.48453993061275 -21.441876116353377 -14.976273442533856
    endloop
  endfacet
  facet normal 0.8739958183020137 0.23418647370220344 -0.4257792915649148
    outer loop
      vertex 269.64549304186477 3.6427874834701726 -15.217735325545059
      vertex 276.48453993061275 -21.441876116353377 -14.976273442533856
      vertex 276.3747882145303 -21.471284000045607 -15.217735325545059
    endloop
  endfacet
  facet normal 0.9186500513499465 0.2461515393860262 -0.309016994375116
    outer loop
      vertex 269.5658387559397 3.6214441818828647 -15.471533989774684
      vertex 276.3747882145303 -21.471284000045607 -15.217735325545059
      vertex 276.2951339286052 -21.492627301632908 -15.471533989774684
    endloop
  endfacet
  facet normal -0.4653383157245229 -0.12468702590564505 -0.8763066800438472
    outer loop
      vertex 272.5198709989948 4.412974735824989 -14.129589604718843
      vertex 279.3830743422081 -20.665216161532594 -14.205803158308218
      vertex 279.24916617166036 -20.70109674769079 -14.129589604718843
    endloop
  endfacet
  facet normal -0.5677569555011002 -0.15213001772367307 -0.809016994374974
    outer loop
      vertex 272.862316797444 4.504732810970879 -14.362659359101448
      vertex 279.59161197010957 -20.6093386725449 -14.362659359101448
      vertex 279.3830743422081 -20.665216161532594 -14.205803158308218
    endloop
  endfacet
  facet normal -0.6612217289279507 -0.17717382828415562 -0.7289686274214194
    outer loop
      vertex 273.05022062324 4.555081489347636 -14.545337399901538
      vertex 279.7795157959056 -20.558989994168137 -14.545337399901538
      vertex 279.59161197010957 -20.6093386725449 -14.362659359101448
    endloop
  endfacet
  facet normal -0.7442586406949384 -0.19942350173409445 -0.6374239897486086
    outer loop
      vertex 273.05022062324 4.555081489347636 -14.545337399901538
      vertex 279.943822464015 -20.514964155137164 -14.750956338878495
      vertex 279.7795157959056 -20.558989994168137 -14.545337399901538
    endloop
  endfacet
  facet normal -0.8155581490994473 -0.21852814743181684 -0.535826794979032
    outer loop
      vertex 273.2145272913495 4.599107328378615 -14.750956338878495
      vertex 280.0819407601298 -20.477955469233247 -14.976273442533856
      vertex 279.943822464015 -20.514964155137164 -14.750956338878495
    endloop
  endfacet
  facet normal -0.8739958183019386 -0.23418647370218337 -0.42577929156508
    outer loop
      vertex 273.3526455874642 4.636116014282528 -14.976273442533856
      vertex 280.19169247621227 -20.448547585541014 -15.21773532554506
      vertex 280.0819407601298 -20.477955469233247 -14.976273442533856
    endloop
  endfacet
  facet normal -0.9186500513500029 -0.2461515393860433 -0.30901699437493435
    outer loop
      vertex 273.4623973035467 4.665523897974765 -15.21773532554506
      vertex 280.27134676213734 -20.427204283953714 -15.471533989774683
      vertex 280.19169247621227 -20.448547585541014 -15.21773532554506
    endloop
  endfacet
  facet normal -0.9488166243133117 -0.2542346482499765 -0.18738131458579957
    outer loop
      vertex 273.5420515894718 4.686867199562066 -15.471533989774683
      vertex 280.31964742223283 -20.414262161087244 -15.733666878675853
      vertex 280.27134676213734 -20.427204283953714 -15.471533989774683
    endloop
  endfacet
  facet normal 0.9640197923156498 0.2583083248385955 -0.06279051952938194
    outer loop
      vertex 269.5013527918415 3.6041652198796115 -16
      vertex 276.24683326850976 -21.50556942449938 -15.733666878675853
      vertex 276.230647964507 -21.509906263636168 -16
    endloop
  endfacet
  facet normal 0.9640197923156493 0.25830832483859756 0.06279051952938233
    outer loop
      vertex 269.5175380958442 3.608502059016395 -16.266333121324145
      vertex 276.230647964507 -21.509906263636168 -16
      vertex 276.24683326850976 -21.50556942449938 -16.266333121324145
    endloop
  endfacet
  facet normal 0.9488166243133472 0.25423464824998604 -0.18738131458560714
    outer loop
      vertex 269.5175380958442 3.608502059016395 -15.733666878675853
      vertex 276.2951339286052 -21.492627301632908 -15.471533989774684
      vertex 276.24683326850976 -21.50556942449938 -15.733666878675853
    endloop
  endfacet
  facet normal 0.9488166243133488 0.2542346482499844 0.18738131458560212
    outer loop
      vertex 269.5658387559397 3.6214441818828647 -16.528466010225316
      vertex 276.24683326850976 -21.50556942449938 -16.266333121324145
      vertex 276.2951339286052 -21.492627301632908 -16.528466010225316
    endloop
  endfacet
  facet normal 0.9186500513499454 0.24615153938602793 0.3090169943751175
    outer loop
      vertex 269.64549304186477 3.6427874834701726 -16.782264674454943
      vertex 276.2951339286052 -21.492627301632908 -16.528466010225316
      vertex 276.3747882145303 -21.471284000045607 -16.782264674454943
    endloop
  endfacet
  facet normal 0.8739958183020128 0.23418647370220125 0.42577929156491756
    outer loop
      vertex 269.75524475794725 3.672195367162402 -17.023726557466144
      vertex 276.3747882145303 -21.471284000045607 -16.782264674454943
      vertex 276.48453993061275 -21.441876116353377 -17.023726557466144
    endloop
  endfacet
  facet normal 0.8155581490994473 0.21852814743181684 0.535826794979032
    outer loop
      vertex 269.89336305406204 3.7092040530663155 -17.249043661121505
      vertex 276.48453993061275 -21.441876116353377 -17.023726557466144
      vertex 276.62265822672754 -21.404867430449464 -17.249043661121505
    endloop
  endfacet
  facet normal 0.7442586406948394 0.1994235017340679 0.6374239897487326
    outer loop
      vertex 270.05766972217145 3.753229892097295 -17.454662600098462
      vertex 276.62265822672754 -21.404867430449464 -17.249043661121505
      vertex 276.786964894837 -21.360841591418485 -17.454662600098462
    endloop
  endfacet
  facet normal 0.6612217289279513 0.17717382828415576 0.7289686274214188
    outer loop
      vertex 270.05766972217145 3.753229892097295 -17.454662600098462
      vertex 276.786964894837 -21.360841591418485 -17.454662600098462
      vertex 276.974868720633 -21.310492913041728 -17.63734064089855
    endloop
  endfacet
  facet normal 0.5677569555011025 0.15213001772367368 0.8090169943749722
    outer loop
      vertex 270.24557354796747 3.803578570474052 -17.63734064089855
      vertex 276.974868720633 -21.310492913041728 -17.63734064089855
      vertex 277.1834063485345 -21.25461542405403 -17.794196841691782
    endloop
  endfacet
  facet normal 0.465338315724531 0.12468702590564724 0.8763066800438423
    outer loop
      vertex 270.5880193464167 3.895336645619942 -17.87041039528116
      vertex 277.1834063485345 -21.25461542405403 -17.794196841691782
      vertex 277.31731451908223 -21.21873483789583 -17.87041039528116
    endloop
  endfacet
  facet normal -0.5677569555010958 -0.15213001772367193 0.8090169943749772
    outer loop
      vertex 272.65377916954253 4.4488553219831815 -17.794196841691782
      vertex 279.3830743422081 -20.665216161532594 -17.794196841691782
      vertex 279.59161197010957 -20.6093386725449 -17.637340640898554
    endloop
  endfacet
  facet normal -0.6612217289279543 -0.17717382828415654 0.7289686274214161
    outer loop
      vertex 272.862316797444 4.504732810970879 -17.637340640898554
      vertex 279.59161197010957 -20.6093386725449 -17.637340640898554
      vertex 279.7795157959056 -20.558989994168137 -17.454662600098462
    endloop
  endfacet
  facet normal -0.9640197923156615 -0.25830832483860083 -0.06279051952918198
    outer loop
      vertex 273.5903522495673 4.6998093224285356 -15.733666878675853
      vertex 280.33583272623554 -20.409925321950453 -16
      vertex 280.31964742223283 -20.414262161087244 -15.733666878675853
    endloop
  endfacet
  facet normal -0.9640197923156621 -0.25830832483859884 0.06279051952918245
    outer loop
      vertex 273.60653755357004 4.704146161565319 -16
      vertex 280.31964742223283 -20.414262161087244 -16.266333121324145
      vertex 280.33583272623554 -20.409925321950453 -16
    endloop
  endfacet
  facet normal -0.9488166243133117 -0.2542346482499765 0.18738131458579957
    outer loop
      vertex 273.5903522495673 4.6998093224285356 -16.266333121324145
      vertex 280.27134676213734 -20.427204283953714 -16.528466010225316
      vertex 280.31964742223283 -20.414262161087244 -16.266333121324145
    endloop
  endfacet
  facet normal -0.9186500513500023 -0.24615153938604317 0.3090169943749361
    outer loop
      vertex 273.5420515894718 4.686867199562066 -16.528466010225316
      vertex 280.19169247621227 -20.448547585541014 -16.78226467445494
      vertex 280.27134676213734 -20.427204283953714 -16.528466010225316
    endloop
  endfacet
  facet normal -0.8739958183019372 -0.23418647370218296 0.4257792915650833
    outer loop
      vertex 273.4623973035467 4.665523897974765 -16.78226467445494
      vertex 280.0819407601298 -20.477955469233247 -17.023726557466144
      vertex 280.19169247621227 -20.448547585541014 -16.78226467445494
    endloop
  endfacet
  facet normal -0.8155581490994454 -0.21852814743181814 0.5358267949790347
    outer loop
      vertex 273.3526455874642 4.636116014282528 -17.023726557466144
      vertex 279.943822464015 -20.514964155137164 -17.249043661121505
      vertex 280.0819407601298 -20.477955469233247 -17.023726557466144
    endloop
  endfacet
  facet normal -0.7442586406949406 -0.19942350173409332 0.6374239897486063
    outer loop
      vertex 273.2145272913495 4.599107328378615 -17.249043661121505
      vertex 279.7795157959056 -20.558989994168137 -17.454662600098462
      vertex 279.943822464015 -20.514964155137164 -17.249043661121505
    endloop
  endfacet
  facet normal 0.35558101272917786 0.09527764520462421 0.9297764858882774
    outer loop
      vertex 270.91965924449414 3.984199288487744 -18.0209950971272
      vertex 277.5977337252915 -21.143596738049876 -18
      vertex 277.6489544171597 -21.129872195028035 -18.0209950971272
    endloop
  endfacet
  facet normal 0.2402159847494601 0.06436567912266489 0.9685831611286277
    outer loop
      vertex 270.91965924449414 3.984199288487744 -18.0209950971272
      vertex 277.6489544171597 -21.129872195028035 -18.0209950971272
      vertex 277.8986228867363 -21.06297373022947 -18.087360407798464
    endloop
  endfacet
  facet normal 0.12106260719207408 0.03243862783072257 0.9921147013144787
    outer loop
      vertex 271.16932771407073 4.051097753286307 -18.087360407798464
      vertex 277.8986228867363 -21.06297373022947 -18.087360407798464
      vertex 278.1543570033949 -20.994449980193707 -18.120806797910078
    endloop
  endfacet
  facet normal 0 0 1
    outer loop
      vertex 271.42506183072936 4.119621503322072 -18.120806797910078
      vertex 278.1543570033949 -20.994449980193707 -18.120806797910078
      vertex 278.4121236873477 -20.925381605392914 -18.120806797910078
    endloop
  endfacet
  facet normal -0.12106260719207457 -0.032438627830722704 0.9921147013144787
    outer loop
      vertex 271.6828285146821 4.188689878122858 -18.120806797910078
      vertex 278.4121236873477 -20.925381605392914 -18.120806797910078
      vertex 278.6678578040063 -20.856857855357156 -18.087360407798464
    endloop
  endfacet
  facet normal -0.2402159847494601 -0.06436567912266489 0.9685831611286277
    outer loop
      vertex 271.93856263134074 4.257213628158624 -18.087360407798464
      vertex 278.6678578040063 -20.856857855357156 -18.087360407798464
      vertex 278.9175262735829 -20.78995939055859 -18.0209950971272
    endloop
  endfacet
  facet normal -0.3555810127294947 -0.09527764520470831 0.9297764858881475
    outer loop
      vertex 272.23945179278553 4.337836635979031 -18
      vertex 278.9175262735829 -20.78995939055859 -18.0209950971272
      vertex 278.96874696545103 -20.77623484753675 -18
    endloop
  endfacet
  facet normal -0.4653383157245339 -0.124687025905648 0.8763066800438406
    outer loop
      vertex 272.65377916954253 4.4488553219831815 -17.794196841691782
      vertex 279.24916617166036 -20.70109674769079 -17.87041039528116
      vertex 279.3830743422081 -20.665216161532594 -17.794196841691782
    endloop
  endfacet
  facet normal 0.6612217289279507 0.17717382828415562 -0.7289686274214194
    outer loop
      vertex 270.24557354796747 3.803578570474052 -14.362659359101448
      vertex 276.786964894837 -21.360841591418485 -14.545337399901536
      vertex 270.05766972217145 3.753229892097295 -14.545337399901536
    endloop
  endfacet
  facet normal 0.4653383157245271 0.12468702590564622 -0.8763066800438447
    outer loop
      vertex 270.5880193464167 3.895336645619942 -14.129589604718843
      vertex 277.31731451908223 -21.21873483789583 -14.129589604718843
      vertex 270.45411117586895 3.859456059461749 -14.205803158308218
    endloop
  endfacet
  facet normal 0.5677569555010985 0.15213001772367263 -0.8090169943749752
    outer loop
      vertex 270.24557354796747 3.803578570474052 -14.362659359101448
      vertex 270.45411117586895 3.859456059461749 -14.205803158308218
      vertex 276.974868720633 -21.310492913041728 -14.362659359101448
    endloop
  endfacet
  facet normal 0.744258640694938 0.19942350173409423 -0.6374239897486093
    outer loop
      vertex 270.05766972217145 3.753229892097295 -14.545337399901536
      vertex 276.786964894837 -21.360841591418485 -14.545337399901536
      vertex 269.89336305406204 3.7092040530663155 -14.750956338878495
    endloop
  endfacet
  facet normal 0.8739958183019384 0.23418647370218126 -0.42577929156508165
    outer loop
      vertex 269.64549304186477 3.6427874834701726 -15.217735325545059
      vertex 269.75524475794725 3.672195367162402 -14.976273442533856
      vertex 276.48453993061275 -21.441876116353377 -14.976273442533856
    endloop
  endfacet
  facet normal 0.8155581490994476 0.2185281474318169 -0.5358267949790316
    outer loop
      vertex 269.89336305406204 3.7092040530663155 -14.750956338878495
      vertex 276.62265822672754 -21.404867430449464 -14.750956338878495
      vertex 269.75524475794725 3.672195367162402 -14.976273442533856
    endloop
  endfacet
  facet normal 0.9186500513500019 0.24615153938604306 -0.3090169943749377
    outer loop
      vertex 269.64549304186477 3.6427874834701726 -15.217735325545059
      vertex 276.3747882145303 -21.471284000045607 -15.217735325545059
      vertex 269.5658387559397 3.6214441818828647 -15.471533989774684
    endloop
  endfacet
  facet normal 0.9488166243133123 0.25423464824997455 -0.1873813145858002
    outer loop
      vertex 269.5658387559397 3.6214441818828647 -15.471533989774684
      vertex 276.2951339286052 -21.492627301632908 -15.471533989774684
      vertex 269.5175380958442 3.608502059016395 -15.733666878675853
    endloop
  endfacet
  facet normal -0.46533831572452705 -0.12468702590564619 -0.8763066800438445
    outer loop
      vertex 272.5198709989948 4.412974735824989 -14.129589604718843
      vertex 272.65377916954253 4.4488553219831815 -14.205803158308218
      vertex 279.3830743422081 -20.665216161532594 -14.205803158308218
    endloop
  endfacet
  facet normal -0.5677569555010985 -0.15213001772367263 -0.8090169943749753
    outer loop
      vertex 272.65377916954253 4.4488553219831815 -14.205803158308218
      vertex 272.862316797444 4.504732810970879 -14.362659359101448
      vertex 279.3830743422081 -20.665216161532594 -14.205803158308218
    endloop
  endfacet
  facet normal -0.6612217289279542 -0.17717382828415654 -0.7289686274214161
    outer loop
      vertex 272.862316797444 4.504732810970879 -14.362659359101448
      vertex 273.05022062324 4.555081489347636 -14.545337399901538
      vertex 279.59161197010957 -20.6093386725449 -14.362659359101448
    endloop
  endfacet
  facet normal -0.744258640694838 -0.19942350173406584 -0.6374239897487347
    outer loop
      vertex 273.05022062324 4.555081489347636 -14.545337399901538
      vertex 273.2145272913495 4.599107328378615 -14.750956338878495
      vertex 279.943822464015 -20.514964155137164 -14.750956338878495
    endloop
  endfacet
  facet normal -0.8155581490995372 -0.21852814743184273 -0.5358267949788849
    outer loop
      vertex 273.2145272913495 4.599107328378615 -14.750956338878495
      vertex 273.3526455874642 4.636116014282528 -14.976273442533856
      vertex 280.0819407601298 -20.477955469233247 -14.976273442533856
    endloop
  endfacet
  facet normal -0.8739958183019365 -0.23418647370218276 -0.4257792915650847
    outer loop
      vertex 273.3526455874642 4.636116014282528 -14.976273442533856
      vertex 273.4623973035467 4.665523897974765 -15.21773532554506
      vertex 280.19169247621227 -20.448547585541014 -15.21773532554506
    endloop
  endfacet
  facet normal -0.9186500513500025 -0.24615153938604326 -0.3090169943749353
    outer loop
      vertex 273.4623973035467 4.665523897974765 -15.21773532554506
      vertex 273.5420515894718 4.686867199562066 -15.471533989774683
      vertex 280.27134676213734 -20.427204283953714 -15.471533989774683
    endloop
  endfacet
  facet normal 0.964019792315662 0.258308324838601 -0.06279051952917367
    outer loop
      vertex 269.5175380958442 3.608502059016395 -15.733666878675853
      vertex 276.24683326850976 -21.50556942449938 -15.733666878675853
      vertex 269.5013527918415 3.6041652198796115 -16
    endloop
  endfacet
  facet normal 0.9640197923156626 0.25830832483859895 0.0627905195291741
    outer loop
      vertex 269.5013527918415 3.6041652198796115 -16
      vertex 276.230647964507 -21.509906263636168 -16
      vertex 269.5175380958442 3.608502059016395 -16.266333121324145
    endloop
  endfacet
  facet normal 0.9488166243133118 0.2542346482499766 0.187381314585799
    outer loop
      vertex 269.5175380958442 3.608502059016395 -16.266333121324145
      vertex 276.24683326850976 -21.50556942449938 -16.266333121324145
      vertex 269.5658387559397 3.6214441818828647 -16.528466010225316
    endloop
  endfacet
  facet normal 0.918650051350003 0.24615153938604137 0.3090169943749356
    outer loop
      vertex 269.5658387559397 3.6214441818828647 -16.528466010225316
      vertex 276.2951339286052 -21.492627301632908 -16.528466010225316
      vertex 269.64549304186477 3.6427874834701726 -16.782264674454943
    endloop
  endfacet
  facet normal 0.8739958183019366 0.23418647370218282 0.42577929156508426
    outer loop
      vertex 269.64549304186477 3.6427874834701726 -16.782264674454943
      vertex 276.3747882145303 -21.471284000045607 -16.782264674454943
      vertex 269.75524475794725 3.672195367162402 -17.023726557466144
    endloop
  endfacet
  facet normal 0.8155581490994476 0.2185281474318169 0.5358267949790316
    outer loop
      vertex 269.75524475794725 3.672195367162402 -17.023726557466144
      vertex 276.48453993061275 -21.441876116353377 -17.023726557466144
      vertex 269.89336305406204 3.7092040530663155 -17.249043661121505
    endloop
  endfacet
  facet normal 0.7442586406949356 0.19942350173409198 0.6374239897486126
    outer loop
      vertex 269.89336305406204 3.7092040530663155 -17.249043661121505
      vertex 276.62265822672754 -21.404867430449464 -17.249043661121505
      vertex 270.05766972217145 3.753229892097295 -17.454662600098462
    endloop
  endfacet
  facet normal 0.6612217289279508 0.17717382828415562 0.7289686274214193
    outer loop
      vertex 270.05766972217145 3.753229892097295 -17.454662600098462
      vertex 276.974868720633 -21.310492913041728 -17.63734064089855
      vertex 270.24557354796747 3.803578570474052 -17.63734064089855
    endloop
  endfacet
  facet normal 0.5677569555011027 0.15213001772367377 0.8090169943749721
    outer loop
      vertex 270.24557354796747 3.803578570474052 -17.63734064089855
      vertex 277.1834063485345 -21.25461542405403 -17.794196841691782
      vertex 270.45411117586895 3.859456059461749 -17.794196841691782
    endloop
  endfacet
  facet normal 0.46533831572453543 0.1246870259056484 0.87630668004384
    outer loop
      vertex 270.45411117586895 3.859456059461749 -17.794196841691782
      vertex 277.1834063485345 -21.25461542405403 -17.794196841691782
      vertex 270.5880193464167 3.895336645619942 -17.87041039528116
    endloop
  endfacet
  facet normal -0.6612217289279575 -0.17717382828415748 0.7289686274214127
    outer loop
      vertex 273.05022062324 4.555081489347636 -17.454662600098462
      vertex 272.862316797444 4.504732810970879 -17.637340640898554
      vertex 279.7795157959056 -20.558989994168137 -17.454662600098462
    endloop
  endfacet
  facet normal -0.5677569555010943 -0.1521300177236715 0.8090169943749784
    outer loop
      vertex 272.65377916954253 4.4488553219831815 -17.794196841691782
      vertex 279.59161197010957 -20.6093386725449 -17.637340640898554
      vertex 272.862316797444 4.504732810970879 -17.637340640898554
    endloop
  endfacet
  facet normal -0.9488166243133118 -0.25423464824997655 -0.187381314585799
    outer loop
      vertex 273.5420515894718 4.686867199562066 -15.471533989774683
      vertex 273.5903522495673 4.6998093224285356 -15.733666878675853
      vertex 280.31964742223283 -20.414262161087244 -15.733666878675853
    endloop
  endfacet
  facet normal -0.9640197923156502 -0.25830832483859567 -0.0627905195293786
    outer loop
      vertex 273.5903522495673 4.6998093224285356 -15.733666878675853
      vertex 273.60653755357004 4.704146161565319 -16
      vertex 280.33583272623554 -20.409925321950453 -16
    endloop
  endfacet
  facet normal -0.9640197923156495 -0.2583083248385976 0.06279051952937903
    outer loop
      vertex 273.60653755357004 4.704146161565319 -16
      vertex 273.5903522495673 4.6998093224285356 -16.266333121324145
      vertex 280.31964742223283 -20.414262161087244 -16.266333121324145
    endloop
  endfacet
  facet normal -0.9488166243133119 -0.25423464824997655 0.187381314585799
    outer loop
      vertex 273.5903522495673 4.6998093224285356 -16.266333121324145
      vertex 273.5420515894718 4.686867199562066 -16.528466010225316
      vertex 280.27134676213734 -20.427204283953714 -16.528466010225316
    endloop
  endfacet
  facet normal -0.9186500513500032 -0.24615153938604342 0.30901699437493335
    outer loop
      vertex 273.5420515894718 4.686867199562066 -16.528466010225316
      vertex 273.4623973035467 4.665523897974765 -16.78226467445494
      vertex 280.19169247621227 -20.448547585541014 -16.78226467445494
    endloop
  endfacet
  facet normal -0.8739958183019364 -0.23418647370218273 0.4257792915650847
    outer loop
      vertex 273.4623973035467 4.665523897974765 -16.78226467445494
      vertex 273.3526455874642 4.636116014282528 -17.023726557466144
      vertex 280.0819407601298 -20.477955469233247 -17.023726557466144
    endloop
  endfacet
  facet normal -0.8155581490995375 -0.218528147431841 0.535826794978885
    outer loop
      vertex 273.3526455874642 4.636116014282528 -17.023726557466144
      vertex 273.2145272913495 4.599107328378615 -17.249043661121505
      vertex 279.943822464015 -20.514964155137164 -17.249043661121505
    endloop
  endfacet
  facet normal -0.7442586406948376 -0.19942350173406745 0.6374239897487346
    outer loop
      vertex 273.05022062324 4.555081489347636 -17.454662600098462
      vertex 279.7795157959056 -20.558989994168137 -17.454662600098462
      vertex 273.2145272913495 4.599107328378615 -17.249043661121505
    endloop
  endfacet
  facet normal 0.3555810127291698 0.09527764520462208 0.9297764858882807
    outer loop
      vertex 270.86843855262595 3.9704747454659 -18
      vertex 277.5977337252915 -21.143596738049876 -18
      vertex 270.91965924449414 3.984199288487744 -18.0209950971272
    endloop
  endfacet
  facet normal 0.24021598474946057 0.06436567912266503 0.9685831611286275
    outer loop
      vertex 270.91965924449414 3.984199288487744 -18.0209950971272
      vertex 277.8986228867363 -21.06297373022947 -18.087360407798464
      vertex 271.16932771407073 4.051097753286307 -18.087360407798464
    endloop
  endfacet
  facet normal 0.12106260719207339 0.032438627830722384 0.9921147013144789
    outer loop
      vertex 271.16932771407073 4.051097753286307 -18.087360407798464
      vertex 278.1543570033949 -20.994449980193707 -18.120806797910078
      vertex 271.42506183072936 4.119621503322072 -18.120806797910078
    endloop
  endfacet
  facet normal 0 0 1
    outer loop
      vertex 271.42506183072936 4.119621503322072 -18.120806797910078
      vertex 278.4121236873477 -20.925381605392914 -18.120806797910078
      vertex 271.6828285146821 4.188689878122858 -18.120806797910078
    endloop
  endfacet
  facet normal -0.12106260719207339 -0.032438627830722384 0.9921147013144789
    outer loop
      vertex 271.6828285146821 4.188689878122858 -18.120806797910078
      vertex 278.6678578040063 -20.856857855357156 -18.087360407798464
      vertex 271.93856263134074 4.257213628158624 -18.087360407798464
    endloop
  endfacet
  facet normal -0.24021598474946057 -0.06436567912266503 0.9685831611286275
    outer loop
      vertex 271.93856263134074 4.257213628158624 -18.087360407798464
      vertex 278.9175262735829 -20.78995939055859 -18.0209950971272
      vertex 272.18823110091733 4.324112092957186 -18.0209950971272
    endloop
  endfacet
  facet normal -0.3555810127291698 -0.09527764520462208 0.9297764858882807
    outer loop
      vertex 272.23945179278553 4.337836635979031 -18
      vertex 272.18823110091733 4.324112092957186 -18.0209950971272
      vertex 278.9175262735829 -20.78995939055859 -18.0209950971272
    endloop
  endfacet
  facet normal -0.46533831572453543 -0.1246870259056484 0.87630668004384
    outer loop
      vertex 272.65377916954253 4.4488553219831815 -17.794196841691782
      vertex 272.5198709989948 4.412974735824989 -17.87041039528116
      vertex 279.24916617166036 -20.70109674769079 -17.87041039528116
    endloop
  endfacet
  facet normal 0.9659258262890682 0.2588190451025215 0
    outer loop
      vertex 270.5880193464167 3.895336645619942 -12.13516198011717
      vertex 277.31731451908223 -21.21873483789583 -12.13516198011717
      vertex 277.31731451908223 -21.21873483789583 -14.129589604718843
    endloop
  endfacet
  facet normal -0.965925826289068 -0.2588190451025214 0
    outer loop
      vertex 272.5198709989948 4.412974735824989 -14.129589604718843
      vertex 279.24916617166036 -20.70109674769079 -14.129589604718843
      vertex 279.24916617166036 -20.70109674769079 -12.13516198011717
    endloop
  endfacet
  facet normal 0.9659258262890681 0.2588190451025215 0
    outer loop
      vertex 270.5880193464167 3.895336645619942 -18
      vertex 277.31731451908223 -21.21873483789583 -17.87041039528116
      vertex 277.31731451908223 -21.21873483789583 -18
    endloop
  endfacet
  facet normal 0 0 1
    outer loop
      vertex 270.86843855262595 3.9704747454659 -18
      vertex 277.31731451908223 -21.21873483789583 -18
      vertex 277.5977337252915 -21.143596738049876 -18
    endloop
  endfacet
  facet normal 0 0 1
    outer loop
      vertex 272.5198709989948 4.412974735824989 -18
      vertex 278.96874696545103 -20.77623484753675 -18
      vertex 279.24916617166036 -20.70109674769079 -18
    endloop
  endfacet
  facet normal -0.9659258262890682 -0.2588190451025214 0
    outer loop
      vertex 272.5198709989948 4.412974735824989 -17.87041039528116
      vertex 279.24916617166036 -20.70109674769079 -18
      vertex 279.24916617166036 -20.70109674769079 -17.87041039528116
    endloop
  endfacet
  facet normal 0.9659258262890682 0.2588190451025215 0
    outer loop
      vertex 270.5880193464167 3.895336645619942 -12.13516198011717
      vertex 277.31731451908223 -21.21873483789583 -14.129589604718843
      vertex 270.5880193464167 3.895336645619942 -14.129589604718843
    endloop
  endfacet
  facet normal -0.965925826289068 -0.2588190451025214 0
    outer loop
      vertex 272.5198709989948 4.412974735824989 -12.13516198011717
      vertex 272.5198709989948 4.412974735824989 -14.129589604718843
      vertex 279.24916617166036 -20.70109674769079 -12.13516198011717
    endloop
  endfacet
  facet normal 0.9659258262890681 0.2588190451025215 0
    outer loop
      vertex 270.5880193464167 3.895336645619942 -17.87041039528116
      vertex 277.31731451908223 -21.21873483789583 -17.87041039528116
      vertex 270.5880193464167 3.895336645619942 -18
    endloop
  endfacet
  facet normal 0 0 1
    outer loop
      vertex 270.5880193464167 3.895336645619942 -18
      vertex 277.31731451908223 -21.21873483789583 -18
      vertex 270.86843855262595 3.9704747454659 -18
    endloop
  endfacet
  facet normal 0 0 1
    outer loop
      vertex 272.23945179278553 4.337836635979031 -18
      vertex 278.96874696545103 -20.77623484753675 -18
      vertex 272.5198709989948 4.412974735824989 -18
    endloop
  endfacet
  facet normal -0.9659258262890682 -0.2588190451025214 0
    outer loop
      vertex 272.5198709989948 4.412974735824989 -17.87041039528116
      vertex 272.5198709989948 4.412974735824989 -18
      vertex 279.24916617166036 -20.70109674769079 -18
    endloop
  endfacet
  facet normal 0.7041296237808715 0.18867096405891903 -0.6845471059286471
    outer loop
      vertex 249.5592701643797 -32.79758512784599 10.669295189236124
      vertex 248.5239939839696 -28.933881822689713 10.669295189236124
      vertex 249.64645892173496 -32.77422297072357 10.765417058792483
    endloop
  endfacet
  facet normal 0.4112712140217851 0.11019978966730443 -0.9048270524660107
    outer loop
      vertex 249.8521365055986 -32.719111828226126 10.920122014046056
      vertex 248.81686032518851 -28.855408523069855 10.920122014046056
      vertex 249.9673816737436 -32.68823197849008 10.976265310182663
    endloop
  endfacet
  facet normal 0.2984874956289696 0.07997948340457044 -0.9510565162951587
    outer loop
      vertex 249.9673816737436 -32.68823197849008 10.976265310182663
      vertex 248.93210549333352 -28.82452867333381 10.976265310182663
      vertex 250.0885149531224 -32.655774414104 11.017012319185064
    endloop
  endfacet
  facet normal 0.18099645112235288 0.04849785291113345 -0.9822872507286877
    outer loop
      vertex 250.21362599955762 -32.62225101024747 11.041720436380201
      vertex 250.0885149531224 -32.655774414104 11.017012319185064
      vertex 249.05323877271232 -28.792071108947727 11.017012319185064
    endloop
  endfacet
  facet normal 0.5175689396879116 0.1386821794168078 -0.8443279255020144
    outer loop
      vertex 249.8521365055986 -32.719111828226126 10.920122014046056
      vertex 249.74459693383312 -32.747926969635074 10.849467844093695
      vertex 248.70932075342304 -28.8842236644788 10.849467844093695
    endloop
  endfacet
  facet normal 0.6157042939944884 0.1649774683521973 -0.7705132427757799
    outer loop
      vertex 249.74459693383312 -32.747926969635074 10.849467844093695
      vertex 249.64645892173496 -32.77422297072357 10.765417058792483
      vertex 248.61118274132488 -28.9105196655673 10.765417058792483
    endloop
  endfacet
  facet normal 0.7041296237807793 0.18867096405888947 -0.6845471059287502
    outer loop
      vertex 249.64645892173496 -32.77422297072357 10.765417058792483
      vertex 248.5239939839696 -28.933881822689713 10.669295189236124
      vertex 248.61118274132488 -28.9105196655673 10.765417058792483
    endloop
  endfacet
  facet normal 0.7814504087736092 0.20938900595586402 -0.5877852522923439
    outer loop
      vertex 249.5592701643797 -32.79758512784599 10.669295189236124
      vertex 248.4491295001448 -28.95394170067235 10.562618134727947
      vertex 248.5239939839696 -28.933881822689713 10.669295189236124
    endloop
  endfacet
  facet normal 0.41127121402178535 0.1101997896673045 -0.9048270524660106
    outer loop
      vertex 249.9673816737436 -32.68823197849008 10.976265310182663
      vertex 248.81686032518851 -28.855408523069855 10.920122014046056
      vertex 248.93210549333352 -28.82452867333381 10.976265310182663
    endloop
  endfacet
  facet normal 0.2984874956289677 0.07997948340456987 -0.9510565162951595
    outer loop
      vertex 250.0885149531224 -32.655774414104 11.017012319185064
      vertex 248.93210549333352 -28.82452867333381 10.976265310182663
      vertex 249.05323877271232 -28.792071108947727 11.017012319185064
    endloop
  endfacet
  facet normal 0.18099645112235407 0.048497852911133794 -0.9822872507286874
    outer loop
      vertex 250.21362599955762 -32.62225101024747 11.041720436380201
      vertex 249.05323877271232 -28.792071108947727 11.017012319185064
      vertex 249.17834981914754 -28.758547705091196 11.041720436380201
    endloop
  endfacet
  facet normal 0.6157042939944851 0.1649774683521962 -0.7705132427757829
    outer loop
      vertex 249.74459693383312 -32.747926969635074 10.849467844093695
      vertex 248.61118274132488 -28.9105196655673 10.765417058792483
      vertex 248.70932075342304 -28.8842236644788 10.849467844093695
    endloop
  endfacet
  facet normal 0.5175689396879142 0.13868217941680866 -0.8443279255020126
    outer loop
      vertex 249.8521365055986 -32.719111828226126 10.920122014046056
      vertex 248.70932075342304 -28.8842236644788 10.849467844093695
      vertex 248.81686032518851 -28.855408523069855 10.920122014046056
    endloop
  endfacet
  facet normal 0.06065098445947945 0.016251382306070043 -0.998026728428271
    outer loop
      vertex 250.21362599955762 -32.62225101024747 11.041720436380201
      vertex 249.17834981914754 -28.758547705091196 11.041720436380201
      vertex 250.3407417371093 -32.588190451025206 11.05
    endloop
  endfacet
  facet normal -0.06065098445947945 -0.016251382306070043 -0.998026728428271
    outer loop
      vertex 250.3407417371093 -32.588190451025206 11.05
      vertex 249.30546555669923 -28.724487145868935 11.05
      vertex 250.467857474661 -32.554129891802944 11.041720436380201
    endloop
  endfacet
  facet normal -0.18099645112235288 -0.04849785291113348 -0.9822872507286877
    outer loop
      vertex 250.467857474661 -32.554129891802944 11.041720436380201
      vertex 249.43258129425092 -28.690426586646673 11.041720436380201
      vertex 250.59296852109622 -32.52060648794641 11.017012319185064
    endloop
  endfacet
  facet normal -0.2984874956289696 -0.07997948340457044 -0.9510565162951587
    outer loop
      vertex 250.59296852109622 -32.52060648794641 11.017012319185064
      vertex 249.55769234068615 -28.65690318279014 11.017012319185064
      vertex 250.71410180047502 -32.48814892356033 10.976265310182663
    endloop
  endfacet
  facet normal -0.4112712140217851 -0.11019978966730443 -0.9048270524660107
    outer loop
      vertex 250.71410180047502 -32.48814892356033 10.976265310182663
      vertex 249.67882562006494 -28.62444561840406 10.976265310182663
      vertex 250.82934696862003 -32.457269073824285 10.920122014046056
    endloop
  endfacet
  facet normal -0.5175689396879176 -0.13868217941680955 -0.8443279255020105
    outer loop
      vertex 250.82934696862003 -32.457269073824285 10.920122014046056
      vertex 249.79407078820995 -28.593565768668014 10.920122014046056
      vertex 250.9368865403855 -32.428453932415344 10.849467844093695
    endloop
  endfacet
  facet normal -0.6157042939944821 -0.16497746835219526 -0.7705132427757857
    outer loop
      vertex 250.9368865403855 -32.428453932415344 10.849467844093695
      vertex 249.90161035997542 -28.564750627259066 10.849467844093695
      vertex 251.03502455248366 -32.40215793132684 10.765417058792483
    endloop
  endfacet
  facet normal -0.7041296237807793 -0.18867096405888947 -0.6845471059287503
    outer loop
      vertex 251.03502455248366 -32.40215793132684 10.765417058792483
      vertex 249.99974837207358 -28.53845462617057 10.765417058792483
      vertex 251.12221330983894 -32.37879577420443 10.669295189236124
    endloop
  endfacet
  facet normal -0.7814504087735186 -0.2093890059558342 -0.587785252292475
    outer loop
      vertex 251.12221330983894 -32.37879577420443 10.669295189236124
      vertex 250.08693712942886 -28.515092469048152 10.669295189236124
      vertex 251.19707779366377 -32.358735896221795 10.562618134727947
    endloop
  endfacet
  facet normal 0.0606509844594794 0.01625138230607003 -0.998026728428271
    outer loop
      vertex 250.3407417371093 -32.588190451025206 11.05
      vertex 249.17834981914754 -28.758547705091196 11.041720436380201
      vertex 249.30546555669923 -28.724487145868935 11.05
    endloop
  endfacet
  facet normal -0.0606509844594794 -0.01625138230607003 -0.998026728428271
    outer loop
      vertex 250.467857474661 -32.554129891802944 11.041720436380201
      vertex 249.30546555669923 -28.724487145868935 11.05
      vertex 249.43258129425092 -28.690426586646673 11.041720436380201
    endloop
  endfacet
  facet normal -0.18099645112235288 -0.04849785291113348 -0.9822872507286877
    outer loop
      vertex 250.59296852109622 -32.52060648794641 11.017012319185064
      vertex 249.43258129425092 -28.690426586646673 11.041720436380201
      vertex 249.55769234068615 -28.65690318279014 11.017012319185064
    endloop
  endfacet
  facet normal -0.2984874956289694 -0.07997948340457038 -0.9510565162951591
    outer loop
      vertex 250.71410180047502 -32.48814892356033 10.976265310182663
      vertex 249.55769234068615 -28.65690318279014 11.017012319185064
      vertex 249.67882562006494 -28.62444561840406 10.976265310182663
    endloop
  endfacet
  facet normal -0.41127121402178535 -0.1101997896673045 -0.9048270524660106
    outer loop
      vertex 250.82934696862003 -32.457269073824285 10.920122014046056
      vertex 249.67882562006494 -28.62444561840406 10.976265310182663
      vertex 249.79407078820995 -28.593565768668014 10.920122014046056
    endloop
  endfacet
  facet normal -0.5175689396879113 -0.1386821794168076 -0.8443279255020147
    outer loop
      vertex 250.9368865403855 -32.428453932415344 10.849467844093695
      vertex 249.79407078820995 -28.593565768668014 10.920122014046056
      vertex 249.90161035997542 -28.564750627259066 10.849467844093695
    endloop
  endfacet
  facet normal -0.6157042939944887 -0.16497746835219732 -0.7705132427757797
    outer loop
      vertex 251.03502455248366 -32.40215793132684 10.765417058792483
      vertex 249.90161035997542 -28.564750627259066 10.849467844093695
      vertex 249.99974837207358 -28.53845462617057 10.765417058792483
    endloop
  endfacet
  facet normal -0.7041296237807756 -0.18867096405888834 -0.6845471059287546
    outer loop
      vertex 251.12221330983894 -32.37879577420443 10.669295189236124
      vertex 249.99974837207358 -28.53845462617057 10.765417058792483
      vertex 250.08693712942886 -28.515092469048152 10.669295189236124
    endloop
  endfacet
  facet normal 0.7814504087735185 0.20938900595583418 -0.5877852522924749
    outer loop
      vertex 249.5592701643797 -32.79758512784599 10.669295189236124
      vertex 249.4844056805549 -32.81764500582862 10.562618134727947
      vertex 248.4491295001448 -28.95394170067235 10.562618134727947
    endloop
  endfacet
  facet normal 0.8464472540040086 0.22680485814592105 -0.4817536741016949
    outer loop
      vertex 249.4844056805549 -32.81764500582862 10.562618134727947
      vertex 249.4230461278923 -32.8340862484125 10.447068256143327
      vertex 248.38776994748218 -28.970382943256226 10.447068256143327
    endloop
  endfacet
  facet normal 0.8980951203957164 0.24064386223636317 -0.3681245526847809
    outer loop
      vertex 249.4230461278923 -32.8340862484125 10.447068256143327
      vertex 249.37615918319182 -32.84664956738055 10.324467844093695
      vertex 248.34088300278174 -28.982946262224278 10.324467844093695
    endloop
  endfacet
  facet normal 0.9583092126407212 0.25677817962638505 -0.12533323356429057
    outer loop
      vertex 249.34448428158032 -32.85513683168769 10.196750380315011
      vertex 249.32852095517788 -32.85941419210574 10.065930045505779
      vertex 248.2932447747678 -28.99571088694946 10.065930045505779
    endloop
  endfacet
  facet normal 0.935579490242847 0.25068776886569133 -0.24868988716487112
    outer loop
      vertex 249.37615918319182 -32.84664956738055 10.324467844093695
      vertex 249.34448428158032 -32.85513683168769 10.196750380315011
      vertex 248.30920810117024 -28.991433526531413 10.196750380315011
    endloop
  endfacet
  facet normal 0.9659258262890685 0.2588190451025196 0
    outer loop
      vertex 249.32852095517788 -32.85941419210574 10.065930045505779
      vertex 249.32852095517788 -32.85941419210574 9.934069954494221
      vertex 248.2932447747678 -28.99571088694946 9.934069954494221
    endloop
  endfacet
  facet normal 0.9583092126407211 0.25677817962638533 0.1253332335642906
    outer loop
      vertex 249.32852095517788 -32.85941419210574 9.934069954494221
      vertex 249.34448428158032 -32.85513683168769 9.803249619684989
      vertex 248.30920810117024 -28.991433526531413 9.803249619684989
    endloop
  endfacet
  facet normal 0.9355794902428469 0.25068776886569133 0.24868988716487112
    outer loop
      vertex 249.34448428158032 -32.85513683168769 9.803249619684989
      vertex 249.37615918319182 -32.84664956738055 9.675532155906305
      vertex 248.34088300278174 -28.982946262224278 9.675532155906305
    endloop
  endfacet
  facet normal 0.8980951203957147 0.2406438622363696 0.3681245526847809
    outer loop
      vertex 249.37615918319182 -32.84664956738055 9.675532155906305
      vertex 249.4230461278923 -32.8340862484125 9.552931743856673
      vertex 248.38776994748218 -28.970382943256226 9.552931743856673
    endloop
  endfacet
  facet normal 0.8464472540040101 0.226804858145915 0.4817536741016949
    outer loop
      vertex 249.4230461278923 -32.8340862484125 9.552931743856673
      vertex 249.4844056805549 -32.81764500582862 9.437381865272053
      vertex 248.4491295001448 -28.95394170067235 9.437381865272053
    endloop
  endfacet
  facet normal 0.7814504087735171 0.20938900595583937 0.587785252292475
    outer loop
      vertex 249.4844056805549 -32.81764500582862 9.437381865272053
      vertex 249.5592701643797 -32.79758512784599 9.330704810763876
      vertex 248.5239939839696 -28.933881822689713 9.330704810763876
    endloop
  endfacet
  facet normal 0.7041296237808666 0.18867096405891293 0.6845471059286539
    outer loop
      vertex 249.5592701643797 -32.79758512784599 9.330704810763876
      vertex 249.64645892173496 -32.77422297072357 9.234582941207519
      vertex 248.61118274132488 -28.9105196655673 9.234582941207519
    endloop
  endfacet
  facet normal 0.6157042939944964 0.16497746835219923 0.7705132427757734
    outer loop
      vertex 249.64645892173496 -32.77422297072357 9.234582941207519
      vertex 249.74459693383312 -32.747926969635074 9.150532155906305
      vertex 248.70932075342304 -28.8842236644788 9.150532155906305
    endloop
  endfacet
  facet normal 0.5175689396879115 0.13868217941680794 0.8443279255020145
    outer loop
      vertex 249.74459693383312 -32.747926969635074 9.150532155906305
      vertex 249.8521365055986 -32.719111828226126 9.079877985953944
      vertex 248.81686032518851 -28.855408523069855 9.079877985953944
    endloop
  endfacet
  facet normal 0.4112712140217851 0.11019978966730441 0.9048270524660107
    outer loop
      vertex 249.8521365055986 -32.719111828226126 9.079877985953944
      vertex 249.9673816737436 -32.68823197849008 9.023734689817337
      vertex 248.93210549333352 -28.82452867333381 9.023734689817337
    endloop
  endfacet
  facet normal 0.2984874956289696 0.07997948340457035 0.9510565162951589
    outer loop
      vertex 249.9673816737436 -32.68823197849008 9.023734689817337
      vertex 250.0885149531224 -32.655774414104 8.982987680814936
      vertex 249.05323877271232 -28.792071108947727 8.982987680814936
    endloop
  endfacet
  facet normal 0.18099645112235288 0.04849785291113348 0.9822872507286877
    outer loop
      vertex 250.0885149531224 -32.655774414104 8.982987680814936
      vertex 250.21362599955762 -32.62225101024747 8.958279563619799
      vertex 249.17834981914754 -28.758547705091196 8.958279563619799
    endloop
  endfacet
  facet normal 0.8464472540039222 0.22680485814589146 -0.48175367410186076
    outer loop
      vertex 249.4844056805549 -32.81764500582862 10.562618134727947
      vertex 248.38776994748218 -28.970382943256226 10.447068256143327
      vertex 248.4491295001448 -28.95394170067235 10.562618134727947
    endloop
  endfacet
  facet normal 0.8980951203957857 0.24064386223638853 -0.36812455268459515
    outer loop
      vertex 249.4230461278923 -32.8340862484125 10.447068256143327
      vertex 248.34088300278174 -28.982946262224278 10.324467844093695
      vertex 248.38776994748218 -28.970382943256226 10.447068256143327
    endloop
  endfacet
  facet normal 0.958309212640722 0.25677817962638555 -0.12533323356428336
    outer loop
      vertex 249.34448428158032 -32.85513683168769 10.196750380315011
      vertex 248.2932447747678 -28.99571088694946 10.065930045505779
      vertex 248.30920810117024 -28.991433526531413 10.196750380315011
    endloop
  endfacet
  facet normal 0.9355794902428469 0.25068776886569133 -0.24868988716487142
    outer loop
      vertex 249.37615918319182 -32.84664956738055 10.324467844093695
      vertex 248.30920810117024 -28.991433526531413 10.196750380315011
      vertex 248.34088300278174 -28.982946262224278 10.324467844093695
    endloop
  endfacet
  facet normal 0.9659258262890685 0.2588190451025196 0
    outer loop
      vertex 249.32852095517788 -32.85941419210574 10.065930045505779
      vertex 248.2932447747678 -28.99571088694946 9.934069954494221
      vertex 248.2932447747678 -28.99571088694946 10.065930045505779
    endloop
  endfacet
  facet normal 0.958309212640722 0.2567781796263853 0.12533323356428408
    outer loop
      vertex 249.32852095517788 -32.85941419210574 9.934069954494221
      vertex 248.30920810117024 -28.991433526531413 9.803249619684989
      vertex 248.2932447747678 -28.99571088694946 9.934069954494221
    endloop
  endfacet
  facet normal 0.9355794902428471 0.2506877688656914 0.24868988716487064
    outer loop
      vertex 249.34448428158032 -32.85513683168769 9.803249619684989
      vertex 248.34088300278174 -28.982946262224278 9.675532155906305
      vertex 248.30920810117024 -28.991433526531413 9.803249619684989
    endloop
  endfacet
  facet normal 0.8980951203957875 0.24064386223638226 0.36812455268459476
    outer loop
      vertex 249.37615918319182 -32.84664956738055 9.675532155906305
      vertex 248.38776994748218 -28.970382943256226 9.552931743856673
      vertex 248.34088300278174 -28.982946262224278 9.675532155906305
    endloop
  endfacet
  facet normal 0.8464472540039207 0.22680485814589751 0.4817536741018603
    outer loop
      vertex 249.4230461278923 -32.8340862484125 9.552931743856673
      vertex 248.4491295001448 -28.95394170067235 9.437381865272053
      vertex 248.38776994748218 -28.970382943256226 9.552931743856673
    endloop
  endfacet
  facet normal 0.781450408773611 0.209389005955859 0.5877852522923434
    outer loop
      vertex 249.4844056805549 -32.81764500582862 9.437381865272053
      vertex 248.5239939839696 -28.933881822689713 9.330704810763876
      vertex 248.4491295001448 -28.95394170067235 9.437381865272053
    endloop
  endfacet
  facet normal 0.7041296237807722 0.18867096405889244 0.6845471059287566
    outer loop
      vertex 249.5592701643797 -32.79758512784599 9.330704810763876
      vertex 248.61118274132488 -28.9105196655673 9.234582941207519
      vertex 248.5239939839696 -28.933881822689713 9.330704810763876
    endloop
  endfacet
  facet normal 0.6157042939944929 0.16497746835219843 0.7705132427757763
    outer loop
      vertex 249.64645892173496 -32.77422297072357 9.234582941207519
      vertex 248.70932075342304 -28.8842236644788 9.150532155906305
      vertex 248.61118274132488 -28.9105196655673 9.234582941207519
    endloop
  endfacet
  facet normal 0.5175689396879146 0.13868217941680863 0.8443279255020125
    outer loop
      vertex 249.74459693383312 -32.747926969635074 9.150532155906305
      vertex 248.81686032518851 -28.855408523069855 9.079877985953944
      vertex 248.70932075342304 -28.8842236644788 9.150532155906305
    endloop
  endfacet
  facet normal 0.411271214021785 0.1101997896673044 0.9048270524660107
    outer loop
      vertex 249.8521365055986 -32.719111828226126 9.079877985953944
      vertex 248.93210549333352 -28.82452867333381 9.023734689817337
      vertex 248.81686032518851 -28.855408523069855 9.079877985953944
    endloop
  endfacet
  facet normal 0.2984874956289677 0.07997948340456992 0.9510565162951595
    outer loop
      vertex 249.9673816737436 -32.68823197849008 9.023734689817337
      vertex 249.05323877271232 -28.792071108947727 8.982987680814936
      vertex 248.93210549333352 -28.82452867333381 9.023734689817337
    endloop
  endfacet
  facet normal 0.1809964511223542 0.048497852911133794 0.9822872507286874
    outer loop
      vertex 250.0885149531224 -32.655774414104 8.982987680814936
      vertex 249.17834981914754 -28.758547705091196 8.958279563619799
      vertex 249.05323877271232 -28.792071108947727 8.982987680814936
    endloop
  endfacet
  facet normal -0.8464472540040044 -0.22680485814591353 -0.4817536741017056
    outer loop
      vertex 251.19707779366377 -32.358735896221795 10.562618134727947
      vertex 250.1618016132537 -28.49503259106552 10.562618134727947
      vertex 251.25843734632636 -32.342294653637914 10.447068256143327
    endloop
  endfacet
  facet normal -0.8980951203957899 -0.24064386223638307 -0.3681245526845888
    outer loop
      vertex 251.25843734632636 -32.342294653637914 10.447068256143327
      vertex 250.22316116591628 -28.478591348481643 10.447068256143327
      vertex 251.3053242910268 -32.329731334669866 10.324467844093695
    endloop
  endfacet
  facet normal -0.9355794902428469 -0.25068776886569133 -0.24868988716487112
    outer loop
      vertex 251.3053242910268 -32.329731334669866 10.324467844093695
      vertex 250.27004811061673 -28.46602802951359 10.324467844093695
      vertex 251.3369991926383 -32.32124407036273 10.196750380315011
    endloop
  endfacet
  facet normal -0.9583092126407208 -0.25677817962638516 -0.12533323356429224
    outer loop
      vertex 251.3369991926383 -32.32124407036273 10.196750380315011
      vertex 250.30172301222822 -28.457540765206456 10.196750380315011
      vertex 251.35296251904074 -32.31696670994468 10.06593004550578
    endloop
  endfacet
  facet normal -0.9659258262890685 -0.2588190451025198 0
    outer loop
      vertex 251.35296251904074 -32.31696670994468 10.06593004550578
      vertex 250.31768633863066 -28.453263404788405 10.06593004550578
      vertex 251.35296251904074 -32.31696670994468 9.93406995449422
    endloop
  endfacet
  facet normal -0.9583092126407208 -0.25677817962638516 0.12533323356429224
    outer loop
      vertex 251.35296251904074 -32.31696670994468 9.93406995449422
      vertex 250.31768633863066 -28.453263404788405 9.93406995449422
      vertex 251.3369991926383 -32.32124407036273 9.803249619684989
    endloop
  endfacet
  facet normal -0.9355794902428469 -0.25068776886569133 0.24868988716487112
    outer loop
      vertex 251.3369991926383 -32.32124407036273 9.803249619684989
      vertex 250.30172301222822 -28.457540765206456 9.803249619684989
      vertex 251.3053242910268 -32.329731334669866 9.675532155906305
    endloop
  endfacet
  facet normal -0.8980951203957898 -0.24064386223638287 0.3681245526845888
    outer loop
      vertex 251.3053242910268 -32.329731334669866 9.675532155906305
      vertex 250.27004811061673 -28.46602802951359 9.675532155906305
      vertex 251.25843734632636 -32.342294653637914 9.552931743856673
    endloop
  endfacet
  facet normal -0.4112712140217851 -0.11019978966730441 0.9048270524660107
    outer loop
      vertex 250.71410180047502 -32.48814892356033 9.023734689817337
      vertex 250.82934696862003 -32.457269073824285 9.079877985953944
      vertex 249.79407078820995 -28.593565768668014 9.079877985953944
    endloop
  endfacet
  facet normal -0.29848749562896565 -0.07997948340456937 0.9510565162951603
    outer loop
      vertex 250.71410180047502 -32.48814892356033 9.023734689817337
      vertex 249.67882562006494 -28.62444561840406 9.023734689817337
      vertex 250.59296852109622 -32.52060648794642 8.982987680814936
    endloop
  endfacet
  facet normal -0.7041296237807791 -0.18867096405888928 0.6845471059287503
    outer loop
      vertex 251.12221330983894 -32.37879577420443 9.330704810763876
      vertex 250.08693712942886 -28.515092469048152 9.330704810763876
      vertex 251.03502455248366 -32.40215793132684 9.234582941207517
    endloop
  endfacet
  facet normal -0.8464472540040044 -0.2268048581459137 0.4817536741017056
    outer loop
      vertex 251.25843734632636 -32.342294653637914 9.552931743856673
      vertex 250.22316116591628 -28.478591348481643 9.552931743856673
      vertex 251.19707779366377 -32.358735896221795 9.437381865272053
    endloop
  endfacet
  facet normal -0.7814504087735186 -0.2093890059558342 0.587785252292475
    outer loop
      vertex 251.19707779366377 -32.358735896221795 9.437381865272053
      vertex 250.1618016132537 -28.49503259106552 9.437381865272053
      vertex 251.12221330983894 -32.37879577420443 9.330704810763876
    endloop
  endfacet
  facet normal -0.5175689396879176 -0.13868217941680933 0.8443279255020105
    outer loop
      vertex 250.9368865403855 -32.428453932415344 9.150532155906305
      vertex 249.90161035997542 -28.564750627259066 9.150532155906305
      vertex 250.82934696862003 -32.457269073824285 9.079877985953944
    endloop
  endfacet
  facet normal -0.615704293994482 -0.16497746835219548 0.7705132427757856
    outer loop
      vertex 250.9368865403855 -32.428453932415344 9.150532155906305
      vertex 251.03502455248366 -32.40215793132684 9.234582941207517
      vertex 249.99974837207358 -28.53845462617057 9.234582941207517
    endloop
  endfacet
  facet normal 0.06065098445947945 0.016251382306070046 0.998026728428271
    outer loop
      vertex 250.21362599955762 -32.62225101024747 8.958279563619799
      vertex 250.3407417371093 -32.588190451025206 8.95
      vertex 249.30546555669923 -28.724487145868935 8.95
    endloop
  endfacet
  facet normal -0.06065098445947945 -0.016251382306070046 0.998026728428271
    outer loop
      vertex 250.3407417371093 -32.588190451025206 8.95
      vertex 250.467857474661 -32.554129891802944 8.958279563619799
      vertex 249.43258129425092 -28.690426586646673 8.958279563619799
    endloop
  endfacet
  facet normal -0.18099645112235535 -0.04849785291113405 0.9822872507286872
    outer loop
      vertex 250.467857474661 -32.554129891802944 8.958279563619799
      vertex 250.59296852109622 -32.52060648794642 8.982987680814936
      vertex 249.55769234068615 -28.65690318279014 8.982987680814936
    endloop
  endfacet
  facet normal -0.7814504087735186 -0.2093890059558342 -0.5877852522924751
    outer loop
      vertex 251.19707779366377 -32.358735896221795 10.562618134727947
      vertex 250.08693712942886 -28.515092469048152 10.669295189236124
      vertex 250.1618016132537 -28.49503259106552 10.562618134727947
    endloop
  endfacet
  facet normal -0.8464472540040071 -0.22680485814591442 -0.4817536741017007
    outer loop
      vertex 251.25843734632636 -32.342294653637914 10.447068256143327
      vertex 250.1618016132537 -28.49503259106552 10.562618134727947
      vertex 250.22316116591628 -28.478591348481643 10.447068256143327
    endloop
  endfacet
  facet normal -0.8980951203957879 -0.24064386223638237 -0.3681245526845941
    outer loop
      vertex 251.3053242910268 -32.329731334669866 10.324467844093695
      vertex 250.22316116591628 -28.478591348481643 10.447068256143327
      vertex 250.27004811061673 -28.46602802951359 10.324467844093695
    endloop
  endfacet
  facet normal -0.9355794902428469 -0.25068776886569133 -0.24868988716487142
    outer loop
      vertex 251.3369991926383 -32.32124407036273 10.196750380315011
      vertex 250.27004811061673 -28.46602802951359 10.324467844093695
      vertex 250.30172301222822 -28.457540765206456 10.196750380315011
    endloop
  endfacet
  facet normal -0.958309212640721 -0.2567781796263852 -0.12533323356429166
    outer loop
      vertex 251.35296251904074 -32.31696670994468 10.06593004550578
      vertex 250.30172301222822 -28.457540765206456 10.196750380315011
      vertex 250.31768633863066 -28.453263404788405 10.06593004550578
    endloop
  endfacet
  facet normal -0.9659258262890685 -0.2588190451025198 0
    outer loop
      vertex 251.35296251904074 -32.31696670994468 9.93406995449422
      vertex 250.31768633863066 -28.453263404788405 10.06593004550578
      vertex 250.31768633863066 -28.453263404788405 9.93406995449422
    endloop
  endfacet
  facet normal -0.9583092126407208 -0.25677817962638516 0.12533323356429246
    outer loop
      vertex 251.3369991926383 -32.32124407036273 9.803249619684989
      vertex 250.31768633863066 -28.453263404788405 9.93406995449422
      vertex 250.30172301222822 -28.457540765206456 9.803249619684989
    endloop
  endfacet
  facet normal -0.9355794902428471 -0.2506877688656914 0.24868988716487064
    outer loop
      vertex 251.3053242910268 -32.329731334669866 9.675532155906305
      vertex 250.30172301222822 -28.457540765206456 9.803249619684989
      vertex 250.27004811061673 -28.46602802951359 9.675532155906305
    endloop
  endfacet
  facet normal -0.8980951203957873 -0.24064386223638243 0.368124552684595
    outer loop
      vertex 251.25843734632636 -32.342294653637914 9.552931743856673
      vertex 250.27004811061673 -28.46602802951359 9.675532155906305
      vertex 250.22316116591628 -28.478591348481643 9.552931743856673
    endloop
  endfacet
  facet normal -0.29848749562896987 -0.07997948340457037 0.9510565162951589
    outer loop
      vertex 250.59296852109622 -32.52060648794642 8.982987680814936
      vertex 249.67882562006494 -28.62444561840406 9.023734689817337
      vertex 249.55769234068615 -28.65690318279014 8.982987680814936
    endloop
  endfacet
  facet normal -0.411271214021785 -0.1101997896673044 0.9048270524660107
    outer loop
      vertex 250.71410180047502 -32.48814892356033 9.023734689817337
      vertex 249.79407078820995 -28.593565768668014 9.079877985953944
      vertex 249.67882562006494 -28.62444561840406 9.023734689817337
    endloop
  endfacet
  facet normal -0.7041296237807755 -0.1886709640588885 0.6845471059287542
    outer loop
      vertex 251.03502455248366 -32.40215793132684 9.234582941207517
      vertex 250.08693712942886 -28.515092469048152 9.330704810763876
      vertex 249.99974837207358 -28.53845462617057 9.234582941207517
    endloop
  endfacet
  facet normal -0.846447254004007 -0.2268048581459142 0.48175367410170106
    outer loop
      vertex 251.19707779366377 -32.358735896221795 9.437381865272053
      vertex 250.22316116591628 -28.478591348481643 9.552931743856673
      vertex 250.1618016132537 -28.49503259106552 9.437381865272053
    endloop
  endfacet
  facet normal -0.7814504087735186 -0.2093890059558342 0.5877852522924751
    outer loop
      vertex 251.12221330983894 -32.37879577420443 9.330704810763876
      vertex 250.1618016132537 -28.49503259106552 9.437381865272053
      vertex 250.08693712942886 -28.515092469048152 9.330704810763876
    endloop
  endfacet
  facet normal -0.6157042939944886 -0.164977468352197 0.7705132427757799
    outer loop
      vertex 250.9368865403855 -32.428453932415344 9.150532155906305
      vertex 249.99974837207358 -28.53845462617057 9.234582941207517
      vertex 249.90161035997542 -28.564750627259066 9.150532155906305
    endloop
  endfacet
  facet normal -0.5175689396879116 -0.13868217941680797 0.8443279255020143
    outer loop
      vertex 250.82934696862003 -32.457269073824285 9.079877985953944
      vertex 249.90161035997542 -28.564750627259066 9.150532155906305
      vertex 249.79407078820995 -28.593565768668014 9.079877985953944
    endloop
  endfacet
  facet normal 0.06065098445947945 0.016251382306070043 0.998026728428271
    outer loop
      vertex 250.21362599955762 -32.62225101024747 8.958279563619799
      vertex 249.30546555669923 -28.724487145868935 8.95
      vertex 249.17834981914754 -28.758547705091196 8.958279563619799
    endloop
  endfacet
  facet normal -0.06065098445947945 -0.016251382306070043 0.998026728428271
    outer loop
      vertex 250.3407417371093 -32.588190451025206 8.95
      vertex 249.43258129425092 -28.690426586646673 8.958279563619799
      vertex 249.30546555669923 -28.724487145868935 8.95
    endloop
  endfacet
  facet normal -0.18099645112235305 -0.048497852911133524 0.9822872507286877
    outer loop
      vertex 250.467857474661 -32.554129891802944 8.958279563619799
      vertex 249.55769234068615 -28.65690318279014 8.982987680814936
      vertex 249.43258129425092 -28.690426586646673 8.958279563619799
    endloop
  endfacet
  facet normal 0.6157042939944842 0.16497746835220048 -0.7705132427757829
    outer loop
      vertex 268.96497544751634 -27.59784206867316 10.765417058792483
      vertex 267.92969926710623 -23.734138763516885 10.765417058792483
      vertex 269.0631134596145 -27.57154606758466 10.849467844093695
    endloop
  endfacet
  facet normal 0.7041296237808781 0.18867096405892117 -0.6845471059286398
    outer loop
      vertex 268.96497544751634 -27.59784206867316 10.765417058792483
      vertex 268.8777866901611 -27.621204225795573 10.669295189236124
      vertex 267.842510509751 -23.757500920639302 10.669295189236124
    endloop
  endfacet
  facet normal 0.6157042939944842 0.16497746835220048 -0.7705132427757827
    outer loop
      vertex 269.0631134596145 -27.57154606758466 10.849467844093695
      vertex 267.92969926710623 -23.734138763516885 10.765417058792483
      vertex 268.0278372792044 -23.707842762428385 10.849467844093695
    endloop
  endfacet
  facet normal 0.7814504087736124 0.2093890059558653 -0.5877852522923391
    outer loop
      vertex 268.8777866901611 -27.621204225795573 10.669295189236124
      vertex 267.7676460259262 -23.777560798621934 10.562618134727947
      vertex 267.842510509751 -23.757500920639302 10.669295189236124
    endloop
  endfacet
  facet normal 0.7041296237808745 0.18867096405892003 -0.6845471059286437
    outer loop
      vertex 268.96497544751634 -27.59784206867316 10.765417058792483
      vertex 267.842510509751 -23.757500920639302 10.669295189236124
      vertex 267.92969926710623 -23.734138763516885 10.765417058792483
    endloop
  endfacet
  facet normal 0.29848749562896904 0.0799794834045724 -0.951056516295159
    outer loop
      vertex 269.285898199525 -27.511851076439665 10.976265310182663
      vertex 268.25062201911487 -23.64814777128339 10.976265310182663
      vertex 269.4070314789038 -27.479393512053587 11.017012319185064
    endloop
  endfacet
  facet normal 0.41127121402178435 0.11019978966730713 -0.9048270524660107
    outer loop
      vertex 269.17065303137997 -27.54273092617571 10.920122014046056
      vertex 268.13537685096986 -23.679027621019436 10.920122014046056
      vertex 269.285898199525 -27.511851076439665 10.976265310182663
    endloop
  endfacet
  facet normal 0.06065098445949237 0.01625138230607394 -0.9980267284282702
    outer loop
      vertex 269.532142525339 -27.445870108197052 11.041720436380201
      vertex 268.4968663449289 -23.582166803040778 11.041720436380201
      vertex 269.65925826289066 -27.411809548974794 11.05
    endloop
  endfacet
  facet normal 0.18099645112235258 0.04849785291113469 -0.9822872507286878
    outer loop
      vertex 269.532142525339 -27.445870108197052 11.041720436380201
      vertex 269.4070314789038 -27.479393512053587 11.017012319185064
      vertex 268.37175529849367 -23.615690206897312 11.017012319185064
    endloop
  endfacet
  facet normal 0.5175689396879106 0.13868217941681135 -0.8443279255020144
    outer loop
      vertex 269.17065303137997 -27.54273092617571 10.920122014046056
      vertex 269.0631134596145 -27.57154606758466 10.849467844093695
      vertex 268.0278372792044 -23.707842762428385 10.849467844093695
    endloop
  endfacet
  facet normal -0.06065098445946696 -0.01625138230606624 -0.9980267284282719
    outer loop
      vertex 269.65925826289066 -27.411809548974794 11.05
      vertex 268.6239820824806 -23.54810624381852 11.05
      vertex 269.7863740004424 -27.377748989752533 11.041720436380201
    endloop
  endfacet
  facet normal -0.18099645112235255 -0.04849785291113468 -0.9822872507286878
    outer loop
      vertex 269.7863740004424 -27.377748989752533 11.041720436380201
      vertex 268.75109782003227 -23.514045684596258 11.041720436380201
      vertex 269.9114850468776 -27.344225585895998 11.017012319185064
    endloop
  endfacet
  facet normal -0.29848749562896904 -0.07997948340457246 -0.9510565162951589
    outer loop
      vertex 269.9114850468776 -27.344225585895998 11.017012319185064
      vertex 268.8762088664675 -23.480522280739727 11.017012319185064
      vertex 270.0326183262564 -27.31176802150992 10.976265310182663
    endloop
  endfacet
  facet normal -0.41127121402178435 -0.11019978966730713 -0.9048270524660107
    outer loop
      vertex 270.0326183262564 -27.31176802150992 10.976265310182663
      vertex 268.9973421458463 -23.448064716353645 10.976265310182663
      vertex 270.1478634944014 -27.280888171773874 10.920122014046056
    endloop
  endfacet
  facet normal -0.5175689396879106 -0.13868217941681135 -0.8443279255020144
    outer loop
      vertex 270.1478634944014 -27.280888171773874 10.920122014046056
      vertex 269.1125873139913 -23.4171848666176 10.920122014046056
      vertex 270.2554030661669 -27.252073030364926 10.849467844093695
    endloop
  endfacet
  facet normal -0.6157042939944876 -0.16497746835220153 -0.7705132427757799
    outer loop
      vertex 270.2554030661669 -27.252073030364926 10.849467844093695
      vertex 269.22012688575677 -23.388369725208655 10.849467844093695
      vertex 270.35354107826504 -27.22577702927643 10.765417058792483
    endloop
  endfacet
  facet normal -0.7041296237808748 -0.1886709640589201 -0.6845471059286435
    outer loop
      vertex 270.35354107826504 -27.22577702927643 10.765417058792483
      vertex 269.31826489785493 -23.362073724120155 10.765417058792483
      vertex 270.4407298356203 -27.202414872154012 10.669295189236124
    endloop
  endfacet
  facet normal -0.781450408773421 -0.20938900595580232 -0.5877852522926158
    outer loop
      vertex 270.4407298356203 -27.202414872154012 10.669295189236124
      vertex 269.40545365521024 -23.338711566997738 10.669295189236124
      vertex 270.51559431944514 -27.182354994171376 10.562618134727947
    endloop
  endfacet
  facet normal 0.4112712140217839 0.11019978966730702 -0.9048270524660108
    outer loop
      vertex 269.285898199525 -27.511851076439665 10.976265310182663
      vertex 268.13537685096986 -23.679027621019436 10.920122014046056
      vertex 268.25062201911487 -23.64814777128339 10.976265310182663
    endloop
  endfacet
  facet normal 0.06065098445946743 0.01625138230606636 -0.9980267284282719
    outer loop
      vertex 269.65925826289066 -27.411809548974794 11.05
      vertex 268.4968663449289 -23.582166803040778 11.041720436380201
      vertex 268.6239820824806 -23.54810624381852 11.05
    endloop
  endfacet
  facet normal 0.2984874956289691 0.07997948340457242 -0.951056516295159
    outer loop
      vertex 269.4070314789038 -27.479393512053587 11.017012319185064
      vertex 268.25062201911487 -23.64814777128339 10.976265310182663
      vertex 268.37175529849367 -23.615690206897312 11.017012319185064
    endloop
  endfacet
  facet normal 0.18099645112235258 0.04849785291113469 -0.9822872507286878
    outer loop
      vertex 269.532142525339 -27.445870108197052 11.041720436380201
      vertex 268.37175529849367 -23.615690206897312 11.017012319185064
      vertex 268.4968663449289 -23.582166803040778 11.041720436380201
    endloop
  endfacet
  facet normal 0.5175689396879103 0.13868217941681127 -0.8443279255020146
    outer loop
      vertex 269.17065303137997 -27.54273092617571 10.920122014046056
      vertex 268.0278372792044 -23.707842762428385 10.849467844093695
      vertex 268.13537685096986 -23.679027621019436 10.920122014046056
    endloop
  endfacet
  facet normal -0.06065098445949199 -0.016251382306073835 -0.9980267284282702
    outer loop
      vertex 269.7863740004424 -27.377748989752533 11.041720436380201
      vertex 268.6239820824806 -23.54810624381852 11.05
      vertex 268.75109782003227 -23.514045684596258 11.041720436380201
    endloop
  endfacet
  facet normal -0.1809964511223536 -0.04849785291113501 -0.9822872507286875
    outer loop
      vertex 269.9114850468776 -27.344225585895998 11.017012319185064
      vertex 268.75109782003227 -23.514045684596258 11.041720436380201
      vertex 268.8762088664675 -23.480522280739727 11.017012319185064
    endloop
  endfacet
  facet normal -0.2984874956289672 -0.07997948340457191 -0.9510565162951596
    outer loop
      vertex 270.0326183262564 -27.31176802150992 10.976265310182663
      vertex 268.8762088664675 -23.480522280739727 11.017012319185064
      vertex 268.9973421458463 -23.448064716353645 10.976265310182663
    endloop
  endfacet
  facet normal -0.4112712140217839 -0.11019978966730702 -0.9048270524660108
    outer loop
      vertex 270.1478634944014 -27.280888171773874 10.920122014046056
      vertex 268.9973421458463 -23.448064716353645 10.976265310182663
      vertex 269.1125873139913 -23.4171848666176 10.920122014046056
    endloop
  endfacet
  facet normal -0.5175689396879135 -0.1386821794168123 -0.8443279255020124
    outer loop
      vertex 270.2554030661669 -27.252073030364926 10.849467844093695
      vertex 269.1125873139913 -23.4171848666176 10.920122014046056
      vertex 269.22012688575677 -23.388369725208655 10.849467844093695
    endloop
  endfacet
  facet normal -0.6157042939944842 -0.16497746835220048 -0.7705132427757827
    outer loop
      vertex 270.35354107826504 -27.22577702927643 10.765417058792483
      vertex 269.22012688575677 -23.388369725208655 10.849467844093695
      vertex 269.31826489785493 -23.362073724120155 10.765417058792483
    endloop
  endfacet
  facet normal -0.7041296237806762 -0.18867096405885656 -0.6845471059288651
    outer loop
      vertex 270.4407298356203 -27.202414872154012 10.669295189236124
      vertex 269.31826489785493 -23.362073724120155 10.765417058792483
      vertex 269.40545365521024 -23.338711566997738 10.669295189236124
    endloop
  endfacet
  facet normal 0.8464472540040907 0.22680485814594287 -0.4817536741015404
    outer loop
      vertex 268.74156265367367 -27.657705346362086 10.447068256143327
      vertex 267.70628647326356 -23.79400204120581 10.447068256143327
      vertex 268.80292220633623 -27.64126410377821 10.562618134727947
    endloop
  endfacet
  facet normal 0.8980951203957172 0.24064386223636994 -0.3681245526847749
    outer loop
      vertex 268.74156265367367 -27.657705346362086 10.447068256143327
      vertex 268.6946757089732 -27.670268665330138 10.324467844093695
      vertex 267.6593995285631 -23.806565360173863 10.324467844093695
    endloop
  endfacet
  facet normal 0.7814504087734211 0.20938900595580232 -0.5877852522926158
    outer loop
      vertex 268.8777866901611 -27.621204225795573 10.669295189236124
      vertex 268.80292220633623 -27.64126410377821 10.562618134727947
      vertex 267.7676460259262 -23.777560798621934 10.562618134727947
    endloop
  endfacet
  facet normal 0.9355794902428467 0.2506877688656984 -0.24868988716486454
    outer loop
      vertex 268.6946757089732 -27.670268665330138 10.324467844093695
      vertex 268.6630008073617 -27.67875592963727 10.196750380315011
      vertex 267.6277246269516 -23.815052624480998 10.196750380315011
    endloop
  endfacet
  facet normal 0.9583092126406977 0.25677817962637217 -0.1253332335644955
    outer loop
      vertex 268.6630008073617 -27.67875592963727 10.196750380315011
      vertex 268.6470374809592 -27.68303329005532 10.065930045505779
      vertex 267.6117613005492 -23.81932998489905 10.065930045505779
    endloop
  endfacet
  facet normal 0.9659258262890703 0.2588190451025134 0
    outer loop
      vertex 268.6470374809592 -27.68303329005532 10.065930045505779
      vertex 268.6470374809592 -27.68303329005532 9.934069954494221
      vertex 267.6117613005492 -23.81932998489905 9.934069954494221
    endloop
  endfacet
  facet normal 0.9583092126406942 0.2567781796263854 0.12533323356449552
    outer loop
      vertex 268.6470374809592 -27.68303329005532 9.934069954494221
      vertex 268.6630008073617 -27.67875592963727 9.803249619684989
      vertex 267.6277246269516 -23.815052624480998 9.803249619684989
    endloop
  endfacet
  facet normal 0.9355794902428468 0.25068776886569816 0.2486898871648646
    outer loop
      vertex 268.6630008073617 -27.67875592963727 9.803249619684989
      vertex 268.6946757089732 -27.670268665330138 9.675532155906305
      vertex 267.6593995285631 -23.806565360173863 9.675532155906305
    endloop
  endfacet
  facet normal 0.898095120395717 0.24064386223637 0.3681245526847749
    outer loop
      vertex 268.6946757089732 -27.670268665330138 9.675532155906305
      vertex 268.74156265367367 -27.657705346362086 9.552931743856673
      vertex 267.70628647326356 -23.79400204120581 9.552931743856673
    endloop
  endfacet
  facet normal 0.8464472540040937 0.2268048581459312 0.48175367410154046
    outer loop
      vertex 268.74156265367367 -27.657705346362086 9.552931743856673
      vertex 268.80292220633623 -27.64126410377821 9.437381865272053
      vertex 267.7676460259262 -23.777560798621934 9.437381865272053
    endloop
  endfacet
  facet normal 0.7814504087734181 0.20938900595581328 0.5877852522926158
    outer loop
      vertex 268.80292220633623 -27.64126410377821 9.437381865272053
      vertex 268.8777866901611 -27.621204225795573 9.330704810763876
      vertex 267.842510509751 -23.757500920639302 9.330704810763876
    endloop
  endfacet
  facet normal 0.7041296237808721 0.18867096405891937 0.6845471059286464
    outer loop
      vertex 268.8777866901611 -27.621204225795573 9.330704810763876
      vertex 268.96497544751634 -27.59784206867316 9.234582941207519
      vertex 267.92969926710623 -23.734138763516885 9.234582941207519
    endloop
  endfacet
  facet normal 0.6157042939944918 0.16497746835220253 0.7705132427757763
    outer loop
      vertex 268.96497544751634 -27.59784206867316 9.234582941207519
      vertex 269.0631134596145 -27.57154606758466 9.150532155906305
      vertex 268.0278372792044 -23.707842762428385 9.150532155906305
    endloop
  endfacet
  facet normal 0.8980951203957168 0.2406438622363699 -0.36812455268477545
    outer loop
      vertex 268.74156265367367 -27.657705346362086 10.447068256143327
      vertex 267.6593995285631 -23.806565360173863 10.324467844093695
      vertex 267.70628647326356 -23.79400204120581 10.447068256143327
    endloop
  endfacet
  facet normal 0.8464472540039241 0.22680485814588575 -0.48175367410186015
    outer loop
      vertex 268.80292220633623 -27.64126410377821 10.562618134727947
      vertex 267.70628647326356 -23.79400204120581 10.447068256143327
      vertex 267.7676460259262 -23.777560798621934 10.562618134727947
    endloop
  endfacet
  facet normal 0.9355794902428454 0.25068776886569777 -0.24868988716487017
    outer loop
      vertex 268.6946757089732 -27.670268665330138 10.324467844093695
      vertex 267.6277246269516 -23.815052624480998 10.196750380315011
      vertex 267.6593995285631 -23.806565360173863 10.324467844093695
    endloop
  endfacet
  facet normal 0.9583092126407443 0.2567781796263988 -0.12533323356408602
    outer loop
      vertex 268.6630008073617 -27.67875592963727 10.196750380315011
      vertex 267.6117613005492 -23.81932998489905 10.065930045505779
      vertex 267.6277246269516 -23.815052624480998 10.196750380315011
    endloop
  endfacet
  facet normal 0.9659258262890703 0.2588190451025134 0
    outer loop
      vertex 268.6470374809592 -27.68303329005532 10.065930045505779
      vertex 267.6117613005492 -23.81932998489905 9.934069954494221
      vertex 267.6117613005492 -23.81932998489905 10.065930045505779
    endloop
  endfacet
  facet normal 0.9583092126407478 0.2567781796263856 0.12533323356408563
    outer loop
      vertex 268.6470374809592 -27.68303329005532 9.934069954494221
      vertex 267.6277246269516 -23.815052624480998 9.803249619684989
      vertex 267.6117613005492 -23.81932998489905 9.934069954494221
    endloop
  endfacet
  facet normal 0.9355794902428451 0.25068776886569794 0.24868988716487117
    outer loop
      vertex 268.6630008073617 -27.67875592963727 9.803249619684989
      vertex 267.6593995285631 -23.806565360173863 9.675532155906305
      vertex 267.6277246269516 -23.815052624480998 9.803249619684989
    endloop
  endfacet
  facet normal 0.898095120395717 0.24064386223636994 0.3681245526847747
    outer loop
      vertex 268.6946757089732 -27.670268665330138 9.675532155906305
      vertex 267.70628647326356 -23.79400204120581 9.552931743856673
      vertex 267.6593995285631 -23.806565360173863 9.675532155906305
    endloop
  endfacet
  facet normal 0.8464472540039205 0.22680485814589726 0.48175367410186065
    outer loop
      vertex 268.74156265367367 -27.657705346362086 9.552931743856673
      vertex 267.7676460259262 -23.777560798621934 9.437381865272053
      vertex 267.70628647326356 -23.79400204120581 9.552931743856673
    endloop
  endfacet
  facet normal 0.7814504087736155 0.2093890059558544 0.5877852522923391
    outer loop
      vertex 268.80292220633623 -27.64126410377821 9.437381865272053
      vertex 267.842510509751 -23.757500920639302 9.330704810763876
      vertex 267.7676460259262 -23.777560798621934 9.437381865272053
    endloop
  endfacet
  facet normal 0.7041296237808691 0.18867096405891873 0.6845471059286499
    outer loop
      vertex 268.8777866901611 -27.621204225795573 9.330704810763876
      vertex 267.92969926710623 -23.734138763516885 9.234582941207519
      vertex 267.842510509751 -23.757500920639302 9.330704810763876
    endloop
  endfacet
  facet normal 0.615704293994492 0.16497746835220256 0.7705132427757762
    outer loop
      vertex 268.96497544751634 -27.59784206867316 9.234582941207519
      vertex 268.0278372792044 -23.707842762428385 9.150532155906305
      vertex 267.92969926710623 -23.734138763516885 9.234582941207519
    endloop
  endfacet
  facet normal -0.8464472540040907 -0.22680485814594306 -0.4817536741015405
    outer loop
      vertex 270.51559431944514 -27.182354994171376 10.562618134727947
      vertex 269.48031813903503 -23.318651689015105 10.562618134727947
      vertex 270.5769538721077 -27.1659137515875 10.447068256143327
    endloop
  endfacet
  facet normal -0.8980951203957204 -0.24064386223635764 -0.3681245526847749
    outer loop
      vertex 270.5769538721077 -27.1659137515875 10.447068256143327
      vertex 269.54167769169766 -23.302210446431225 10.447068256143327
      vertex 270.6238408168082 -27.153350432619447 10.324467844093695
    endloop
  endfacet
  facet normal -0.9355794902428451 -0.25068776886569794 -0.24868988716487112
    outer loop
      vertex 270.6238408168082 -27.153350432619447 10.324467844093695
      vertex 269.5885646363981 -23.289647127463176 10.324467844093695
      vertex 270.6555157184197 -27.144863168312312 10.196750380315011
    endloop
  endfacet
  facet normal -0.9583092126407448 -0.2567781796263989 -0.12533323356408047
    outer loop
      vertex 270.6555157184197 -27.144863168312312 10.196750380315011
      vertex 269.62023953800957 -23.28115986315604 10.196750380315011
      vertex 270.6714790448221 -27.140585807894265 10.06593004550578
    endloop
  endfacet
  facet normal -0.9659258262890704 -0.2588190451025132 0
    outer loop
      vertex 270.6714790448221 -27.140585807894265 10.06593004550578
      vertex 269.63620286441204 -23.27688250273799 10.06593004550578
      vertex 270.6714790448221 -27.140585807894265 9.93406995449422
    endloop
  endfacet
  facet normal -0.9583092126407484 -0.2567781796263855 0.12533323356408047
    outer loop
      vertex 270.6714790448221 -27.140585807894265 9.93406995449422
      vertex 269.63620286441204 -23.27688250273799 9.93406995449422
      vertex 270.6555157184197 -27.144863168312312 9.803249619684989
    endloop
  endfacet
  facet normal -0.9355794902428451 -0.25068776886569794 0.24868988716487112
    outer loop
      vertex 270.6555157184197 -27.144863168312312 9.803249619684989
      vertex 269.62023953800957 -23.28115986315604 9.803249619684989
      vertex 270.6238408168082 -27.153350432619447 9.675532155906305
    endloop
  endfacet
  facet normal -0.8980951203957168 -0.2406438622363701 0.3681245526847748
    outer loop
      vertex 270.6238408168082 -27.153350432619447 9.675532155906305
      vertex 269.5885646363981 -23.289647127463176 9.675532155906305
      vertex 270.5769538721077 -27.1659137515875 9.552931743856673
    endloop
  endfacet
  facet normal 0.5175689396879106 0.13868217941681135 0.8443279255020144
    outer loop
      vertex 269.0631134596145 -27.57154606758466 9.150532155906305
      vertex 269.17065303137997 -27.54273092617571 9.079877985953944
      vertex 268.13537685096986 -23.679027621019436 9.079877985953944
    endloop
  endfacet
  facet normal 0.4112712140217844 0.11019978966730713 0.9048270524660107
    outer loop
      vertex 269.17065303137997 -27.54273092617571 9.079877985953944
      vertex 269.285898199525 -27.511851076439665 9.023734689817337
      vertex 268.25062201911487 -23.64814777128339 9.023734689817337
    endloop
  endfacet
  facet normal 0.29848749562896904 0.0799794834045724 0.951056516295159
    outer loop
      vertex 269.285898199525 -27.511851076439665 9.023734689817337
      vertex 269.4070314789038 -27.479393512053587 8.982987680814936
      vertex 268.37175529849367 -23.615690206897312 8.982987680814936
    endloop
  endfacet
  facet normal -0.5175689396879105 -0.1386821794168115 0.8443279255020144
    outer loop
      vertex 270.1478634944014 -27.280888171773874 9.079877985953944
      vertex 270.2554030661669 -27.252073030364926 9.150532155906305
      vertex 269.22012688575677 -23.388369725208655 9.150532155906305
    endloop
  endfacet
  facet normal -0.29848749562896904 -0.0799794834045724 0.951056516295159
    outer loop
      vertex 270.0326183262564 -27.31176802150992 9.023734689817337
      vertex 268.9973421458463 -23.448064716353645 9.023734689817337
      vertex 269.9114850468776 -27.344225585895998 8.982987680814936
    endloop
  endfacet
  facet normal -0.4112712140217844 -0.11019978966730713 0.9048270524660107
    outer loop
      vertex 270.0326183262564 -27.31176802150992 9.023734689817337
      vertex 270.1478634944014 -27.280888171773874 9.079877985953944
      vertex 269.1125873139913 -23.4171848666176 9.079877985953944
    endloop
  endfacet
  facet normal 0.18099645112235255 0.048497852911134676 0.9822872507286878
    outer loop
      vertex 269.4070314789038 -27.479393512053587 8.982987680814936
      vertex 269.532142525339 -27.445870108197052 8.958279563619799
      vertex 268.4968663449289 -23.582166803040778 8.958279563619799
    endloop
  endfacet
  facet normal 0.06065098445949259 0.016251382306073106 0.9980267284282702
    outer loop
      vertex 269.532142525339 -27.445870108197052 8.958279563619799
      vertex 269.65925826289066 -27.411809548974794 8.95
      vertex 268.6239820824806 -23.54810624381852 8.95
    endloop
  endfacet
  facet normal -0.06065098445946675 -0.01625138230606707 0.9980267284282719
    outer loop
      vertex 269.65925826289066 -27.411809548974794 8.95
      vertex 269.7863740004424 -27.377748989752533 8.958279563619799
      vertex 268.75109782003227 -23.514045684596258 8.958279563619799
    endloop
  endfacet
  facet normal -0.18099645112235255 -0.04849785291113472 0.9822872507286878
    outer loop
      vertex 269.7863740004424 -27.377748989752533 8.958279563619799
      vertex 269.9114850468776 -27.344225585895998 8.982987680814936
      vertex 268.8762088664675 -23.480522280739727 8.982987680814936
    endloop
  endfacet
  facet normal -0.7814504087734181 -0.20938900595581325 0.5877852522926159
    outer loop
      vertex 270.51559431944514 -27.182354994171376 9.437381865272053
      vertex 269.48031813903503 -23.318651689015105 9.437381865272053
      vertex 270.4407298356203 -27.202414872154012 9.330704810763876
    endloop
  endfacet
  facet normal -0.7041296237808774 -0.18867096405891043 0.6845471059286434
    outer loop
      vertex 270.4407298356203 -27.202414872154012 9.330704810763876
      vertex 269.40545365521024 -23.338711566997738 9.330704810763876
      vertex 270.35354107826504 -27.22577702927643 9.234582941207517
    endloop
  endfacet
  facet normal -0.8464472540040937 -0.2268048581459312 0.48175367410154035
    outer loop
      vertex 270.5769538721077 -27.1659137515875 9.552931743856673
      vertex 269.54167769169766 -23.302210446431225 9.552931743856673
      vertex 270.51559431944514 -27.182354994171376 9.437381865272053
    endloop
  endfacet
  facet normal -0.6157042939944875 -0.16497746835220134 0.77051324277578
    outer loop
      vertex 270.35354107826504 -27.22577702927643 9.234582941207517
      vertex 269.31826489785493 -23.362073724120155 9.234582941207517
      vertex 270.2554030661669 -27.252073030364926 9.150532155906305
    endloop
  endfacet
  facet normal -0.7814504087736124 -0.2093890059558653 -0.5877852522923391
    outer loop
      vertex 270.51559431944514 -27.182354994171376 10.562618134727947
      vertex 269.40545365521024 -23.338711566997738 10.669295189236124
      vertex 269.48031813903503 -23.318651689015105 10.562618134727947
    endloop
  endfacet
  facet normal -0.8464472540039208 -0.22680485814588489 -0.4817536741018659
    outer loop
      vertex 270.5769538721077 -27.1659137515875 10.447068256143327
      vertex 269.48031813903503 -23.318651689015105 10.562618134727947
      vertex 269.54167769169766 -23.302210446431225 10.447068256143327
    endloop
  endfacet
  facet normal -0.8980951203958569 -0.24064386223640763 -0.3681245526844088
    outer loop
      vertex 270.6238408168082 -27.153350432619447 10.324467844093695
      vertex 269.54167769169766 -23.302210446431225 10.447068256143327
      vertex 269.5885646363981 -23.289647127463176 10.324467844093695
    endloop
  endfacet
  facet normal -0.9355794902428451 -0.25068776886569794 -0.24868988716487117
    outer loop
      vertex 270.6555157184197 -27.144863168312312 10.196750380315011
      vertex 269.5885646363981 -23.289647127463176 10.324467844093695
      vertex 269.62023953800957 -23.28115986315604 10.196750380315011
    endloop
  endfacet
  facet normal -0.9583092126406976 -0.2567781796263719 -0.12533323356449658
    outer loop
      vertex 270.6714790448221 -27.140585807894265 10.06593004550578
      vertex 269.62023953800957 -23.28115986315604 10.196750380315011
      vertex 269.63620286441204 -23.27688250273799 10.06593004550578
    endloop
  endfacet
  facet normal -0.9659258262890704 -0.2588190451025132 0
    outer loop
      vertex 270.6714790448221 -27.140585807894265 9.93406995449422
      vertex 269.63620286441204 -23.27688250273799 10.06593004550578
      vertex 269.63620286441204 -23.27688250273799 9.93406995449422
    endloop
  endfacet
  facet normal -0.9583092126406941 -0.25677817962638533 0.12533323356449624
    outer loop
      vertex 270.6555157184197 -27.144863168312312 9.803249619684989
      vertex 269.63620286441204 -23.27688250273799 9.93406995449422
      vertex 269.62023953800957 -23.28115986315604 9.803249619684989
    endloop
  endfacet
  facet normal -0.9355794902428451 -0.25068776886569794 0.24868988716487117
    outer loop
      vertex 270.6238408168082 -27.153350432619447 9.675532155906305
      vertex 269.62023953800957 -23.28115986315604 9.803249619684989
      vertex 269.5885646363981 -23.289647127463176 9.675532155906305
    endloop
  endfacet
  facet normal -0.8980951203958604 -0.24064386223639514 0.368124552684409
    outer loop
      vertex 270.5769538721077 -27.1659137515875 9.552931743856673
      vertex 269.5885646363981 -23.289647127463176 9.675532155906305
      vertex 269.54167769169766 -23.302210446431225 9.552931743856673
    endloop
  endfacet
  facet normal 0.5175689396879103 0.13868217941681127 0.8443279255020146
    outer loop
      vertex 269.0631134596145 -27.57154606758466 9.150532155906305
      vertex 268.13537685096986 -23.679027621019436 9.079877985953944
      vertex 268.0278372792044 -23.707842762428385 9.150532155906305
    endloop
  endfacet
  facet normal 0.41127121402178424 0.11019978966730712 0.9048270524660107
    outer loop
      vertex 269.17065303137997 -27.54273092617571 9.079877985953944
      vertex 268.25062201911487 -23.64814777128339 9.023734689817337
      vertex 268.13537685096986 -23.679027621019436 9.079877985953944
    endloop
  endfacet
  facet normal 0.2984874956289691 0.07997948340457242 0.951056516295159
    outer loop
      vertex 269.285898199525 -27.511851076439665 9.023734689817337
      vertex 268.37175529849367 -23.615690206897312 8.982987680814936
      vertex 268.25062201911487 -23.64814777128339 9.023734689817337
    endloop
  endfacet
  facet normal -0.29848749562896715 -0.07997948340457196 0.9510565162951594
    outer loop
      vertex 269.9114850468776 -27.344225585895998 8.982987680814936
      vertex 268.9973421458463 -23.448064716353645 9.023734689817337
      vertex 268.8762088664675 -23.480522280739727 8.982987680814936
    endloop
  endfacet
  facet normal -0.41127121402178424 -0.11019978966730712 0.9048270524660107
    outer loop
      vertex 270.0326183262564 -27.31176802150992 9.023734689817337
      vertex 269.1125873139913 -23.4171848666176 9.079877985953944
      vertex 268.9973421458463 -23.448064716353645 9.023734689817337
    endloop
  endfacet
  facet normal -0.5175689396879132 -0.13868217941681207 0.8443279255020127
    outer loop
      vertex 270.1478634944014 -27.280888171773874 9.079877985953944
      vertex 269.22012688575677 -23.388369725208655 9.150532155906305
      vertex 269.1125873139913 -23.4171848666176 9.079877985953944
    endloop
  endfacet
  facet normal 0.18099645112235258 0.04849785291113469 0.9822872507286878
    outer loop
      vertex 269.4070314789038 -27.479393512053587 8.982987680814936
      vertex 268.4968663449289 -23.582166803040778 8.958279563619799
      vertex 268.37175529849367 -23.615690206897312 8.982987680814936
    endloop
  endfacet
  facet normal 0.06065098445946717 0.016251382306067184 0.9980267284282719
    outer loop
      vertex 269.532142525339 -27.445870108197052 8.958279563619799
      vertex 268.6239820824806 -23.54810624381852 8.95
      vertex 268.4968663449289 -23.582166803040778 8.958279563619799
    endloop
  endfacet
  facet normal -0.060650984459492144 -0.016251382306072985 0.9980267284282702
    outer loop
      vertex 269.65925826289066 -27.411809548974794 8.95
      vertex 268.75109782003227 -23.514045684596258 8.958279563619799
      vertex 268.6239820824806 -23.54810624381852 8.95
    endloop
  endfacet
  facet normal -0.18099645112235377 -0.04849785291113501 0.9822872507286875
    outer loop
      vertex 269.7863740004424 -27.377748989752533 8.958279563619799
      vertex 268.8762088664675 -23.480522280739727 8.982987680814936
      vertex 268.75109782003227 -23.514045684596258 8.958279563619799
    endloop
  endfacet
  facet normal -0.7814504087736155 -0.2093890059558544 0.5877852522923391
    outer loop
      vertex 270.4407298356203 -27.202414872154012 9.330704810763876
      vertex 269.48031813903503 -23.318651689015105 9.437381865272053
      vertex 269.40545365521024 -23.338711566997738 9.330704810763876
    endloop
  endfacet
  facet normal -0.7041296237806745 -0.1886709640588664 0.6845471059288643
    outer loop
      vertex 270.35354107826504 -27.22577702927643 9.234582941207517
      vertex 269.40545365521024 -23.338711566997738 9.330704810763876
      vertex 269.31826489785493 -23.362073724120155 9.234582941207517
    endloop
  endfacet
  facet normal -0.8464472540039181 -0.2268048581458968 0.48175367410186554
    outer loop
      vertex 270.51559431944514 -27.182354994171376 9.437381865272053
      vertex 269.54167769169766 -23.302210446431225 9.552931743856673
      vertex 269.48031813903503 -23.318651689015105 9.437381865272053
    endloop
  endfacet
  facet normal -0.6157042939944843 -0.16497746835220065 0.7705132427757826
    outer loop
      vertex 270.2554030661669 -27.252073030364926 9.150532155906305
      vertex 269.31826489785493 -23.362073724120155 9.234582941207517
      vertex 269.22012688575677 -23.388369725208655 9.150532155906305
    endloop
  endfacet
  facet normal 0.2984874956289696 0.07997948340457044 -0.9510565162951587
    outer loop
      vertex 249.9673816737436 -32.68823197849008 -9.023734689817337
      vertex 248.93210549333352 -28.82452867333381 -9.023734689817337
      vertex 250.0885149531224 -32.655774414104 -8.982987680814936
    endloop
  endfacet
  facet normal 0.18099645112235288 0.04849785291113344 -0.9822872507286877
    outer loop
      vertex 250.0885149531224 -32.655774414104 -8.982987680814936
      vertex 249.05323877271232 -28.792071108947727 -8.982987680814936
      vertex 250.21362599955762 -32.62225101024747 -8.958279563619799
    endloop
  endfacet
  facet normal 0.41127121402178535 0.1101997896673045 -0.9048270524660106
    outer loop
      vertex 249.9673816737436 -32.68823197849008 -9.023734689817337
      vertex 248.81686032518851 -28.855408523069855 -9.079877985953944
      vertex 248.93210549333352 -28.82452867333381 -9.023734689817337
    endloop
  endfacet
  facet normal 0.2984874956289677 0.07997948340456987 -0.9510565162951595
    outer loop
      vertex 250.0885149531224 -32.655774414104 -8.982987680814936
      vertex 248.93210549333352 -28.82452867333381 -9.023734689817337
      vertex 249.05323877271232 -28.792071108947727 -8.982987680814936
    endloop
  endfacet
  facet normal 0.18099645112235407 0.048497852911133794 -0.9822872507286874
    outer loop
      vertex 250.21362599955762 -32.62225101024747 -8.958279563619799
      vertex 249.05323877271232 -28.792071108947727 -8.982987680814936
      vertex 249.17834981914754 -28.758547705091196 -8.958279563619799
    endloop
  endfacet
  facet normal 0.7041296237808715 0.18867096405891903 -0.6845471059286471
    outer loop
      vertex 249.5592701643797 -32.79758512784599 -9.330704810763876
      vertex 248.5239939839696 -28.933881822689713 -9.330704810763876
      vertex 249.64645892173496 -32.77422297072357 -9.234582941207517
    endloop
  endfacet
  facet normal 0.7814504087735186 0.2093890059558342 -0.587785252292475
    outer loop
      vertex 249.4844056805549 -32.81764500582862 -9.437381865272053
      vertex 248.4491295001448 -28.95394170067235 -9.437381865272053
      vertex 249.5592701643797 -32.79758512784599 -9.330704810763876
    endloop
  endfacet
  facet normal 0.8464472540040086 0.22680485814592105 -0.4817536741016949
    outer loop
      vertex 249.4844056805549 -32.81764500582862 -9.437381865272053
      vertex 249.4230461278923 -32.8340862484125 -9.552931743856673
      vertex 248.38776994748218 -28.970382943256226 -9.552931743856673
    endloop
  endfacet
  facet normal 0.5175689396879116 0.1386821794168078 -0.8443279255020144
    outer loop
      vertex 249.74459693383312 -32.747926969635074 -9.150532155906305
      vertex 248.70932075342304 -28.8842236644788 -9.150532155906305
      vertex 249.8521365055986 -32.719111828226126 -9.079877985953944
    endloop
  endfacet
  facet normal 0.4112712140217851 0.11019978966730441 -0.9048270524660107
    outer loop
      vertex 249.9673816737436 -32.68823197849008 -9.023734689817337
      vertex 249.8521365055986 -32.719111828226126 -9.079877985953944
      vertex 248.81686032518851 -28.855408523069855 -9.079877985953944
    endloop
  endfacet
  facet normal 0.6157042939944884 0.1649774683521973 -0.7705132427757799
    outer loop
      vertex 249.74459693383312 -32.747926969635074 -9.150532155906305
      vertex 249.64645892173496 -32.77422297072357 -9.234582941207517
      vertex 248.61118274132488 -28.9105196655673 -9.234582941207517
    endloop
  endfacet
  facet normal 0.8980951203957164 0.24064386223636317 -0.3681245526847809
    outer loop
      vertex 249.4230461278923 -32.8340862484125 -9.552931743856673
      vertex 249.37615918319182 -32.84664956738055 -9.675532155906305
      vertex 248.34088300278174 -28.982946262224278 -9.675532155906305
    endloop
  endfacet
  facet normal 0.935579490242847 0.25068776886569133 -0.24868988716487112
    outer loop
      vertex 249.37615918319182 -32.84664956738055 -9.675532155906305
      vertex 249.34448428158032 -32.85513683168769 -9.803249619684989
      vertex 248.30920810117024 -28.991433526531413 -9.803249619684989
    endloop
  endfacet
  facet normal 0.9583092126407212 0.25677817962638505 -0.12533323356429057
    outer loop
      vertex 249.34448428158032 -32.85513683168769 -9.803249619684989
      vertex 249.32852095517788 -32.85941419210574 -9.934069954494221
      vertex 248.2932447747678 -28.99571088694946 -9.934069954494221
    endloop
  endfacet
  facet normal 0.9659258262890685 0.2588190451025196 0
    outer loop
      vertex 249.32852095517788 -32.85941419210574 -9.934069954494221
      vertex 249.32852095517788 -32.85941419210574 -10.065930045505779
      vertex 248.2932447747678 -28.99571088694946 -10.065930045505779
    endloop
  endfacet
  facet normal 0.9583092126407211 0.25677817962638533 0.1253332335642906
    outer loop
      vertex 249.32852095517788 -32.85941419210574 -10.065930045505779
      vertex 249.34448428158032 -32.85513683168769 -10.196750380315011
      vertex 248.30920810117024 -28.991433526531413 -10.196750380315011
    endloop
  endfacet
  facet normal 0.9355794902428469 0.25068776886569133 0.24868988716487112
    outer loop
      vertex 249.34448428158032 -32.85513683168769 -10.196750380315011
      vertex 249.37615918319182 -32.84664956738055 -10.324467844093695
      vertex 248.34088300278174 -28.982946262224278 -10.324467844093695
    endloop
  endfacet
  facet normal 0.8980951203957147 0.2406438622363696 0.3681245526847809
    outer loop
      vertex 249.37615918319182 -32.84664956738055 -10.324467844093695
      vertex 249.4230461278923 -32.8340862484125 -10.447068256143327
      vertex 248.38776994748218 -28.970382943256226 -10.447068256143327
    endloop
  endfacet
  facet normal 0.8464472540040101 0.226804858145915 0.4817536741016949
    outer loop
      vertex 249.4230461278923 -32.8340862484125 -10.447068256143327
      vertex 249.4844056805549 -32.81764500582862 -10.562618134727947
      vertex 248.4491295001448 -28.95394170067235 -10.562618134727947
    endloop
  endfacet
  facet normal 0.7814504087735171 0.20938900595583937 0.587785252292475
    outer loop
      vertex 249.4844056805549 -32.81764500582862 -10.562618134727947
      vertex 249.5592701643797 -32.79758512784599 -10.669295189236124
      vertex 248.5239939839696 -28.933881822689713 -10.669295189236124
    endloop
  endfacet
  facet normal 0.7041296237808666 0.18867096405891293 0.6845471059286539
    outer loop
      vertex 249.5592701643797 -32.79758512784599 -10.669295189236124
      vertex 249.64645892173496 -32.77422297072357 -10.765417058792481
      vertex 248.61118274132488 -28.9105196655673 -10.765417058792481
    endloop
  endfacet
  facet normal 0.6157042939944964 0.16497746835219923 0.7705132427757734
    outer loop
      vertex 249.64645892173496 -32.77422297072357 -10.765417058792481
      vertex 249.74459693383312 -32.747926969635074 -10.849467844093695
      vertex 248.70932075342304 -28.8842236644788 -10.849467844093695
    endloop
  endfacet
  facet normal 0.5175689396879115 0.13868217941680794 0.8443279255020145
    outer loop
      vertex 249.74459693383312 -32.747926969635074 -10.849467844093695
      vertex 249.8521365055986 -32.719111828226126 -10.920122014046056
      vertex 248.81686032518851 -28.855408523069855 -10.920122014046056
    endloop
  endfacet
  facet normal 0.4112712140217851 0.11019978966730441 0.9048270524660107
    outer loop
      vertex 249.8521365055986 -32.719111828226126 -10.920122014046056
      vertex 249.9673816737436 -32.68823197849008 -10.976265310182663
      vertex 248.93210549333352 -28.82452867333381 -10.976265310182663
    endloop
  endfacet
  facet normal 0.2984874956289696 0.07997948340457035 0.9510565162951589
    outer loop
      vertex 249.9673816737436 -32.68823197849008 -10.976265310182663
      vertex 250.0885149531224 -32.655774414104 -11.017012319185064
      vertex 249.05323877271232 -28.792071108947727 -11.017012319185064
    endloop
  endfacet
  facet normal 0.18099645112235288 0.04849785291113348 0.9822872507286877
    outer loop
      vertex 250.0885149531224 -32.655774414104 -11.017012319185064
      vertex 250.21362599955762 -32.62225101024747 -11.041720436380201
      vertex 249.17834981914754 -28.758547705091196 -11.041720436380201
    endloop
  endfacet
  facet normal 0.7041296237807793 0.18867096405888947 -0.6845471059287502
    outer loop
      vertex 249.64645892173496 -32.77422297072357 -9.234582941207517
      vertex 248.5239939839696 -28.933881822689713 -9.330704810763876
      vertex 248.61118274132488 -28.9105196655673 -9.234582941207517
    endloop
  endfacet
  facet normal 0.7814504087736092 0.20938900595586402 -0.5877852522923439
    outer loop
      vertex 249.5592701643797 -32.79758512784599 -9.330704810763876
      vertex 248.4491295001448 -28.95394170067235 -9.437381865272053
      vertex 248.5239939839696 -28.933881822689713 -9.330704810763876
    endloop
  endfacet
  facet normal 0.8464472540039222 0.22680485814589146 -0.48175367410186076
    outer loop
      vertex 249.4844056805549 -32.81764500582862 -9.437381865272053
      vertex 248.38776994748218 -28.970382943256226 -9.552931743856673
      vertex 248.4491295001448 -28.95394170067235 -9.437381865272053
    endloop
  endfacet
  facet normal 0.8980951203957857 0.24064386223638853 -0.36812455268459515
    outer loop
      vertex 249.4230461278923 -32.8340862484125 -9.552931743856673
      vertex 248.34088300278174 -28.982946262224278 -9.675532155906305
      vertex 248.38776994748218 -28.970382943256226 -9.552931743856673
    endloop
  endfacet
  facet normal 0.6157042939944851 0.1649774683521962 -0.7705132427757829
    outer loop
      vertex 249.74459693383312 -32.747926969635074 -9.150532155906305
      vertex 248.61118274132488 -28.9105196655673 -9.234582941207517
      vertex 248.70932075342304 -28.8842236644788 -9.150532155906305
    endloop
  endfacet
  facet normal 0.5175689396879142 0.13868217941680866 -0.8443279255020126
    outer loop
      vertex 249.8521365055986 -32.719111828226126 -9.079877985953944
      vertex 248.70932075342304 -28.8842236644788 -9.150532155906305
      vertex 248.81686032518851 -28.855408523069855 -9.079877985953944
    endloop
  endfacet
  facet normal 0.958309212640722 0.25677817962638555 -0.12533323356428336
    outer loop
      vertex 249.34448428158032 -32.85513683168769 -9.803249619684989
      vertex 248.2932447747678 -28.99571088694946 -9.934069954494221
      vertex 248.30920810117024 -28.991433526531413 -9.803249619684989
    endloop
  endfacet
  facet normal 0.9355794902428469 0.25068776886569133 -0.24868988716487142
    outer loop
      vertex 249.37615918319182 -32.84664956738055 -9.675532155906305
      vertex 248.30920810117024 -28.991433526531413 -9.803249619684989
      vertex 248.34088300278174 -28.982946262224278 -9.675532155906305
    endloop
  endfacet
  facet normal 0.9659258262890685 0.2588190451025196 0
    outer loop
      vertex 249.32852095517788 -32.85941419210574 -9.934069954494221
      vertex 248.2932447747678 -28.99571088694946 -10.065930045505779
      vertex 248.2932447747678 -28.99571088694946 -9.934069954494221
    endloop
  endfacet
  facet normal 0.958309212640722 0.2567781796263853 0.12533323356428408
    outer loop
      vertex 249.32852095517788 -32.85941419210574 -10.065930045505779
      vertex 248.30920810117024 -28.991433526531413 -10.196750380315011
      vertex 248.2932447747678 -28.99571088694946 -10.065930045505779
    endloop
  endfacet
  facet normal 0.9355794902428471 0.2506877688656914 0.24868988716487064
    outer loop
      vertex 249.34448428158032 -32.85513683168769 -10.196750380315011
      vertex 248.34088300278174 -28.982946262224278 -10.324467844093695
      vertex 248.30920810117024 -28.991433526531413 -10.196750380315011
    endloop
  endfacet
  facet normal 0.8980951203957875 0.24064386223638226 0.36812455268459476
    outer loop
      vertex 249.37615918319182 -32.84664956738055 -10.324467844093695
      vertex 248.38776994748218 -28.970382943256226 -10.447068256143327
      vertex 248.34088300278174 -28.982946262224278 -10.324467844093695
    endloop
  endfacet
  facet normal 0.8464472540039207 0.22680485814589751 0.4817536741018603
    outer loop
      vertex 249.4230461278923 -32.8340862484125 -10.447068256143327
      vertex 248.4491295001448 -28.95394170067235 -10.562618134727947
      vertex 248.38776994748218 -28.970382943256226 -10.447068256143327
    endloop
  endfacet
  facet normal 0.781450408773611 0.209389005955859 0.5877852522923434
    outer loop
      vertex 249.4844056805549 -32.81764500582862 -10.562618134727947
      vertex 248.5239939839696 -28.933881822689713 -10.669295189236124
      vertex 248.4491295001448 -28.95394170067235 -10.562618134727947
    endloop
  endfacet
  facet normal 0.7041296237807722 0.18867096405889244 0.6845471059287566
    outer loop
      vertex 249.5592701643797 -32.79758512784599 -10.669295189236124
      vertex 248.61118274132488 -28.9105196655673 -10.765417058792481
      vertex 248.5239939839696 -28.933881822689713 -10.669295189236124
    endloop
  endfacet
  facet normal 0.6157042939944929 0.16497746835219843 0.7705132427757763
    outer loop
      vertex 249.64645892173496 -32.77422297072357 -10.765417058792481
      vertex 248.70932075342304 -28.8842236644788 -10.849467844093695
      vertex 248.61118274132488 -28.9105196655673 -10.765417058792481
    endloop
  endfacet
  facet normal 0.5175689396879146 0.13868217941680863 0.8443279255020125
    outer loop
      vertex 249.74459693383312 -32.747926969635074 -10.849467844093695
      vertex 248.81686032518851 -28.855408523069855 -10.920122014046056
      vertex 248.70932075342304 -28.8842236644788 -10.849467844093695
    endloop
  endfacet
  facet normal 0.411271214021785 0.1101997896673044 0.9048270524660107
    outer loop
      vertex 249.8521365055986 -32.719111828226126 -10.920122014046056
      vertex 248.93210549333352 -28.82452867333381 -10.976265310182663
      vertex 248.81686032518851 -28.855408523069855 -10.920122014046056
    endloop
  endfacet
  facet normal 0.2984874956289677 0.07997948340456992 0.9510565162951595
    outer loop
      vertex 249.9673816737436 -32.68823197849008 -10.976265310182663
      vertex 249.05323877271232 -28.792071108947727 -11.017012319185064
      vertex 248.93210549333352 -28.82452867333381 -10.976265310182663
    endloop
  endfacet
  facet normal 0.1809964511223542 0.048497852911133794 0.9822872507286874
    outer loop
      vertex 250.0885149531224 -32.655774414104 -11.017012319185064
      vertex 249.17834981914754 -28.758547705091196 -11.041720436380201
      vertex 249.05323877271232 -28.792071108947727 -11.017012319185064
    endloop
  endfacet
  facet normal 0.06065098445947945 0.016251382306070043 -0.998026728428271
    outer loop
      vertex 250.21362599955762 -32.62225101024747 -8.958279563619799
      vertex 249.17834981914754 -28.758547705091196 -8.958279563619799
      vertex 250.3407417371093 -32.588190451025206 -8.95
    endloop
  endfacet
  facet normal -0.06065098445947945 -0.016251382306070043 -0.998026728428271
    outer loop
      vertex 250.3407417371093 -32.588190451025206 -8.95
      vertex 249.30546555669923 -28.724487145868935 -8.95
      vertex 250.467857474661 -32.554129891802944 -8.958279563619799
    endloop
  endfacet
  facet normal -0.18099645112235288 -0.04849785291113348 -0.9822872507286877
    outer loop
      vertex 250.467857474661 -32.554129891802944 -8.958279563619799
      vertex 249.43258129425092 -28.690426586646673 -8.958279563619799
      vertex 250.59296852109622 -32.52060648794641 -8.982987680814936
    endloop
  endfacet
  facet normal -0.2984874956289696 -0.07997948340457044 -0.9510565162951587
    outer loop
      vertex 250.59296852109622 -32.52060648794641 -8.982987680814936
      vertex 249.55769234068615 -28.65690318279014 -8.982987680814936
      vertex 250.71410180047502 -32.48814892356033 -9.023734689817337
    endloop
  endfacet
  facet normal -0.4112712140217851 -0.11019978966730443 -0.9048270524660107
    outer loop
      vertex 250.71410180047502 -32.48814892356033 -9.023734689817337
      vertex 249.67882562006494 -28.62444561840406 -9.023734689817337
      vertex 250.82934696862003 -32.457269073824285 -9.079877985953944
    endloop
  endfacet
  facet normal 0.0606509844594794 0.01625138230607003 -0.998026728428271
    outer loop
      vertex 250.3407417371093 -32.588190451025206 -8.95
      vertex 249.17834981914754 -28.758547705091196 -8.958279563619799
      vertex 249.30546555669923 -28.724487145868935 -8.95
    endloop
  endfacet
  facet normal -0.0606509844594794 -0.01625138230607003 -0.998026728428271
    outer loop
      vertex 250.467857474661 -32.554129891802944 -8.958279563619799
      vertex 249.30546555669923 -28.724487145868935 -8.95
      vertex 249.43258129425092 -28.690426586646673 -8.958279563619799
    endloop
  endfacet
  facet normal -0.18099645112235288 -0.04849785291113348 -0.9822872507286877
    outer loop
      vertex 250.59296852109622 -32.52060648794641 -8.982987680814936
      vertex 249.43258129425092 -28.690426586646673 -8.958279563619799
      vertex 249.55769234068615 -28.65690318279014 -8.982987680814936
    endloop
  endfacet
  facet normal -0.2984874956289694 -0.07997948340457038 -0.9510565162951591
    outer loop
      vertex 250.71410180047502 -32.48814892356033 -9.023734689817337
      vertex 249.55769234068615 -28.65690318279014 -8.982987680814936
      vertex 249.67882562006494 -28.62444561840406 -9.023734689817337
    endloop
  endfacet
  facet normal -0.5175689396879176 -0.13868217941680955 -0.8443279255020105
    outer loop
      vertex 250.82934696862003 -32.457269073824285 -9.079877985953944
      vertex 249.79407078820995 -28.593565768668014 -9.079877985953944
      vertex 250.9368865403855 -32.428453932415344 -9.150532155906305
    endloop
  endfacet
  facet normal -0.6157042939944821 -0.16497746835219526 -0.7705132427757857
    outer loop
      vertex 250.9368865403855 -32.428453932415344 -9.150532155906305
      vertex 249.90161035997542 -28.564750627259066 -9.150532155906305
      vertex 251.03502455248366 -32.40215793132684 -9.234582941207517
    endloop
  endfacet
  facet normal -0.7041296237807793 -0.18867096405888947 -0.6845471059287503
    outer loop
      vertex 251.03502455248366 -32.40215793132684 -9.234582941207517
      vertex 249.99974837207358 -28.53845462617057 -9.234582941207517
      vertex 251.12221330983894 -32.37879577420443 -9.330704810763876
    endloop
  endfacet
  facet normal -0.7814504087735186 -0.2093890059558342 -0.587785252292475
    outer loop
      vertex 251.12221330983894 -32.37879577420443 -9.330704810763876
      vertex 250.08693712942886 -28.515092469048152 -9.330704810763876
      vertex 251.19707779366377 -32.358735896221795 -9.437381865272053
    endloop
  endfacet
  facet normal -0.8464472540040044 -0.22680485814591353 -0.4817536741017056
    outer loop
      vertex 251.19707779366377 -32.358735896221795 -9.437381865272053
      vertex 250.1618016132537 -28.49503259106552 -9.437381865272053
      vertex 251.25843734632636 -32.342294653637914 -9.552931743856673
    endloop
  endfacet
  facet normal -0.8980951203957899 -0.24064386223638307 -0.3681245526845888
    outer loop
      vertex 251.25843734632636 -32.342294653637914 -9.552931743856673
      vertex 250.22316116591628 -28.478591348481643 -9.552931743856673
      vertex 251.3053242910268 -32.329731334669866 -9.675532155906305
    endloop
  endfacet
  facet normal -0.9355794902428469 -0.25068776886569133 -0.24868988716487112
    outer loop
      vertex 251.3053242910268 -32.329731334669866 -9.675532155906305
      vertex 250.27004811061673 -28.46602802951359 -9.675532155906305
      vertex 251.3369991926383 -32.32124407036273 -9.803249619684989
    endloop
  endfacet
  facet normal -0.9583092126407208 -0.25677817962638516 -0.12533323356429224
    outer loop
      vertex 251.3369991926383 -32.32124407036273 -9.803249619684989
      vertex 250.30172301222822 -28.457540765206456 -9.803249619684989
      vertex 251.35296251904074 -32.31696670994468 -9.93406995449422
    endloop
  endfacet
  facet normal -0.9659258262890685 -0.2588190451025198 0
    outer loop
      vertex 251.35296251904074 -32.31696670994468 -9.93406995449422
      vertex 250.31768633863066 -28.453263404788405 -9.93406995449422
      vertex 251.35296251904074 -32.31696670994468 -10.06593004550578
    endloop
  endfacet
  facet normal -0.9583092126407208 -0.25677817962638516 0.12533323356429224
    outer loop
      vertex 251.35296251904074 -32.31696670994468 -10.06593004550578
      vertex 250.31768633863066 -28.453263404788405 -10.06593004550578
      vertex 251.3369991926383 -32.32124407036273 -10.196750380315011
    endloop
  endfacet
  facet normal -0.9355794902428469 -0.25068776886569133 0.24868988716487112
    outer loop
      vertex 251.3369991926383 -32.32124407036273 -10.196750380315011
      vertex 250.30172301222822 -28.457540765206456 -10.196750380315011
      vertex 251.3053242910268 -32.329731334669866 -10.324467844093695
    endloop
  endfacet
  facet normal -0.8980951203957898 -0.24064386223638287 0.3681245526845888
    outer loop
      vertex 251.3053242910268 -32.329731334669866 -10.324467844093695
      vertex 250.27004811061673 -28.46602802951359 -10.324467844093695
      vertex 251.25843734632636 -32.342294653637914 -10.447068256143327
    endloop
  endfacet
  facet normal -0.8464472540040044 -0.2268048581459137 0.4817536741017056
    outer loop
      vertex 251.25843734632636 -32.342294653637914 -10.447068256143327
      vertex 250.22316116591628 -28.478591348481643 -10.447068256143327
      vertex 251.19707779366377 -32.358735896221795 -10.562618134727947
    endloop
  endfacet
  facet normal -0.7814504087735186 -0.2093890059558342 0.587785252292475
    outer loop
      vertex 251.19707779366377 -32.358735896221795 -10.562618134727947
      vertex 250.1618016132537 -28.49503259106552 -10.562618134727947
      vertex 251.12221330983894 -32.37879577420443 -10.669295189236124
    endloop
  endfacet
  facet normal -0.4112712140217851 -0.11019978966730441 0.9048270524660107
    outer loop
      vertex 250.71410180047502 -32.48814892356033 -10.976265310182663
      vertex 250.82934696862003 -32.457269073824285 -10.920122014046056
      vertex 249.79407078820995 -28.593565768668014 -10.920122014046056
    endloop
  endfacet
  facet normal 0.06065098445947945 0.016251382306070046 0.998026728428271
    outer loop
      vertex 250.21362599955762 -32.62225101024747 -11.041720436380201
      vertex 250.3407417371093 -32.588190451025206 -11.05
      vertex 249.30546555669923 -28.724487145868935 -11.05
    endloop
  endfacet
  facet normal -0.06065098445947945 -0.016251382306070046 0.998026728428271
    outer loop
      vertex 250.3407417371093 -32.588190451025206 -11.05
      vertex 250.467857474661 -32.554129891802944 -11.041720436380201
      vertex 249.43258129425092 -28.690426586646673 -11.041720436380201
    endloop
  endfacet
  facet normal -0.18099645112235535 -0.04849785291113405 0.9822872507286872
    outer loop
      vertex 250.467857474661 -32.554129891802944 -11.041720436380201
      vertex 250.59296852109622 -32.52060648794642 -11.017012319185064
      vertex 249.55769234068615 -28.65690318279014 -11.017012319185064
    endloop
  endfacet
  facet normal -0.2984874956289657 -0.07997948340456938 0.9510565162951603
    outer loop
      vertex 250.59296852109622 -32.52060648794642 -11.017012319185064
      vertex 250.71410180047502 -32.48814892356033 -10.976265310182663
      vertex 249.67882562006494 -28.62444561840406 -10.976265310182663
    endloop
  endfacet
  facet normal -0.7041296237807791 -0.18867096405888928 0.6845471059287503
    outer loop
      vertex 251.12221330983894 -32.37879577420443 -10.669295189236124
      vertex 250.08693712942886 -28.515092469048152 -10.669295189236124
      vertex 251.03502455248366 -32.40215793132684 -10.765417058792483
    endloop
  endfacet
  facet normal -0.615704293994482 -0.1649774683521955 0.7705132427757856
    outer loop
      vertex 251.03502455248366 -32.40215793132684 -10.765417058792483
      vertex 249.99974837207358 -28.53845462617057 -10.765417058792483
      vertex 250.9368865403855 -32.428453932415344 -10.849467844093695
    endloop
  endfacet
  facet normal -0.5175689396879176 -0.13868217941680933 0.8443279255020105
    outer loop
      vertex 250.9368865403855 -32.428453932415344 -10.849467844093695
      vertex 249.90161035997542 -28.564750627259066 -10.849467844093695
      vertex 250.82934696862003 -32.457269073824285 -10.920122014046056
    endloop
  endfacet
  facet normal -0.41127121402178535 -0.1101997896673045 -0.9048270524660106
    outer loop
      vertex 250.82934696862003 -32.457269073824285 -9.079877985953944
      vertex 249.67882562006494 -28.62444561840406 -9.023734689817337
      vertex 249.79407078820995 -28.593565768668014 -9.079877985953944
    endloop
  endfacet
  facet normal -0.5175689396879113 -0.1386821794168076 -0.8443279255020147
    outer loop
      vertex 250.9368865403855 -32.428453932415344 -9.150532155906305
      vertex 249.79407078820995 -28.593565768668014 -9.079877985953944
      vertex 249.90161035997542 -28.564750627259066 -9.150532155906305
    endloop
  endfacet
  facet normal -0.6157042939944887 -0.16497746835219732 -0.7705132427757797
    outer loop
      vertex 251.03502455248366 -32.40215793132684 -9.234582941207517
      vertex 249.90161035997542 -28.564750627259066 -9.150532155906305
      vertex 249.99974837207358 -28.53845462617057 -9.234582941207517
    endloop
  endfacet
  facet normal -0.7041296237807756 -0.18867096405888834 -0.6845471059287546
    outer loop
      vertex 251.12221330983894 -32.37879577420443 -9.330704810763876
      vertex 249.99974837207358 -28.53845462617057 -9.234582941207517
      vertex 250.08693712942886 -28.515092469048152 -9.330704810763876
    endloop
  endfacet
  facet normal -0.7814504087735186 -0.2093890059558342 -0.5877852522924751
    outer loop
      vertex 251.19707779366377 -32.358735896221795 -9.437381865272053
      vertex 250.08693712942886 -28.515092469048152 -9.330704810763876
      vertex 250.1618016132537 -28.49503259106552 -9.437381865272053
    endloop
  endfacet
  facet normal -0.8464472540040071 -0.22680485814591442 -0.4817536741017007
    outer loop
      vertex 251.25843734632636 -32.342294653637914 -9.552931743856673
      vertex 250.1618016132537 -28.49503259106552 -9.437381865272053
      vertex 250.22316116591628 -28.478591348481643 -9.552931743856673
    endloop
  endfacet
  facet normal -0.8980951203957879 -0.24064386223638237 -0.3681245526845941
    outer loop
      vertex 251.3053242910268 -32.329731334669866 -9.675532155906305
      vertex 250.22316116591628 -28.478591348481643 -9.552931743856673
      vertex 250.27004811061673 -28.46602802951359 -9.675532155906305
    endloop
  endfacet
  facet normal -0.9355794902428469 -0.25068776886569133 -0.24868988716487142
    outer loop
      vertex 251.3369991926383 -32.32124407036273 -9.803249619684989
      vertex 250.27004811061673 -28.46602802951359 -9.675532155906305
      vertex 250.30172301222822 -28.457540765206456 -9.803249619684989
    endloop
  endfacet
  facet normal -0.958309212640721 -0.2567781796263852 -0.12533323356429166
    outer loop
      vertex 251.35296251904074 -32.31696670994468 -9.93406995449422
      vertex 250.30172301222822 -28.457540765206456 -9.803249619684989
      vertex 250.31768633863066 -28.453263404788405 -9.93406995449422
    endloop
  endfacet
  facet normal -0.9659258262890685 -0.2588190451025198 0
    outer loop
      vertex 251.35296251904074 -32.31696670994468 -10.06593004550578
      vertex 250.31768633863066 -28.453263404788405 -9.93406995449422
      vertex 250.31768633863066 -28.453263404788405 -10.06593004550578
    endloop
  endfacet
  facet normal -0.9583092126407208 -0.25677817962638516 0.12533323356429246
    outer loop
      vertex 251.3369991926383 -32.32124407036273 -10.196750380315011
      vertex 250.31768633863066 -28.453263404788405 -10.06593004550578
      vertex 250.30172301222822 -28.457540765206456 -10.196750380315011
    endloop
  endfacet
  facet normal -0.9355794902428471 -0.2506877688656914 0.24868988716487064
    outer loop
      vertex 251.3053242910268 -32.329731334669866 -10.324467844093695
      vertex 250.30172301222822 -28.457540765206456 -10.196750380315011
      vertex 250.27004811061673 -28.46602802951359 -10.324467844093695
    endloop
  endfacet
  facet normal -0.8980951203957873 -0.24064386223638243 0.368124552684595
    outer loop
      vertex 251.25843734632636 -32.342294653637914 -10.447068256143327
      vertex 250.27004811061673 -28.46602802951359 -10.324467844093695
      vertex 250.22316116591628 -28.478591348481643 -10.447068256143327
    endloop
  endfacet
  facet normal -0.846447254004007 -0.2268048581459142 0.48175367410170106
    outer loop
      vertex 251.19707779366377 -32.358735896221795 -10.562618134727947
      vertex 250.22316116591628 -28.478591348481643 -10.447068256143327
      vertex 250.1618016132537 -28.49503259106552 -10.562618134727947
    endloop
  endfacet
  facet normal -0.7814504087735186 -0.2093890059558342 0.5877852522924751
    outer loop
      vertex 251.12221330983894 -32.37879577420443 -10.669295189236124
      vertex 250.1618016132537 -28.49503259106552 -10.562618134727947
      vertex 250.08693712942886 -28.515092469048152 -10.669295189236124
    endloop
  endfacet
  facet normal -0.411271214021785 -0.1101997896673044 0.9048270524660107
    outer loop
      vertex 250.71410180047502 -32.48814892356033 -10.976265310182663
      vertex 249.79407078820995 -28.593565768668014 -10.920122014046056
      vertex 249.67882562006494 -28.62444561840406 -10.976265310182663
    endloop
  endfacet
  facet normal 0.06065098445947945 0.016251382306070043 0.998026728428271
    outer loop
      vertex 250.21362599955762 -32.62225101024747 -11.041720436380201
      vertex 249.30546555669923 -28.724487145868935 -11.05
      vertex 249.17834981914754 -28.758547705091196 -11.041720436380201
    endloop
  endfacet
  facet normal -0.18099645112235305 -0.048497852911133524 0.9822872507286877
    outer loop
      vertex 250.467857474661 -32.554129891802944 -11.041720436380201
      vertex 249.55769234068615 -28.65690318279014 -11.017012319185064
      vertex 249.43258129425092 -28.690426586646673 -11.041720436380201
    endloop
  endfacet
  facet normal -0.06065098445947945 -0.016251382306070043 0.998026728428271
    outer loop
      vertex 250.3407417371093 -32.588190451025206 -11.05
      vertex 249.43258129425092 -28.690426586646673 -11.041720436380201
      vertex 249.30546555669923 -28.724487145868935 -11.05
    endloop
  endfacet
  facet normal -0.29848749562896987 -0.07997948340457037 0.9510565162951589
    outer loop
      vertex 250.59296852109622 -32.52060648794642 -11.017012319185064
      vertex 249.67882562006494 -28.62444561840406 -10.976265310182663
      vertex 249.55769234068615 -28.65690318279014 -11.017012319185064
    endloop
  endfacet
  facet normal -0.7041296237807755 -0.1886709640588885 0.6845471059287542
    outer loop
      vertex 251.03502455248366 -32.40215793132684 -10.765417058792483
      vertex 250.08693712942886 -28.515092469048152 -10.669295189236124
      vertex 249.99974837207358 -28.53845462617057 -10.765417058792483
    endloop
  endfacet
  facet normal -0.6157042939944886 -0.164977468352197 0.7705132427757799
    outer loop
      vertex 250.9368865403855 -32.428453932415344 -10.849467844093695
      vertex 249.99974837207358 -28.53845462617057 -10.765417058792483
      vertex 249.90161035997542 -28.564750627259066 -10.849467844093695
    endloop
  endfacet
  facet normal -0.5175689396879116 -0.13868217941680797 0.8443279255020143
    outer loop
      vertex 250.82934696862003 -32.457269073824285 -10.920122014046056
      vertex 249.90161035997542 -28.564750627259066 -10.849467844093695
      vertex 249.79407078820995 -28.593565768668014 -10.920122014046056
    endloop
  endfacet
  facet normal 0.7041296237808781 0.18867096405892117 -0.6845471059286398
    outer loop
      vertex 268.96497544751634 -27.59784206867316 -9.234582941207517
      vertex 268.8777866901611 -27.621204225795573 -9.330704810763876
      vertex 267.842510509751 -23.757500920639302 -9.330704810763876
    endloop
  endfacet
  facet normal 0.6157042939944842 0.16497746835220048 -0.7705132427757829
    outer loop
      vertex 268.96497544751634 -27.59784206867316 -9.234582941207517
      vertex 267.92969926710623 -23.734138763516885 -9.234582941207517
      vertex 269.0631134596145 -27.57154606758466 -9.150532155906305
    endloop
  endfacet
  facet normal 0.8464472540040907 0.22680485814594287 -0.4817536741015404
    outer loop
      vertex 268.74156265367367 -27.657705346362086 -9.552931743856673
      vertex 267.70628647326356 -23.79400204120581 -9.552931743856673
      vertex 268.80292220633623 -27.64126410377821 -9.437381865272053
    endloop
  endfacet
  facet normal 0.7814504087734211 0.20938900595580232 -0.5877852522926158
    outer loop
      vertex 268.8777866901611 -27.621204225795573 -9.330704810763876
      vertex 268.80292220633623 -27.64126410377821 -9.437381865272053
      vertex 267.7676460259262 -23.777560798621934 -9.437381865272053
    endloop
  endfacet
  facet normal 0.8980951203957172 0.24064386223636994 -0.3681245526847749
    outer loop
      vertex 268.74156265367367 -27.657705346362086 -9.552931743856673
      vertex 268.6946757089732 -27.670268665330138 -9.675532155906305
      vertex 267.6593995285631 -23.806565360173863 -9.675532155906305
    endloop
  endfacet
  facet normal 0.9355794902428467 0.2506877688656984 -0.24868988716486454
    outer loop
      vertex 268.6946757089732 -27.670268665330138 -9.675532155906305
      vertex 268.6630008073617 -27.67875592963727 -9.803249619684989
      vertex 267.6277246269516 -23.815052624480998 -9.803249619684989
    endloop
  endfacet
  facet normal 0.9583092126406977 0.25677817962637217 -0.1253332335644955
    outer loop
      vertex 268.6630008073617 -27.67875592963727 -9.803249619684989
      vertex 268.6470374809592 -27.68303329005532 -9.934069954494221
      vertex 267.6117613005492 -23.81932998489905 -9.934069954494221
    endloop
  endfacet
  facet normal 0.9659258262890703 0.2588190451025134 0
    outer loop
      vertex 268.6470374809592 -27.68303329005532 -9.934069954494221
      vertex 268.6470374809592 -27.68303329005532 -10.065930045505779
      vertex 267.6117613005492 -23.81932998489905 -10.065930045505779
    endloop
  endfacet
  facet normal 0.9583092126406942 0.2567781796263854 0.12533323356449552
    outer loop
      vertex 268.6470374809592 -27.68303329005532 -10.065930045505779
      vertex 268.6630008073617 -27.67875592963727 -10.196750380315011
      vertex 267.6277246269516 -23.815052624480998 -10.196750380315011
    endloop
  endfacet
  facet normal 0.9355794902428468 0.25068776886569816 0.2486898871648646
    outer loop
      vertex 268.6630008073617 -27.67875592963727 -10.196750380315011
      vertex 268.6946757089732 -27.670268665330138 -10.324467844093695
      vertex 267.6593995285631 -23.806565360173863 -10.324467844093695
    endloop
  endfacet
  facet normal 0.898095120395717 0.24064386223637 0.3681245526847749
    outer loop
      vertex 268.6946757089732 -27.670268665330138 -10.324467844093695
      vertex 268.74156265367367 -27.657705346362086 -10.447068256143327
      vertex 267.70628647326356 -23.79400204120581 -10.447068256143327
    endloop
  endfacet
  facet normal 0.8464472540040937 0.2268048581459312 0.48175367410154046
    outer loop
      vertex 268.74156265367367 -27.657705346362086 -10.447068256143327
      vertex 268.80292220633623 -27.64126410377821 -10.562618134727947
      vertex 267.7676460259262 -23.777560798621934 -10.562618134727947
    endloop
  endfacet
  facet normal 0.7814504087734181 0.20938900595581328 0.5877852522926158
    outer loop
      vertex 268.80292220633623 -27.64126410377821 -10.562618134727947
      vertex 268.8777866901611 -27.621204225795573 -10.669295189236124
      vertex 267.842510509751 -23.757500920639302 -10.669295189236124
    endloop
  endfacet
  facet normal 0.7041296237808721 0.18867096405891937 0.6845471059286464
    outer loop
      vertex 268.8777866901611 -27.621204225795573 -10.669295189236124
      vertex 268.96497544751634 -27.59784206867316 -10.765417058792481
      vertex 267.92969926710623 -23.734138763516885 -10.765417058792481
    endloop
  endfacet
  facet normal 0.6157042939944918 0.16497746835220253 0.7705132427757763
    outer loop
      vertex 268.96497544751634 -27.59784206867316 -10.765417058792481
      vertex 269.0631134596145 -27.57154606758466 -10.849467844093695
      vertex 268.0278372792044 -23.707842762428385 -10.849467844093695
    endloop
  endfacet
  facet normal 0.6157042939944842 0.16497746835220048 -0.7705132427757827
    outer loop
      vertex 269.0631134596145 -27.57154606758466 -9.150532155906305
      vertex 267.92969926710623 -23.734138763516885 -9.234582941207517
      vertex 268.0278372792044 -23.707842762428385 -9.150532155906305
    endloop
  endfacet
  facet normal 0.7041296237808745 0.18867096405892003 -0.6845471059286437
    outer loop
      vertex 268.96497544751634 -27.59784206867316 -9.234582941207517
      vertex 267.842510509751 -23.757500920639302 -9.330704810763876
      vertex 267.92969926710623 -23.734138763516885 -9.234582941207517
    endloop
  endfacet
  facet normal 0.8980951203957168 0.2406438622363699 -0.36812455268477545
    outer loop
      vertex 268.74156265367367 -27.657705346362086 -9.552931743856673
      vertex 267.6593995285631 -23.806565360173863 -9.675532155906305
      vertex 267.70628647326356 -23.79400204120581 -9.552931743856673
    endloop
  endfacet
  facet normal 0.7814504087736124 0.2093890059558653 -0.5877852522923391
    outer loop
      vertex 268.8777866901611 -27.621204225795573 -9.330704810763876
      vertex 267.7676460259262 -23.777560798621934 -9.437381865272053
      vertex 267.842510509751 -23.757500920639302 -9.330704810763876
    endloop
  endfacet
  facet normal 0.8464472540039241 0.22680485814588575 -0.48175367410186015
    outer loop
      vertex 268.80292220633623 -27.64126410377821 -9.437381865272053
      vertex 267.70628647326356 -23.79400204120581 -9.552931743856673
      vertex 267.7676460259262 -23.777560798621934 -9.437381865272053
    endloop
  endfacet
  facet normal 0.9355794902428454 0.25068776886569777 -0.24868988716487017
    outer loop
      vertex 268.6946757089732 -27.670268665330138 -9.675532155906305
      vertex 267.6277246269516 -23.815052624480998 -9.803249619684989
      vertex 267.6593995285631 -23.806565360173863 -9.675532155906305
    endloop
  endfacet
  facet normal 0.9583092126407443 0.2567781796263988 -0.12533323356408602
    outer loop
      vertex 268.6630008073617 -27.67875592963727 -9.803249619684989
      vertex 267.6117613005492 -23.81932998489905 -9.934069954494221
      vertex 267.6277246269516 -23.815052624480998 -9.803249619684989
    endloop
  endfacet
  facet normal 0.9659258262890703 0.2588190451025134 0
    outer loop
      vertex 268.6470374809592 -27.68303329005532 -9.934069954494221
      vertex 267.6117613005492 -23.81932998489905 -10.065930045505779
      vertex 267.6117613005492 -23.81932998489905 -9.934069954494221
    endloop
  endfacet
  facet normal 0.9583092126407478 0.2567781796263856 0.12533323356408563
    outer loop
      vertex 268.6470374809592 -27.68303329005532 -10.065930045505779
      vertex 267.6277246269516 -23.815052624480998 -10.196750380315011
      vertex 267.6117613005492 -23.81932998489905 -10.065930045505779
    endloop
  endfacet
  facet normal 0.9355794902428451 0.25068776886569794 0.24868988716487117
    outer loop
      vertex 268.6630008073617 -27.67875592963727 -10.196750380315011
      vertex 267.6593995285631 -23.806565360173863 -10.324467844093695
      vertex 267.6277246269516 -23.815052624480998 -10.196750380315011
    endloop
  endfacet
  facet normal 0.898095120395717 0.24064386223636994 0.3681245526847747
    outer loop
      vertex 268.6946757089732 -27.670268665330138 -10.324467844093695
      vertex 267.70628647326356 -23.79400204120581 -10.447068256143327
      vertex 267.6593995285631 -23.806565360173863 -10.324467844093695
    endloop
  endfacet
  facet normal 0.8464472540039205 0.22680485814589726 0.48175367410186065
    outer loop
      vertex 268.74156265367367 -27.657705346362086 -10.447068256143327
      vertex 267.7676460259262 -23.777560798621934 -10.562618134727947
      vertex 267.70628647326356 -23.79400204120581 -10.447068256143327
    endloop
  endfacet
  facet normal 0.7814504087736155 0.2093890059558544 0.5877852522923391
    outer loop
      vertex 268.80292220633623 -27.64126410377821 -10.562618134727947
      vertex 267.842510509751 -23.757500920639302 -10.669295189236124
      vertex 267.7676460259262 -23.777560798621934 -10.562618134727947
    endloop
  endfacet
  facet normal 0.7041296237808691 0.18867096405891873 0.6845471059286499
    outer loop
      vertex 268.8777866901611 -27.621204225795573 -10.669295189236124
      vertex 267.92969926710623 -23.734138763516885 -10.765417058792481
      vertex 267.842510509751 -23.757500920639302 -10.669295189236124
    endloop
  endfacet
  facet normal 0.615704293994492 0.16497746835220256 0.7705132427757762
    outer loop
      vertex 268.96497544751634 -27.59784206867316 -10.765417058792481
      vertex 268.0278372792044 -23.707842762428385 -10.849467844093695
      vertex 267.92969926710623 -23.734138763516885 -10.765417058792481
    endloop
  endfacet
  facet normal 0.29848749562896904 0.0799794834045724 -0.951056516295159
    outer loop
      vertex 269.285898199525 -27.511851076439665 -9.023734689817337
      vertex 268.25062201911487 -23.64814777128339 -9.023734689817337
      vertex 269.4070314789038 -27.479393512053587 -8.982987680814936
    endloop
  endfacet
  facet normal 0.18099645112235255 0.04849785291113468 -0.9822872507286878
    outer loop
      vertex 269.4070314789038 -27.479393512053587 -8.982987680814936
      vertex 268.37175529849367 -23.615690206897312 -8.982987680814936
      vertex 269.532142525339 -27.445870108197052 -8.958279563619799
    endloop
  endfacet
  facet normal 0.06065098445949237 0.01625138230607394 -0.9980267284282702
    outer loop
      vertex 269.532142525339 -27.445870108197052 -8.958279563619799
      vertex 268.4968663449289 -23.582166803040778 -8.958279563619799
      vertex 269.65925826289066 -27.411809548974794 -8.95
    endloop
  endfacet
  facet normal -0.06065098445946696 -0.01625138230606624 -0.9980267284282719
    outer loop
      vertex 269.65925826289066 -27.411809548974794 -8.95
      vertex 268.6239820824806 -23.54810624381852 -8.95
      vertex 269.7863740004424 -27.377748989752533 -8.958279563619799
    endloop
  endfacet
  facet normal -0.18099645112235255 -0.04849785291113468 -0.9822872507286878
    outer loop
      vertex 269.7863740004424 -27.377748989752533 -8.958279563619799
      vertex 268.75109782003227 -23.514045684596258 -8.958279563619799
      vertex 269.9114850468776 -27.344225585895998 -8.982987680814936
    endloop
  endfacet
  facet normal -0.29848749562896904 -0.07997948340457246 -0.9510565162951589
    outer loop
      vertex 269.9114850468776 -27.344225585895998 -8.982987680814936
      vertex 268.8762088664675 -23.480522280739727 -8.982987680814936
      vertex 270.0326183262564 -27.31176802150992 -9.023734689817337
    endloop
  endfacet
  facet normal -0.41127121402178435 -0.11019978966730713 -0.9048270524660107
    outer loop
      vertex 270.0326183262564 -27.31176802150992 -9.023734689817337
      vertex 268.9973421458463 -23.448064716353645 -9.023734689817337
      vertex 270.1478634944014 -27.280888171773874 -9.079877985953944
    endloop
  endfacet
  facet normal 0.4112712140217839 0.11019978966730702 -0.9048270524660108
    outer loop
      vertex 269.285898199525 -27.511851076439665 -9.023734689817337
      vertex 268.13537685096986 -23.679027621019436 -9.079877985953944
      vertex 268.25062201911487 -23.64814777128339 -9.023734689817337
    endloop
  endfacet
  facet normal 0.18099645112235258 0.04849785291113469 -0.9822872507286878
    outer loop
      vertex 269.532142525339 -27.445870108197052 -8.958279563619799
      vertex 268.37175529849367 -23.615690206897312 -8.982987680814936
      vertex 268.4968663449289 -23.582166803040778 -8.958279563619799
    endloop
  endfacet
  facet normal 0.2984874956289691 0.07997948340457242 -0.951056516295159
    outer loop
      vertex 269.4070314789038 -27.479393512053587 -8.982987680814936
      vertex 268.25062201911487 -23.64814777128339 -9.023734689817337
      vertex 268.37175529849367 -23.615690206897312 -8.982987680814936
    endloop
  endfacet
  facet normal 0.06065098445946743 0.01625138230606636 -0.9980267284282719
    outer loop
      vertex 269.65925826289066 -27.411809548974794 -8.95
      vertex 268.4968663449289 -23.582166803040778 -8.958279563619799
      vertex 268.6239820824806 -23.54810624381852 -8.95
    endloop
  endfacet
  facet normal -0.06065098445949199 -0.016251382306073835 -0.9980267284282702
    outer loop
      vertex 269.7863740004424 -27.377748989752533 -8.958279563619799
      vertex 268.6239820824806 -23.54810624381852 -8.95
      vertex 268.75109782003227 -23.514045684596258 -8.958279563619799
    endloop
  endfacet
  facet normal -0.1809964511223536 -0.04849785291113501 -0.9822872507286875
    outer loop
      vertex 269.9114850468776 -27.344225585895998 -8.982987680814936
      vertex 268.75109782003227 -23.514045684596258 -8.958279563619799
      vertex 268.8762088664675 -23.480522280739727 -8.982987680814936
    endloop
  endfacet
  facet normal -0.2984874956289672 -0.07997948340457191 -0.9510565162951596
    outer loop
      vertex 270.0326183262564 -27.31176802150992 -9.023734689817337
      vertex 268.8762088664675 -23.480522280739727 -8.982987680814936
      vertex 268.9973421458463 -23.448064716353645 -9.023734689817337
    endloop
  endfacet
  facet normal 0.5175689396879106 0.13868217941681135 -0.8443279255020144
    outer loop
      vertex 269.17065303137997 -27.54273092617571 -9.079877985953944
      vertex 269.0631134596145 -27.57154606758466 -9.150532155906305
      vertex 268.0278372792044 -23.707842762428385 -9.150532155906305
    endloop
  endfacet
  facet normal 0.41127121402178435 0.11019978966730713 -0.9048270524660107
    outer loop
      vertex 269.285898199525 -27.511851076439665 -9.023734689817337
      vertex 269.17065303137997 -27.54273092617571 -9.079877985953944
      vertex 268.13537685096986 -23.679027621019436 -9.079877985953944
    endloop
  endfacet
  facet normal -0.5175689396879106 -0.13868217941681135 -0.8443279255020144
    outer loop
      vertex 270.1478634944014 -27.280888171773874 -9.079877985953944
      vertex 269.1125873139913 -23.4171848666176 -9.079877985953944
      vertex 270.2554030661669 -27.252073030364926 -9.150532155906305
    endloop
  endfacet
  facet normal -0.6157042939944876 -0.16497746835220153 -0.7705132427757799
    outer loop
      vertex 270.2554030661669 -27.252073030364926 -9.150532155906305
      vertex 269.22012688575677 -23.388369725208655 -9.150532155906305
      vertex 270.35354107826504 -27.22577702927643 -9.234582941207517
    endloop
  endfacet
  facet normal -0.7041296237808748 -0.1886709640589201 -0.6845471059286435
    outer loop
      vertex 270.35354107826504 -27.22577702927643 -9.234582941207517
      vertex 269.31826489785493 -23.362073724120155 -9.234582941207517
      vertex 270.4407298356203 -27.202414872154012 -9.330704810763876
    endloop
  endfacet
  facet normal -0.781450408773421 -0.20938900595580232 -0.5877852522926158
    outer loop
      vertex 270.4407298356203 -27.202414872154012 -9.330704810763876
      vertex 269.40545365521024 -23.338711566997738 -9.330704810763876
      vertex 270.51559431944514 -27.182354994171376 -9.437381865272053
    endloop
  endfacet
  facet normal -0.8464472540040907 -0.22680485814594306 -0.4817536741015405
    outer loop
      vertex 270.51559431944514 -27.182354994171376 -9.437381865272053
      vertex 269.48031813903503 -23.318651689015105 -9.437381865272053
      vertex 270.5769538721077 -27.1659137515875 -9.552931743856673
    endloop
  endfacet
  facet normal -0.8980951203957204 -0.24064386223635764 -0.3681245526847749
    outer loop
      vertex 270.5769538721077 -27.1659137515875 -9.552931743856673
      vertex 269.54167769169766 -23.302210446431225 -9.552931743856673
      vertex 270.6238408168082 -27.153350432619447 -9.675532155906305
    endloop
  endfacet
  facet normal -0.9355794902428451 -0.25068776886569794 -0.24868988716487112
    outer loop
      vertex 270.6238408168082 -27.153350432619447 -9.675532155906305
      vertex 269.5885646363981 -23.289647127463176 -9.675532155906305
      vertex 270.6555157184197 -27.144863168312312 -9.803249619684989
    endloop
  endfacet
  facet normal -0.9583092126407448 -0.2567781796263989 -0.12533323356408047
    outer loop
      vertex 270.6555157184197 -27.144863168312312 -9.803249619684989
      vertex 269.62023953800957 -23.28115986315604 -9.803249619684989
      vertex 270.6714790448221 -27.140585807894265 -9.93406995449422
    endloop
  endfacet
  facet normal -0.9659258262890704 -0.2588190451025132 0
    outer loop
      vertex 270.6714790448221 -27.140585807894265 -9.93406995449422
      vertex 269.63620286441204 -23.27688250273799 -9.93406995449422
      vertex 270.6714790448221 -27.140585807894265 -10.06593004550578
    endloop
  endfacet
  facet normal -0.9583092126407484 -0.2567781796263855 0.12533323356408047
    outer loop
      vertex 270.6714790448221 -27.140585807894265 -10.06593004550578
      vertex 269.63620286441204 -23.27688250273799 -10.06593004550578
      vertex 270.6555157184197 -27.144863168312312 -10.196750380315011
    endloop
  endfacet
  facet normal 0.5175689396879106 0.13868217941681135 0.8443279255020144
    outer loop
      vertex 269.0631134596145 -27.57154606758466 -10.849467844093695
      vertex 269.17065303137997 -27.54273092617571 -10.920122014046056
      vertex 268.13537685096986 -23.679027621019436 -10.920122014046056
    endloop
  endfacet
  facet normal 0.4112712140217844 0.11019978966730713 0.9048270524660107
    outer loop
      vertex 269.17065303137997 -27.54273092617571 -10.920122014046056
      vertex 269.285898199525 -27.511851076439665 -10.976265310182663
      vertex 268.25062201911487 -23.64814777128339 -10.976265310182663
    endloop
  endfacet
  facet normal 0.29848749562896904 0.0799794834045724 0.951056516295159
    outer loop
      vertex 269.285898199525 -27.511851076439665 -10.976265310182663
      vertex 269.4070314789038 -27.479393512053587 -11.017012319185064
      vertex 268.37175529849367 -23.615690206897312 -11.017012319185064
    endloop
  endfacet
  facet normal 0.18099645112235255 0.048497852911134676 0.9822872507286878
    outer loop
      vertex 269.4070314789038 -27.479393512053587 -11.017012319185064
      vertex 269.532142525339 -27.445870108197052 -11.041720436380201
      vertex 268.4968663449289 -23.582166803040778 -11.041720436380201
    endloop
  endfacet
  facet normal 0.06065098445949259 0.016251382306073106 0.9980267284282702
    outer loop
      vertex 269.532142525339 -27.445870108197052 -11.041720436380201
      vertex 269.65925826289066 -27.411809548974794 -11.05
      vertex 268.6239820824806 -23.54810624381852 -11.05
    endloop
  endfacet
  facet normal -0.5175689396879105 -0.1386821794168115 0.8443279255020144
    outer loop
      vertex 270.1478634944014 -27.280888171773874 -10.920122014046056
      vertex 270.2554030661669 -27.252073030364926 -10.849467844093695
      vertex 269.22012688575677 -23.388369725208655 -10.849467844093695
    endloop
  endfacet
  facet normal -0.41127121402178435 -0.11019978966730713 0.9048270524660107
    outer loop
      vertex 270.1478634944014 -27.280888171773874 -10.920122014046056
      vertex 269.1125873139913 -23.4171848666176 -10.920122014046056
      vertex 270.0326183262564 -27.31176802150992 -10.976265310182663
    endloop
  endfacet
  facet normal -0.06065098445946675 -0.01625138230606707 0.9980267284282719
    outer loop
      vertex 269.65925826289066 -27.411809548974794 -11.05
      vertex 269.7863740004424 -27.377748989752533 -11.041720436380201
      vertex 268.75109782003227 -23.514045684596258 -11.041720436380201
    endloop
  endfacet
  facet normal -0.18099645112235255 -0.04849785291113472 0.9822872507286878
    outer loop
      vertex 269.7863740004424 -27.377748989752533 -11.041720436380201
      vertex 269.9114850468776 -27.344225585895998 -11.017012319185064
      vertex 268.8762088664675 -23.480522280739727 -11.017012319185064
    endloop
  endfacet
  facet normal -0.29848749562896904 -0.0799794834045724 0.951056516295159
    outer loop
      vertex 269.9114850468776 -27.344225585895998 -11.017012319185064
      vertex 270.0326183262564 -27.31176802150992 -10.976265310182663
      vertex 268.9973421458463 -23.448064716353645 -10.976265310182663
    endloop
  endfacet
  facet normal -0.9355794902428451 -0.25068776886569794 0.24868988716487112
    outer loop
      vertex 270.6555157184197 -27.144863168312312 -10.196750380315011
      vertex 269.62023953800957 -23.28115986315604 -10.196750380315011
      vertex 270.6238408168082 -27.153350432619447 -10.324467844093695
    endloop
  endfacet
  facet normal -0.8980951203957168 -0.2406438622363701 0.3681245526847748
    outer loop
      vertex 270.6238408168082 -27.153350432619447 -10.324467844093695
      vertex 269.5885646363981 -23.289647127463176 -10.324467844093695
      vertex 270.5769538721077 -27.1659137515875 -10.447068256143327
    endloop
  endfacet
  facet normal -0.7814504087734181 -0.20938900595581325 0.5877852522926159
    outer loop
      vertex 270.51559431944514 -27.182354994171376 -10.562618134727947
      vertex 269.48031813903503 -23.318651689015105 -10.562618134727947
      vertex 270.4407298356203 -27.202414872154012 -10.669295189236124
    endloop
  endfacet
  facet normal -0.8464472540040937 -0.2268048581459312 0.48175367410154046
    outer loop
      vertex 270.51559431944514 -27.182354994171376 -10.562618134727947
      vertex 270.5769538721077 -27.1659137515875 -10.447068256143327
      vertex 269.54167769169766 -23.302210446431225 -10.447068256143327
    endloop
  endfacet
  facet normal -0.6157042939944875 -0.16497746835220134 0.77051324277578
    outer loop
      vertex 270.35354107826504 -27.22577702927643 -10.765417058792483
      vertex 269.31826489785493 -23.362073724120155 -10.765417058792483
      vertex 270.2554030661669 -27.252073030364926 -10.849467844093695
    endloop
  endfacet
  facet normal -0.7041296237808774 -0.18867096405891043 0.6845471059286434
    outer loop
      vertex 270.4407298356203 -27.202414872154012 -10.669295189236124
      vertex 269.40545365521024 -23.338711566997738 -10.669295189236124
      vertex 270.35354107826504 -27.22577702927643 -10.765417058792483
    endloop
  endfacet
  facet normal 0.5175689396879103 0.13868217941681127 -0.8443279255020146
    outer loop
      vertex 269.17065303137997 -27.54273092617571 -9.079877985953944
      vertex 268.0278372792044 -23.707842762428385 -9.150532155906305
      vertex 268.13537685096986 -23.679027621019436 -9.079877985953944
    endloop
  endfacet
  facet normal -0.4112712140217839 -0.11019978966730702 -0.9048270524660108
    outer loop
      vertex 270.1478634944014 -27.280888171773874 -9.079877985953944
      vertex 268.9973421458463 -23.448064716353645 -9.023734689817337
      vertex 269.1125873139913 -23.4171848666176 -9.079877985953944
    endloop
  endfacet
  facet normal -0.5175689396879135 -0.1386821794168123 -0.8443279255020124
    outer loop
      vertex 270.2554030661669 -27.252073030364926 -9.150532155906305
      vertex 269.1125873139913 -23.4171848666176 -9.079877985953944
      vertex 269.22012688575677 -23.388369725208655 -9.150532155906305
    endloop
  endfacet
  facet normal -0.6157042939944842 -0.16497746835220048 -0.7705132427757827
    outer loop
      vertex 270.35354107826504 -27.22577702927643 -9.234582941207517
      vertex 269.22012688575677 -23.388369725208655 -9.150532155906305
      vertex 269.31826489785493 -23.362073724120155 -9.234582941207517
    endloop
  endfacet
  facet normal -0.7041296237806762 -0.18867096405885656 -0.6845471059288651
    outer loop
      vertex 270.4407298356203 -27.202414872154012 -9.330704810763876
      vertex 269.31826489785493 -23.362073724120155 -9.234582941207517
      vertex 269.40545365521024 -23.338711566997738 -9.330704810763876
    endloop
  endfacet
  facet normal -0.7814504087736124 -0.2093890059558653 -0.5877852522923391
    outer loop
      vertex 270.51559431944514 -27.182354994171376 -9.437381865272053
      vertex 269.40545365521024 -23.338711566997738 -9.330704810763876
      vertex 269.48031813903503 -23.318651689015105 -9.437381865272053
    endloop
  endfacet
  facet normal -0.8464472540039208 -0.22680485814588489 -0.4817536741018659
    outer loop
      vertex 270.5769538721077 -27.1659137515875 -9.552931743856673
      vertex 269.48031813903503 -23.318651689015105 -9.437381865272053
      vertex 269.54167769169766 -23.302210446431225 -9.552931743856673
    endloop
  endfacet
  facet normal -0.8980951203958569 -0.24064386223640763 -0.3681245526844088
    outer loop
      vertex 270.6238408168082 -27.153350432619447 -9.675532155906305
      vertex 269.54167769169766 -23.302210446431225 -9.552931743856673
      vertex 269.5885646363981 -23.289647127463176 -9.675532155906305
    endloop
  endfacet
  facet normal -0.9355794902428451 -0.25068776886569794 -0.24868988716487117
    outer loop
      vertex 270.6555157184197 -27.144863168312312 -9.803249619684989
      vertex 269.5885646363981 -23.289647127463176 -9.675532155906305
      vertex 269.62023953800957 -23.28115986315604 -9.803249619684989
    endloop
  endfacet
  facet normal -0.9583092126406976 -0.2567781796263719 -0.12533323356449658
    outer loop
      vertex 270.6714790448221 -27.140585807894265 -9.93406995449422
      vertex 269.62023953800957 -23.28115986315604 -9.803249619684989
      vertex 269.63620286441204 -23.27688250273799 -9.93406995449422
    endloop
  endfacet
  facet normal -0.9659258262890704 -0.2588190451025132 0
    outer loop
      vertex 270.6714790448221 -27.140585807894265 -10.06593004550578
      vertex 269.63620286441204 -23.27688250273799 -9.93406995449422
      vertex 269.63620286441204 -23.27688250273799 -10.06593004550578
    endloop
  endfacet
  facet normal 0.5175689396879103 0.13868217941681127 0.8443279255020146
    outer loop
      vertex 269.0631134596145 -27.57154606758466 -10.849467844093695
      vertex 268.13537685096986 -23.679027621019436 -10.920122014046056
      vertex 268.0278372792044 -23.707842762428385 -10.849467844093695
    endloop
  endfacet
  facet normal 0.41127121402178424 0.11019978966730712 0.9048270524660107
    outer loop
      vertex 269.17065303137997 -27.54273092617571 -10.920122014046056
      vertex 268.25062201911487 -23.64814777128339 -10.976265310182663
      vertex 268.13537685096986 -23.679027621019436 -10.920122014046056
    endloop
  endfacet
  facet normal 0.2984874956289691 0.07997948340457242 0.951056516295159
    outer loop
      vertex 269.285898199525 -27.511851076439665 -10.976265310182663
      vertex 268.37175529849367 -23.615690206897312 -11.017012319185064
      vertex 268.25062201911487 -23.64814777128339 -10.976265310182663
    endloop
  endfacet
  facet normal 0.18099645112235258 0.04849785291113469 0.9822872507286878
    outer loop
      vertex 269.4070314789038 -27.479393512053587 -11.017012319185064
      vertex 268.4968663449289 -23.582166803040778 -11.041720436380201
      vertex 268.37175529849367 -23.615690206897312 -11.017012319185064
    endloop
  endfacet
  facet normal 0.06065098445946717 0.016251382306067184 0.9980267284282719
    outer loop
      vertex 269.532142525339 -27.445870108197052 -11.041720436380201
      vertex 268.6239820824806 -23.54810624381852 -11.05
      vertex 268.4968663449289 -23.582166803040778 -11.041720436380201
    endloop
  endfacet
  facet normal -0.41127121402178424 -0.11019978966730712 0.9048270524660107
    outer loop
      vertex 270.0326183262564 -27.31176802150992 -10.976265310182663
      vertex 269.1125873139913 -23.4171848666176 -10.920122014046056
      vertex 268.9973421458463 -23.448064716353645 -10.976265310182663
    endloop
  endfacet
  facet normal -0.5175689396879132 -0.13868217941681207 0.8443279255020127
    outer loop
      vertex 270.1478634944014 -27.280888171773874 -10.920122014046056
      vertex 269.22012688575677 -23.388369725208655 -10.849467844093695
      vertex 269.1125873139913 -23.4171848666176 -10.920122014046056
    endloop
  endfacet
  facet normal -0.060650984459492144 -0.016251382306072985 0.9980267284282702
    outer loop
      vertex 269.65925826289066 -27.411809548974794 -11.05
      vertex 268.75109782003227 -23.514045684596258 -11.041720436380201
      vertex 268.6239820824806 -23.54810624381852 -11.05
    endloop
  endfacet
  facet normal -0.18099645112235377 -0.04849785291113501 0.9822872507286875
    outer loop
      vertex 269.7863740004424 -27.377748989752533 -11.041720436380201
      vertex 268.8762088664675 -23.480522280739727 -11.017012319185064
      vertex 268.75109782003227 -23.514045684596258 -11.041720436380201
    endloop
  endfacet
  facet normal -0.29848749562896715 -0.07997948340457196 0.9510565162951594
    outer loop
      vertex 269.9114850468776 -27.344225585895998 -11.017012319185064
      vertex 268.9973421458463 -23.448064716353645 -10.976265310182663
      vertex 268.8762088664675 -23.480522280739727 -11.017012319185064
    endloop
  endfacet
  facet normal -0.9583092126406941 -0.25677817962638533 0.12533323356449624
    outer loop
      vertex 270.6555157184197 -27.144863168312312 -10.196750380315011
      vertex 269.63620286441204 -23.27688250273799 -10.06593004550578
      vertex 269.62023953800957 -23.28115986315604 -10.196750380315011
    endloop
  endfacet
  facet normal -0.9355794902428451 -0.25068776886569794 0.24868988716487117
    outer loop
      vertex 270.6238408168082 -27.153350432619447 -10.324467844093695
      vertex 269.62023953800957 -23.28115986315604 -10.196750380315011
      vertex 269.5885646363981 -23.289647127463176 -10.324467844093695
    endloop
  endfacet
  facet normal -0.8980951203958604 -0.24064386223639514 0.368124552684409
    outer loop
      vertex 270.5769538721077 -27.1659137515875 -10.447068256143327
      vertex 269.5885646363981 -23.289647127463176 -10.324467844093695
      vertex 269.54167769169766 -23.302210446431225 -10.447068256143327
    endloop
  endfacet
  facet normal -0.7814504087736155 -0.2093890059558544 0.5877852522923391
    outer loop
      vertex 270.4407298356203 -27.202414872154012 -10.669295189236124
      vertex 269.48031813903503 -23.318651689015105 -10.562618134727947
      vertex 269.40545365521024 -23.338711566997738 -10.669295189236124
    endloop
  endfacet
  facet normal -0.8464472540039181 -0.2268048581458968 0.48175367410186554
    outer loop
      vertex 270.51559431944514 -27.182354994171376 -10.562618134727947
      vertex 269.54167769169766 -23.302210446431225 -10.447068256143327
      vertex 269.48031813903503 -23.318651689015105 -10.562618134727947
    endloop
  endfacet
  facet normal -0.6157042939944843 -0.16497746835220065 0.7705132427757826
    outer loop
      vertex 270.2554030661669 -27.252073030364926 -10.849467844093695
      vertex 269.31826489785493 -23.362073724120155 -10.765417058792483
      vertex 269.22012688575677 -23.388369725208655 -10.849467844093695
    endloop
  endfacet
  facet normal -0.7041296237806745 -0.1886709640588664 0.6845471059288643
    outer loop
      vertex 270.35354107826504 -27.22577702927643 -10.765417058792483
      vertex 269.40545365521024 -23.338711566997738 -10.669295189236124
      vertex 269.31826489785493 -23.362073724120155 -10.765417058792483
    endloop
  endfacet
  facet normal -0.4112712140217578 -0.11019978966729711 0.904827052466024
    outer loop
      vertex 247.51346264792227 -33.34575759975028 14.505226720175454
      vertex 247.9524918599033 -33.22812007694629 14.719105943553005
      vertex 246.9172156794932 -29.36441677179002 14.719105943553005
    endloop
  endfacet
  facet normal -0.5175689396879015 -0.13868217941680513 0.8443279255020211
    outer loop
      vertex 247.51346264792227 -33.34575759975028 14.505226720175454
      vertex 246.0685119084056 -29.591826261866185 14.23606797749979
      vertex 247.1037880888157 -33.45552956702246 14.23606797749979
    endloop
  endfacet
  facet normal -0.6157042939945019 -0.16497746835220087 0.7705132427757686
    outer loop
      vertex 247.1037880888157 -33.45552956702246 14.23606797749979
      vertex 245.69465281469834 -29.692001504108084 13.915874509685647
      vertex 246.72992899510842 -33.555704809264356 13.915874509685647
    endloop
  endfacet
  facet normal -0.7041296237808231 -0.18867096405890124 0.6845471059287017
    outer loop
      vertex 246.72992899510842 -33.555704809264356 13.915874509685647
      vertex 245.69465281469834 -29.692001504108084 13.915874509685647
      vertex 246.39778134804075 -33.64470350306404 13.549695958994759
    endloop
  endfacet
  facet normal -0.8464472540039892 -0.22680485814590962 0.48175367410173425
    outer loop
      vertex 246.11258331442238 -33.72112208585502 13.143307179915986
      vertex 245.0773071340123 -29.85741878069875 13.143307179915986
      vertex 245.87883263761248 -33.78375539093646 12.703117166260292
    endloop
  endfacet
  facet normal -0.7814504087735289 -0.20938900595583718 0.5877852522924601
    outer loop
      vertex 246.39778134804075 -33.64470350306404 13.549695958994759
      vertex 245.0773071340123 -29.85741878069875 13.143307179915986
      vertex 246.11258331442238 -33.72112208585502 13.143307179915986
    endloop
  endfacet
  facet normal -0.2984874956289909 -0.07997948340457608 0.9510565162951519
    outer loop
      vertex 248.41395197182246 -33.104472212618376 14.874332644514524
      vertex 247.37867579141238 -29.2407689074621 14.874332644514524
      vertex 247.9524918599033 -33.22812007694629 14.719105943553005
    endloop
  endfacet
  facet normal -0.1809964511223475 -0.048497852911132004 0.9822872507286888
    outer loop
      vertex 248.41395197182246 -33.104472212618376 14.874332644514524
      vertex 248.89056548205193 -32.976764007450626 14.968458805257912
      vertex 247.85528930164185 -29.11306070229435 14.968458805257912
    endloop
  endfacet
  facet normal -0.06065098445947129 -0.016251382306067843 0.9980267284282717
    outer loop
      vertex 248.89056548205193 -32.976764007450626 14.968458805257912
      vertex 249.37481591082025 -32.847009496127725 15
      vertex 247.85528930164185 -29.11306070229435 14.968458805257912
    endloop
  endfacet
  facet normal 0.2588190451025174 -0.9659258262890692 -4.1482654891901e-15
    outer loop
      vertex 247.51346264792227 -33.34575759975028 14.505226720175454
      vertex 247.1037880888157 -33.45552956702246 14.23606797749979
      vertex 250.21362599955762 -32.62225101024747 11.041720436380201
    endloop
  endfacet
  facet normal 0.25881904510252407 -0.9659258262890674 2.8837294476782077e-15
    outer loop
      vertex 247.1037880888157 -33.45552956702246 14.23606797749979
      vertex 246.72992899510842 -33.555704809264356 13.915874509685647
      vertex 249.8521365055986 -32.719111828226126 10.920122014046056
    endloop
  endfacet
  facet normal -0.4112712140217584 -0.11019978966729718 0.9048270524660237
    outer loop
      vertex 247.51346264792227 -33.34575759975028 14.505226720175454
      vertex 246.9172156794932 -29.36441677179002 14.719105943553005
      vertex 246.4781864675122 -29.482054294594004 14.505226720175454
    endloop
  endfacet
  facet normal -0.6157042939945012 -0.16497746835220053 0.7705132427757693
    outer loop
      vertex 247.1037880888157 -33.45552956702246 14.23606797749979
      vertex 246.0685119084056 -29.591826261866185 14.23606797749979
      vertex 245.69465281469834 -29.692001504108084 13.915874509685647
    endloop
  endfacet
  facet normal -0.5175689396879014 -0.1386821794168051 0.8443279255020211
    outer loop
      vertex 247.51346264792227 -33.34575759975028 14.505226720175454
      vertex 246.4781864675122 -29.482054294594004 14.505226720175454
      vertex 246.0685119084056 -29.591826261866185 14.23606797749979
    endloop
  endfacet
  facet normal -0.7041296237808241 -0.18867096405890132 0.6845471059287008
    outer loop
      vertex 246.39778134804075 -33.64470350306404 13.549695958994759
      vertex 245.69465281469834 -29.692001504108084 13.915874509685647
      vertex 245.36250516763067 -29.781000197907762 13.549695958994759
    endloop
  endfacet
  facet normal -0.781450408773528 -0.20938900595583676 0.5877852522924614
    outer loop
      vertex 246.39778134804075 -33.64470350306404 13.549695958994759
      vertex 245.36250516763067 -29.781000197907762 13.549695958994759
      vertex 245.0773071340123 -29.85741878069875 13.143307179915986
    endloop
  endfacet
  facet normal -0.8464472540039898 -0.2268048581459096 0.481753674101733
    outer loop
      vertex 245.87883263761248 -33.78375539093646 12.703117166260292
      vertex 245.0773071340123 -29.85741878069875 13.143307179915986
      vertex 244.8435564572024 -29.92005208578019 12.703117166260292
    endloop
  endfacet
  facet normal -0.29848749562899035 -0.079979483404576 0.951056516295152
    outer loop
      vertex 247.9524918599033 -33.22812007694629 14.719105943553005
      vertex 247.37867579141238 -29.2407689074621 14.874332644514524
      vertex 246.9172156794932 -29.36441677179002 14.719105943553005
    endloop
  endfacet
  facet normal -0.1809964511223475 -0.048497852911132004 0.9822872507286886
    outer loop
      vertex 248.41395197182246 -33.104472212618376 14.874332644514524
      vertex 247.85528930164185 -29.11306070229435 14.968458805257912
      vertex 247.37867579141238 -29.2407689074621 14.874332644514524
    endloop
  endfacet
  facet normal -0.060650984459471396 -0.016251382306067885 0.9980267284282717
    outer loop
      vertex 249.37481591082025 -32.847009496127725 15
      vertex 248.33953973041017 -28.983306190971454 15
      vertex 247.85528930164185 -29.11306070229435 14.968458805257912
    endloop
  endfacet
  facet normal 0.25881904510252224 -0.9659258262890679 7.607827150122068e-16
    outer loop
      vertex 246.72992899510842 -33.555704809264356 13.915874509685647
      vertex 246.39778134804075 -33.64470350306404 13.549695958994759
      vertex 249.64645892173496 -32.77422297072357 10.765417058792483
    endloop
  endfacet
  facet normal 0.2588190451025188 -0.965925826289069 -1.4510525203256245e-15
    outer loop
      vertex 246.39778134804075 -33.64470350306404 13.549695958994759
      vertex 246.11258331442238 -33.72112208585502 13.143307179915986
      vertex 249.4844056805549 -32.81764500582862 10.562618134727947
    endloop
  endfacet
  facet normal 0.2588190451025185 -0.965925826289069 -1.7580522416979504e-15
    outer loop
      vertex 246.11258331442238 -33.72112208585502 13.143307179915986
      vertex 245.87883263761248 -33.78375539093646 12.703117166260292
      vertex 249.32852095517788 -32.85941419210574 10.065930045505779
    endloop
  endfacet
  facet normal -0.8980951203957559 -0.24064386223637374 0.36812455268467753
    outer loop
      vertex 245.87883263761248 -33.78375539093646 12.703117166260292
      vertex 244.66493952501017 -29.967912348515622 12.23606797749979
      vertex 245.70021570542025 -33.831615653671896 12.23606797749979
    endloop
  endfacet
  facet normal -0.935579490242856 -0.25068776886569394 0.24868988716483453
    outer loop
      vertex 245.70021570542025 -33.831615653671896 12.23606797749979
      vertex 244.54427323315687 -30.000244783971375 11.749525258342898
      vertex 245.57954941356695 -33.863948089127646 11.749525258342898
    endloop
  endfacet
  facet normal -0.9583092126407177 -0.25677817962638455 0.1253332335643184
    outer loop
      vertex 245.57954941356695 -33.863948089127646 11.749525258342898
      vertex 244.54427323315687 -30.000244783971375 11.749525258342898
      vertex 245.51873674155763 -33.88024279548212 11.251162078117254
    endloop
  endfacet
  facet normal 0.2588190451025287 -0.9659258262890661 7.996248763524568e-15
    outer loop
      vertex 247.1037880888157 -33.45552956702246 14.23606797749979
      vertex 249.8521365055986 -32.719111828226126 10.920122014046056
      vertex 249.9673816737436 -32.68823197849008 10.976265310182663
    endloop
  endfacet
  facet normal 0.2588190451025146 -0.9659258262890701 -6.964643465417431e-15
    outer loop
      vertex 246.72992899510842 -33.555704809264356 13.915874509685647
      vertex 249.64645892173496 -32.77422297072357 10.765417058792483
      vertex 249.74459693383312 -32.747926969635074 10.849467844093695
    endloop
  endfacet
  facet normal 0.25881904510252823 -0.9659258262890662 7.903273824052076e-15
    outer loop
      vertex 246.72992899510842 -33.555704809264356 13.915874509685647
      vertex 249.74459693383312 -32.747926969635074 10.849467844093695
      vertex 249.8521365055986 -32.719111828226126 10.920122014046056
    endloop
  endfacet
  facet normal 0.2588190451024995 -0.965925826289074 -2.012492237098407e-14
    outer loop
      vertex 247.1037880888157 -33.45552956702246 14.23606797749979
      vertex 249.9673816737436 -32.68823197849008 10.976265310182663
      vertex 250.0885149531224 -32.655774414104 11.017012319185064
    endloop
  endfacet
  facet normal 0.2588190451025455 -0.9659258262890617 2.6107271458563327e-14
    outer loop
      vertex 247.1037880888157 -33.45552956702246 14.23606797749979
      vertex 250.0885149531224 -32.655774414104 11.017012319185064
      vertex 250.21362599955762 -32.62225101024747 11.041720436380201
    endloop
  endfacet
  facet normal 0.25881904510251785 -0.9659258262890691 -3.708919428421346e-15
    outer loop
      vertex 247.51346264792227 -33.34575759975028 14.505226720175454
      vertex 250.21362599955762 -32.62225101024747 11.041720436380201
      vertex 250.3407417371093 -32.588190451025206 11.05
    endloop
  endfacet
  facet normal 0.2588190451025167 -0.9659258262890694 -4.126522570437959e-15
    outer loop
      vertex 247.51346264792227 -33.34575759975028 14.505226720175454
      vertex 250.3407417371093 -32.588190451025206 11.05
      vertex 250.467857474661 -32.554129891802944 11.041720436380201
    endloop
  endfacet
  facet normal 0.25881904510255654 -0.9659258262890589 3.095227075612064e-14
    outer loop
      vertex 247.51346264792227 -33.34575759975028 14.505226720175454
      vertex 250.467857474661 -32.554129891802944 11.041720436380201
      vertex 250.59296852109622 -32.52060648794641 11.017012319185064
    endloop
  endfacet
  facet normal 0.2588190451024807 -0.965925826289079 -3.898847280749267e-14
    outer loop
      vertex 247.51346264792227 -33.34575759975028 14.505226720175454
      vertex 250.59296852109622 -32.52060648794641 11.017012319185064
      vertex 250.71410180047502 -32.48814892356033 10.976265310182663
    endloop
  endfacet
  facet normal 0.25881904510254294 -0.9659258262890623 1.8896684754357345e-14
    outer loop
      vertex 247.51346264792227 -33.34575759975028 14.505226720175454
      vertex 250.71410180047502 -32.48814892356033 10.976265310182663
      vertex 250.82934696862003 -32.457269073824285 10.920122014046056
    endloop
  endfacet
  facet normal 0.25881904510240034 -0.9659258262891006 -1.2194376282717206e-13
    outer loop
      vertex 247.51346264792227 -33.34575759975028 14.505226720175454
      vertex 250.82934696862003 -32.457269073824285 10.920122014046056
      vertex 250.9368865403855 -32.428453932415344 10.849467844093695
    endloop
  endfacet
  facet normal 0.25881904510278264 -0.9659258262889981 2.7176926351362284e-13
    outer loop
      vertex 247.51346264792227 -33.34575759975028 14.505226720175454
      vertex 250.9368865403855 -32.428453932415344 10.849467844093695
      vertex 251.03502455248366 -32.40215793132684 10.765417058792483
    endloop
  endfacet
  facet normal 0.2588190451025039 -0.9659258262890729 -2.191897937349416e-14
    outer loop
      vertex 246.11258331442238 -33.72112208585502 13.143307179915986
      vertex 249.4230461278923 -32.8340862484125 10.447068256143327
      vertex 249.4844056805549 -32.81764500582862 10.562618134727947
    endloop
  endfacet
  facet normal 0.25881904510252396 -0.9659258262890674 4.029413221833062e-15
    outer loop
      vertex 246.11258331442238 -33.72112208585502 13.143307179915986
      vertex 249.37615918319182 -32.84664956738055 10.324467844093695
      vertex 249.4230461278923 -32.8340862484125 10.447068256143327
    endloop
  endfacet
  facet normal 0.2588190451025178 -0.965925826289069 -3.3902822709862614e-15
    outer loop
      vertex 246.11258331442238 -33.72112208585502 13.143307179915986
      vertex 249.34448428158032 -32.85513683168769 10.196750380315011
      vertex 249.37615918319182 -32.84664956738055 10.324467844093695
    endloop
  endfacet
  facet normal 0.2588190451025584 -0.9659258262890582 4.6371517867413144e-14
    outer loop
      vertex 246.39778134804075 -33.64470350306404 13.549695958994759
      vertex 249.5592701643797 -32.79758512784599 10.669295189236124
      vertex 249.64645892173496 -32.77422297072357 10.765417058792483
    endloop
  endfacet
  facet normal 0.25881904510250786 -0.9659258262890716 -1.3965016736968332e-14
    outer loop
      vertex 246.39778134804075 -33.64470350306404 13.549695958994759
      vertex 249.4844056805549 -32.81764500582862 10.562618134727947
      vertex 249.5592701643797 -32.79758512784599 10.669295189236124
    endloop
  endfacet
  facet normal 0.25881904510253445 -0.9659258262890646 1.4607921200866572e-14
    outer loop
      vertex 246.11258331442238 -33.72112208585502 13.143307179915986
      vertex 249.32852095517788 -32.85941419210574 10.065930045505779
      vertex 249.34448428158032 -32.85513683168769 10.196750380315011
    endloop
  endfacet
  facet normal 0.25881904510251985 -0.9659258262890686 0
    outer loop
      vertex 245.87883263761248 -33.78375539093646 12.703117166260292
      vertex 249.32852095517788 -32.85941419210574 9.934069954494221
      vertex 249.32852095517788 -32.85941419210574 10.065930045505779
    endloop
  endfacet
  facet normal 0.25881904510250475 -0.9659258262890726 -1.896706573788966e-14
    outer loop
      vertex 245.87883263761248 -33.78375539093646 12.703117166260292
      vertex 249.34448428158032 -32.85513683168769 9.803249619684989
      vertex 249.32852095517788 -32.85941419210574 9.934069954494221
    endloop
  endfacet
  facet normal 0.2588190451025237 -0.9659258262890676 4.891589886887871e-15
    outer loop
      vertex 245.87883263761248 -33.78375539093646 12.703117166260292
      vertex 249.37615918319182 -32.84664956738055 9.675532155906305
      vertex 249.34448428158032 -32.85513683168769 9.803249619684989
    endloop
  endfacet
  facet normal 0.25881904510251313 -0.9659258262890704 -8.973391765371072e-15
    outer loop
      vertex 245.87883263761248 -33.78375539093646 12.703117166260292
      vertex 249.4230461278923 -32.8340862484125 9.552931743856673
      vertex 249.37615918319182 -32.84664956738055 9.675532155906305
    endloop
  endfacet
  facet normal -0.8980951203957558 -0.24064386223637374 0.3681245526846777
    outer loop
      vertex 245.87883263761248 -33.78375539093646 12.703117166260292
      vertex 244.8435564572024 -29.92005208578019 12.703117166260292
      vertex 244.66493952501017 -29.967912348515622 12.23606797749979
    endloop
  endfacet
  facet normal -0.9355794902428556 -0.2506877688656936 0.24868988716483637
    outer loop
      vertex 245.70021570542025 -33.831615653671896 12.23606797749979
      vertex 244.66493952501017 -29.967912348515622 12.23606797749979
      vertex 244.54427323315687 -30.000244783971375 11.749525258342898
    endloop
  endfacet
  facet normal -0.9583092126407177 -0.25677817962638455 0.12533323356431827
    outer loop
      vertex 245.51873674155763 -33.88024279548212 11.251162078117254
      vertex 244.54427323315687 -30.000244783971375 11.749525258342898
      vertex 244.48346056114755 -30.016539490325847 11.251162078117254
    endloop
  endfacet
  facet normal -0.25881904510251597 0.9659258262890695 -1.5373818694217003e-15
    outer loop
      vertex 246.4781864675122 -29.482054294594004 14.505226720175454
      vertex 246.9172156794932 -29.36441677179002 14.719105943553005
      vertex 246.6605786409874 -29.433182459005565 12.915874509685647
    endloop
  endfacet
  facet normal -0.2588190451025146 0.96592582628907 1.121285684950206e-15
    outer loop
      vertex 245.69465281469834 -29.692001504108084 13.915874509685647
      vertex 245.63086535129924 -29.709093303413102 11.23606797749979
      vertex 245.36250516763067 -29.781000197907762 13.549695958994759
    endloop
  endfacet
  facet normal -0.25881904510253295 0.9659258262890651 -2.493500891109758e-15
    outer loop
      vertex 246.0685119084056 -29.591826261866185 14.23606797749979
      vertex 246.04323296030137 -29.59859973559623 12.143307179915986
      vertex 245.69465281469834 -29.692001504108084 13.915874509685647
    endloop
  endfacet
  facet normal -0.25881904510251547 0.9659258262890696 9.338048797654419e-16
    outer loop
      vertex 246.4781864675122 -29.482054294594004 14.505226720175454
      vertex 246.32843099391974 -29.52218115280524 12.549695958994759
      vertex 246.0685119084056 -29.591826261866185 14.23606797749979
    endloop
  endfacet
  facet normal -0.258819045102536 0.9659258262890642 -2.453812031125937e-15
    outer loop
      vertex 246.0685119084056 -29.591826261866185 14.23606797749979
      vertex 246.32843099391974 -29.52218115280524 12.549695958994759
      vertex 246.04323296030137 -29.59859973559623 12.143307179915986
    endloop
  endfacet
  facet normal -0.25881904510250375 0.9659258262890729 -2.8176372409427616e-17
    outer loop
      vertex 246.4781864675122 -29.482054294594004 14.505226720175454
      vertex 246.6605786409874 -29.433182459005565 12.915874509685647
      vertex 246.32843099391974 -29.52218115280524 12.549695958994759
    endloop
  endfacet
  facet normal -0.25881904510252557 0.965925826289067 4.750952121411025e-15
    outer loop
      vertex 247.37867579141238 -29.2407689074621 14.874332644514524
      vertex 247.03443773469468 -29.33300721676366 13.23606797749979
      vertex 246.9172156794932 -29.36441677179002 14.719105943553005
    endloop
  endfacet
  facet normal -0.25881904510252224 0.9659258262890679 2.442090638937375e-15
    outer loop
      vertex 247.37867579141238 -29.2407689074621 14.874332644514524
      vertex 247.85528930164185 -29.11306070229435 14.968458805257912
      vertex 247.44411229380125 -29.22323524949148 13.505226720175454
    endloop
  endfacet
  facet normal -0.25881904510250864 0.9659258262890715 -1.6606265307118034e-15
    outer loop
      vertex 247.85528930164185 -29.11306070229435 14.968458805257912
      vertex 247.88314150578228 -29.1055977266875 13.719105943553005
      vertex 247.44411229380125 -29.22323524949148 13.505226720175454
    endloop
  endfacet
  facet normal -0.25881904510252224 0.965925826289068 -1.9856979477801855e-15
    outer loop
      vertex 247.85528930164185 -29.11306070229435 14.968458805257912
      vertex 248.33953973041017 -28.983306190971454 15
      vertex 247.88314150578228 -29.1055977266875 13.719105943553005
    endloop
  endfacet
  facet normal -0.25881904510252357 0.9659258262890674 -1.4747564130546435e-15
    outer loop
      vertex 248.33953973041017 -28.983306190971454 15
      vertex 248.34460161770144 -28.98194986235958 13.874332644514524
      vertex 247.88314150578228 -29.1055977266875 13.719105943553005
    endloop
  endfacet
  facet normal -0.2588190451025215 0.965925826289068 -1.464838954747272e-15
    outer loop
      vertex 248.33953973041017 -28.983306190971454 15
      vertex 248.8212151279309 -28.85424165719183 13.968458805257912
      vertex 248.34460161770144 -28.98194986235958 13.874332644514524
    endloop
  endfacet
  facet normal -0.25881904510252235 0.965925826289068 -1.8230292928112665e-15
    outer loop
      vertex 248.33953973041017 -28.983306190971454 15
      vertex 249.30546555669923 -28.724487145868935 14
      vertex 248.8212151279309 -28.85424165719183 13.968458805257912
    endloop
  endfacet
  facet normal -0.2588190451025166 0.9659258262890693 2.7342748006364945e-15
    outer loop
      vertex 247.37867579141238 -29.2407689074621 14.874332644514524
      vertex 247.44411229380125 -29.22323524949148 13.505226720175454
      vertex 247.03443773469468 -29.33300721676366 13.23606797749979
    endloop
  endfacet
  facet normal -0.25881904510254594 0.9659258262890615 3.028656837841361e-15
    outer loop
      vertex 246.9172156794932 -29.36441677179002 14.719105943553005
      vertex 247.03443773469468 -29.33300721676366 13.23606797749979
      vertex 246.6605786409874 -29.433182459005565 12.915874509685647
    endloop
  endfacet
  facet normal -0.25881904510252784 0.9659258262890663 -1.0557965291444847e-16
    outer loop
      vertex 245.36250516763067 -29.781000197907762 13.549695958994759
      vertex 245.44938638743662 -29.757720445223327 10.251162078117254
      vertex 245.0773071340123 -29.85741878069875 13.143307179915986
    endloop
  endfacet
  facet normal -0.2588190451025259 0.9659258262890669 -2.9034749341595624e-16
    outer loop
      vertex 245.36250516763067 -29.781000197907762 13.549695958994759
      vertex 245.63086535129924 -29.709093303413102 11.23606797749979
      vertex 245.51019905944594 -29.741425738868852 10.749525258342898
    endloop
  endfacet
  facet normal -0.2588190451025069 0.9659258262890719 2.980678112616496e-15
    outer loop
      vertex 245.69465281469834 -29.692001504108084 13.915874509685647
      vertex 246.04323296030137 -29.59859973559623 12.143307179915986
      vertex 245.80948228349146 -29.66123304067767 11.703117166260292
    endloop
  endfacet
  facet normal -0.2588190451025323 0.9659258262890652 1.5743870420681082e-15
    outer loop
      vertex 245.69465281469834 -29.692001504108084 13.915874509685647
      vertex 245.80948228349146 -29.66123304067767 11.703117166260292
      vertex 245.63086535129924 -29.709093303413102 11.23606797749979
    endloop
  endfacet
  facet normal -0.25881904510251735 0.9659258262890691 1.8893431636067342e-16
    outer loop
      vertex 245.36250516763067 -29.781000197907762 13.549695958994759
      vertex 245.51019905944594 -29.741425738868852 10.749525258342898
      vertex 245.44938638743662 -29.757720445223327 10.251162078117254
    endloop
  endfacet
  facet normal -0.2588190451025271 0.9659258262890664 0
    outer loop
      vertex 245.0773071340123 -29.85741878069875 13.143307179915986
      vertex 245.44938638743662 -29.757720445223327 10.251162078117254
      vertex 245.44938638743662 -29.757720445223327 9.748837921882746
    endloop
  endfacet
  facet normal 0.2588190451025695 -0.9659258262890552 5.752770233444478e-14
    outer loop
      vertex 245.87883263761248 -33.78375539093646 12.703117166260292
      vertex 249.4844056805549 -32.81764500582862 9.437381865272053
      vertex 249.4230461278923 -32.8340862484125 9.552931743856673
    endloop
  endfacet
  facet normal 0.2588190451025705 -0.9659258262890549 6.121649788549144e-14
    outer loop
      vertex 245.87883263761248 -33.78375539093646 12.703117166260292
      vertex 249.5592701643797 -32.79758512784599 9.330704810763876
      vertex 249.4844056805549 -32.81764500582862 9.437381865272053
    endloop
  endfacet
  facet normal 0.258819045102095 -0.9659258262891824 -4.954967543539359e-13
    outer loop
      vertex 245.87883263761248 -33.78375539093646 12.703117166260292
      vertex 249.64645892173496 -32.77422297072357 9.234582941207519
      vertex 249.5592701643797 -32.79758512784599 9.330704810763876
    endloop
  endfacet
  facet normal 0 0 1
    outer loop
      vertex 249.37481591082025 -32.847009496127725 15
      vertex 269.58990790876965 -23.289287198715996 15
      vertex 248.33953973041017 -28.983306190971454 15
    endloop
  endfacet
  facet normal 0 0 1
    outer loop
      vertex 249.37481591082025 -32.847009496127725 15
      vertex 270.62518408917975 -27.15299050387227 15
      vertex 269.58990790876965 -23.289287198715996 15
    endloop
  endfacet
  facet normal 0.25881904510252063 -0.9659258262890683 1.3423984613200622e-15
    outer loop
      vertex 249.37481591082025 -32.847009496127725 15
      vertex 268.8777866901611 -27.621204225795573 10.669295189236124
      vertex 270.62518408917975 -27.15299050387227 15
    endloop
  endfacet
  facet normal 0.25881904510250764 -0.9659258262890718 -5.137350301045906e-14
    outer loop
      vertex 249.37481591082025 -32.847009496127725 15
      vertex 268.80292220633623 -27.64126410377821 10.562618134727947
      vertex 268.8777866901611 -27.621204225795573 10.669295189236124
    endloop
  endfacet
  facet normal 0.2588190451025306 -0.9659258262890655 5.453154366610186e-14
    outer loop
      vertex 249.37481591082025 -32.847009496127725 15
      vertex 268.74156265367367 -27.657705346362086 10.447068256143327
      vertex 268.80292220633623 -27.64126410377821 10.562618134727947
    endloop
  endfacet
  facet normal 0.2588190451025158 -0.9659258262890696 -2.1217091257719182e-14
    outer loop
      vertex 249.37481591082025 -32.847009496127725 15
      vertex 268.6946757089732 -27.670268665330138 10.324467844093695
      vertex 268.74156265367367 -27.657705346362086 10.447068256143327
    endloop
  endfacet
  facet normal 0.2588190451025147 -0.96592582628907 -2.6240124332509378e-14
    outer loop
      vertex 249.37481591082025 -32.847009496127725 15
      vertex 268.6630008073617 -27.67875592963727 10.196750380315011
      vertex 268.6946757089732 -27.670268665330138 10.324467844093695
    endloop
  endfacet
  facet normal 0.2588190451025127 -0.9659258262890704 -3.695684673539377e-14
    outer loop
      vertex 249.37481591082025 -32.847009496127725 15
      vertex 268.6470374809592 -27.68303329005532 10.065930045505779
      vertex 268.6630008073617 -27.67875592963727 10.196750380315011
    endloop
  endfacet
  facet normal 0.2588190451025214 -0.965925826289068 0
    outer loop
      vertex 249.37481591082025 -32.847009496127725 15
      vertex 268.6470374809592 -27.68303329005532 9.934069954494221
      vertex 268.6470374809592 -27.68303329005532 10.065930045505779
    endloop
  endfacet
  facet normal 0.258819045102532 -0.9659258262890652 3.9374365498385827e-14
    outer loop
      vertex 249.37481591082025 -32.847009496127725 15
      vertex 268.6630008073617 -27.67875592963727 9.803249619684989
      vertex 268.6470374809592 -27.68303329005532 9.934069954494221
    endloop
  endfacet
  facet normal 0.2588190451025297 -0.965925826289066 2.9855671435065146e-14
    outer loop
      vertex 249.37481591082025 -32.847009496127725 15
      vertex 268.6946757089732 -27.670268665330138 9.675532155906305
      vertex 268.6630008073617 -27.67875592963727 9.803249619684989
    endloop
  endfacet
  facet normal 0.25881904510252696 -0.9659258262890666 2.591183614774677e-14
    outer loop
      vertex 249.37481591082025 -32.847009496127725 15
      vertex 268.74156265367367 -27.657705346362086 9.552931743856673
      vertex 268.6946757089732 -27.670268665330138 9.675532155906305
    endloop
  endfacet
  facet normal -0.2588190451025211 0.9659258262890682 -6.055761952500859e-16
    outer loop
      vertex 248.33953973041017 -28.983306190971454 15
      vertex 269.58990790876965 -23.289287198715996 15
      vertex 249.30546555669923 -28.724487145868935 14
    endloop
  endfacet
  facet normal -0.25881904510252174 0.9659258262890681 1.2211806176567809e-14
    outer loop
      vertex 269.58990790876965 -23.289287198715996 15
      vertex 249.78971598546755 -28.594732634546038 13.968458805257912
      vertex 249.30546555669923 -28.724487145868935 14
    endloop
  endfacet
  facet normal -0.2588190451025214 0.9659258262890681 5.827821187226064e-15
    outer loop
      vertex 269.58990790876965 -23.289287198715996 15
      vertex 250.26632949569702 -28.467024429378288 13.874332644514524
      vertex 249.78971598546755 -28.594732634546038 13.968458805257912
    endloop
  endfacet
  facet normal -0.2588190451025216 0.9659258262890681 7.801470041411876e-15
    outer loop
      vertex 269.58990790876965 -23.289287198715996 15
      vertex 250.7277896076162 -28.34337656505037 13.719105943553005
      vertex 250.26632949569702 -28.467024429378288 13.874332644514524
    endloop
  endfacet
  facet normal -0.25881904510252046 0.9659258262890682 -8.958840712254296e-15
    outer loop
      vertex 269.58990790876965 -23.289287198715996 15
      vertex 251.1668188195972 -28.225739042246385 13.505226720175454
      vertex 250.7277896076162 -28.34337656505037 13.719105943553005
    endloop
  endfacet
  facet normal -0.25881904510252035 0.9659258262890684 -7.391691014165379e-15
    outer loop
      vertex 269.58990790876965 -23.289287198715996 15
      vertex 251.5764933787038 -28.115967074974204 13.23606797749979
      vertex 251.1668188195972 -28.225739042246385 13.505226720175454
    endloop
  endfacet
  facet normal -0.25881904510252285 0.9659258262890679 1.4949873611886628e-14
    outer loop
      vertex 269.58990790876965 -23.289287198715996 15
      vertex 251.95035247241105 -28.015791832732305 12.915874509685647
      vertex 251.5764933787038 -28.115967074974204 13.23606797749979
    endloop
  endfacet
  facet normal -0.25881904510252046 0.9659258262890684 -5.7582466288019355e-15
    outer loop
      vertex 269.58990790876965 -23.289287198715996 15
      vertex 252.28250011947873 -27.926793138932627 12.549695958994759
      vertex 251.95035247241105 -28.015791832732305 12.915874509685647
    endloop
  endfacet
  facet normal -0.2588190451025217 0.965925826289068 5.325657917723603e-15
    outer loop
      vertex 269.58990790876965 -23.289287198715996 15
      vertex 252.5676981530971 -27.850374556141638 12.143307179915986
      vertex 252.28250011947873 -27.926793138932627 12.549695958994759
    endloop
  endfacet
  facet normal -0.2588190451025195 0.9659258262890688 -1.0092170728144116e-14
    outer loop
      vertex 269.58990790876965 -23.289287198715996 15
      vertex 252.801448829907 -27.7877412510602 11.70311716626029
      vertex 252.5676981530971 -27.850374556141638 12.143307179915986
    endloop
  endfacet
  facet normal -0.2588190451025216 0.9659258262890681 3.256647572224917e-15
    outer loop
      vertex 269.58990790876965 -23.289287198715996 15
      vertex 252.98006576209923 -27.739880988324767 11.23606797749979
      vertex 252.801448829907 -27.7877412510602 11.70311716626029
    endloop
  endfacet
  facet normal -0.2588190451025218 0.9659258262890681 1.608166712890265e-15
    outer loop
      vertex 269.58990790876965 -23.289287198715996 15
      vertex 253.10073205395253 -27.707548552869017 10.7495252583429
      vertex 252.98006576209923 -27.739880988324767 11.23606797749979
    endloop
  endfacet
  facet normal -0.2588190451025203 0.9659258262890684 -2.4055791567520933e-15
    outer loop
      vertex 253.10073205395253 -27.707548552869017 10.7495252583429
      vertex 264.9493818770806 -24.532712401362687 11.23606797749979
      vertex 264.8287155852273 -24.565044836818437 10.749525258342898
    endloop
  endfacet
  facet normal -0.25881904510251696 0.9659258262890693 -2.278342095506902e-14
    outer loop
      vertex 253.10073205395253 -27.707548552869017 10.7495252583429
      vertex 266.35295426047605 -24.156626314713247 13.23606797749979
      vertex 265.9790951667688 -24.256801556955146 12.915874509685647
    endloop
  endfacet
  facet normal -0.25881904510252635 0.9659258262890669 3.231977981029703e-14
    outer loop
      vertex 253.10073205395253 -27.707548552869017 10.7495252583429
      vertex 266.76262881958263 -24.04685434744107 13.505226720175454
      vertex 266.35295426047605 -24.156626314713247 13.23606797749979
    endloop
  endfacet
  facet normal -0.25881904510252124 0.965925826289068 2.9936586600498143e-15
    outer loop
      vertex 253.10073205395253 -27.707548552869017 10.7495252583429
      vertex 265.6469475197011 -24.345800250754827 12.549695958994759
      vertex 265.3617494860827 -24.422218833545813 12.143307179915986
    endloop
  endfacet
  facet normal -0.2588190451025235 0.9659258262890676 2.060935864236361e-14
    outer loop
      vertex 253.10073205395253 -27.707548552869017 10.7495252583429
      vertex 265.9790951667688 -24.256801556955146 12.915874509685647
      vertex 265.6469475197011 -24.345800250754827 12.549695958994759
    endloop
  endfacet
  facet normal -0.25881904510250764 0.9659258262890718 -7.215418476983264e-14
    outer loop
      vertex 253.10073205395253 -27.707548552869017 10.7495252583429
      vertex 267.2016580315636 -23.92921682463708 13.719105943553005
      vertex 266.76262881958263 -24.04685434744107 13.505226720175454
    endloop
  endfacet
  facet normal -0.25881904510252657 0.9659258262890668 3.354105998252374e-14
    outer loop
      vertex 253.10073205395253 -27.707548552869017 10.7495252583429
      vertex 267.6631181434828 -23.805568960309166 13.874332644514524
      vertex 267.2016580315636 -23.92921682463708 13.719105943553005
    endloop
  endfacet
  facet normal -0.2588190451025214 0.9659258262890682 4.060028537247236e-15
    outer loop
      vertex 253.10073205395253 -27.707548552869017 10.7495252583429
      vertex 265.3617494860827 -24.422218833545813 12.143307179915986
      vertex 265.1279988092728 -24.484852138627254 11.703117166260292
    endloop
  endfacet
  facet normal -0.25881904510251963 0.9659258262890685 -2.0160290556915097e-14
    outer loop
      vertex 253.10073205395253 -27.707548552869017 10.7495252583429
      vertex 265.1279988092728 -24.484852138627254 11.703117166260292
      vertex 264.9493818770806 -24.532712401362687 11.23606797749979
    endloop
  endfacet
  facet normal 0.258819045102518 -0.9659258262890691 -2.750838931720198e-15
    outer loop
      vertex 248.41395197182246 -33.104472212618376 14.874332644514524
      vertex 247.9524918599033 -33.22812007694629 14.719105943553005
      vertex 269.9114850468776 -27.344225585895998 -8.982987680814936
    endloop
  endfacet
  facet normal 0.2588190451025217 -0.9659258262890681 8.257467421702551e-16
    outer loop
      vertex 248.41395197182246 -33.104472212618376 14.874332644514524
      vertex 270.2554030661669 -27.252073030364926 -9.150532155906305
      vertex 248.89056548205193 -32.976764007450626 14.968458805257912
    endloop
  endfacet
  facet normal 0.2588190451025229 -0.9659258262890678 2.334867513268854e-15
    outer loop
      vertex 247.51346264792227 -33.34575759975028 14.505226720175454
      vertex 269.7863740004424 -27.377748989752533 -8.958279563619799
      vertex 247.9524918599033 -33.22812007694629 14.719105943553005
    endloop
  endfacet
  facet normal -0.25881904510252035 0.9659258262890684 -5.641957781477834e-16
    outer loop
      vertex 253.10073205395253 -27.707548552869017 10.7495252583429
      vertex 264.8287155852273 -24.565044836818437 10.749525258342898
      vertex 253.16154472596185 -27.69125384651454 10.251162078117256
    endloop
  endfacet
  facet normal -0.25881904510252035 0.9659258262890683 0
    outer loop
      vertex 253.16154472596185 -27.69125384651454 10.251162078117256
      vertex 264.767902913218 -24.581339543172913 9.748837921882746
      vertex 253.16154472596185 -27.69125384651454 9.748837921882744
    endloop
  endfacet
  facet normal -0.25881904510252035 0.9659258262890684 5.687827356937004e-16
    outer loop
      vertex 253.16154472596185 -27.69125384651454 9.748837921882744
      vertex 264.8287155852273 -24.565044836818437 9.250474741657102
      vertex 253.10073205395253 -27.707548552869017 9.2504747416571
    endloop
  endfacet
  facet normal -0.25881904510252046 0.9659258262890684 -2.357076416275303e-15
    outer loop
      vertex 264.9493818770806 -24.532712401362687 8.76393202250021
      vertex 252.98006576209923 -27.739880988324767 8.76393202250021
      vertex 253.10073205395253 -27.707548552869017 9.2504747416571
    endloop
  endfacet
  facet normal -0.25881904510252046 0.9659258262890684 -2.4554552206346867e-15
    outer loop
      vertex 264.9493818770806 -24.532712401362687 8.76393202250021
      vertex 252.801448829907 -27.7877412510602 8.29688283373971
      vertex 252.98006576209923 -27.739880988324767 8.76393202250021
    endloop
  endfacet
  facet normal -0.2588190451025177 0.9659258262890691 -2.330370220646534e-14
    outer loop
      vertex 264.9493818770806 -24.532712401362687 8.76393202250021
      vertex 251.5764933787038 -28.115967074974204 6.76393202250021
      vertex 251.95035247241105 -28.015791832732305 7.084125490314353
    endloop
  endfacet
  facet normal -0.25881904510252207 0.9659258262890679 1.234373466707602e-14
    outer loop
      vertex 264.9493818770806 -24.532712401362687 8.76393202250021
      vertex 251.1668188195972 -28.225739042246385 6.494773279824546
      vertex 251.5764933787038 -28.115967074974204 6.76393202250021
    endloop
  endfacet
  facet normal -0.2588190451025209 0.9659258262890682 1.1792130593907295e-14
    outer loop
      vertex 264.9493818770806 -24.532712401362687 8.76393202250021
      vertex 252.5676981530971 -27.850374556141638 7.856692820084016
      vertex 252.801448829907 -27.7877412510602 8.29688283373971
    endloop
  endfacet
  facet normal -0.25881904510251985 0.9659258262890685 -5.7517420406227034e-15
    outer loop
      vertex 264.9493818770806 -24.532712401362687 8.76393202250021
      vertex 252.28250011947873 -27.926793138932627 7.45030404100524
      vertex 252.5676981530971 -27.850374556141638 7.856692820084016
    endloop
  endfacet
  facet normal -0.2588190451025213 0.9659258262890683 8.166682439892272e-15
    outer loop
      vertex 264.9493818770806 -24.532712401362687 8.76393202250021
      vertex 251.95035247241105 -28.015791832732305 7.084125490314353
      vertex 252.28250011947873 -27.926793138932627 7.45030404100524
    endloop
  endfacet
  facet normal -0.25881904510252035 0.9659258262890684 1.1865664485313805e-15
    outer loop
      vertex 253.16154472596185 -27.69125384651454 10.251162078117256
      vertex 264.8287155852273 -24.565044836818437 10.749525258342898
      vertex 264.767902913218 -24.581339543172913 10.251162078117254
    endloop
  endfacet
  facet normal -0.2588190451025203 0.9659258262890684 0
    outer loop
      vertex 253.16154472596185 -27.69125384651454 10.251162078117256
      vertex 264.767902913218 -24.581339543172913 10.251162078117254
      vertex 264.767902913218 -24.581339543172913 9.748837921882746
    endloop
  endfacet
  facet normal -0.25881904510252035 0.9659258262890684 -1.1865664485313805e-15
    outer loop
      vertex 253.16154472596185 -27.69125384651454 9.748837921882744
      vertex 264.767902913218 -24.581339543172913 9.748837921882746
      vertex 264.8287155852273 -24.565044836818437 9.250474741657102
    endloop
  endfacet
  facet normal -0.2588190451025203 0.9659258262890684 1.7759939868208814e-15
    outer loop
      vertex 264.9493818770806 -24.532712401362687 8.76393202250021
      vertex 253.10073205395253 -27.707548552869017 9.2504747416571
      vertex 264.8287155852273 -24.565044836818437 9.250474741657102
    endloop
  endfacet
  facet normal -0.9659258262890685 -0.2588190451025201 0
    outer loop
      vertex 245.51873674155763 -33.88024279548212 11.251162078117254
      vertex 244.48346056114755 -30.016539490325847 11.251162078117254
      vertex 244.48346056114755 -30.016539490325847 -11.251162078117254
    endloop
  endfacet
  facet normal 0.2588190451025226 -0.9659258262890679 2.3781014296450338e-15
    outer loop
      vertex 245.87883263761248 -33.78375539093646 12.703117166260292
      vertex 245.70021570542025 -33.831615653671896 12.23606797749979
      vertex 268.96497544751634 -27.59784206867316 -9.234582941207517
    endloop
  endfacet
  facet normal 0.25881904510252174 -0.965925826289068 1.3907855604764535e-15
    outer loop
      vertex 245.70021570542025 -33.831615653671896 12.23606797749979
      vertex 245.57954941356695 -33.863948089127646 11.749525258342898
      vertex 268.8777866901611 -27.621204225795573 -9.330704810763876
    endloop
  endfacet
  facet normal 0.2588190451025151 -0.9659258262890698 -6.7659757315578255e-15
    outer loop
      vertex 245.57954941356695 -33.863948089127646 11.749525258342898
      vertex 245.51873674155763 -33.88024279548212 11.251162078117254
      vertex 268.80292220633623 -27.64126410377821 -9.437381865272053
    endloop
  endfacet
  facet normal 0.258819045102533 -0.965925826289065 1.3311426480279485e-14
    outer loop
      vertex 245.87883263761248 -33.78375539093646 12.703117166260292
      vertex 268.96497544751634 -27.59784206867316 -9.234582941207517
      vertex 249.64645892173496 -32.77422297072357 9.234582941207519
    endloop
  endfacet
  facet normal -0.2588190451025032 0.965925826289073 8.519505002589547e-16
    outer loop
      vertex 245.0773071340123 -29.85741878069875 13.143307179915986
      vertex 246.04323296030137 -29.59859973559623 -7.856692820084013
      vertex 244.8435564572024 -29.92005208578019 12.703117166260292
    endloop
  endfacet
  facet normal -0.2588190451025477 0.9659258262890612 -1.5505416115197907e-15
    outer loop
      vertex 244.66493952501017 -29.967912348515622 12.23606797749979
      vertex 245.80948228349146 -29.66123304067767 -8.296882833739708
      vertex 244.54427323315687 -30.000244783971375 11.749525258342898
    endloop
  endfacet
  facet normal -0.2588190451025269 0.9659258262890666 -6.286564744676681e-16
    outer loop
      vertex 244.8435564572024 -29.92005208578019 12.703117166260292
      vertex 246.04323296030137 -29.59859973559623 -7.856692820084013
      vertex 244.66493952501017 -29.967912348515622 12.23606797749979
    endloop
  endfacet
  facet normal -0.25881904510248427 0.965925826289078 2.7395285636704448e-15
    outer loop
      vertex 244.54427323315687 -30.000244783971375 11.749525258342898
      vertex 245.80948228349146 -29.66123304067767 -8.296882833739708
      vertex 244.48346056114755 -30.016539490325847 11.251162078117254
    endloop
  endfacet
  facet normal -0.2588190451025319 0.9659258262890653 -5.616345971027466e-16
    outer loop
      vertex 245.0773071340123 -29.85741878069875 13.143307179915986
      vertex 245.44938638743662 -29.757720445223327 9.748837921882746
      vertex 246.04323296030137 -29.59859973559623 -7.856692820084013
    endloop
  endfacet
  facet normal -0.2588190451025157 0.9659258262890695 1.730362665481373e-17
    outer loop
      vertex 246.04323296030137 -29.59859973559623 -7.856692820084013
      vertex 245.44938638743662 -29.757720445223327 9.748837921882746
      vertex 245.51019905944594 -29.741425738868852 9.250474741657102
    endloop
  endfacet
  facet normal -0.25881904510252846 0.9659258262890662 -4.0476582636349217e-16
    outer loop
      vertex 245.63086535129924 -29.709093303413102 8.76393202250021
      vertex 246.04323296030137 -29.59859973559623 -7.856692820084013
      vertex 245.51019905944594 -29.741425738868852 9.250474741657102
    endloop
  endfacet
  facet normal -0.2588190451025294 0.965925826289066 -4.2974850525490936e-16
    outer loop
      vertex 246.04323296030137 -29.59859973559623 -7.856692820084013
      vertex 245.63086535129924 -29.709093303413102 8.76393202250021
      vertex 245.80948228349146 -29.66123304067767 8.296882833739708
    endloop
  endfacet
  facet normal -0.25881904510250175 0.9659258262890734 0
    outer loop
      vertex 246.04323296030137 -29.59859973559623 7.856692820084014
      vertex 246.04323296030137 -29.59859973559623 -7.856692820084013
      vertex 245.80948228349146 -29.66123304067767 8.296882833739708
    endloop
  endfacet
  facet normal -0.2588190451025393 0.9659258262890633 0
    outer loop
      vertex 246.32843099391974 -29.52218115280524 7.450304041005241
      vertex 246.04323296030137 -29.59859973559623 -7.856692820084013
      vertex 246.04323296030137 -29.59859973559623 7.856692820084014
    endloop
  endfacet
  facet normal -0.2588190451025037 0.9659258262890729 0
    outer loop
      vertex 246.6605786409874 -29.433182459005565 7.084125490314354
      vertex 246.32843099391974 -29.52218115280524 -7.450304041005241
      vertex 246.32843099391974 -29.52218115280524 7.450304041005241
    endloop
  endfacet
  facet normal -0.2588190451025427 0.9659258262890624 9.533148432998815e-16
    outer loop
      vertex 247.03443773469468 -29.33300721676366 6.76393202250021
      vertex 246.32843099391974 -29.52218115280524 -7.450304041005241
      vertex 246.6605786409874 -29.433182459005565 7.084125490314354
    endloop
  endfacet
  facet normal -0.2588190451025154 0.9659258262890698 -8.149061088175675e-16
    outer loop
      vertex 247.44411229380125 -29.22323524949148 6.494773279824546
      vertex 246.6605786409874 -29.433182459005565 -7.084125490314353
      vertex 247.03443773469468 -29.33300721676366 6.76393202250021
    endloop
  endfacet
  facet normal -0.25881904510250986 0.9659258262890711 -1.1504083081555505e-15
    outer loop
      vertex 247.88314150578228 -29.1055977266875 6.280894056446995
      vertex 246.6605786409874 -29.433182459005565 -7.084125490314353
      vertex 247.44411229380125 -29.22323524949148 6.494773279824546
    endloop
  endfacet
  facet normal -0.25881904510253056 0.9659258262890656 1.2900637353805718e-15
    outer loop
      vertex 248.34460161770144 -28.981949862359578 6.125667355485476
      vertex 247.03443773469468 -29.33300721676366 -6.76393202250021
      vertex 247.88314150578228 -29.1055977266875 6.280894056446995
    endloop
  endfacet
  facet normal -0.25881904510251524 0.9659258262890698 -6.278732141027623e-16
    outer loop
      vertex 248.8212151279309 -28.85424165719183 6.031541194742088
      vertex 247.88314150578228 -29.1055977266875 -6.280894056446995
      vertex 248.34460161770144 -28.981949862359578 6.125667355485476
    endloop
  endfacet
  facet normal -0.2588190451025223 0.9659258262890678 2.2711853103079675e-17
    outer loop
      vertex 249.30546555669923 -28.724487145868935 6
      vertex 248.34460161770144 -28.98194986235958 -6.125667355485476
      vertex 248.8212151279309 -28.85424165719183 6.031541194742088
    endloop
  endfacet
  facet normal -0.25881904510252235 0.9659258262890678 0
    outer loop
      vertex 249.78971598546755 -28.594732634546038 6.031541194742088
      vertex 249.30546555669923 -28.724487145868935 -6
      vertex 249.30546555669923 -28.724487145868935 6
    endloop
  endfacet
  facet normal -0.2588190451025218 0.965925826289068 -2.3563633119780693e-17
    outer loop
      vertex 249.30546555669923 -28.724487145868935 -6
      vertex 249.78971598546755 -28.594732634546038 6.031541194742088
      vertex 250.26632949569702 -28.467024429378288 6.125667355485476
    endloop
  endfacet
  facet normal -0.25881904510252407 0.9659258262890673 9.44334773844107e-17
    outer loop
      vertex 250.7277896076162 -28.34337656505037 6.280894056446995
      vertex 249.78971598546755 -28.594732634546038 -6.031541194742088
      vertex 250.26632949569702 -28.467024429378288 6.125667355485476
    endloop
  endfacet
  facet normal -0.2588190451025167 0.9659258262890693 0
    outer loop
      vertex 251.1668188195972 -28.225739042246385 6.494773279824546
      vertex 250.7277896076162 -28.34337656505037 -6.280894056446995
      vertex 250.7277896076162 -28.34337656505037 6.280894056446995
    endloop
  endfacet
  facet normal 0.2588190451025306 -0.9659258262890656 2.6536732438189322e-15
    outer loop
      vertex 245.51873674155763 -33.88024279548212 11.251162078117254
      vertex 249.8521365055986 -32.719111828226126 -9.079877985953944
      vertex 249.9673816737436 -32.68823197849008 -9.023734689817337
    endloop
  endfacet
  facet normal 0.2588190451025324 -0.9659258262890652 2.4093267268381787e-15
    outer loop
      vertex 245.51873674155763 -33.88024279548212 11.251162078117254
      vertex 249.74459693383312 -32.747926969635074 -9.150532155906305
      vertex 249.8521365055986 -32.719111828226126 -9.079877985953944
    endloop
  endfacet
  facet normal 0.25881904510251147 -0.9659258262890708 -2.183573192635787e-15
    outer loop
      vertex 245.51873674155763 -33.88024279548212 11.251162078117254
      vertex 249.64645892173496 -32.77422297072357 -9.234582941207517
      vertex 249.74459693383312 -32.747926969635074 -9.150532155906305
    endloop
  endfacet
  facet normal 0.25881904510258946 -0.9659258262890498 1.493466675197235e-14
    outer loop
      vertex 245.51873674155763 -33.88024279548212 11.251162078117254
      vertex 249.5592701643797 -32.79758512784599 -9.330704810763876
      vertex 249.64645892173496 -32.77422297072357 -9.234582941207517
    endloop
  endfacet
  facet normal 0.25881904510251724 -0.9659258262890692 -9.869368182464634e-16
    outer loop
      vertex 245.51873674155763 -33.88024279548212 11.251162078117254
      vertex 250.21362599955762 -32.62225101024747 -8.958279563619799
      vertex 250.3407417371093 -32.588190451025206 -8.95
    endloop
  endfacet
  facet normal 0.2588190451024958 -0.9659258262890751 -6.180861007930271e-15
    outer loop
      vertex 245.51873674155763 -33.88024279548212 11.251162078117254
      vertex 249.9673816737436 -32.68823197849008 -9.023734689817337
      vertex 250.0885149531224 -32.655774414104 -8.982987680814936
    endloop
  endfacet
  facet normal 0.25881904510254855 -0.9659258262890608 6.812897068304953e-15
    outer loop
      vertex 245.51873674155763 -33.88024279548212 11.251162078117254
      vertex 250.0885149531224 -32.655774414104 -8.982987680814936
      vertex 250.21362599955762 -32.62225101024747 -8.958279563619799
    endloop
  endfacet
  facet normal 0.2588190451025204 -0.9659258262890684 -1.2146724827997762e-16
    outer loop
      vertex 245.51873674155763 -33.88024279548212 11.251162078117254
      vertex 250.3407417371093 -32.588190451025206 -8.95
      vertex 268.6946757089732 -27.670268665330138 -9.675532155906305
    endloop
  endfacet
  facet normal -0.25881904510250375 0.9659258262890728 1.0818144952557088e-15
    outer loop
      vertex 244.66493952501017 -29.967912348515622 12.23606797749979
      vertex 246.04323296030137 -29.59859973559623 -7.856692820084013
      vertex 245.80948228349146 -29.66123304067767 -8.296882833739708
    endloop
  endfacet
  facet normal -0.25881904510252746 0.9659258262890664 -4.0433907264889907e-16
    outer loop
      vertex 244.48346056114755 -30.016539490325847 11.251162078117254
      vertex 245.80948228349146 -29.66123304067767 -8.296882833739708
      vertex 245.63086535129924 -29.709093303413102 -8.76393202250021
    endloop
  endfacet
  facet normal -0.2588190451025259 0.965925826289067 -2.8852895107655105e-16
    outer loop
      vertex 244.48346056114755 -30.016539490325847 11.251162078117254
      vertex 245.63086535129924 -29.709093303413102 -8.76393202250021
      vertex 245.51019905944594 -29.741425738868852 -9.250474741657102
    endloop
  endfacet
  facet normal -0.258819045102509 0.9659258262890714 -8.747544915084464e-16
    outer loop
      vertex 248.34460161770144 -28.981949862359578 6.125667355485476
      vertex 247.88314150578228 -29.1055977266875 -6.280894056446995
      vertex 247.44411229380125 -29.22323524949148 -6.494773279824546
    endloop
  endfacet
  facet normal -0.2588190451025146 0.9659258262890699 -4.461142352041568e-16
    outer loop
      vertex 248.34460161770144 -28.981949862359578 6.125667355485476
      vertex 247.44411229380125 -29.22323524949148 -6.494773279824546
      vertex 247.03443773469468 -29.33300721676366 -6.76393202250021
    endloop
  endfacet
  facet normal -0.258819045102524 0.9659258262890673 9.443347738441069e-17
    outer loop
      vertex 248.8212151279309 -28.85424165719183 6.031541194742088
      vertex 248.34460161770144 -28.98194986235958 -6.125667355485476
      vertex 247.88314150578228 -29.1055977266875 -6.280894056446995
    endloop
  endfacet
  facet normal -0.2588190451025218 0.965925826289068 -2.3563633119780693e-17
    outer loop
      vertex 249.30546555669923 -28.724487145868935 6
      vertex 248.8212151279309 -28.85424165719183 -6.031541194742088
      vertex 248.34460161770144 -28.98194986235958 -6.125667355485476
    endloop
  endfacet
  facet normal -0.25881904510252235 0.9659258262890678 0
    outer loop
      vertex 249.30546555669923 -28.724487145868935 6
      vertex 249.30546555669923 -28.724487145868935 -6
      vertex 248.8212151279309 -28.85424165719183 -6.031541194742088
    endloop
  endfacet
  facet normal -0.2588190451025223 0.9659258262890678 2.2711853103079675e-17
    outer loop
      vertex 249.30546555669923 -28.724487145868935 -6
      vertex 250.26632949569702 -28.467024429378288 6.125667355485476
      vertex 249.78971598546755 -28.594732634546038 -6.031541194742088
    endloop
  endfacet
  facet normal -0.25881904510252185 0.9659258262890681 -8.776722347673007e-17
    outer loop
      vertex 250.7277896076162 -28.34337656505037 6.280894056446995
      vertex 250.26632949569702 -28.467024429378288 -6.125667355485476
      vertex 249.78971598546755 -28.594732634546038 -6.031541194742088
    endloop
  endfacet
  facet normal -0.258819045102524 0.9659258262890674 0
    outer loop
      vertex 250.7277896076162 -28.34337656505037 6.280894056446995
      vertex 250.7277896076162 -28.34337656505037 -6.280894056446995
      vertex 250.26632949569702 -28.467024429378288 -6.125667355485476
    endloop
  endfacet
  facet normal 0.25881904510201575 -0.9659258262892036 -5.100480829683955e-13
    outer loop
      vertex 247.51346264792227 -33.34575759975028 14.505226720175454
      vertex 251.03502455248366 -32.40215793132684 10.765417058792483
      vertex 269.65925826289066 -27.411809548974794 -8.95
    endloop
  endfacet
  facet normal 0.25881904510414716 -0.9659258262886325 1.646976323989906e-12
    outer loop
      vertex 251.03502455248366 -32.40215793132684 10.765417058792483
      vertex 251.12221330983894 -32.37879577420443 10.669295189236124
      vertex 269.65925826289066 -27.411809548974794 -8.95
    endloop
  endfacet
  facet normal 0.2588190451026122 -0.9659258262890438 9.233701199231201e-14
    outer loop
      vertex 251.12221330983894 -32.37879577420443 10.669295189236124
      vertex 251.19707779366377 -32.358735896221795 10.562618134727947
      vertex 269.65925826289066 -27.411809548974794 -8.95
    endloop
  endfacet
  facet normal 0.2588190451024072 -0.9659258262890987 -1.2667128676724106e-13
    outer loop
      vertex 249.64645892173496 -32.77422297072357 9.234582941207519
      vertex 268.96497544751634 -27.59784206867316 -9.234582941207517
      vertex 249.74459693383312 -32.747926969635074 9.150532155906305
    endloop
  endfacet
  facet normal 0.25881904510256215 -0.9659258262890572 4.6420380634005364e-14
    outer loop
      vertex 249.74459693383312 -32.747926969635074 9.150532155906305
      vertex 268.96497544751634 -27.59784206867316 -9.234582941207517
      vertex 249.8521365055986 -32.719111828226126 9.079877985953944
    endloop
  endfacet
  facet normal 0.25881904510253817 -0.9659258262890636 1.8368211827266423e-14
    outer loop
      vertex 251.25843734632636 -32.342294653637914 9.552931743856673
      vertex 251.19707779366377 -32.358735896221795 9.437381865272053
      vertex 269.4070314789038 -27.479393512053587 -8.982987680814936
    endloop
  endfacet
  facet normal 0.25881904510250775 -0.9659258262890718 -1.3785816741245563e-14
    outer loop
      vertex 251.19707779366377 -32.358735896221795 9.437381865272053
      vertex 251.12221330983894 -32.37879577420443 9.330704810763876
      vertex 269.4070314789038 -27.479393512053587 -8.982987680814936
    endloop
  endfacet
  facet normal 0.25881904510249254 -0.9659258262890759 -3.023631722451821e-14
    outer loop
      vertex 250.9368865403855 -32.428453932415344 9.150532155906305
      vertex 250.82934696862003 -32.457269073824285 9.079877985953944
      vertex 269.17065303137997 -27.54273092617571 -9.079877985953944
    endloop
  endfacet
  facet normal 0.2588190451025289 -0.9659258262890662 9.060532378880635e-15
    outer loop
      vertex 250.71410180047502 -32.48814892356033 9.023734689817337
      vertex 269.0631134596145 -27.57154606758466 -9.150532155906305
      vertex 250.82934696862003 -32.457269073824285 9.079877985953944
    endloop
  endfacet
  facet normal 0.2588190451024883 -0.965925826289077 -3.406567471458252e-14
    outer loop
      vertex 251.12221330983894 -32.37879577420443 9.330704810763876
      vertex 251.03502455248366 -32.40215793132684 9.234582941207517
      vertex 269.17065303137997 -27.54273092617571 -9.079877985953944
    endloop
  endfacet
  facet normal 0.2588190451025493 -0.9659258262890607 3.0702909377406895e-14
    outer loop
      vertex 250.9368865403855 -32.428453932415344 9.150532155906305
      vertex 269.17065303137997 -27.54273092617571 -9.079877985953944
      vertex 251.03502455248366 -32.40215793132684 9.234582941207517
    endloop
  endfacet
  facet normal 0.25881904510254605 -0.9659258262890615 2.8525618667344834e-14
    outer loop
      vertex 249.8521365055986 -32.719111828226126 9.079877985953944
      vertex 268.96497544751634 -27.59784206867316 -9.234582941207517
      vertex 249.9673816737436 -32.68823197849008 9.023734689817337
    endloop
  endfacet
  facet normal 0.2588190451024787 -0.9659258262890796 -4.6398924038681354e-14
    outer loop
      vertex 249.9673816737436 -32.68823197849008 9.023734689817337
      vertex 268.96497544751634 -27.59784206867316 -9.234582941207517
      vertex 250.0885149531224 -32.655774414104 8.982987680814936
    endloop
  endfacet
  facet normal 0.2588190451025581 -0.9659258262890582 4.176424336340055e-14
    outer loop
      vertex 250.0885149531224 -32.655774414104 8.982987680814936
      vertex 268.96497544751634 -27.59784206867316 -9.234582941207517
      vertex 250.21362599955762 -32.62225101024747 8.958279563619799
    endloop
  endfacet
  facet normal 0.25881904510251724 -0.9659258262890692 -3.479623177390999e-15
    outer loop
      vertex 250.21362599955762 -32.62225101024747 8.958279563619799
      vertex 268.96497544751634 -27.59784206867316 -9.234582941207517
      vertex 250.3407417371093 -32.588190451025206 8.95
    endloop
  endfacet
  facet normal 0.25881904510251763 -0.9659258262890692 -3.187649119149599e-15
    outer loop
      vertex 250.3407417371093 -32.588190451025206 8.95
      vertex 269.0631134596145 -27.57154606758466 -9.150532155906305
      vertex 250.467857474661 -32.554129891802944 8.958279563619799
    endloop
  endfacet
  facet normal 0.2588190451025028 -0.9659258262890732 -1.9440342320943757e-14
    outer loop
      vertex 250.467857474661 -32.554129891802944 8.958279563619799
      vertex 269.0631134596145 -27.57154606758466 -9.150532155906305
      vertex 250.59296852109622 -32.52060648794642 8.982987680814936
    endloop
  endfacet
  facet normal 0.25881904510253967 -0.9659258262890632 2.079933081161434e-14
    outer loop
      vertex 250.71410180047502 -32.48814892356033 9.023734689817337
      vertex 250.59296852109622 -32.52060648794642 8.982987680814936
      vertex 269.0631134596145 -27.57154606758466 -9.150532155906305
    endloop
  endfacet
  facet normal 0.25881904510245807 -0.965925826289085 -6.387266755254483e-14
    outer loop
      vertex 251.19707779366377 -32.358735896221795 10.562618134727947
      vertex 251.25843734632636 -32.342294653637914 10.447068256143327
      vertex 269.65925826289066 -27.411809548974794 -8.95
    endloop
  endfacet
  facet normal 0.258819045102506 -0.9659258262890722 -1.525187420963529e-14
    outer loop
      vertex 251.25843734632636 -32.342294653637914 10.447068256143327
      vertex 251.3053242910268 -32.329731334669866 10.324467844093695
      vertex 269.65925826289066 -27.411809548974794 -8.95
    endloop
  endfacet
  facet normal 0.2588190451025259 -0.965925826289067 5.103390507160488e-15
    outer loop
      vertex 251.3053242910268 -32.329731334669866 10.324467844093695
      vertex 251.3369991926383 -32.32124407036273 10.196750380315011
      vertex 269.65925826289066 -27.411809548974794 -8.95
    endloop
  endfacet
  facet normal 0.2588190451025024 -0.9659258262890732 -1.9069494129799004e-14
    outer loop
      vertex 251.3369991926383 -32.32124407036273 10.196750380315011
      vertex 251.35296251904074 -32.31696670994468 10.06593004550578
      vertex 269.65925826289066 -27.411809548974794 -8.95
    endloop
  endfacet
  facet normal 0.2588190451025209 -0.9659258262890683 0
    outer loop
      vertex 251.35296251904074 -32.31696670994468 10.06593004550578
      vertex 251.35296251904074 -32.31696670994468 9.93406995449422
      vertex 269.65925826289066 -27.411809548974794 -8.95
    endloop
  endfacet
  facet normal 0.258819045102535 -0.9659258262890645 1.479657640153539e-14
    outer loop
      vertex 251.35296251904074 -32.31696670994468 9.93406995449422
      vertex 251.3369991926383 -32.32124407036273 9.803249619684989
      vertex 269.532142525339 -27.445870108197052 -8.958279563619799
    endloop
  endfacet
  facet normal 0.2588190451025179 -0.9659258262890691 -2.9767186743469614e-15
    outer loop
      vertex 251.3369991926383 -32.32124407036273 9.803249619684989
      vertex 251.3053242910268 -32.329731334669866 9.675532155906305
      vertex 269.532142525339 -27.445870108197052 -8.958279563619799
    endloop
  endfacet
  facet normal 0.2588190451025271 -0.9659258262890666 6.606936726132645e-15
    outer loop
      vertex 251.3053242910268 -32.329731334669866 9.675532155906305
      vertex 251.25843734632636 -32.342294653637914 9.552931743856673
      vertex 269.532142525339 -27.445870108197052 -8.958279563619799
    endloop
  endfacet
  facet normal 0.2588190451025285 -0.9659258262890662 7.292518564145643e-15
    outer loop
      vertex 248.89056548205193 -32.976764007450626 14.968458805257912
      vertex 280.04250233027074 -24.629627686305056 -19.929149002914755
      vertex 249.37481591082025 -32.847009496127725 15
    endloop
  endfacet
  facet normal -0.25881904510252046 0.9659258262890684 1.1759957874663253e-16
    outer loop
      vertex 264.9493818770806 -24.532712401362687 8.76393202250021
      vertex 250.7277896076162 -28.34337656505037 -6.280894056446995
      vertex 251.1668188195972 -28.225739042246385 6.494773279824546
    endloop
  endfacet
  facet normal -0.25881904510253506 0.9659258262890645 1.3046646548658575e-14
    outer loop
      vertex 265.1279988092728 -24.484852138627254 8.296882833739708
      vertex 251.95035247241105 -28.015791832732305 -7.084125490314353
      vertex 264.9493818770806 -24.532712401362687 8.76393202250021
    endloop
  endfacet
  facet normal -0.2588190451025186 0.9659258262890689 -1.460903259851653e-15
    outer loop
      vertex 251.95035247241105 -28.015791832732305 -7.084125490314353
      vertex 265.1279988092728 -24.484852138627254 8.296882833739708
      vertex 265.3617494860827 -24.422218833545813 7.856692820084014
    endloop
  endfacet
  facet normal -0.2588190451025191 0.9659258262890686 -1.705941472970299e-15
    outer loop
      vertex 265.6469475197011 -24.345800250754827 7.450304041005241
      vertex 252.28250011947873 -27.926793138932627 -7.450304041005241
      vertex 265.3617494860827 -24.422218833545813 7.856692820084014
    endloop
  endfacet
  facet normal -0.25881904510250714 0.9659258262890719 -1.3248330732678458e-14
    outer loop
      vertex 252.28250011947873 -27.926793138932627 -7.450304041005241
      vertex 265.6469475197011 -24.345800250754827 7.450304041005241
      vertex 265.9790951667688 -24.25680155695515 7.084125490314354
    endloop
  endfacet
  facet normal -0.258819045102533 0.9659258262890651 1.3039888358692965e-14
    outer loop
      vertex 266.35295426047605 -24.156626314713247 6.76393202250021
      vertex 252.28250011947873 -27.926793138932627 -7.450304041005241
      vertex 265.9790951667688 -24.25680155695515 7.084125490314354
    endloop
  endfacet
  facet normal 0.25881904510252557 -0.965925826289067 6.682468848105686e-15
    outer loop
      vertex 245.70021570542025 -33.831615653671896 12.23606797749979
      vertex 268.8777866901611 -27.621204225795573 -9.330704810763876
      vertex 268.96497544751634 -27.59784206867316 -9.234582941207517
    endloop
  endfacet
  facet normal 0.2588190451024844 -0.965925826289078 -4.0535902179212394e-14
    outer loop
      vertex 245.57954941356695 -33.863948089127646 11.749525258342898
      vertex 268.80292220633623 -27.64126410377821 -9.437381865272053
      vertex 268.8777866901611 -27.621204225795573 -9.330704810763876
    endloop
  endfacet
  facet normal 0.2588190451025533 -0.9659258262890595 4.532432198966189e-14
    outer loop
      vertex 247.9524918599033 -33.22812007694629 14.719105943553005
      vertex 269.7863740004424 -27.377748989752533 -8.958279563619799
      vertex 269.9114850468776 -27.344225585895998 -8.982987680814936
    endloop
  endfacet
  facet normal 0.2588190451024533 -0.9659258262890863 -5.88668754304026e-14
    outer loop
      vertex 247.51346264792227 -33.34575759975028 14.505226720175454
      vertex 269.65925826289066 -27.411809548974794 -8.95
      vertex 269.7863740004424 -27.377748989752533 -8.958279563619799
    endloop
  endfacet
  facet normal 0.25881904510249115 -0.9659258262890762 -4.0894547432522013e-14
    outer loop
      vertex 248.41395197182246 -33.104472212618376 14.874332644514524
      vertex 269.9114850468776 -27.344225585895998 -8.982987680814936
      vertex 270.0326183262564 -27.31176802150992 -9.023734689817337
    endloop
  endfacet
  facet normal 0.25881904510253967 -0.9659258262890632 1.7822239164739537e-14
    outer loop
      vertex 248.41395197182246 -33.104472212618376 14.874332644514524
      vertex 270.0326183262564 -27.31176802150992 -9.023734689817337
      vertex 270.1478634944014 -27.280888171773874 -9.079877985953944
    endloop
  endfacet
  facet normal 0.2588190451025508 -0.9659258262890601 2.638635530378497e-14
    outer loop
      vertex 248.41395197182246 -33.104472212618376 14.874332644514524
      vertex 270.1478634944014 -27.280888171773874 -9.079877985953944
      vertex 270.2554030661669 -27.252073030364926 -9.150532155906305
    endloop
  endfacet
  facet normal 0.25881904510246817 -0.9659258262890823 -4.805751786747877e-14
    outer loop
      vertex 248.89056548205193 -32.976764007450626 14.968458805257912
      vertex 270.2554030661669 -27.252073030364926 -9.150532155906305
      vertex 270.35354107826504 -27.22577702927643 -9.234582941207517
    endloop
  endfacet
  facet normal 0.258819045104708 -0.9659258262884822 2.0369465281744956e-12
    outer loop
      vertex 248.89056548205193 -32.976764007450626 14.968458805257912
      vertex 270.35354107826504 -27.22577702927643 -9.234582941207517
      vertex 270.4407298356203 -27.202414872154012 -9.330704810763876
    endloop
  endfacet
  facet normal -0.25881904510251735 0.9659258262890692 -2.134376376018094e-15
    outer loop
      vertex 264.9493818770806 -24.532712401362687 8.76393202250021
      vertex 251.1668188195972 -28.225739042246385 -6.494773279824546
      vertex 250.7277896076162 -28.34337656505037 -6.280894056446995
    endloop
  endfacet
  facet normal -0.25881904510251696 0.9659258262890693 -3.4451626886669565e-15
    outer loop
      vertex 264.9493818770806 -24.532712401362687 8.76393202250021
      vertex 251.5764933787038 -28.115967074974204 -6.76393202250021
      vertex 251.1668188195972 -28.225739042246385 -6.494773279824546
    endloop
  endfacet
  facet normal -0.2588190451025287 0.9659258262890662 8.164826793672422e-15
    outer loop
      vertex 264.9493818770806 -24.532712401362687 8.76393202250021
      vertex 251.95035247241105 -28.015791832732305 -7.084125490314353
      vertex 251.5764933787038 -28.115967074974204 -6.76393202250021
    endloop
  endfacet
  facet normal -0.258819045102517 0.9659258262890693 -3.5407840545841725e-15
    outer loop
      vertex 251.95035247241105 -28.015791832732305 -7.084125490314353
      vertex 265.3617494860827 -24.422218833545813 7.856692820084014
      vertex 252.28250011947873 -27.926793138932627 -7.450304041005241
    endloop
  endfacet
  facet normal -0.25881904510251225 0.9659258262890705 -8.468483778341763e-15
    outer loop
      vertex 266.76262881958263 -24.04685434744107 6.494773279824546
      vertex 252.5676981530971 -27.850374556141638 -7.856692820084013
      vertex 266.35295426047605 -24.156626314713247 6.76393202250021
    endloop
  endfacet
  facet normal -0.25881904510253334 0.965925826289065 1.3851834006568099e-14
    outer loop
      vertex 267.2016580315636 -23.92921682463708 6.280894056446995
      vertex 252.5676981530971 -27.850374556141638 -7.856692820084013
      vertex 266.76262881958263 -24.04685434744107 6.494773279824546
    endloop
  endfacet
  facet normal -0.2588190451025181 0.9659258262890691 -3.072510229591977e-15
    outer loop
      vertex 267.6631181434828 -23.805568960309166 6.125667355485476
      vertex 252.5676981530971 -27.850374556141638 -7.856692820084013
      vertex 267.2016580315636 -23.92921682463708 6.280894056446995
    endloop
  endfacet
  facet normal 0.06065098445946798 0.016251382306067416 0.9980267284282718
    outer loop
      vertex 270.62518408917975 -27.15299050387227 15
      vertex 271.1094345179481 -27.023235992549374 14.968458805257912
      vertex 270.074158337538 -23.159532687393103 14.968458805257912
    endloop
  endfacet
  facet normal 0.1809964511223666 0.04849785291113849 0.982287250728685
    outer loop
      vertex 271.1094345179481 -27.023235992549374 14.968458805257912
      vertex 271.5860480281775 -26.895527787381624 14.874332644514524
      vertex 270.074158337538 -23.159532687393103 14.968458805257912
    endloop
  endfacet
  facet normal 0.2984874956289593 0.07997948340456981 0.9510565162951622
    outer loop
      vertex 271.5860480281775 -26.895527787381624 14.874332644514524
      vertex 272.04750814009674 -26.77187992305371 14.719105943553005
      vertex 271.01223195968663 -22.908176617897436 14.719105943553005
    endloop
  endfacet
  facet normal 0.41127121402177813 0.11019978966730545 0.9048270524660137
    outer loop
      vertex 272.04750814009674 -26.77187992305371 14.719105943553005
      vertex 272.48653735207773 -26.654242400249725 14.505226720175454
      vertex 271.4512611716676 -22.79053909509345 14.505226720175454
    endloop
  endfacet
  facet normal 0.5175689396879006 0.1386821794168087 0.8443279255020212
    outer loop
      vertex 272.48653735207773 -26.654242400249725 14.505226720175454
      vertex 272.8962119111843 -26.544470432977544 14.23606797749979
      vertex 271.4512611716676 -22.79053909509345 14.505226720175454
    endloop
  endfacet
  facet normal 0.6157042939945023 0.16497746835219626 0.7705132427757692
    outer loop
      vertex 272.8962119111843 -26.544470432977544 14.23606797749979
      vertex 273.2700710048916 -26.444295190735644 13.915874509685647
      vertex 272.2347948244815 -22.58059188557937 13.915874509685647
    endloop
  endfacet
  facet normal 0.7041296237808516 0.18867096405890352 0.6845471059286716
    outer loop
      vertex 273.2700710048916 -26.444295190735644 13.915874509685647
      vertex 273.6022186519592 -26.355296496935967 13.549695958994759
      vertex 272.2347948244815 -22.58059188557937 13.915874509685647
    endloop
  endfacet
  facet normal 0.0606509844594681 0.016251382306067434 0.9980267284282718
    outer loop
      vertex 270.62518408917975 -27.15299050387227 15
      vertex 270.074158337538 -23.159532687393103 14.968458805257912
      vertex 269.58990790876965 -23.289287198715996 15
    endloop
  endfacet
  facet normal 0.18099645112234786 0.04849785291113081 0.9822872507286888
    outer loop
      vertex 271.5860480281775 -26.895527787381624 14.874332644514524
      vertex 270.55077184776746 -23.031824482225353 14.874332644514524
      vertex 270.074158337538 -23.159532687393103 14.968458805257912
    endloop
  endfacet
  facet normal 0.2984874956289909 0.07997948340457396 0.9510565162951519
    outer loop
      vertex 271.5860480281775 -26.895527787381624 14.874332644514524
      vertex 271.01223195968663 -22.908176617897436 14.719105943553005
      vertex 270.55077184776746 -23.031824482225353 14.874332644514524
    endloop
  endfacet
  facet normal 0.4112712140217781 0.11019978966730547 0.9048270524660138
    outer loop
      vertex 272.04750814009674 -26.77187992305371 14.719105943553005
      vertex 271.4512611716676 -22.79053909509345 14.505226720175454
      vertex 271.01223195968663 -22.908176617897436 14.719105943553005
    endloop
  endfacet
  facet normal 0.5175689396879006 0.1386821794168087 0.8443279255020211
    outer loop
      vertex 272.8962119111843 -26.544470432977544 14.23606797749979
      vertex 271.8609357307742 -22.68076712782127 14.23606797749979
      vertex 271.4512611716676 -22.79053909509345 14.505226720175454
    endloop
  endfacet
  facet normal 0.615704293994448 0.1649774683521908 0.7705132427758138
    outer loop
      vertex 272.8962119111843 -26.544470432977544 14.23606797749979
      vertex 272.2347948244815 -22.58059188557937 13.915874509685647
      vertex 271.8609357307742 -22.68076712782127 14.23606797749979
    endloop
  endfacet
  facet normal 0.7041296237808516 0.18867096405890352 0.6845471059286716
    outer loop
      vertex 273.6022186519592 -26.355296496935967 13.549695958994759
      vertex 272.56694247154917 -22.491593191779693 13.549695958994759
      vertex 272.2347948244815 -22.58059188557937 13.915874509685647
    endloop
  endfacet
  facet normal 0.7814504087735296 0.20938900595583143 0.5877852522924615
    outer loop
      vertex 273.6022186519592 -26.355296496935967 13.549695958994759
      vertex 272.85214050516754 -22.415174608988703 13.143307179915986
      vertex 272.56694247154917 -22.491593191779693 13.549695958994759
    endloop
  endfacet
  facet normal 0.25881904510253523 -0.9659258262890644 -5.244326164825181e-15
    outer loop
      vertex 270.62518408917975 -27.15299050387227 15
      vertex 269.17065303137997 -27.54273092617571 10.920122014046056
      vertex 269.285898199525 -27.511851076439665 10.976265310182663
    endloop
  endfacet
  facet normal 0.2588190451024899 -0.9659258262890765 1.0901418803673988e-14
    outer loop
      vertex 270.62518408917975 -27.15299050387227 15
      vertex 269.285898199525 -27.511851076439665 10.976265310182663
      vertex 269.4070314789038 -27.479393512053587 11.017012319185064
    endloop
  endfacet
  facet normal 0.2588190451025525 -0.9659258262890598 -9.50505126548283e-15
    outer loop
      vertex 270.62518408917975 -27.15299050387227 15
      vertex 269.4070314789038 -27.479393512053587 11.017012319185064
      vertex 269.532142525339 -27.445870108197052 11.041720436380201
    endloop
  endfacet
  facet normal 0.2588190451025468 -0.9659258262890613 -7.813275036485578e-15
    outer loop
      vertex 270.62518408917975 -27.15299050387227 15
      vertex 269.532142525339 -27.445870108197052 11.041720436380201
      vertex 269.65925826289066 -27.411809548974794 11.05
    endloop
  endfacet
  facet normal 0.2588190451024642 -0.9659258262890834 1.3770067256621905e-14
    outer loop
      vertex 270.62518408917975 -27.15299050387227 15
      vertex 269.65925826289066 -27.411809548974794 11.05
      vertex 269.7863740004424 -27.377748989752533 11.041720436380201
    endloop
  endfacet
  facet normal 0.2588190451025495 -0.9659258262890607 -5.55994183119283e-15
    outer loop
      vertex 270.62518408917975 -27.15299050387227 15
      vertex 269.7863740004424 -27.377748989752533 11.041720436380201
      vertex 269.9114850468776 -27.344225585895998 11.017012319185064
    endloop
  endfacet
  facet normal 0.258819045102495 -0.9659258262890752 4.900208962726536e-15
    outer loop
      vertex 270.62518408917975 -27.15299050387227 15
      vertex 269.9114850468776 -27.344225585895998 11.017012319185064
      vertex 270.0326183262564 -27.31176802150992 10.976265310182663
    endloop
  endfacet
  facet normal 0.25881904510253856 -0.9659258262890635 -6.3307441152075746e-15
    outer loop
      vertex 268.96497544751634 -27.59784206867316 10.765417058792483
      vertex 270.62518408917975 -27.15299050387227 15
      vertex 268.8777866901611 -27.621204225795573 10.669295189236124
    endloop
  endfacet
  facet normal 0.25881904510255027 -0.9659258262890603 -1.1266603925829802e-14
    outer loop
      vertex 268.96497544751634 -27.59784206867316 10.765417058792483
      vertex 269.0631134596145 -27.57154606758466 10.849467844093695
      vertex 270.62518408917975 -27.15299050387227 15
    endloop
  endfacet
  facet normal 0.2588190451025379 -0.9659258262890638 -6.0644949608489405e-15
    outer loop
      vertex 270.62518408917975 -27.15299050387227 15
      vertex 269.0631134596145 -27.57154606758466 10.849467844093695
      vertex 269.17065303137997 -27.54273092617571 10.920122014046056
    endloop
  endfacet
  facet normal 0.2588190451025325 -0.9659258262890651 -1.0519272786249965e-15
    outer loop
      vertex 270.62518408917975 -27.15299050387227 15
      vertex 270.0326183262564 -27.31176802150992 10.976265310182663
      vertex 270.1478634944014 -27.280888171773874 10.920122014046056
    endloop
  endfacet
  facet normal 0.2588190451025328 -0.9659258262890651 -1.1065004949200774e-15
    outer loop
      vertex 270.62518408917975 -27.15299050387227 15
      vertex 270.1478634944014 -27.280888171773874 10.920122014046056
      vertex 270.2554030661669 -27.252073030364926 10.849467844093695
    endloop
  endfacet
  facet normal 0.2588190451025096 -0.9659258262890713 1.1236873939950172e-15
    outer loop
      vertex 270.62518408917975 -27.15299050387227 15
      vertex 270.2554030661669 -27.252073030364926 10.849467844093695
      vertex 270.35354107826504 -27.22577702927643 10.765417058792483
    endloop
  endfacet
  facet normal 0.2588190451025659 -0.9659258262890561 -2.750877163000309e-15
    outer loop
      vertex 270.62518408917975 -27.15299050387227 15
      vertex 270.35354107826504 -27.22577702927643 10.765417058792483
      vertex 270.4407298356203 -27.202414872154012 10.669295189236124
    endloop
  endfacet
  facet normal 0.25881904510244425 -0.9659258262890887 2.8016799473712707e-15
    outer loop
      vertex 270.62518408917975 -27.15299050387227 15
      vertex 270.4407298356203 -27.202414872154012 10.669295189236124
      vertex 270.51559431944514 -27.182354994171376 10.562618134727947
    endloop
  endfacet
  facet normal 0.25881904510262654 -0.96592582628904 -2.022194704999552e-15
    outer loop
      vertex 270.62518408917975 -27.15299050387227 15
      vertex 270.51559431944514 -27.182354994171376 10.562618134727947
      vertex 270.5769538721077 -27.1659137515875 10.447068256143327
    endloop
  endfacet
  facet normal 0.2588190451024646 -0.9659258262890833 -1.8467818730793155e-16
    outer loop
      vertex 270.62518408917975 -27.15299050387227 15
      vertex 270.5769538721077 -27.1659137515875 10.447068256143327
      vertex 270.6238408168082 -27.153350432619447 10.324467844093695
    endloop
  endfacet
  facet normal -0.2588190451025197 0.9659258262890686 -6.121132895518311e-15
    outer loop
      vertex 269.58990790876965 -23.289287198715996 15
      vertex 267.6631181434828 -23.805568960309166 13.874332644514524
      vertex 253.10073205395253 -27.707548552869017 10.7495252583429
    endloop
  endfacet
  facet normal -0.25881904510252124 0.9659258262890682 -3.019575708160812e-15
    outer loop
      vertex 269.58990790876965 -23.289287198715996 15
      vertex 268.13973165371226 -23.677860755141417 13.968458805257912
      vertex 267.6631181434828 -23.805568960309166 13.874332644514524
    endloop
  endfacet
  facet normal -0.2588190451025066 0.9659258262890721 -2.516833357789718e-14
    outer loop
      vertex 269.58990790876965 -23.289287198715996 15
      vertex 268.6239820824806 -23.54810624381852 14
      vertex 268.13973165371226 -23.677860755141417 13.968458805257912
    endloop
  endfacet
  facet normal -0.2588190451025362 0.9659258262890641 5.4690878784340885e-15
    outer loop
      vertex 269.58990790876965 -23.289287198715996 15
      vertex 269.1082325112489 -23.418351732495623 13.968458805257912
      vertex 268.6239820824806 -23.54810624381852 14
    endloop
  endfacet
  facet normal -0.2588190451025023 0.9659258262890733 -1.149810618251618e-14
    outer loop
      vertex 269.58990790876965 -23.289287198715996 15
      vertex 270.074158337538 -23.159532687393103 14.968458805257912
      vertex 269.1082325112489 -23.418351732495623 13.968458805257912
    endloop
  endfacet
  facet normal -0.25881904510252046 0.9659258262890683 7.322089865640414e-15
    outer loop
      vertex 270.074158337538 -23.159532687393103 14.968458805257912
      vertex 270.55077184776746 -23.031824482225353 14.874332644514524
      vertex 269.58484602147837 -23.290643527327873 13.874332644514524
    endloop
  endfacet
  facet normal -0.2588190451025205 0.9659258262890683 7.322089865640415e-15
    outer loop
      vertex 270.074158337538 -23.159532687393103 14.968458805257912
      vertex 269.58484602147837 -23.290643527327873 13.874332644514524
      vertex 269.1082325112489 -23.418351732495623 13.968458805257912
    endloop
  endfacet
  facet normal -0.2588190451024989 0.9659258262890741 -1.490902387450957e-14
    outer loop
      vertex 270.55077184776746 -23.031824482225353 14.874332644514524
      vertex 270.0463061333976 -23.166995662999955 13.719105943553005
      vertex 269.58484602147837 -23.290643527327873 13.874332644514524
    endloop
  endfacet
  facet normal -0.25881904510252485 0.9659258262890671 -2.7844794589160376e-15
    outer loop
      vertex 270.55077184776746 -23.031824482225353 14.874332644514524
      vertex 271.01223195968663 -22.908176617897436 14.719105943553005
      vertex 270.0463061333976 -23.166995662999955 13.719105943553005
    endloop
  endfacet
  facet normal -0.2588190451025308 0.9659258262890656 3.3220531179361078e-15
    outer loop
      vertex 271.01223195968663 -22.908176617897436 14.719105943553005
      vertex 270.4853353453786 -23.04935814019597 13.505226720175454
      vertex 270.0463061333976 -23.166995662999955 13.719105943553005
    endloop
  endfacet
  facet normal -0.25881904510253084 0.9659258262890656 3.322053117936108e-15
    outer loop
      vertex 271.01223195968663 -22.908176617897436 14.719105943553005
      vertex 271.4512611716676 -22.79053909509345 14.505226720175454
      vertex 270.4853353453786 -23.04935814019597 13.505226720175454
    endloop
  endfacet
  facet normal -0.25881904510251985 0.9659258262890685 -8.047008449087675e-15
    outer loop
      vertex 271.4512611716676 -22.79053909509345 14.505226720175454
      vertex 271.8609357307742 -22.68076712782127 14.23606797749979
      vertex 270.89500990448516 -22.93958617292379 13.23606797749979
    endloop
  endfacet
  facet normal -0.2588190451025198 0.9659258262890685 -8.047008449087673e-15
    outer loop
      vertex 271.4512611716676 -22.79053909509345 14.505226720175454
      vertex 270.89500990448516 -22.93958617292379 13.23606797749979
      vertex 270.4853353453786 -23.04935814019597 13.505226720175454
    endloop
  endfacet
  facet normal -0.25881904510253156 0.9659258262890653 4.159956089420984e-15
    outer loop
      vertex 271.8609357307742 -22.68076712782127 14.23606797749979
      vertex 271.26886899819243 -22.83941093068189 12.915874509685647
      vertex 270.89500990448516 -22.93958617292379 13.23606797749979
    endloop
  endfacet
  facet normal -0.2588190451025051 0.9659258262890724 -8.604437477409973e-15
    outer loop
      vertex 271.8609357307742 -22.68076712782127 14.23606797749979
      vertex 272.2347948244815 -22.58059188557937 13.915874509685647
      vertex 271.26886899819243 -22.83941093068189 12.915874509685647
    endloop
  endfacet
  facet normal -0.2588190451025234 0.9659258262890676 1.035884660809754e-14
    outer loop
      vertex 272.2347948244815 -22.58059188557937 13.915874509685647
      vertex 272.56694247154917 -22.491593191779693 13.549695958994759
      vertex 271.26886899819243 -22.83941093068189 12.915874509685647
    endloop
  endfacet
  facet normal -0.2588190451025234 0.9659258262890676 1.0319756620897172e-14
    outer loop
      vertex 272.56694247154917 -22.491593191779693 13.549695958994759
      vertex 271.6010166452601 -22.750412236882212 12.549695958994759
      vertex 271.26886899819243 -22.83941093068189 12.915874509685647
    endloop
  endfacet
  facet normal -0.2588190451025196 0.9659258262890686 6.388571751688176e-15
    outer loop
      vertex 272.56694247154917 -22.491593191779693 13.549695958994759
      vertex 272.85214050516754 -22.415174608988703 13.143307179915986
      vertex 271.6010166452601 -22.750412236882212 12.549695958994759
    endloop
  endfacet
  facet normal -0.2588190451025196 0.9659258262890686 6.329235171951133e-15
    outer loop
      vertex 272.85214050516754 -22.415174608988703 13.143307179915986
      vertex 271.88621467887845 -22.673993654091223 12.143307179915986
      vertex 271.6010166452601 -22.750412236882212 12.549695958994759
    endloop
  endfacet
  facet normal -0.25881904510250925 0.9659258262890714 -4.2822222976076294e-15
    outer loop
      vertex 272.85214050516754 -22.415174608988703 13.143307179915986
      vertex 273.08589118197744 -22.352541303907266 12.70311716626029
      vertex 271.88621467887845 -22.673993654091223 12.143307179915986
    endloop
  endfacet
  facet normal -0.25881904510251774 0.9659258262890692 -9.130106125977484e-15
    outer loop
      vertex 273.26450811416964 -22.304681041171833 12.23606797749979
      vertex 272.11996535568835 -22.611360349009786 11.70311716626029
      vertex 271.88621467887845 -22.673993654091223 12.143307179915986
    endloop
  endfacet
  facet normal -0.2588190451025169 0.9659258262890692 -1.1068733804297436e-14
    outer loop
      vertex 273.26450811416964 -22.304681041171833 12.23606797749979
      vertex 272.2985822878806 -22.563500086274352 11.23606797749979
      vertex 272.11996535568835 -22.611360349009786 11.70311716626029
    endloop
  endfacet
  facet normal -0.2588190451025275 0.9659258262890665 -1.3617563947950242e-16
    outer loop
      vertex 273.26450811416964 -22.304681041171833 12.23606797749979
      vertex 272.4192485797339 -22.531167650818603 10.7495252583429
      vertex 272.2985822878806 -22.563500086274352 11.23606797749979
    endloop
  endfacet
  facet normal -0.2588190451025256 0.965925826289067 -1.2575780290919077e-15
    outer loop
      vertex 273.26450811416964 -22.304681041171833 12.23606797749979
      vertex 272.4800612517432 -22.514872944464127 10.251162078117256
      vertex 272.4192485797339 -22.531167650818603 10.7495252583429
    endloop
  endfacet
  facet normal -0.2588190451025365 0.9659258262890641 2.6845136775777884e-15
    outer loop
      vertex 273.26450811416964 -22.304681041171833 12.23606797749979
      vertex 272.4192485797339 -22.531167650818603 9.2504747416571
      vertex 272.4800612517432 -22.514872944464127 9.748837921882744
    endloop
  endfacet
  facet normal 0.7814504087734764 0.20938900595582863 0.5877852522925329
    outer loop
      vertex 273.6022186519592 -26.355296496935967 13.549695958994759
      vertex 273.88741668557765 -26.278877914144978 13.143307179915986
      vertex 272.85214050516754 -22.415174608988703 13.143307179915986
    endloop
  endfacet
  facet normal 0.8464472540040331 0.2268048581459274 0.4817536741016488
    outer loop
      vertex 273.88741668557765 -26.278877914144978 13.143307179915986
      vertex 274.1211673623875 -26.216244609063537 12.70311716626029
      vertex 272.85214050516754 -22.415174608988703 13.143307179915986
    endloop
  endfacet
  facet normal 0.8464472540039922 0.22680485814590423 0.48175367410173114
    outer loop
      vertex 274.1211673623875 -26.216244609063537 12.70311716626029
      vertex 273.08589118197744 -22.352541303907266 12.70311716626029
      vertex 272.85214050516754 -22.415174608988703 13.143307179915986
    endloop
  endfacet
  facet normal 0.8980951203957357 0.24064386223637518 0.368124552684726
    outer loop
      vertex 274.1211673623875 -26.216244609063537 12.70311716626029
      vertex 274.29978429457975 -26.168384346328104 12.23606797749979
      vertex 273.26450811416964 -22.304681041171833 12.23606797749979
    endloop
  endfacet
  facet normal 0.898095120395775 0.24064386223637252 0.3681245526846316
    outer loop
      vertex 274.1211673623875 -26.216244609063537 12.70311716626029
      vertex 273.26450811416964 -22.304681041171833 12.23606797749979
      vertex 273.08589118197744 -22.352541303907266 12.70311716626029
    endloop
  endfacet
  facet normal -0.2588190451025196 0.9659258262890685 1.93877065334235e-14
    outer loop
      vertex 273.08589118197744 -22.352541303907266 12.70311716626029
      vertex 273.26450811416964 -22.304681041171833 12.23606797749979
      vertex 271.88621467887845 -22.673993654091223 12.143307179915986
    endloop
  endfacet
  facet normal -0.25881904510252873 0.9659258262890662 0
    outer loop
      vertex 273.26450811416964 -22.304681041171833 12.23606797749979
      vertex 272.4800612517432 -22.514872944464127 9.748837921882744
      vertex 272.4800612517432 -22.514872944464127 10.251162078117256
    endloop
  endfacet
  facet normal -0.2588190451025218 0.965925826289068 0
    outer loop
      vertex 267.6631181434828 -23.805568960309166 6.125667355485476
      vertex 268.13973165371226 -23.677860755141417 6.031541194742088
      vertex 268.13973165371226 -23.677860755141417 -6.031541194742088
    endloop
  endfacet
  facet normal -0.2588190451025566 0.9659258262890588 8.771777217730017e-15
    outer loop
      vertex 273.26450811416964 -22.304681041171833 12.23606797749979
      vertex 269.1082325112489 -23.418351732495623 -6.031541194742088
      vertex 272.4192485797339 -22.531167650818603 9.2504747416571
    endloop
  endfacet
  facet normal -0.2588190451025082 0.9659258262890716 0
    outer loop
      vertex 268.13973165371226 -23.677860755141417 6.031541194742088
      vertex 268.6239820824806 -23.54810624381852 6
      vertex 268.6239820824806 -23.54810624381852 -6
    endloop
  endfacet
  facet normal -0.2588190451025365 0.965925826289064 0
    outer loop
      vertex 269.1082325112489 -23.418351732495623 6.031541194742088
      vertex 268.6239820824806 -23.54810624381852 -6
      vertex 268.6239820824806 -23.54810624381852 6
    endloop
  endfacet
  facet normal -0.2588190451025218 0.965925826289068 0
    outer loop
      vertex 269.1082325112489 -23.418351732495623 -6.031541194742088
      vertex 269.1082325112489 -23.418351732495623 6.031541194742088
      vertex 269.58484602147837 -23.290643527327873 6.125667355485476
    endloop
  endfacet
  facet normal -0.25881904510249387 0.9659258262890755 -1.1719436680525501e-15
    outer loop
      vertex 269.1082325112489 -23.418351732495623 -6.031541194742088
      vertex 269.58484602147837 -23.290643527327873 6.125667355485476
      vertex 270.0463061333976 -23.166995662999955 6.280894056446995
    endloop
  endfacet
  facet normal -0.2588190451025332 0.9659258262890649 2.0397555502339965e-15
    outer loop
      vertex 269.1082325112489 -23.418351732495623 -6.031541194742088
      vertex 270.0463061333976 -23.166995662999955 6.280894056446995
      vertex 270.4853353453786 -23.04935814019597 6.494773279824546
    endloop
  endfacet
  facet normal -0.2588190451025147 0.9659258262890699 -1.351457005396438e-16
    outer loop
      vertex 269.1082325112489 -23.418351732495623 -6.031541194742088
      vertex 270.4853353453786 -23.04935814019597 6.494773279824546
      vertex 270.89500990448516 -22.93958617292379 6.76393202250021
    endloop
  endfacet
  facet normal -0.25881904510258025 0.9659258262890523 1.4723505109638457e-14
    outer loop
      vertex 269.1082325112489 -23.418351732495623 -6.031541194742088
      vertex 272.2985822878806 -22.563500086274352 8.76393202250021
      vertex 272.4192485797339 -22.531167650818603 9.2504747416571
    endloop
  endfacet
  facet normal -0.25881904510245385 0.9659258262890862 -1.5257809990125502e-14
    outer loop
      vertex 269.1082325112489 -23.418351732495623 -6.031541194742088
      vertex 272.11996535568835 -22.611360349009786 8.29688283373971
      vertex 272.2985822878806 -22.563500086274352 8.76393202250021
    endloop
  endfacet
  facet normal -0.25881904510246506 0.9659258262890832 -1.1057331234630932e-14
    outer loop
      vertex 269.1082325112489 -23.418351732495623 -6.031541194742088
      vertex 271.6010166452601 -22.750412236882212 7.45030404100524
      vertex 271.8862146788785 -22.673993654091223 7.856692820084016
    endloop
  endfacet
  facet normal -0.2588190451025866 0.9659258262890507 1.505080316261304e-14
    outer loop
      vertex 269.1082325112489 -23.418351732495623 -6.031541194742088
      vertex 271.8862146788785 -22.673993654091223 7.856692820084016
      vertex 272.11996535568835 -22.611360349009786 8.29688283373971
    endloop
  endfacet
  facet normal -0.25881904510253745 0.9659258262890639 3.248619514574172e-15
    outer loop
      vertex 269.1082325112489 -23.418351732495623 -6.031541194742088
      vertex 271.26886899819243 -22.83941093068189 7.084125490314353
      vertex 271.6010166452601 -22.750412236882212 7.45030404100524
    endloop
  endfacet
  facet normal -0.2588190451025374 0.9659258262890638 3.2592519646786866e-15
    outer loop
      vertex 269.1082325112489 -23.418351732495623 -6.031541194742088
      vertex 270.89500990448516 -22.93958617292379 6.76393202250021
      vertex 271.26886899819243 -22.83941093068189 7.084125490314353
    endloop
  endfacet
  facet normal 0.2588190451025201 -0.9659258262890684 -7.005926800543491e-16
    outer loop
      vertex 249.37481591082025 -32.847009496127725 15
      vertex 280.04250233027074 -24.629627686305056 -19.929149002914755
      vertex 268.74156265367367 -27.657705346362086 9.552931743856673
    endloop
  endfacet
  facet normal 0.2588190451025205 -0.9659258262890684 -2.018968313178489e-16
    outer loop
      vertex 270.62518408917975 -27.15299050387227 15
      vertex 270.6238408168082 -27.153350432619447 10.324467844093695
      vertex 280.04250233027074 -24.629627686305056 -19.929149002914755
    endloop
  endfacet
  facet normal 0.2588190451024906 -0.9659258262890764 -1.0432701637884298e-14
    outer loop
      vertex 270.6238408168082 -27.153350432619447 9.675532155906305
      vertex 270.5769538721077 -27.1659137515875 9.552931743856673
      vertex 280.04250233027074 -24.629627686305056 -19.929149002914755
    endloop
  endfacet
  facet normal 0.25881904510291126 -0.9659258262889636 1.6005387412434678e-13
    outer loop
      vertex 268.74156265367367 -27.657705346362086 9.552931743856673
      vertex 280.04250233027074 -24.629627686305056 -19.929149002914755
      vertex 268.80292220633623 -27.64126410377821 9.437381865272053
    endloop
  endfacet
  facet normal 0.2588190451023439 -0.9659258262891156 -7.269062305522699e-14
    outer loop
      vertex 268.80292220633623 -27.64126410377821 9.437381865272053
      vertex 280.04250233027074 -24.629627686305056 -19.929149002914755
      vertex 268.8777866901611 -27.621204225795573 9.330704810763876
    endloop
  endfacet
  facet normal 0.2588190451025395 -0.9659258262890632 7.292195181720187e-15
    outer loop
      vertex 268.8777866901611 -27.621204225795573 9.330704810763876
      vertex 280.04250233027074 -24.629627686305056 -19.929149002914755
      vertex 268.96497544751634 -27.59784206867316 9.234582941207519
    endloop
  endfacet
  facet normal 0.2588190451025507 -0.9659258262890602 1.188465124939433e-14
    outer loop
      vertex 268.96497544751634 -27.59784206867316 9.234582941207519
      vertex 280.04250233027074 -24.629627686305056 -19.929149002914755
      vertex 269.0631134596145 -27.57154606758466 9.150532155906305
    endloop
  endfacet
  facet normal 0.2588190451025375 -0.9659258262890639 6.521527613974679e-15
    outer loop
      vertex 269.0631134596145 -27.57154606758466 9.150532155906305
      vertex 280.04250233027074 -24.629627686305056 -19.929149002914755
      vertex 269.17065303137997 -27.54273092617571 9.079877985953944
    endloop
  endfacet
  facet normal 0.25881904510253556 -0.9659258262890642 5.748952914958447e-15
    outer loop
      vertex 269.17065303137997 -27.54273092617571 9.079877985953944
      vertex 280.04250233027074 -24.629627686305056 -19.929149002914755
      vertex 269.285898199525 -27.511851076439665 9.023734689817337
    endloop
  endfacet
  facet normal 0.2588190451024893 -0.9659258262890767 -1.2684805032080058e-14
    outer loop
      vertex 269.285898199525 -27.511851076439665 9.023734689817337
      vertex 280.04250233027074 -24.629627686305056 -19.929149002914755
      vertex 269.4070314789038 -27.479393512053587 8.982987680814936
    endloop
  endfacet
  facet normal 0.2588190451025527 -0.9659258262890598 1.2308185530738666e-14
    outer loop
      vertex 269.4070314789038 -27.479393512053587 8.982987680814936
      vertex 280.04250233027074 -24.629627686305056 -19.929149002914755
      vertex 269.532142525339 -27.445870108197052 8.958279563619799
    endloop
  endfacet
  facet normal 0.25881904510254683 -0.9659258262890613 1.0005939423791548e-14
    outer loop
      vertex 269.532142525339 -27.445870108197052 8.958279563619799
      vertex 280.04250233027074 -24.629627686305056 -19.929149002914755
      vertex 269.65925826289066 -27.411809548974794 8.95
    endloop
  endfacet
  facet normal 0.25881904510246473 -0.9659258262890833 -2.1607919988498756e-14
    outer loop
      vertex 269.65925826289066 -27.411809548974794 8.95
      vertex 280.04250233027074 -24.629627686305056 -19.929149002914755
      vertex 269.7863740004424 -27.377748989752533 8.958279563619799
    endloop
  endfacet
  facet normal 0.25881904510258896 -0.96592582628905 2.342251862558838e-14
    outer loop
      vertex 270.5769538721077 -27.1659137515875 9.552931743856673
      vertex 270.51559431944514 -27.182354994171376 9.437381865272053
      vertex 280.04250233027074 -24.629627686305056 -19.929149002914755
    endloop
  endfacet
  facet normal 0.2588190451024661 -0.9659258262890829 -1.927251055070742e-14
    outer loop
      vertex 270.51559431944514 -27.182354994171376 9.437381865272053
      vertex 270.4407298356203 -27.202414872154012 9.330704810763876
      vertex 280.04250233027074 -24.629627686305056 -19.929149002914755
    endloop
  endfacet
  facet normal 0.25881904510255604 -0.9659258262890589 1.2339678316244557e-14
    outer loop
      vertex 270.4407298356203 -27.202414872154012 9.330704810763876
      vertex 270.35354107826504 -27.22577702927643 9.234582941207517
      vertex 280.04250233027074 -24.629627686305056 -19.929149002914755
    endloop
  endfacet
  facet normal 0.2588190451025313 -0.9659258262890654 3.622649994121663e-15
    outer loop
      vertex 270.1478634944014 -27.280888171773874 9.079877985953944
      vertex 280.04250233027074 -24.629627686305056 -19.929149002914755
      vertex 270.2554030661669 -27.252073030364926 9.150532155906305
    endloop
  endfacet
  facet normal 0.25881904510251147 -0.9659258262890709 -3.529493850152734e-15
    outer loop
      vertex 270.35354107826504 -27.22577702927643 9.234582941207517
      vertex 270.2554030661669 -27.252073030364926 9.150532155906305
      vertex 280.04250233027074 -24.629627686305056 -19.929149002914755
    endloop
  endfacet
  facet normal 0.2588190451025485 -0.9659258262890609 1.027322330203746e-14
    outer loop
      vertex 269.7863740004424 -27.377748989752533 8.958279563619799
      vertex 280.04250233027074 -24.629627686305056 -19.929149002914755
      vertex 269.9114850468776 -27.344225585895998 8.982987680814936
    endloop
  endfacet
  facet normal 0.25881904510249626 -0.9659258262890749 -9.367958432335997e-15
    outer loop
      vertex 270.0326183262564 -27.31176802150992 9.023734689817337
      vertex 269.9114850468776 -27.344225585895998 8.982987680814936
      vertex 280.04250233027074 -24.629627686305056 -19.929149002914755
    endloop
  endfacet
  facet normal 0.2588190451025313 -0.9659258262890654 3.630878400586135e-15
    outer loop
      vertex 270.0326183262564 -27.31176802150992 9.023734689817337
      vertex 280.04250233027074 -24.629627686305056 -19.929149002914755
      vertex 270.1478634944014 -27.280888171773874 9.079877985953944
    endloop
  endfacet
  facet normal -0.25881904510254 0.9659258262890632 9.148578492853903e-16
    outer loop
      vertex 267.6631181434828 -23.805568960309166 6.125667355485476
      vertex 267.2016580315636 -23.92921682463708 -6.280894056446995
      vertex 266.76262881958263 -24.04685434744107 -6.494773279824546
    endloop
  endfacet
  facet normal -0.258819045102506 0.9659258262890722 -1.6865294257718141e-15
    outer loop
      vertex 267.6631181434828 -23.805568960309166 6.125667355485476
      vertex 266.76262881958263 -24.04685434744107 -6.494773279824546
      vertex 266.35295426047605 -24.156626314713247 -6.76393202250021
    endloop
  endfacet
  facet normal -0.2588190451025171 0.9659258262890693 0
    outer loop
      vertex 267.6631181434828 -23.805568960309166 6.125667355485476
      vertex 267.6631181434828 -23.805568960309166 -6.125667355485476
      vertex 267.2016580315636 -23.92921682463708 -6.280894056446995
    endloop
  endfacet
  facet normal -0.2588190451025218 0.9659258262890679 0
    outer loop
      vertex 267.6631181434828 -23.805568960309166 6.125667355485476
      vertex 268.13973165371226 -23.677860755141417 -6.031541194742088
      vertex 267.6631181434828 -23.805568960309166 -6.125667355485476
    endloop
  endfacet
  facet normal -0.25881904510252146 0.9659258262890682 2.82897228380634e-16
    outer loop
      vertex 273.26450811416964 -22.304681041171833 12.23606797749979
      vertex 269.58484602147837 -23.290643527327873 -6.125667355485476
      vertex 269.1082325112489 -23.418351732495623 -6.031541194742088
    endloop
  endfacet
  facet normal -0.2588190451024961 0.9659258262890749 -5.264506726531741e-15
    outer loop
      vertex 273.26450811416964 -22.304681041171833 12.23606797749979
      vertex 270.0463061333976 -23.166995662999955 -6.280894056446995
      vertex 269.58484602147837 -23.290643527327873 -6.125667355485476
    endloop
  endfacet
  facet normal -0.25881904510253173 0.9659258262890653 1.4107564962265473e-15
    outer loop
      vertex 273.26450811416964 -22.304681041171833 12.23606797749979
      vertex 270.4853353453786 -23.04935814019597 -6.494773279824546
      vertex 270.0463061333976 -23.166995662999955 -6.280894056446995
    endloop
  endfacet
  facet normal -0.2588190451025082 0.9659258262890716 0
    outer loop
      vertex 268.13973165371226 -23.677860755141417 6.031541194742088
      vertex 268.6239820824806 -23.54810624381852 -6
      vertex 268.13973165371226 -23.677860755141417 -6.031541194742088
    endloop
  endfacet
  facet normal -0.25881904510253656 0.9659258262890641 0
    outer loop
      vertex 269.1082325112489 -23.418351732495623 -6.031541194742088
      vertex 268.6239820824806 -23.54810624381852 -6
      vertex 269.1082325112489 -23.418351732495623 6.031541194742088
    endloop
  endfacet
  facet normal -0.25881904510251547 0.9659258262890698 -1.1715150047484996e-15
    outer loop
      vertex 273.26450811416964 -22.304681041171833 12.23606797749979
      vertex 270.89500990448516 -22.93958617292379 -6.76393202250021
      vertex 270.4853353453786 -23.04935814019597 -6.494773279824546
    endloop
  endfacet
  facet normal -0.2588190451025338 0.9659258262890649 1.2821761153102351e-15
    outer loop
      vertex 273.26450811416964 -22.304681041171833 12.23606797749979
      vertex 271.26886899819243 -22.83941093068189 -7.084125490314353
      vertex 270.89500990448516 -22.93958617292379 -6.76393202250021
    endloop
  endfacet
  facet normal -0.25881904510253306 0.965925826289065 1.1552214113554346e-15
    outer loop
      vertex 273.26450811416964 -22.304681041171833 12.23606797749979
      vertex 271.6010166452601 -22.750412236882212 -7.450304041005241
      vertex 271.26886899819243 -22.83941093068189 -7.084125490314353
    endloop
  endfacet
  facet normal -0.2588190451025271 0.9659258262890666 6.478131436152281e-16
    outer loop
      vertex 273.26450811416964 -22.304681041171833 12.23606797749979
      vertex 271.88621467887845 -22.673993654091223 -7.856692820084013
      vertex 271.6010166452601 -22.750412236882212 -7.450304041005241
    endloop
  endfacet
  facet normal -0.25881904510250364 0.965925826289073 -1.0818144952557076e-15
    outer loop
      vertex 273.26450811416964 -22.304681041171833 12.23606797749979
      vertex 272.11996535568835 -22.611360349009786 -8.29688283373971
      vertex 271.88621467887845 -22.673993654091223 -7.856692820084013
    endloop
  endfacet
  facet normal -0.2588190451024939 0.9659258262890755 -1.6588303332261294e-15
    outer loop
      vertex 273.26450811416964 -22.304681041171833 12.23606797749979
      vertex 272.2985822878806 -22.563500086274352 -8.76393202250021
      vertex 272.11996535568835 -22.611360349009786 -8.29688283373971
    endloop
  endfacet
  facet normal -0.2588190451025272 0.9659258262890666 -2.6774517906933407e-17
    outer loop
      vertex 273.26450811416964 -22.304681041171833 12.23606797749979
      vertex 272.4192485797339 -22.531167650818603 -9.2504747416571
      vertex 272.2985822878806 -22.563500086274352 -8.76393202250021
    endloop
  endfacet
  facet normal -0.2588190451025186 0.9659258262890689 -3.723801967674881e-16
    outer loop
      vertex 273.26450811416964 -22.304681041171833 12.23606797749979
      vertex 272.4800612517432 -22.514872944464127 -9.748837921882744
      vertex 272.4192485797339 -22.531167650818603 -9.2504747416571
    endloop
  endfacet
  facet normal 0.25881904510250797 -0.9659258262890718 -3.833335280599452e-15
    outer loop
      vertex 270.62518408917975 -27.15299050387227 15
      vertex 280.04250233027074 -24.629627686305056 -19.929149002914755
      vertex 271.1094345179481 -27.023235992549374 14.968458805257912
    endloop
  endfacet
  facet normal 0.2588190451025521 -0.9659258262890598 8.284784457493406e-15
    outer loop
      vertex 271.1094345179481 -27.023235992549374 14.968458805257912
      vertex 280.04250233027074 -24.629627686305056 -19.929149002914755
      vertex 271.5860480281775 -26.895527787381624 14.874332644514524
    endloop
  endfacet
  facet normal 0.2588190451024844 -0.965925826289078 -9.36578261966215e-15
    outer loop
      vertex 271.5860480281775 -26.895527787381624 14.874332644514524
      vertex 280.04250233027074 -24.629627686305056 -19.929149002914755
      vertex 272.04750814009674 -26.77187992305371 14.719105943553005
    endloop
  endfacet
  facet normal 0.25881904510253356 -0.9659258262890649 2.8037702101918444e-15
    outer loop
      vertex 272.04750814009674 -26.77187992305371 14.719105943553005
      vertex 280.04250233027074 -24.629627686305056 -19.929149002914755
      vertex 272.48653735207773 -26.654242400249725 14.505226720175454
    endloop
  endfacet
  facet normal 0.25881904510251375 -0.9659258262890702 -1.8564372982454897e-15
    outer loop
      vertex 272.48653735207773 -26.654242400249725 14.505226720175454
      vertex 280.04250233027074 -24.629627686305056 -19.929149002914755
      vertex 272.8962119111843 -26.544470432977544 14.23606797749979
    endloop
  endfacet
  facet normal 0.2588190451025377 -0.9659258262890638 3.5184636150996313e-15
    outer loop
      vertex 272.8962119111843 -26.544470432977544 14.23606797749979
      vertex 280.04250233027074 -24.629627686305056 -19.929149002914755
      vertex 273.2700710048916 -26.444295190735644 13.915874509685647
    endloop
  endfacet
  facet normal 0.2588190451025377 -0.9659258262890639 3.500542366565662e-15
    outer loop
      vertex 273.2700710048916 -26.444295190735644 13.915874509685647
      vertex 280.04250233027074 -24.629627686305056 -19.929149002914755
      vertex 273.6022186519592 -26.355296496935967 13.549695958994759
    endloop
  endfacet
  facet normal 0.25881904510246456 -0.9659258262890834 -1.1589103568043932e-14
    outer loop
      vertex 273.6022186519592 -26.355296496935967 13.549695958994759
      vertex 280.04250233027074 -24.629627686305056 -19.929149002914755
      vertex 273.88741668557765 -26.278877914144978 13.143307179915986
    endloop
  endfacet
  facet normal 0.258819045102602 -0.9659258262890467 1.5846800472172886e-14
    outer loop
      vertex 273.88741668557765 -26.278877914144978 13.143307179915986
      vertex 280.04250233027074 -24.629627686305056 -19.929149002914755
      vertex 274.1211673623875 -26.216244609063537 12.70311716626029
    endloop
  endfacet
  facet normal 0.9164224973725085 0.24555466809668236 0.3160264408011817
    outer loop
      vertex 274.29978429457975 -26.168384346328104 12.23606797749979
      vertex 282.9108970073644 -23.86104364900409 -14.527501789261288
      vertex 273.26450811416964 -22.304681041171833 12.23606797749979
    endloop
  endfacet
  facet normal 0.2588190451025777 -0.9659258262890531 1.8848733405949867e-14
    outer loop
      vertex 270.6238408168082 -27.153350432619447 10.324467844093695
      vertex 270.6555157184197 -27.144863168312312 10.196750380315011
      vertex 280.04250233027074 -24.629627686305056 -19.929149002914755
    endloop
  endfacet
  facet normal 0.25881904510229176 -0.9659258262891296 -7.660600014837194e-14
    outer loop
      vertex 270.6555157184197 -27.144863168312312 10.196750380315011
      vertex 270.6714790448221 -27.140585807894265 10.06593004550578
      vertex 280.04250233027074 -24.629627686305056 -19.929149002914755
    endloop
  endfacet
  facet normal 0.25881904510252063 -0.9659258262890684 0
    outer loop
      vertex 270.6714790448221 -27.140585807894265 10.06593004550578
      vertex 270.6714790448221 -27.140585807894265 9.93406995449422
      vertex 280.04250233027074 -24.629627686305056 -19.929149002914755
    endloop
  endfacet
  facet normal 0.25881904510262055 -0.9659258262890417 3.361391090383528e-14
    outer loop
      vertex 270.6714790448221 -27.140585807894265 9.93406995449422
      vertex 270.6555157184197 -27.144863168312312 9.803249619684989
      vertex 280.04250233027074 -24.629627686305056 -19.929149002914755
    endloop
  endfacet
  facet normal 0.25881904510251474 -0.9659258262890699 -2.147889241180888e-15
    outer loop
      vertex 270.6555157184197 -27.144863168312312 9.803249619684989
      vertex 270.6238408168082 -27.153350432619447 9.675532155906305
      vertex 280.04250233027074 -24.629627686305056 -19.929149002914755
    endloop
  endfacet
  facet normal 0.25881904510246234 -0.9659258262890839 -1.130817281761217e-14
    outer loop
      vertex 274.1211673623875 -26.216244609063537 12.70311716626029
      vertex 280.04250233027074 -24.629627686305056 -19.929149002914755
      vertex 274.29978429457975 -26.168384346328104 12.23606797749979
    endloop
  endfacet
  facet normal 0.25881904510251946 -0.9659258262890686 0
    outer loop
      vertex 245.51873674155763 -33.88024279548212 11.251162078117254
      vertex 245.51873674155763 -33.88024279548212 -11.251162078117254
      vertex 249.32852095517788 -32.85941419210574 -10.065930045505779
    endloop
  endfacet
  facet normal -0.9659258262890685 -0.2588190451025201 0
    outer loop
      vertex 245.51873674155763 -33.88024279548212 11.251162078117254
      vertex 244.48346056114755 -30.016539490325847 -11.251162078117254
      vertex 245.51873674155763 -33.88024279548212 -11.251162078117254
    endloop
  endfacet
  facet normal 0.2588190451024798 -0.9659258262890793 -7.945158962471084e-15
    outer loop
      vertex 245.51873674155763 -33.88024279548212 11.251162078117254
      vertex 249.4230461278923 -32.8340862484125 -9.552931743856673
      vertex 249.4844056805549 -32.81764500582862 -9.437381865272053
    endloop
  endfacet
  facet normal 0.2588190451025283 -0.9659258262890664 1.7699780806944855e-15
    outer loop
      vertex 245.51873674155763 -33.88024279548212 11.251162078117254
      vertex 249.37615918319182 -32.84664956738055 -9.675532155906305
      vertex 249.4230461278923 -32.8340862484125 -9.552931743856673
    endloop
  endfacet
  facet normal 0.2588190451025117 -0.9659258262890705 -1.4849089822166022e-15
    outer loop
      vertex 245.51873674155763 -33.88024279548212 11.251162078117254
      vertex 249.34448428158032 -32.85513683168769 -9.803249619684989
      vertex 249.37615918319182 -32.84664956738055 -9.675532155906305
    endloop
  endfacet
  facet normal 0.25881904510249626 -0.9659258262890749 -5.220884531424e-15
    outer loop
      vertex 245.51873674155763 -33.88024279548212 11.251162078117254
      vertex 249.4844056805549 -32.81764500582862 -9.437381865272053
      vertex 249.5592701643797 -32.79758512784599 -9.330704810763876
    endloop
  endfacet
  facet normal 0.25881904510256915 -0.9659258262890553 9.742222305715578e-15
    outer loop
      vertex 245.51873674155763 -33.88024279548212 11.251162078117254
      vertex 249.32852095517788 -32.85941419210574 -9.934069954494221
      vertex 249.34448428158032 -32.85513683168769 -9.803249619684989
    endloop
  endfacet
  facet normal 0.2588190451025257 -0.965925826289067 0
    outer loop
      vertex 245.51873674155763 -33.88024279548212 11.251162078117254
      vertex 249.32852095517788 -32.85941419210574 -10.065930045505779
      vertex 249.32852095517788 -32.85941419210574 -9.934069954494221
    endloop
  endfacet
  facet normal -0.25881904510251746 0.9659258262890692 1.5246301075241819e-16
    outer loop
      vertex 244.48346056114755 -30.016539490325847 11.251162078117254
      vertex 245.51019905944594 -29.741425738868852 -9.250474741657102
      vertex 245.44938638743662 -29.757720445223327 -9.748837921882746
    endloop
  endfacet
  facet normal -0.2588190451025198 0.9659258262890685 0
    outer loop
      vertex 244.48346056114755 -30.016539490325847 11.251162078117254
      vertex 245.44938638743662 -29.757720445223327 -9.748837921882746
      vertex 245.44938638743662 -29.757720445223327 -10.251162078117254
    endloop
  endfacet
  facet normal -0.25881904510252046 0.9659258262890683 0
    outer loop
      vertex 244.48346056114755 -30.016539490325847 11.251162078117254
      vertex 245.44938638743662 -29.757720445223327 -10.251162078117254
      vertex 244.48346056114755 -30.016539490325847 -11.251162078117254
    endloop
  endfacet
  facet normal -0.2588190451025392 0.9659258262890634 0
    outer loop
      vertex 246.32843099391974 -29.52218115280524 7.450304041005241
      vertex 246.32843099391974 -29.52218115280524 -7.450304041005241
      vertex 246.04323296030137 -29.59859973559623 -7.856692820084013
    endloop
  endfacet
  facet normal -0.25881904510250253 0.9659258262890732 -1.1834842904961492e-15
    outer loop
      vertex 246.32843099391974 -29.52218115280524 -7.450304041005241
      vertex 247.03443773469468 -29.33300721676366 6.76393202250021
      vertex 246.6605786409874 -29.433182459005565 -7.084125490314353
    endloop
  endfacet
  facet normal -0.2588190451025454 0.9659258262890617 2.317024996592554e-15
    outer loop
      vertex 247.88314150578228 -29.1055977266875 6.280894056446995
      vertex 247.03443773469468 -29.33300721676366 -6.76393202250021
      vertex 246.6605786409874 -29.433182459005565 -7.084125490314353
    endloop
  endfacet
  facet normal 0.25881904510252424 -0.9659258262890672 -1.6208177025175377e-14
    outer loop
      vertex 249.32852095517788 -32.85941419210574 -10.065930045505779
      vertex 245.51873674155763 -33.88024279548212 -11.251162078117254
      vertex 249.34448428158032 -32.85513683168769 -10.196750380315011
    endloop
  endfacet
  facet normal 0.2588190451025192 -0.9659258262890688 3.2997854035855755e-15
    outer loop
      vertex 249.34448428158032 -32.85513683168769 -10.196750380315011
      vertex 245.51873674155763 -33.88024279548212 -11.251162078117254
      vertex 249.37615918319182 -32.84664956738055 -10.324467844093695
    endloop
  endfacet
  facet normal 0.258819045102521 -0.9659258262890681 -5.049186483598267e-15
    outer loop
      vertex 249.37615918319182 -32.84664956738055 -10.324467844093695
      vertex 245.51873674155763 -33.88024279548212 -11.251162078117254
      vertex 249.4230461278923 -32.8340862484125 -10.447068256143327
    endloop
  endfacet
  facet normal 0.25881904510251474 -0.9659258262890699 2.7721485856632815e-14
    outer loop
      vertex 249.4230461278923 -32.8340862484125 -10.447068256143327
      vertex 245.51873674155763 -33.88024279548212 -11.251162078117254
      vertex 249.4844056805549 -32.81764500582862 -10.562618134727947
    endloop
  endfacet
  facet normal 0.258819045102516 -0.9659258262890695 1.9997495747530576e-14
    outer loop
      vertex 249.4844056805549 -32.81764500582862 -10.562618134727947
      vertex 245.51873674155763 -33.88024279548212 -11.251162078117254
      vertex 249.5592701643797 -32.79758512784599 -10.669295189236124
    endloop
  endfacet
  facet normal 0.25881904510252873 -0.9659258262890661 -7.460811745888988e-14
    outer loop
      vertex 249.5592701643797 -32.79758512784599 -10.669295189236124
      vertex 245.51873674155763 -33.88024279548212 -11.251162078117254
      vertex 249.64645892173496 -32.77422297072357 -10.765417058792481
    endloop
  endfacet
  facet normal 0.25881904510251913 -0.9659258262890688 1.3078516637223465e-14
    outer loop
      vertex 249.64645892173496 -32.77422297072357 -10.765417058792481
      vertex 245.51873674155763 -33.88024279548212 -11.251162078117254
      vertex 249.74459693383312 -32.747926969635074 -10.849467844093695
    endloop
  endfacet
  facet normal 0.25881904510252196 -0.9659258262890679 -1.8904871414842718e-14
    outer loop
      vertex 249.74459693383312 -32.747926969635074 -10.849467844093695
      vertex 245.51873674155763 -33.88024279548212 -11.251162078117254
      vertex 249.8521365055986 -32.719111828226126 -10.920122014046056
    endloop
  endfacet
  facet normal 0.2588190451025223 -0.9659258262890679 -2.3624172931035326e-14
    outer loop
      vertex 249.8521365055986 -32.719111828226126 -10.920122014046056
      vertex 245.51873674155763 -33.88024279548212 -11.251162078117254
      vertex 249.9673816737436 -32.68823197849008 -10.976265310182663
    endloop
  endfacet
  facet normal 0.2588190451025166 -0.9659258262890694 7.434397567728351e-14
    outer loop
      vertex 249.9673816737436 -32.68823197849008 -10.976265310182663
      vertex 245.51873674155763 -33.88024279548212 -11.251162078117254
      vertex 250.0885149531224 -32.655774414104 -11.017012319185064
    endloop
  endfacet
  facet normal 0.2588190451025264 -0.9659258262890669 -1.3046205504177123e-13
    outer loop
      vertex 250.0885149531224 -32.655774414104 -11.017012319185064
      vertex 245.51873674155763 -33.88024279548212 -11.251162078117254
      vertex 250.21362599955762 -32.62225101024747 -11.041720436380201
    endloop
  endfacet
  facet normal 0.2588190451025195 -0.9659258262890686 3.5203396427595116e-14
    outer loop
      vertex 250.21362599955762 -32.62225101024747 -11.041720436380201
      vertex 245.51873674155763 -33.88024279548212 -11.251162078117254
      vertex 250.3407417371093 -32.588190451025206 -11.05
    endloop
  endfacet
  facet normal -0.25881904510251996 0.9659258262890685 -4.944687819407642e-16
    outer loop
      vertex 244.48346056114755 -30.016539490325847 -11.251162078117254
      vertex 245.44938638743662 -29.757720445223327 -10.251162078117254
      vertex 245.51019905944594 -29.741425738868852 -10.749525258342898
    endloop
  endfacet
  facet normal -0.258819045102521 0.9659258262890683 1.531763661533886e-15
    outer loop
      vertex 244.48346056114755 -30.016539490325847 -11.251162078117254
      vertex 245.51019905944594 -29.741425738868852 -10.749525258342898
      vertex 245.63086535129924 -29.709093303413102 -11.23606797749979
    endloop
  endfacet
  facet normal 0.25881904510255366 -0.9659258262890595 4.1596645246363165e-14
    outer loop
      vertex 245.51873674155763 -33.88024279548212 11.251162078117254
      vertex 268.74156265367367 -27.657705346362086 -9.552931743856673
      vertex 268.80292220633623 -27.64126410377821 -9.437381865272053
    endloop
  endfacet
  facet normal 0.25881904510250353 -0.9659258262890729 -1.4363778555564017e-14
    outer loop
      vertex 245.51873674155763 -33.88024279548212 11.251162078117254
      vertex 268.6946757089732 -27.670268665330138 -9.675532155906305
      vertex 268.74156265367367 -27.657705346362086 -9.552931743856673
    endloop
  endfacet
  facet normal 0.25881904510253123 -0.9659258262890654 1.2292578220850771e-14
    outer loop
      vertex 250.3407417371093 -32.588190451025206 8.95
      vertex 268.96497544751634 -27.59784206867316 -9.234582941207517
      vertex 269.0631134596145 -27.57154606758466 -9.150532155906305
    endloop
  endfacet
  facet normal 0.2588190451025309 -0.9659258262890655 8.450324464494165e-15
    outer loop
      vertex 250.82934696862003 -32.457269073824285 9.079877985953944
      vertex 269.0631134596145 -27.57154606758466 -9.150532155906305
      vertex 269.17065303137997 -27.54273092617571 -9.079877985953944
    endloop
  endfacet
  facet normal 0.2588190451025508 -0.9659258262890602 2.6893547970798797e-14
    outer loop
      vertex 251.35296251904074 -32.31696670994468 9.93406995449422
      vertex 269.532142525339 -27.445870108197052 -8.958279563619799
      vertex 269.65925826289066 -27.411809548974794 -8.95
    endloop
  endfacet
  facet normal 0.25881904510250003 -0.9659258262890739 -2.3159889520687082e-14
    outer loop
      vertex 251.12221330983894 -32.37879577420443 9.330704810763876
      vertex 269.285898199525 -27.511851076439665 -9.023734689817337
      vertex 269.4070314789038 -27.479393512053587 -8.982987680814936
    endloop
  endfacet
  facet normal 0.2588190451025412 -0.9659258262890629 2.976000191795977e-14
    outer loop
      vertex 251.25843734632636 -32.342294653637914 9.552931743856673
      vertex 269.4070314789038 -27.479393512053587 -8.982987680814936
      vertex 269.532142525339 -27.445870108197052 -8.958279563619799
    endloop
  endfacet
  facet normal 0.2588190451025304 -0.9659258262890656 8.756939045263043e-15
    outer loop
      vertex 251.12221330983894 -32.37879577420443 9.330704810763876
      vertex 269.17065303137997 -27.54273092617571 -9.079877985953944
      vertex 269.285898199525 -27.511851076439665 -9.023734689817337
    endloop
  endfacet
  facet normal -0.25881904510252357 0.9659258262890676 2.8093954639624163e-15
    outer loop
      vertex 266.35295426047605 -24.156626314713247 6.76393202250021
      vertex 252.5676981530971 -27.850374556141638 -7.856692820084013
      vertex 252.28250011947873 -27.926793138932627 -7.450304041005241
    endloop
  endfacet
  facet normal -0.25881904510251497 0.9659258262890699 -7.615721917690044e-15
    outer loop
      vertex 267.6631181434828 -23.805568960309166 6.125667355485476
      vertex 252.801448829907 -27.7877412510602 -8.29688283373971
      vertex 252.5676981530971 -27.850374556141638 -7.856692820084013
    endloop
  endfacet
  facet normal -0.25881904510252113 0.9659258262890682 1.473998738409149e-16
    outer loop
      vertex 267.6631181434828 -23.805568960309166 6.125667355485476
      vertex 265.3617494860827 -24.422218833545813 -7.856692820084013
      vertex 252.801448829907 -27.7877412510602 -8.29688283373971
    endloop
  endfacet
  facet normal 0.25881904510252496 -0.9659258262890672 1.2387021625154587e-13
    outer loop
      vertex 250.3407417371093 -32.588190451025206 -8.95
      vertex 250.467857474661 -32.554129891802944 -8.958279563619799
      vertex 268.6946757089732 -27.670268665330138 -9.675532155906305
    endloop
  endfacet
  facet normal 0.25881904510251297 -0.9659258262890704 -2.0340768611251594e-13
    outer loop
      vertex 250.467857474661 -32.554129891802944 -8.958279563619799
      vertex 250.59296852109622 -32.52060648794641 -8.982987680814936
      vertex 268.6946757089732 -27.670268665330138 -9.675532155906305
    endloop
  endfacet
  facet normal 0.2588190451025237 -0.9659258262890675 9.678930548464721e-14
    outer loop
      vertex 250.59296852109622 -32.52060648794641 -8.982987680814936
      vertex 250.71410180047502 -32.48814892356033 -9.023734689817337
      vertex 268.6946757089732 -27.670268665330138 -9.675532155906305
    endloop
  endfacet
  facet normal 0.2588190451025194 -0.9659258262890686 -2.984059359554501e-14
    outer loop
      vertex 250.71410180047502 -32.48814892356033 -9.023734689817337
      vertex 250.82934696862003 -32.457269073824285 -9.079877985953944
      vertex 268.6946757089732 -27.670268665330138 -9.675532155906305
    endloop
  endfacet
  facet normal 0.25881904510252274 -0.9659258262890678 7.965506606814917e-14
    outer loop
      vertex 250.82934696862003 -32.457269073824285 -9.079877985953944
      vertex 250.9368865403855 -32.428453932415344 -9.150532155906305
      vertex 268.6946757089732 -27.670268665330138 -9.675532155906305
    endloop
  endfacet
  facet normal 0.2588190451025187 -0.9659258262890689 -6.909741306508771e-14
    outer loop
      vertex 250.9368865403855 -32.428453932415344 -9.150532155906305
      vertex 251.03502455248366 -32.40215793132684 -9.234582941207517
      vertex 268.6946757089732 -27.670268665330138 -9.675532155906305
    endloop
  endfacet
  facet normal 0.25881904510252185 -0.965925826289068 6.664348234196912e-14
    outer loop
      vertex 251.03502455248366 -32.40215793132684 -9.234582941207517
      vertex 251.12221330983894 -32.37879577420443 -9.330704810763876
      vertex 268.6946757089732 -27.670268665330138 -9.675532155906305
    endloop
  endfacet
  facet normal 0.258819045102521 -0.9659258262890682 2.3782449044524254e-14
    outer loop
      vertex 251.12221330983894 -32.37879577420443 -9.330704810763876
      vertex 251.19707779366377 -32.358735896221795 -9.437381865272053
      vertex 268.6946757089732 -27.670268665330138 -9.675532155906305
    endloop
  endfacet
  facet normal 0.25881904510252035 -0.9659258262890684 -2.847629822438531e-14
    outer loop
      vertex 251.19707779366377 -32.358735896221795 -9.437381865272053
      vertex 251.25843734632636 -32.342294653637914 -9.552931743856673
      vertex 268.6946757089732 -27.670268665330138 -9.675532155906305
    endloop
  endfacet
  facet normal 0.25881904510252063 -0.9659258262890684 -9.280578839231712e-15
    outer loop
      vertex 251.25843734632636 -32.342294653637914 -9.552931743856673
      vertex 251.3053242910268 -32.329731334669866 -9.675532155906305
      vertex 268.6946757089732 -27.670268665330138 -9.675532155906305
    endloop
  endfacet
  facet normal 0.2588190451025205 -0.9659258262890684 3.669728462895724e-15
    outer loop
      vertex 251.3053242910268 -32.329731334669866 -9.675532155906305
      vertex 251.3369991926383 -32.32124407036273 -9.803249619684989
      vertex 268.6946757089732 -27.670268665330138 -9.675532155906305
    endloop
  endfacet
  facet normal 0.2588190451025208 -0.9659258262890683 -1.6666000973801176e-14
    outer loop
      vertex 251.3369991926383 -32.32124407036273 -9.803249619684989
      vertex 251.35296251904074 -32.31696670994468 -9.93406995449422
      vertex 268.6630008073617 -27.67875592963727 -9.803249619684989
    endloop
  endfacet
  facet normal 0.2588190451025209 -0.9659258262890682 0
    outer loop
      vertex 251.35296251904074 -32.31696670994468 -9.93406995449422
      vertex 251.35296251904074 -32.31696670994468 -10.06593004550578
      vertex 268.6470374809592 -27.68303329005532 -9.934069954494221
    endloop
  endfacet
  facet normal 0.25881904510252096 -0.9659258262890682 1.6643442759700057e-14
    outer loop
      vertex 251.35296251904074 -32.31696670994468 -10.06593004550578
      vertex 251.3369991926383 -32.32124407036273 -10.196750380315011
      vertex 268.6470374809592 -27.68303329005532 -10.065930045505779
    endloop
  endfacet
  facet normal 0.25881904510252 -0.9659258262890684 2.1680665287817835e-14
    outer loop
      vertex 250.3407417371093 -32.588190451025206 -11.05
      vertex 245.51873674155763 -33.88024279548212 -11.251162078117254
      vertex 268.96497544751634 -27.59784206867316 -10.765417058792481
    endloop
  endfacet
  facet normal 0.25881904510252074 -0.9659258262890682 -3.719493086534605e-15
    outer loop
      vertex 251.3369991926383 -32.32124407036273 -10.196750380315011
      vertex 251.3053242910268 -32.329731334669866 -10.324467844093695
      vertex 268.6630008073617 -27.67875592963727 -10.196750380315011
    endloop
  endfacet
  facet normal 0.2588190451025205 -0.9659258262890684 9.29315414931197e-15
    outer loop
      vertex 251.3053242910268 -32.329731334669866 -10.324467844093695
      vertex 251.25843734632636 -32.342294653637914 -10.447068256143327
      vertex 268.6946757089732 -27.670268665330138 -10.324467844093695
    endloop
  endfacet
  facet normal 0.25881904510252046 -0.9659258262890684 2.842660005524711e-14
    outer loop
      vertex 251.25843734632636 -32.342294653637914 -10.447068256143327
      vertex 251.19707779366377 -32.358735896221795 -10.562618134727947
      vertex 268.74156265367367 -27.657705346362086 -10.447068256143327
    endloop
  endfacet
  facet normal 0.258819045102521 -0.9659258262890683 -2.3724505047007848e-14
    outer loop
      vertex 251.19707779366377 -32.358735896221795 -10.562618134727947
      vertex 251.12221330983894 -32.37879577420443 -10.669295189236124
      vertex 268.80292220633623 -27.64126410377821 -10.562618134727947
    endloop
  endfacet
  facet normal 0.2588190451025213 -0.9659258262890682 -6.269415286124905e-14
    outer loop
      vertex 250.3407417371093 -32.588190451025206 -11.05
      vertex 268.96497544751634 -27.59784206867316 -10.765417058792481
      vertex 250.467857474661 -32.554129891802944 -11.041720436380201
    endloop
  endfacet
  facet normal 0.2588190451025221 -0.9659258262890679 -1.238761990849026e-13
    outer loop
      vertex 250.467857474661 -32.554129891802944 -11.041720436380201
      vertex 268.96497544751634 -27.59784206867316 -10.765417058792481
      vertex 250.59296852109622 -32.52060648794642 -11.017012319185064
    endloop
  endfacet
  facet normal 0.25881904510252024 -0.9659258262890685 6.71390260334304e-14
    outer loop
      vertex 251.03502455248366 -32.40215793132684 -10.765417058792483
      vertex 250.9368865403855 -32.428453932415344 -10.849467844093695
      vertex 268.96497544751634 -27.59784206867316 -10.765417058792481
    endloop
  endfacet
  facet normal 0.25881904510252 -0.9659258262890684 2.851524928373864e-14
    outer loop
      vertex 250.71410180047502 -32.48814892356033 -10.976265310182663
      vertex 268.96497544751634 -27.59784206867316 -10.765417058792481
      vertex 250.82934696862003 -32.457269073824285 -10.920122014046056
    endloop
  endfacet
  facet normal 0.25881904510251946 -0.9659258262890686 8.511912308064773e-14
    outer loop
      vertex 250.59296852109622 -32.52060648794642 -11.017012319185064
      vertex 268.96497544751634 -27.59784206867316 -10.765417058792481
      vertex 250.71410180047502 -32.48814892356033 -10.976265310182663
    endloop
  endfacet
  facet normal 0.25881904510252085 -0.9659258262890682 -7.656795928818288e-14
    outer loop
      vertex 250.9368865403855 -32.428453932415344 -10.849467844093695
      vertex 250.82934696862003 -32.457269073824285 -10.920122014046056
      vertex 268.96497544751634 -27.59784206867316 -10.765417058792481
    endloop
  endfacet
  facet normal 0.2588190451025205 -0.9659258262890683 -6.53163023726967e-14
    outer loop
      vertex 251.12221330983894 -32.37879577420443 -10.669295189236124
      vertex 251.03502455248366 -32.40215793132684 -10.765417058792483
      vertex 268.8777866901611 -27.621204225795573 -10.669295189236124
    endloop
  endfacet
  facet normal 0.2588190451025211 -0.9659258262890683 -2.7203739232297766e-14
    outer loop
      vertex 245.51873674155763 -33.88024279548212 -11.251162078117254
      vertex 269.0631134596145 -27.57154606758466 -10.849467844093695
      vertex 268.96497544751634 -27.59784206867316 -10.765417058792481
    endloop
  endfacet
  facet normal 0.258819045102521 -0.9659258262890682 -1.608552170714444e-14
    outer loop
      vertex 245.51873674155763 -33.88024279548212 -11.251162078117254
      vertex 269.17065303137997 -27.54273092617571 -10.920122014046056
      vertex 269.0631134596145 -27.57154606758466 -10.849467844093695
    endloop
  endfacet
  facet normal 0.258819045102521 -0.9659258262890683 -2.0096861213531326e-14
    outer loop
      vertex 245.51873674155763 -33.88024279548212 -11.251162078117254
      vertex 269.285898199525 -27.511851076439665 -10.976265310182663
      vertex 269.17065303137997 -27.54273092617571 -10.920122014046056
    endloop
  endfacet
  facet normal 0.25881904510251985 -0.9659258262890685 8.221674150405248e-14
    outer loop
      vertex 245.51873674155763 -33.88024279548212 -11.251162078117254
      vertex 269.4070314789038 -27.479393512053587 -11.017012319185064
      vertex 269.285898199525 -27.511851076439665 -10.976265310182663
    endloop
  endfacet
  facet normal 0.25881904510252185 -0.9659258262890681 -1.7725233643609858e-13
    outer loop
      vertex 245.51873674155763 -33.88024279548212 -11.251162078117254
      vertex 269.532142525339 -27.445870108197052 -11.041720436380201
      vertex 269.4070314789038 -27.479393512053587 -11.017012319185064
    endloop
  endfacet
  facet normal 0.258819045102524 -0.9659258262890674 -3.653228491965946e-13
    outer loop
      vertex 245.51873674155763 -33.88024279548212 -11.251162078117254
      vertex 269.65925826289066 -27.411809548974794 -11.05
      vertex 269.532142525339 -27.445870108197052 -11.041720436380201
    endloop
  endfacet
  facet normal 0.25881904510252074 -0.9659258262890682 -3.101596840888791e-14
    outer loop
      vertex 251.3369991926383 -32.32124407036273 -9.803249619684989
      vertex 268.6630008073617 -27.67875592963727 -9.803249619684989
      vertex 268.6946757089732 -27.670268665330138 -9.675532155906305
    endloop
  endfacet
  facet normal 0.2588190451025209 -0.9659258262890681 -4.247070049894211e-14
    outer loop
      vertex 251.35296251904074 -32.31696670994468 -9.93406995449422
      vertex 268.6470374809592 -27.68303329005532 -9.934069954494221
      vertex 268.6630008073617 -27.67875592963727 -9.803249619684989
    endloop
  endfacet
  facet normal 0.2588190451025209 -0.9659258262890683 0
    outer loop
      vertex 251.35296251904074 -32.31696670994468 -10.06593004550578
      vertex 268.6470374809592 -27.68303329005532 -10.065930045505779
      vertex 268.6470374809592 -27.68303329005532 -9.934069954494221
    endloop
  endfacet
  facet normal 0.2588190451025207 -0.9659258262890682 3.633637685700249e-14
    outer loop
      vertex 251.3369991926383 -32.32124407036273 -10.196750380315011
      vertex 268.6630008073617 -27.67875592963727 -10.196750380315011
      vertex 268.6470374809592 -27.68303329005532 -10.065930045505779
    endloop
  endfacet
  facet normal 0.2588190451025205 -0.9659258262890684 3.09029765296482e-14
    outer loop
      vertex 251.3053242910268 -32.329731334669866 -10.324467844093695
      vertex 268.6946757089732 -27.670268665330138 -10.324467844093695
      vertex 268.6630008073617 -27.67875592963727 -10.196750380315011
    endloop
  endfacet
  facet normal 0.25881904510252046 -0.9659258262890685 1.9212073176874975e-14
    outer loop
      vertex 251.25843734632636 -32.342294653637914 -10.447068256143327
      vertex 268.74156265367367 -27.657705346362086 -10.447068256143327
      vertex 268.6946757089732 -27.670268665330138 -10.324467844093695
    endloop
  endfacet
  facet normal 0.258819045102521 -0.9659258262890683 -6.747418142155793e-14
    outer loop
      vertex 251.19707779366377 -32.358735896221795 -10.562618134727947
      vertex 268.80292220633623 -27.64126410377821 -10.562618134727947
      vertex 268.74156265367367 -27.657705346362086 -10.447068256143327
    endloop
  endfacet
  facet normal 0.2588190451025205 -0.9659258262890684 6.522299984471061e-14
    outer loop
      vertex 251.12221330983894 -32.37879577420443 -10.669295189236124
      vertex 268.8777866901611 -27.621204225795573 -10.669295189236124
      vertex 268.80292220633623 -27.64126410377821 -10.562618134727947
    endloop
  endfacet
  facet normal 0.25881904510252024 -0.9659258262890684 -1.592915227343775e-14
    outer loop
      vertex 251.03502455248366 -32.40215793132684 -10.765417058792483
      vertex 268.96497544751634 -27.59784206867316 -10.765417058792481
      vertex 268.8777866901611 -27.621204225795573 -10.669295189236124
    endloop
  endfacet
  facet normal -0.2588190451025212 0.9659258262890682 2.9431129648772813e-15
    outer loop
      vertex 252.801448829907 -27.7877412510602 -8.29688283373971
      vertex 265.1279988092728 -24.484852138627254 -8.296882833739708
      vertex 252.98006576209923 -27.739880988324767 -8.76393202250021
    endloop
  endfacet
  facet normal -0.2588190451025203 0.9659258262890683 1.7759939868208881e-15
    outer loop
      vertex 252.98006576209923 -27.739880988324767 -8.76393202250021
      vertex 264.8287155852273 -24.565044836818437 -9.250474741657102
      vertex 253.10073205395253 -27.707548552869017 -9.2504747416571
    endloop
  endfacet
  facet normal -0.25881904510252035 0.9659258262890684 -5.641957781477834e-16
    outer loop
      vertex 253.10073205395253 -27.707548552869017 -9.2504747416571
      vertex 264.8287155852273 -24.565044836818437 -9.250474741657102
      vertex 253.16154472596185 -27.69125384651454 -9.748837921882744
    endloop
  endfacet
  facet normal -0.25881904510252035 0.9659258262890683 0
    outer loop
      vertex 264.767902913218 -24.581339543172913 -10.251162078117254
      vertex 253.16154472596185 -27.69125384651454 -10.251162078117256
      vertex 253.16154472596185 -27.69125384651454 -9.748837921882744
    endloop
  endfacet
  facet normal -0.25881904510252035 0.9659258262890684 1.1865664485313805e-15
    outer loop
      vertex 264.767902913218 -24.581339543172913 -10.251162078117254
      vertex 253.10073205395253 -27.707548552869017 -10.7495252583429
      vertex 253.16154472596185 -27.69125384651454 -10.251162078117256
    endloop
  endfacet
  facet normal -0.2588190451025203 0.9659258262890684 -1.222004345000255e-15
    outer loop
      vertex 264.767902913218 -24.581339543172913 -10.251162078117254
      vertex 252.98006576209923 -27.739880988324767 -11.23606797749979
      vertex 253.10073205395253 -27.707548552869017 -10.7495252583429
    endloop
  endfacet
  facet normal -0.2588190451025202 0.9659258262890684 -2.575556496847416e-15
    outer loop
      vertex 264.767902913218 -24.581339543172913 -10.251162078117254
      vertex 252.801448829907 -27.7877412510602 -11.70311716626029
      vertex 252.98006576209923 -27.739880988324767 -11.23606797749979
    endloop
  endfacet
  facet normal -0.2588190451025204 0.9659258262890683 -2.357076416275294e-15
    outer loop
      vertex 252.98006576209923 -27.739880988324767 -8.76393202250021
      vertex 264.9493818770806 -24.532712401362687 -8.76393202250021
      vertex 264.8287155852273 -24.565044836818437 -9.250474741657102
    endloop
  endfacet
  facet normal -0.2588190451025212 0.9659258262890681 3.794665597026531e-15
    outer loop
      vertex 252.801448829907 -27.7877412510602 -8.29688283373971
      vertex 265.3617494860827 -24.422218833545813 -7.856692820084013
      vertex 265.1279988092728 -24.484852138627254 -8.296882833739708
    endloop
  endfacet
  facet normal -0.25881904510252046 0.9659258262890684 -1.841591415476008e-14
    outer loop
      vertex 252.98006576209923 -27.739880988324767 -8.76393202250021
      vertex 265.1279988092728 -24.484852138627254 -8.296882833739708
      vertex 264.9493818770806 -24.532712401362687 -8.76393202250021
    endloop
  endfacet
  facet normal -0.25881904510252035 0.9659258262890684 1.1865664485313805e-15
    outer loop
      vertex 253.16154472596185 -27.69125384651454 -9.748837921882744
      vertex 264.8287155852273 -24.565044836818437 -9.250474741657102
      vertex 264.767902913218 -24.581339543172913 -9.748837921882746
    endloop
  endfacet
  facet normal -0.2588190451025204 0.9659258262890684 0
    outer loop
      vertex 264.767902913218 -24.581339543172913 -10.251162078117254
      vertex 253.16154472596185 -27.69125384651454 -9.748837921882744
      vertex 264.767902913218 -24.581339543172913 -9.748837921882746
    endloop
  endfacet
  facet normal -0.9583092126407177 -0.2567781796263846 -0.1253332335643184
    outer loop
      vertex 245.51873674155763 -33.88024279548212 -11.251162078117254
      vertex 244.54427323315687 -30.000244783971375 -11.749525258342898
      vertex 245.57954941356695 -33.863948089127646 -11.749525258342898
    endloop
  endfacet
  facet normal -0.9355794902428559 -0.25068776886569394 -0.24868988716483453
    outer loop
      vertex 245.57954941356695 -33.863948089127646 -11.749525258342898
      vertex 244.54427323315687 -30.000244783971375 -11.749525258342898
      vertex 245.70021570542025 -33.831615653671896 -12.23606797749979
    endloop
  endfacet
  facet normal -0.8980951203957558 -0.24064386223637374 -0.36812455268467753
    outer loop
      vertex 245.70021570542025 -33.831615653671896 -12.23606797749979
      vertex 244.66493952501017 -29.967912348515622 -12.23606797749979
      vertex 245.87883263761248 -33.78375539093646 -12.703117166260292
    endloop
  endfacet
  facet normal -0.8464472540039892 -0.22680485814590942 -0.4817536741017342
    outer loop
      vertex 245.87883263761248 -33.78375539093646 -12.703117166260292
      vertex 244.8435564572024 -29.92005208578019 -12.703117166260292
      vertex 246.11258331442238 -33.72112208585502 -13.143307179915986
    endloop
  endfacet
  facet normal -0.7814504087735288 -0.20938900595583718 -0.5877852522924603
    outer loop
      vertex 246.11258331442238 -33.72112208585502 -13.143307179915986
      vertex 245.0773071340123 -29.85741878069875 -13.143307179915986
      vertex 246.39778134804075 -33.64470350306404 -13.549695958994759
    endloop
  endfacet
  facet normal -0.9583092126407177 -0.25677817962638455 -0.12533323356431827
    outer loop
      vertex 245.51873674155763 -33.88024279548212 -11.251162078117254
      vertex 244.48346056114755 -30.016539490325847 -11.251162078117254
      vertex 244.54427323315687 -30.000244783971375 -11.749525258342898
    endloop
  endfacet
  facet normal -0.9355794902428556 -0.2506877688656936 -0.24868988716483637
    outer loop
      vertex 245.70021570542025 -33.831615653671896 -12.23606797749979
      vertex 244.54427323315687 -30.000244783971375 -11.749525258342898
      vertex 244.66493952501017 -29.967912348515622 -12.23606797749979
    endloop
  endfacet
  facet normal -0.8980951203957558 -0.24064386223637374 -0.3681245526846777
    outer loop
      vertex 245.87883263761248 -33.78375539093646 -12.703117166260292
      vertex 244.66493952501017 -29.967912348515622 -12.23606797749979
      vertex 244.8435564572024 -29.92005208578019 -12.703117166260292
    endloop
  endfacet
  facet normal -0.84644725400399 -0.22680485814590984 -0.48175367410173286
    outer loop
      vertex 246.11258331442238 -33.72112208585502 -13.143307179915986
      vertex 244.8435564572024 -29.92005208578019 -12.703117166260292
      vertex 245.0773071340123 -29.85741878069875 -13.143307179915986
    endloop
  endfacet
  facet normal -0.781450408773528 -0.20938900595583676 -0.5877852522924614
    outer loop
      vertex 246.39778134804075 -33.64470350306404 -13.549695958994759
      vertex 245.0773071340123 -29.85741878069875 -13.143307179915986
      vertex 245.36250516763067 -29.781000197907762 -13.549695958994759
    endloop
  endfacet
  facet normal -0.7041296237808219 -0.18867096405890607 -0.6845471059287017
    outer loop
      vertex 246.39778134804075 -33.64470350306404 -13.549695958994759
      vertex 245.69465281469832 -29.692001504108084 -13.915874509685647
      vertex 246.72992899510842 -33.555704809264356 -13.915874509685647
    endloop
  endfacet
  facet normal -0.615704293994502 -0.1649774683522007 -0.7705132427757684
    outer loop
      vertex 246.72992899510842 -33.555704809264356 -13.915874509685647
      vertex 246.0685119084056 -29.591826261866185 -14.23606797749979
      vertex 247.1037880888157 -33.45552956702246 -14.23606797749979
    endloop
  endfacet
  facet normal -0.5175689396879015 -0.13868217941680513 -0.8443279255020211
    outer loop
      vertex 247.1037880888157 -33.45552956702246 -14.23606797749979
      vertex 246.4781864675122 -29.482054294594004 -14.505226720175454
      vertex 247.51346264792227 -33.34575759975028 -14.505226720175454
    endloop
  endfacet
  facet normal -0.41127121402175776 -0.11019978966729702 -0.9048270524660239
    outer loop
      vertex 247.51346264792227 -33.34575759975028 -14.505226720175454
      vertex 246.4781864675122 -29.482054294594004 -14.505226720175454
      vertex 247.9524918599033 -33.22812007694629 -14.719105943553005
    endloop
  endfacet
  facet normal -0.2984874956289909 -0.07997948340457608 -0.9510565162951518
    outer loop
      vertex 247.9524918599033 -33.22812007694629 -14.719105943553005
      vertex 247.37867579141238 -29.2407689074621 -14.874332644514524
      vertex 248.41395197182246 -33.104472212618376 -14.874332644514524
    endloop
  endfacet
  facet normal -0.1809964511223475 -0.048497852911132004 -0.9822872507286887
    outer loop
      vertex 248.41395197182246 -33.104472212618376 -14.874332644514524
      vertex 247.37867579141238 -29.2407689074621 -14.874332644514524
      vertex 248.89056548205193 -32.976764007450626 -14.968458805257912
    endloop
  endfacet
  facet normal -0.7041296237808504 -0.18867096405890837 -0.6845471059286715
    outer loop
      vertex 246.39778134804075 -33.64470350306404 -13.549695958994759
      vertex 245.36250516763067 -29.781000197907762 -13.549695958994759
      vertex 245.69465281469832 -29.692001504108084 -13.915874509685647
    endloop
  endfacet
  facet normal -0.6157042939944741 -0.16497746835219795 -0.7705132427757915
    outer loop
      vertex 246.72992899510842 -33.555704809264356 -13.915874509685647
      vertex 245.69465281469832 -29.692001504108084 -13.915874509685647
      vertex 246.0685119084056 -29.591826261866185 -14.23606797749979
    endloop
  endfacet
  facet normal -0.5175689396879015 -0.13868217941680513 -0.844327925502021
    outer loop
      vertex 247.1037880888157 -33.45552956702246 -14.23606797749979
      vertex 246.0685119084056 -29.591826261866185 -14.23606797749979
      vertex 246.4781864675122 -29.482054294594004 -14.505226720175454
    endloop
  endfacet
  facet normal -0.4112712140217585 -0.11019978966729728 -0.9048270524660236
    outer loop
      vertex 247.9524918599033 -33.22812007694629 -14.719105943553005
      vertex 246.4781864675122 -29.482054294594004 -14.505226720175454
      vertex 246.9172156794932 -29.36441677179002 -14.719105943553005
    endloop
  endfacet
  facet normal -0.29848749562899035 -0.079979483404576 -0.951056516295152
    outer loop
      vertex 247.9524918599033 -33.22812007694629 -14.719105943553005
      vertex 246.9172156794932 -29.36441677179002 -14.719105943553005
      vertex 247.37867579141238 -29.2407689074621 -14.874332644514524
    endloop
  endfacet
  facet normal -0.1809964511223475 -0.048497852911132004 -0.9822872507286886
    outer loop
      vertex 248.89056548205193 -32.976764007450626 -14.968458805257912
      vertex 247.37867579141238 -29.2407689074621 -14.874332644514524
      vertex 247.85528930164185 -29.11306070229435 -14.968458805257912
    endloop
  endfacet
  facet normal -0.258819045102521 0.9659258262890683 3.0862207462856415e-15
    outer loop
      vertex 244.48346056114755 -30.016539490325847 -11.251162078117254
      vertex 245.63086535129924 -29.709093303413102 -11.23606797749979
      vertex 245.80948228349146 -29.66123304067767 -11.703117166260292
    endloop
  endfacet
  facet normal -0.25881904510252635 0.9659258262890668 -1.4132374482149815e-14
    outer loop
      vertex 244.48346056114755 -30.016539490325847 -11.251162078117254
      vertex 245.80948228349146 -29.66123304067767 -11.703117166260292
      vertex 246.04323296030137 -29.59859973559623 -12.143307179915986
    endloop
  endfacet
  facet normal -0.25881904510250536 0.9659258262890723 2.5436538807683027e-14
    outer loop
      vertex 244.48346056114755 -30.016539490325847 -11.251162078117254
      vertex 246.04323296030137 -29.59859973559623 -12.143307179915986
      vertex 246.32843099391974 -29.52218115280524 -12.549695958994759
    endloop
  endfacet
  facet normal -0.258819045102535 0.9659258262890645 -9.36918448478173e-15
    outer loop
      vertex 244.48346056114755 -30.016539490325847 -11.251162078117254
      vertex 246.4781864675122 -29.482054294594004 -14.505226720175454
      vertex 244.54427323315687 -30.000244783971375 -11.749525258342898
    endloop
  endfacet
  facet normal -0.25881904510250553 0.9659258262890724 1.2734875730325116e-14
    outer loop
      vertex 244.54427323315687 -30.000244783971375 -11.749525258342898
      vertex 246.4781864675122 -29.482054294594004 -14.505226720175454
      vertex 244.66493952501017 -29.967912348515622 -12.23606797749979
    endloop
  endfacet
  facet normal -0.2588190451025132 0.9659258262890703 6.253688777907185e-15
    outer loop
      vertex 244.66493952501017 -29.967912348515622 -12.23606797749979
      vertex 246.4781864675122 -29.482054294594004 -14.505226720175454
      vertex 244.8435564572024 -29.92005208578019 -12.703117166260292
    endloop
  endfacet
  facet normal -0.258819045102523 0.9659258262890676 -1.539425206407468e-15
    outer loop
      vertex 244.48346056114755 -30.016539490325847 -11.251162078117254
      vertex 246.32843099391974 -29.52218115280524 -12.549695958994759
      vertex 246.4781864675122 -29.482054294594004 -14.505226720175454
    endloop
  endfacet
  facet normal -0.25881904510250375 0.9659258262890729 2.8176372409427616e-17
    outer loop
      vertex 246.4781864675122 -29.482054294594004 -14.505226720175454
      vertex 246.32843099391974 -29.52218115280524 -12.549695958994759
      vertex 246.6605786409874 -29.433182459005565 -12.915874509685647
    endloop
  endfacet
  facet normal -0.2588190451025447 0.9659258262890618 -2.4490756779938287e-14
    outer loop
      vertex 244.8435564572024 -29.92005208578019 -12.703117166260292
      vertex 246.4781864675122 -29.482054294594004 -14.505226720175454
      vertex 245.0773071340123 -29.85741878069875 -13.143307179915986
    endloop
  endfacet
  facet normal -0.2588190451025108 0.965925826289071 1.29688012416567e-14
    outer loop
      vertex 245.0773071340123 -29.85741878069875 -13.143307179915986
      vertex 246.4781864675122 -29.482054294594004 -14.505226720175454
      vertex 245.36250516763067 -29.781000197907762 -13.549695958994759
    endloop
  endfacet
  facet normal -0.2588190451025399 0.9659258262890631 4.48306281838398e-15
    outer loop
      vertex 246.4781864675122 -29.482054294594004 -14.505226720175454
      vertex 246.6605786409874 -29.433182459005565 -12.915874509685647
      vertex 247.03443773469468 -29.33300721676366 -13.23606797749979
    endloop
  endfacet
  facet normal -0.2588190451024762 0.9659258262890802 5.617163037078581e-14
    outer loop
      vertex 245.36250516763067 -29.781000197907762 -13.549695958994759
      vertex 246.4781864675122 -29.482054294594004 -14.505226720175454
      vertex 245.69465281469832 -29.692001504108084 -13.915874509685647
    endloop
  endfacet
  facet normal -0.25881904510250964 0.9659258262890713 9.215208507509058e-15
    outer loop
      vertex 245.69465281469832 -29.692001504108084 -13.915874509685647
      vertex 246.4781864675122 -29.482054294594004 -14.505226720175454
      vertex 246.0685119084056 -29.591826261866185 -14.23606797749979
    endloop
  endfacet
  facet normal -0.25881904510251835 0.965925826289069 -5.644916374733083e-15
    outer loop
      vertex 246.4781864675122 -29.482054294594004 -14.505226720175454
      vertex 247.03443773469468 -29.33300721676366 -13.23606797749979
      vertex 247.44411229380125 -29.22323524949148 -13.505226720175454
    endloop
  endfacet
  facet normal -0.258819045102514 0.9659258262890702 -1.0132262009704635e-14
    outer loop
      vertex 246.4781864675122 -29.482054294594004 -14.505226720175454
      vertex 247.44411229380125 -29.22323524949148 -13.505226720175454
      vertex 247.88314150578228 -29.1055977266875 -13.719105943553005
    endloop
  endfacet
  facet normal -0.2588190451025266 0.9659258262890666 1.4031486037562502e-14
    outer loop
      vertex 246.4781864675122 -29.482054294594004 -14.505226720175454
      vertex 247.88314150578228 -29.1055977266875 -13.719105943553005
      vertex 248.34460161770144 -28.981949862359578 -13.874332644514524
    endloop
  endfacet
  facet normal -0.2588190451025178 0.9659258262890691 -1.3957262983601278e-14
    outer loop
      vertex 246.4781864675122 -29.482054294594004 -14.505226720175454
      vertex 248.34460161770144 -28.981949862359578 -13.874332644514524
      vertex 248.8212151279309 -28.85424165719183 -13.968458805257912
    endloop
  endfacet
  facet normal -0.25881904510252185 0.965925826289068 5.782272138747404e-15
    outer loop
      vertex 246.4781864675122 -29.482054294594004 -14.505226720175454
      vertex 248.8212151279309 -28.85424165719183 -13.968458805257912
      vertex 249.30546555669923 -28.724487145868935 -14
    endloop
  endfacet
  facet normal -0.25881904510252335 0.9659258262890675 1.3794567463721688e-14
    outer loop
      vertex 246.4781864675122 -29.482054294594004 -14.505226720175454
      vertex 249.30546555669923 -28.724487145868935 -14
      vertex 249.78971598546755 -28.594732634546038 -13.968458805257912
    endloop
  endfacet
  facet normal -0.25881904510254067 0.9659258262890629 -5.265833432863325e-14
    outer loop
      vertex 246.4781864675122 -29.482054294594004 -14.505226720175454
      vertex 247.37867579141238 -29.2407689074621 -14.874332644514524
      vertex 246.9172156794932 -29.36441677179002 -14.719105943553005
    endloop
  endfacet
  facet normal -0.258819045102523 0.9659258262890676 -6.4700307233374904e-15
    outer loop
      vertex 246.4781864675122 -29.482054294594004 -14.505226720175454
      vertex 247.85528930164185 -29.11306070229435 -14.968458805257912
      vertex 247.37867579141238 -29.2407689074621 -14.874332644514524
    endloop
  endfacet
  facet normal -0.2588190451025189 0.9659258262890688 -1.4076625595464072e-14
    outer loop
      vertex 246.4781864675122 -29.482054294594004 -14.505226720175454
      vertex 249.78971598546755 -28.594732634546038 -13.968458805257912
      vertex 265.1279988092728 -24.484852138627254 -11.703117166260292
    endloop
  endfacet
  facet normal 0.2588190451025226 -0.9659258262890678 7.754729753734809e-15
    outer loop
      vertex 245.51873674155763 -33.88024279548212 -11.251162078117254
      vertex 245.57954941356695 -33.863948089127646 -11.749525258342898
      vertex 280.04250233027074 -24.629627686305056 -19.929149002914755
    endloop
  endfacet
  facet normal 0.2588190451025206 -0.9659258262890683 -1.7124916055054966e-15
    outer loop
      vertex 245.57954941356695 -33.863948089127646 -11.749525258342898
      vertex 245.70021570542025 -33.831615653671896 -12.23606797749979
      vertex 280.04250233027074 -24.629627686305056 -19.929149002914755
    endloop
  endfacet
  facet normal 0.2588190451025202 -0.9659258262890684 -3.3637000225834925e-15
    outer loop
      vertex 245.70021570542025 -33.831615653671896 -12.23606797749979
      vertex 245.87883263761248 -33.78375539093646 -12.703117166260292
      vertex 280.04250233027074 -24.629627686305056 -19.929149002914755
    endloop
  endfacet
  facet normal 0.2588190451025215 -0.965925826289068 3.4703675590225517e-15
    outer loop
      vertex 245.87883263761248 -33.78375539093646 -12.703117166260292
      vertex 246.11258331442238 -33.72112208585502 -13.143307179915986
      vertex 280.04250233027074 -24.629627686305056 -19.929149002914755
    endloop
  endfacet
  facet normal 0.25881904510252157 -0.9659258262890681 3.582656482220364e-15
    outer loop
      vertex 246.11258331442238 -33.72112208585502 -13.143307179915986
      vertex 246.39778134804075 -33.64470350306404 -13.549695958994759
      vertex 280.04250233027074 -24.629627686305056 -19.929149002914755
    endloop
  endfacet
  facet normal -0.25881904510251535 0.9659258262890698 -2.4292038990257567e-14
    outer loop
      vertex 264.767902913218 -24.581339543172913 -10.251162078117254
      vertex 251.5764933787038 -28.115967074974204 -13.23606797749979
      vertex 251.95035247241105 -28.015791832732305 -12.915874509685647
    endloop
  endfacet
  facet normal -0.2588190451025187 0.9659258262890689 -1.649648608164916e-14
    outer loop
      vertex 250.26632949569702 -28.467024429378288 -13.874332644514524
      vertex 265.1279988092728 -24.484852138627254 -11.703117166260292
      vertex 249.78971598546755 -28.594732634546038 -13.968458805257912
    endloop
  endfacet
  facet normal -0.2588190451025224 0.9659258262890679 1.2528618474735831e-14
    outer loop
      vertex 251.1668188195972 -28.225739042246385 -13.505226720175454
      vertex 264.9493818770806 -24.532712401362687 -11.23606797749979
      vertex 250.7277896076162 -28.34337656505037 -13.719105943553005
    endloop
  endfacet
  facet normal -0.25881904510252285 0.9659258262890678 1.2961578361421227e-14
    outer loop
      vertex 251.5764933787038 -28.115967074974204 -13.23606797749979
      vertex 264.8287155852273 -24.565044836818437 -10.749525258342898
      vertex 251.1668188195972 -28.225739042246385 -13.505226720175454
    endloop
  endfacet
  facet normal -0.2588190451025187 0.9659258262890689 -1.7092567757285752e-14
    outer loop
      vertex 250.7277896076162 -28.34337656505037 -13.719105943553005
      vertex 265.1279988092728 -24.484852138627254 -11.703117166260292
      vertex 250.26632949569702 -28.467024429378288 -13.874332644514524
    endloop
  endfacet
  facet normal -0.2588190451025216 0.965925826289068 1.1141479404127359e-14
    outer loop
      vertex 264.767902913218 -24.581339543172913 -10.251162078117254
      vertex 252.5676981530971 -27.850374556141638 -12.143307179915984
      vertex 252.801448829907 -27.7877412510602 -11.70311716626029
    endloop
  endfacet
  facet normal -0.2588190451025192 0.9659258262890686 -7.766760512323e-15
    outer loop
      vertex 264.767902913218 -24.581339543172913 -10.251162078117254
      vertex 252.28250011947873 -27.926793138932627 -12.54969595899476
      vertex 252.5676981530971 -27.850374556141638 -12.143307179915984
    endloop
  endfacet
  facet normal -0.258819045102522 0.965925826289068 9.010679518328894e-15
    outer loop
      vertex 264.767902913218 -24.581339543172913 -10.251162078117254
      vertex 251.95035247241105 -28.015791832732305 -12.915874509685647
      vertex 252.28250011947873 -27.926793138932627 -12.54969595899476
    endloop
  endfacet
  facet normal -0.2588190451025205 0.9659258262890684 0
    outer loop
      vertex 251.5764933787038 -28.115967074974204 -13.23606797749979
      vertex 264.767902913218 -24.581339543172913 -10.251162078117254
      vertex 264.8287155852273 -24.565044836818437 -10.749525258342898
    endloop
  endfacet
  facet normal -0.25881904510252074 0.9659258262890683 1.966674133585985e-15
    outer loop
      vertex 251.1668188195972 -28.225739042246385 -13.505226720175454
      vertex 264.8287155852273 -24.565044836818437 -10.749525258342898
      vertex 264.9493818770806 -24.532712401362687 -11.23606797749979
    endloop
  endfacet
  facet normal -0.2588190451025231 0.9659258262890675 1.7435081676601806e-14
    outer loop
      vertex 250.7277896076162 -28.34337656505037 -13.719105943553005
      vertex 264.9493818770806 -24.532712401362687 -11.23606797749979
      vertex 265.1279988092728 -24.484852138627254 -11.703117166260292
    endloop
  endfacet
  facet normal -0.25881904510252074 0.9659258262890683 -3.097004789555475e-15
    outer loop
      vertex 246.4781864675122 -29.482054294594004 -14.505226720175454
      vertex 265.1279988092728 -24.484852138627254 -11.703117166260292
      vertex 265.3617494860827 -24.422218833545813 -12.143307179915986
    endloop
  endfacet
  facet normal -0.25881904510252074 0.9659258262890683 -3.288728549248129e-15
    outer loop
      vertex 246.4781864675122 -29.482054294594004 -14.505226720175454
      vertex 265.3617494860827 -24.422218833545813 -12.143307179915986
      vertex 265.6469475197011 -24.345800250754827 -12.549695958994759
    endloop
  endfacet
  facet normal -0.25881904510251846 0.9659258262890689 -2.505933069283822e-14
    outer loop
      vertex 246.4781864675122 -29.482054294594004 -14.505226720175454
      vertex 265.6469475197011 -24.345800250754827 -12.549695958994759
      vertex 265.9790951667688 -24.25680155695515 -12.915874509685647
    endloop
  endfacet
  facet normal -0.25881904510252235 0.9659258262890679 2.8102604519792406e-14
    outer loop
      vertex 246.4781864675122 -29.482054294594004 -14.505226720175454
      vertex 265.9790951667688 -24.25680155695515 -12.915874509685647
      vertex 266.35295426047605 -24.156626314713247 -13.23606797749979
    endloop
  endfacet
  facet normal -0.2588190451025196 0.9659258262890685 -2.1048059948259678e-14
    outer loop
      vertex 246.4781864675122 -29.482054294594004 -14.505226720175454
      vertex 266.35295426047605 -24.156626314713247 -13.23606797749979
      vertex 266.76262881958263 -24.04685434744107 -13.505226720175454
    endloop
  endfacet
  facet normal -0.25881904510252235 0.9659258262890678 3.73517694575041e-14
    outer loop
      vertex 246.4781864675122 -29.482054294594004 -14.505226720175454
      vertex 266.76262881958263 -24.04685434744107 -13.505226720175454
      vertex 267.2016580315636 -23.92921682463708 -13.719105943553005
    endloop
  endfacet
  facet normal -0.2588190451025207 0.9659258262890683 -1.150405085612772e-14
    outer loop
      vertex 246.4781864675122 -29.482054294594004 -14.505226720175454
      vertex 267.2016580315636 -23.92921682463708 -13.719105943553005
      vertex 267.6631181434828 -23.805568960309166 -13.874332644514524
    endloop
  endfacet
  facet normal -0.2588190451025211 0.9659258262890682 5.981757497726611e-15
    outer loop
      vertex 246.4781864675122 -29.482054294594004 -14.505226720175454
      vertex 267.6631181434828 -23.805568960309166 -13.874332644514524
      vertex 268.13973165371226 -23.677860755141417 -13.968458805257912
    endloop
  endfacet
  facet normal -0.25881904510252074 0.9659258262890683 -8.784386276005307e-15
    outer loop
      vertex 246.4781864675122 -29.482054294594004 -14.505226720175454
      vertex 268.13973165371226 -23.677860755141417 -13.968458805257912
      vertex 274.69085986378826 -21.92249124173881 -14.527501789261288
    endloop
  endfacet
  facet normal 0.25881904510252046 -0.9659258262890683 -2.4809666602626895e-15
    outer loop
      vertex 246.39778134804075 -33.64470350306404 -13.549695958994759
      vertex 246.72992899510842 -33.555704809264356 -13.915874509685647
      vertex 280.04250233027074 -24.629627686305056 -19.929149002914755
    endloop
  endfacet
  facet normal 0.2588190451025194 -0.9659258262890685 -8.61139822113553e-15
    outer loop
      vertex 246.72992899510842 -33.555704809264356 -13.915874509685647
      vertex 247.1037880888157 -33.45552956702246 -14.23606797749979
      vertex 280.04250233027074 -24.629627686305056 -19.929149002914755
    endloop
  endfacet
  facet normal 0.2588190451025229 -0.9659258262890676 1.3131144774275379e-14
    outer loop
      vertex 247.1037880888157 -33.45552956702246 -14.23606797749979
      vertex 247.51346264792227 -33.34575759975028 -14.505226720175454
      vertex 280.04250233027074 -24.629627686305056 -19.929149002914755
    endloop
  endfacet
  facet normal 0.25881904510251935 -0.9659258262890688 -1.0217674630318328e-14
    outer loop
      vertex 247.51346264792227 -33.34575759975028 -14.505226720175454
      vertex 247.9524918599033 -33.22812007694629 -14.719105943553005
      vertex 280.04250233027074 -24.629627686305056 -19.929149002914755
    endloop
  endfacet
  facet normal 0.2588190451025244 -0.9659258262890673 2.3303852162065017e-14
    outer loop
      vertex 247.9524918599033 -33.22812007694629 -14.719105943553005
      vertex 248.41395197182246 -33.104472212618376 -14.874332644514524
      vertex 280.04250233027074 -24.629627686305056 -19.929149002914755
    endloop
  endfacet
  facet normal 0.2588190451025173 -0.9659258262890692 -2.5682432404772682e-14
    outer loop
      vertex 248.41395197182246 -33.104472212618376 -14.874332644514524
      vertex 248.89056548205193 -32.976764007450626 -14.968458805257912
      vertex 280.04250233027074 -24.629627686305056 -19.929149002914755
    endloop
  endfacet
  facet normal -0.15382852254911655 -0.041218228389908365 -0.9872374806999344
    outer loop
      vertex 248.89056548205193 -32.976764007450626 -14.968458805257912
      vertex 247.85528930164185 -29.11306070229435 -14.968458805257912
      vertex 277.5592545408819 -21.153907204437843 -19.929149002914755
    endloop
  endfacet
  facet normal -0.25881904510252024 0.9659258262890684 2.476497832004811e-15
    outer loop
      vertex 246.4781864675122 -29.482054294594004 -14.505226720175454
      vertex 277.5592545408819 -21.153907204437843 -19.929149002914755
      vertex 247.85528930164185 -29.11306070229435 -14.968458805257912
    endloop
  endfacet
  facet normal 0.2588190451025215 -0.9659258262890681 0
    outer loop
      vertex 248.89056548205193 -32.976764007450626 14.968458805257912
      vertex 270.4407298356203 -27.202414872154012 -9.330704810763876
      vertex 280.04250233027074 -24.629627686305056 -19.929149002914755
    endloop
  endfacet
  facet normal -0.2588190451025361 0.9659258262890643 1.608813400963536e-15
    outer loop
      vertex 267.6631181434828 -23.805568960309166 6.125667355485476
      vertex 266.35295426047605 -24.156626314713247 -6.76393202250021
      vertex 265.9790951667688 -24.256801556955146 -7.084125490314353
    endloop
  endfacet
  facet normal -0.25881904510249876 0.9659258262890741 -3.526347357684763e-15
    outer loop
      vertex 267.6631181434828 -23.805568960309166 6.125667355485476
      vertex 265.9790951667688 -24.256801556955146 -7.084125490314353
      vertex 265.6469475197011 -24.345800250754827 -7.450304041005241
    endloop
  endfacet
  facet normal -0.2588190451025156 0.9659258262890696 -7.728981434215163e-16
    outer loop
      vertex 267.6631181434828 -23.805568960309166 6.125667355485476
      vertex 265.6469475197011 -24.345800250754827 -7.450304041005241
      vertex 265.3617494860827 -24.422218833545813 -7.856692820084013
    endloop
  endfacet
  facet normal 0.9164224973725114 0.24555466809666954 0.3160264408011834
    outer loop
      vertex 273.26450811416964 -22.304681041171833 12.23606797749979
      vertex 282.9108970073644 -23.86104364900409 -14.527501789261288
      vertex 281.87562082695433 -19.997340343847814 -14.527501789261288
    endloop
  endfacet
  facet normal -0.25881904510252207 0.965925826289068 -2.489405749547414e-16
    outer loop
      vertex 273.26450811416964 -22.304681041171833 12.23606797749979
      vertex 276.6381554892842 -21.40071495146251 -12.380691790135922
      vertex 272.4800612517432 -22.514872944464127 -9.748837921882744
    endloop
  endfacet
  facet normal -0.2588190451025044 0.9659258262890726 2.340566041896339e-15
    outer loop
      vertex 273.26450811416964 -22.304681041171833 12.23606797749979
      vertex 277.08929036285537 -21.27983372641161 -12.195773934819385
      vertex 276.6381554892842 -21.40071495146251 -12.380691790135922
    endloop
  endfacet
  facet normal -0.2588190451025308 0.9659258262890656 -2.2176440467737604e-15
    outer loop
      vertex 273.26450811416964 -22.304681041171833 12.23606797749979
      vertex 277.31731451908223 -21.21873483789583 -12.13516198011717
      vertex 277.08929036285537 -21.27983372641161 -12.195773934819385
    endloop
  endfacet
  facet normal -0.2588190451025205 0.9659258262890684 -2.3688421709083623e-16
    outer loop
      vertex 273.26450811416964 -22.304681041171833 12.23606797749979
      vertex 279.24916617166036 -20.70109674769079 -12.13516198011717
      vertex 277.31731451908223 -21.21873483789583 -12.13516198011717
    endloop
  endfacet
  facet normal -0.25881904510253173 0.9659258262890654 -3.3031728461165295e-15
    outer loop
      vertex 273.26450811416964 -22.304681041171833 12.23606797749979
      vertex 279.47719032788723 -20.63999785917501 -12.195773934819385
      vertex 279.24916617166036 -20.70109674769079 -12.13516198011717
    endloop
  endfacet
  facet normal -0.25881904510253556 0.9659258262890643 -4.170867718543399e-15
    outer loop
      vertex 273.26450811416964 -22.304681041171833 12.23606797749979
      vertex 279.92832520145834 -20.51911663412411 -12.380691790135922
      vertex 279.47719032788723 -20.63999785917501 -12.195773934819385
    endloop
  endfacet
  facet normal -0.2588190451024915 0.9659258262890761 8.526626685568712e-15
    outer loop
      vertex 273.26450811416964 -22.304681041171833 12.23606797749979
      vertex 280.35351610412295 -20.40518707512608 -12.62268829799194
      vertex 279.92832520145834 -20.51911663412411 -12.380691790135922
    endloop
  endfacet
  facet normal -0.2588190451025339 0.9659258262890648 -4.253196394706987e-15
    outer loop
      vertex 273.26450811416964 -22.304681041171833 12.23606797749979
      vertex 280.7460575213492 -20.30000591938453 -12.917947028896842
      vertex 280.35351610412295 -20.40518707512608 -12.62268829799194
    endloop
  endfacet
  facet normal -0.2588190451025069 0.9659258262890721 4.340870135272396e-15
    outer loop
      vertex 273.26450811416964 -22.304681041171833 12.23606797749979
      vertex 281.09975884049464 -20.20523193655769 -13.261811576285247
      vertex 280.7460575213492 -20.30000591938453 -12.917947028896842
    endloop
  endfacet
  facet normal -0.25881904510254156 0.9659258262890627 -7.777607947333358e-15
    outer loop
      vertex 273.26450811416964 -22.304681041171833 12.23606797749979
      vertex 281.40904198046536 -20.12235976896997 -13.648858990830107
      vertex 281.09975884049464 -20.20523193655769 -13.261811576285247
    endloop
  endfacet
  facet normal -0.25881904510251874 0.9659258262890688 0
    outer loop
      vertex 273.26450811416964 -22.304681041171833 12.23606797749979
      vertex 281.6690293613873 -20.05269636020966 -14.07298530359314
      vertex 281.40904198046536 -20.12235976896997 -13.648858990830107
    endloop
  endfacet
  facet normal -0.2588190451024238 0.9659258262890943 3.186839738347409e-14
    outer loop
      vertex 273.26450811416964 -22.304681041171833 12.23606797749979
      vertex 281.87562082695433 -19.997340343847814 -14.527501789261288
      vertex 281.6690293613873 -20.05269636020966 -14.07298530359314
    endloop
  endfacet
  facet normal 0.25881904510251963 -0.9659258262890686 -3.4794608429313397e-16
    outer loop
      vertex 274.29978429457975 -26.168384346328104 12.23606797749979
      vertex 280.04250233027074 -24.629627686305056 -19.929149002914755
      vertex 282.9108970073644 -23.86104364900409 -14.527501789261288
    endloop
  endfacet
  facet normal -0.25881904510252135 0.9659258262890681 0
    outer loop
      vertex 276.21296458661965 -21.514644510460542 -12.622688297991939
      vertex 272.4800612517432 -22.514872944464127 -10.251162078117256
      vertex 272.4800612517432 -22.514872944464127 -9.748837921882744
    endloop
  endfacet
  facet normal -0.2588190451025208 0.9659258262890684 6.419720232682876e-16
    outer loop
      vertex 276.21296458661965 -21.514644510460542 -12.622688297991939
      vertex 272.4192485797339 -22.531167650818603 -10.7495252583429
      vertex 272.4800612517432 -22.514872944464127 -10.251162078117256
    endloop
  endfacet
  facet normal 0.2588190451025208 -0.9659258262890683 0
    outer loop
      vertex 245.51873674155763 -33.88024279548212 -11.251162078117254
      vertex 280.04250233027074 -24.629627686305056 -19.929149002914755
      vertex 269.65925826289066 -27.411809548974794 -11.05
    endloop
  endfacet
  facet normal 0.25881904510279746 -0.9659258262889941 2.6839819851762577e-13
    outer loop
      vertex 270.4407298356203 -27.202414872154012 -9.330704810763876
      vertex 270.51559431944514 -27.182354994171376 -9.437381865272053
      vertex 280.04250233027074 -24.629627686305056 -19.929149002914755
    endloop
  endfacet
  facet normal 0.2588190451023687 -0.965925826289109 -1.4869486980078934e-13
    outer loop
      vertex 270.51559431944514 -27.182354994171376 -9.437381865272053
      vertex 270.5769538721077 -27.1659137515875 -9.552931743856673
      vertex 280.04250233027074 -24.629627686305056 -19.929149002914755
    endloop
  endfacet
  facet normal 0.25881904510256115 -0.9659258262890575 3.9361223965932035e-14
    outer loop
      vertex 270.5769538721077 -27.1659137515875 -9.552931743856673
      vertex 270.6238408168082 -27.153350432619447 -9.675532155906305
      vertex 280.04250233027074 -24.629627686305056 -19.929149002914755
    endloop
  endfacet
  facet normal 0.2588190451025054 -0.9659258262890724 -1.652787185534199e-14
    outer loop
      vertex 270.6238408168082 -27.153350432619447 -10.324467844093695
      vertex 270.5769538721077 -27.1659137515875 -10.447068256143327
      vertex 280.04250233027074 -24.629627686305056 -19.929149002914755
    endloop
  endfacet
  facet normal 0.2588190451025588 -0.9659258262890581 4.056133134992895e-14
    outer loop
      vertex 270.51559431944514 -27.182354994171376 -10.562618134727947
      vertex 280.04250233027074 -24.629627686305056 -19.929149002914755
      vertex 270.5769538721077 -27.1659137515875 -10.447068256143327
    endloop
  endfacet
  facet normal 0.25881904510250103 -0.9659258262890735 -2.4575652657624252e-14
    outer loop
      vertex 269.9114850468776 -27.344225585895998 -11.017012319185064
      vertex 280.04250233027074 -24.629627686305056 -19.929149002914755
      vertex 270.0326183262564 -27.31176802150992 -10.976265310182663
    endloop
  endfacet
  facet normal 0.2588190451025289 -0.9659258262890661 8.881857451313222e-15
    outer loop
      vertex 270.1478634944014 -27.280888171773874 -10.920122014046056
      vertex 270.0326183262564 -27.31176802150992 -10.976265310182663
      vertex 280.04250233027074 -24.629627686305056 -19.929149002914755
    endloop
  endfacet
  facet normal 0.2588190451025433 -0.9659258262890622 2.477548753924458e-14
    outer loop
      vertex 270.4407298356203 -27.202414872154012 -10.669295189236124
      vertex 270.35354107826504 -27.22577702927643 -10.765417058792483
      vertex 280.04250233027074 -24.629627686305056 -19.929149002914755
    endloop
  endfacet
  facet normal 0.2588190451024885 -0.9659258262890769 -3.6073759418545693e-14
    outer loop
      vertex 270.51559431944514 -27.182354994171376 -10.562618134727947
      vertex 270.4407298356203 -27.202414872154012 -10.669295189236124
      vertex 280.04250233027074 -24.629627686305056 -19.929149002914755
    endloop
  endfacet
  facet normal 0.25881904510252846 -0.9659258262890662 8.294063511584857e-15
    outer loop
      vertex 270.1478634944014 -27.280888171773874 -10.920122014046056
      vertex 280.04250233027074 -24.629627686305056 -19.929149002914755
      vertex 270.2554030661669 -27.252073030364926 -10.849467844093695
    endloop
  endfacet
  facet normal 0.2588190451025147 -0.9659258262890699 -7.572004384342184e-15
    outer loop
      vertex 270.35354107826504 -27.22577702927643 -10.765417058792483
      vertex 270.2554030661669 -27.252073030364926 -10.849467844093695
      vertex 280.04250233027074 -24.629627686305056 -19.929149002914755
    endloop
  endfacet
  facet normal 0.25881904510246745 -0.9659258262890825 -6.683429007209073e-14
    outer loop
      vertex 269.65925826289066 -27.411809548974794 -11.05
      vertex 280.04250233027074 -24.629627686305056 -19.929149002914755
      vertex 269.7863740004424 -27.377748989752533 -11.041720436380201
    endloop
  endfacet
  facet normal 0.25881904510254505 -0.9659258262890618 2.9100881407471525e-14
    outer loop
      vertex 269.7863740004424 -27.377748989752533 -11.041720436380201
      vertex 280.04250233027074 -24.629627686305056 -19.929149002914755
      vertex 269.9114850468776 -27.344225585895998 -11.017012319185064
    endloop
  endfacet
  facet normal -0.2588190451025208 0.9659258262890683 -6.109040362093595e-15
    outer loop
      vertex 246.4781864675122 -29.482054294594004 -14.505226720175454
      vertex 274.69085986378826 -21.92249124173881 -14.527501789261288
      vertex 274.5409223843999 -21.962666868256086 -15.005240451340581
    endloop
  endfacet
  facet normal -0.25881904510252046 0.9659258262890684 9.880704310147207e-15
    outer loop
      vertex 246.4781864675122 -29.482054294594004 -14.505226720175454
      vertex 274.5409223843999 -21.962666868256086 -15.005240451340581
      vertex 274.4500034948084 -21.987028511298853 -15.498667065742783
    endloop
  endfacet
  facet normal -0.2588190451025209 0.9659258262890682 -1.9534878762066133e-15
    outer loop
      vertex 246.4781864675122 -29.482054294594004 -14.505226720175454
      vertex 274.4500034948084 -21.987028511298853 -15.498667065742783
      vertex 274.419537040215 -21.995191973203397 -16
    endloop
  endfacet
  facet normal -0.2588190451025242 0.9659258262890673 -9.594438461897748e-15
    outer loop
      vertex 274.69085986378826 -21.92249124173881 -14.527501789261288
      vertex 271.26886899819243 -22.83941093068189 -12.915874509685647
      vertex 271.6010166452601 -22.750412236882212 -12.54969595899476
    endloop
  endfacet
  facet normal -0.25881904510247056 0.9659258262890817 6.157947624733165e-13
    outer loop
      vertex 274.69085986378826 -21.92249124173881 -14.527501789261288
      vertex 268.13973165371226 -23.677860755141417 -13.968458805257912
      vertex 268.6239820824806 -23.54810624381852 -14
    endloop
  endfacet
  facet normal -0.2588190451025298 0.9659258262890659 -1.1136770497717379e-13
    outer loop
      vertex 274.69085986378826 -21.92249124173881 -14.527501789261288
      vertex 268.6239820824806 -23.54810624381852 -14
      vertex 269.1082325112489 -23.418351732495623 -13.968458805257912
    endloop
  endfacet
  facet normal -0.25881904510252035 0.9659258262890684 -7.583355686717485e-15
    outer loop
      vertex 274.69085986378826 -21.92249124173881 -14.527501789261288
      vertex 269.1082325112489 -23.418351732495623 -13.968458805257912
      vertex 269.58484602147837 -23.290643527327873 -13.874332644514524
    endloop
  endfacet
  facet normal -0.25881904510251263 0.9659258262890705 5.803071479834932e-14
    outer loop
      vertex 274.69085986378826 -21.92249124173881 -14.527501789261288
      vertex 269.58484602147837 -23.290643527327873 -13.874332644514524
      vertex 270.0463061333976 -23.166995662999955 -13.719105943553005
    endloop
  endfacet
  facet normal -0.25881904510252457 0.9659258262890672 -1.6543839374155037e-14
    outer loop
      vertex 274.69085986378826 -21.92249124173881 -14.527501789261288
      vertex 270.0463061333976 -23.166995662999955 -13.719105943553005
      vertex 270.4853353453786 -23.04935814019597 -13.505226720175454
    endloop
  endfacet
  facet normal -0.2588190451025193 0.9659258262890688 7.191914219995669e-15
    outer loop
      vertex 274.69085986378826 -21.92249124173881 -14.527501789261288
      vertex 270.4853353453786 -23.04935814019597 -13.505226720175454
      vertex 270.89500990448516 -22.93958617292379 -13.23606797749979
    endloop
  endfacet
  facet normal -0.2588190451025253 0.9659258262890671 -1.1871832026781852e-14
    outer loop
      vertex 274.69085986378826 -21.92249124173881 -14.527501789261288
      vertex 270.89500990448516 -22.93958617292379 -13.23606797749979
      vertex 271.26886899819243 -22.83941093068189 -12.915874509685647
    endloop
  endfacet
  facet normal -0.15382852254911694 -0.04121822838990748 -0.9872374806999344
    outer loop
      vertex 248.89056548205193 -32.976764007450626 -14.968458805257912
      vertex 277.5592545408819 -21.153907204437843 -19.929149002914755
      vertex 278.59453072129196 -25.017610509594114 -19.929149002914755
    endloop
  endfacet
  facet normal 0.2588190451025222 -0.9659258262890679 3.822010018528843e-15
    outer loop
      vertex 248.89056548205193 -32.976764007450626 -14.968458805257912
      vertex 278.59453072129196 -25.017610509594114 -19.929149002914755
      vertex 280.04250233027074 -24.629627686305056 -19.929149002914755
    endloop
  endfacet
  facet normal -0.25881904510252063 0.9659258262890684 1.96623107747996e-15
    outer loop
      vertex 246.4781864675122 -29.482054294594004 -14.505226720175454
      vertex 274.419537040215 -21.995191973203397 -16
      vertex 274.4500034948084 -21.987028511298853 -16.501332934257217
    endloop
  endfacet
  facet normal -0.2588190451025214 0.9659258262890681 -1.0077879621956248e-14
    outer loop
      vertex 246.4781864675122 -29.482054294594004 -14.505226720175454
      vertex 274.4500034948084 -21.987028511298853 -16.501332934257217
      vertex 274.5409223843999 -21.962666868256086 -16.994759548659417
    endloop
  endfacet
  facet normal -0.25881904510251985 0.9659258262890685 6.3191429859908004e-15
    outer loop
      vertex 246.4781864675122 -29.482054294594004 -14.505226720175454
      vertex 274.5409223843999 -21.962666868256086 -16.994759548659417
      vertex 274.69085986378826 -21.92249124173881 -17.472498210738713
    endloop
  endfacet
  facet normal -0.2588190451025214 0.9659258262890681 -6.7452115235940956e-15
    outer loop
      vertex 246.4781864675122 -29.482054294594004 -14.505226720175454
      vertex 274.69085986378826 -21.92249124173881 -17.472498210738713
      vertex 274.8974513293553 -21.867135225376963 -17.92701469640686
    endloop
  endfacet
  facet normal -0.2588190451025219 0.9659258262890681 -9.836586021425232e-15
    outer loop
      vertex 246.4781864675122 -29.482054294594004 -14.505226720175454
      vertex 274.8974513293553 -21.867135225376963 -17.92701469640686
      vertex 275.15743871027723 -21.797471816616653 -18.351141009169893
    endloop
  endfacet
  facet normal -0.25881904510251835 0.965925826289069 1.385023945183478e-14
    outer loop
      vertex 246.4781864675122 -29.482054294594004 -14.505226720175454
      vertex 275.15743871027723 -21.797471816616653 -18.351141009169893
      vertex 275.46672185024795 -21.714599649028933 -18.738188423714753
    endloop
  endfacet
  facet normal -0.2588190451025211 0.9659258262890683 0
    outer loop
      vertex 246.4781864675122 -29.482054294594004 -14.505226720175454
      vertex 275.46672185024795 -21.714599649028933 -18.738188423714753
      vertex 275.8204231693934 -21.61982566620209 -19.082052971103156
    endloop
  endfacet
  facet normal -0.2588190451025179 0.9659258262890691 1.9989392927119477e-14
    outer loop
      vertex 246.4781864675122 -29.482054294594004 -14.505226720175454
      vertex 275.8204231693934 -21.61982566620209 -19.082052971103156
      vertex 276.21296458661965 -21.514644510460542 -19.37731170200806
    endloop
  endfacet
  facet normal -0.25881904510251713 0.9659258262890693 2.1430507091483505e-14
    outer loop
      vertex 246.4781864675122 -29.482054294594004 -14.505226720175454
      vertex 276.21296458661965 -21.514644510460542 -19.37731170200806
      vertex 276.6381554892842 -21.40071495146251 -19.61930820986408
    endloop
  endfacet
  facet normal -0.25881904510253256 0.9659258262890652 -7.555998796767644e-14
    outer loop
      vertex 246.4781864675122 -29.482054294594004 -14.505226720175454
      vertex 276.6381554892842 -21.40071495146251 -19.61930820986408
      vertex 277.08929036285537 -21.27983372641161 -19.804226065180615
    endloop
  endfacet
  facet normal -0.2588190451025281 0.9659258262890664 -4.116890817701e-14
    outer loop
      vertex 246.4781864675122 -29.482054294594004 -14.505226720175454
      vertex 277.08929036285537 -21.27983372641161 -19.804226065180615
      vertex 277.5592545408819 -21.153907204437843 -19.929149002914755
    endloop
  endfacet
  facet normal 0.2588190451025265 -0.9659258262890666 5.251170312040432e-15
    outer loop
      vertex 270.6238408168082 -27.153350432619447 -9.675532155906305
      vertex 270.6555157184197 -27.144863168312312 -9.803249619684989
      vertex 280.04250233027074 -24.629627686305056 -19.929149002914755
    endloop
  endfacet
  facet normal 0.2588190451024671 -0.9659258262890826 -5.367040514323484e-14
    outer loop
      vertex 270.6555157184197 -27.144863168312312 -9.803249619684989
      vertex 270.6714790448221 -27.140585807894265 -9.93406995449422
      vertex 280.04250233027074 -24.629627686305056 -19.929149002914755
    endloop
  endfacet
  facet normal 0.25881904510252063 -0.9659258262890684 0
    outer loop
      vertex 270.6714790448221 -27.140585807894265 -9.93406995449422
      vertex 270.6714790448221 -27.140585807894265 -10.06593004550578
      vertex 280.04250233027074 -24.629627686305056 -19.929149002914755
    endloop
  endfacet
  facet normal 0.2588190451025612 -0.9659258262890574 4.1371629500702223e-14
    outer loop
      vertex 270.6714790448221 -27.140585807894265 -10.06593004550578
      vertex 270.6555157184197 -27.144863168312312 -10.196750380315011
      vertex 280.04250233027074 -24.629627686305056 -19.929149002914755
    endloop
  endfacet
  facet normal 0.25881904510251824 -0.965925826289069 -3.050705279197809e-15
    outer loop
      vertex 270.6555157184197 -27.144863168312312 -10.196750380315011
      vertex 270.6238408168082 -27.153350432619447 -10.324467844093695
      vertex 280.04250233027074 -24.629627686305056 -19.929149002914755
    endloop
  endfacet
  facet normal 0.9186500513500065 0.24615153938603596 0.30901699437492924
    outer loop
      vertex 282.9108970073644 -23.86104364900409 -14.527501789261288
      vertex 283.06083448675275 -23.820868022486813 -15.00524045134058
      vertex 282.0255583063427 -19.95716471733054 -15.00524045134058
    endloop
  endfacet
  facet normal 0.9488166243133263 0.2542346482499717 0.18738131458573262
    outer loop
      vertex 283.06083448675275 -23.820868022486813 -15.00524045134058
      vertex 283.15175337634423 -23.796506379444043 -15.498667065742783
      vertex 282.0255583063427 -19.95716471733054 -15.00524045134058
    endloop
  endfacet
  facet normal 0.9186500513500065 0.24615153938603596 0.30901699437492935
    outer loop
      vertex 282.9108970073644 -23.86104364900409 -14.527501789261288
      vertex 282.0255583063427 -19.95716471733054 -15.00524045134058
      vertex 281.87562082695433 -19.997340343847814 -14.527501789261288
    endloop
  endfacet
  facet normal 0.9488166243133265 0.2542346482499718 0.18738131458573248
    outer loop
      vertex 283.15175337634423 -23.796506379444043 -15.498667065742783
      vertex 282.1164771959342 -19.93280307428777 -15.498667065742783
      vertex 282.0255583063427 -19.95716471733054 -15.00524045134058
    endloop
  endfacet
  facet normal -0.25881904510252174 0.965925826289068 -1.378126153456606e-15
    outer loop
      vertex 272.4192485797339 -22.531167650818603 -10.7495252583429
      vertex 276.21296458661965 -21.514644510460542 -12.622688297991939
      vertex 272.2985822878806 -22.563500086274352 -11.23606797749979
    endloop
  endfacet
  facet normal -0.25881904510251563 0.9659258262890698 1.0515630462931447e-14
    outer loop
      vertex 272.2985822878806 -22.563500086274352 -11.23606797749979
      vertex 275.8204231693934 -21.61982566620209 -12.917947028896844
      vertex 272.11996535568835 -22.611360349009786 -11.70311716626029
    endloop
  endfacet
  facet normal -0.25881904510252424 0.9659258262890673 -8.831153276747073e-15
    outer loop
      vertex 272.2985822878806 -22.563500086274352 -11.23606797749979
      vertex 276.21296458661965 -21.514644510460542 -12.622688297991939
      vertex 275.8204231693934 -21.61982566620209 -12.917947028896844
    endloop
  endfacet
  facet normal -0.25881904510253134 0.9659258262890654 -1.6554493868199318e-14
    outer loop
      vertex 272.11996535568835 -22.611360349009786 -11.70311716626029
      vertex 274.8974513293553 -21.867135225376963 -14.07298530359314
      vertex 271.8862146788785 -22.673993654091223 -12.143307179915984
    endloop
  endfacet
  facet normal -0.2588190451025085 0.9659258262890715 2.1579962746698418e-14
    outer loop
      vertex 271.6010166452601 -22.750412236882212 -12.54969595899476
      vertex 271.8862146788785 -22.673993654091223 -12.143307179915984
      vertex 274.8974513293553 -21.867135225376963 -14.07298530359314
    endloop
  endfacet
  facet normal -0.25881904510251896 0.9659258262890688 -7.560302381794184e-16
    outer loop
      vertex 272.11996535568835 -22.611360349009786 -11.70311716626029
      vertex 275.8204231693934 -21.61982566620209 -12.917947028896844
      vertex 275.46672185024795 -21.714599649028933 -13.261811576285245
    endloop
  endfacet
  facet normal -0.2588190451025229 0.9659258262890678 -9.170748005241335e-15
    outer loop
      vertex 272.11996535568835 -22.611360349009786 -11.70311716626029
      vertex 275.46672185024795 -21.714599649028933 -13.261811576285245
      vertex 275.15743871027723 -21.797471816616653 -13.648858990830107
    endloop
  endfacet
  facet normal -0.25881904510251463 0.9659258262890699 4.542669103669209e-15
    outer loop
      vertex 272.11996535568835 -22.611360349009786 -11.70311716626029
      vertex 275.15743871027723 -21.797471816616653 -13.648858990830107
      vertex 274.8974513293553 -21.867135225376963 -14.07298530359314
    endloop
  endfacet
  facet normal -0.25881904510252524 0.9659258262890672 -5.550467913450655e-15
    outer loop
      vertex 276.21296458661965 -21.514644510460542 -12.622688297991939
      vertex 272.4800612517432 -22.514872944464127 -9.748837921882744
      vertex 276.6381554892842 -21.40071495146251 -12.380691790135922
    endloop
  endfacet
  facet normal -0.2588190451025161 0.9659258262890695 4.14055386900611e-15
    outer loop
      vertex 274.69085986378826 -21.92249124173881 -14.527501789261288
      vertex 271.6010166452601 -22.750412236882212 -12.54969595899476
      vertex 274.8974513293553 -21.867135225376963 -14.07298530359314
    endloop
  endfacet
  facet normal -0.25881904510252046 0.9659258262890684 0
    outer loop
      vertex 277.31731451908223 -21.21873483789583 -12.13516198011717
      vertex 279.24916617166036 -20.70109674769079 -12.13516198011717
      vertex 279.24916617166036 -20.70109674769079 -14.129589604718843
    endloop
  endfacet
  facet normal -0.25881904510252046 0.9659258262890684 0
    outer loop
      vertex 277.31731451908223 -21.21873483789583 -12.13516198011717
      vertex 279.24916617166036 -20.70109674769079 -14.129589604718843
      vertex 277.31731451908223 -21.21873483789583 -14.129589604718843
    endloop
  endfacet
  facet normal -0.25881904510252046 0.9659258262890682 -9.432304027154222e-14
    outer loop
      vertex 277.31731451908223 -21.21873483789583 -14.129589604718843
      vertex 279.24916617166036 -20.70109674769079 -14.129589604718843
      vertex 277.1834063485345 -21.25461542405403 -14.205803158308218
    endloop
  endfacet
  facet normal -0.2588190451025192 0.9659258262890688 3.376927645076064e-14
    outer loop
      vertex 276.974868720633 -21.310492913041728 -14.362659359101448
      vertex 277.1834063485345 -21.25461542405403 -14.205803158308218
      vertex 279.59161197010957 -20.6093386725449 -14.362659359101448
    endloop
  endfacet
  facet normal -0.2588190451025197 0.9659258262890685 1.5006781239897523e-14
    outer loop
      vertex 276.974868720633 -21.310492913041728 -14.362659359101448
      vertex 279.7795157959056 -20.558989994168137 -14.545337399901538
      vertex 276.786964894837 -21.360841591418485 -14.545337399901536
    endloop
  endfacet
  facet normal -0.2588190451025251 0.9659258262890671 4.09396979757841e-14
    outer loop
      vertex 277.1834063485345 -21.25461542405403 -14.205803158308218
      vertex 279.24916617166036 -20.70109674769079 -14.129589604718843
      vertex 279.3830743422081 -20.665216161532594 -14.205803158308218
    endloop
  endfacet
  facet normal -0.2588190451025251 0.9659258262890671 -6.402688906555712e-14
    outer loop
      vertex 277.1834063485345 -21.25461542405403 -14.205803158308218
      vertex 279.3830743422081 -20.665216161532594 -14.205803158308218
      vertex 279.59161197010957 -20.6093386725449 -14.362659359101448
    endloop
  endfacet
  facet normal -0.2588190451025192 0.9659258262890688 2.333135111948594e-14
    outer loop
      vertex 276.974868720633 -21.310492913041728 -14.362659359101448
      vertex 279.59161197010957 -20.6093386725449 -14.362659359101448
      vertex 279.7795157959056 -20.558989994168137 -14.545337399901538
    endloop
  endfacet
  facet normal -0.25881904510252035 0.9659258262890684 1.3858469023668624e-14
    outer loop
      vertex 276.786964894837 -21.360841591418485 -14.545337399901536
      vertex 279.943822464015 -20.514964155137164 -14.750956338878495
      vertex 276.62265822672754 -21.404867430449464 -14.750956338878495
    endloop
  endfacet
  facet normal -0.25881904510251774 0.9659258262890691 2.1018596593707517e-14
    outer loop
      vertex 276.62265822672754 -21.404867430449464 -14.750956338878495
      vertex 280.19169247621227 -20.448547585541014 -15.21773532554506
      vertex 276.48453993061275 -21.441876116353377 -14.976273442533856
    endloop
  endfacet
  facet normal -0.25881904510252207 0.9659258262890679 -5.167724807751187e-14
    outer loop
      vertex 276.3747882145303 -21.471284000045607 -15.217735325545059
      vertex 276.48453993061275 -21.441876116353377 -14.976273442533856
      vertex 280.19169247621227 -20.448547585541014 -15.21773532554506
    endloop
  endfacet
  facet normal -0.25881904510251846 0.9659258262890689 5.867221248690223e-14
    outer loop
      vertex 276.3747882145303 -21.471284000045607 -15.217735325545059
      vertex 280.27134676213734 -20.427204283953714 -15.471533989774683
      vertex 276.2951339286052 -21.492627301632908 -15.471533989774684
    endloop
  endfacet
  facet normal -0.2588190451025197 0.9659258262890685 2.4399300940033967e-14
    outer loop
      vertex 276.786964894837 -21.360841591418485 -14.545337399901536
      vertex 279.7795157959056 -20.558989994168137 -14.545337399901538
      vertex 279.943822464015 -20.514964155137164 -14.750956338878495
    endloop
  endfacet
  facet normal -0.25881904510252035 0.9659258262890684 -7.451999873606715e-15
    outer loop
      vertex 276.62265822672754 -21.404867430449464 -14.750956338878495
      vertex 279.943822464015 -20.514964155137164 -14.750956338878495
      vertex 280.0819407601298 -20.477955469233247 -14.976273442533856
    endloop
  endfacet
  facet normal -0.25881904510251946 0.9659258262890688 6.350563381998415e-15
    outer loop
      vertex 276.62265822672754 -21.404867430449464 -14.750956338878495
      vertex 280.0819407601298 -20.477955469233247 -14.976273442533856
      vertex 280.19169247621227 -20.448547585541014 -15.21773532554506
    endloop
  endfacet
  facet normal -0.2588190451025221 0.9659258262890679 -1.771223606424533e-15
    outer loop
      vertex 276.3747882145303 -21.471284000045607 -15.217735325545059
      vertex 280.19169247621227 -20.448547585541014 -15.21773532554506
      vertex 280.27134676213734 -20.427204283953714 -15.471533989774683
    endloop
  endfacet
  facet normal -0.25881904510251846 0.9659258262890689 -2.798541654383219e-14
    outer loop
      vertex 276.2951339286052 -21.492627301632908 -15.471533989774684
      vertex 280.27134676213734 -20.427204283953714 -15.471533989774683
      vertex 280.31964742223283 -20.414262161087244 -15.733666878675853
    endloop
  endfacet
  facet normal 0.25881904510252657 -0.9659258262890668 -4.291535107618645e-15
    outer loop
      vertex 282.9108970073644 -23.86104364900409 -14.527501789261288
      vertex 280.04250233027074 -24.629627686305056 -19.929149002914755
      vertex 283.06083448675275 -23.820868022486813 -15.00524045134058
    endloop
  endfacet
  facet normal 0.9640197923156508 0.2583083248386036 0.06279051952933756
    outer loop
      vertex 283.15175337634423 -23.796506379444043 -15.498667065742783
      vertex 283.18221983093764 -23.788342917539502 -16
      vertex 282.14694365052753 -19.92463961238323 -16
    endloop
  endfacet
  facet normal 0.9640197923156543 0.2583083248385901 -0.06279051952933755
    outer loop
      vertex 283.18221983093764 -23.788342917539502 -16
      vertex 283.15175337634423 -23.796506379444043 -16.501332934257217
      vertex 282.1164771959342 -19.93280307428777 -16.501332934257217
    endloop
  endfacet
  facet normal 0.9488166243133263 0.2542346482499717 -0.18738131458573262
    outer loop
      vertex 283.15175337634423 -23.796506379444043 -16.501332934257217
      vertex 283.06083448675275 -23.820868022486813 -16.99475954865942
      vertex 282.1164771959342 -19.93280307428777 -16.501332934257217
    endloop
  endfacet
  facet normal 0.25881904510251796 -0.965925826289069 1.3356458671902998e-15
    outer loop
      vertex 283.06083448675275 -23.820868022486813 -15.00524045134058
      vertex 280.04250233027074 -24.629627686305056 -19.929149002914755
      vertex 283.15175337634423 -23.796506379444043 -15.498667065742783
    endloop
  endfacet
  facet normal 0.25881904510251424 -0.9659258262890701 4.1530474835739544e-15
    outer loop
      vertex 283.15175337634423 -23.796506379444043 -15.498667065742783
      vertex 280.04250233027074 -24.629627686305056 -19.929149002914755
      vertex 283.18221983093764 -23.788342917539502 -16
    endloop
  endfacet
  facet normal 0.25881904510252474 -0.9659258262890672 -4.836726720476693e-15
    outer loop
      vertex 283.18221983093764 -23.788342917539502 -16
      vertex 280.04250233027074 -24.629627686305056 -19.929149002914755
      vertex 283.15175337634423 -23.796506379444043 -16.501332934257217
    endloop
  endfacet
  facet normal 0.9186500513500062 0.24615153938603584 -0.30901699437493035
    outer loop
      vertex 283.06083448675275 -23.820868022486813 -16.99475954865942
      vertex 282.9108970073644 -23.86104364900409 -17.47249821073871
      vertex 282.0255583063427 -19.95716471733054 -16.99475954865942
    endloop
  endfacet
  facet normal 0.8739958183019315 0.23418647370217346 -0.42577929156509997
    outer loop
      vertex 282.9108970073644 -23.86104364900409 -17.47249821073871
      vertex 282.70430554179734 -23.916399665365933 -17.92701469640686
      vertex 281.6690293613873 -20.05269636020966 -17.92701469640686
    endloop
  endfacet
  facet normal 0.964019792315661 0.2583083248385919 0.06279051952922683
    outer loop
      vertex 283.15175337634423 -23.796506379444043 -15.498667065742783
      vertex 282.14694365052753 -19.92463961238323 -16
      vertex 282.1164771959342 -19.93280307428777 -15.498667065742783
    endloop
  endfacet
  facet normal 0.9640197923156574 0.25830832483860533 -0.06279051952922708
    outer loop
      vertex 283.18221983093764 -23.788342917539502 -16
      vertex 282.1164771959342 -19.93280307428777 -16.501332934257217
      vertex 282.14694365052753 -19.92463961238323 -16
    endloop
  endfacet
  facet normal 0.9488166243133265 0.2542346482499718 -0.18738131458573248
    outer loop
      vertex 283.06083448675275 -23.820868022486813 -16.99475954865942
      vertex 282.0255583063427 -19.95716471733054 -16.99475954865942
      vertex 282.1164771959342 -19.93280307428777 -16.501332934257217
    endloop
  endfacet
  facet normal 0.9186500513500062 0.24615153938603584 -0.3090169943749304
    outer loop
      vertex 282.9108970073644 -23.86104364900409 -17.47249821073871
      vertex 281.87562082695433 -19.997340343847814 -17.47249821073871
      vertex 282.0255583063427 -19.95716471733054 -16.99475954865942
    endloop
  endfacet
  facet normal 0.8739958183019314 0.23418647370217344 -0.42577929156509997
    outer loop
      vertex 282.9108970073644 -23.86104364900409 -17.47249821073871
      vertex 281.6690293613873 -20.05269636020966 -17.92701469640686
      vertex 281.87562082695433 -19.997340343847814 -17.47249821073871
    endloop
  endfacet
  facet normal 0.25881904510252146 -0.9659258262890682 1.3145926060599526e-13
    outer loop
      vertex 278.59453072129196 -25.017610509594114 -19.929149002914755
      vertex 279.0759125879435 -24.888624627173858 -19.992106913713087
      vertex 280.04250233027074 -24.629627686305056 -19.929149002914755
    endloop
  endfacet
  facet normal 0.258819045102525 -0.9659258262890671 7.284402915460155e-14
    outer loop
      vertex 279.0759125879435 -24.888624627173858 -19.992106913713087
      vertex 279.56112046361926 -24.758613568725313 -19.992106913713087
      vertex 280.04250233027074 -24.629627686305056 -19.929149002914755
    endloop
  endfacet
  facet normal 0.2588190451024937 -0.9659258262890755 6.470030723336508e-14
    outer loop
      vertex 280.04250233027074 -24.629627686305056 -19.929149002914755
      vertex 280.96360138186844 -24.382819939280385 -19.61930820986408
      vertex 281.388792284533 -24.268890380282354 -19.37731170200806
    endloop
  endfacet
  facet normal 0.2588190451025627 -0.9659258262890571 -1.5490326681674476e-13
    outer loop
      vertex 280.04250233027074 -24.629627686305056 -19.929149002914755
      vertex 280.5124665082973 -24.503701164331286 -19.804226065180615
      vertex 280.96360138186844 -24.382819939280385 -19.61930820986408
    endloop
  endfacet
  facet normal -0.12106260719207579 -0.03243862783072195 -0.9921147013144785
    outer loop
      vertex 278.59453072129196 -25.017610509594114 -19.929149002914755
      vertex 277.5592545408819 -21.153907204437843 -19.929149002914755
      vertex 279.0759125879435 -24.888624627173858 -19.992106913713087
    endloop
  endfacet
  facet normal 0 0 -1
    outer loop
      vertex 279.0759125879435 -24.888624627173858 -19.992106913713087
      vertex 278.52584428320915 -20.894910263569038 -19.992106913713087
      vertex 279.56112046361926 -24.758613568725313 -19.992106913713087
    endloop
  endfacet
  facet normal 0.1210626071920885 0.0324386278307271 -0.992114701314477
    outer loop
      vertex 279.56112046361926 -24.758613568725313 -19.992106913713087
      vertex 278.52584428320915 -20.894910263569038 -19.992106913713087
      vertex 280.04250233027074 -24.629627686305056 -19.929149002914755
    endloop
  endfacet
  facet normal 0.2402159847494515 0.0643656791226604 -0.9685831611286302
    outer loop
      vertex 280.04250233027074 -24.629627686305056 -19.929149002914755
      vertex 279.47719032788723 -20.63999785917501 -19.804226065180615
      vertex 280.5124665082973 -24.503701164331286 -19.804226065180615
    endloop
  endfacet
  facet normal 0.35558101272921494 0.09527764520463092 -0.9297764858882624
    outer loop
      vertex 280.5124665082973 -24.503701164331286 -19.804226065180615
      vertex 279.47719032788723 -20.63999785917501 -19.804226065180615
      vertex 280.96360138186844 -24.382819939280385 -19.61930820986408
    endloop
  endfacet
  facet normal 0.2588190451025115 -0.9659258262890706 9.337963070090213e-15
    outer loop
      vertex 283.06083448675275 -23.820868022486813 -16.99475954865942
      vertex 280.04250233027074 -24.629627686305056 -19.929149002914755
      vertex 282.9108970073644 -23.86104364900409 -17.47249821073871
    endloop
  endfacet
  facet normal 0.25881904510253617 -0.9659258262890641 -2.1516294288501523e-14
    outer loop
      vertex 282.9108970073644 -23.86104364900409 -17.47249821073871
      vertex 280.04250233027074 -24.629627686305056 -19.929149002914755
      vertex 282.70430554179734 -23.916399665365933 -17.92701469640686
    endloop
  endfacet
  facet normal 0.2588190451024875 -0.9659258262890773 4.794306157298324e-14
    outer loop
      vertex 280.04250233027074 -24.629627686305056 -19.929149002914755
      vertex 282.44431816087547 -23.986063074126243 -18.351141009169893
      vertex 282.70430554179734 -23.916399665365933 -17.92701469640686
    endloop
  endfacet
  facet normal 0.25881904510252196 -0.965925826289068 -2.127182784500569e-15
    outer loop
      vertex 283.15175337634423 -23.796506379444043 -16.501332934257217
      vertex 280.04250233027074 -24.629627686305056 -19.929149002914755
      vertex 283.06083448675275 -23.820868022486813 -16.99475954865942
    endloop
  endfacet
  facet normal 0.8155581490995113 0.21852814743182833 -0.53582679497893
    outer loop
      vertex 282.44431816087547 -23.986063074126243 -18.351141009169893
      vertex 281.6690293613873 -20.05269636020966 -17.92701469640686
      vertex 282.70430554179734 -23.916399665365933 -17.92701469640686
    endloop
  endfacet
  facet normal 0.7442586406948415 0.19942350173406165 -0.6374239897487323
    outer loop
      vertex 282.44431816087547 -23.986063074126243 -18.351141009169893
      vertex 282.1350350209047 -24.068935241713966 -18.738188423714753
      vertex 281.09975884049464 -20.20523193655769 -18.738188423714753
    endloop
  endfacet
  facet normal 0.6612217289279475 0.1771738282841487 -0.728968627421424
    outer loop
      vertex 282.1350350209047 -24.068935241713966 -18.738188423714753
      vertex 281.78133370175925 -24.163709224540806 -19.082052971103156
      vertex 281.09975884049464 -20.20523193655769 -18.738188423714753
    endloop
  endfacet
  facet normal 0.258819045102532 -0.9659258262890653 -2.3726824917077085e-14
    outer loop
      vertex 280.04250233027074 -24.629627686305056 -19.929149002914755
      vertex 281.78133370175925 -24.163709224540806 -19.082052971103156
      vertex 282.1350350209047 -24.068935241713966 -18.738188423714753
    endloop
  endfacet
  facet normal 0.25881904510253606 -0.9659258262890642 -3.1086297614454154e-14
    outer loop
      vertex 280.04250233027074 -24.629627686305056 -19.929149002914755
      vertex 282.1350350209047 -24.068935241713966 -18.738188423714753
      vertex 282.44431816087547 -23.986063074126243 -18.351141009169893
    endloop
  endfacet
  facet normal 0.25881904510250425 -0.9659258262890726 3.735014757597024e-14
    outer loop
      vertex 280.04250233027074 -24.629627686305056 -19.929149002914755
      vertex 281.388792284533 -24.268890380282354 -19.37731170200806
      vertex 281.78133370175925 -24.163709224540806 -19.082052971103156
    endloop
  endfacet
  facet normal 0.5677569555011511 0.1521300177236815 -0.8090169943749368
    outer loop
      vertex 281.388792284533 -24.268890380282354 -19.37731170200806
      vertex 280.7460575213492 -20.30000591938453 -19.082052971103156
      vertex 281.78133370175925 -24.163709224540806 -19.082052971103156
    endloop
  endfacet
  facet normal 0.46533831572451145 0.12468702590564461 -0.8763066800438531
    outer loop
      vertex 281.388792284533 -24.268890380282354 -19.37731170200806
      vertex 280.96360138186844 -24.382819939280385 -19.61930820986408
      vertex 279.92832520145834 -20.51911663412411 -19.61930820986408
    endloop
  endfacet
  facet normal -0.12106260719208825 -0.03243862783072704 -0.9921147013144769
    outer loop
      vertex 279.0759125879435 -24.888624627173858 -19.992106913713087
      vertex 277.5592545408819 -21.153907204437843 -19.929149002914755
      vertex 278.0406364075334 -21.024921322017583 -19.992106913713087
    endloop
  endfacet
  facet normal 0 0 -1
    outer loop
      vertex 279.0759125879435 -24.888624627173858 -19.992106913713087
      vertex 278.0406364075334 -21.024921322017583 -19.992106913713087
      vertex 278.52584428320915 -20.894910263569038 -19.992106913713087
    endloop
  endfacet
  facet normal 0.12106260719207579 0.03243862783072192 -0.9921147013144787
    outer loop
      vertex 280.04250233027074 -24.629627686305056 -19.929149002914755
      vertex 278.52584428320915 -20.894910263569038 -19.992106913713087
      vertex 279.0072261498607 -20.765924381148782 -19.929149002914755
    endloop
  endfacet
  facet normal 0.24021598474945147 0.0643656791226604 -0.9685831611286301
    outer loop
      vertex 280.04250233027074 -24.629627686305056 -19.929149002914755
      vertex 279.0072261498607 -20.765924381148782 -19.929149002914755
      vertex 279.47719032788723 -20.63999785917501 -19.804226065180615
    endloop
  endfacet
  facet normal 0.35558101272924975 0.09527764520464548 -0.9297764858882477
    outer loop
      vertex 280.96360138186844 -24.382819939280385 -19.61930820986408
      vertex 279.47719032788723 -20.63999785917501 -19.804226065180615
      vertex 279.92832520145834 -20.51911663412411 -19.61930820986408
    endloop
  endfacet
  facet normal 0.8155581490994597 0.21852814743182672 -0.5358267949790093
    outer loop
      vertex 282.44431816087547 -23.986063074126243 -18.351141009169893
      vertex 281.40904198046536 -20.12235976896997 -18.351141009169893
      vertex 281.6690293613873 -20.05269636020966 -17.92701469640686
    endloop
  endfacet
  facet normal 0.7442586406948913 0.19942350173408613 -0.6374239897486662
    outer loop
      vertex 282.44431816087547 -23.986063074126243 -18.351141009169893
      vertex 281.09975884049464 -20.20523193655769 -18.738188423714753
      vertex 281.40904198046536 -20.12235976896997 -18.351141009169893
    endloop
  endfacet
  facet normal 0.6612217289279475 0.1771738282841487 -0.728968627421424
    outer loop
      vertex 281.78133370175925 -24.163709224540806 -19.082052971103156
      vertex 280.7460575213492 -20.30000591938453 -19.082052971103156
      vertex 281.09975884049464 -20.20523193655769 -18.738188423714753
    endloop
  endfacet
  facet normal 0.5677569555011511 0.15213001772368154 -0.8090169943749366
    outer loop
      vertex 281.388792284533 -24.268890380282354 -19.37731170200806
      vertex 280.35351610412295 -20.40518707512608 -19.37731170200806
      vertex 280.7460575213492 -20.30000591938453 -19.082052971103156
    endloop
  endfacet
  facet normal 0.4653383157244687 0.12468702590562629 -0.8763066800438787
    outer loop
      vertex 281.388792284533 -24.268890380282354 -19.37731170200806
      vertex 279.92832520145834 -20.51911663412411 -19.61930820986408
      vertex 280.35351610412295 -20.40518707512608 -19.37731170200806
    endloop
  endfacet
  facet normal -0.25881904510253084 0.9659258262890655 0
    outer loop
      vertex 277.31731451908223 -21.21873483789583 -17.87041039528116
      vertex 277.5977337252915 -21.143596738049876 -18
      vertex 277.31731451908223 -21.21873483789583 -18
    endloop
  endfacet
  facet normal -0.25881904510251924 0.9659258262890685 -4.137797471006019e-14
    outer loop
      vertex 276.2951339286052 -21.492627301632908 -15.471533989774684
      vertex 280.31964742223283 -20.414262161087244 -15.733666878675853
      vertex 276.24683326850976 -21.50556942449938 -15.733666878675853
    endloop
  endfacet
  facet normal -0.2588190451025212 0.9659258262890681 1.7900245596609837e-14
    outer loop
      vertex 276.24683326850976 -21.50556942449938 -15.733666878675853
      vertex 280.33583272623554 -20.409925321950453 -16
      vertex 276.230647964507 -21.509906263636168 -16
    endloop
  endfacet
  facet normal -0.25881904510252207 0.965925826289068 -1.7951800740922244e-14
    outer loop
      vertex 276.230647964507 -21.509906263636168 -16
      vertex 280.27134676213734 -20.427204283953714 -16.528466010225316
      vertex 276.24683326850976 -21.50556942449938 -16.266333121324145
    endloop
  endfacet
  facet normal -0.25881904510251585 0.9659258262890695 4.203491428906516e-14
    outer loop
      vertex 276.24683326850976 -21.50556942449938 -16.266333121324145
      vertex 280.19169247621227 -20.448547585541014 -16.78226467445494
      vertex 276.2951339286052 -21.492627301632908 -16.528466010225316
    endloop
  endfacet
  facet normal -0.25881904510251924 0.9659258262890686 5.035530341935875e-14
    outer loop
      vertex 280.33583272623554 -20.409925321950453 -16
      vertex 276.24683326850976 -21.50556942449938 -15.733666878675853
      vertex 280.31964742223283 -20.414262161087244 -15.733666878675853
    endloop
  endfacet
  facet normal -0.25881904510252124 0.9659258262890681 -5.021877120802354e-14
    outer loop
      vertex 276.230647964507 -21.509906263636168 -16
      vertex 280.33583272623554 -20.409925321950453 -16
      vertex 280.31964742223283 -20.414262161087244 -16.266333121324145
    endloop
  endfacet
  facet normal -0.25881904510251647 0.9659258262890694 2.7681668730440465e-14
    outer loop
      vertex 276.230647964507 -21.509906263636168 -16
      vertex 280.31964742223283 -20.414262161087244 -16.266333121324145
      vertex 280.27134676213734 -20.427204283953714 -16.528466010225316
    endloop
  endfacet
  facet normal -0.2588190451025209 0.9659258262890684 1.6462009731666212e-15
    outer loop
      vertex 276.24683326850976 -21.50556942449938 -16.266333121324145
      vertex 280.27134676213734 -20.427204283953714 -16.528466010225316
      vertex 280.19169247621227 -20.448547585541014 -16.78226467445494
    endloop
  endfacet
  facet normal -0.2588190451025255 0.965925826289067 -6.105856668432136e-14
    outer loop
      vertex 276.2951339286052 -21.492627301632908 -16.528466010225316
      vertex 280.0819407601298 -20.477955469233247 -17.023726557466144
      vertex 276.3747882145303 -21.471284000045607 -16.782264674454943
    endloop
  endfacet
  facet normal -0.25881904510251047 0.9659258262890711 5.734098941205368e-14
    outer loop
      vertex 276.3747882145303 -21.471284000045607 -16.782264674454943
      vertex 279.7795157959056 -20.558989994168137 -17.454662600098462
      vertex 276.48453993061275 -21.441876116353377 -17.023726557466144
    endloop
  endfacet
  facet normal -0.25881904510252024 0.9659258262890684 -2.2691770809293105e-14
    outer loop
      vertex 276.48453993061275 -21.441876116353377 -17.023726557466144
      vertex 279.7795157959056 -20.558989994168137 -17.454662600098462
      vertex 276.62265822672754 -21.404867430449464 -17.249043661121505
    endloop
  endfacet
  facet normal -0.25881904510252335 0.9659258262890675 -1.6460941234541614e-14
    outer loop
      vertex 276.62265822672754 -21.404867430449464 -17.249043661121505
      vertex 279.3830743422081 -20.665216161532594 -17.794196841691782
      vertex 276.786964894837 -21.360841591418485 -17.454662600098462
    endloop
  endfacet
  facet normal -0.2588190451025229 0.9659258262890676 -1.8610446569470087e-14
    outer loop
      vertex 276.786964894837 -21.360841591418485 -17.454662600098462
      vertex 279.24916617166036 -20.70109674769079 -17.87041039528116
      vertex 276.974868720633 -21.310492913041728 -17.63734064089855
    endloop
  endfacet
  facet normal -0.258819045102512 0.9659258262890706 4.472609310714488e-14
    outer loop
      vertex 276.62265822672754 -21.404867430449464 -17.249043661121505
      vertex 279.59161197010957 -20.6093386725449 -17.637340640898554
      vertex 279.3830743422081 -20.665216161532594 -17.794196841691782
    endloop
  endfacet
  facet normal -0.258819045102526 0.965925826289067 -3.878374171767812e-14
    outer loop
      vertex 276.786964894837 -21.360841591418485 -17.454662600098462
      vertex 279.3830743422081 -20.665216161532594 -17.794196841691782
      vertex 279.24916617166036 -20.70109674769079 -17.87041039528116
    endloop
  endfacet
  facet normal -0.2588190451025189 0.9659258262890688 -6.5452247331155046e-15
    outer loop
      vertex 280.0819407601298 -20.477955469233247 -17.023726557466144
      vertex 276.2951339286052 -21.492627301632908 -16.528466010225316
      vertex 280.19169247621227 -20.448547585541014 -16.78226467445494
    endloop
  endfacet
  facet normal -0.2588190451025213 0.9659258262890681 8.395092912611638e-15
    outer loop
      vertex 276.3747882145303 -21.471284000045607 -16.782264674454943
      vertex 280.0819407601298 -20.477955469233247 -17.023726557466144
      vertex 279.943822464015 -20.514964155137164 -17.249043661121505
    endloop
  endfacet
  facet normal -0.25881904510252485 0.9659258262890672 -2.0639330991495617e-14
    outer loop
      vertex 276.3747882145303 -21.471284000045607 -16.782264674454943
      vertex 279.943822464015 -20.514964155137164 -17.249043661121505
      vertex 279.7795157959056 -20.558989994168137 -17.454662600098462
    endloop
  endfacet
  facet normal -0.2588190451025202 0.9659258262890685 -2.2307932288030558e-14
    outer loop
      vertex 276.62265822672754 -21.404867430449464 -17.249043661121505
      vertex 279.7795157959056 -20.558989994168137 -17.454662600098462
      vertex 279.59161197010957 -20.6093386725449 -17.637340640898554
    endloop
  endfacet
  facet normal -0.25881904510253445 0.9659258262890645 -5.557019823727131e-14
    outer loop
      vertex 276.974868720633 -21.310492913041728 -17.63734064089855
      vertex 278.96874696545103 -20.77623484753675 -18
      vertex 277.1834063485345 -21.25461542405403 -17.794196841691782
    endloop
  endfacet
  facet normal -0.25881904510249576 0.965925826289075 1.408019628680653e-13
    outer loop
      vertex 278.6678578040063 -20.856857855357156 -18.087360407798464
      vertex 277.31731451908223 -21.21873483789583 -17.87041039528116
      vertex 277.1834063485345 -21.25461542405403 -17.794196841691782
    endloop
  endfacet
  facet normal -0.25881904510251386 0.9659258262890701 3.928320875535869e-14
    outer loop
      vertex 277.31731451908223 -21.21873483789583 -17.87041039528116
      vertex 278.4121236873477 -20.925381605392914 -18.120806797910078
      vertex 277.5977337252915 -21.143596738049876 -18
    endloop
  endfacet
  facet normal -0.2588190451025752 0.9659258262890538 -4.0283955350705104e-13
    outer loop
      vertex 277.5977337252915 -21.143596738049876 -18
      vertex 278.4121236873477 -20.925381605392914 -18.120806797910078
      vertex 277.6489544171597 -21.129872195028035 -18.0209950971272
    endloop
  endfacet
  facet normal -0.25881904510247783 0.9659258262890797 2.340046487904242e-13
    outer loop
      vertex 277.6489544171597 -21.129872195028035 -18.0209950971272
      vertex 278.1543570033949 -20.994449980193707 -18.120806797910078
      vertex 277.8986228867363 -21.06297373022947 -18.087360407798464
    endloop
  endfacet
  facet normal -0.25881904510250414 0.9659258262890726 8.523544179303478e-14
    outer loop
      vertex 277.31731451908223 -21.21873483789583 -17.87041039528116
      vertex 278.6678578040063 -20.856857855357156 -18.087360407798464
      vertex 278.4121236873477 -20.925381605392914 -18.120806797910078
    endloop
  endfacet
  facet normal -0.25881904510252773 0.9659258262890663 -3.255405117189078e-14
    outer loop
      vertex 278.6678578040063 -20.856857855357156 -18.087360407798464
      vertex 277.1834063485345 -21.25461542405403 -17.794196841691782
      vertex 278.9175262735829 -20.78995939055859 -18.0209950971272
    endloop
  endfacet
  facet normal -0.2588190451025161 0.9659258262890695 5.301172579812898e-14
    outer loop
      vertex 276.974868720633 -21.310492913041728 -17.63734064089855
      vertex 279.24916617166036 -20.70109674769079 -17.87041039528116
      vertex 278.96874696545103 -20.77623484753675 -18
    endloop
  endfacet
  facet normal -0.2588190451025639 0.9659258262890567 -3.282509262834123e-13
    outer loop
      vertex 277.1834063485345 -21.25461542405403 -17.794196841691782
      vertex 278.96874696545103 -20.77623484753675 -18
      vertex 278.9175262735829 -20.78995939055859 -18.0209950971272
    endloop
  endfacet
  facet normal -0.2588190451025358 0.9659258262890642 -8.07583576917383e-14
    outer loop
      vertex 277.6489544171597 -21.129872195028035 -18.0209950971272
      vertex 278.4121236873477 -20.925381605392914 -18.120806797910078
      vertex 278.1543570033949 -20.994449980193707 -18.120806797910078
    endloop
  endfacet
  facet normal -0.2588190451024933 0.9659258262890756 0
    outer loop
      vertex 278.96874696545103 -20.77623484753675 -18
      vertex 279.24916617166036 -20.70109674769079 -17.87041039528116
      vertex 279.24916617166036 -20.70109674769079 -18
    endloop
  endfacet
endsolid OpenSCAD_Model
