solid OpenSCAD_Model
  facet normal 0.6480902805406532 -0.76156351558405 0
    outer loop
      vertex -422.40000039339066 18.48999959230423 -130
      vertex -421.1999997496605 19.511199712753296 -130
      vertex -422.40000039339066 18.48999959230423 30
    endloop
  endfacet
  facet normal -0.02858825980044394 0.9995912721715723 0
    outer loop
      vertex -467.8799995779991 28.969600319862366 -130
      vertex -467.8799995779991 28.969600319862366 23
      vertex -461.879999935627 29.141200006008148 23
    endloop
  endfacet
  facet normal -0.013433163077795672 -0.9999097709942261 0
    outer loop
      vertex -461.879999935627 14.858799993991852 -130
      vertex -450 14.699199616909027 -130
      vertex -461.879999935627 14.858799993991852 -9
    endloop
  endfacet
  facet normal -0.006399620038306569 -0.999979522222013 0
    outer loop
      vertex -447.00000017881393 14.680000364780426 -130
      vertex -450 14.699199616909027 -9
      vertex -450 14.699199616909027 -130
    endloop
  endfacet
  facet normal 0.005199839221239246 -0.9999864807446515 0
    outer loop
      vertex -447.00000017881393 14.680000364780426 -9
      vertex -447.00000017881393 14.680000364780426 -130
      vertex -444.00000035762787 14.695600092411041 -130
    endloop
  endfacet
  facet normal 0.021594787084705094 -0.9997668053955214 0
    outer loop
      vertex -444.00000035762787 14.695600092411041 -130
      vertex -440.99999964237213 14.760399580001831 -130
      vertex -444.00000035762787 14.695600092411041 -9
    endloop
  endfacet
  facet normal 0.04355882168634289 -0.9990508640971678 0
    outer loop
      vertex -437.99999982118607 14.891200184822083 -130
      vertex -440.99999964237213 14.760399580001831 -9
      vertex -440.99999964237213 14.760399580001831 -130
    endloop
  endfacet
  facet normal 0.07340128332296741 -0.9973024875164713 0
    outer loop
      vertex -435 15.11199963092804 -130
      vertex -437.99999982118607 14.891200184822083 11.5
      vertex -437.99999982118607 14.891200184822083 -130
    endloop
  endfacet
  facet normal 0.11365876540616555 -0.9935198463273626 0
    outer loop
      vertex -435 15.11199963092804 -130
      vertex -432.00000017881393 15.455199897289276 -130
      vertex -435 15.11199963092804 30
    endloop
  endfacet
  facet normal 0.16423898661362368 -0.9864205772773245 0
    outer loop
      vertex -429.5999997854233 15.85479986667633 -130
      vertex -432.00000017881393 15.455199897289276 30
      vertex -432.00000017881393 15.455199897289276 -130
    endloop
  endfacet
  facet normal 0.22692190695661626 -0.9739129571697734 0
    outer loop
      vertex -427.2000002861023 16.41400021314621 -130
      vertex -429.5999997854233 15.85479986667633 30
      vertex -429.5999997854233 15.85479986667633 -130
    endloop
  endfacet
  facet normal 0.29085695174601744 -0.9567665512657803 0
    outer loop
      vertex -425.99999964237213 16.778800308704376 -130
      vertex -427.2000002861023 16.41400021314621 30
      vertex -427.2000002861023 16.41400021314621 -130
    endloop
  endfacet
  facet normal 0.34618335761256164 -0.9381668737021647 0
    outer loop
      vertex -424.79999989271164 17.22159993648529 -130
      vertex -425.99999964237213 16.778800308704376 30
      vertex -425.99999964237213 16.778800308704376 -130
    endloop
  endfacet
  facet normal 0.41790593225765027 -0.908490303626772 0
    outer loop
      vertex -424.79999989271164 17.22159993648529 -130
      vertex -423.60000014305115 17.773600339889526 -130
      vertex -424.79999989271164 17.22159993648529 30
    endloop
  endfacet
  facet normal 0.5126001541389253 -0.8586274407312814 0
    outer loop
      vertex -423.60000014305115 17.773600339889526 -130
      vertex -422.40000039339066 18.48999959230423 -130
      vertex -423.60000014305115 17.773600339889526 30
    endloop
  endfacet
  facet normal -0.04395746558374116 0.9990334034552869 1.360545126651804e-17
    outer loop
      vertex -467.8799995779991 28.969600319862366 23
      vertex -473.8800001144409 28.705600321292877 -130
      vertex -473.5279610129757 28.721090040288523 23
    endloop
  endfacet
  facet normal 0.7861471133624893 -0.6180394131055279 0
    outer loop
      vertex -420.6000003218651 20.27439993619919 -130
      vertex -421.1999997496605 19.511199712753296 30
      vertex -421.1999997496605 19.511199712753296 -130
    endloop
  endfacet
  facet normal 0.9445321851781945 -0.3284188654180896 0
    outer loop
      vertex -420 22 -130
      vertex -420.6000003218651 20.27439993619919 30
      vertex -420.6000003218651 20.27439993619919 -130
    endloop
  endfacet
  facet normal -0.013433163077795672 -0.9999097709942261 0
    outer loop
      vertex -450 14.699199616909027 -130
      vertex -450 14.699199616909027 -9
      vertex -461.879999935627 14.858799993991852 -9
    endloop
  endfacet
  facet normal -0.006399620038306569 -0.999979522222013 0
    outer loop
      vertex -450 14.699199616909027 -9
      vertex -447.00000017881393 14.680000364780426 -130
      vertex -447.00000017881393 14.680000364780426 -9
    endloop
  endfacet
  facet normal 0.005199839221239246 -0.9999864807446515 0
    outer loop
      vertex -447.00000017881393 14.680000364780426 -9
      vertex -444.00000035762787 14.695600092411041 -130
      vertex -444.00000035762787 14.695600092411041 -9
    endloop
  endfacet
  facet normal 0.021594787084705094 -0.9997668053955214 0
    outer loop
      vertex -444.00000035762787 14.695600092411041 -9
      vertex -440.99999964237213 14.760399580001831 -130
      vertex -440.99999964237213 14.760399580001831 -9
    endloop
  endfacet
  facet normal -0.01343316307779567 -0.9999097709942258 0
    outer loop
      vertex -461.879999935627 14.858799993991852 30
      vertex -461.879999935627 14.858799993991852 28
      vertex -450 14.699199616909027 28
    endloop
  endfacet
  facet normal -0.01343316307779567 -0.9999097709942258 0
    outer loop
      vertex -450 14.699199616909027 28
      vertex -450 14.699199616909027 30
      vertex -461.879999935627 14.858799993991852 30
    endloop
  endfacet
  facet normal -0.006399620038306569 -0.999979522222013 0
    outer loop
      vertex -447.00000017881393 14.680000364780426 28
      vertex -450 14.699199616909027 30
      vertex -450 14.699199616909027 28
    endloop
  endfacet
  facet normal -0.006399620038306569 -0.999979522222013 0
    outer loop
      vertex -450 14.699199616909027 30
      vertex -447.00000017881393 14.680000364780426 28
      vertex -447.00000017881393 14.680000364780426 30
    endloop
  endfacet
  facet normal 0.005199839221239246 -0.9999864807446515 0
    outer loop
      vertex -444.00000035762787 14.695600092411041 28
      vertex -447.00000017881393 14.680000364780426 30
      vertex -447.00000017881393 14.680000364780426 28
    endloop
  endfacet
  facet normal 0.005199839221239246 -0.9999864807446515 0
    outer loop
      vertex -447.00000017881393 14.680000364780426 30
      vertex -444.00000035762787 14.695600092411041 28
      vertex -444.00000035762787 14.695600092411041 30
    endloop
  endfacet
  facet normal 0.021594787084705094 -0.9997668053955213 0
    outer loop
      vertex -440.99999964237213 14.760399580001831 28
      vertex -444.00000035762787 14.695600092411041 30
      vertex -444.00000035762787 14.695600092411041 28
    endloop
  endfacet
  facet normal -0.085683696413236 0.9963223896756332 0
    outer loop
      vertex -494.986970181229 27.21872073083139 -130
      vertex -494.986970181229 27.21872073083139 -30
      vertex -492.00000017881393 27.47560006380081 -130
    endloop
  endfacet
  facet normal -0.06824061135248342 -0.9976688924499145 0
    outer loop
      vertex -485.99999964237213 16.057599902153015 30
      vertex -480 15.64719957113266 -130
      vertex -480 15.64719957113266 30
    endloop
  endfacet
  facet normal -0.057551494607969884 -0.9983425391459531 0
    outer loop
      vertex -480 15.64719957113266 30
      vertex -473.8800001144409 15.294399678707123 -130
      vertex -473.8800001144409 15.294399678707123 30
    endloop
  endfacet
  facet normal -0.043957465583741306 -0.9990334034552869 0
    outer loop
      vertex -468.75 15.06867969507575 11.5
      vertex -467.8799995779991 15.030399680137634 -130
      vertex -467.8799995779991 15.030399680137634 11.5
    endloop
  endfacet
  facet normal -0.028588259800443987 -0.9995912721715723 0
    outer loop
      vertex -467.8799995779991 15.030399680137634 11.5
      vertex -467.8799995779991 15.030399680137634 -130
      vertex -464.75 14.940881850598442 11.5
    endloop
  endfacet
  facet normal -0.028588259800444 -0.9995912721715724 0
    outer loop
      vertex -467.8799995779991 15.030399680137634 -130
      vertex -464.75 14.940881850598442 -9
      vertex -464.75 14.940881850598442 11.5
    endloop
  endfacet
  facet normal -0.028588259800443896 -0.9995912721715724 0
    outer loop
      vertex -464.75 14.940881850598442 -9
      vertex -461.879999935627 14.858799993991852 -130
      vertex -461.879999935627 14.858799993991852 -9
    endloop
  endfacet
  facet normal -0.04395746558374073 -0.999033403455287 3.437770811944343e-18
    outer loop
      vertex -473.8800001144409 15.294399678707123 30
      vertex -467.8799995779991 15.030399680137634 -130
      vertex -468.75 15.06867969507575 11.5
    endloop
  endfacet
  facet normal -0.0439574655837413 -0.9990334034552869 -1.871201163299743e-16
    outer loop
      vertex -467.8799995779991 15.030399680137634 14.5
      vertex -473.8800001144409 15.294399678707123 30
      vertex -468.75 15.06867969507575 14.5
    endloop
  endfacet
  facet normal -0.04395746558374074 -0.999033403455287 0
    outer loop
      vertex -473.8800001144409 15.294399678707123 30
      vertex -468.75 15.06867969507575 11.5
      vertex -468.75 15.06867969507575 14.5
    endloop
  endfacet
  facet normal -0.028588259800443983 -0.9995912721715723 0
    outer loop
      vertex -464.75 14.940881850598442 14.5
      vertex -467.8799995779991 15.030399680137634 30
      vertex -467.8799995779991 15.030399680137634 14.5
    endloop
  endfacet
  facet normal -0.04395746558374082 -0.999033403455287 0
    outer loop
      vertex -473.8800001144409 15.294399678707123 30
      vertex -467.8799995779991 15.030399680137634 14.5
      vertex -467.8799995779991 15.030399680137634 30
    endloop
  endfacet
  facet normal -0.028588259800443983 -0.9995912721715722 0
    outer loop
      vertex -467.8799995779991 15.030399680137634 30
      vertex -464.75 14.940881850598442 14.5
      vertex -464.75 14.940881850598442 28
    endloop
  endfacet
  facet normal -0.028588259800443893 -0.9995912721715722 1.4500468911422382e-16
    outer loop
      vertex -461.879999935627 14.858799993991852 28
      vertex -467.8799995779991 15.030399680137634 30
      vertex -464.75 14.940881850598442 28
    endloop
  endfacet
  facet normal -0.028588259800443945 -0.9995912721715724 0
    outer loop
      vertex -467.8799995779991 15.030399680137634 30
      vertex -461.879999935627 14.858799993991852 28
      vertex -461.879999935627 14.858799993991852 30
    endloop
  endfacet
  facet normal 0.021594787084705094 -0.9997668053955213 0
    outer loop
      vertex -444.00000035762787 14.695600092411041 30
      vertex -440.99999964237213 14.760399580001831 28
      vertex -440.99999964237213 14.760399580001831 30
    endloop
  endfacet
  facet normal -0.07756560677172013 0.9969872499917614 0
    outer loop
      vertex -492.00000017881393 27.47560006380081 -130
      vertex -485.99999964237213 27.942400097846985 30
      vertex -485.99999964237213 27.942400097846985 -130
    endloop
  endfacet
  facet normal -0.06824061135248342 0.9976688924499145 0
    outer loop
      vertex -485.99999964237213 27.942400097846985 -130
      vertex -480 28.35280042886734 30
      vertex -480 28.35280042886734 -130
    endloop
  endfacet
  facet normal -0.057551494607969884 0.9983425391459531 0
    outer loop
      vertex -480 28.35280042886734 -130
      vertex -473.8800001144409 28.705600321292877 30
      vertex -473.8800001144409 28.705600321292877 -130
    endloop
  endfacet
  facet normal -0.04395746558374082 0.999033403455287 0
    outer loop
      vertex -473.8800001144409 28.705600321292877 -130
      vertex -467.8799995779991 28.969600319862366 23
      vertex -467.8799995779991 28.969600319862366 -130
    endloop
  endfacet
  facet normal -0.02858825980044394 0.9995912721715723 0
    outer loop
      vertex -467.8799995779991 28.969600319862366 -130
      vertex -461.879999935627 29.141200006008148 23
      vertex -461.879999935627 29.141200006008148 -130
    endloop
  endfacet
  facet normal -0.085683696413236 0.9963223896756332 0
    outer loop
      vertex -492.00000017881393 27.47560006380081 30
      vertex -492.00000017881393 27.47560006380081 -130
      vertex -494.986970181229 27.21872073083139 -30
    endloop
  endfacet
  facet normal -0.07756560677172013 0.9969872499917614 0
    outer loop
      vertex -485.99999964237213 27.942400097846985 30
      vertex -492.00000017881393 27.47560006380081 -130
      vertex -492.00000017881393 27.47560006380081 30
    endloop
  endfacet
  facet normal -0.0933900268362712 0.9956296012511483 0
    outer loop
      vertex -498.90853424382425 26.874379768108664 -30
      vertex -498.90853424382425 26.874379768108664 30
      vertex -498.104337887289 26.949813362312856 -30
    endloop
  endfacet
  facet normal -0.0933900268362712 0.9956296012511483 0
    outer loop
      vertex -498.104337887289 26.949813362312856 -30
      vertex -498.90853424382425 26.874379768108664 30
      vertex -498.104337887289 26.949813362312856 30
    endloop
  endfacet
  facet normal -0.085683696413236 0.9963223896756332 0
    outer loop
      vertex -492.00000017881393 27.47560006380081 30
      vertex -494.986970181229 27.21872073083139 -30
      vertex -494.986970181229 27.21872073083139 30
    endloop
  endfacet
  facet normal -0.057551494607969884 0.9983425391459531 0
    outer loop
      vertex -473.8800001144409 28.705600321292877 30
      vertex -480 28.35280042886734 -130
      vertex -480 28.35280042886734 30
    endloop
  endfacet
  facet normal -0.04395746558373525 0.9990334034552872 0
    outer loop
      vertex -473.8800001144409 28.705600321292877 -130
      vertex -473.5279610129757 28.721090040288523 30
      vertex -473.5279610129757 28.721090040288523 23
    endloop
  endfacet
  facet normal -0.04395746558373525 0.9990334034552872 0
    outer loop
      vertex -473.5279610129757 28.721090040288523 30
      vertex -473.8800001144409 28.705600321292877 -130
      vertex -473.8800001144409 28.705600321292877 30
    endloop
  endfacet
  facet normal 0.9445321851781945 0.3284188654180896 0
    outer loop
      vertex -420 22 30
      vertex -420.6000003218651 23.72560006380081 -130
      vertex -420.6000003218651 23.72560006380081 30
    endloop
  endfacet
  facet normal 0.6480902805406532 0.76156351558405 0
    outer loop
      vertex -422.40000039339066 25.51000040769577 -130
      vertex -421.1999997496605 24.488800287246704 30
      vertex -421.1999997496605 24.488800287246704 -130
    endloop
  endfacet
  facet normal 0.04355882168634289 0.9990508640971677 0
    outer loop
      vertex -440.99999964237213 29.23960041999817 -130
      vertex -437.99999982118607 29.108799815177917 30
      vertex -437.99999982118607 29.108799815177917 -130
    endloop
  endfacet
  facet normal 0.07340128332296741 0.9973024875164713 0
    outer loop
      vertex -437.99999982118607 29.108799815177917 -130
      vertex -435 28.88800036907196 30
      vertex -435 28.88800036907196 -130
    endloop
  endfacet
  facet normal 0.16423898661362368 0.9864205772773245 0
    outer loop
      vertex -432.00000017881393 28.544800102710724 -130
      vertex -429.5999997854233 28.14520013332367 30
      vertex -429.5999997854233 28.14520013332367 -130
    endloop
  endfacet
  facet normal 0.11365876540616555 0.9935198463273626 0
    outer loop
      vertex -435 28.88800036907196 -130
      vertex -432.00000017881393 28.544800102710724 30
      vertex -432.00000017881393 28.544800102710724 -130
    endloop
  endfacet
  facet normal 0.34618335761256164 0.9381668737021647 0
    outer loop
      vertex -425.99999964237213 27.221199691295624 -130
      vertex -424.79999989271164 26.77840006351471 30
      vertex -424.79999989271164 26.77840006351471 -130
    endloop
  endfacet
  facet normal 0.29085695174601744 0.9567665512657803 0
    outer loop
      vertex -427.2000002861023 27.58599978685379 -130
      vertex -425.99999964237213 27.221199691295624 30
      vertex -425.99999964237213 27.221199691295624 -130
    endloop
  endfacet
  facet normal 0.5126001541389253 0.8586274407312814 0
    outer loop
      vertex -423.60000014305115 26.226399660110474 -130
      vertex -422.40000039339066 25.51000040769577 30
      vertex -422.40000039339066 25.51000040769577 -130
    endloop
  endfacet
  facet normal 0.41790593225765027 0.908490303626772 0
    outer loop
      vertex -424.79999989271164 26.77840006351471 -130
      vertex -423.60000014305115 26.226399660110474 30
      vertex -423.60000014305115 26.226399660110474 -130
    endloop
  endfacet
  facet normal 0.22692190695661626 0.9739129571697734 0
    outer loop
      vertex -429.5999997854233 28.14520013332367 -130
      vertex -427.2000002861023 27.58599978685379 30
      vertex -427.2000002861023 27.58599978685379 -130
    endloop
  endfacet
  facet normal -0.01343316307779567 0.9999097709942258 0
    outer loop
      vertex -450 29.300800383090973 23
      vertex -461.879999935627 29.141200006008148 -130
      vertex -461.879999935627 29.141200006008148 23
    endloop
  endfacet
  facet normal -0.006399620038306568 0.9999795222220129 0
    outer loop
      vertex -447.00000017881393 29.319999635219574 23
      vertex -450 29.300800383090973 -130
      vertex -450 29.300800383090973 23
    endloop
  endfacet
  facet normal 0.005199839221239246 0.9999864807446515 0
    outer loop
      vertex -444.00000035762787 29.30439990758896 23
      vertex -447.00000017881393 29.319999635219574 -130
      vertex -447.00000017881393 29.319999635219574 23
    endloop
  endfacet
  facet normal 0.021594787084705094 0.9997668053955213 0
    outer loop
      vertex -440.99999964237213 29.23960041999817 23
      vertex -444.00000035762787 29.30439990758896 -130
      vertex -444.00000035762787 29.30439990758896 23
    endloop
  endfacet
  facet normal 0.7861471133624893 0.6180394131055279 0
    outer loop
      vertex -421.1999997496605 24.488800287246704 -130
      vertex -420.6000003218651 23.72560006380081 30
      vertex -420.6000003218651 23.72560006380081 -130
    endloop
  endfacet
  facet normal 0.7861471133624893 0.6180394131055279 0
    outer loop
      vertex -420.6000003218651 23.72560006380081 30
      vertex -421.1999997496605 24.488800287246704 -130
      vertex -421.1999997496605 24.488800287246704 30
    endloop
  endfacet
  facet normal 0.6480902805406532 0.76156351558405 0
    outer loop
      vertex -421.1999997496605 24.488800287246704 30
      vertex -422.40000039339066 25.51000040769577 -130
      vertex -422.40000039339066 25.51000040769577 30
    endloop
  endfacet
  facet normal 0.043558821686341134 0.9990508640971677 0
    outer loop
      vertex -439.9016943137146 29.191714083388685 23
      vertex -440.99999964237213 29.23960041999817 -130
      vertex -440.99999964237213 29.23960041999817 23
    endloop
  endfacet
  facet normal 0.04355882168634397 0.9990508640971676 -2.0360989195561517e-17
    outer loop
      vertex -437.99999982118607 29.108799815177917 30
      vertex -440.99999964237213 29.23960041999817 -130
      vertex -439.9016943137146 29.191714083388685 23
    endloop
  endfacet
  facet normal 0.07340128332296741 0.9973024875164713 0
    outer loop
      vertex -435 28.88800036907196 30
      vertex -437.99999982118607 29.108799815177917 -130
      vertex -437.99999982118607 29.108799815177917 30
    endloop
  endfacet
  facet normal 0.11365876540616555 0.9935198463273626 0
    outer loop
      vertex -432.00000017881393 28.544800102710724 30
      vertex -435 28.88800036907196 -130
      vertex -435 28.88800036907196 30
    endloop
  endfacet
  facet normal 0.16423898661362368 0.9864205772773245 0
    outer loop
      vertex -429.5999997854233 28.14520013332367 30
      vertex -432.00000017881393 28.544800102710724 -130
      vertex -432.00000017881393 28.544800102710724 30
    endloop
  endfacet
  facet normal 0.29085695174601744 0.9567665512657803 0
    outer loop
      vertex -425.99999964237213 27.221199691295624 30
      vertex -427.2000002861023 27.58599978685379 -130
      vertex -427.2000002861023 27.58599978685379 30
    endloop
  endfacet
  facet normal 0.34618335761256164 0.9381668737021647 0
    outer loop
      vertex -424.79999989271164 26.77840006351471 30
      vertex -425.99999964237213 27.221199691295624 -130
      vertex -425.99999964237213 27.221199691295624 30
    endloop
  endfacet
  facet normal 0.5126001541389253 0.8586274407312814 0
    outer loop
      vertex -422.40000039339066 25.51000040769577 30
      vertex -423.60000014305115 26.226399660110474 -130
      vertex -423.60000014305115 26.226399660110474 30
    endloop
  endfacet
  facet normal 0.41790593225765027 0.908490303626772 0
    outer loop
      vertex -423.60000014305115 26.226399660110474 30
      vertex -424.79999989271164 26.77840006351471 -130
      vertex -424.79999989271164 26.77840006351471 30
    endloop
  endfacet
  facet normal 0.22692190695661626 0.9739129571697734 0
    outer loop
      vertex -427.2000002861023 27.58599978685379 30
      vertex -429.5999997854233 28.14520013332367 -130
      vertex -429.5999997854233 28.14520013332367 30
    endloop
  endfacet
  facet normal 0.0435588216863439 0.9990508640971677 0
    outer loop
      vertex -437.99999982118607 29.108799815177917 30
      vertex -439.9016943137146 29.191714083388685 23
      vertex -439.9016943137146 29.191714083388685 30
    endloop
  endfacet
  facet normal 0.04355882168634236 -0.9990508640971677 0
    outer loop
      vertex -437.99999982118607 14.891200184822083 30
      vertex -439.25 14.836699921768853 14.5
      vertex -437.99999982118607 14.891200184822083 14.5
    endloop
  endfacet
  facet normal 0.043558821686343265 -0.9990508640971677 9.29764278772387e-18
    outer loop
      vertex -440.99999964237213 14.760399580001831 -9
      vertex -437.99999982118607 14.891200184822083 -130
      vertex -439.25 14.836699921768853 -9
    endloop
  endfacet
  facet normal 0.04355882168634236 -0.9990508640971677 0
    outer loop
      vertex -437.99999982118607 14.891200184822083 -130
      vertex -437.99999982118607 14.891200184822083 11.5
      vertex -439.25 14.836699921768853 -9
    endloop
  endfacet
  facet normal 0.07340128332296744 -0.9973024875164713 5.690861579966888e-19
    outer loop
      vertex -437.99999982118607 14.891200184822083 11.5
      vertex -435 15.11199963092804 -130
      vertex -435.25 15.093599675989154 11.5
    endloop
  endfacet
  facet normal 0.07340128332296715 -0.9973024875164713 0
    outer loop
      vertex -435 15.11199963092804 -130
      vertex -435.25 15.093599675989154 14.5
      vertex -435.25 15.093599675989154 11.5
    endloop
  endfacet
  facet normal 0.07340128332296716 -0.9973024875164713 0
    outer loop
      vertex -435.25 15.093599675989154 14.5
      vertex -435 15.11199963092804 -130
      vertex -435 15.11199963092804 30
    endloop
  endfacet
  facet normal 0.11365876540616555 -0.9935198463273626 0
    outer loop
      vertex -435 15.11199963092804 30
      vertex -432.00000017881393 15.455199897289276 -130
      vertex -432.00000017881393 15.455199897289276 30
    endloop
  endfacet
  facet normal 0.16423898661362368 -0.9864205772773245 0
    outer loop
      vertex -432.00000017881393 15.455199897289276 30
      vertex -429.5999997854233 15.85479986667633 -130
      vertex -429.5999997854233 15.85479986667633 30
    endloop
  endfacet
  facet normal 0.22692190695661626 -0.9739129571697734 0
    outer loop
      vertex -429.5999997854233 15.85479986667633 30
      vertex -427.2000002861023 16.41400021314621 -130
      vertex -427.2000002861023 16.41400021314621 30
    endloop
  endfacet
  facet normal 0.29085695174601744 -0.9567665512657803 0
    outer loop
      vertex -427.2000002861023 16.41400021314621 30
      vertex -425.99999964237213 16.778800308704376 -130
      vertex -425.99999964237213 16.778800308704376 30
    endloop
  endfacet
  facet normal 0.34618335761256164 -0.9381668737021647 0
    outer loop
      vertex -425.99999964237213 16.778800308704376 30
      vertex -424.79999989271164 17.22159993648529 -130
      vertex -424.79999989271164 17.22159993648529 30
    endloop
  endfacet
  facet normal 0.41790593225765027 -0.908490303626772 0
    outer loop
      vertex -424.79999989271164 17.22159993648529 30
      vertex -423.60000014305115 17.773600339889526 -130
      vertex -423.60000014305115 17.773600339889526 30
    endloop
  endfacet
  facet normal 0.5126001541389253 -0.8586274407312814 0
    outer loop
      vertex -423.60000014305115 17.773600339889526 30
      vertex -422.40000039339066 18.48999959230423 -130
      vertex -422.40000039339066 18.48999959230423 30
    endloop
  endfacet
  facet normal 0.04355882168634236 -0.9990508640971677 0
    outer loop
      vertex -439.25 14.836699921768853 11.5
      vertex -439.25 14.836699921768853 -9
      vertex -437.99999982118607 14.891200184822083 11.5
    endloop
  endfacet
  facet normal -0.06824061135248342 0.9976688924499145 0
    outer loop
      vertex -480 28.35280042886734 30
      vertex -485.99999964237213 27.942400097846985 -130
      vertex -485.99999964237213 27.942400097846985 30
    endloop
  endfacet
  facet normal 0.07340128332296744 -0.9973024875164713 0
    outer loop
      vertex -435.25 15.093599675989154 14.5
      vertex -437.99999982118607 14.891200184822083 30
      vertex -437.99999982118607 14.891200184822083 14.5
    endloop
  endfacet
  facet normal 0.043558821686342356 -0.9990508640971676 0
    outer loop
      vertex -439.25 14.836699921768853 14.5
      vertex -437.99999982118607 14.891200184822083 30
      vertex -439.25 14.836699921768853 28
    endloop
  endfacet
  facet normal 0.043558821686343265 -0.9990508640971677 0
    outer loop
      vertex -439.25 14.836699921768853 28
      vertex -440.99999964237213 14.760399580001831 30
      vertex -440.99999964237213 14.760399580001831 28
    endloop
  endfacet
  facet normal 0.04355882168634289 -0.9990508640971677 -3.281292625520102e-16
    outer loop
      vertex -440.99999964237213 14.760399580001831 30
      vertex -439.25 14.836699921768853 28
      vertex -437.99999982118607 14.891200184822083 30
    endloop
  endfacet
  facet normal 0.07340128332296741 -0.9973024875164713 -4.762272043667423e-18
    outer loop
      vertex -437.99999982118607 14.891200184822083 30
      vertex -435.25 15.093599675989154 14.5
      vertex -435 15.11199963092804 30
    endloop
  endfacet
  facet normal 0.6480902805406532 -0.76156351558405 0
    outer loop
      vertex -422.40000039339066 18.48999959230423 30
      vertex -421.1999997496605 19.511199712753296 -130
      vertex -421.1999997496605 19.511199712753296 30
    endloop
  endfacet
  facet normal 0.7861471133624893 -0.6180394131055279 0
    outer loop
      vertex -421.1999997496605 19.511199712753296 30
      vertex -420.6000003218651 20.27439993619919 -130
      vertex -420.6000003218651 20.27439993619919 30
    endloop
  endfacet
  facet normal 0.9445321851781945 -0.3284188654180896 0
    outer loop
      vertex -420.6000003218651 20.27439993619919 30
      vertex -420 22 -130
      vertex -420 22 30
    endloop
  endfacet
  facet normal -0.01343316307779567 0.9999097709942258 0
    outer loop
      vertex -461.879999935627 29.141200006008148 -130
      vertex -450 29.300800383090973 23
      vertex -450 29.300800383090973 -130
    endloop
  endfacet
  facet normal -0.006399620038306568 0.9999795222220129 0
    outer loop
      vertex -447.00000017881393 29.319999635219574 -130
      vertex -450 29.300800383090973 -130
      vertex -447.00000017881393 29.319999635219574 23
    endloop
  endfacet
  facet normal 0.005199839221239246 0.9999864807446515 0
    outer loop
      vertex -444.00000035762787 29.30439990758896 23
      vertex -444.00000035762787 29.30439990758896 -130
      vertex -447.00000017881393 29.319999635219574 -130
    endloop
  endfacet
  facet normal 0.021594787084705094 0.9997668053955213 0
    outer loop
      vertex -444.00000035762787 29.30439990758896 -130
      vertex -440.99999964237213 29.23960041999817 23
      vertex -440.99999964237213 29.23960041999817 -130
    endloop
  endfacet
  facet normal 0.9445321851781945 0.3284188654180896 0
    outer loop
      vertex -420.6000003218651 23.72560006380081 -130
      vertex -420 22 30
      vertex -420 22 -130
    endloop
  endfacet
  facet normal -0.07756560677172013 -0.9969872499917614 0
    outer loop
      vertex -492.00000017881393 16.52439993619919 -130
      vertex -485.99999964237213 16.057599902153015 -130
      vertex -492.00000017881393 16.52439993619919 30
    endloop
  endfacet
  facet normal -0.0933900268362712 -0.9956296012511483 0
    outer loop
      vertex -498.90853424382425 17.125620231891336 30
      vertex -498.90853424382425 17.125620231891336 -30
      vertex -498.104337887289 17.050186637687144 30
    endloop
  endfacet
  facet normal -0.085683696413236 -0.9963223896756332 0
    outer loop
      vertex -494.986970181229 16.78127926916861 30
      vertex -494.986970181229 16.78127926916861 -30
      vertex -492.00000017881393 16.52439993619919 30
    endloop
  endfacet
  facet normal -0.057551494607969884 -0.9983425391459531 0
    outer loop
      vertex -480 15.64719957113266 -130
      vertex -473.8800001144409 15.294399678707123 -130
      vertex -480 15.64719957113266 30
    endloop
  endfacet
  facet normal -0.06824061135248342 -0.9976688924499145 0
    outer loop
      vertex -480 15.64719957113266 -130
      vertex -485.99999964237213 16.057599902153015 30
      vertex -485.99999964237213 16.057599902153015 -130
    endloop
  endfacet
  facet normal -0.04395746558374082 -0.999033403455287 0
    outer loop
      vertex -467.8799995779991 15.030399680137634 -130
      vertex -473.8800001144409 15.294399678707123 30
      vertex -473.8800001144409 15.294399678707123 -130
    endloop
  endfacet
  facet normal -0.02858825980044394 -0.9995912721715723 -1.0700255071744432e-18
    outer loop
      vertex -467.8799995779991 15.030399680137634 -130
      vertex -461.879999935627 14.858799993991852 -130
      vertex -464.75 14.940881850598442 -9
    endloop
  endfacet
  facet normal -0.085683696413236 -0.9963223896756332 0
    outer loop
      vertex -494.986970181229 16.78127926916861 -30
      vertex -492.00000017881393 16.52439993619919 -130
      vertex -492.00000017881393 16.52439993619919 30
    endloop
  endfacet
  facet normal -0.0933900268362712 -0.9956296012511483 0
    outer loop
      vertex -498.104337887289 17.050186637687144 -30
      vertex -498.104337887289 17.050186637687144 30
      vertex -498.90853424382425 17.125620231891336 -30
    endloop
  endfacet
  facet normal -0.085683696413236 -0.9963223896756332 0
    outer loop
      vertex -492.00000017881393 16.52439993619919 -130
      vertex -494.986970181229 16.78127926916861 -30
      vertex -494.986970181229 16.78127926916861 -130
    endloop
  endfacet
  facet normal -0.07756560677172013 -0.9969872499917614 0
    outer loop
      vertex -492.00000017881393 16.52439993619919 30
      vertex -485.99999964237213 16.057599902153015 -130
      vertex -485.99999964237213 16.057599902153015 30
    endloop
  endfacet
  facet normal -0.5877852522924558 -0.8090169943749599 0
    outer loop
      vertex -495.26278883045086 26.313154642699388 -130
      vertex -494.74379093985567 25.936080603236928 -30
      vertex -495.26278883045086 26.313154642699388 -30
    endloop
  endfacet
  facet normal -0.8443279255020107 -0.5358267949790035 0
    outer loop
      vertex -493.86722729413896 25.00263512938784 -130
      vertex -493.5234854713441 24.460984687737113 -30
      vertex -493.86722729413896 25.00263512938784 -30
    endloop
  endfacet
  facet normal -0.8660254037844335 0.5000000000000087 0
    outer loop
      vertex -494.986970181229 27.21872073083139 -30
      vertex -495.450286924197 26.416232592013593 -130
      vertex -495.450286924197 26.416232592013593 -30
    endloop
  endfacet
  facet normal -0.6845471059287078 -0.7289686274213937 0
    outer loop
      vertex -494.74379093985567 25.936080603236928 -130
      vertex -494.276145411304 25.49693222136084 -30
      vertex -494.74379093985567 25.936080603236928 -30
    endloop
  endfacet
  facet normal -0.4817536741017234 -0.8763066800438591 0
    outer loop
      vertex -495.450286924197 26.416232592013593 -130
      vertex -495.26278883045086 26.313154642699388 -30
      vertex -495.450286924197 26.416232592013593 -30
    endloop
  endfacet
  facet normal -0.8660254037844335 0.5000000000000087 0
    outer loop
      vertex -495.450286924197 26.416232592013593 -130
      vertex -494.986970181229 27.21872073083139 -30
      vertex -494.986970181229 27.21872073083139 -130
    endloop
  endfacet
  facet normal -0.5877852522924558 -0.8090169943749599 0
    outer loop
      vertex -494.74379093985567 25.936080603236928 -130
      vertex -494.74379093985567 25.936080603236928 -30
      vertex -495.26278883045086 26.313154642699388 -130
    endloop
  endfacet
  facet normal -0.4817536741017234 -0.8763066800438591 0
    outer loop
      vertex -495.26278883045086 26.313154642699388 -130
      vertex -495.26278883045086 26.313154642699388 -30
      vertex -495.450286924197 26.416232592013593 -130
    endloop
  endfacet
  facet normal -0.7705132427757747 -0.6374239897487073 0
    outer loop
      vertex -494.276145411304 25.49693222136084 -130
      vertex -493.86722729413896 25.00263512938784 -30
      vertex -494.276145411304 25.49693222136084 -30
    endloop
  endfacet
  facet normal -0.8660254037844356 -0.5000000000000054 0
    outer loop
      vertex -494.986970181229 16.78127926916861 -130
      vertex -495.450286924197 17.583767407986414 -30
      vertex -495.450286924197 17.583767407986414 -130
    endloop
  endfacet
  facet normal -0.9048270524660077 -0.42577929156509803 0
    outer loop
      vertex -493.5234854713441 24.460984687737113 -130
      vertex -493.25034095680627 23.88052304743978 -30
      vertex -493.5234854713441 24.460984687737113 -30
    endloop
  endfacet
  facet normal -0.9510565162951631 -0.30901699437491814 0
    outer loop
      vertex -493.25034095680627 23.88052304743978 -130
      vertex -493.05210140268844 23.270404435314298 -30
      vertex -493.25034095680627 23.88052304743978 -30
    endloop
  endfacet
  facet normal -0.9822872507286835 -0.187381314585752 0
    outer loop
      vertex -493.05210140268844 23.270404435314298 -130
      vertex -492.9318931651815 22.64025078634109 -30
      vertex -493.05210140268844 23.270404435314298 -30
    endloop
  endfacet
  facet normal -0.9980267284282741 -0.06279051952927331 0
    outer loop
      vertex -492.9318931651815 22.64025078634109 -130
      vertex -492.891612 22 -30
      vertex -492.9318931651815 22.64025078634109 -30
    endloop
  endfacet
  facet normal -0.6845471059287078 -0.7289686274213937 0
    outer loop
      vertex -494.276145411304 25.49693222136084 -130
      vertex -494.276145411304 25.49693222136084 -30
      vertex -494.74379093985567 25.936080603236928 -130
    endloop
  endfacet
  facet normal -0.7705132427757747 -0.6374239897487073 0
    outer loop
      vertex -493.86722729413896 25.00263512938784 -130
      vertex -493.86722729413896 25.00263512938784 -30
      vertex -494.276145411304 25.49693222136084 -130
    endloop
  endfacet
  facet normal -0.8443279255020107 -0.5358267949790035 0
    outer loop
      vertex -493.5234854713441 24.460984687737113 -130
      vertex -493.5234854713441 24.460984687737113 -30
      vertex -493.86722729413896 25.00263512938784 -130
    endloop
  endfacet
  facet normal -0.9048270524660077 -0.42577929156509803 0
    outer loop
      vertex -493.25034095680627 23.88052304743978 -130
      vertex -493.25034095680627 23.88052304743978 -30
      vertex -493.5234854713441 24.460984687737113 -130
    endloop
  endfacet
  facet normal -0.9510565162951631 -0.30901699437491814 0
    outer loop
      vertex -493.05210140268844 23.270404435314298 -130
      vertex -493.05210140268844 23.270404435314298 -30
      vertex -493.25034095680627 23.88052304743978 -130
    endloop
  endfacet
  facet normal -0.9822872507286835 -0.187381314585752 0
    outer loop
      vertex -492.9318931651815 22.64025078634109 -130
      vertex -492.9318931651815 22.64025078634109 -30
      vertex -493.05210140268844 23.270404435314298 -130
    endloop
  endfacet
  facet normal -0.9980267284282741 -0.06279051952927331 0
    outer loop
      vertex -492.891612 22 -130
      vertex -492.891612 22 -30
      vertex -492.9318931651815 22.64025078634109 -130
    endloop
  endfacet
  facet normal -0.9510565162951631 0.30901699437491814 0
    outer loop
      vertex -493.05210140268844 20.729595564685702 -130
      vertex -493.25034095680627 20.11947695256022 -30
      vertex -493.05210140268844 20.729595564685702 -30
    endloop
  endfacet
  facet normal -0.9510565162951631 0.30901699437491814 0
    outer loop
      vertex -493.25034095680627 20.11947695256022 -130
      vertex -493.25034095680627 20.11947695256022 -30
      vertex -493.05210140268844 20.729595564685702 -130
    endloop
  endfacet
  facet normal -0.9822872507286835 0.187381314585752 0
    outer loop
      vertex -493.05210140268844 20.729595564685702 -130
      vertex -493.05210140268844 20.729595564685702 -30
      vertex -492.9318931651815 21.35974921365891 -130
    endloop
  endfacet
  facet normal -0.9980267284282741 0.06279051952927331 0
    outer loop
      vertex -492.9318931651815 21.35974921365891 -130
      vertex -492.9318931651815 21.35974921365891 -30
      vertex -492.891612 22 -130
    endloop
  endfacet
  facet normal -0.6845471059287078 0.7289686274213937 0
    outer loop
      vertex -494.276145411304 18.50306777863916 -130
      vertex -494.74379093985567 18.063919396763072 -30
      vertex -494.276145411304 18.50306777863916 -30
    endloop
  endfacet
  facet normal -0.9048270524660077 0.42577929156509803 0
    outer loop
      vertex -493.5234854713441 19.539015312262887 -130
      vertex -493.5234854713441 19.539015312262887 -30
      vertex -493.25034095680627 20.11947695256022 -130
    endloop
  endfacet
  facet normal -0.8443279255020107 0.5358267949790035 0
    outer loop
      vertex -493.86722729413896 18.99736487061216 -130
      vertex -493.86722729413896 18.99736487061216 -30
      vertex -493.5234854713441 19.539015312262887 -130
    endloop
  endfacet
  facet normal -0.7705132427757747 0.6374239897487073 0
    outer loop
      vertex -494.276145411304 18.50306777863916 -130
      vertex -494.276145411304 18.50306777863916 -30
      vertex -493.86722729413896 18.99736487061216 -130
    endloop
  endfacet
  facet normal -0.7705132427757747 0.6374239897487073 0
    outer loop
      vertex -493.86722729413896 18.99736487061216 -130
      vertex -494.276145411304 18.50306777863916 -30
      vertex -493.86722729413896 18.99736487061216 -30
    endloop
  endfacet
  facet normal -0.8443279255020107 0.5358267949790035 0
    outer loop
      vertex -493.5234854713441 19.539015312262887 -130
      vertex -493.86722729413896 18.99736487061216 -30
      vertex -493.5234854713441 19.539015312262887 -30
    endloop
  endfacet
  facet normal -0.9048270524660077 0.42577929156509803 0
    outer loop
      vertex -493.25034095680627 20.11947695256022 -130
      vertex -493.5234854713441 19.539015312262887 -30
      vertex -493.25034095680627 20.11947695256022 -30
    endloop
  endfacet
  facet normal -0.9822872507286835 0.187381314585752 0
    outer loop
      vertex -492.9318931651815 21.35974921365891 -130
      vertex -493.05210140268844 20.729595564685702 -30
      vertex -492.9318931651815 21.35974921365891 -30
    endloop
  endfacet
  facet normal -0.9980267284282741 0.06279051952927331 0
    outer loop
      vertex -492.891612 22 -130
      vertex -492.9318931651815 21.35974921365891 -30
      vertex -492.891612 22 -30
    endloop
  endfacet
  facet normal -0.48175367410169784 0.876306680043873 0
    outer loop
      vertex -495.450286924197 17.583767407986414 -130
      vertex -495.450286924197 17.583767407986414 -30
      vertex -495.26278883045086 17.686845357300612 -130
    endloop
  endfacet
  facet normal -0.5877852522924558 0.8090169943749599 0
    outer loop
      vertex -494.74379093985567 18.063919396763072 -130
      vertex -495.26278883045086 17.686845357300612 -30
      vertex -494.74379093985567 18.063919396763072 -30
    endloop
  endfacet
  facet normal -0.48175367410169784 0.876306680043873 0
    outer loop
      vertex -495.26278883045086 17.686845357300612 -130
      vertex -495.450286924197 17.583767407986414 -30
      vertex -495.26278883045086 17.686845357300612 -30
    endloop
  endfacet
  facet normal -0.8660254037844356 -0.5000000000000054 0
    outer loop
      vertex -495.450286924197 17.583767407986414 -30
      vertex -494.986970181229 16.78127926916861 -130
      vertex -494.986970181229 16.78127926916861 -30
    endloop
  endfacet
  facet normal -0.6845471059287078 0.7289686274213937 0
    outer loop
      vertex -494.74379093985567 18.063919396763072 -130
      vertex -494.74379093985567 18.063919396763072 -30
      vertex -494.276145411304 18.50306777863916 -130
    endloop
  endfacet
  facet normal -0.5877852522924558 0.8090169943749599 0
    outer loop
      vertex -495.26278883045086 17.686845357300612 -130
      vertex -495.26278883045086 17.686845357300612 -30
      vertex -494.74379093985567 18.063919396763072 -130
    endloop
  endfacet
  facet normal -0.998026728428267 0.06279051952938443 0
    outer loop
      vertex -502.92049207263926 22.621602705185524 -30
      vertex -502.9596 22 30
      vertex -502.92049207263926 22.621602705185524 30
    endloop
  endfacet
  facet normal 0 0 -1
    outer loop
      vertex -497.6885841393424 26.949813362312856 -30
      vertex -497.07066363218064 26.871751848714005 -30
      vertex -497.69098300562507 22.951056516295154 -30
    endloop
  endfacet
  facet normal 0 0 1
    outer loop
      vertex -502.92049207263926 22.621602705185524 30
      vertex -502.9596 22 30
      vertex -502.92049207263926 21.378397294814476 30
    endloop
  endfacet
  facet normal -0.9510565162951793 0.30901699437486857 0
    outer loop
      vertex -502.8037850459335 23.233402364382815 30
      vertex -502.6113194594114 23.82575053149493 -30
      vertex -502.8037850459335 23.233402364382815 -30
    endloop
  endfacet
  facet normal -0.9822872507286845 0.1873813145857465 0
    outer loop
      vertex -502.92049207263926 22.621602705185524 30
      vertex -502.8037850459335 23.233402364382815 -30
      vertex -502.92049207263926 22.621602705185524 -30
    endloop
  endfacet
  facet normal 0 0 1
    outer loop
      vertex -502.8037850459335 20.766597635617185 30
      vertex -502.8037850459335 23.233402364382815 30
      vertex -502.92049207263926 22.621602705185524 30
    endloop
  endfacet
  facet normal -0.998026728428267 0.06279051952938443 0
    outer loop
      vertex -502.9596 22 30
      vertex -502.92049207263926 22.621602705185524 -30
      vertex -502.9596 22 -30
    endloop
  endfacet
  facet normal -0.9510565162951793 0.30901699437486857 0
    outer loop
      vertex -502.6113194594114 23.82575053149493 -30
      vertex -502.8037850459335 23.233402364382815 30
      vertex -502.6113194594114 23.82575053149493 30
    endloop
  endfacet
  facet normal 0 0 -1
    outer loop
      vertex -496.467399314698 26.716859898217443 -30
      vertex -497.12369331995615 22.481753674101714 -30
      vertex -497.07066363218064 26.871751848714005 -30
    endloop
  endfacet
  facet normal 0 0 -1
    outer loop
      vertex -497.69098300562507 22.951056516295154 -30
      vertex -497.8126186854143 22.98228725072869 -30
      vertex -497.6885841393424 26.949813362312856 -30
    endloop
  endfacet
  facet normal 0 0 -1
    outer loop
      vertex -497.07066363218064 26.871751848714005 -30
      vertex -497.57422070843495 22.90482705246602 -30
      vertex -497.69098300562507 22.951056516295154 -30
    endloop
  endfacet
  facet normal 0 0 -1
    outer loop
      vertex -497.07066363218064 26.871751848714005 -30
      vertex -497.464173205021 22.844327925502014 -30
      vertex -497.57422070843495 22.90482705246602 -30
    endloop
  endfacet
  facet normal 0 0 -1
    outer loop
      vertex -497.07066363218064 26.871751848714005 -30
      vertex -497.3625760102513 22.770513242775788 -30
      vertex -497.464173205021 22.844327925502014 -30
    endloop
  endfacet
  facet normal 0 0 -1
    outer loop
      vertex -497.07066363218064 26.871751848714005 -30
      vertex -497.2710313725786 22.68454710592869 -30
      vertex -497.3625760102513 22.770513242775788 -30
    endloop
  endfacet
  facet normal 0 0 -1
    outer loop
      vertex -496.467399314698 26.716859898217443 -30
      vertex -497.0702235141118 22.368124552684677 -30
      vertex -497.12369331995615 22.481753674101714 -30
    endloop
  endfacet
  facet normal 0 0 -1
    outer loop
      vertex -497.07066363218064 26.871751848714005 -30
      vertex -497.19098300562507 22.587785252292473 -30
      vertex -497.2710313725786 22.68454710592869 -30
    endloop
  endfacet
  facet normal 0 0 -1
    outer loop
      vertex -497.12369331995615 22.481753674101714 -30
      vertex -497.19098300562507 22.587785252292473 -30
      vertex -497.07066363218064 26.871751848714005 -30
    endloop
  endfacet
  facet normal 0 0 -1
    outer loop
      vertex -497.6885841393424 26.949813362312856 -30
      vertex -497.9372094804707 22.998026728428272 -30
      vertex -498.104337887289 26.949813362312856 -30
    endloop
  endfacet
  facet normal 0 0 -1
    outer loop
      vertex -498.104337887289 26.949813362312856 -30
      vertex -498.1873813145857 22.98228725072869 -30
      vertex -498.90853424382425 26.874379768108664 -30
    endloop
  endfacet
  facet normal 0 0 -1
    outer loop
      vertex -498.90853424382425 26.874379768108664 -30
      vertex -498.9297764858882 22.368124552684677 -30
      vertex -498.92933636781936 26.871751848714005 -30
    endloop
  endfacet
  facet normal 0 0 1
    outer loop
      vertex -498.9921147013145 21.874666766435695 30
      vertex -499 22 30
      vertex -499.532600685302 26.716859898217443 30
    endloop
  endfacet
  facet normal 0 0 1
    outer loop
      vertex -495.5245504118417 17.712395541734374 30
      vertex -495.5245504118417 26.287604458265623 30
      vertex -496.467399314698 26.716859898217443 30
    endloop
  endfacet
  facet normal 0 0 1
    outer loop
      vertex -497.0702235141118 22.368124552684677 30
      vertex -497.0314168388714 22.248689887164854 30
      vertex -497.07066363218064 26.871751848714005 30
    endloop
  endfacet
  facet normal 0 0 1
    outer loop
      vertex -497.0314168388714 22.248689887164854 30
      vertex -497.0078852986855 22.125333233564305 30
      vertex -497.07066363218064 26.871751848714005 30
    endloop
  endfacet
  facet normal 0 0 1
    outer loop
      vertex -497.07066363218064 26.871751848714005 30
      vertex -496.467399314698 17.283140101782557 30
      vertex -496.467399314698 26.716859898217443 30
    endloop
  endfacet
  facet normal 0 0 1
    outer loop
      vertex -495.5245504118417 26.287604458265623 30
      vertex -493.05210140268844 20.729595564685702 30
      vertex -492.9318931651815 21.35974921365891 30
    endloop
  endfacet
  facet normal 0 0 1
    outer loop
      vertex -493.25034095680627 20.11947695256022 30
      vertex -493.05210140268844 20.729595564685702 30
      vertex -495.5245504118417 26.287604458265623 30
    endloop
  endfacet
  facet normal 0 0 1
    outer loop
      vertex -496.467399314698 17.283140101782557 30
      vertex -497.07066363218064 26.871751848714005 30
      vertex -497.0078852986855 22.125333233564305 30
    endloop
  endfacet
  facet normal 0 0 1
    outer loop
      vertex -499.532600685302 26.716859898217443 30
      vertex -498.9685831611286 22.248689887164854 30
      vertex -498.9297764858882 22.368124552684677 30
    endloop
  endfacet
  facet normal 0 0 1
    outer loop
      vertex -499.532600685302 26.716859898217443 30
      vertex -498.9921147013145 22.125333233564305 30
      vertex -498.9685831611286 22.248689887164854 30
    endloop
  endfacet
  facet normal 0 0 1
    outer loop
      vertex -499.532600685302 26.716859898217443 30
      vertex -499 22 30
      vertex -498.9921147013145 22.125333233564305 30
    endloop
  endfacet
  facet normal 0 0 1
    outer loop
      vertex -502.6113194594114 20.17424946850507 30
      vertex -502.6113194594114 23.82575053149493 30
      vertex -502.8037850459335 23.233402364382815 30
    endloop
  endfacet
  facet normal 0 0 1
    outer loop
      vertex -499.532600685302 17.283140101782557 30
      vertex -499.532600685302 26.716859898217443 30
      vertex -500.11169497444615 26.48758024941047 30
    endloop
  endfacet
  facet normal 0 0 1
    outer loop
      vertex -500.11169497444615 17.51241975058953 30
      vertex -500.11169497444615 26.48758024941047 30
      vertex -500.6574865723778 26.18752877931979 30
    endloop
  endfacet
  facet normal 0 0 1
    outer loop
      vertex -500.6574865723778 17.81247122068021 30
      vertex -500.6574865723778 26.18752877931979 30
      vertex -501.1613680195576 25.821437478870806 30
    endloop
  endfacet
  facet normal 0 0 1
    outer loop
      vertex -501.1613680195576 18.178562521129194 30
      vertex -501.1613680195576 25.821437478870806 30
      vertex -501.61539280455924 25.395079826563922 30
    endloop
  endfacet
  facet normal 0 0 1
    outer loop
      vertex -501.61539280455924 18.604920173436078 30
      vertex -501.61539280455924 25.395079826563922 30
      vertex -502.012400685302 24.91517973726975 30
    endloop
  endfacet
  facet normal 0 0 -1
    outer loop
      vertex -498.80901699437493 22.587785252292473 -30
      vertex -498.87630668004385 22.481753674101714 -30
      vertex -498.90853424382425 26.874379768108664 -30
    endloop
  endfacet
  facet normal -0.9822872507286845 0.1873813145857465 0
    outer loop
      vertex -502.8037850459335 23.233402364382815 -30
      vertex -502.92049207263926 22.621602705185524 30
      vertex -502.8037850459335 23.233402364382815 30
    endloop
  endfacet
  facet normal 0 0 1
    outer loop
      vertex -502.012400685302 19.08482026273025 30
      vertex -502.012400685302 24.91517973726975 30
      vertex -502.34613061034554 24.389305522074867 30
    endloop
  endfacet
  facet normal 0 0 1
    outer loop
      vertex -502.34613061034554 19.610694477925133 30
      vertex -502.34613061034554 24.389305522074867 30
      vertex -502.6113194594114 23.82575053149493 30
    endloop
  endfacet
  facet normal 0 0 -1
    outer loop
      vertex -501.61539280455924 25.395079826563922 -30
      vertex -502.012400685302 19.08482026273025 -30
      vertex -502.012400685302 24.91517973726975 -30
    endloop
  endfacet
  facet normal 0 0 -1
    outer loop
      vertex -493.25034095680627 23.88052304743978 -30
      vertex -495.5245504118417 17.712395541734374 -30
      vertex -493.5234854713441 24.460984687737113 -30
    endloop
  endfacet
  facet normal 0 0 -1
    outer loop
      vertex -498.9685831611286 22.248689887164854 -30
      vertex -498.92933636781936 26.871751848714005 -30
      vertex -498.9297764858882 22.368124552684677 -30
    endloop
  endfacet
  facet normal 0 0 -1
    outer loop
      vertex -498.9921147013145 22.125333233564305 -30
      vertex -498.92933636781936 26.871751848714005 -30
      vertex -498.9685831611286 22.248689887164854 -30
    endloop
  endfacet
  facet normal 0 0 -1
    outer loop
      vertex -499 22 -30
      vertex -498.92933636781936 26.871751848714005 -30
      vertex -498.9921147013145 22.125333233564305 -30
    endloop
  endfacet
  facet normal 0 0 -1
    outer loop
      vertex -499.532600685302 17.283140101782557 -30
      vertex -499.532600685302 26.716859898217443 -30
      vertex -498.92933636781936 26.871751848714005 -30
    endloop
  endfacet
  facet normal 0 0 -1
    outer loop
      vertex -499.532600685302 26.716859898217443 -30
      vertex -500.11169497444615 17.51241975058953 -30
      vertex -500.11169497444615 26.48758024941047 -30
    endloop
  endfacet
  facet normal 0 0 -1
    outer loop
      vertex -500.11169497444615 26.48758024941047 -30
      vertex -500.6574865723778 17.81247122068021 -30
      vertex -500.6574865723778 26.18752877931979 -30
    endloop
  endfacet
  facet normal 0 0 -1
    outer loop
      vertex -500.6574865723778 26.18752877931979 -30
      vertex -501.1613680195576 18.178562521129194 -30
      vertex -501.1613680195576 25.821437478870806 -30
    endloop
  endfacet
  facet normal 0 0 -1
    outer loop
      vertex -501.1613680195576 25.821437478870806 -30
      vertex -501.61539280455924 18.604920173436078 -30
      vertex -501.61539280455924 25.395079826563922 -30
    endloop
  endfacet
  facet normal 0 0 -1
    outer loop
      vertex -493.5234854713441 24.460984687737113 -30
      vertex -495.5245504118417 17.712395541734374 -30
      vertex -493.86722729413896 25.00263512938784 -30
    endloop
  endfacet
  facet normal 0 0 -1
    outer loop
      vertex -502.012400685302 24.91517973726975 -30
      vertex -502.34613061034554 19.610694477925133 -30
      vertex -502.34613061034554 24.389305522074867 -30
    endloop
  endfacet
  facet normal 0 0 -1
    outer loop
      vertex -499 22 -30
      vertex -499.532600685302 17.283140101782557 -30
      vertex -498.92933636781936 26.871751848714005 -30
    endloop
  endfacet
  facet normal 0 0 -1
    outer loop
      vertex -497.19098300562507 21.412214747707527 -30
      vertex -497.12369331995615 21.518246325898286 -30
      vertex -497.07066363218064 17.128248151285995 -30
    endloop
  endfacet
  facet normal 0 0 -1
    outer loop
      vertex -498.104337887289 17.050186637687144 -30
      vertex -498.1873813145857 21.01771274927131 -30
      vertex -498.0627905195293 21.001973271571728 -30
    endloop
  endfacet
  facet normal 0 0 -1
    outer loop
      vertex -502.34613061034554 24.389305522074867 -30
      vertex -502.6113194594114 20.17424946850507 -30
      vertex -502.6113194594114 23.82575053149493 -30
    endloop
  endfacet
  facet normal 0 0 -1
    outer loop
      vertex -498.104337887289 17.050186637687144 -30
      vertex -498.30901699437493 21.048943483704846 -30
      vertex -498.1873813145857 21.01771274927131 -30
    endloop
  endfacet
  facet normal 0 0 -1
    outer loop
      vertex -502.6113194594114 23.82575053149493 -30
      vertex -502.8037850459335 20.766597635617185 -30
      vertex -502.8037850459335 23.233402364382815 -30
    endloop
  endfacet
  facet normal 0 0 -1
    outer loop
      vertex -502.8037850459335 23.233402364382815 -30
      vertex -502.92049207263926 21.378397294814476 -30
      vertex -502.92049207263926 22.621602705185524 -30
    endloop
  endfacet
  facet normal 0 0 -1
    outer loop
      vertex -502.92049207263926 21.378397294814476 -30
      vertex -502.9596 22 -30
      vertex -502.92049207263926 22.621602705185524 -30
    endloop
  endfacet
  facet normal 0 0 -1
    outer loop
      vertex -498.87630668004385 22.481753674101714 -30
      vertex -498.9297764858882 22.368124552684677 -30
      vertex -498.90853424382425 26.874379768108664 -30
    endloop
  endfacet
  facet normal 0 0 -1
    outer loop
      vertex -497.9372094804707 22.998026728428272 -30
      vertex -498.0627905195293 22.998026728428272 -30
      vertex -498.104337887289 26.949813362312856 -30
    endloop
  endfacet
  facet normal 0 0 -1
    outer loop
      vertex -498.0627905195293 22.998026728428272 -30
      vertex -498.1873813145857 22.98228725072869 -30
      vertex -498.104337887289 26.949813362312856 -30
    endloop
  endfacet
  facet normal 0 0 -1
    outer loop
      vertex -498.1873813145857 22.98228725072869 -30
      vertex -498.30901699437493 22.951056516295154 -30
      vertex -498.90853424382425 26.874379768108664 -30
    endloop
  endfacet
  facet normal 0 0 -1
    outer loop
      vertex -498.30901699437493 22.951056516295154 -30
      vertex -498.42577929156505 22.90482705246602 -30
      vertex -498.90853424382425 26.874379768108664 -30
    endloop
  endfacet
  facet normal 0 0 -1
    outer loop
      vertex -498.535826794979 22.844327925502014 -30
      vertex -498.90853424382425 26.874379768108664 -30
      vertex -498.42577929156505 22.90482705246602 -30
    endloop
  endfacet
  facet normal 0 0 -1
    outer loop
      vertex -498.6374239897487 22.770513242775788 -30
      vertex -498.90853424382425 26.874379768108664 -30
      vertex -498.535826794979 22.844327925502014 -30
    endloop
  endfacet
  facet normal 0 0 -1
    outer loop
      vertex -498.7289686274214 22.68454710592869 -30
      vertex -498.90853424382425 26.874379768108664 -30
      vertex -498.6374239897487 22.770513242775788 -30
    endloop
  endfacet
  facet normal 0 0 -1
    outer loop
      vertex -498.7289686274214 22.68454710592869 -30
      vertex -498.80901699437493 22.587785252292473 -30
      vertex -498.90853424382425 26.874379768108664 -30
    endloop
  endfacet
  facet normal 0 0 -1
    outer loop
      vertex -498.90853424382425 17.125620231891336 -30
      vertex -498.92933636781936 17.128248151285995 -30
      vertex -498.87630668004385 21.518246325898286 -30
    endloop
  endfacet
  facet normal 0 0 -1
    outer loop
      vertex -497.8126186854143 22.98228725072869 -30
      vertex -497.9372094804707 22.998026728428272 -30
      vertex -497.6885841393424 26.949813362312856 -30
    endloop
  endfacet
  facet normal 0 0 -1
    outer loop
      vertex -495.5245504118417 17.712395541734374 -30
      vertex -495.26278883045086 26.313154642699388 -30
      vertex -494.74379093985567 25.936080603236928 -30
    endloop
  endfacet
  facet normal 0 0 -1
    outer loop
      vertex -494.74379093985567 25.936080603236928 -30
      vertex -494.276145411304 25.49693222136084 -30
      vertex -495.5245504118417 17.712395541734374 -30
    endloop
  endfacet
  facet normal 0 0 -1
    outer loop
      vertex -495.26278883045086 26.313154642699388 -30
      vertex -495.5245504118417 17.712395541734374 -30
      vertex -495.5245504118417 26.287604458265623 -30
    endloop
  endfacet
  facet normal 0 0 -1
    outer loop
      vertex -496.467399314698 26.716859898217443 -30
      vertex -495.5245504118417 26.287604458265623 -30
      vertex -496.467399314698 17.283140101782557 -30
    endloop
  endfacet
  facet normal 0 0 -1
    outer loop
      vertex -496.467399314698 26.716859898217443 -30
      vertex -497.0314168388714 22.248689887164854 -30
      vertex -497.0702235141118 22.368124552684677 -30
    endloop
  endfacet
  facet normal 0 0 -1
    outer loop
      vertex -496.467399314698 26.716859898217443 -30
      vertex -497.0078852986855 22.125333233564305 -30
      vertex -497.0314168388714 22.248689887164854 -30
    endloop
  endfacet
  facet normal 0 0 -1
    outer loop
      vertex -496.467399314698 26.716859898217443 -30
      vertex -497 22 -30
      vertex -497.0078852986855 22.125333233564305 -30
    endloop
  endfacet
  facet normal 0 0 -1
    outer loop
      vertex -497.9372094804707 21.001973271571728 -30
      vertex -498.104337887289 17.050186637687144 -30
      vertex -498.0627905195293 21.001973271571728 -30
    endloop
  endfacet
  facet normal 0 0 -1
    outer loop
      vertex -494.276145411304 25.49693222136084 -30
      vertex -493.86722729413896 25.00263512938784 -30
      vertex -495.5245504118417 17.712395541734374 -30
    endloop
  endfacet
  facet normal 0 0 1
    outer loop
      vertex -496.467399314698 26.716859898217443 30
      vertex -495.5245504118417 26.287604458265623 30
      vertex -495.88830502555385 26.48758024941047 30
    endloop
  endfacet
  facet normal 0.36812455268466565 -0.9297764858882562 0
    outer loop
      vertex -496.467399314698 17.283140101782557 30
      vertex -496.467399314698 17.283140101782557 -30
      vertex -495.88830502555385 17.51241975058953 30
    endloop
  endfacet
  facet normal -0.8660254037844355 -0.5000000000000053 0
    outer loop
      vertex -494.986970181229 16.78127926916861 -30
      vertex -494.986970181229 16.78127926916861 30
      vertex -495.450286924197 17.583767407986414 30
    endloop
  endfacet
  facet normal 0.4817536741017152 -0.8763066800438636 0
    outer loop
      vertex -495.88830502555385 17.51241975058953 30
      vertex -495.88830502555385 17.51241975058953 -30
      vertex -495.5245504118417 17.712395541734374 30
    endloop
  endfacet
  facet normal -0.8660254037845242 -0.4999999999998516 0
    outer loop
      vertex -495.5245504118417 17.712395541734374 30
      vertex -495.5245504118417 17.712395541734374 -30
      vertex -495.450286924197 17.583767407986414 30
    endloop
  endfacet
  facet normal 0 0 1
    outer loop
      vertex -496.467399314698 17.283140101782557 30
      vertex -495.88830502555385 17.51241975058953 30
      vertex -495.5245504118417 17.712395541734374 30
    endloop
  endfacet
  facet normal 0 0 1
    outer loop
      vertex -495.5245504118417 17.712395541734374 30
      vertex -495.450286924197 17.583767407986414 30
      vertex -495.26278883045086 17.686845357300612 30
    endloop
  endfacet
  facet normal -0.8660254037844337 0.5000000000000088 0
    outer loop
      vertex -495.450286924197 26.416232592013593 30
      vertex -494.986970181229 27.21872073083139 30
      vertex -494.986970181229 27.21872073083139 -30
    endloop
  endfacet
  facet normal -0.8660254037845423 0.4999999999998206 -3.3512430210302794e-15
    outer loop
      vertex -494.986970181229 27.21872073083139 -30
      vertex -495.5245504118417 26.287604458265623 30
      vertex -495.450286924197 26.416232592013593 30
    endloop
  endfacet
  facet normal 0.12533323356430165 0.9921147013144782 0
    outer loop
      vertex -497.07066363218064 26.871751848714005 30
      vertex -497.07066363218064 26.871751848714005 -30
      vertex -497.6885841393424 26.949813362312856 30
    endloop
  endfacet
  facet normal 0.2486898871648586 0.9685831611286301 0
    outer loop
      vertex -496.467399314698 26.716859898217443 30
      vertex -496.467399314698 26.716859898217443 -30
      vertex -497.07066363218064 26.871751848714005 30
    endloop
  endfacet
  facet normal 0 0 1
    outer loop
      vertex -495.5245504118417 26.287604458265623 30
      vertex -494.74379093985567 25.936080603236928 30
      vertex -495.26278883045086 26.313154642699388 30
    endloop
  endfacet
  facet normal 0 0 1
    outer loop
      vertex -495.5245504118417 26.287604458265623 30
      vertex -494.276145411304 25.49693222136084 30
      vertex -494.74379093985567 25.936080603236928 30
    endloop
  endfacet
  facet normal 0.2486898871648586 -0.9685831611286301 0
    outer loop
      vertex -497.07066363218064 17.128248151285995 30
      vertex -497.07066363218064 17.128248151285995 -30
      vertex -496.467399314698 17.283140101782557 30
    endloop
  endfacet
  facet normal 0 0 1
    outer loop
      vertex -495.26278883045086 26.313154642699388 30
      vertex -495.450286924197 26.416232592013593 30
      vertex -495.5245504118417 26.287604458265623 30
    endloop
  endfacet
  facet normal 0.48175367410172176 0.87630668004386 0
    outer loop
      vertex -495.5245504118417 26.287604458265623 30
      vertex -495.5245504118417 26.287604458265623 -30
      vertex -495.88830502555385 26.48758024941047 30
    endloop
  endfacet
  facet normal 0.36812455268466565 0.9297764858882562 0
    outer loop
      vertex -495.88830502555385 26.48758024941047 30
      vertex -495.88830502555385 26.48758024941047 -30
      vertex -496.467399314698 26.716859898217443 30
    endloop
  endfacet
  facet normal 0 1 0
    outer loop
      vertex -497.6885841393424 26.949813362312856 30
      vertex -498.104337887289 26.949813362312856 -30
      vertex -498.104337887289 26.949813362312856 30
    endloop
  endfacet
  facet normal -0.12533323356417927 0.9921147013144936 0
    outer loop
      vertex -498.90853424382425 26.874379768108664 30
      vertex -498.92933636781936 26.871751848714005 -30
      vertex -498.92933636781936 26.871751848714005 30
    endloop
  endfacet
  facet normal -0.2486898871648586 0.9685831611286301 0
    outer loop
      vertex -498.92933636781936 26.871751848714005 -30
      vertex -499.532600685302 26.716859898217443 30
      vertex -498.92933636781936 26.871751848714005 30
    endloop
  endfacet
  facet normal -0.36812455268466565 0.9297764858882562 0
    outer loop
      vertex -499.532600685302 26.716859898217443 30
      vertex -499.532600685302 26.716859898217443 -30
      vertex -500.11169497444615 26.48758024941047 30
    endloop
  endfacet
  facet normal -0.48175367410173836 0.8763066800438509 0
    outer loop
      vertex -500.11169497444615 26.48758024941047 30
      vertex -500.11169497444615 26.48758024941047 -30
      vertex -500.6574865723778 26.18752877931979 30
    endloop
  endfacet
  facet normal -0.5877852522924726 0.8090169943749479 0
    outer loop
      vertex -500.6574865723778 26.18752877931979 30
      vertex -500.6574865723778 26.18752877931979 -30
      vertex -501.1613680195576 25.821437478870806 30
    endloop
  endfacet
  facet normal -0.6845471059286766 0.7289686274214228 0
    outer loop
      vertex -501.1613680195576 25.821437478870806 30
      vertex -501.1613680195576 25.821437478870806 -30
      vertex -501.61539280455924 25.395079826563922 30
    endloop
  endfacet
  facet normal -0.8660254037844337 0.5000000000000088 5.371595101281018e-16
    outer loop
      vertex -494.986970181229 27.21872073083139 -30
      vertex -495.450286924197 26.416232592013593 -30
      vertex -495.5245504118417 26.287604458265623 30
    endloop
  endfacet
  facet normal 0.36812455268466565 0.9297764858882562 0
    outer loop
      vertex -495.88830502555385 26.48758024941047 -30
      vertex -496.467399314698 26.716859898217443 -30
      vertex -496.467399314698 26.716859898217443 30
    endloop
  endfacet
  facet normal 0.2486898871648586 -0.9685831611286301 0
    outer loop
      vertex -497.07066363218064 17.128248151285995 -30
      vertex -496.467399314698 17.283140101782557 -30
      vertex -496.467399314698 17.283140101782557 30
    endloop
  endfacet
  facet normal 0 0 -1
    outer loop
      vertex -496.467399314698 17.283140101782557 -30
      vertex -495.5245504118417 17.712395541734374 -30
      vertex -495.88830502555385 17.51241975058953 -30
    endloop
  endfacet
  facet normal 0 0 -1
    outer loop
      vertex -495.26278883045086 17.686845357300612 -30
      vertex -495.450286924197 17.583767407986414 -30
      vertex -495.5245504118417 17.712395541734374 -30
    endloop
  endfacet
  facet normal 0 0 -1
    outer loop
      vertex -495.26278883045086 17.686845357300612 -30
      vertex -495.5245504118417 17.712395541734374 -30
      vertex -494.74379093985567 18.063919396763072 -30
    endloop
  endfacet
  facet normal 0 0 -1
    outer loop
      vertex -494.74379093985567 18.063919396763072 -30
      vertex -495.5245504118417 17.712395541734374 -30
      vertex -494.276145411304 18.50306777863916 -30
    endloop
  endfacet
  facet normal -0.2486898871648586 -0.9685831611286301 0
    outer loop
      vertex -498.92933636781936 17.128248151285995 -30
      vertex -498.92933636781936 17.128248151285995 30
      vertex -499.532600685302 17.283140101782557 -30
    endloop
  endfacet
  facet normal -0.36812455268466565 -0.9297764858882562 0
    outer loop
      vertex -499.532600685302 17.283140101782557 -30
      vertex -499.532600685302 17.283140101782557 30
      vertex -500.11169497444615 17.51241975058953 -30
    endloop
  endfacet
  facet normal -0.12533323356417927 -0.9921147013144936 0
    outer loop
      vertex -498.92933636781936 17.128248151285995 -30
      vertex -498.90853424382425 17.125620231891336 -30
      vertex -498.92933636781936 17.128248151285995 30
    endloop
  endfacet
  facet normal 0 -1 0
    outer loop
      vertex -498.104337887289 17.050186637687144 30
      vertex -498.104337887289 17.050186637687144 -30
      vertex -497.6885841393424 17.050186637687144 -30
    endloop
  endfacet
  facet normal -0.5877852522924726 -0.8090169943749479 0
    outer loop
      vertex -500.6574865723778 17.81247122068021 -30
      vertex -500.6574865723778 17.81247122068021 30
      vertex -501.1613680195576 18.178562521129194 -30
    endloop
  endfacet
  facet normal -0.6845471059286766 -0.7289686274214228 0
    outer loop
      vertex -501.1613680195576 18.178562521129194 -30
      vertex -501.1613680195576 18.178562521129194 30
      vertex -501.61539280455924 18.604920173436078 -30
    endloop
  endfacet
  facet normal -0.48175367410173836 -0.8763066800438509 0
    outer loop
      vertex -500.6574865723778 17.81247122068021 -30
      vertex -500.11169497444615 17.51241975058953 -30
      vertex -500.11169497444615 17.51241975058953 30
    endloop
  endfacet
  facet normal 0.12533323356430165 -0.9921147013144782 0
    outer loop
      vertex -497.6885841393424 17.050186637687144 -30
      vertex -497.07066363218064 17.128248151285995 -30
      vertex -497.07066363218064 17.128248151285995 30
    endloop
  endfacet
  facet normal 0.2486898871648586 0.9685831611286301 0
    outer loop
      vertex -497.07066363218064 26.871751848714005 -30
      vertex -497.07066363218064 26.871751848714005 30
      vertex -496.467399314698 26.716859898217443 -30
    endloop
  endfacet
  facet normal -0.8660254037844355 -0.5000000000000053 0
    outer loop
      vertex -495.450286924197 17.583767407986414 -30
      vertex -494.986970181229 16.78127926916861 -30
      vertex -495.450286924197 17.583767407986414 30
    endloop
  endfacet
  facet normal 0.36812455268466565 -0.9297764858882562 0
    outer loop
      vertex -496.467399314698 17.283140101782557 -30
      vertex -495.88830502555385 17.51241975058953 -30
      vertex -495.88830502555385 17.51241975058953 30
    endloop
  endfacet
  facet normal 0.4817536741017152 -0.8763066800438636 0
    outer loop
      vertex -495.88830502555385 17.51241975058953 -30
      vertex -495.5245504118417 17.712395541734374 -30
      vertex -495.5245504118417 17.712395541734374 30
    endloop
  endfacet
  facet normal -0.8660254037845242 -0.4999999999998516 0
    outer loop
      vertex -495.5245504118417 17.712395541734374 -30
      vertex -495.450286924197 17.583767407986414 -30
      vertex -495.450286924197 17.583767407986414 30
    endloop
  endfacet
  facet normal -0.2486898871648586 -0.9685831611286301 0
    outer loop
      vertex -499.532600685302 17.283140101782557 30
      vertex -499.532600685302 17.283140101782557 -30
      vertex -498.92933636781936 17.128248151285995 30
    endloop
  endfacet
  facet normal -0.12533323356417927 -0.9921147013144936 0
    outer loop
      vertex -498.92933636781936 17.128248151285995 30
      vertex -498.90853424382425 17.125620231891336 -30
      vertex -498.90853424382425 17.125620231891336 30
    endloop
  endfacet
  facet normal 0 -1 0
    outer loop
      vertex -498.104337887289 17.050186637687144 30
      vertex -497.6885841393424 17.050186637687144 -30
      vertex -497.6885841393424 17.050186637687144 30
    endloop
  endfacet
  facet normal -0.48175367410173836 -0.8763066800438509 0
    outer loop
      vertex -500.6574865723778 17.81247122068021 30
      vertex -500.6574865723778 17.81247122068021 -30
      vertex -500.11169497444615 17.51241975058953 30
    endloop
  endfacet
  facet normal -0.5877852522924726 -0.8090169943749479 0
    outer loop
      vertex -501.1613680195576 18.178562521129194 30
      vertex -501.1613680195576 18.178562521129194 -30
      vertex -500.6574865723778 17.81247122068021 30
    endloop
  endfacet
  facet normal -0.36812455268466565 -0.9297764858882562 0
    outer loop
      vertex -500.11169497444615 17.51241975058953 30
      vertex -500.11169497444615 17.51241975058953 -30
      vertex -499.532600685302 17.283140101782557 30
    endloop
  endfacet
  facet normal 0.12533323356430165 -0.9921147013144782 0
    outer loop
      vertex -497.6885841393424 17.050186637687144 30
      vertex -497.6885841393424 17.050186637687144 -30
      vertex -497.07066363218064 17.128248151285995 30
    endloop
  endfacet
  facet normal 0 0 1
    outer loop
      vertex -498.90853424382425 26.874379768108664 30
      vertex -498.6374239897487 22.770513242775788 30
      vertex -498.535826794979 22.844327925502014 30
    endloop
  endfacet
  facet normal 0 0 1
    outer loop
      vertex -497.19098300562507 22.587785252292473 30
      vertex -497.12369331995615 22.481753674101714 30
      vertex -497.07066363218064 26.871751848714005 30
    endloop
  endfacet
  facet normal 0 0 1
    outer loop
      vertex -498.104337887289 26.949813362312856 30
      vertex -497.9372094804707 22.998026728428272 30
      vertex -497.6885841393424 26.949813362312856 30
    endloop
  endfacet
  facet normal 0 0 1
    outer loop
      vertex -498.90853424382425 26.874379768108664 30
      vertex -498.42577929156505 22.90482705246602 30
      vertex -498.104337887289 26.949813362312856 30
    endloop
  endfacet
  facet normal 0 0 1
    outer loop
      vertex -498.92933636781936 26.871751848714005 30
      vertex -498.87630668004385 22.481753674101714 30
      vertex -498.90853424382425 26.874379768108664 30
    endloop
  endfacet
  facet normal 0 0 1
    outer loop
      vertex -499.532600685302 26.716859898217443 30
      vertex -498.87630668004385 22.481753674101714 30
      vertex -498.92933636781936 26.871751848714005 30
    endloop
  endfacet
  facet normal -0.7705132427757834 0.637423989748697 0
    outer loop
      vertex -501.61539280455924 25.395079826563922 -30
      vertex -502.012400685302 24.91517973726975 30
      vertex -501.61539280455924 25.395079826563922 30
    endloop
  endfacet
  facet normal 0 0 1
    outer loop
      vertex -497.8126186854143 22.98228725072869 30
      vertex -497.6885841393424 26.949813362312856 30
      vertex -497.9372094804707 22.998026728428272 30
    endloop
  endfacet
  facet normal 0 0 1
    outer loop
      vertex -498.104337887289 26.949813362312856 30
      vertex -498.0627905195293 22.998026728428272 30
      vertex -497.9372094804707 22.998026728428272 30
    endloop
  endfacet
  facet normal 0 0 1
    outer loop
      vertex -498.104337887289 26.949813362312856 30
      vertex -498.1873813145857 22.98228725072869 30
      vertex -498.0627905195293 22.998026728428272 30
    endloop
  endfacet
  facet normal 0 0 1
    outer loop
      vertex -498.104337887289 26.949813362312856 30
      vertex -498.30901699437493 22.951056516295154 30
      vertex -498.1873813145857 22.98228725072869 30
    endloop
  endfacet
  facet normal 0 0 1
    outer loop
      vertex -498.42577929156505 22.90482705246602 30
      vertex -498.30901699437493 22.951056516295154 30
      vertex -498.104337887289 26.949813362312856 30
    endloop
  endfacet
  facet normal 0 0 1
    outer loop
      vertex -498.90853424382425 26.874379768108664 30
      vertex -498.535826794979 22.844327925502014 30
      vertex -498.42577929156505 22.90482705246602 30
    endloop
  endfacet
  facet normal 0 0 1
    outer loop
      vertex -497.2710313725786 22.68454710592869 30
      vertex -497.19098300562507 22.587785252292473 30
      vertex -497.07066363218064 26.871751848714005 30
    endloop
  endfacet
  facet normal 0 0 1
    outer loop
      vertex -498.90853424382425 26.874379768108664 30
      vertex -498.7289686274214 22.68454710592869 30
      vertex -498.6374239897487 22.770513242775788 30
    endloop
  endfacet
  facet normal 0 0 1
    outer loop
      vertex -498.90853424382425 26.874379768108664 30
      vertex -498.80901699437493 22.587785252292473 30
      vertex -498.7289686274214 22.68454710592869 30
    endloop
  endfacet
  facet normal 0 0 1
    outer loop
      vertex -498.87630668004385 22.481753674101714 30
      vertex -498.80901699437493 22.587785252292473 30
      vertex -498.90853424382425 26.874379768108664 30
    endloop
  endfacet
  facet normal 0 0 1
    outer loop
      vertex -499.532600685302 26.716859898217443 30
      vertex -498.9297764858882 22.368124552684677 30
      vertex -498.87630668004385 22.481753674101714 30
    endloop
  endfacet
  facet normal -0.8443279255020254 0.5358267949789803 0
    outer loop
      vertex -502.012400685302 24.91517973726975 -30
      vertex -502.34613061034554 24.389305522074867 30
      vertex -502.012400685302 24.91517973726975 30
    endloop
  endfacet
  facet normal -0.904827052466004 0.4257792915651056 0
    outer loop
      vertex -502.34613061034554 24.389305522074867 -30
      vertex -502.6113194594114 23.82575053149493 30
      vertex -502.34613061034554 24.389305522074867 30
    endloop
  endfacet
  facet normal -0.6845471059286766 0.7289686274214228 0
    outer loop
      vertex -501.61539280455924 25.395079826563922 30
      vertex -501.1613680195576 25.821437478870806 -30
      vertex -501.61539280455924 25.395079826563922 -30
    endloop
  endfacet
  facet normal -0.7705132427757834 0.637423989748697 0
    outer loop
      vertex -502.012400685302 24.91517973726975 30
      vertex -501.61539280455924 25.395079826563922 -30
      vertex -502.012400685302 24.91517973726975 -30
    endloop
  endfacet
  facet normal -0.8443279255020254 0.5358267949789803 0
    outer loop
      vertex -502.34613061034554 24.389305522074867 30
      vertex -502.012400685302 24.91517973726975 -30
      vertex -502.34613061034554 24.389305522074867 -30
    endloop
  endfacet
  facet normal -0.904827052466004 0.4257792915651056 0
    outer loop
      vertex -502.6113194594114 23.82575053149493 30
      vertex -502.34613061034554 24.389305522074867 -30
      vertex -502.6113194594114 23.82575053149493 -30
    endloop
  endfacet
  facet normal 0 0 1
    outer loop
      vertex -495.5245504118417 26.287604458265623 30
      vertex -492.891612 22 30
      vertex -492.9318931651815 22.64025078634109 30
    endloop
  endfacet
  facet normal 0 0 -1
    outer loop
      vertex -495.450286924197 26.416232592013593 -30
      vertex -495.26278883045086 26.313154642699388 -30
      vertex -495.5245504118417 26.287604458265623 -30
    endloop
  endfacet
  facet normal 0.12533323356430165 0.9921147013144782 0
    outer loop
      vertex -497.07066363218064 26.871751848714005 -30
      vertex -497.6885841393424 26.949813362312856 -30
      vertex -497.6885841393424 26.949813362312856 30
    endloop
  endfacet
  facet normal 0.48175367410172176 0.87630668004386 0
    outer loop
      vertex -495.5245504118417 26.287604458265623 -30
      vertex -495.88830502555385 26.48758024941047 -30
      vertex -495.88830502555385 26.48758024941047 30
    endloop
  endfacet
  facet normal -0.8660254037845423 0.4999999999998206 0
    outer loop
      vertex -495.450286924197 26.416232592013593 -30
      vertex -495.5245504118417 26.287604458265623 -30
      vertex -495.5245504118417 26.287604458265623 30
    endloop
  endfacet
  facet normal 0 1 0
    outer loop
      vertex -498.104337887289 26.949813362312856 -30
      vertex -497.6885841393424 26.949813362312856 30
      vertex -497.6885841393424 26.949813362312856 -30
    endloop
  endfacet
  facet normal 0 0 -1
    outer loop
      vertex -498.87630668004385 21.518246325898286 -30
      vertex -498.92933636781936 17.128248151285995 -30
      vertex -499.532600685302 17.283140101782557 -30
    endloop
  endfacet
  facet normal -0.12533323356417927 0.9921147013144936 0
    outer loop
      vertex -498.92933636781936 26.871751848714005 -30
      vertex -498.90853424382425 26.874379768108664 30
      vertex -498.90853424382425 26.874379768108664 -30
    endloop
  endfacet
  facet normal -0.2486898871648586 0.9685831611286301 0
    outer loop
      vertex -499.532600685302 26.716859898217443 -30
      vertex -499.532600685302 26.716859898217443 30
      vertex -498.92933636781936 26.871751848714005 -30
    endloop
  endfacet
  facet normal -0.36812455268466565 0.9297764858882562 0
    outer loop
      vertex -500.11169497444615 26.48758024941047 -30
      vertex -500.11169497444615 26.48758024941047 30
      vertex -499.532600685302 26.716859898217443 -30
    endloop
  endfacet
  facet normal -0.48175367410173836 0.8763066800438509 0
    outer loop
      vertex -500.6574865723778 26.18752877931979 -30
      vertex -500.6574865723778 26.18752877931979 30
      vertex -500.11169497444615 26.48758024941047 -30
    endloop
  endfacet
  facet normal -0.5877852522924726 0.8090169943749479 0
    outer loop
      vertex -501.1613680195576 25.821437478870806 -30
      vertex -501.1613680195576 25.821437478870806 30
      vertex -500.6574865723778 26.18752877931979 -30
    endloop
  endfacet
  facet normal 0 0 -1
    outer loop
      vertex -498.104337887289 17.050186637687144 -30
      vertex -498.90853424382425 17.125620231891336 -30
      vertex -498.42577929156505 21.09517294753398 -30
    endloop
  endfacet
  facet normal 0 0 -1
    outer loop
      vertex -495.5245504118417 26.287604458265623 -30
      vertex -496.467399314698 26.716859898217443 -30
      vertex -495.88830502555385 26.48758024941047 -30
    endloop
  endfacet
  facet normal 0 0 1
    outer loop
      vertex -495.5245504118417 26.287604458265623 30
      vertex -492.9318931651815 21.35974921365891 30
      vertex -492.891612 22 30
    endloop
  endfacet
  facet normal 0 0 -1
    outer loop
      vertex -497.6885841393424 17.050186637687144 -30
      vertex -498.104337887289 17.050186637687144 -30
      vertex -497.9372094804707 21.001973271571728 -30
    endloop
  endfacet
  facet normal 0 0 1
    outer loop
      vertex -495.5245504118417 26.287604458265623 30
      vertex -493.25034095680627 23.88052304743978 30
      vertex -494.276145411304 25.49693222136084 30
    endloop
  endfacet
  facet normal 0 0 1
    outer loop
      vertex -497.6885841393424 26.949813362312856 30
      vertex -497.3625760102513 22.770513242775788 30
      vertex -497.07066363218064 26.871751848714005 30
    endloop
  endfacet
  facet normal 0 0 1
    outer loop
      vertex -495.5245504118417 26.287604458265623 30
      vertex -493.05210140268844 23.270404435314298 30
      vertex -493.25034095680627 23.88052304743978 30
    endloop
  endfacet
  facet normal 0 0 1
    outer loop
      vertex -495.5245504118417 26.287604458265623 30
      vertex -492.9318931651815 22.64025078634109 30
      vertex -493.05210140268844 23.270404435314298 30
    endloop
  endfacet
  facet normal 0 0 1
    outer loop
      vertex -497.6885841393424 26.949813362312856 30
      vertex -497.8126186854143 22.98228725072869 30
      vertex -497.69098300562507 22.951056516295154 30
    endloop
  endfacet
  facet normal 0 0 1
    outer loop
      vertex -497.57422070843495 22.90482705246602 30
      vertex -497.464173205021 22.844327925502014 30
      vertex -497.6885841393424 26.949813362312856 30
    endloop
  endfacet
  facet normal 0 0 1
    outer loop
      vertex -497.69098300562507 22.951056516295154 30
      vertex -497.57422070843495 22.90482705246602 30
      vertex -497.6885841393424 26.949813362312856 30
    endloop
  endfacet
  facet normal 0 0 1
    outer loop
      vertex -497.464173205021 22.844327925502014 30
      vertex -497.3625760102513 22.770513242775788 30
      vertex -497.6885841393424 26.949813362312856 30
    endloop
  endfacet
  facet normal 0 0 1
    outer loop
      vertex -497.3625760102513 22.770513242775788 30
      vertex -497.2710313725786 22.68454710592869 30
      vertex -497.07066363218064 26.871751848714005 30
    endloop
  endfacet
  facet normal 0 0 1
    outer loop
      vertex -497.12369331995615 22.481753674101714 30
      vertex -497.0702235141118 22.368124552684677 30
      vertex -497.07066363218064 26.871751848714005 30
    endloop
  endfacet
  facet normal 0 0 1
    outer loop
      vertex -498.80901699437493 21.412214747707527 30
      vertex -498.87630668004385 21.518246325898286 30
      vertex -498.90853424382425 17.125620231891336 30
    endloop
  endfacet
  facet normal 0 0 -1
    outer loop
      vertex -492.9318931651815 22.64025078634109 -30
      vertex -495.5245504118417 17.712395541734374 -30
      vertex -493.05210140268844 23.270404435314298 -30
    endloop
  endfacet
  facet normal 0 0 1
    outer loop
      vertex -497.3625760102513 21.229486757224212 30
      vertex -497.07066363218064 17.128248151285995 30
      vertex -497.2710313725786 21.31545289407131 30
    endloop
  endfacet
  facet normal -0.9510565162951793 -0.30901699437486857 0
    outer loop
      vertex -502.6113194594114 20.17424946850507 -30
      vertex -502.6113194594114 20.17424946850507 30
      vertex -502.8037850459335 20.766597635617185 -30
    endloop
  endfacet
  facet normal -0.9822872507286845 -0.1873813145857465 0
    outer loop
      vertex -502.8037850459335 20.766597635617185 -30
      vertex -502.8037850459335 20.766597635617185 30
      vertex -502.92049207263926 21.378397294814476 -30
    endloop
  endfacet
  facet normal 0 0 -1
    outer loop
      vertex -502.8037850459335 20.766597635617185 -30
      vertex -502.6113194594114 23.82575053149493 -30
      vertex -502.6113194594114 20.17424946850507 -30
    endloop
  endfacet
  facet normal 0 0 -1
    outer loop
      vertex -502.6113194594114 20.17424946850507 -30
      vertex -502.34613061034554 24.389305522074867 -30
      vertex -502.34613061034554 19.610694477925133 -30
    endloop
  endfacet
  facet normal 0 0 -1
    outer loop
      vertex -493.05210140268844 23.270404435314298 -30
      vertex -495.5245504118417 17.712395541734374 -30
      vertex -493.25034095680627 23.88052304743978 -30
    endloop
  endfacet
  facet normal 0 0 1
    outer loop
      vertex -498.90853424382425 17.125620231891336 30
      vertex -498.7289686274214 21.31545289407131 30
      vertex -498.80901699437493 21.412214747707527 30
    endloop
  endfacet
  facet normal -0.998026728428267 -0.06279051952938443 0
    outer loop
      vertex -502.92049207263926 21.378397294814476 30
      vertex -502.9596 22 -30
      vertex -502.92049207263926 21.378397294814476 -30
    endloop
  endfacet
  facet normal 0 0 1
    outer loop
      vertex -495.5245504118417 26.287604458265623 30
      vertex -494.276145411304 18.50306777863916 30
      vertex -493.86722729413896 18.99736487061216 30
    endloop
  endfacet
  facet normal 0 0 1
    outer loop
      vertex -498.9297764858882 21.631875447315323 30
      vertex -498.90853424382425 17.125620231891336 30
      vertex -498.87630668004385 21.518246325898286 30
    endloop
  endfacet
  facet normal 0 0 1
    outer loop
      vertex -495.5245504118417 26.287604458265623 30
      vertex -494.74379093985567 18.063919396763072 30
      vertex -494.276145411304 18.50306777863916 30
    endloop
  endfacet
  facet normal 0 0 1
    outer loop
      vertex -495.5245504118417 26.287604458265623 30
      vertex -495.26278883045086 17.686845357300612 30
      vertex -494.74379093985567 18.063919396763072 30
    endloop
  endfacet
  facet normal 0 0 1
    outer loop
      vertex -495.5245504118417 26.287604458265623 30
      vertex -495.5245504118417 17.712395541734374 30
      vertex -495.26278883045086 17.686845357300612 30
    endloop
  endfacet
  facet normal 0 0 1
    outer loop
      vertex -496.467399314698 26.716859898217443 30
      vertex -496.467399314698 17.283140101782557 30
      vertex -495.5245504118417 17.712395541734374 30
    endloop
  endfacet
  facet normal 0 0 1
    outer loop
      vertex -497.0078852986855 22.125333233564305 30
      vertex -497 22 30
      vertex -496.467399314698 17.283140101782557 30
    endloop
  endfacet
  facet normal 0 0 1
    outer loop
      vertex -497.0078852986855 21.874666766435695 30
      vertex -496.467399314698 17.283140101782557 30
      vertex -497 22 30
    endloop
  endfacet
  facet normal 0 0 1
    outer loop
      vertex -497.0314168388714 21.751310112835146 30
      vertex -496.467399314698 17.283140101782557 30
      vertex -497.0078852986855 21.874666766435695 30
    endloop
  endfacet
  facet normal 0 0 1
    outer loop
      vertex -496.467399314698 17.283140101782557 30
      vertex -497.0314168388714 21.751310112835146 30
      vertex -497.0702235141118 21.631875447315323 30
    endloop
  endfacet
  facet normal 0 0 1
    outer loop
      vertex -498.6374239897487 21.229486757224212 30
      vertex -498.90853424382425 17.125620231891336 30
      vertex -498.535826794979 21.155672074497986 30
    endloop
  endfacet
  facet normal 0 0 1
    outer loop
      vertex -498.30901699437493 21.048943483704846 30
      vertex -498.90853424382425 17.125620231891336 30
      vertex -498.1873813145857 21.01771274927131 30
    endloop
  endfacet
  facet normal 0 0 1
    outer loop
      vertex -498.30901699437493 21.048943483704846 30
      vertex -498.42577929156505 21.09517294753398 30
      vertex -498.90853424382425 17.125620231891336 30
    endloop
  endfacet
  facet normal 0 0 1
    outer loop
      vertex -498.42577929156505 21.09517294753398 30
      vertex -498.535826794979 21.155672074497986 30
      vertex -498.90853424382425 17.125620231891336 30
    endloop
  endfacet
  facet normal 0 0 -1
    outer loop
      vertex -497.0078852986855 21.874666766435695 -30
      vertex -497 22 -30
      vertex -497.07066363218064 17.128248151285995 -30
    endloop
  endfacet
  facet normal 0 0 1
    outer loop
      vertex -498.6374239897487 21.229486757224212 30
      vertex -498.7289686274214 21.31545289407131 30
      vertex -498.90853424382425 17.125620231891336 30
    endloop
  endfacet
  facet normal 0 0 -1
    outer loop
      vertex -494.276145411304 18.50306777863916 -30
      vertex -495.5245504118417 17.712395541734374 -30
      vertex -493.25034095680627 20.11947695256022 -30
    endloop
  endfacet
  facet normal 0 0 -1
    outer loop
      vertex -497.8126186854143 21.01771274927131 -30
      vertex -497.69098300562507 21.048943483704846 -30
      vertex -497.6885841393424 17.050186637687144 -30
    endloop
  endfacet
  facet normal 0 0 -1
    outer loop
      vertex -497.69098300562507 21.048943483704846 -30
      vertex -497.57422070843495 21.09517294753398 -30
      vertex -497.6885841393424 17.050186637687144 -30
    endloop
  endfacet
  facet normal 0 0 -1
    outer loop
      vertex -497.57422070843495 21.09517294753398 -30
      vertex -497.464173205021 21.155672074497986 -30
      vertex -497.6885841393424 17.050186637687144 -30
    endloop
  endfacet
  facet normal 0 0 1
    outer loop
      vertex -497.464173205021 21.155672074497986 30
      vertex -497.07066363218064 17.128248151285995 30
      vertex -497.3625760102513 21.229486757224212 30
    endloop
  endfacet
  facet normal 0 0 -1
    outer loop
      vertex -492.9318931651815 21.35974921365891 -30
      vertex -495.5245504118417 17.712395541734374 -30
      vertex -492.891612 22 -30
    endloop
  endfacet
  facet normal 0 0 -1
    outer loop
      vertex -495.5245504118417 17.712395541734374 -30
      vertex -496.467399314698 17.283140101782557 -30
      vertex -495.5245504118417 26.287604458265623 -30
    endloop
  endfacet
  facet normal 0 0 -1
    outer loop
      vertex -496.467399314698 17.283140101782557 -30
      vertex -497.07066363218064 17.128248151285995 -30
      vertex -496.467399314698 26.716859898217443 -30
    endloop
  endfacet
  facet normal 0 0 1
    outer loop
      vertex -497.2710313725786 21.31545289407131 30
      vertex -497.07066363218064 17.128248151285995 30
      vertex -497.19098300562507 21.412214747707527 30
    endloop
  endfacet
  facet normal 0 0 -1
    outer loop
      vertex -497.3625760102513 21.229486757224212 -30
      vertex -497.6885841393424 17.050186637687144 -30
      vertex -497.464173205021 21.155672074497986 -30
    endloop
  endfacet
  facet normal 0 0 -1
    outer loop
      vertex -497.3625760102513 21.229486757224212 -30
      vertex -497.2710313725786 21.31545289407131 -30
      vertex -497.07066363218064 17.128248151285995 -30
    endloop
  endfacet
  facet normal 0 0 -1
    outer loop
      vertex -496.467399314698 26.716859898217443 -30
      vertex -497.07066363218064 17.128248151285995 -30
      vertex -497 22 -30
    endloop
  endfacet
  facet normal 0 0 1
    outer loop
      vertex -495.5245504118417 26.287604458265623 30
      vertex -493.5234854713441 19.539015312262887 30
      vertex -493.25034095680627 20.11947695256022 30
    endloop
  endfacet
  facet normal 0 0 1
    outer loop
      vertex -495.5245504118417 26.287604458265623 30
      vertex -493.86722729413896 18.99736487061216 30
      vertex -493.5234854713441 19.539015312262887 30
    endloop
  endfacet
  facet normal 0 0 -1
    outer loop
      vertex -500.11169497444615 17.51241975058953 -30
      vertex -499.532600685302 26.716859898217443 -30
      vertex -499.532600685302 17.283140101782557 -30
    endloop
  endfacet
  facet normal 0 0 1
    outer loop
      vertex -501.1613680195576 25.821437478870806 30
      vertex -501.1613680195576 18.178562521129194 30
      vertex -500.6574865723778 17.81247122068021 30
    endloop
  endfacet
  facet normal 0 0 1
    outer loop
      vertex -500.6574865723778 26.18752877931979 30
      vertex -500.6574865723778 17.81247122068021 30
      vertex -500.11169497444615 17.51241975058953 30
    endloop
  endfacet
  facet normal 0 0 1
    outer loop
      vertex -498.1873813145857 21.01771274927131 30
      vertex -498.104337887289 17.050186637687144 30
      vertex -498.0627905195293 21.001973271571728 30
    endloop
  endfacet
  facet normal -0.904827052466004 -0.4257792915651056 0
    outer loop
      vertex -502.6113194594114 20.17424946850507 30
      vertex -502.6113194594114 20.17424946850507 -30
      vertex -502.34613061034554 19.610694477925133 30
    endloop
  endfacet
  facet normal -0.8443279255020254 -0.5358267949789803 0
    outer loop
      vertex -502.34613061034554 19.610694477925133 30
      vertex -502.34613061034554 19.610694477925133 -30
      vertex -502.012400685302 19.08482026273025 30
    endloop
  endfacet
  facet normal 0 0 1
    outer loop
      vertex -498.9297764858882 21.631875447315323 30
      vertex -498.92933636781936 17.128248151285995 30
      vertex -498.90853424382425 17.125620231891336 30
    endloop
  endfacet
  facet normal 0 0 1
    outer loop
      vertex -498.104337887289 17.050186637687144 30
      vertex -497.6885841393424 17.050186637687144 30
      vertex -497.9372094804707 21.001973271571728 30
    endloop
  endfacet
  facet normal -0.9510565162951793 -0.30901699437486857 0
    outer loop
      vertex -502.8037850459335 20.766597635617185 30
      vertex -502.8037850459335 20.766597635617185 -30
      vertex -502.6113194594114 20.17424946850507 30
    endloop
  endfacet
  facet normal 0 0 -1
    outer loop
      vertex -498.9921147013145 21.874666766435695 -30
      vertex -499.532600685302 17.283140101782557 -30
      vertex -499 22 -30
    endloop
  endfacet
  facet normal 0 0 1
    outer loop
      vertex -502.012400685302 24.91517973726975 30
      vertex -502.012400685302 19.08482026273025 30
      vertex -501.61539280455924 18.604920173436078 30
    endloop
  endfacet
  facet normal 0 0 -1
    outer loop
      vertex -500.11169497444615 17.51241975058953 -30
      vertex -500.6574865723778 17.81247122068021 -30
      vertex -500.11169497444615 26.48758024941047 -30
    endloop
  endfacet
  facet normal 0 0 -1
    outer loop
      vertex -502.012400685302 19.08482026273025 -30
      vertex -501.61539280455924 25.395079826563922 -30
      vertex -501.61539280455924 18.604920173436078 -30
    endloop
  endfacet
  facet normal 0 0 -1
    outer loop
      vertex -502.34613061034554 19.610694477925133 -30
      vertex -502.012400685302 24.91517973726975 -30
      vertex -502.012400685302 19.08482026273025 -30
    endloop
  endfacet
  facet normal 0 0 1
    outer loop
      vertex -498.90853424382425 17.125620231891336 30
      vertex -498.104337887289 17.050186637687144 30
      vertex -498.1873813145857 21.01771274927131 30
    endloop
  endfacet
  facet normal -0.7705132427757834 -0.637423989748697 0
    outer loop
      vertex -502.012400685302 19.08482026273025 30
      vertex -502.012400685302 19.08482026273025 -30
      vertex -501.61539280455924 18.604920173436078 30
    endloop
  endfacet
  facet normal -0.6845471059286766 -0.7289686274214228 0
    outer loop
      vertex -501.61539280455924 18.604920173436078 30
      vertex -501.61539280455924 18.604920173436078 -30
      vertex -501.1613680195576 18.178562521129194 30
    endloop
  endfacet
  facet normal -0.904827052466004 -0.4257792915651056 0
    outer loop
      vertex -502.34613061034554 19.610694477925133 -30
      vertex -502.34613061034554 19.610694477925133 30
      vertex -502.6113194594114 20.17424946850507 -30
    endloop
  endfacet
  facet normal 0 0 1
    outer loop
      vertex -497.6885841393424 17.050186637687144 30
      vertex -497.07066363218064 17.128248151285995 30
      vertex -497.69098300562507 21.048943483704846 30
    endloop
  endfacet
  facet normal 0 0 1
    outer loop
      vertex -497.07066363218064 17.128248151285995 30
      vertex -496.467399314698 17.283140101782557 30
      vertex -497.12369331995615 21.518246325898286 30
    endloop
  endfacet
  facet normal 0 0 1
    outer loop
      vertex -498.0627905195293 21.001973271571728 30
      vertex -498.104337887289 17.050186637687144 30
      vertex -497.9372094804707 21.001973271571728 30
    endloop
  endfacet
  facet normal 0 0 1
    outer loop
      vertex -497.57422070843495 21.09517294753398 30
      vertex -497.07066363218064 17.128248151285995 30
      vertex -497.464173205021 21.155672074497986 30
    endloop
  endfacet
  facet normal 0 0 1
    outer loop
      vertex -499.532600685302 26.716859898217443 30
      vertex -498.92933636781936 17.128248151285995 30
      vertex -498.9921147013145 21.874666766435695 30
    endloop
  endfacet
  facet normal 0 0 1
    outer loop
      vertex -502.92049207263926 22.621602705185524 30
      vertex -502.92049207263926 21.378397294814476 30
      vertex -502.8037850459335 20.766597635617185 30
    endloop
  endfacet
  facet normal 0 0 1
    outer loop
      vertex -502.8037850459335 23.233402364382815 30
      vertex -502.8037850459335 20.766597635617185 30
      vertex -502.6113194594114 20.17424946850507 30
    endloop
  endfacet
  facet normal 0 0 1
    outer loop
      vertex -502.6113194594114 23.82575053149493 30
      vertex -502.6113194594114 20.17424946850507 30
      vertex -502.34613061034554 19.610694477925133 30
    endloop
  endfacet
  facet normal 0 0 1
    outer loop
      vertex -497.57422070843495 21.09517294753398 30
      vertex -497.69098300562507 21.048943483704846 30
      vertex -497.07066363218064 17.128248151285995 30
    endloop
  endfacet
  facet normal 0 0 1
    outer loop
      vertex -497.69098300562507 21.048943483704846 30
      vertex -497.8126186854143 21.01771274927131 30
      vertex -497.6885841393424 17.050186637687144 30
    endloop
  endfacet
  facet normal -0.7705132427757834 -0.637423989748697 0
    outer loop
      vertex -501.61539280455924 18.604920173436078 -30
      vertex -501.61539280455924 18.604920173436078 30
      vertex -502.012400685302 19.08482026273025 -30
    endloop
  endfacet
  facet normal -0.8443279255020254 -0.5358267949789803 0
    outer loop
      vertex -502.012400685302 19.08482026273025 -30
      vertex -502.012400685302 19.08482026273025 30
      vertex -502.34613061034554 19.610694477925133 -30
    endloop
  endfacet
  facet normal 0 0 -1
    outer loop
      vertex -493.86722729413896 18.99736487061216 -30
      vertex -494.276145411304 18.50306777863916 -30
      vertex -493.25034095680627 20.11947695256022 -30
    endloop
  endfacet
  facet normal -0.998026728428267 -0.06279051952938443 0
    outer loop
      vertex -502.9596 22 -30
      vertex -502.92049207263926 21.378397294814476 30
      vertex -502.9596 22 30
    endloop
  endfacet
  facet normal -0.9822872507286845 -0.1873813145857465 0
    outer loop
      vertex -502.92049207263926 21.378397294814476 30
      vertex -502.92049207263926 21.378397294814476 -30
      vertex -502.8037850459335 20.766597635617185 30
    endloop
  endfacet
  facet normal 0 0 1
    outer loop
      vertex -498.92933636781936 17.128248151285995 30
      vertex -498.9685831611286 21.751310112835146 30
      vertex -498.9921147013145 21.874666766435695 30
    endloop
  endfacet
  facet normal 0 0 1
    outer loop
      vertex -498.92933636781936 17.128248151285995 30
      vertex -498.9297764858882 21.631875447315323 30
      vertex -498.9685831611286 21.751310112835146 30
    endloop
  endfacet
  facet normal 0 0 1
    outer loop
      vertex -500.11169497444615 26.48758024941047 30
      vertex -500.11169497444615 17.51241975058953 30
      vertex -499.532600685302 17.283140101782557 30
    endloop
  endfacet
  facet normal 0 0 1
    outer loop
      vertex -499.532600685302 26.716859898217443 30
      vertex -499.532600685302 17.283140101782557 30
      vertex -498.92933636781936 17.128248151285995 30
    endloop
  endfacet
  facet normal 0 0 1
    outer loop
      vertex -501.61539280455924 25.395079826563922 30
      vertex -501.61539280455924 18.604920173436078 30
      vertex -501.1613680195576 18.178562521129194 30
    endloop
  endfacet
  facet normal 0 0 1
    outer loop
      vertex -502.34613061034554 24.389305522074867 30
      vertex -502.34613061034554 19.610694477925133 30
      vertex -502.012400685302 19.08482026273025 30
    endloop
  endfacet
  facet normal 0 0 -1
    outer loop
      vertex -502.92049207263926 21.378397294814476 -30
      vertex -502.8037850459335 23.233402364382815 -30
      vertex -502.8037850459335 20.766597635617185 -30
    endloop
  endfacet
  facet normal 0 0 -1
    outer loop
      vertex -498.9297764858882 21.631875447315323 -30
      vertex -499.532600685302 17.283140101782557 -30
      vertex -498.9685831611286 21.751310112835146 -30
    endloop
  endfacet
  facet normal 0 0 -1
    outer loop
      vertex -498.9685831611286 21.751310112835146 -30
      vertex -499.532600685302 17.283140101782557 -30
      vertex -498.9921147013145 21.874666766435695 -30
    endloop
  endfacet
  facet normal 0 0 -1
    outer loop
      vertex -497.07066363218064 17.128248151285995 -30
      vertex -497.6885841393424 17.050186637687144 -30
      vertex -497.3625760102513 21.229486757224212 -30
    endloop
  endfacet
  facet normal 0 0 -1
    outer loop
      vertex -498.80901699437493 21.412214747707527 -30
      vertex -498.90853424382425 17.125620231891336 -30
      vertex -498.87630668004385 21.518246325898286 -30
    endloop
  endfacet
  facet normal 0 0 -1
    outer loop
      vertex -498.7289686274214 21.31545289407131 -30
      vertex -498.90853424382425 17.125620231891336 -30
      vertex -498.80901699437493 21.412214747707527 -30
    endloop
  endfacet
  facet normal 0 0 -1
    outer loop
      vertex -498.30901699437493 21.048943483704846 -30
      vertex -498.104337887289 17.050186637687144 -30
      vertex -498.42577929156505 21.09517294753398 -30
    endloop
  endfacet
  facet normal 0 0 -1
    outer loop
      vertex -498.535826794979 21.155672074497986 -30
      vertex -498.90853424382425 17.125620231891336 -30
      vertex -498.6374239897487 21.229486757224212 -30
    endloop
  endfacet
  facet normal 0 0 -1
    outer loop
      vertex -498.90853424382425 17.125620231891336 -30
      vertex -498.7289686274214 21.31545289407131 -30
      vertex -498.6374239897487 21.229486757224212 -30
    endloop
  endfacet
  facet normal 0 0 -1
    outer loop
      vertex -497.07066363218064 17.128248151285995 -30
      vertex -497.0314168388714 21.751310112835146 -30
      vertex -497.0078852986855 21.874666766435695 -30
    endloop
  endfacet
  facet normal 0 0 -1
    outer loop
      vertex -497.07066363218064 17.128248151285995 -30
      vertex -497.0702235141118 21.631875447315323 -30
      vertex -497.0314168388714 21.751310112835146 -30
    endloop
  endfacet
  facet normal 0 0 -1
    outer loop
      vertex -498.42577929156505 21.09517294753398 -30
      vertex -498.90853424382425 17.125620231891336 -30
      vertex -498.535826794979 21.155672074497986 -30
    endloop
  endfacet
  facet normal 0 0 -1
    outer loop
      vertex -493.05210140268844 20.729595564685702 -30
      vertex -495.5245504118417 17.712395541734374 -30
      vertex -492.9318931651815 21.35974921365891 -30
    endloop
  endfacet
  facet normal 0 0 -1
    outer loop
      vertex -493.5234854713441 19.539015312262887 -30
      vertex -493.86722729413896 18.99736487061216 -30
      vertex -493.25034095680627 20.11947695256022 -30
    endloop
  endfacet
  facet normal 0 0 -1
    outer loop
      vertex -493.25034095680627 20.11947695256022 -30
      vertex -495.5245504118417 17.712395541734374 -30
      vertex -493.05210140268844 20.729595564685702 -30
    endloop
  endfacet
  facet normal 0 0 -1
    outer loop
      vertex -497.12369331995615 21.518246325898286 -30
      vertex -497.0702235141118 21.631875447315323 -30
      vertex -497.07066363218064 17.128248151285995 -30
    endloop
  endfacet
  facet normal 0 0 -1
    outer loop
      vertex -497.2710313725786 21.31545289407131 -30
      vertex -497.19098300562507 21.412214747707527 -30
      vertex -497.07066363218064 17.128248151285995 -30
    endloop
  endfacet
  facet normal 0 0 -1
    outer loop
      vertex -498.87630668004385 21.518246325898286 -30
      vertex -499.532600685302 17.283140101782557 -30
      vertex -498.9297764858882 21.631875447315323 -30
    endloop
  endfacet
  facet normal 0 0 -1
    outer loop
      vertex -497.6885841393424 17.050186637687144 -30
      vertex -497.9372094804707 21.001973271571728 -30
      vertex -497.8126186854143 21.01771274927131 -30
    endloop
  endfacet
  facet normal 0 0 -1
    outer loop
      vertex -492.891612 22 -30
      vertex -495.5245504118417 17.712395541734374 -30
      vertex -492.9318931651815 22.64025078634109 -30
    endloop
  endfacet
  facet normal 0 0 1
    outer loop
      vertex -497.12369331995615 21.518246325898286 30
      vertex -496.467399314698 17.283140101782557 30
      vertex -497.0702235141118 21.631875447315323 30
    endloop
  endfacet
  facet normal 0 0 1
    outer loop
      vertex -497.19098300562507 21.412214747707527 30
      vertex -497.07066363218064 17.128248151285995 30
      vertex -497.12369331995615 21.518246325898286 30
    endloop
  endfacet
  facet normal 0 0 1
    outer loop
      vertex -497.9372094804707 21.001973271571728 30
      vertex -497.6885841393424 17.050186637687144 30
      vertex -497.8126186854143 21.01771274927131 30
    endloop
  endfacet
  facet normal 0 0 -1
    outer loop
      vertex -501.1613680195576 18.178562521129194 -30
      vertex -500.6574865723778 26.18752877931979 -30
      vertex -500.6574865723778 17.81247122068021 -30
    endloop
  endfacet
  facet normal 0 0 -1
    outer loop
      vertex -501.61539280455924 18.604920173436078 -30
      vertex -501.1613680195576 25.821437478870806 -30
      vertex -501.1613680195576 18.178562521129194 -30
    endloop
  endfacet
  facet normal 0 0 1
    outer loop
      vertex -450 14.699199616909027 -9
      vertex -447.00000017881393 14.680000364780426 -9
      vertex -444.00000035762787 14.695600092411041 -9
    endloop
  endfacet
  facet normal 0 -1 0
    outer loop
      vertex -464.75 27.5 -9
      vertex -439.25 27.5 -9
      vertex -464.75 27.5 11.5
    endloop
  endfacet
  facet normal 0 0 1
    outer loop
      vertex -462.82608695652175 22.202898550724637 -9
      vertex -439.25 27.5 -9
      vertex -464.75 27.5 -9
    endloop
  endfacet
  facet normal 0 0 1
    outer loop
      vertex -464.75 22.202898550724637 -9
      vertex -462.82608695652175 22.202898550724637 -9
      vertex -464.75 27.5 -9
    endloop
  endfacet
  facet normal 1 0 0
    outer loop
      vertex -464.75 27.5 14.5
      vertex -464.75 21.477891856058275 23
      vertex -464.75 14.940881850598442 14.5
    endloop
  endfacet
  facet normal -1 0 0
    outer loop
      vertex -439.25 14.836699921768853 14.5
      vertex -439.25 14.836699921768853 28
      vertex -439.25 27.5 28
    endloop
  endfacet
  facet normal 1 0 0
    outer loop
      vertex -464.75 27.5 11.5
      vertex -464.75 14.940881850598442 11.5
      vertex -464.75 22 5
    endloop
  endfacet
  facet normal 1 0 0
    outer loop
      vertex -464.75 21.477891856058275 28
      vertex -464.75 14.940881850598442 28
      vertex -464.75 21.477891856058275 23
    endloop
  endfacet
  facet normal 0 0 -1
    outer loop
      vertex -447.00000017881393 14.680000364780426 28
      vertex -454.9081463288892 17.01400532560948 28
      vertex -444.00000035762787 14.695600092411041 28
    endloop
  endfacet
  facet normal 0 0 1
    outer loop
      vertex -440.99999964237213 14.760399580001831 -9
      vertex -450 14.699199616909027 -9
      vertex -444.00000035762787 14.695600092411041 -9
    endloop
  endfacet
  facet normal 1 0 0
    outer loop
      vertex -464.75 22 5
      vertex -464.75 22.202898550724637 -9
      vertex -464.75 27.5 -9
    endloop
  endfacet
  facet normal 0 -1 0
    outer loop
      vertex -441.9518660598665 27.5 23
      vertex -439.25 27.5 28
      vertex -441.9518660598665 27.5 28
    endloop
  endfacet
  facet normal -1 0 0
    outer loop
      vertex -439.25 14.836699921768853 -9
      vertex -439.25 14.836699921768853 11.5
      vertex -439.25 27.5 11.5
    endloop
  endfacet
  facet normal 0 0 -1
    outer loop
      vertex -464.75 21.477891856058275 28
      vertex -460.1816363437043 17.708273457062088 28
      vertex -464.75 14.940881850598442 28
    endloop
  endfacet
  facet normal 1 0 0
    outer loop
      vertex -464.75 14.940881850598442 28
      vertex -464.75 14.940881850598442 14.5
      vertex -464.75 21.477891856058275 23
    endloop
  endfacet
  facet normal 1 0 0
    outer loop
      vertex -464.75 14.940881850598442 11.5
      vertex -464.75 16 5
      vertex -464.75 22 5
    endloop
  endfacet
  facet normal 0 0 -1
    outer loop
      vertex -458.2810889132455 16.718911086754467 28
      vertex -461.879999935627 14.858799993991852 28
      vertex -458.69291333853585 16.848758829279276 28
    endloop
  endfacet
  facet normal 0 -1 0
    outer loop
      vertex -464.75 27.5 23
      vertex -464.75 27.5 14.5
      vertex -439.25 27.5 14.5
    endloop
  endfacet
  facet normal 0 0 -1
    outer loop
      vertex -461.879999935627 14.858799993991852 28
      vertex -458.2810889132455 16.718911086754467 28
      vertex -457.8595146277828 16.625450317759867 28
    endloop
  endfacet
  facet normal 1 0 0
    outer loop
      vertex -464.75 27.5 -9
      vertex -464.75 27.5 11.5
      vertex -464.75 22 5
    endloop
  endfacet
  facet normal 0 -1 0
    outer loop
      vertex -441.9518660598665 27.5 23
      vertex -439.25 27.5 14.5
      vertex -439.25 27.5 28
    endloop
  endfacet
  facet normal 0 0 -1
    outer loop
      vertex -458.69291333853585 16.848758829279276 28
      vertex -461.879999935627 14.858799993991852 28
      vertex -459.0918536711108 17.01400532560948 28
    endloop
  endfacet
  facet normal 1 0 0
    outer loop
      vertex -464.75 21.477891856058275 23
      vertex -464.75 27.5 14.5
      vertex -464.75 27.5 23
    endloop
  endfacet
  facet normal 0 -1 0
    outer loop
      vertex -464.75 27.5 11.5
      vertex -439.25 27.5 -9
      vertex -439.25 27.5 11.5
    endloop
  endfacet
  facet normal 0 0 -1
    outer loop
      vertex -444.00000035762787 14.695600092411041 28
      vertex -441.9518660598665 27.5 28
      vertex -440.99999964237213 14.760399580001831 28
    endloop
  endfacet
  facet normal 0 0 -1
    outer loop
      vertex -440.99999964237213 14.760399580001831 28
      vertex -441.9518660598665 27.5 28
      vertex -439.25 14.836699921768853 28
    endloop
  endfacet
  facet normal 0 0 -1
    outer loop
      vertex -444.00000035762787 14.695600092411041 28
      vertex -453.8183636562957 17.708273457062088 28
      vertex -441.9518660598665 27.5 28
    endloop
  endfacet
  facet normal 0 0 1
    outer loop
      vertex -461.879999935627 14.858799993991852 -9
      vertex -439.25 14.836699921768853 -9
      vertex -439.25 27.5 -9
    endloop
  endfacet
  facet normal 0 0 1
    outer loop
      vertex -461.5217391304348 22.057971014492754 -9
      vertex -461.5217391304348 16.057971014492754 -9
      vertex -439.25 27.5 -9
    endloop
  endfacet
  facet normal 0 0 1
    outer loop
      vertex -461.5217391304348 16.057971014492754 -9
      vertex -461.879999935627 14.858799993991852 -9
      vertex -439.25 27.5 -9
    endloop
  endfacet
  facet normal 0 0 -1
    outer loop
      vertex -444.00000035762787 14.695600092411041 28
      vertex -454.1609414862915 17.445404242623017 28
      vertex -453.8183636562957 17.708273457062088 28
    endloop
  endfacet
  facet normal 0 0 -1
    outer loop
      vertex -459.47487373415294 17.21339295012944 28
      vertex -461.879999935627 14.858799993991852 28
      vertex -459.8390585137085 17.445404242623017 28
    endloop
  endfacet
  facet normal 0 0 -1
    outer loop
      vertex -444.00000035762787 14.695600092411041 28
      vertex -454.52512626584706 17.21339295012944 28
      vertex -454.1609414862915 17.445404242623017 28
    endloop
  endfacet
  facet normal 0 0 -1
    outer loop
      vertex -447.00000017881393 14.680000364780426 28
      vertex -456.56860108298645 16.56908781518069 28
      vertex -456.1404853722172 16.625450317759867 28
    endloop
  endfacet
  facet normal 0 0 -1
    outer loop
      vertex -459.8390585137085 17.445404242623017 28
      vertex -461.879999935627 14.858799993991852 28
      vertex -460.1816363437043 17.708273457062088 28
    endloop
  endfacet
  facet normal -1 0 0
    outer loop
      vertex -439.25 27.5 -9
      vertex -439.25 14.836699921768853 -9
      vertex -439.25 27.5 11.5
    endloop
  endfacet
  facet normal -1 0 0
    outer loop
      vertex -439.25 27.5 28
      vertex -439.25 27.5 14.5
      vertex -439.25 14.836699921768853 14.5
    endloop
  endfacet
  facet normal 0 0 -1
    outer loop
      vertex -461.879999935627 14.858799993991852 28
      vertex -447.00000017881393 14.680000364780426 28
      vertex -450 14.699199616909027 28
    endloop
  endfacet
  facet normal 0 0 -1
    outer loop
      vertex -457.43139891701355 16.56908781518069 28
      vertex -457 16.550252531694166 28
      vertex -447.00000017881393 14.680000364780426 28
    endloop
  endfacet
  facet normal 0 0 -1
    outer loop
      vertex -439.25 27.5 28
      vertex -439.25 14.836699921768853 28
      vertex -441.9518660598665 27.5 28
    endloop
  endfacet
  facet normal 1 0 0
    outer loop
      vertex -464.75 16 -5
      vertex -464.75 16 5
      vertex -464.75 14.940881850598442 11.5
    endloop
  endfacet
  facet normal 0 0 1
    outer loop
      vertex -461.5217391304348 16.057971014492754 -9
      vertex -464.75 16.057971014492754 -9
      vertex -464.75 14.940881850598442 -9
    endloop
  endfacet
  facet normal 1 0 0
    outer loop
      vertex -464.75 16.057971014492754 -9
      vertex -464.75 16 -5
      vertex -464.75 14.940881850598442 11.5
    endloop
  endfacet
  facet normal 0 0 1
    outer loop
      vertex -464.75 14.940881850598442 -9
      vertex -461.879999935627 14.858799993991852 -9
      vertex -461.5217391304348 16.057971014492754 -9
    endloop
  endfacet
  facet normal 0 0 -1
    outer loop
      vertex -464.75 14.940881850598442 28
      vertex -460.1816363437043 17.708273457062088 28
      vertex -461.879999935627 14.858799993991852 28
    endloop
  endfacet
  facet normal 0 0 -1
    outer loop
      vertex -454.9081463288892 17.01400532560948 28
      vertex -454.52512626584706 17.21339295012944 28
      vertex -444.00000035762787 14.695600092411041 28
    endloop
  endfacet
  facet normal 0 0 -1
    outer loop
      vertex -447.00000017881393 14.680000364780426 28
      vertex -455.30708666146415 16.848758829279276 28
      vertex -454.9081463288892 17.01400532560948 28
    endloop
  endfacet
  facet normal 0 0 1
    outer loop
      vertex -439.25 27.5 -9
      vertex -462.82608695652175 22.202898550724637 -9
      vertex -461.5217391304348 22.057971014492754 -9
    endloop
  endfacet
  facet normal 0 0 -1
    outer loop
      vertex -447.00000017881393 14.680000364780426 28
      vertex -455.7189110867545 16.718911086754467 28
      vertex -455.30708666146415 16.848758829279276 28
    endloop
  endfacet
  facet normal 0 0 -1
    outer loop
      vertex -447.00000017881393 14.680000364780426 28
      vertex -457.8595146277828 16.625450317759867 28
      vertex -457.43139891701355 16.56908781518069 28
    endloop
  endfacet
  facet normal 0 0 -1
    outer loop
      vertex -447.00000017881393 14.680000364780426 28
      vertex -456.1404853722172 16.625450317759867 28
      vertex -455.7189110867545 16.718911086754467 28
    endloop
  endfacet
  facet normal 1 0 0
    outer loop
      vertex -464.75 14.940881850598442 11.5
      vertex -464.75 14.940881850598442 -9
      vertex -464.75 16.057971014492754 -9
    endloop
  endfacet
  facet normal 0 0 -1
    outer loop
      vertex -447.00000017881393 14.680000364780426 28
      vertex -457 16.550252531694166 28
      vertex -456.56860108298645 16.56908781518069 28
    endloop
  endfacet
  facet normal 0 0 1
    outer loop
      vertex -461.879999935627 14.858799993991852 -9
      vertex -450 14.699199616909027 -9
      vertex -440.99999964237213 14.760399580001831 -9
    endloop
  endfacet
  facet normal 0 0 1
    outer loop
      vertex -439.25 14.836699921768853 -9
      vertex -461.879999935627 14.858799993991852 -9
      vertex -440.99999964237213 14.760399580001831 -9
    endloop
  endfacet
  facet normal 0 0 -1
    outer loop
      vertex -457.8595146277828 16.625450317759867 28
      vertex -447.00000017881393 14.680000364780426 28
      vertex -461.879999935627 14.858799993991852 28
    endloop
  endfacet
  facet normal 0 0 -1
    outer loop
      vertex -459.0918536711108 17.01400532560948 28
      vertex -461.879999935627 14.858799993991852 28
      vertex -459.47487373415294 17.21339295012944 28
    endloop
  endfacet
  facet normal 0 -1 0
    outer loop
      vertex -464.75 27.5 23
      vertex -439.25 27.5 14.5
      vertex -441.9518660598665 27.5 23
    endloop
  endfacet
  facet normal 0 0 -1
    outer loop
      vertex -467.8799995779991 15.030399680137634 14.5
      vertex -468.75 27.5 14.5
      vertex -464.75 27.5 14.5
    endloop
  endfacet
  facet normal 0 0 -1
    outer loop
      vertex -464.75 14.940881850598442 14.5
      vertex -467.8799995779991 15.030399680137634 14.5
      vertex -464.75 27.5 14.5
    endloop
  endfacet
  facet normal 0 -1 0
    outer loop
      vertex -468.75 27.5 14.5
      vertex -468.75 27.5 11.5
      vertex -464.75 27.5 11.5
    endloop
  endfacet
  facet normal 0 -1 0
    outer loop
      vertex -435.25 27.5 11.5
      vertex -435.25 27.5 14.5
      vertex -439.25 27.5 14.5
    endloop
  endfacet
  facet normal 0 0 1
    outer loop
      vertex -467.8799995779991 15.030399680137634 11.5
      vertex -464.75 27.5 11.5
      vertex -468.75 27.5 11.5
    endloop
  endfacet
  facet normal 1 0 0
    outer loop
      vertex -468.75 15.06867969507575 14.5
      vertex -468.75 27.5 11.5
      vertex -468.75 27.5 14.5
    endloop
  endfacet
  facet normal 0 0 1
    outer loop
      vertex -439.25 27.5 11.5
      vertex -439.25 14.836699921768853 11.5
      vertex -437.99999982118607 14.891200184822083 11.5
    endloop
  endfacet
  facet normal 0 0 -1
    outer loop
      vertex -439.25 14.836699921768853 14.5
      vertex -439.25 27.5 14.5
      vertex -437.99999982118607 14.891200184822083 14.5
    endloop
  endfacet
  facet normal 0 0 1
    outer loop
      vertex -435.25 15.093599675989154 11.5
      vertex -435.25 27.5 11.5
      vertex -437.99999982118607 14.891200184822083 11.5
    endloop
  endfacet
  facet normal 0 0 1
    outer loop
      vertex -468.75 15.06867969507575 11.5
      vertex -467.8799995779991 15.030399680137634 11.5
      vertex -468.75 27.5 11.5
    endloop
  endfacet
  facet normal 1 0 0
    outer loop
      vertex -468.75 15.06867969507575 14.5
      vertex -468.75 15.06867969507575 11.5
      vertex -468.75 27.5 11.5
    endloop
  endfacet
  facet normal -1 0 0
    outer loop
      vertex -435.25 27.5 14.5
      vertex -435.25 27.5 11.5
      vertex -435.25 15.093599675989154 11.5
    endloop
  endfacet
  facet normal 0 0 1
    outer loop
      vertex -464.75 27.5 11.5
      vertex -467.8799995779991 15.030399680137634 11.5
      vertex -464.75 14.940881850598442 11.5
    endloop
  endfacet
  facet normal 0 0 1
    outer loop
      vertex -435.25 27.5 11.5
      vertex -439.25 27.5 11.5
      vertex -437.99999982118607 14.891200184822083 11.5
    endloop
  endfacet
  facet normal 0 0 -1
    outer loop
      vertex -435.25 27.5 14.5
      vertex -437.99999982118607 14.891200184822083 14.5
      vertex -439.25 27.5 14.5
    endloop
  endfacet
  facet normal 0 -1 0
    outer loop
      vertex -439.25 27.5 11.5
      vertex -468.75 27.5 14.5
      vertex -464.75 27.5 11.5
    endloop
  endfacet
  facet normal 0 -1 0
    outer loop
      vertex -439.25 27.5 11.5
      vertex -435.25 27.5 11.5
      vertex -468.75 27.5 14.5
    endloop
  endfacet
  facet normal 0 0 -1
    outer loop
      vertex -437.99999982118607 14.891200184822083 14.5
      vertex -435.25 27.5 14.5
      vertex -435.25 15.093599675989154 14.5
    endloop
  endfacet
  facet normal -1 0 0
    outer loop
      vertex -435.25 15.093599675989154 14.5
      vertex -435.25 27.5 14.5
      vertex -435.25 15.093599675989154 11.5
    endloop
  endfacet
  facet normal 0 -1 0
    outer loop
      vertex -464.75 27.5 14.5
      vertex -468.75 27.5 14.5
      vertex -435.25 27.5 11.5
    endloop
  endfacet
  facet normal 0 0 -1
    outer loop
      vertex -467.8799995779991 15.030399680137634 14.5
      vertex -468.75 15.06867969507575 14.5
      vertex -468.75 27.5 14.5
    endloop
  endfacet
  facet normal 0 -1 0
    outer loop
      vertex -464.75 27.5 14.5
      vertex -435.25 27.5 11.5
      vertex -439.25 27.5 14.5
    endloop
  endfacet
  facet normal 0.6364551217856409 0.7713137350992947 0
    outer loop
      vertex -464.75 21.477891856058275 23
      vertex -473.5279610129757 28.721090040288523 23
      vertex -464.75 21.477891856058275 28
    endloop
  endfacet
  facet normal 0.6364551217856427 0.7713137350992932 1.3196333610234253e-14
    outer loop
      vertex -473.5279610129757 28.721090040288523 30
      vertex -460.1816363437043 17.708273457062088 28
      vertex -464.75 21.477891856058275 28
    endloop
  endfacet
  facet normal 0.6364551217856409 0.7713137350992948 0
    outer loop
      vertex -473.5279610129757 28.721090040288523 30
      vertex -464.75 21.477891856058275 28
      vertex -473.5279610129757 28.721090040288523 23
    endloop
  endfacet
  facet normal 0 0 1
    outer loop
      vertex -461.879999935627 29.141200006008148 23
      vertex -467.8799995779991 28.969600319862366 23
      vertex -464.75 27.5 23
    endloop
  endfacet
  facet normal 0 0 1
    outer loop
      vertex -467.8799995779991 28.969600319862366 23
      vertex -473.5279610129757 28.721090040288523 23
      vertex -464.75 27.5 23
    endloop
  endfacet
  facet normal 0 0 1
    outer loop
      vertex -473.5279610129757 28.721090040288523 23
      vertex -464.75 21.477891856058275 23
      vertex -464.75 27.5 23
    endloop
  endfacet
  facet normal -0.3007057995042484 0.9537169507482347 0
    outer loop
      vertex -455.7189110867545 16.718911086754467 30
      vertex -455.30708666146415 16.848758829279276 28
      vertex -455.7189110867545 16.718911086754467 28
    endloop
  endfacet
  facet normal 0.3826834323651314 0.9238795325112695 0
    outer loop
      vertex -459.0918536711108 17.01400532560948 30
      vertex -458.69291333853585 16.848758829279276 28
      vertex -459.0918536711108 17.01400532560948 28
    endloop
  endfacet
  facet normal -0.04361938736533953 0.9990482215818577 0
    outer loop
      vertex -456.56860108298645 16.56908781518069 28
      vertex -457 16.550252531694166 30
      vertex -456.56860108298645 16.56908781518069 30
    endloop
  endfacet
  facet normal -0.1305261922200558 0.9914448613738098 0
    outer loop
      vertex -456.56860108298645 16.56908781518069 30
      vertex -456.1404853722172 16.625450317759867 28
      vertex -456.56860108298645 16.56908781518069 28
    endloop
  endfacet
  facet normal -0.04361938736533953 0.9990482215818577 0
    outer loop
      vertex -457 16.550252531694166 30
      vertex -456.56860108298645 16.56908781518069 28
      vertex -457 16.550252531694166 28
    endloop
  endfacet
  facet normal 0.04361938736533953 0.9990482215818577 0
    outer loop
      vertex -457 16.550252531694166 28
      vertex -457.43139891701355 16.56908781518069 30
      vertex -457 16.550252531694166 30
    endloop
  endfacet
  facet normal 0.1305261922200558 0.9914448613738098 0
    outer loop
      vertex -457.43139891701355 16.56908781518069 28
      vertex -457.8595146277828 16.625450317759867 30
      vertex -457.43139891701355 16.56908781518069 30
    endloop
  endfacet
  facet normal 0.04361938736533953 0.9990482215818577 0
    outer loop
      vertex -457.43139891701355 16.56908781518069 30
      vertex -457 16.550252531694166 28
      vertex -457.43139891701355 16.56908781518069 28
    endloop
  endfacet
  facet normal 0.3826834323651314 0.9238795325112695 0
    outer loop
      vertex -458.69291333853585 16.848758829279276 30
      vertex -458.69291333853585 16.848758829279276 28
      vertex -459.0918536711108 17.01400532560948 30
    endloop
  endfacet
  facet normal 0 0 1
    outer loop
      vertex -439.9016943137146 29.191714083388685 23
      vertex -461.879999935627 29.141200006008148 23
      vertex -464.75 27.5 23
    endloop
  endfacet
  facet normal -0.6364551217856415 0.7713137350992944 1.3783325254877535e-15
    outer loop
      vertex -441.9518660598665 27.5 28
      vertex -453.8183636562957 17.708273457062088 30
      vertex -439.9016943137146 29.191714083388685 30
    endloop
  endfacet
  facet normal 0.3007057995042484 0.9537169507482347 0
    outer loop
      vertex -458.2810889132455 16.718911086754467 30
      vertex -458.2810889132455 16.718911086754467 28
      vertex -458.69291333853585 16.848758829279276 30
    endloop
  endfacet
  facet normal 0.6087614290087218 0.7933533402912343 0
    outer loop
      vertex -459.8390585137085 17.445404242623017 30
      vertex -459.8390585137085 17.445404242623017 28
      vertex -460.1816363437043 17.708273457062088 30
    endloop
  endfacet
  facet normal 0.46174861323498767 0.8870108331782458 0
    outer loop
      vertex -459.0918536711108 17.01400532560948 30
      vertex -459.0918536711108 17.01400532560948 28
      vertex -459.47487373415294 17.21339295012944 30
    endloop
  endfacet
  facet normal 0.6364551217856415 0.7713137350992942 0
    outer loop
      vertex -460.1816363437043 17.708273457062088 30
      vertex -460.1816363437043 17.708273457062088 28
      vertex -473.5279610129757 28.721090040288523 30
    endloop
  endfacet
  facet normal 0.46174861323498767 0.8870108331782458 0
    outer loop
      vertex -459.47487373415294 17.21339295012944 30
      vertex -459.0918536711108 17.01400532560948 28
      vertex -459.47487373415294 17.21339295012944 28
    endloop
  endfacet
  facet normal 0.5372996083468226 0.8433914458128865 0
    outer loop
      vertex -459.47487373415294 17.21339295012944 28
      vertex -459.8390585137085 17.445404242623017 30
      vertex -459.47487373415294 17.21339295012944 30
    endloop
  endfacet
  facet normal 0.5372996083468226 0.8433914458128865 0
    outer loop
      vertex -459.8390585137085 17.445404242623017 30
      vertex -459.47487373415294 17.21339295012944 28
      vertex -459.8390585137085 17.445404242623017 28
    endloop
  endfacet
  facet normal 0.1305261922200558 0.9914448613738098 0
    outer loop
      vertex -457.8595146277828 16.625450317759867 30
      vertex -457.43139891701355 16.56908781518069 28
      vertex -457.8595146277828 16.625450317759867 28
    endloop
  endfacet
  facet normal -0.6364551217856406 0.771313735099295 0
    outer loop
      vertex -441.9518660598665 27.5 23
      vertex -439.9016943137146 29.191714083388685 30
      vertex -439.9016943137146 29.191714083388685 23
    endloop
  endfacet
  facet normal 0.21643961393810857 0.976296007119932 0
    outer loop
      vertex -458.2810889132455 16.718911086754467 30
      vertex -457.8595146277828 16.625450317759867 28
      vertex -458.2810889132455 16.718911086754467 28
    endloop
  endfacet
  facet normal 0.21643961393810857 0.976296007119932 0
    outer loop
      vertex -457.8595146277828 16.625450317759867 30
      vertex -457.8595146277828 16.625450317759867 28
      vertex -458.2810889132455 16.718911086754467 30
    endloop
  endfacet
  facet normal 0.3007057995042484 0.9537169507482347 0
    outer loop
      vertex -458.69291333853585 16.848758829279276 30
      vertex -458.2810889132455 16.718911086754467 28
      vertex -458.69291333853585 16.848758829279276 28
    endloop
  endfacet
  facet normal -0.46174861323498767 0.8870108331782458 0
    outer loop
      vertex -454.52512626584706 17.21339295012944 28
      vertex -454.9081463288892 17.01400532560948 30
      vertex -454.52512626584706 17.21339295012944 30
    endloop
  endfacet
  facet normal 0 0 1
    outer loop
      vertex -444.00000035762787 29.30439990758896 23
      vertex -450 29.300800383090973 23
      vertex -440.99999964237213 29.23960041999817 23
    endloop
  endfacet
  facet normal -0.6364551217856406 0.771313735099295 0
    outer loop
      vertex -439.9016943137146 29.191714083388685 30
      vertex -441.9518660598665 27.5 23
      vertex -441.9518660598665 27.5 28
    endloop
  endfacet
  facet normal 0 0 1
    outer loop
      vertex -450 29.300800383090973 23
      vertex -444.00000035762787 29.30439990758896 23
      vertex -447.00000017881393 29.319999635219574 23
    endloop
  endfacet
  facet normal 0 0 1
    outer loop
      vertex -461.879999935627 29.141200006008148 23
      vertex -439.9016943137146 29.191714083388685 23
      vertex -440.99999964237213 29.23960041999817 23
    endloop
  endfacet
  facet normal 0 0 1
    outer loop
      vertex -450 29.300800383090973 23
      vertex -461.879999935627 29.141200006008148 23
      vertex -440.99999964237213 29.23960041999817 23
    endloop
  endfacet
  facet normal 0 0 1
    outer loop
      vertex -464.75 27.5 23
      vertex -441.9518660598665 27.5 23
      vertex -439.9016943137146 29.191714083388685 23
    endloop
  endfacet
  facet normal -0.6087614290087218 0.7933533402912343 0
    outer loop
      vertex -453.8183636562957 17.708273457062088 28
      vertex -454.1609414862915 17.445404242623017 30
      vertex -453.8183636562957 17.708273457062088 30
    endloop
  endfacet
  facet normal -0.6087614290087218 0.7933533402912343 0
    outer loop
      vertex -454.1609414862915 17.445404242623017 30
      vertex -453.8183636562957 17.708273457062088 28
      vertex -454.1609414862915 17.445404242623017 28
    endloop
  endfacet
  facet normal -0.5372996083468226 0.8433914458128865 0
    outer loop
      vertex -454.1609414862915 17.445404242623017 28
      vertex -454.52512626584706 17.21339295012944 30
      vertex -454.1609414862915 17.445404242623017 30
    endloop
  endfacet
  facet normal -0.5372996083468226 0.8433914458128865 0
    outer loop
      vertex -454.52512626584706 17.21339295012944 30
      vertex -454.1609414862915 17.445404242623017 28
      vertex -454.52512626584706 17.21339295012944 28
    endloop
  endfacet
  facet normal -0.6364551217856416 0.7713137350992942 0
    outer loop
      vertex -453.8183636562957 17.708273457062088 30
      vertex -441.9518660598665 27.5 28
      vertex -453.8183636562957 17.708273457062088 28
    endloop
  endfacet
  facet normal -0.46174861323498767 0.8870108331782458 0
    outer loop
      vertex -454.9081463288892 17.01400532560948 30
      vertex -454.52512626584706 17.21339295012944 28
      vertex -454.9081463288892 17.01400532560948 28
    endloop
  endfacet
  facet normal -0.3826834323651314 0.9238795325112695 0
    outer loop
      vertex -454.9081463288892 17.01400532560948 28
      vertex -455.30708666146415 16.848758829279276 30
      vertex -454.9081463288892 17.01400532560948 30
    endloop
  endfacet
  facet normal -0.3826834323651314 0.9238795325112695 0
    outer loop
      vertex -455.30708666146415 16.848758829279276 30
      vertex -454.9081463288892 17.01400532560948 28
      vertex -455.30708666146415 16.848758829279276 28
    endloop
  endfacet
  facet normal -0.3007057995042484 0.9537169507482347 0
    outer loop
      vertex -455.30708666146415 16.848758829279276 28
      vertex -455.7189110867545 16.718911086754467 30
      vertex -455.30708666146415 16.848758829279276 30
    endloop
  endfacet
  facet normal -0.21643961393810857 0.976296007119932 0
    outer loop
      vertex -455.7189110867545 16.718911086754467 28
      vertex -456.1404853722172 16.625450317759867 30
      vertex -455.7189110867545 16.718911086754467 30
    endloop
  endfacet
  facet normal -0.21643961393810857 0.976296007119932 0
    outer loop
      vertex -456.1404853722172 16.625450317759867 30
      vertex -455.7189110867545 16.718911086754467 28
      vertex -456.1404853722172 16.625450317759867 28
    endloop
  endfacet
  facet normal -0.1305261922200558 0.9914448613738098 0
    outer loop
      vertex -456.1404853722172 16.625450317759867 28
      vertex -456.56860108298645 16.56908781518069 30
      vertex -456.1404853722172 16.625450317759867 30
    endloop
  endfacet
  facet normal 0.6087614290087218 0.7933533402912343 0
    outer loop
      vertex -460.1816363437043 17.708273457062088 30
      vertex -459.8390585137085 17.445404242623017 28
      vertex -460.1816363437043 17.708273457062088 28
    endloop
  endfacet
  facet normal -0.6845471059287179 0.7289686274213841 0
    outer loop
      vertex -497.2710313725786 21.31545289407131 -30
      vertex -497.3625760102513 21.229486757224212 -30
      vertex -497.3625760102513 21.229486757224212 30
    endloop
  endfacet
  facet normal -0.951056516295152 0.3090169943749525 0
    outer loop
      vertex -497.0314168388714 21.751310112835146 30
      vertex -497.0314168388714 21.751310112835146 -30
      vertex -497.0702235141118 21.631875447315323 30
    endloop
  endfacet
  facet normal 0.12533323356430995 -0.9921147013144771 0
    outer loop
      vertex -498.0627905195293 22.998026728428272 30
      vertex -498.1873813145857 22.98228725072869 -30
      vertex -498.0627905195293 22.998026728428272 -30
    endloop
  endfacet
  facet normal 0.24868988716485743 -0.9685831611286305 0
    outer loop
      vertex -498.1873813145857 22.98228725072869 30
      vertex -498.30901699437493 22.951056516295154 -30
      vertex -498.1873813145857 22.98228725072869 -30
    endloop
  endfacet
  facet normal -0.9980267284282857 -0.06279051952908979 0
    outer loop
      vertex -497.0078852986855 22.125333233564305 -30
      vertex -497 22 30
      vertex -497.0078852986855 22.125333233564305 30
    endloop
  endfacet
  facet normal -0.9822872507286106 -0.18738131458613444 0
    outer loop
      vertex -497.0314168388714 22.248689887164854 -30
      vertex -497.0078852986855 22.125333233564305 30
      vertex -497.0314168388714 22.248689887164854 30
    endloop
  endfacet
  facet normal -0.951056516295152 -0.3090169943749525 0
    outer loop
      vertex -497.0702235141118 22.368124552684677 -30
      vertex -497.0314168388714 22.248689887164854 30
      vertex -497.0702235141118 22.368124552684677 30
    endloop
  endfacet
  facet normal -0.9048270524660675 -0.42577929156497035 0
    outer loop
      vertex -497.0702235141118 22.368124552684677 30
      vertex -497.12369331995615 22.481753674101714 30
      vertex -497.12369331995615 22.481753674101714 -30
    endloop
  endfacet
  facet normal -0.8443279255019864 -0.5358267949790421 0
    outer loop
      vertex -497.12369331995615 22.481753674101714 30
      vertex -497.19098300562507 22.587785252292473 30
      vertex -497.19098300562507 22.587785252292473 -30
    endloop
  endfacet
  facet normal -0.7705132427758564 -0.6374239897486086 0
    outer loop
      vertex -497.19098300562507 22.587785252292473 30
      vertex -497.2710313725786 22.68454710592869 30
      vertex -497.2710313725786 22.68454710592869 -30
    endloop
  endfacet
  facet normal -0.6845471059287179 -0.7289686274213841 0
    outer loop
      vertex -497.3625760102513 22.770513242775788 -30
      vertex -497.2710313725786 22.68454710592869 30
      vertex -497.3625760102513 22.770513242775788 30
    endloop
  endfacet
  facet normal -0.4817536741015692 -0.8763066800439439 0
    outer loop
      vertex -497.464173205021 22.844327925502014 30
      vertex -497.57422070843495 22.90482705246602 30
      vertex -497.57422070843495 22.90482705246602 -30
    endloop
  endfacet
  facet normal -0.5877852522925203 -0.8090169943749131 0
    outer loop
      vertex -497.3625760102513 22.770513242775788 30
      vertex -497.464173205021 22.844327925502014 30
      vertex -497.464173205021 22.844327925502014 -30
    endloop
  endfacet
  facet normal -0.9980267284282857 0.06279051952908979 0
    outer loop
      vertex -497 22 -30
      vertex -497.0078852986855 21.874666766435695 30
      vertex -497 22 30
    endloop
  endfacet
  facet normal -0.9822872507286106 0.18738131458613444 0
    outer loop
      vertex -497.0078852986855 21.874666766435695 30
      vertex -497.0078852986855 21.874666766435695 -30
      vertex -497.0314168388714 21.751310112835146 30
    endloop
  endfacet
  facet normal 0 -1 0
    outer loop
      vertex -497.9372094804707 22.998026728428272 30
      vertex -498.0627905195293 22.998026728428272 -30
      vertex -497.9372094804707 22.998026728428272 -30
    endloop
  endfacet
  facet normal -0.3681245526846988 -0.9297764858882431 0
    outer loop
      vertex -497.57422070843495 22.90482705246602 30
      vertex -497.69098300562507 22.951056516295154 30
      vertex -497.69098300562507 22.951056516295154 -30
    endloop
  endfacet
  facet normal 0.3681245526846988 -0.9297764858882431 0
    outer loop
      vertex -498.30901699437493 22.951056516295154 30
      vertex -498.42577929156505 22.90482705246602 -30
      vertex -498.30901699437493 22.951056516295154 -30
    endloop
  endfacet
  facet normal -0.24868988716485743 -0.9685831611286305 0
    outer loop
      vertex -497.8126186854143 22.98228725072869 -30
      vertex -497.69098300562507 22.951056516295154 30
      vertex -497.8126186854143 22.98228725072869 30
    endloop
  endfacet
  facet normal -0.9048270524660675 0.42577929156497035 0
    outer loop
      vertex -497.0702235141118 21.631875447315323 30
      vertex -497.0702235141118 21.631875447315323 -30
      vertex -497.12369331995615 21.518246325898286 30
    endloop
  endfacet
  facet normal -0.8443279255019864 0.5358267949790421 0
    outer loop
      vertex -497.12369331995615 21.518246325898286 30
      vertex -497.12369331995615 21.518246325898286 -30
      vertex -497.19098300562507 21.412214747707527 30
    endloop
  endfacet
  facet normal -0.7705132427758564 0.6374239897486086 0
    outer loop
      vertex -497.19098300562507 21.412214747707527 30
      vertex -497.19098300562507 21.412214747707527 -30
      vertex -497.2710313725786 21.31545289407131 30
    endloop
  endfacet
  facet normal -0.6845471059287179 0.7289686274213841 0
    outer loop
      vertex -497.2710313725786 21.31545289407131 30
      vertex -497.2710313725786 21.31545289407131 -30
      vertex -497.3625760102513 21.229486757224212 30
    endloop
  endfacet
  facet normal -0.5877852522925203 0.8090169943749131 0
    outer loop
      vertex -497.3625760102513 21.229486757224212 30
      vertex -497.3625760102513 21.229486757224212 -30
      vertex -497.464173205021 21.155672074497986 30
    endloop
  endfacet
  facet normal -0.4817536741015692 0.8763066800439439 0
    outer loop
      vertex -497.464173205021 21.155672074497986 30
      vertex -497.464173205021 21.155672074497986 -30
      vertex -497.57422070843495 21.09517294753398 30
    endloop
  endfacet
  facet normal -0.3681245526846988 0.9297764858882431 0
    outer loop
      vertex -497.57422070843495 21.09517294753398 30
      vertex -497.57422070843495 21.09517294753398 -30
      vertex -497.69098300562507 21.048943483704846 30
    endloop
  endfacet
  facet normal -0.24868988716485743 0.9685831611286305 0
    outer loop
      vertex -497.69098300562507 21.048943483704846 30
      vertex -497.69098300562507 21.048943483704846 -30
      vertex -497.8126186854143 21.01771274927131 30
    endloop
  endfacet
  facet normal 0.9980267284282857 0.06279051952908979 0
    outer loop
      vertex -499 22 30
      vertex -498.9921147013145 21.874666766435695 30
      vertex -498.9921147013145 21.874666766435695 -30
    endloop
  endfacet
  facet normal 0.9822872507286106 0.18738131458613444 0
    outer loop
      vertex -498.9685831611286 21.751310112835146 30
      vertex -498.9685831611286 21.751310112835146 -30
      vertex -498.9921147013145 21.874666766435695 30
    endloop
  endfacet
  facet normal 0.9048270524660675 -0.42577929156497035 0
    outer loop
      vertex -498.9297764858882 22.368124552684677 -30
      vertex -498.87630668004385 22.481753674101714 30
      vertex -498.9297764858882 22.368124552684677 30
    endloop
  endfacet
  facet normal -0.951056516295152 -0.3090169943749525 0
    outer loop
      vertex -497.0314168388714 22.248689887164854 30
      vertex -497.0702235141118 22.368124552684677 -30
      vertex -497.0314168388714 22.248689887164854 -30
    endloop
  endfacet
  facet normal -0.9048270524660675 -0.42577929156497035 0
    outer loop
      vertex -497.0702235141118 22.368124552684677 30
      vertex -497.12369331995615 22.481753674101714 -30
      vertex -497.0702235141118 22.368124552684677 -30
    endloop
  endfacet
  facet normal -0.8443279255019864 -0.5358267949790421 0
    outer loop
      vertex -497.12369331995615 22.481753674101714 30
      vertex -497.19098300562507 22.587785252292473 -30
      vertex -497.12369331995615 22.481753674101714 -30
    endloop
  endfacet
  facet normal -0.7705132427758564 -0.6374239897486086 0
    outer loop
      vertex -497.19098300562507 22.587785252292473 30
      vertex -497.2710313725786 22.68454710592869 -30
      vertex -497.19098300562507 22.587785252292473 -30
    endloop
  endfacet
  facet normal -0.6845471059287179 -0.7289686274213841 0
    outer loop
      vertex -497.2710313725786 22.68454710592869 30
      vertex -497.3625760102513 22.770513242775788 -30
      vertex -497.2710313725786 22.68454710592869 -30
    endloop
  endfacet
  facet normal -0.5877852522925203 -0.8090169943749131 0
    outer loop
      vertex -497.3625760102513 22.770513242775788 30
      vertex -497.464173205021 22.844327925502014 -30
      vertex -497.3625760102513 22.770513242775788 -30
    endloop
  endfacet
  facet normal -0.4817536741015692 -0.8763066800439439 0
    outer loop
      vertex -497.464173205021 22.844327925502014 30
      vertex -497.57422070843495 22.90482705246602 -30
      vertex -497.464173205021 22.844327925502014 -30
    endloop
  endfacet
  facet normal -0.3681245526846988 -0.9297764858882431 0
    outer loop
      vertex -497.57422070843495 22.90482705246602 30
      vertex -497.69098300562507 22.951056516295154 -30
      vertex -497.57422070843495 22.90482705246602 -30
    endloop
  endfacet
  facet normal -0.24868988716485743 -0.9685831611286305 0
    outer loop
      vertex -497.69098300562507 22.951056516295154 30
      vertex -497.8126186854143 22.98228725072869 -30
      vertex -497.69098300562507 22.951056516295154 -30
    endloop
  endfacet
  facet normal -0.9822872507286106 -0.18738131458613444 0
    outer loop
      vertex -497.0078852986855 22.125333233564305 30
      vertex -497.0314168388714 22.248689887164854 -30
      vertex -497.0078852986855 22.125333233564305 -30
    endloop
  endfacet
  facet normal 0.9980267284282857 -0.06279051952908979 0
    outer loop
      vertex -499 22 -30
      vertex -498.9921147013145 22.125333233564305 30
      vertex -499 22 30
    endloop
  endfacet
  facet normal 0.9822872507286106 -0.18738131458613444 0
    outer loop
      vertex -498.9921147013145 22.125333233564305 -30
      vertex -498.9685831611286 22.248689887164854 30
      vertex -498.9921147013145 22.125333233564305 30
    endloop
  endfacet
  facet normal 0.951056516295152 -0.3090169943749525 0
    outer loop
      vertex -498.9685831611286 22.248689887164854 -30
      vertex -498.9297764858882 22.368124552684677 30
      vertex -498.9685831611286 22.248689887164854 30
    endloop
  endfacet
  facet normal 0.951056516295152 0.3090169943749525 0
    outer loop
      vertex -498.9297764858882 21.631875447315323 30
      vertex -498.9297764858882 21.631875447315323 -30
      vertex -498.9685831611286 21.751310112835146 30
    endloop
  endfacet
  facet normal 0.8443279255019864 -0.5358267949790421 0
    outer loop
      vertex -498.87630668004385 22.481753674101714 -30
      vertex -498.80901699437493 22.587785252292473 30
      vertex -498.87630668004385 22.481753674101714 30
    endloop
  endfacet
  facet normal 0.7705132427758564 -0.6374239897486086 0
    outer loop
      vertex -498.80901699437493 22.587785252292473 -30
      vertex -498.7289686274214 22.68454710592869 30
      vertex -498.80901699437493 22.587785252292473 30
    endloop
  endfacet
  facet normal 0.6845471059287179 -0.7289686274213841 0
    outer loop
      vertex -498.7289686274214 22.68454710592869 -30
      vertex -498.6374239897487 22.770513242775788 30
      vertex -498.7289686274214 22.68454710592869 30
    endloop
  endfacet
  facet normal 0.5877852522925203 -0.8090169943749131 0
    outer loop
      vertex -498.6374239897487 22.770513242775788 -30
      vertex -498.535826794979 22.844327925502014 30
      vertex -498.6374239897487 22.770513242775788 30
    endloop
  endfacet
  facet normal 0.4817536741015692 -0.8763066800439439 0
    outer loop
      vertex -498.535826794979 22.844327925502014 -30
      vertex -498.42577929156505 22.90482705246602 30
      vertex -498.535826794979 22.844327925502014 30
    endloop
  endfacet
  facet normal -0.9980267284282857 -0.06279051952908979 0
    outer loop
      vertex -497 22 30
      vertex -497.0078852986855 22.125333233564305 -30
      vertex -497 22 -30
    endloop
  endfacet
  facet normal 0.3681245526846988 -0.9297764858882431 0
    outer loop
      vertex -498.42577929156505 22.90482705246602 -30
      vertex -498.30901699437493 22.951056516295154 30
      vertex -498.42577929156505 22.90482705246602 30
    endloop
  endfacet
  facet normal 0.24868988716485743 -0.9685831611286305 0
    outer loop
      vertex -498.30901699437493 22.951056516295154 -30
      vertex -498.1873813145857 22.98228725072869 30
      vertex -498.30901699437493 22.951056516295154 30
    endloop
  endfacet
  facet normal 0.12533323356430995 -0.9921147013144771 0
    outer loop
      vertex -498.1873813145857 22.98228725072869 -30
      vertex -498.0627905195293 22.998026728428272 30
      vertex -498.1873813145857 22.98228725072869 30
    endloop
  endfacet
  facet normal 0 -1 0
    outer loop
      vertex -498.0627905195293 22.998026728428272 -30
      vertex -497.9372094804707 22.998026728428272 30
      vertex -498.0627905195293 22.998026728428272 30
    endloop
  endfacet
  facet normal -0.12533323356430995 -0.9921147013144771 0
    outer loop
      vertex -497.9372094804707 22.998026728428272 -30
      vertex -497.8126186854143 22.98228725072869 30
      vertex -497.9372094804707 22.998026728428272 30
    endloop
  endfacet
  facet normal -0.12533323356430995 -0.9921147013144771 0
    outer loop
      vertex -497.8126186854143 22.98228725072869 30
      vertex -497.9372094804707 22.998026728428272 -30
      vertex -497.8126186854143 22.98228725072869 -30
    endloop
  endfacet
  facet normal 0.7705132427758564 0.6374239897486086 0
    outer loop
      vertex -498.7289686274214 21.31545289407131 -30
      vertex -498.80901699437493 21.412214747707527 -30
      vertex -498.80901699437493 21.412214747707527 30
    endloop
  endfacet
  facet normal -0.7705132427758564 0.6374239897486086 0
    outer loop
      vertex -497.19098300562507 21.412214747707527 -30
      vertex -497.2710313725786 21.31545289407131 -30
      vertex -497.2710313725786 21.31545289407131 30
    endloop
  endfacet
  facet normal 0.951056516295152 -0.3090169943749525 0
    outer loop
      vertex -498.9297764858882 22.368124552684677 30
      vertex -498.9685831611286 22.248689887164854 -30
      vertex -498.9297764858882 22.368124552684677 -30
    endloop
  endfacet
  facet normal -0.5877852522925203 0.8090169943749131 0
    outer loop
      vertex -497.3625760102513 21.229486757224212 -30
      vertex -497.464173205021 21.155672074497986 -30
      vertex -497.464173205021 21.155672074497986 30
    endloop
  endfacet
  facet normal -0.4817536741015692 0.8763066800439439 0
    outer loop
      vertex -497.464173205021 21.155672074497986 -30
      vertex -497.57422070843495 21.09517294753398 -30
      vertex -497.57422070843495 21.09517294753398 30
    endloop
  endfacet
  facet normal -0.3681245526846988 0.9297764858882431 0
    outer loop
      vertex -497.57422070843495 21.09517294753398 -30
      vertex -497.69098300562507 21.048943483704846 -30
      vertex -497.69098300562507 21.048943483704846 30
    endloop
  endfacet
  facet normal -0.24868988716485743 0.9685831611286305 0
    outer loop
      vertex -497.69098300562507 21.048943483704846 -30
      vertex -497.8126186854143 21.01771274927131 -30
      vertex -497.8126186854143 21.01771274927131 30
    endloop
  endfacet
  facet normal 0.9980267284282857 0.06279051952908979 0
    outer loop
      vertex -499 22 -30
      vertex -499 22 30
      vertex -498.9921147013145 21.874666766435695 -30
    endloop
  endfacet
  facet normal 0.9822872507286106 0.18738131458613444 0
    outer loop
      vertex -498.9685831611286 21.751310112835146 -30
      vertex -498.9921147013145 21.874666766435695 -30
      vertex -498.9921147013145 21.874666766435695 30
    endloop
  endfacet
  facet normal 0.951056516295152 0.3090169943749525 0
    outer loop
      vertex -498.9685831611286 21.751310112835146 -30
      vertex -498.9685831611286 21.751310112835146 30
      vertex -498.9297764858882 21.631875447315323 -30
    endloop
  endfacet
  facet normal 0.9048270524660675 0.42577929156497035 0
    outer loop
      vertex -498.87630668004385 21.518246325898286 -30
      vertex -498.9297764858882 21.631875447315323 -30
      vertex -498.9297764858882 21.631875447315323 30
    endloop
  endfacet
  facet normal 0.8443279255019864 0.5358267949790421 0
    outer loop
      vertex -498.80901699437493 21.412214747707527 -30
      vertex -498.87630668004385 21.518246325898286 -30
      vertex -498.87630668004385 21.518246325898286 30
    endloop
  endfacet
  facet normal 0.9048270524660675 0.42577929156497035 0
    outer loop
      vertex -498.87630668004385 21.518246325898286 30
      vertex -498.87630668004385 21.518246325898286 -30
      vertex -498.9297764858882 21.631875447315323 30
    endloop
  endfacet
  facet normal 0.9822872507286106 -0.18738131458613444 0
    outer loop
      vertex -498.9685831611286 22.248689887164854 30
      vertex -498.9921147013145 22.125333233564305 -30
      vertex -498.9685831611286 22.248689887164854 -30
    endloop
  endfacet
  facet normal 0.6845471059287179 0.7289686274213841 0
    outer loop
      vertex -498.6374239897487 21.229486757224212 -30
      vertex -498.7289686274214 21.31545289407131 -30
      vertex -498.7289686274214 21.31545289407131 30
    endloop
  endfacet
  facet normal 0.5877852522925203 0.8090169943749131 0
    outer loop
      vertex -498.6374239897487 21.229486757224212 -30
      vertex -498.6374239897487 21.229486757224212 30
      vertex -498.535826794979 21.155672074497986 -30
    endloop
  endfacet
  facet normal 0.4817536741015692 0.8763066800439439 0
    outer loop
      vertex -498.42577929156505 21.09517294753398 -30
      vertex -498.535826794979 21.155672074497986 -30
      vertex -498.535826794979 21.155672074497986 30
    endloop
  endfacet
  facet normal -0.12533323356430995 0.9921147013144771 0
    outer loop
      vertex -497.8126186854143 21.01771274927131 -30
      vertex -497.9372094804707 21.001973271571728 -30
      vertex -497.9372094804707 21.001973271571728 30
    endloop
  endfacet
  facet normal 0 1 0
    outer loop
      vertex -497.9372094804707 21.001973271571728 -30
      vertex -498.0627905195293 21.001973271571728 -30
      vertex -498.0627905195293 21.001973271571728 30
    endloop
  endfacet
  facet normal 0.3681245526846988 0.9297764858882431 0
    outer loop
      vertex -498.30901699437493 21.048943483704846 -30
      vertex -498.42577929156505 21.09517294753398 -30
      vertex -498.42577929156505 21.09517294753398 30
    endloop
  endfacet
  facet normal 0.9980267284282857 -0.06279051952908979 0
    outer loop
      vertex -498.9921147013145 22.125333233564305 30
      vertex -499 22 -30
      vertex -498.9921147013145 22.125333233564305 -30
    endloop
  endfacet
  facet normal 0.24868988716485743 0.9685831611286305 0
    outer loop
      vertex -498.1873813145857 21.01771274927131 -30
      vertex -498.30901699437493 21.048943483704846 -30
      vertex -498.30901699437493 21.048943483704846 30
    endloop
  endfacet
  facet normal 0.12533323356430995 0.9921147013144771 0
    outer loop
      vertex -498.0627905195293 21.001973271571728 -30
      vertex -498.1873813145857 21.01771274927131 -30
      vertex -498.1873813145857 21.01771274927131 30
    endloop
  endfacet
  facet normal -0.9048270524660675 0.42577929156497035 0
    outer loop
      vertex -497.0702235141118 21.631875447315323 -30
      vertex -497.12369331995615 21.518246325898286 -30
      vertex -497.12369331995615 21.518246325898286 30
    endloop
  endfacet
  facet normal 0.8443279255019864 0.5358267949790421 0
    outer loop
      vertex -498.80901699437493 21.412214747707527 30
      vertex -498.80901699437493 21.412214747707527 -30
      vertex -498.87630668004385 21.518246325898286 30
    endloop
  endfacet
  facet normal 0.7705132427758564 0.6374239897486086 0
    outer loop
      vertex -498.7289686274214 21.31545289407131 30
      vertex -498.7289686274214 21.31545289407131 -30
      vertex -498.80901699437493 21.412214747707527 30
    endloop
  endfacet
  facet normal 0.6845471059287179 0.7289686274213841 0
    outer loop
      vertex -498.6374239897487 21.229486757224212 30
      vertex -498.6374239897487 21.229486757224212 -30
      vertex -498.7289686274214 21.31545289407131 30
    endloop
  endfacet
  facet normal 0.5877852522925203 0.8090169943749131 0
    outer loop
      vertex -498.535826794979 21.155672074497986 30
      vertex -498.535826794979 21.155672074497986 -30
      vertex -498.6374239897487 21.229486757224212 30
    endloop
  endfacet
  facet normal 0.4817536741015692 0.8763066800439439 0
    outer loop
      vertex -498.42577929156505 21.09517294753398 30
      vertex -498.42577929156505 21.09517294753398 -30
      vertex -498.535826794979 21.155672074497986 30
    endloop
  endfacet
  facet normal 0.4817536741015692 -0.8763066800439439 0
    outer loop
      vertex -498.42577929156505 22.90482705246602 30
      vertex -498.535826794979 22.844327925502014 -30
      vertex -498.42577929156505 22.90482705246602 -30
    endloop
  endfacet
  facet normal 0.5877852522925203 -0.8090169943749131 0
    outer loop
      vertex -498.535826794979 22.844327925502014 30
      vertex -498.6374239897487 22.770513242775788 -30
      vertex -498.535826794979 22.844327925502014 -30
    endloop
  endfacet
  facet normal 0.6845471059287179 -0.7289686274213841 0
    outer loop
      vertex -498.6374239897487 22.770513242775788 30
      vertex -498.7289686274214 22.68454710592869 -30
      vertex -498.6374239897487 22.770513242775788 -30
    endloop
  endfacet
  facet normal 0.7705132427758564 -0.6374239897486086 0
    outer loop
      vertex -498.7289686274214 22.68454710592869 30
      vertex -498.80901699437493 22.587785252292473 -30
      vertex -498.7289686274214 22.68454710592869 -30
    endloop
  endfacet
  facet normal 0.8443279255019864 -0.5358267949790421 0
    outer loop
      vertex -498.80901699437493 22.587785252292473 30
      vertex -498.87630668004385 22.481753674101714 -30
      vertex -498.80901699437493 22.587785252292473 -30
    endloop
  endfacet
  facet normal 0 1 0
    outer loop
      vertex -497.9372094804707 21.001973271571728 30
      vertex -497.9372094804707 21.001973271571728 -30
      vertex -498.0627905195293 21.001973271571728 30
    endloop
  endfacet
  facet normal -0.8443279255019864 0.5358267949790421 0
    outer loop
      vertex -497.12369331995615 21.518246325898286 -30
      vertex -497.19098300562507 21.412214747707527 -30
      vertex -497.19098300562507 21.412214747707527 30
    endloop
  endfacet
  facet normal -0.951056516295152 0.3090169943749525 0
    outer loop
      vertex -497.0314168388714 21.751310112835146 -30
      vertex -497.0702235141118 21.631875447315323 -30
      vertex -497.0702235141118 21.631875447315323 30
    endloop
  endfacet
  facet normal -0.9822872507286106 0.18738131458613444 0
    outer loop
      vertex -497.0078852986855 21.874666766435695 -30
      vertex -497.0314168388714 21.751310112835146 -30
      vertex -497.0314168388714 21.751310112835146 30
    endloop
  endfacet
  facet normal -0.9980267284282857 0.06279051952908979 0
    outer loop
      vertex -497 22 -30
      vertex -497.0078852986855 21.874666766435695 -30
      vertex -497.0078852986855 21.874666766435695 30
    endloop
  endfacet
  facet normal 0.12533323356430995 0.9921147013144771 0
    outer loop
      vertex -498.0627905195293 21.001973271571728 30
      vertex -498.0627905195293 21.001973271571728 -30
      vertex -498.1873813145857 21.01771274927131 30
    endloop
  endfacet
  facet normal 0.9048270524660675 -0.42577929156497035 0
    outer loop
      vertex -498.87630668004385 22.481753674101714 30
      vertex -498.9297764858882 22.368124552684677 -30
      vertex -498.87630668004385 22.481753674101714 -30
    endloop
  endfacet
  facet normal 0.3681245526846988 0.9297764858882431 0
    outer loop
      vertex -498.30901699437493 21.048943483704846 30
      vertex -498.30901699437493 21.048943483704846 -30
      vertex -498.42577929156505 21.09517294753398 30
    endloop
  endfacet
  facet normal 0.24868988716485743 0.9685831611286305 0
    outer loop
      vertex -498.1873813145857 21.01771274927131 30
      vertex -498.1873813145857 21.01771274927131 -30
      vertex -498.30901699437493 21.048943483704846 30
    endloop
  endfacet
  facet normal -0.12533323356430995 0.9921147013144771 0
    outer loop
      vertex -497.8126186854143 21.01771274927131 30
      vertex -497.8126186854143 21.01771274927131 -30
      vertex -497.9372094804707 21.001973271571728 30
    endloop
  endfacet
  facet normal -0.9510565162951519 0.3090169943749525 0
    outer loop
      vertex -421.0702235141118 21.631875447315323 -130
      vertex -421.0702235141118 21.631875447315323 30
      vertex -421.0314168388714 21.751310112835146 30
    endloop
  endfacet
  facet normal 0.24868988716485738 -0.9685831611286303 0
    outer loop
      vertex -422.30901699437493 22.951056516295154 30
      vertex -422.30901699437493 22.951056516295154 -130
      vertex -422.1873813145857 22.98228725072869 -130
    endloop
  endfacet
  facet normal -0.9822872507286105 0.18738131458613438 0
    outer loop
      vertex -421.0314168388714 21.751310112835146 -130
      vertex -421.0314168388714 21.751310112835146 30
      vertex -421.0078852986855 21.874666766435695 30
    endloop
  endfacet
  facet normal -0.9980267284282857 0.06279051952908979 0
    outer loop
      vertex -421.0078852986855 21.874666766435695 -130
      vertex -421.0078852986855 21.874666766435695 30
      vertex -421 22 30
    endloop
  endfacet
  facet normal -0.7705132427758564 -0.6374239897486086 0
    outer loop
      vertex -421.2710313725786 22.68454710592869 30
      vertex -421.2710313725786 22.68454710592869 -130
      vertex -421.19098300562507 22.587785252292473 -130
    endloop
  endfacet
  facet normal -0.12533323356430995 -0.9921147013144771 0
    outer loop
      vertex -421.9372094804707 22.998026728428272 30
      vertex -421.9372094804707 22.998026728428272 -130
      vertex -421.8126186854143 22.98228725072869 -130
    endloop
  endfacet
  facet normal -0.24868988716485738 -0.9685831611286303 0
    outer loop
      vertex -421.8126186854143 22.98228725072869 30
      vertex -421.8126186854143 22.98228725072869 -130
      vertex -421.69098300562507 22.951056516295154 -130
    endloop
  endfacet
  facet normal -0.3681245526846988 -0.929776485888243 0
    outer loop
      vertex -421.69098300562507 22.951056516295154 30
      vertex -421.69098300562507 22.951056516295154 -130
      vertex -421.57422070843495 22.90482705246602 -130
    endloop
  endfacet
  facet normal 0 -1 0
    outer loop
      vertex -422.0627905195293 22.998026728428272 30
      vertex -422.0627905195293 22.998026728428272 -130
      vertex -421.9372094804707 22.998026728428272 -130
    endloop
  endfacet
  facet normal 0.12533323356430995 -0.9921147013144771 0
    outer loop
      vertex -422.1873813145857 22.98228725072869 30
      vertex -422.1873813145857 22.98228725072869 -130
      vertex -422.0627905195293 22.998026728428272 -130
    endloop
  endfacet
  facet normal -0.5877852522925203 -0.8090169943749133 0
    outer loop
      vertex -421.464173205021 22.844327925502014 30
      vertex -421.464173205021 22.844327925502014 -130
      vertex -421.3625760102513 22.770513242775788 -130
    endloop
  endfacet
  facet normal 0.3681245526846988 -0.929776485888243 0
    outer loop
      vertex -422.42577929156505 22.90482705246602 30
      vertex -422.42577929156505 22.90482705246602 -130
      vertex -422.30901699437493 22.951056516295154 -130
    endloop
  endfacet
  facet normal -0.4817536741015692 -0.8763066800439439 0
    outer loop
      vertex -421.57422070843495 22.90482705246602 30
      vertex -421.57422070843495 22.90482705246602 -130
      vertex -421.464173205021 22.844327925502014 -130
    endloop
  endfacet
  facet normal -0.8443279255019863 -0.535826794979042 0
    outer loop
      vertex -421.19098300562507 22.587785252292473 30
      vertex -421.19098300562507 22.587785252292473 -130
      vertex -421.12369331995615 22.481753674101714 -130
    endloop
  endfacet
  facet normal 0.24868988716485738 0.9685831611286303 0
    outer loop
      vertex -422.1873813145857 21.01771274927131 30
      vertex -422.30901699437493 21.048943483704846 -130
      vertex -422.30901699437493 21.048943483704846 30
    endloop
  endfacet
  facet normal 0.3681245526846988 0.929776485888243 0
    outer loop
      vertex -422.42577929156505 21.09517294753398 -130
      vertex -422.42577929156505 21.09517294753398 30
      vertex -422.30901699437493 21.048943483704846 30
    endloop
  endfacet
  facet normal 0.12533323356430995 0.9921147013144771 0
    outer loop
      vertex -422.1873813145857 21.01771274927131 -130
      vertex -422.1873813145857 21.01771274927131 30
      vertex -422.0627905195293 21.001973271571728 30
    endloop
  endfacet
  facet normal 0 1 0
    outer loop
      vertex -422.0627905195293 21.001973271571728 -130
      vertex -422.0627905195293 21.001973271571728 30
      vertex -421.9372094804707 21.001973271571728 30
    endloop
  endfacet
  facet normal -0.12533323356430995 0.9921147013144771 0
    outer loop
      vertex -421.9372094804707 21.001973271571728 -130
      vertex -421.9372094804707 21.001973271571728 30
      vertex -421.8126186854143 21.01771274927131 30
    endloop
  endfacet
  facet normal -0.24868988716485738 0.9685831611286303 0
    outer loop
      vertex -421.8126186854143 21.01771274927131 -130
      vertex -421.8126186854143 21.01771274927131 30
      vertex -421.69098300562507 21.048943483704846 30
    endloop
  endfacet
  facet normal -0.3681245526846988 0.929776485888243 0
    outer loop
      vertex -421.69098300562507 21.048943483704846 -130
      vertex -421.69098300562507 21.048943483704846 30
      vertex -421.57422070843495 21.09517294753398 30
    endloop
  endfacet
  facet normal 0.5877852522925203 0.8090169943749133 0
    outer loop
      vertex -422.6374239897487 21.229486757224212 -130
      vertex -422.6374239897487 21.229486757224212 30
      vertex -422.535826794979 21.155672074497986 30
    endloop
  endfacet
  facet normal 0.6845471059287179 0.728968627421384 0
    outer loop
      vertex -422.7289686274214 21.31545289407131 -130
      vertex -422.7289686274214 21.31545289407131 30
      vertex -422.6374239897487 21.229486757224212 30
    endloop
  endfacet
  facet normal 0.7705132427758564 0.6374239897486086 0
    outer loop
      vertex -422.80901699437493 21.412214747707527 -130
      vertex -422.80901699437493 21.412214747707527 30
      vertex -422.7289686274214 21.31545289407131 30
    endloop
  endfacet
  facet normal -0.9048270524660675 0.42577929156497035 0
    outer loop
      vertex -421.12369331995615 21.518246325898286 -130
      vertex -421.12369331995615 21.518246325898286 30
      vertex -421.0702235141118 21.631875447315323 30
    endloop
  endfacet
  facet normal 0.8443279255019863 0.535826794979042 0
    outer loop
      vertex -422.87630668004385 21.518246325898286 -130
      vertex -422.87630668004385 21.518246325898286 30
      vertex -422.80901699437493 21.412214747707527 30
    endloop
  endfacet
  facet normal 0.9048270524660675 0.42577929156497035 0
    outer loop
      vertex -422.9297764858882 21.631875447315323 -130
      vertex -422.9297764858882 21.631875447315323 30
      vertex -422.87630668004385 21.518246325898286 30
    endloop
  endfacet
  facet normal 0.9510565162951519 0.3090169943749525 0
    outer loop
      vertex -422.9685831611286 21.751310112835146 -130
      vertex -422.9685831611286 21.751310112835146 30
      vertex -422.9297764858882 21.631875447315323 30
    endloop
  endfacet
  facet normal 0.9822872507286105 0.18738131458613438 0
    outer loop
      vertex -422.9921147013145 21.874666766435695 -130
      vertex -422.9921147013145 21.874666766435695 30
      vertex -422.9685831611286 21.751310112835146 30
    endloop
  endfacet
  facet normal 0.9980267284282857 0.06279051952908979 0
    outer loop
      vertex -423 22 -130
      vertex -423 22 30
      vertex -422.9921147013145 21.874666766435695 30
    endloop
  endfacet
  facet normal 0.4817536741015692 0.8763066800439439 0
    outer loop
      vertex -422.535826794979 21.155672074497986 -130
      vertex -422.535826794979 21.155672074497986 30
      vertex -422.42577929156505 21.09517294753398 30
    endloop
  endfacet
  facet normal -0.6845471059287179 -0.728968627421384 0
    outer loop
      vertex -421.3625760102513 22.770513242775788 30
      vertex -421.3625760102513 22.770513242775788 -130
      vertex -421.2710313725786 22.68454710592869 -130
    endloop
  endfacet
  facet normal -0.4817536741015692 0.8763066800439439 0
    outer loop
      vertex -421.57422070843495 21.09517294753398 -130
      vertex -421.57422070843495 21.09517294753398 30
      vertex -421.464173205021 21.155672074497986 30
    endloop
  endfacet
  facet normal -0.5877852522925203 0.8090169943749133 0
    outer loop
      vertex -421.464173205021 21.155672074497986 -130
      vertex -421.464173205021 21.155672074497986 30
      vertex -421.3625760102513 21.229486757224212 30
    endloop
  endfacet
  facet normal -0.6845471059287179 0.728968627421384 0
    outer loop
      vertex -421.3625760102513 21.229486757224212 -130
      vertex -421.3625760102513 21.229486757224212 30
      vertex -421.2710313725786 21.31545289407131 30
    endloop
  endfacet
  facet normal -0.7705132427758564 0.6374239897486086 0
    outer loop
      vertex -421.2710313725786 21.31545289407131 -130
      vertex -421.2710313725786 21.31545289407131 30
      vertex -421.19098300562507 21.412214747707527 30
    endloop
  endfacet
  facet normal -0.8443279255019863 0.535826794979042 0
    outer loop
      vertex -421.12369331995615 21.518246325898286 30
      vertex -421.19098300562507 21.412214747707527 -130
      vertex -421.19098300562507 21.412214747707527 30
    endloop
  endfacet
  facet normal -0.24868988716485738 -0.9685831611286303 0
    outer loop
      vertex -421.69098300562507 22.951056516295154 -130
      vertex -421.69098300562507 22.951056516295154 30
      vertex -421.8126186854143 22.98228725072869 30
    endloop
  endfacet
  facet normal -0.9980267284282857 -0.06279051952908979 0
    outer loop
      vertex -421 22 -130
      vertex -421 22 30
      vertex -421.0078852986855 22.125333233564305 30
    endloop
  endfacet
  facet normal -0.9822872507286105 -0.18738131458613438 0
    outer loop
      vertex -421.0314168388714 22.248689887164854 30
      vertex -421.0078852986855 22.125333233564305 -130
      vertex -421.0078852986855 22.125333233564305 30
    endloop
  endfacet
  facet normal -0.9510565162951519 -0.3090169943749525 0
    outer loop
      vertex -421.0314168388714 22.248689887164854 -130
      vertex -421.0314168388714 22.248689887164854 30
      vertex -421.0702235141118 22.368124552684677 30
    endloop
  endfacet
  facet normal -0.9048270524660675 -0.42577929156497035 0
    outer loop
      vertex -421.0702235141118 22.368124552684677 -130
      vertex -421.0702235141118 22.368124552684677 30
      vertex -421.12369331995615 22.481753674101714 30
    endloop
  endfacet
  facet normal 0.5877852522925203 -0.8090169943749133 0
    outer loop
      vertex -422.535826794979 22.844327925502014 -130
      vertex -422.535826794979 22.844327925502014 30
      vertex -422.6374239897487 22.770513242775788 30
    endloop
  endfacet
  facet normal 0.4817536741015692 -0.8763066800439439 0
    outer loop
      vertex -422.42577929156505 22.90482705246602 -130
      vertex -422.42577929156505 22.90482705246602 30
      vertex -422.535826794979 22.844327925502014 30
    endloop
  endfacet
  facet normal -0.6845471059287179 -0.728968627421384 0
    outer loop
      vertex -421.2710313725786 22.68454710592869 -130
      vertex -421.2710313725786 22.68454710592869 30
      vertex -421.3625760102513 22.770513242775788 30
    endloop
  endfacet
  facet normal -0.5877852522925203 -0.8090169943749133 0
    outer loop
      vertex -421.3625760102513 22.770513242775788 -130
      vertex -421.3625760102513 22.770513242775788 30
      vertex -421.464173205021 22.844327925502014 30
    endloop
  endfacet
  facet normal -0.4817536741015692 -0.8763066800439439 0
    outer loop
      vertex -421.464173205021 22.844327925502014 -130
      vertex -421.464173205021 22.844327925502014 30
      vertex -421.57422070843495 22.90482705246602 30
    endloop
  endfacet
  facet normal -0.8443279255019863 -0.535826794979042 0
    outer loop
      vertex -421.12369331995615 22.481753674101714 -130
      vertex -421.12369331995615 22.481753674101714 30
      vertex -421.19098300562507 22.587785252292473 30
    endloop
  endfacet
  facet normal -0.7705132427758564 -0.6374239897486086 0
    outer loop
      vertex -421.19098300562507 22.587785252292473 -130
      vertex -421.19098300562507 22.587785252292473 30
      vertex -421.2710313725786 22.68454710592869 30
    endloop
  endfacet
  facet normal 0.3681245526846988 -0.929776485888243 0
    outer loop
      vertex -422.30901699437493 22.951056516295154 -130
      vertex -422.30901699437493 22.951056516295154 30
      vertex -422.42577929156505 22.90482705246602 30
    endloop
  endfacet
  facet normal 0.24868988716485738 -0.9685831611286303 0
    outer loop
      vertex -422.1873813145857 22.98228725072869 -130
      vertex -422.1873813145857 22.98228725072869 30
      vertex -422.30901699437493 22.951056516295154 30
    endloop
  endfacet
  facet normal 0.12533323356430995 -0.9921147013144771 0
    outer loop
      vertex -422.0627905195293 22.998026728428272 -130
      vertex -422.0627905195293 22.998026728428272 30
      vertex -422.1873813145857 22.98228725072869 30
    endloop
  endfacet
  facet normal 0 -1 0
    outer loop
      vertex -421.9372094804707 22.998026728428272 -130
      vertex -421.9372094804707 22.998026728428272 30
      vertex -422.0627905195293 22.998026728428272 30
    endloop
  endfacet
  facet normal -0.9980267284282857 0.06279051952908979 0
    outer loop
      vertex -421 22 30
      vertex -421 22 -130
      vertex -421.0078852986855 21.874666766435695 -130
    endloop
  endfacet
  facet normal -0.12533323356430995 -0.9921147013144771 0
    outer loop
      vertex -421.8126186854143 22.98228725072869 -130
      vertex -421.8126186854143 22.98228725072869 30
      vertex -421.9372094804707 22.998026728428272 30
    endloop
  endfacet
  facet normal -0.3681245526846988 -0.929776485888243 0
    outer loop
      vertex -421.57422070843495 22.90482705246602 -130
      vertex -421.57422070843495 22.90482705246602 30
      vertex -421.69098300562507 22.951056516295154 30
    endloop
  endfacet
  facet normal 0.4817536741015692 -0.8763066800439439 0
    outer loop
      vertex -422.535826794979 22.844327925502014 30
      vertex -422.535826794979 22.844327925502014 -130
      vertex -422.42577929156505 22.90482705246602 -130
    endloop
  endfacet
  facet normal -0.9048270524660675 -0.42577929156497035 0
    outer loop
      vertex -421.12369331995615 22.481753674101714 30
      vertex -421.12369331995615 22.481753674101714 -130
      vertex -421.0702235141118 22.368124552684677 -130
    endloop
  endfacet
  facet normal -0.9510565162951519 -0.3090169943749525 0
    outer loop
      vertex -421.0702235141118 22.368124552684677 30
      vertex -421.0702235141118 22.368124552684677 -130
      vertex -421.0314168388714 22.248689887164854 -130
    endloop
  endfacet
  facet normal -0.9822872507286105 -0.18738131458613438 0
    outer loop
      vertex -421.0078852986855 22.125333233564305 -130
      vertex -421.0314168388714 22.248689887164854 30
      vertex -421.0314168388714 22.248689887164854 -130
    endloop
  endfacet
  facet normal -0.9980267284282857 -0.06279051952908979 0
    outer loop
      vertex -421.0078852986855 22.125333233564305 30
      vertex -421.0078852986855 22.125333233564305 -130
      vertex -421 22 -130
    endloop
  endfacet
  facet normal 0.5877852522925203 -0.8090169943749133 0
    outer loop
      vertex -422.6374239897487 22.770513242775788 30
      vertex -422.6374239897487 22.770513242775788 -130
      vertex -422.535826794979 22.844327925502014 -130
    endloop
  endfacet
  facet normal 0.6845471059287179 -0.728968627421384 0
    outer loop
      vertex -422.7289686274214 22.68454710592869 30
      vertex -422.7289686274214 22.68454710592869 -130
      vertex -422.6374239897487 22.770513242775788 -130
    endloop
  endfacet
  facet normal 0.7705132427758564 -0.6374239897486086 0
    outer loop
      vertex -422.80901699437493 22.587785252292473 30
      vertex -422.80901699437493 22.587785252292473 -130
      vertex -422.7289686274214 22.68454710592869 -130
    endloop
  endfacet
  facet normal 0.8443279255019863 -0.535826794979042 0
    outer loop
      vertex -422.87630668004385 22.481753674101714 30
      vertex -422.87630668004385 22.481753674101714 -130
      vertex -422.80901699437493 22.587785252292473 -130
    endloop
  endfacet
  facet normal 0.9048270524660675 -0.42577929156497035 0
    outer loop
      vertex -422.9297764858882 22.368124552684677 30
      vertex -422.9297764858882 22.368124552684677 -130
      vertex -422.87630668004385 22.481753674101714 -130
    endloop
  endfacet
  facet normal 0.9510565162951519 -0.3090169943749525 0
    outer loop
      vertex -422.9685831611286 22.248689887164854 30
      vertex -422.9685831611286 22.248689887164854 -130
      vertex -422.9297764858882 22.368124552684677 -130
    endloop
  endfacet
  facet normal 0.9822872507286105 -0.18738131458613438 0
    outer loop
      vertex -422.9921147013145 22.125333233564305 30
      vertex -422.9921147013145 22.125333233564305 -130
      vertex -422.9685831611286 22.248689887164854 -130
    endloop
  endfacet
  facet normal 0.9980267284282857 -0.06279051952908979 0
    outer loop
      vertex -422.9921147013145 22.125333233564305 -130
      vertex -423 22 30
      vertex -423 22 -130
    endloop
  endfacet
  facet normal 0.7705132427758564 -0.6374239897486086 0
    outer loop
      vertex -422.7289686274214 22.68454710592869 -130
      vertex -422.7289686274214 22.68454710592869 30
      vertex -422.80901699437493 22.587785252292473 30
    endloop
  endfacet
  facet normal 0.6845471059287179 -0.728968627421384 0
    outer loop
      vertex -422.6374239897487 22.770513242775788 -130
      vertex -422.6374239897487 22.770513242775788 30
      vertex -422.7289686274214 22.68454710592869 30
    endloop
  endfacet
  facet normal -0.9822872507286105 0.18738131458613438 0
    outer loop
      vertex -421.0078852986855 21.874666766435695 30
      vertex -421.0078852986855 21.874666766435695 -130
      vertex -421.0314168388714 21.751310112835146 -130
    endloop
  endfacet
  facet normal -0.9510565162951519 0.3090169943749525 0
    outer loop
      vertex -421.0314168388714 21.751310112835146 30
      vertex -421.0314168388714 21.751310112835146 -130
      vertex -421.0702235141118 21.631875447315323 -130
    endloop
  endfacet
  facet normal -0.9048270524660675 0.42577929156497035 0
    outer loop
      vertex -421.0702235141118 21.631875447315323 30
      vertex -421.0702235141118 21.631875447315323 -130
      vertex -421.12369331995615 21.518246325898286 -130
    endloop
  endfacet
  facet normal -0.8443279255019863 0.535826794979042 0
    outer loop
      vertex -421.19098300562507 21.412214747707527 -130
      vertex -421.12369331995615 21.518246325898286 30
      vertex -421.12369331995615 21.518246325898286 -130
    endloop
  endfacet
  facet normal -0.7705132427758564 0.6374239897486086 0
    outer loop
      vertex -421.19098300562507 21.412214747707527 30
      vertex -421.19098300562507 21.412214747707527 -130
      vertex -421.2710313725786 21.31545289407131 -130
    endloop
  endfacet
  facet normal -0.6845471059287179 0.728968627421384 0
    outer loop
      vertex -421.2710313725786 21.31545289407131 30
      vertex -421.2710313725786 21.31545289407131 -130
      vertex -421.3625760102513 21.229486757224212 -130
    endloop
  endfacet
  facet normal -0.5877852522925203 0.8090169943749133 0
    outer loop
      vertex -421.3625760102513 21.229486757224212 30
      vertex -421.3625760102513 21.229486757224212 -130
      vertex -421.464173205021 21.155672074497986 -130
    endloop
  endfacet
  facet normal -0.4817536741015692 0.8763066800439439 0
    outer loop
      vertex -421.464173205021 21.155672074497986 30
      vertex -421.464173205021 21.155672074497986 -130
      vertex -421.57422070843495 21.09517294753398 -130
    endloop
  endfacet
  facet normal 0.5877852522925203 0.8090169943749133 0
    outer loop
      vertex -422.535826794979 21.155672074497986 30
      vertex -422.535826794979 21.155672074497986 -130
      vertex -422.6374239897487 21.229486757224212 -130
    endloop
  endfacet
  facet normal 0.4817536741015692 0.8763066800439439 0
    outer loop
      vertex -422.42577929156505 21.09517294753398 30
      vertex -422.42577929156505 21.09517294753398 -130
      vertex -422.535826794979 21.155672074497986 -130
    endloop
  endfacet
  facet normal 0.9980267284282857 0.06279051952908979 0
    outer loop
      vertex -422.9921147013145 21.874666766435695 30
      vertex -422.9921147013145 21.874666766435695 -130
      vertex -423 22 -130
    endloop
  endfacet
  facet normal 0.9822872507286105 0.18738131458613438 0
    outer loop
      vertex -422.9685831611286 21.751310112835146 30
      vertex -422.9685831611286 21.751310112835146 -130
      vertex -422.9921147013145 21.874666766435695 -130
    endloop
  endfacet
  facet normal 0.9510565162951519 0.3090169943749525 0
    outer loop
      vertex -422.9297764858882 21.631875447315323 30
      vertex -422.9297764858882 21.631875447315323 -130
      vertex -422.9685831611286 21.751310112835146 -130
    endloop
  endfacet
  facet normal 0.9048270524660675 0.42577929156497035 0
    outer loop
      vertex -422.87630668004385 21.518246325898286 30
      vertex -422.87630668004385 21.518246325898286 -130
      vertex -422.9297764858882 21.631875447315323 -130
    endloop
  endfacet
  facet normal 0.7705132427758564 0.6374239897486086 0
    outer loop
      vertex -422.7289686274214 21.31545289407131 30
      vertex -422.7289686274214 21.31545289407131 -130
      vertex -422.80901699437493 21.412214747707527 -130
    endloop
  endfacet
  facet normal 0.8443279255019863 -0.535826794979042 0
    outer loop
      vertex -422.80901699437493 22.587785252292473 -130
      vertex -422.80901699437493 22.587785252292473 30
      vertex -422.87630668004385 22.481753674101714 30
    endloop
  endfacet
  facet normal 0.9048270524660675 -0.42577929156497035 0
    outer loop
      vertex -422.87630668004385 22.481753674101714 -130
      vertex -422.87630668004385 22.481753674101714 30
      vertex -422.9297764858882 22.368124552684677 30
    endloop
  endfacet
  facet normal 0.9510565162951519 -0.3090169943749525 0
    outer loop
      vertex -422.9297764858882 22.368124552684677 -130
      vertex -422.9297764858882 22.368124552684677 30
      vertex -422.9685831611286 22.248689887164854 30
    endloop
  endfacet
  facet normal 0.9822872507286105 -0.18738131458613438 0
    outer loop
      vertex -422.9685831611286 22.248689887164854 -130
      vertex -422.9685831611286 22.248689887164854 30
      vertex -422.9921147013145 22.125333233564305 30
    endloop
  endfacet
  facet normal 0.9980267284282857 -0.06279051952908979 0
    outer loop
      vertex -423 22 30
      vertex -422.9921147013145 22.125333233564305 -130
      vertex -422.9921147013145 22.125333233564305 30
    endloop
  endfacet
  facet normal 0.3681245526846988 0.929776485888243 0
    outer loop
      vertex -422.30901699437493 21.048943483704846 30
      vertex -422.30901699437493 21.048943483704846 -130
      vertex -422.42577929156505 21.09517294753398 -130
    endloop
  endfacet
  facet normal 0.12533323356430995 0.9921147013144771 0
    outer loop
      vertex -422.0627905195293 21.001973271571728 30
      vertex -422.0627905195293 21.001973271571728 -130
      vertex -422.1873813145857 21.01771274927131 -130
    endloop
  endfacet
  facet normal 0.24868988716485738 0.9685831611286303 0
    outer loop
      vertex -422.30901699437493 21.048943483704846 -130
      vertex -422.1873813145857 21.01771274927131 30
      vertex -422.1873813145857 21.01771274927131 -130
    endloop
  endfacet
  facet normal 0 1 0
    outer loop
      vertex -421.9372094804707 21.001973271571728 30
      vertex -421.9372094804707 21.001973271571728 -130
      vertex -422.0627905195293 21.001973271571728 -130
    endloop
  endfacet
  facet normal 0.8443279255019863 0.535826794979042 0
    outer loop
      vertex -422.80901699437493 21.412214747707527 30
      vertex -422.80901699437493 21.412214747707527 -130
      vertex -422.87630668004385 21.518246325898286 -130
    endloop
  endfacet
  facet normal -0.12533323356430995 0.9921147013144771 0
    outer loop
      vertex -421.8126186854143 21.01771274927131 30
      vertex -421.8126186854143 21.01771274927131 -130
      vertex -421.9372094804707 21.001973271571728 -130
    endloop
  endfacet
  facet normal -0.24868988716485738 0.9685831611286303 0
    outer loop
      vertex -421.69098300562507 21.048943483704846 30
      vertex -421.69098300562507 21.048943483704846 -130
      vertex -421.8126186854143 21.01771274927131 -130
    endloop
  endfacet
  facet normal -0.3681245526846988 0.929776485888243 0
    outer loop
      vertex -421.57422070843495 21.09517294753398 30
      vertex -421.57422070843495 21.09517294753398 -130
      vertex -421.69098300562507 21.048943483704846 -130
    endloop
  endfacet
  facet normal 0.6845471059287179 0.728968627421384 0
    outer loop
      vertex -422.6374239897487 21.229486757224212 30
      vertex -422.6374239897487 21.229486757224212 -130
      vertex -422.7289686274214 21.31545289407131 -130
    endloop
  endfacet
  facet normal 0 -0.9998949965870996 -0.014491231834595636
    outer loop
      vertex -473 22 5
      vertex -490.60869565217394 23.956521739130434 -130
      vertex -478.60869565217394 23.956521739130434 -130
    endloop
  endfacet
  facet normal 0 0 -1
    outer loop
      vertex -464.75 22 5
      vertex -464.75 16 5
      vertex -473 22 5
    endloop
  endfacet
  facet normal 0.11043152607484648 0.9938837346736189 0
    outer loop
      vertex -490.60869565217394 17.956521739130434 -130
      vertex -473 16 5
      vertex -473 16 -5
    endloop
  endfacet
  facet normal -2.5918440693531876e-17 0.9998949965870997 0.014491231834595653
    outer loop
      vertex -489.304347826087 17.81159420289855 -130
      vertex -473 16 -5
      vertex -464.75 16.057971014492754 -9
    endloop
  endfacet
  facet normal 0 0.9998949965870997 0.014491231834595645
    outer loop
      vertex -461.5217391304348 16.057971014492754 -9
      vertex -489.304347826087 17.81159420289855 -130
      vertex -464.75 16.057971014492754 -9
    endloop
  endfacet
  facet normal 0 1 0
    outer loop
      vertex -473 16 5
      vertex -464.75 16 -5
      vertex -473 16 -5
    endloop
  endfacet
  facet normal 0 0.9998949965870996 0.01449123183459571
    outer loop
      vertex -464.75 16 -5
      vertex -464.75 16.057971014492754 -9
      vertex -473 16 -5
    endloop
  endfacet
  facet normal 0 1 0
    outer loop
      vertex -464.75 16 -5
      vertex -473 16 5
      vertex -464.75 16 5
    endloop
  endfacet
  facet normal -0.9916004111862218 0 0.12933918406776768
    outer loop
      vertex -461.5217391304348 22.057971014492754 -9
      vertex -477.30434782608694 17.81159420289855 -130
      vertex -461.5217391304348 16.057971014492754 -9
    endloop
  endfacet
  facet normal 0 0 -1
    outer loop
      vertex -464.75 16 5
      vertex -473 16 5
      vertex -473 22 5
    endloop
  endfacet
  facet normal 0.9916004111862218 0 -0.1293391840677682
    outer loop
      vertex -473 16 5
      vertex -490.60869565217394 23.956521739130434 -130
      vertex -473 22 5
    endloop
  endfacet
  facet normal -0.9916004111862218 0 0.12933918406776768
    outer loop
      vertex -477.30434782608694 17.81159420289855 -130
      vertex -461.5217391304348 22.057971014492754 -9
      vertex -477.30434782608694 23.81159420289855 -130
    endloop
  endfacet
  facet normal 0 0.9998949965870997 0.014491231834595646
    outer loop
      vertex -489.304347826087 17.81159420289855 -130
      vertex -461.5217391304348 16.057971014492754 -9
      vertex -477.30434782608694 17.81159420289855 -130
    endloop
  endfacet
  facet normal 0.9916004111862218 0 -0.1293391840677682
    outer loop
      vertex -490.60869565217394 23.956521739130434 -130
      vertex -473 16 5
      vertex -490.60869565217394 17.956521739130434 -130
    endloop
  endfacet
  facet normal -0.11043152607484738 -0.9938837346736187 2.2372628045229724e-17
    outer loop
      vertex -477.30434782608694 23.81159420289855 -130
      vertex -461.5217391304348 22.057971014492754 -9
      vertex -462.82608695652175 22.202898550724637 -9
    endloop
  endfacet
  facet normal 0 -0.9998949965870996 -0.014491231834595641
    outer loop
      vertex -478.60869565217394 23.956521739130434 -130
      vertex -462.82608695652175 22.202898550724637 -9
      vertex -464.75 22.202898550724637 -9
    endloop
  endfacet
  facet normal -5.309604933042066e-16 -0.9998949965870997 -0.014491231834595586
    outer loop
      vertex -464.75 22 5
      vertex -478.60869565217394 23.956521739130434 -130
      vertex -464.75 22.202898550724637 -9
    endloop
  endfacet
  facet normal 0 -0.9998949965870997 -0.014491231834595641
    outer loop
      vertex -478.60869565217394 23.956521739130434 -130
      vertex -464.75 22 5
      vertex -473 22 5
    endloop
  endfacet
  facet normal 0.11043152607484714 0.9938837346736189 -1.1099060773238456e-16
    outer loop
      vertex -490.60869565217394 17.956521739130434 -130
      vertex -473 16 -5
      vertex -489.304347826087 17.81159420289855 -130
    endloop
  endfacet
  facet normal -0.11043152607484251 -0.9938837346736193 -5.369430730854897e-16
    outer loop
      vertex -462.82608695652175 22.202898550724637 -9
      vertex -478.60869565217394 23.956521739130434 -130
      vertex -477.30434782608694 23.81159420289855 -130
    endloop
  endfacet
  facet normal 0 0 -1
    outer loop
      vertex -492.00000017881393 16.52439993619919 -130
      vertex -494.986970181229 16.78127926916861 -130
      vertex -494.74379093985567 18.063919396763072 -130
    endloop
  endfacet
  facet normal 0 0 -1
    outer loop
      vertex -421.464173205021 22.844327925502014 -130
      vertex -421.57422070843495 22.90482705246602 -130
      vertex -420.6000003218651 23.72560006380081 -130
    endloop
  endfacet
  facet normal 0 0 -1
    outer loop
      vertex -422.7289686274214 22.68454710592869 -130
      vertex -422.80901699437493 22.587785252292473 -130
      vertex -422.40000039339066 25.51000040769577 -130
    endloop
  endfacet
  facet normal 0 0 -1
    outer loop
      vertex -421.3625760102513 22.770513242775788 -130
      vertex -421.464173205021 22.844327925502014 -130
      vertex -420.6000003218651 23.72560006380081 -130
    endloop
  endfacet
  facet normal 0 0 -1
    outer loop
      vertex -421.2710313725786 22.68454710592869 -130
      vertex -421.3625760102513 22.770513242775788 -130
      vertex -420.6000003218651 23.72560006380081 -130
    endloop
  endfacet
  facet normal 0 0 -1
    outer loop
      vertex -421.12369331995615 22.481753674101714 -130
      vertex -421.19098300562507 22.587785252292473 -130
      vertex -420.6000003218651 23.72560006380081 -130
    endloop
  endfacet
  facet normal 0 0 -1
    outer loop
      vertex -421.19098300562507 22.587785252292473 -130
      vertex -421.2710313725786 22.68454710592869 -130
      vertex -420.6000003218651 23.72560006380081 -130
    endloop
  endfacet
  facet normal 0 0 -1
    outer loop
      vertex -492.9318931651815 21.35974921365891 -130
      vertex -492.891612 22 -130
      vertex -490.60869565217394 17.956521739130434 -130
    endloop
  endfacet
  facet normal 0 0 -1
    outer loop
      vertex -422.80901699437493 22.587785252292473 -130
      vertex -422.87630668004385 22.481753674101714 -130
      vertex -423.60000014305115 26.226399660110474 -130
    endloop
  endfacet
  facet normal 0 0 -1
    outer loop
      vertex -422.87630668004385 22.481753674101714 -130
      vertex -422.9297764858882 22.368124552684677 -130
      vertex -423.60000014305115 26.226399660110474 -130
    endloop
  endfacet
  facet normal 0 0 -1
    outer loop
      vertex -422.9297764858882 22.368124552684677 -130
      vertex -422.9685831611286 22.248689887164854 -130
      vertex -423.60000014305115 26.226399660110474 -130
    endloop
  endfacet
  facet normal 0 0 -1
    outer loop
      vertex -422.9921147013145 22.125333233564305 -130
      vertex -423 22 -130
      vertex -424.79999989271164 26.77840006351471 -130
    endloop
  endfacet
  facet normal 0 0 -1
    outer loop
      vertex -421.57422070843495 22.90482705246602 -130
      vertex -421.69098300562507 22.951056516295154 -130
      vertex -421.1999997496605 24.488800287246704 -130
    endloop
  endfacet
  facet normal 0 0 -1
    outer loop
      vertex -421.69098300562507 22.951056516295154 -130
      vertex -421.8126186854143 22.98228725072869 -130
      vertex -421.1999997496605 24.488800287246704 -130
    endloop
  endfacet
  facet normal 0 0 -1
    outer loop
      vertex -421.9372094804707 22.998026728428272 -130
      vertex -422.0627905195293 22.998026728428272 -130
      vertex -421.1999997496605 24.488800287246704 -130
    endloop
  endfacet
  facet normal 0 0 -1
    outer loop
      vertex -421.8126186854143 22.98228725072869 -130
      vertex -421.9372094804707 22.998026728428272 -130
      vertex -421.1999997496605 24.488800287246704 -130
    endloop
  endfacet
  facet normal 0 0 -1
    outer loop
      vertex -422.6374239897487 22.770513242775788 -130
      vertex -422.7289686274214 22.68454710592869 -130
      vertex -422.40000039339066 25.51000040769577 -130
    endloop
  endfacet
  facet normal 0 0 -1
    outer loop
      vertex -422.535826794979 22.844327925502014 -130
      vertex -422.6374239897487 22.770513242775788 -130
      vertex -422.40000039339066 25.51000040769577 -130
    endloop
  endfacet
  facet normal 0 0 -1
    outer loop
      vertex -422.42577929156505 22.90482705246602 -130
      vertex -422.535826794979 22.844327925502014 -130
      vertex -422.40000039339066 25.51000040769577 -130
    endloop
  endfacet
  facet normal 0 0 -1
    outer loop
      vertex -422.30901699437493 22.951056516295154 -130
      vertex -422.42577929156505 22.90482705246602 -130
      vertex -422.40000039339066 25.51000040769577 -130
    endloop
  endfacet
  facet normal 0 0 -1
    outer loop
      vertex -422.1873813145857 22.98228725072869 -130
      vertex -422.30901699437493 22.951056516295154 -130
      vertex -422.40000039339066 25.51000040769577 -130
    endloop
  endfacet
  facet normal 0 0 -1
    outer loop
      vertex -421.57422070843495 22.90482705246602 -130
      vertex -421.1999997496605 24.488800287246704 -130
      vertex -420.6000003218651 23.72560006380081 -130
    endloop
  endfacet
  facet normal 0 0 -1
    outer loop
      vertex -423 22 -130
      vertex -427.2000002861023 27.58599978685379 -130
      vertex -425.99999964237213 27.221199691295624 -130
    endloop
  endfacet
  facet normal 0 0 -1
    outer loop
      vertex -422.0627905195293 22.998026728428272 -130
      vertex -422.1873813145857 22.98228725072869 -130
      vertex -422.40000039339066 25.51000040769577 -130
    endloop
  endfacet
  facet normal 0 0 -1
    outer loop
      vertex -422.0627905195293 22.998026728428272 -130
      vertex -422.40000039339066 25.51000040769577 -130
      vertex -421.1999997496605 24.488800287246704 -130
    endloop
  endfacet
  facet normal 0 0 -1
    outer loop
      vertex -422.80901699437493 22.587785252292473 -130
      vertex -423.60000014305115 26.226399660110474 -130
      vertex -422.40000039339066 25.51000040769577 -130
    endloop
  endfacet
  facet normal 0 0 -1
    outer loop
      vertex -422.9921147013145 22.125333233564305 -130
      vertex -424.79999989271164 26.77840006351471 -130
      vertex -423.60000014305115 26.226399660110474 -130
    endloop
  endfacet
  facet normal 0 0 -1
    outer loop
      vertex -423 22 -130
      vertex -425.99999964237213 27.221199691295624 -130
      vertex -424.79999989271164 26.77840006351471 -130
    endloop
  endfacet
  facet normal 0 0 1
    outer loop
      vertex -422.9297764858882 22.368124552684677 30
      vertex -422.87630668004385 22.481753674101714 30
      vertex -424.79999989271164 26.77840006351471 30
    endloop
  endfacet
  facet normal 0 0 1
    outer loop
      vertex -421.69098300562507 22.951056516295154 30
      vertex -421.57422070843495 22.90482705246602 30
      vertex -420.6000003218651 23.72560006380081 30
    endloop
  endfacet
  facet normal 0 0 1
    outer loop
      vertex -421.8126186854143 22.98228725072869 30
      vertex -421.69098300562507 22.951056516295154 30
      vertex -421.1999997496605 24.488800287246704 30
    endloop
  endfacet
  facet normal 0 0 1
    outer loop
      vertex -422.1873813145857 22.98228725072869 30
      vertex -422.0627905195293 22.998026728428272 30
      vertex -421.1999997496605 24.488800287246704 30
    endloop
  endfacet
  facet normal 0 0 1
    outer loop
      vertex -422.0627905195293 22.998026728428272 30
      vertex -421.9372094804707 22.998026728428272 30
      vertex -421.1999997496605 24.488800287246704 30
    endloop
  endfacet
  facet normal 0 0 1
    outer loop
      vertex -421.9372094804707 22.998026728428272 30
      vertex -421.8126186854143 22.98228725072869 30
      vertex -421.1999997496605 24.488800287246704 30
    endloop
  endfacet
  facet normal 0 0 1
    outer loop
      vertex -422.6374239897487 22.770513242775788 30
      vertex -422.535826794979 22.844327925502014 30
      vertex -422.40000039339066 25.51000040769577 30
    endloop
  endfacet
  facet normal 0 0 1
    outer loop
      vertex -422.535826794979 22.844327925502014 30
      vertex -422.42577929156505 22.90482705246602 30
      vertex -422.40000039339066 25.51000040769577 30
    endloop
  endfacet
  facet normal 0 0 1
    outer loop
      vertex -422.42577929156505 22.90482705246602 30
      vertex -422.30901699437493 22.951056516295154 30
      vertex -422.40000039339066 25.51000040769577 30
    endloop
  endfacet
  facet normal 0 0 1
    outer loop
      vertex -422.30901699437493 22.951056516295154 30
      vertex -422.1873813145857 22.98228725072869 30
      vertex -422.40000039339066 25.51000040769577 30
    endloop
  endfacet
  facet normal 0 0 1
    outer loop
      vertex -421.69098300562507 22.951056516295154 30
      vertex -420.6000003218651 23.72560006380081 30
      vertex -421.1999997496605 24.488800287246704 30
    endloop
  endfacet
  facet normal 0 0 1
    outer loop
      vertex -427.2000002861023 27.58599978685379 30
      vertex -429.5999997854233 28.14520013332367 30
      vertex -429.5999997854233 15.85479986667633 30
    endloop
  endfacet
  facet normal 0 0 1
    outer loop
      vertex -421.57422070843495 22.90482705246602 30
      vertex -421.464173205021 22.844327925502014 30
      vertex -420.6000003218651 23.72560006380081 30
    endloop
  endfacet
  facet normal 0 0 1
    outer loop
      vertex -422.80901699437493 22.587785252292473 30
      vertex -422.7289686274214 22.68454710592869 30
      vertex -423.60000014305115 26.226399660110474 30
    endloop
  endfacet
  facet normal 0 0 1
    outer loop
      vertex -422.7289686274214 22.68454710592869 30
      vertex -422.6374239897487 22.770513242775788 30
      vertex -423.60000014305115 26.226399660110474 30
    endloop
  endfacet
  facet normal 0 0 1
    outer loop
      vertex -422.1873813145857 22.98228725072869 30
      vertex -421.1999997496605 24.488800287246704 30
      vertex -422.40000039339066 25.51000040769577 30
    endloop
  endfacet
  facet normal 0 0 1
    outer loop
      vertex -422.6374239897487 22.770513242775788 30
      vertex -422.40000039339066 25.51000040769577 30
      vertex -423.60000014305115 26.226399660110474 30
    endloop
  endfacet
  facet normal 0 0 1
    outer loop
      vertex -422.87630668004385 22.481753674101714 30
      vertex -423.60000014305115 26.226399660110474 30
      vertex -424.79999989271164 26.77840006351471 30
    endloop
  endfacet
  facet normal 0 0 -1
    outer loop
      vertex -485.99999964237213 16.057599902153015 -130
      vertex -492.00000017881393 16.52439993619919 -130
      vertex -489.304347826087 17.81159420289855 -130
    endloop
  endfacet
  facet normal 0 0 -1
    outer loop
      vertex -480 15.64719957113266 -130
      vertex -485.99999964237213 16.057599902153015 -130
      vertex -489.304347826087 17.81159420289855 -130
    endloop
  endfacet
  facet normal 0 0 -1
    outer loop
      vertex -492.00000017881393 16.52439993619919 -130
      vertex -494.276145411304 18.50306777863916 -130
      vertex -493.86722729413896 18.99736487061216 -130
    endloop
  endfacet
  facet normal 0 0 -1
    outer loop
      vertex -492.00000017881393 16.52439993619919 -130
      vertex -494.74379093985567 18.063919396763072 -130
      vertex -494.276145411304 18.50306777863916 -130
    endloop
  endfacet
  facet normal 0 0 -1
    outer loop
      vertex -494.986970181229 16.78127926916861 -130
      vertex -495.26278883045086 17.686845357300612 -130
      vertex -494.74379093985567 18.063919396763072 -130
    endloop
  endfacet
  facet normal 0 0 -1
    outer loop
      vertex -478.60869565217394 23.956521739130434 -130
      vertex -480 28.35280042886734 -130
      vertex -473.8800001144409 28.705600321292877 -130
    endloop
  endfacet
  facet normal 0 0 1
    outer loop
      vertex -424.79999989271164 26.77840006351471 30
      vertex -425.99999964237213 27.221199691295624 30
      vertex -429.5999997854233 15.85479986667633 30
    endloop
  endfacet
  facet normal 0 0 -1
    outer loop
      vertex -493.25034095680627 20.11947695256022 -130
      vertex -493.05210140268844 20.729595564685702 -130
      vertex -490.60869565217394 17.956521739130434 -130
    endloop
  endfacet
  facet normal 0 0 -1
    outer loop
      vertex -423 22 -130
      vertex -432.00000017881393 28.544800102710724 -130
      vertex -429.5999997854233 28.14520013332367 -130
    endloop
  endfacet
  facet normal 0 0 -1
    outer loop
      vertex -423 22 -130
      vertex -429.5999997854233 28.14520013332367 -130
      vertex -427.2000002861023 27.58599978685379 -130
    endloop
  endfacet
  facet normal 0 0 -1
    outer loop
      vertex -493.5234854713441 19.539015312262887 -130
      vertex -493.25034095680627 20.11947695256022 -130
      vertex -490.60869565217394 17.956521739130434 -130
    endloop
  endfacet
  facet normal 0 0 -1
    outer loop
      vertex -492.00000017881393 16.52439993619919 -130
      vertex -493.86722729413896 18.99736487061216 -130
      vertex -493.5234854713441 19.539015312262887 -130
    endloop
  endfacet
  facet normal 0 0 -1
    outer loop
      vertex -492.00000017881393 16.52439993619919 -130
      vertex -493.5234854713441 19.539015312262887 -130
      vertex -490.60869565217394 17.956521739130434 -130
    endloop
  endfacet
  facet normal 0 0 -1
    outer loop
      vertex -492.00000017881393 16.52439993619919 -130
      vertex -490.60869565217394 17.956521739130434 -130
      vertex -489.304347826087 17.81159420289855 -130
    endloop
  endfacet
  facet normal 0 0 1
    outer loop
      vertex -437.99999982118607 29.108799815177917 30
      vertex -439.9016943137146 29.191714083388685 30
      vertex -440.99999964237213 14.760399580001831 30
    endloop
  endfacet
  facet normal 0 0 1
    outer loop
      vertex -435 28.88800036907196 30
      vertex -437.99999982118607 29.108799815177917 30
      vertex -437.99999982118607 14.891200184822083 30
    endloop
  endfacet
  facet normal 0 0 1
    outer loop
      vertex -432.00000017881393 28.544800102710724 30
      vertex -435 28.88800036907196 30
      vertex -435 15.11199963092804 30
    endloop
  endfacet
  facet normal 0 0 1
    outer loop
      vertex -429.5999997854233 28.14520013332367 30
      vertex -432.00000017881393 28.544800102710724 30
      vertex -432.00000017881393 15.455199897289276 30
    endloop
  endfacet
  facet normal 0 0 -1
    outer loop
      vertex -493.05210140268844 20.729595564685702 -130
      vertex -492.9318931651815 21.35974921365891 -130
      vertex -490.60869565217394 17.956521739130434 -130
    endloop
  endfacet
  facet normal 0 0 1
    outer loop
      vertex -425.99999964237213 27.221199691295624 30
      vertex -427.2000002861023 27.58599978685379 30
      vertex -429.5999997854233 15.85479986667633 30
    endloop
  endfacet
  facet normal 0 0 1
    outer loop
      vertex -421.0078852986855 22.125333233564305 30
      vertex -421 22 30
      vertex -420 22 30
    endloop
  endfacet
  facet normal 0 0 1
    outer loop
      vertex -421.0314168388714 22.248689887164854 30
      vertex -421.0078852986855 22.125333233564305 30
      vertex -420 22 30
    endloop
  endfacet
  facet normal 0 0 1
    outer loop
      vertex -421.0702235141118 22.368124552684677 30
      vertex -421.0314168388714 22.248689887164854 30
      vertex -420 22 30
    endloop
  endfacet
  facet normal 0 0 1
    outer loop
      vertex -421.12369331995615 22.481753674101714 30
      vertex -421.0702235141118 22.368124552684677 30
      vertex -420 22 30
    endloop
  endfacet
  facet normal 0 0 1
    outer loop
      vertex -421.12369331995615 22.481753674101714 30
      vertex -420 22 30
      vertex -420.6000003218651 23.72560006380081 30
    endloop
  endfacet
  facet normal 0 0 1
    outer loop
      vertex -422.87630668004385 22.481753674101714 30
      vertex -422.80901699437493 22.587785252292473 30
      vertex -423.60000014305115 26.226399660110474 30
    endloop
  endfacet
  facet normal 0 0 1
    outer loop
      vertex -421.2710313725786 22.68454710592869 30
      vertex -421.19098300562507 22.587785252292473 30
      vertex -420.6000003218651 23.72560006380081 30
    endloop
  endfacet
  facet normal 0 0 1
    outer loop
      vertex -421.19098300562507 22.587785252292473 30
      vertex -421.12369331995615 22.481753674101714 30
      vertex -420.6000003218651 23.72560006380081 30
    endloop
  endfacet
  facet normal 0 0 1
    outer loop
      vertex -421.3625760102513 22.770513242775788 30
      vertex -421.2710313725786 22.68454710592869 30
      vertex -420.6000003218651 23.72560006380081 30
    endloop
  endfacet
  facet normal 0 0 1
    outer loop
      vertex -421.464173205021 22.844327925502014 30
      vertex -421.3625760102513 22.770513242775788 30
      vertex -420.6000003218651 23.72560006380081 30
    endloop
  endfacet
  facet normal 0 0 -1
    outer loop
      vertex -423 22 -130
      vertex -427.2000002861023 16.41400021314621 -130
      vertex -429.5999997854233 15.85479986667633 -130
    endloop
  endfacet
  facet normal 0 0 -1
    outer loop
      vertex -423 22 -130
      vertex -422.9921147013145 21.874666766435695 -130
      vertex -427.2000002861023 16.41400021314621 -130
    endloop
  endfacet
  facet normal 0 0 -1
    outer loop
      vertex -422.9685831611286 21.751310112835146 -130
      vertex -422.9297764858882 21.631875447315323 -130
      vertex -425.99999964237213 16.778800308704376 -130
    endloop
  endfacet
  facet normal 0 0 -1
    outer loop
      vertex -422.535826794979 21.155672074497986 -130
      vertex -422.40000039339066 18.48999959230423 -130
      vertex -423.60000014305115 17.773600339889526 -130
    endloop
  endfacet
  facet normal 0 0 -1
    outer loop
      vertex -422.80901699437493 21.412214747707527 -130
      vertex -423.60000014305115 17.773600339889526 -130
      vertex -424.79999989271164 17.22159993648529 -130
    endloop
  endfacet
  facet normal 0 0 -1
    outer loop
      vertex -422.9297764858882 21.631875447315323 -130
      vertex -424.79999989271164 17.22159993648529 -130
      vertex -425.99999964237213 16.778800308704376 -130
    endloop
  endfacet
  facet normal 0 0 -1
    outer loop
      vertex -422.9921147013145 21.874666766435695 -130
      vertex -425.99999964237213 16.778800308704376 -130
      vertex -427.2000002861023 16.41400021314621 -130
    endloop
  endfacet
  facet normal 0 0 -1
    outer loop
      vertex -423 22 -130
      vertex -450 14.699199616909027 -130
      vertex -432.00000017881393 28.544800102710724 -130
    endloop
  endfacet
  facet normal 0 0 1
    outer loop
      vertex -493.5234854713441 19.539015312262887 30
      vertex -493.86722729413896 18.99736487061216 30
      vertex -492.00000017881393 16.52439993619919 30
    endloop
  endfacet
  facet normal 0 0 1
    outer loop
      vertex -493.25034095680627 20.11947695256022 30
      vertex -493.5234854713441 19.539015312262887 30
      vertex -492.00000017881393 16.52439993619919 30
    endloop
  endfacet
  facet normal 0 0 1
    outer loop
      vertex -493.05210140268844 20.729595564685702 30
      vertex -493.25034095680627 20.11947695256022 30
      vertex -492.00000017881393 16.52439993619919 30
    endloop
  endfacet
  facet normal 0 0 -1
    outer loop
      vertex -422.9921147013145 21.874666766435695 -130
      vertex -422.9685831611286 21.751310112835146 -130
      vertex -425.99999964237213 16.778800308704376 -130
    endloop
  endfacet
  facet normal 0 0 -1
    outer loop
      vertex -423 22 -130
      vertex -429.5999997854233 15.85479986667633 -130
      vertex -432.00000017881393 15.455199897289276 -130
    endloop
  endfacet
  facet normal 0 0 -1
    outer loop
      vertex -423 22 -130
      vertex -432.00000017881393 15.455199897289276 -130
      vertex -435 15.11199963092804 -130
    endloop
  endfacet
  facet normal 0 0 -1
    outer loop
      vertex -423 22 -130
      vertex -435 15.11199963092804 -130
      vertex -437.99999982118607 14.891200184822083 -130
    endloop
  endfacet
  facet normal 0 0 -1
    outer loop
      vertex -423 22 -130
      vertex -437.99999982118607 14.891200184822083 -130
      vertex -440.99999964237213 14.760399580001831 -130
    endloop
  endfacet
  facet normal 0 0 -1
    outer loop
      vertex -444.00000035762787 14.695600092411041 -130
      vertex -423 22 -130
      vertex -440.99999964237213 14.760399580001831 -130
    endloop
  endfacet
  facet normal 0 0 -1
    outer loop
      vertex -444.00000035762787 14.695600092411041 -130
      vertex -447.00000017881393 14.680000364780426 -130
      vertex -423 22 -130
    endloop
  endfacet
  facet normal 0 0 -1
    outer loop
      vertex -447.00000017881393 14.680000364780426 -130
      vertex -450 14.699199616909027 -130
      vertex -423 22 -130
    endloop
  endfacet
  facet normal 0 0 -1
    outer loop
      vertex -461.879999935627 29.141200006008148 -130
      vertex -450 14.699199616909027 -130
      vertex -461.879999935627 14.858799993991852 -130
    endloop
  endfacet
  facet normal 0 0 1
    outer loop
      vertex -495.26278883045086 17.686845357300612 30
      vertex -495.450286924197 17.583767407986414 30
      vertex -494.986970181229 16.78127926916861 30
    endloop
  endfacet
  facet normal 0 0 1
    outer loop
      vertex -494.276145411304 18.50306777863916 30
      vertex -494.986970181229 16.78127926916861 30
      vertex -492.00000017881393 16.52439993619919 30
    endloop
  endfacet
  facet normal 0 0 -1
    outer loop
      vertex -422.42577929156505 21.09517294753398 -130
      vertex -422.30901699437493 21.048943483704846 -130
      vertex -422.40000039339066 18.48999959230423 -130
    endloop
  endfacet
  facet normal 0 0 -1
    outer loop
      vertex -421.19098300562507 21.412214747707527 -130
      vertex -421.12369331995615 21.518246325898286 -130
      vertex -420.6000003218651 20.27439993619919 -130
    endloop
  endfacet
  facet normal 0 0 -1
    outer loop
      vertex -421.2710313725786 21.31545289407131 -130
      vertex -421.19098300562507 21.412214747707527 -130
      vertex -420.6000003218651 20.27439993619919 -130
    endloop
  endfacet
  facet normal 0 0 -1
    outer loop
      vertex -421.3625760102513 21.229486757224212 -130
      vertex -421.2710313725786 21.31545289407131 -130
      vertex -420.6000003218651 20.27439993619919 -130
    endloop
  endfacet
  facet normal 0 0 -1
    outer loop
      vertex -421.464173205021 21.155672074497986 -130
      vertex -421.3625760102513 21.229486757224212 -130
      vertex -420.6000003218651 20.27439993619919 -130
    endloop
  endfacet
  facet normal 0 0 -1
    outer loop
      vertex -421.464173205021 21.155672074497986 -130
      vertex -420.6000003218651 20.27439993619919 -130
      vertex -421.1999997496605 19.511199712753296 -130
    endloop
  endfacet
  facet normal 0 0 -1
    outer loop
      vertex -421.57422070843495 21.09517294753398 -130
      vertex -421.464173205021 21.155672074497986 -130
      vertex -421.1999997496605 19.511199712753296 -130
    endloop
  endfacet
  facet normal 0 0 -1
    outer loop
      vertex -421.69098300562507 21.048943483704846 -130
      vertex -421.57422070843495 21.09517294753398 -130
      vertex -421.1999997496605 19.511199712753296 -130
    endloop
  endfacet
  facet normal 0 0 -1
    outer loop
      vertex -421.8126186854143 21.01771274927131 -130
      vertex -421.69098300562507 21.048943483704846 -130
      vertex -421.1999997496605 19.511199712753296 -130
    endloop
  endfacet
  facet normal 0 0 -1
    outer loop
      vertex -421.9372094804707 21.001973271571728 -130
      vertex -421.8126186854143 21.01771274927131 -130
      vertex -421.1999997496605 19.511199712753296 -130
    endloop
  endfacet
  facet normal 0 0 -1
    outer loop
      vertex -422.535826794979 21.155672074497986 -130
      vertex -422.42577929156505 21.09517294753398 -130
      vertex -422.40000039339066 18.48999959230423 -130
    endloop
  endfacet
  facet normal 0 0 1
    outer loop
      vertex -492.9318931651815 21.35974921365891 30
      vertex -493.05210140268844 20.729595564685702 30
      vertex -492.00000017881393 16.52439993619919 30
    endloop
  endfacet
  facet normal 0 0 -1
    outer loop
      vertex -422.30901699437493 21.048943483704846 -130
      vertex -422.1873813145857 21.01771274927131 -130
      vertex -422.40000039339066 18.48999959230423 -130
    endloop
  endfacet
  facet normal 0 0 -1
    outer loop
      vertex -422.0627905195293 21.001973271571728 -130
      vertex -421.9372094804707 21.001973271571728 -130
      vertex -422.40000039339066 18.48999959230423 -130
    endloop
  endfacet
  facet normal 0 0 -1
    outer loop
      vertex -422.1873813145857 21.01771274927131 -130
      vertex -422.0627905195293 21.001973271571728 -130
      vertex -422.40000039339066 18.48999959230423 -130
    endloop
  endfacet
  facet normal 0 0 -1
    outer loop
      vertex -421.9372094804707 21.001973271571728 -130
      vertex -421.1999997496605 19.511199712753296 -130
      vertex -422.40000039339066 18.48999959230423 -130
    endloop
  endfacet
  facet normal 0 0 -1
    outer loop
      vertex -422.80901699437493 21.412214747707527 -130
      vertex -422.7289686274214 21.31545289407131 -130
      vertex -423.60000014305115 17.773600339889526 -130
    endloop
  endfacet
  facet normal 0 0 -1
    outer loop
      vertex -422.7289686274214 21.31545289407131 -130
      vertex -422.6374239897487 21.229486757224212 -130
      vertex -423.60000014305115 17.773600339889526 -130
    endloop
  endfacet
  facet normal 0 0 -1
    outer loop
      vertex -422.6374239897487 21.229486757224212 -130
      vertex -422.535826794979 21.155672074497986 -130
      vertex -423.60000014305115 17.773600339889526 -130
    endloop
  endfacet
  facet normal 0 0 -1
    outer loop
      vertex -422.9297764858882 21.631875447315323 -130
      vertex -422.87630668004385 21.518246325898286 -130
      vertex -424.79999989271164 17.22159993648529 -130
    endloop
  endfacet
  facet normal 0 0 -1
    outer loop
      vertex -422.87630668004385 21.518246325898286 -130
      vertex -422.80901699437493 21.412214747707527 -130
      vertex -424.79999989271164 17.22159993648529 -130
    endloop
  endfacet
  facet normal 0 0 -1
    outer loop
      vertex -493.86722729413896 25.00263512938784 -130
      vertex -494.276145411304 25.49693222136084 -130
      vertex -492.00000017881393 27.47560006380081 -130
    endloop
  endfacet
  facet normal 0 0 1
    outer loop
      vertex -473.8800001144409 28.705600321292877 30
      vertex -480 15.64719957113266 30
      vertex -473.8800001144409 15.294399678707123 30
    endloop
  endfacet
  facet normal 0 0 1
    outer loop
      vertex -473.5279610129757 28.721090040288523 30
      vertex -473.8800001144409 15.294399678707123 30
      vertex -467.8799995779991 15.030399680137634 30
    endloop
  endfacet
  facet normal 0 0 1
    outer loop
      vertex -460.1816363437043 17.708273457062088 30
      vertex -473.5279610129757 28.721090040288523 30
      vertex -467.8799995779991 15.030399680137634 30
    endloop
  endfacet
  facet normal 0 0 -1
    outer loop
      vertex -493.5234854713441 24.460984687737113 -130
      vertex -493.86722729413896 25.00263512938784 -130
      vertex -492.00000017881393 27.47560006380081 -130
    endloop
  endfacet
  facet normal 0 0 -1
    outer loop
      vertex -492.891612 22 -130
      vertex -492.9318931651815 22.64025078634109 -130
      vertex -490.60869565217394 23.956521739130434 -130
    endloop
  endfacet
  facet normal 0 0 -1
    outer loop
      vertex -492.9318931651815 22.64025078634109 -130
      vertex -493.05210140268844 23.270404435314298 -130
      vertex -490.60869565217394 23.956521739130434 -130
    endloop
  endfacet
  facet normal 0 0 -1
    outer loop
      vertex -493.05210140268844 23.270404435314298 -130
      vertex -493.25034095680627 23.88052304743978 -130
      vertex -490.60869565217394 23.956521739130434 -130
    endloop
  endfacet
  facet normal 0 0 -1
    outer loop
      vertex -490.60869565217394 23.956521739130434 -130
      vertex -493.25034095680627 23.88052304743978 -130
      vertex -493.5234854713441 24.460984687737113 -130
    endloop
  endfacet
  facet normal 0 0 -1
    outer loop
      vertex -490.60869565217394 23.956521739130434 -130
      vertex -493.5234854713441 24.460984687737113 -130
      vertex -492.00000017881393 27.47560006380081 -130
    endloop
  endfacet
  facet normal 0 0 -1
    outer loop
      vertex -478.60869565217394 23.956521739130434 -130
      vertex -490.60869565217394 23.956521739130434 -130
      vertex -485.99999964237213 27.942400097846985 -130
    endloop
  endfacet
  facet normal 0 0 1
    outer loop
      vertex -480 28.35280042886734 30
      vertex -485.99999964237213 16.057599902153015 30
      vertex -480 15.64719957113266 30
    endloop
  endfacet
  facet normal 0 0 -1
    outer loop
      vertex -494.74379093985567 25.936080603236928 -130
      vertex -495.26278883045086 26.313154642699388 -130
      vertex -494.986970181229 27.21872073083139 -130
    endloop
  endfacet
  facet normal 0 0 -1
    outer loop
      vertex -494.276145411304 25.49693222136084 -130
      vertex -494.74379093985567 25.936080603236928 -130
      vertex -492.00000017881393 27.47560006380081 -130
    endloop
  endfacet
  facet normal 0 0 -1
    outer loop
      vertex -495.26278883045086 26.313154642699388 -130
      vertex -495.450286924197 26.416232592013593 -130
      vertex -494.986970181229 27.21872073083139 -130
    endloop
  endfacet
  facet normal 0 0 -1
    outer loop
      vertex -494.74379093985567 25.936080603236928 -130
      vertex -494.986970181229 27.21872073083139 -130
      vertex -492.00000017881393 27.47560006380081 -130
    endloop
  endfacet
  facet normal 0 0 -1
    outer loop
      vertex -490.60869565217394 23.956521739130434 -130
      vertex -492.00000017881393 27.47560006380081 -130
      vertex -485.99999964237213 27.942400097846985 -130
    endloop
  endfacet
  facet normal 0 0 -1
    outer loop
      vertex -477.30434782608694 23.81159420289855 -130
      vertex -473.8800001144409 28.705600321292877 -130
      vertex -467.8799995779991 15.030399680137634 -130
    endloop
  endfacet
  facet normal 0 0 -1
    outer loop
      vertex -477.30434782608694 23.81159420289855 -130
      vertex -478.60869565217394 23.956521739130434 -130
      vertex -473.8800001144409 28.705600321292877 -130
    endloop
  endfacet
  facet normal 0 0 -1
    outer loop
      vertex -473.8800001144409 28.705600321292877 -130
      vertex -467.8799995779991 28.969600319862366 -130
      vertex -467.8799995779991 15.030399680137634 -130
    endloop
  endfacet
  facet normal 0 0 -1
    outer loop
      vertex -467.8799995779991 28.969600319862366 -130
      vertex -461.879999935627 29.141200006008148 -130
      vertex -461.879999935627 14.858799993991852 -130
    endloop
  endfacet
  facet normal 0 0 -1
    outer loop
      vertex -478.60869565217394 23.956521739130434 -130
      vertex -485.99999964237213 27.942400097846985 -130
      vertex -480 28.35280042886734 -130
    endloop
  endfacet
  facet normal 0 0 1
    outer loop
      vertex -494.986970181229 27.21872073083139 30
      vertex -495.26278883045086 26.313154642699388 30
      vertex -494.74379093985567 25.936080603236928 30
    endloop
  endfacet
  facet normal 0 0 1
    outer loop
      vertex -494.74379093985567 18.063919396763072 30
      vertex -495.26278883045086 17.686845357300612 30
      vertex -494.986970181229 16.78127926916861 30
    endloop
  endfacet
  facet normal 0 0 1
    outer loop
      vertex -494.276145411304 18.50306777863916 30
      vertex -494.74379093985567 18.063919396763072 30
      vertex -494.986970181229 16.78127926916861 30
    endloop
  endfacet
  facet normal 0 0 1
    outer loop
      vertex -473.5279610129757 28.721090040288523 30
      vertex -473.8800001144409 28.705600321292877 30
      vertex -473.8800001144409 15.294399678707123 30
    endloop
  endfacet
  facet normal 0 0 1
    outer loop
      vertex -473.8800001144409 28.705600321292877 30
      vertex -480 28.35280042886734 30
      vertex -480 15.64719957113266 30
    endloop
  endfacet
  facet normal 0 0 1
    outer loop
      vertex -485.99999964237213 27.942400097846985 30
      vertex -492.00000017881393 27.47560006380081 30
      vertex -494.276145411304 25.49693222136084 30
    endloop
  endfacet
  facet normal 0 0 1
    outer loop
      vertex -485.99999964237213 27.942400097846985 30
      vertex -494.276145411304 25.49693222136084 30
      vertex -493.25034095680627 23.88052304743978 30
    endloop
  endfacet
  facet normal 0 0 1
    outer loop
      vertex -492.00000017881393 27.47560006380081 30
      vertex -494.986970181229 27.21872073083139 30
      vertex -494.74379093985567 25.936080603236928 30
    endloop
  endfacet
  facet normal 0 0 1
    outer loop
      vertex -494.986970181229 27.21872073083139 30
      vertex -495.450286924197 26.416232592013593 30
      vertex -495.26278883045086 26.313154642699388 30
    endloop
  endfacet
  facet normal 0 0 1
    outer loop
      vertex -494.276145411304 18.50306777863916 30
      vertex -492.00000017881393 16.52439993619919 30
      vertex -493.86722729413896 18.99736487061216 30
    endloop
  endfacet
  facet normal 0 0 1
    outer loop
      vertex -492.00000017881393 27.47560006380081 30
      vertex -494.74379093985567 25.936080603236928 30
      vertex -494.276145411304 25.49693222136084 30
    endloop
  endfacet
  facet normal 0 0 -1
    outer loop
      vertex -421.12369331995615 21.518246325898286 -130
      vertex -421.0702235141118 21.631875447315323 -130
      vertex -420.6000003218651 20.27439993619919 -130
    endloop
  endfacet
  facet normal 0 0 1
    outer loop
      vertex -492.9318931651815 21.35974921365891 30
      vertex -492.00000017881393 16.52439993619919 30
      vertex -485.99999964237213 16.057599902153015 30
    endloop
  endfacet
  facet normal 0 0 -1
    outer loop
      vertex -494.986970181229 16.78127926916861 -130
      vertex -495.450286924197 17.583767407986414 -130
      vertex -495.26278883045086 17.686845357300612 -130
    endloop
  endfacet
  facet normal 0 0 1
    outer loop
      vertex -480 28.35280042886734 30
      vertex -485.99999964237213 27.942400097846985 30
      vertex -485.99999964237213 16.057599902153015 30
    endloop
  endfacet
  facet normal 0 0 1
    outer loop
      vertex -485.99999964237213 27.942400097846985 30
      vertex -493.25034095680627 23.88052304743978 30
      vertex -493.05210140268844 23.270404435314298 30
    endloop
  endfacet
  facet normal 0 0 1
    outer loop
      vertex -485.99999964237213 27.942400097846985 30
      vertex -493.05210140268844 23.270404435314298 30
      vertex -492.9318931651815 22.64025078634109 30
    endloop
  endfacet
  facet normal 0 0 1
    outer loop
      vertex -485.99999964237213 27.942400097846985 30
      vertex -492.9318931651815 22.64025078634109 30
      vertex -492.891612 22 30
    endloop
  endfacet
  facet normal 0 0 1
    outer loop
      vertex -485.99999964237213 27.942400097846985 30
      vertex -492.891612 22 30
      vertex -485.99999964237213 16.057599902153015 30
    endloop
  endfacet
  facet normal 0 0 1
    outer loop
      vertex -492.891612 22 30
      vertex -492.9318931651815 21.35974921365891 30
      vertex -485.99999964237213 16.057599902153015 30
    endloop
  endfacet
  facet normal 0 0 1
    outer loop
      vertex -460.1816363437043 17.708273457062088 30
      vertex -467.8799995779991 15.030399680137634 30
      vertex -461.879999935627 14.858799993991852 30
    endloop
  endfacet
  facet normal 0 0 1
    outer loop
      vertex -422.9921147013145 21.874666766435695 30
      vertex -423 22 30
      vertex -424.79999989271164 17.22159993648529 30
    endloop
  endfacet
  facet normal 0 0 1
    outer loop
      vertex -420.6000003218651 20.27439993619919 30
      vertex -421.2710313725786 21.31545289407131 30
      vertex -421.3625760102513 21.229486757224212 30
    endloop
  endfacet
  facet normal 0 0 1
    outer loop
      vertex -420.6000003218651 20.27439993619919 30
      vertex -421.3625760102513 21.229486757224212 30
      vertex -421.464173205021 21.155672074497986 30
    endloop
  endfacet
  facet normal 0 0 1
    outer loop
      vertex -421.1999997496605 19.511199712753296 30
      vertex -420.6000003218651 20.27439993619919 30
      vertex -421.464173205021 21.155672074497986 30
    endloop
  endfacet
  facet normal 0 0 1
    outer loop
      vertex -421.1999997496605 19.511199712753296 30
      vertex -421.464173205021 21.155672074497986 30
      vertex -421.57422070843495 21.09517294753398 30
    endloop
  endfacet
  facet normal 0 0 1
    outer loop
      vertex -421.1999997496605 19.511199712753296 30
      vertex -421.57422070843495 21.09517294753398 30
      vertex -421.69098300562507 21.048943483704846 30
    endloop
  endfacet
  facet normal 0 0 1
    outer loop
      vertex -421.1999997496605 19.511199712753296 30
      vertex -421.69098300562507 21.048943483704846 30
      vertex -421.8126186854143 21.01771274927131 30
    endloop
  endfacet
  facet normal 0 0 1
    outer loop
      vertex -422.40000039339066 18.48999959230423 30
      vertex -422.30901699437493 21.048943483704846 30
      vertex -422.42577929156505 21.09517294753398 30
    endloop
  endfacet
  facet normal 0 0 1
    outer loop
      vertex -422.40000039339066 18.48999959230423 30
      vertex -422.1873813145857 21.01771274927131 30
      vertex -422.30901699437493 21.048943483704846 30
    endloop
  endfacet
  facet normal 0 0 1
    outer loop
      vertex -422.9921147013145 22.125333233564305 30
      vertex -422.9685831611286 22.248689887164854 30
      vertex -424.79999989271164 17.22159993648529 30
    endloop
  endfacet
  facet normal 0 0 1
    outer loop
      vertex -423 22 30
      vertex -422.9921147013145 22.125333233564305 30
      vertex -424.79999989271164 17.22159993648529 30
    endloop
  endfacet
  facet normal 0 0 1
    outer loop
      vertex -420.6000003218651 20.27439993619919 30
      vertex -421.19098300562507 21.412214747707527 30
      vertex -421.2710313725786 21.31545289407131 30
    endloop
  endfacet
  facet normal 0 0 1
    outer loop
      vertex -422.9685831611286 21.751310112835146 30
      vertex -422.9921147013145 21.874666766435695 30
      vertex -424.79999989271164 17.22159993648529 30
    endloop
  endfacet
  facet normal 0 0 1
    outer loop
      vertex -422.9297764858882 21.631875447315323 30
      vertex -422.9685831611286 21.751310112835146 30
      vertex -424.79999989271164 17.22159993648529 30
    endloop
  endfacet
  facet normal 0 0 1
    outer loop
      vertex -422.9685831611286 22.248689887164854 30
      vertex -422.9297764858882 22.368124552684677 30
      vertex -425.99999964237213 16.778800308704376 30
    endloop
  endfacet
  facet normal 0 0 1
    outer loop
      vertex -422.40000039339066 18.48999959230423 30
      vertex -421.8126186854143 21.01771274927131 30
      vertex -421.9372094804707 21.001973271571728 30
    endloop
  endfacet
  facet normal 0 0 1
    outer loop
      vertex -422.40000039339066 18.48999959230423 30
      vertex -421.9372094804707 21.001973271571728 30
      vertex -422.0627905195293 21.001973271571728 30
    endloop
  endfacet
  facet normal 0 0 1
    outer loop
      vertex -422.40000039339066 18.48999959230423 30
      vertex -422.0627905195293 21.001973271571728 30
      vertex -422.1873813145857 21.01771274927131 30
    endloop
  endfacet
  facet normal 0 0 1
    outer loop
      vertex -422.40000039339066 18.48999959230423 30
      vertex -421.1999997496605 19.511199712753296 30
      vertex -421.8126186854143 21.01771274927131 30
    endloop
  endfacet
  facet normal 0 0 1
    outer loop
      vertex -423.60000014305115 17.773600339889526 30
      vertex -422.7289686274214 21.31545289407131 30
      vertex -422.80901699437493 21.412214747707527 30
    endloop
  endfacet
  facet normal 0 0 1
    outer loop
      vertex -423.60000014305115 17.773600339889526 30
      vertex -422.6374239897487 21.229486757224212 30
      vertex -422.7289686274214 21.31545289407131 30
    endloop
  endfacet
  facet normal 0 0 1
    outer loop
      vertex -423.60000014305115 17.773600339889526 30
      vertex -422.42577929156505 21.09517294753398 30
      vertex -422.535826794979 21.155672074497986 30
    endloop
  endfacet
  facet normal 0 0 -1
    outer loop
      vertex -450 14.699199616909027 -130
      vertex -447.00000017881393 29.319999635219574 -130
      vertex -444.00000035762787 29.30439990758896 -130
    endloop
  endfacet
  facet normal 0 0 -1
    outer loop
      vertex -421.12369331995615 22.481753674101714 -130
      vertex -420.6000003218651 23.72560006380081 -130
      vertex -420 22 -130
    endloop
  endfacet
  facet normal 0 0 -1
    outer loop
      vertex -421.0702235141118 22.368124552684677 -130
      vertex -421.12369331995615 22.481753674101714 -130
      vertex -420 22 -130
    endloop
  endfacet
  facet normal 0 0 -1
    outer loop
      vertex -421.0314168388714 22.248689887164854 -130
      vertex -421.0702235141118 22.368124552684677 -130
      vertex -420 22 -130
    endloop
  endfacet
  facet normal 0 0 -1
    outer loop
      vertex -421.0078852986855 22.125333233564305 -130
      vertex -421.0314168388714 22.248689887164854 -130
      vertex -420 22 -130
    endloop
  endfacet
  facet normal 0 0 -1
    outer loop
      vertex -421 22 -130
      vertex -421.0078852986855 22.125333233564305 -130
      vertex -420 22 -130
    endloop
  endfacet
  facet normal 0 0 -1
    outer loop
      vertex -450 14.699199616909027 -130
      vertex -435 28.88800036907196 -130
      vertex -432.00000017881393 28.544800102710724 -130
    endloop
  endfacet
  facet normal 0 0 -1
    outer loop
      vertex -492.891612 22 -130
      vertex -490.60869565217394 23.956521739130434 -130
      vertex -490.60869565217394 17.956521739130434 -130
    endloop
  endfacet
  facet normal 0 0 -1
    outer loop
      vertex -450 14.699199616909027 -130
      vertex -440.99999964237213 29.23960041999817 -130
      vertex -437.99999982118607 29.108799815177917 -130
    endloop
  endfacet
  facet normal 0 0 -1
    outer loop
      vertex -450 14.699199616909027 -130
      vertex -437.99999982118607 29.108799815177917 -130
      vertex -435 28.88800036907196 -130
    endloop
  endfacet
  facet normal 0 0 -1
    outer loop
      vertex -450 14.699199616909027 -130
      vertex -444.00000035762787 29.30439990758896 -130
      vertex -440.99999964237213 29.23960041999817 -130
    endloop
  endfacet
  facet normal 0 0 1
    outer loop
      vertex -423.60000014305115 17.773600339889526 30
      vertex -422.535826794979 21.155672074497986 30
      vertex -422.6374239897487 21.229486757224212 30
    endloop
  endfacet
  facet normal 0 0 -1
    outer loop
      vertex -450 29.300800383090973 -130
      vertex -447.00000017881393 29.319999635219574 -130
      vertex -450 14.699199616909027 -130
    endloop
  endfacet
  facet normal 0 0 -1
    outer loop
      vertex -461.879999935627 29.141200006008148 -130
      vertex -450 29.300800383090973 -130
      vertex -450 14.699199616909027 -130
    endloop
  endfacet
  facet normal 0 0 1
    outer loop
      vertex -420 22 30
      vertex -421 22 30
      vertex -421.0078852986855 21.874666766435695 30
    endloop
  endfacet
  facet normal 0 0 1
    outer loop
      vertex -420.6000003218651 20.27439993619919 30
      vertex -420 22 30
      vertex -421.0078852986855 21.874666766435695 30
    endloop
  endfacet
  facet normal 0 0 1
    outer loop
      vertex -420.6000003218651 20.27439993619919 30
      vertex -421.0078852986855 21.874666766435695 30
      vertex -421.0314168388714 21.751310112835146 30
    endloop
  endfacet
  facet normal 0 0 1
    outer loop
      vertex -420.6000003218651 20.27439993619919 30
      vertex -421.0314168388714 21.751310112835146 30
      vertex -421.0702235141118 21.631875447315323 30
    endloop
  endfacet
  facet normal 0 0 1
    outer loop
      vertex -420.6000003218651 20.27439993619919 30
      vertex -421.0702235141118 21.631875447315323 30
      vertex -421.12369331995615 21.518246325898286 30
    endloop
  endfacet
  facet normal 0 0 1
    outer loop
      vertex -422.9297764858882 22.368124552684677 30
      vertex -424.79999989271164 26.77840006351471 30
      vertex -427.2000002861023 16.41400021314621 30
    endloop
  endfacet
  facet normal 0 0 1
    outer loop
      vertex -420.6000003218651 20.27439993619919 30
      vertex -421.12369331995615 21.518246325898286 30
      vertex -421.19098300562507 21.412214747707527 30
    endloop
  endfacet
  facet normal 0 0 1
    outer loop
      vertex -459.0918536711108 17.01400532560948 30
      vertex -459.47487373415294 17.21339295012944 30
      vertex -461.879999935627 14.858799993991852 30
    endloop
  endfacet
  facet normal 0 0 1
    outer loop
      vertex -459.8390585137085 17.445404242623017 30
      vertex -460.1816363437043 17.708273457062088 30
      vertex -461.879999935627 14.858799993991852 30
    endloop
  endfacet
  facet normal 0 0 1
    outer loop
      vertex -454.1609414862915 17.445404242623017 30
      vertex -454.52512626584706 17.21339295012944 30
      vertex -450 14.699199616909027 30
    endloop
  endfacet
  facet normal 0 0 1
    outer loop
      vertex -454.52512626584706 17.21339295012944 30
      vertex -454.9081463288892 17.01400532560948 30
      vertex -450 14.699199616909027 30
    endloop
  endfacet
  facet normal 0 0 1
    outer loop
      vertex -454.9081463288892 17.01400532560948 30
      vertex -455.30708666146415 16.848758829279276 30
      vertex -450 14.699199616909027 30
    endloop
  endfacet
  facet normal 0 0 1
    outer loop
      vertex -455.30708666146415 16.848758829279276 30
      vertex -455.7189110867545 16.718911086754467 30
      vertex -450 14.699199616909027 30
    endloop
  endfacet
  facet normal 0 0 1
    outer loop
      vertex -455.7189110867545 16.718911086754467 30
      vertex -456.1404853722172 16.625450317759867 30
      vertex -450 14.699199616909027 30
    endloop
  endfacet
  facet normal 0 0 1
    outer loop
      vertex -456.1404853722172 16.625450317759867 30
      vertex -461.879999935627 14.858799993991852 30
      vertex -450 14.699199616909027 30
    endloop
  endfacet
  facet normal 0 0 1
    outer loop
      vertex -456.1404853722172 16.625450317759867 30
      vertex -456.56860108298645 16.56908781518069 30
      vertex -461.879999935627 14.858799993991852 30
    endloop
  endfacet
  facet normal 0 0 1
    outer loop
      vertex -456.56860108298645 16.56908781518069 30
      vertex -457 16.550252531694166 30
      vertex -461.879999935627 14.858799993991852 30
    endloop
  endfacet
  facet normal 0 0 1
    outer loop
      vertex -457 16.550252531694166 30
      vertex -457.43139891701355 16.56908781518069 30
      vertex -461.879999935627 14.858799993991852 30
    endloop
  endfacet
  facet normal 0 0 1
    outer loop
      vertex -453.8183636562957 17.708273457062088 30
      vertex -454.1609414862915 17.445404242623017 30
      vertex -450 14.699199616909027 30
    endloop
  endfacet
  facet normal 0 0 1
    outer loop
      vertex -457.8595146277828 16.625450317759867 30
      vertex -458.2810889132455 16.718911086754467 30
      vertex -461.879999935627 14.858799993991852 30
    endloop
  endfacet
  facet normal 0 0 1
    outer loop
      vertex -458.69291333853585 16.848758829279276 30
      vertex -459.0918536711108 17.01400532560948 30
      vertex -461.879999935627 14.858799993991852 30
    endloop
  endfacet
  facet normal 0 0 1
    outer loop
      vertex -458.2810889132455 16.718911086754467 30
      vertex -458.69291333853585 16.848758829279276 30
      vertex -461.879999935627 14.858799993991852 30
    endloop
  endfacet
  facet normal 0 0 1
    outer loop
      vertex -459.47487373415294 17.21339295012944 30
      vertex -459.8390585137085 17.445404242623017 30
      vertex -461.879999935627 14.858799993991852 30
    endloop
  endfacet
  facet normal 0 0 1
    outer loop
      vertex -457.43139891701355 16.56908781518069 30
      vertex -457.8595146277828 16.625450317759867 30
      vertex -461.879999935627 14.858799993991852 30
    endloop
  endfacet
  facet normal 0 0 -1
    outer loop
      vertex -421.0078852986855 21.874666766435695 -130
      vertex -421 22 -130
      vertex -420 22 -130
    endloop
  endfacet
  facet normal 0 0 -1
    outer loop
      vertex -421.0314168388714 21.751310112835146 -130
      vertex -421.0078852986855 21.874666766435695 -130
      vertex -420 22 -130
    endloop
  endfacet
  facet normal 0 0 -1
    outer loop
      vertex -421.0314168388714 21.751310112835146 -130
      vertex -420 22 -130
      vertex -420.6000003218651 20.27439993619919 -130
    endloop
  endfacet
  facet normal 0 0 -1
    outer loop
      vertex -421.0702235141118 21.631875447315323 -130
      vertex -421.0314168388714 21.751310112835146 -130
      vertex -420.6000003218651 20.27439993619919 -130
    endloop
  endfacet
  facet normal 0 0 1
    outer loop
      vertex -437.99999982118607 29.108799815177917 30
      vertex -440.99999964237213 14.760399580001831 30
      vertex -437.99999982118607 14.891200184822083 30
    endloop
  endfacet
  facet normal 0 0 1
    outer loop
      vertex -422.87630668004385 21.518246325898286 30
      vertex -422.9297764858882 21.631875447315323 30
      vertex -424.79999989271164 17.22159993648529 30
    endloop
  endfacet
  facet normal 0 0 1
    outer loop
      vertex -424.79999989271164 17.22159993648529 30
      vertex -422.80901699437493 21.412214747707527 30
      vertex -422.87630668004385 21.518246325898286 30
    endloop
  endfacet
  facet normal 0 0 1
    outer loop
      vertex -423.60000014305115 17.773600339889526 30
      vertex -422.40000039339066 18.48999959230423 30
      vertex -422.42577929156505 21.09517294753398 30
    endloop
  endfacet
  facet normal 0 0 1
    outer loop
      vertex -424.79999989271164 17.22159993648529 30
      vertex -423.60000014305115 17.773600339889526 30
      vertex -422.80901699437493 21.412214747707527 30
    endloop
  endfacet
  facet normal 0 0 1
    outer loop
      vertex -422.9685831611286 22.248689887164854 30
      vertex -425.99999964237213 16.778800308704376 30
      vertex -424.79999989271164 17.22159993648529 30
    endloop
  endfacet
  facet normal 0 0 1
    outer loop
      vertex -424.79999989271164 26.77840006351471 30
      vertex -429.5999997854233 15.85479986667633 30
      vertex -427.2000002861023 16.41400021314621 30
    endloop
  endfacet
  facet normal 0 0 1
    outer loop
      vertex -422.9297764858882 22.368124552684677 30
      vertex -427.2000002861023 16.41400021314621 30
      vertex -425.99999964237213 16.778800308704376 30
    endloop
  endfacet
  facet normal 0 0 1
    outer loop
      vertex -429.5999997854233 28.14520013332367 30
      vertex -432.00000017881393 15.455199897289276 30
      vertex -429.5999997854233 15.85479986667633 30
    endloop
  endfacet
  facet normal 0 0 1
    outer loop
      vertex -432.00000017881393 28.544800102710724 30
      vertex -435 15.11199963092804 30
      vertex -432.00000017881393 15.455199897289276 30
    endloop
  endfacet
  facet normal 0 0 1
    outer loop
      vertex -435 28.88800036907196 30
      vertex -437.99999982118607 14.891200184822083 30
      vertex -435 15.11199963092804 30
    endloop
  endfacet
  facet normal 0 0 -1
    outer loop
      vertex -422.9685831611286 22.248689887164854 -130
      vertex -422.9921147013145 22.125333233564305 -130
      vertex -423.60000014305115 26.226399660110474 -130
    endloop
  endfacet
  facet normal 0 0 -1
    outer loop
      vertex -473.8800001144409 15.294399678707123 -130
      vertex -480 15.64719957113266 -130
      vertex -477.30434782608694 17.81159420289855 -130
    endloop
  endfacet
  facet normal 0 0 -1
    outer loop
      vertex -480 15.64719957113266 -130
      vertex -489.304347826087 17.81159420289855 -130
      vertex -477.30434782608694 17.81159420289855 -130
    endloop
  endfacet
  facet normal 0 0 -1
    outer loop
      vertex -473.8800001144409 15.294399678707123 -130
      vertex -477.30434782608694 23.81159420289855 -130
      vertex -467.8799995779991 15.030399680137634 -130
    endloop
  endfacet
  facet normal 0 0 -1
    outer loop
      vertex -473.8800001144409 15.294399678707123 -130
      vertex -477.30434782608694 17.81159420289855 -130
      vertex -477.30434782608694 23.81159420289855 -130
    endloop
  endfacet
  facet normal 0 0 -1
    outer loop
      vertex -467.8799995779991 28.969600319862366 -130
      vertex -461.879999935627 14.858799993991852 -130
      vertex -467.8799995779991 15.030399680137634 -130
    endloop
  endfacet
  facet normal 0 0 1
    outer loop
      vertex -439.9016943137146 29.191714083388685 30
      vertex -453.8183636562957 17.708273457062088 30
      vertex -450 14.699199616909027 30
    endloop
  endfacet
  facet normal 0 0 1
    outer loop
      vertex -439.9016943137146 29.191714083388685 30
      vertex -444.00000035762787 14.695600092411041 30
      vertex -440.99999964237213 14.760399580001831 30
    endloop
  endfacet
  facet normal 0 0 1
    outer loop
      vertex -439.9016943137146 29.191714083388685 30
      vertex -447.00000017881393 14.680000364780426 30
      vertex -444.00000035762787 14.695600092411041 30
    endloop
  endfacet
  facet normal 0 0 1
    outer loop
      vertex -439.9016943137146 29.191714083388685 30
      vertex -450 14.699199616909027 30
      vertex -447.00000017881393 14.680000364780426 30
    endloop
  endfacet
endsolid OpenSCAD_Model
