solid OpenSCAD_Model
  facet normal 0.9445321851781943 -0.32841886541808957 0
    outer loop
      vertex -420 22 30
      vertex -420.6000003218651 20.27439993619919 130
      vertex -420.6000003218651 20.27439993619919 30
    endloop
  endfacet
  facet normal 0.7861471133624893 -0.6180394131055279 0
    outer loop
      vertex -420.6000003218651 20.27439993619919 30
      vertex -421.1999997496605 19.511199712753296 130
      vertex -421.1999997496605 19.511199712753296 30
    endloop
  endfacet
  facet normal 0.7861471133624893 -0.6180394131055279 0
    outer loop
      vertex -421.1999997496605 19.511199712753296 130
      vertex -420.6000003218651 20.27439993619919 30
      vertex -420.6000003218651 20.27439993619919 130
    endloop
  endfacet
  facet normal 0.6480902805406532 -0.76156351558405 0
    outer loop
      vertex -422.40000039339066 18.48999959230423 130
      vertex -421.1999997496605 19.511199712753296 30
      vertex -421.1999997496605 19.511199712753296 130
    endloop
  endfacet
  facet normal 0.5126001541389253 -0.8586274407312813 0
    outer loop
      vertex -423.60000014305115 17.773600339889526 130
      vertex -422.40000039339066 18.48999959230423 30
      vertex -422.40000039339066 18.48999959230423 130
    endloop
  endfacet
  facet normal 0.41790593225765027 -0.908490303626772 0
    outer loop
      vertex -424.79999989271164 17.22159993648529 130
      vertex -423.60000014305115 17.773600339889526 30
      vertex -423.60000014305115 17.773600339889526 130
    endloop
  endfacet
  facet normal 0.34618335761256164 -0.9381668737021646 0
    outer loop
      vertex -425.99999964237213 16.778800308704376 130
      vertex -424.79999989271164 17.22159993648529 30
      vertex -424.79999989271164 17.22159993648529 130
    endloop
  endfacet
  facet normal -0.02858825980044394 -0.9995912721715723 0
    outer loop
      vertex -461.879999935627 14.858799993991852 30
      vertex -461.879999935627 14.858799993991852 130
      vertex -467.8799995779991 15.030399680137634 130
    endloop
  endfacet
  facet normal -0.04395746558374083 -0.999033403455287 0
    outer loop
      vertex -473.8800001144409 15.294399678707123 130
      vertex -467.8799995779991 15.030399680137634 30
      vertex -467.8799995779991 15.030399680137634 130
    endloop
  endfacet
  facet normal -0.057551494607969884 -0.9983425391459531 0
    outer loop
      vertex -480 15.64719957113266 130
      vertex -473.8800001144409 15.294399678707123 30
      vertex -473.8800001144409 15.294399678707123 130
    endloop
  endfacet
  facet normal 0.29085695174601744 -0.9567665512657803 0
    outer loop
      vertex -427.2000002861023 16.41400021314621 130
      vertex -425.99999964237213 16.778800308704376 30
      vertex -425.99999964237213 16.778800308704376 130
    endloop
  endfacet
  facet normal 0.22692190695661624 -0.9739129571697733 0
    outer loop
      vertex -429.5999997854233 15.85479986667633 130
      vertex -427.2000002861023 16.41400021314621 30
      vertex -427.2000002861023 16.41400021314621 130
    endloop
  endfacet
  facet normal 0.6480902805406532 -0.76156351558405 0
    outer loop
      vertex -421.1999997496605 19.511199712753296 30
      vertex -422.40000039339066 18.48999959230423 130
      vertex -422.40000039339066 18.48999959230423 30
    endloop
  endfacet
  facet normal 0.16423898661362366 -0.9864205772773244 0
    outer loop
      vertex -432.00000017881393 15.455199897289276 130
      vertex -429.5999997854233 15.85479986667633 30
      vertex -429.5999997854233 15.85479986667633 130
    endloop
  endfacet
  facet normal 0.11365876540616557 -0.9935198463273627 0
    outer loop
      vertex -435 15.11199963092804 130
      vertex -432.00000017881393 15.455199897289276 30
      vertex -432.00000017881393 15.455199897289276 130
    endloop
  endfacet
  facet normal 0.07340128332296741 -0.9973024875164712 0
    outer loop
      vertex -435 15.11199963092804 30
      vertex -435 15.11199963092804 130
      vertex -437.99999982118607 14.891200184822083 130
    endloop
  endfacet
  facet normal 0.04355882168634289 -0.9990508640971678 0
    outer loop
      vertex -437.99999982118607 14.891200184822083 30
      vertex -437.99999982118607 14.891200184822083 130
      vertex -440.99999964237213 14.760399580001831 130
    endloop
  endfacet
  facet normal -0.085683696413236 0.9963223896756332 0
    outer loop
      vertex -492.00000017881393 27.47560006380081 130
      vertex -494.986970181229 27.21872073083139 30
      vertex -494.986970181229 27.21872073083139 130
    endloop
  endfacet
  facet normal -0.07756560677172013 0.9969872499917615 0
    outer loop
      vertex -485.99999964237213 27.942400097846985 130
      vertex -485.99999964237213 27.942400097846985 30
      vertex -492.00000017881393 27.47560006380081 130
    endloop
  endfacet
  facet normal -0.057551494607969884 0.9983425391459531 0
    outer loop
      vertex -473.8800001144409 28.705600321292877 130
      vertex -480 28.35280042886734 30
      vertex -480 28.35280042886734 130
    endloop
  endfacet
  facet normal 0.6480902805406532 0.76156351558405 0
    outer loop
      vertex -422.40000039339066 25.51000040769577 30
      vertex -421.1999997496605 24.488800287246704 130
      vertex -421.1999997496605 24.488800287246704 30
    endloop
  endfacet
  facet normal 0.7861471133624893 0.6180394131055279 0
    outer loop
      vertex -421.1999997496605 24.488800287246704 30
      vertex -420.6000003218651 23.72560006380081 130
      vertex -420.6000003218651 23.72560006380081 30
    endloop
  endfacet
  facet normal 0.021594787084705094 -0.9997668053955213 0
    outer loop
      vertex -444.00000035762787 14.695600092411041 130
      vertex -440.99999964237213 14.760399580001831 30
      vertex -440.99999964237213 14.760399580001831 130
    endloop
  endfacet
  facet normal -0.085683696413236 0.9963223896756332 0
    outer loop
      vertex -494.986970181229 27.21872073083139 30
      vertex -492.00000017881393 27.47560006380081 130
      vertex -492.00000017881393 27.47560006380081 30
    endloop
  endfacet
  facet normal 0.11365876540616557 0.9935198463273627 0
    outer loop
      vertex -435 28.88800036907196 30
      vertex -432.00000017881393 28.544800102710724 130
      vertex -432.00000017881393 28.544800102710724 30
    endloop
  endfacet
  facet normal 0.16423898661362366 0.9864205772773244 0
    outer loop
      vertex -432.00000017881393 28.544800102710724 30
      vertex -429.5999997854233 28.14520013332367 130
      vertex -429.5999997854233 28.14520013332367 30
    endloop
  endfacet
  facet normal 0.07340128332296089 0.9973024875164718 0
    outer loop
      vertex -435.4316906185034 28.919772720783968 31
      vertex -435 28.88800036907196 130
      vertex -435.4316906185034 28.919772720783968 30
    endloop
  endfacet
  facet normal -0.043957465583740626 0.9990334034552871 0
    outer loop
      vertex -473.8800001144409 28.705600321292877 30
      vertex -468.55821950930124 28.939758645714825 31
      vertex -468.55821950930124 28.939758645714825 30
    endloop
  endfacet
  facet normal -0.057551494607969884 0.9983425391459531 0
    outer loop
      vertex -480 28.35280042886734 30
      vertex -473.8800001144409 28.705600321292877 130
      vertex -473.8800001144409 28.705600321292877 30
    endloop
  endfacet
  facet normal -0.043957465583740626 0.999033403455287 -1.2015237494924209e-17
    outer loop
      vertex -468.55821950930124 28.939758645714825 31
      vertex -473.8800001144409 28.705600321292877 30
      vertex -467.8799995779991 28.969600319862366 130
    endloop
  endfacet
  facet normal -0.043957465583742375 0.999033403455287 0
    outer loop
      vertex -468.55821950930124 28.939758645714825 31
      vertex -467.8799995779991 28.969600319862366 130
      vertex -467.8799995779991 28.969600319862366 31
    endloop
  endfacet
  facet normal 0.34618335761256164 0.9381668737021646 0
    outer loop
      vertex -425.99999964237213 27.221199691295624 30
      vertex -424.79999989271164 26.77840006351471 130
      vertex -424.79999989271164 26.77840006351471 30
    endloop
  endfacet
  facet normal 0.29085695174601744 0.9567665512657803 0
    outer loop
      vertex -427.2000002861023 27.58599978685379 30
      vertex -425.99999964237213 27.221199691295624 130
      vertex -425.99999964237213 27.221199691295624 30
    endloop
  endfacet
  facet normal -0.06824061135248342 0.9976688924499146 0
    outer loop
      vertex -485.99999964237213 27.942400097846985 30
      vertex -480 28.35280042886734 130
      vertex -480 28.35280042886734 30
    endloop
  endfacet
  facet normal -0.07756560677172013 0.9969872499917615 0
    outer loop
      vertex -492.00000017881393 27.47560006380081 30
      vertex -492.00000017881393 27.47560006380081 130
      vertex -485.99999964237213 27.942400097846985 30
    endloop
  endfacet
  facet normal -0.06824061135248342 0.9976688924499146 0
    outer loop
      vertex -480 28.35280042886734 130
      vertex -485.99999964237213 27.942400097846985 30
      vertex -485.99999964237213 27.942400097846985 130
    endloop
  endfacet
  facet normal -0.02858825980044394 0.9995912721715724 0
    outer loop
      vertex -467.8799995779991 28.969600319862366 31
      vertex -461.879999935627 29.141200006008148 130
      vertex -461.879999935627 29.141200006008148 31
    endloop
  endfacet
  facet normal 0.5126001541389253 0.8586274407312813 0
    outer loop
      vertex -423.60000014305115 26.226399660110474 30
      vertex -422.40000039339066 25.51000040769577 130
      vertex -422.40000039339066 25.51000040769577 30
    endloop
  endfacet
  facet normal 0.41790593225765027 0.908490303626772 0
    outer loop
      vertex -424.79999989271164 26.77840006351471 30
      vertex -423.60000014305115 26.226399660110474 130
      vertex -423.60000014305115 26.226399660110474 30
    endloop
  endfacet
  facet normal 0.22692190695661624 0.9739129571697733 0
    outer loop
      vertex -429.5999997854233 28.14520013332367 30
      vertex -427.2000002861023 27.58599978685379 130
      vertex -427.2000002861023 27.58599978685379 30
    endloop
  endfacet
  facet normal -0.006399620038306568 0.9999795222220129 0
    outer loop
      vertex -447.00000017881393 29.319999635219574 130
      vertex -450 29.300800383090973 31
      vertex -450 29.300800383090973 130
    endloop
  endfacet
  facet normal 0.005199839221239246 0.9999864807446516 0
    outer loop
      vertex -444.00000035762787 29.30439990758896 130
      vertex -447.00000017881393 29.319999635219574 31
      vertex -447.00000017881393 29.319999635219574 130
    endloop
  endfacet
  facet normal 0.02159478708470509 0.9997668053955212 0
    outer loop
      vertex -440.99999964237213 29.23960041999817 130
      vertex -444.00000035762787 29.30439990758896 31
      vertex -444.00000035762787 29.30439990758896 130
    endloop
  endfacet
  facet normal 0.0734012833229609 0.9973024875164719 0
    outer loop
      vertex -435 28.88800036907196 130
      vertex -435 28.88800036907196 30
      vertex -435.4316906185034 28.919772720783968 30
    endloop
  endfacet
  facet normal 0.07340128332296851 0.9973024875164712 -3.309544476211111e-17
    outer loop
      vertex -437.99999982118607 29.108799815177917 31
      vertex -435 28.88800036907196 130
      vertex -435.4316906185034 28.919772720783968 31
    endloop
  endfacet
  facet normal 0.04355882168634288 0.9990508640971676 0
    outer loop
      vertex -437.99999982118607 29.108799815177917 130
      vertex -440.99999964237213 29.23960041999817 31
      vertex -440.99999964237213 29.23960041999817 130
    endloop
  endfacet
  facet normal -0.057551494607969884 -0.9983425391459531 0
    outer loop
      vertex -473.8800001144409 15.294399678707123 30
      vertex -480 15.64719957113266 130
      vertex -480 15.64719957113266 30
    endloop
  endfacet
  facet normal 0.07340128332296741 -0.9973024875164712 0
    outer loop
      vertex -435 15.11199963092804 30
      vertex -437.99999982118607 14.891200184822083 130
      vertex -437.99999982118607 14.891200184822083 30
    endloop
  endfacet
  facet normal 0.11365876540616557 -0.9935198463273627 0
    outer loop
      vertex -432.00000017881393 15.455199897289276 30
      vertex -435 15.11199963092804 130
      vertex -435 15.11199963092804 30
    endloop
  endfacet
  facet normal 0.16423898661362366 -0.9864205772773244 0
    outer loop
      vertex -429.5999997854233 15.85479986667633 30
      vertex -432.00000017881393 15.455199897289276 130
      vertex -432.00000017881393 15.455199897289276 30
    endloop
  endfacet
  facet normal 0.22692190695661624 -0.9739129571697733 0
    outer loop
      vertex -427.2000002861023 16.41400021314621 30
      vertex -429.5999997854233 15.85479986667633 130
      vertex -429.5999997854233 15.85479986667633 30
    endloop
  endfacet
  facet normal 0.29085695174601744 -0.9567665512657803 0
    outer loop
      vertex -425.99999964237213 16.778800308704376 30
      vertex -427.2000002861023 16.41400021314621 130
      vertex -427.2000002861023 16.41400021314621 30
    endloop
  endfacet
  facet normal 0.9445321851781943 0.32841886541808957 0
    outer loop
      vertex -420 22 130
      vertex -420.6000003218651 23.72560006380081 30
      vertex -420.6000003218651 23.72560006380081 130
    endloop
  endfacet
  facet normal 0.7861471133624893 0.6180394131055279 0
    outer loop
      vertex -420.6000003218651 23.72560006380081 130
      vertex -421.1999997496605 24.488800287246704 30
      vertex -421.1999997496605 24.488800287246704 130
    endloop
  endfacet
  facet normal 0.6480902805406532 0.76156351558405 0
    outer loop
      vertex -421.1999997496605 24.488800287246704 130
      vertex -422.40000039339066 25.51000040769577 30
      vertex -422.40000039339066 25.51000040769577 130
    endloop
  endfacet
  facet normal 0.07340128332296741 0.9973024875164713 0
    outer loop
      vertex -435 28.88800036907196 130
      vertex -437.99999982118607 29.108799815177917 31
      vertex -437.99999982118607 29.108799815177917 130
    endloop
  endfacet
  facet normal 0.11365876540616557 0.9935198463273627 0
    outer loop
      vertex -432.00000017881393 28.544800102710724 130
      vertex -435 28.88800036907196 30
      vertex -435 28.88800036907196 130
    endloop
  endfacet
  facet normal 0.16423898661362366 0.9864205772773244 0
    outer loop
      vertex -429.5999997854233 28.14520013332367 130
      vertex -432.00000017881393 28.544800102710724 30
      vertex -432.00000017881393 28.544800102710724 130
    endloop
  endfacet
  facet normal -0.006399620038306568 -0.9999795222220129 0
    outer loop
      vertex -450 14.699199616909027 130
      vertex -447.00000017881393 14.680000364780426 30
      vertex -447.00000017881393 14.680000364780426 130
    endloop
  endfacet
  facet normal -0.06824061135248342 -0.9976688924499146 0
    outer loop
      vertex -480 15.64719957113266 30
      vertex -485.99999964237213 16.057599902153015 130
      vertex -485.99999964237213 16.057599902153015 30
    endloop
  endfacet
  facet normal 0.34618335761256164 -0.9381668737021646 0
    outer loop
      vertex -424.79999989271164 17.22159993648529 30
      vertex -425.99999964237213 16.778800308704376 130
      vertex -425.99999964237213 16.778800308704376 30
    endloop
  endfacet
  facet normal 0.41790593225765027 -0.908490303626772 0
    outer loop
      vertex -423.60000014305115 17.773600339889526 30
      vertex -424.79999989271164 17.22159993648529 130
      vertex -424.79999989271164 17.22159993648529 30
    endloop
  endfacet
  facet normal 0.5126001541389253 -0.8586274407312813 0
    outer loop
      vertex -422.40000039339066 18.48999959230423 30
      vertex -423.60000014305115 17.773600339889526 130
      vertex -423.60000014305115 17.773600339889526 30
    endloop
  endfacet
  facet normal -0.085683696413236 -0.9963223896756332 0
    outer loop
      vertex -494.986970181229 16.78127926916861 130
      vertex -494.986970181229 16.78127926916861 30
      vertex -492.00000017881393 16.52439993619919 30
    endloop
  endfacet
  facet normal -0.07756560677172013 -0.9969872499917615 0
    outer loop
      vertex -485.99999964237213 16.057599902153015 30
      vertex -492.00000017881393 16.52439993619919 130
      vertex -492.00000017881393 16.52439993619919 30
    endloop
  endfacet
  facet normal 0.29085695174601744 0.9567665512657803 0
    outer loop
      vertex -425.99999964237213 27.221199691295624 130
      vertex -427.2000002861023 27.58599978685379 30
      vertex -427.2000002861023 27.58599978685379 130
    endloop
  endfacet
  facet normal 0.34618335761256164 0.9381668737021646 0
    outer loop
      vertex -424.79999989271164 26.77840006351471 130
      vertex -425.99999964237213 27.221199691295624 30
      vertex -425.99999964237213 27.221199691295624 130
    endloop
  endfacet
  facet normal 0.5126001541389253 0.8586274407312813 0
    outer loop
      vertex -422.40000039339066 25.51000040769577 130
      vertex -423.60000014305115 26.226399660110474 30
      vertex -423.60000014305115 26.226399660110474 130
    endloop
  endfacet
  facet normal 0.41790593225765027 0.908490303626772 0
    outer loop
      vertex -423.60000014305115 26.226399660110474 130
      vertex -424.79999989271164 26.77840006351471 30
      vertex -424.79999989271164 26.77840006351471 130
    endloop
  endfacet
  facet normal 0.22692190695661624 0.9739129571697733 0
    outer loop
      vertex -427.2000002861023 27.58599978685379 130
      vertex -429.5999997854233 28.14520013332367 30
      vertex -429.5999997854233 28.14520013332367 130
    endloop
  endfacet
  facet normal -0.013433163077795672 -0.999909770994226 0
    outer loop
      vertex -450 14.699199616909027 30
      vertex -461.879999935627 14.858799993991852 130
      vertex -461.879999935627 14.858799993991852 30
    endloop
  endfacet
  facet normal 0.9445321851781943 -0.32841886541808957 0
    outer loop
      vertex -420.6000003218651 20.27439993619919 130
      vertex -420 22 30
      vertex -420 22 130
    endloop
  endfacet
  facet normal -0.085683696413236 -0.9963223896756332 0
    outer loop
      vertex -492.00000017881393 16.52439993619919 30
      vertex -492.00000017881393 16.52439993619919 130
      vertex -494.986970181229 16.78127926916861 130
    endloop
  endfacet
  facet normal -0.006399620038306568 -0.9999795222220129 0
    outer loop
      vertex -447.00000017881393 14.680000364780426 30
      vertex -450 14.699199616909027 130
      vertex -450 14.699199616909027 30
    endloop
  endfacet
  facet normal -0.07756560677172013 -0.9969872499917615 0
    outer loop
      vertex -492.00000017881393 16.52439993619919 130
      vertex -485.99999964237213 16.057599902153015 30
      vertex -485.99999964237213 16.057599902153015 130
    endloop
  endfacet
  facet normal 0.005199839221239247 -0.9999864807446516 0
    outer loop
      vertex -444.00000035762787 14.695600092411041 30
      vertex -447.00000017881393 14.680000364780426 130
      vertex -447.00000017881393 14.680000364780426 30
    endloop
  endfacet
  facet normal 0.9445321851781943 0.32841886541808957 0
    outer loop
      vertex -420.6000003218651 23.72560006380081 30
      vertex -420 22 130
      vertex -420 22 30
    endloop
  endfacet
  facet normal -0.01343316307779567 0.9999097709942258 0
    outer loop
      vertex -450 29.300800383090973 130
      vertex -461.879999935627 29.141200006008148 31
      vertex -461.879999935627 29.141200006008148 130
    endloop
  endfacet
  facet normal -0.01343316307779567 0.9999097709942258 0
    outer loop
      vertex -461.879999935627 29.141200006008148 31
      vertex -450 29.300800383090973 130
      vertex -450 29.300800383090973 31
    endloop
  endfacet
  facet normal 0.021594787084705094 -0.9997668053955213 0
    outer loop
      vertex -440.99999964237213 14.760399580001831 30
      vertex -444.00000035762787 14.695600092411041 130
      vertex -444.00000035762787 14.695600092411041 30
    endloop
  endfacet
  facet normal 0.04355882168634289 -0.9990508640971678 0
    outer loop
      vertex -437.99999982118607 14.891200184822083 30
      vertex -440.99999964237213 14.760399580001831 130
      vertex -440.99999964237213 14.760399580001831 30
    endloop
  endfacet
  facet normal 0.04355882168634288 0.9990508640971676 0
    outer loop
      vertex -440.99999964237213 29.23960041999817 31
      vertex -437.99999982118607 29.108799815177917 130
      vertex -437.99999982118607 29.108799815177917 31
    endloop
  endfacet
  facet normal -0.02858825980044394 -0.9995912721715723 0
    outer loop
      vertex -461.879999935627 14.858799993991852 30
      vertex -467.8799995779991 15.030399680137634 130
      vertex -467.8799995779991 15.030399680137634 30
    endloop
  endfacet
  facet normal -0.04395746558374083 -0.999033403455287 0
    outer loop
      vertex -467.8799995779991 15.030399680137634 30
      vertex -473.8800001144409 15.294399678707123 130
      vertex -473.8800001144409 15.294399678707123 30
    endloop
  endfacet
  facet normal -0.06824061135248342 -0.9976688924499146 0
    outer loop
      vertex -485.99999964237213 16.057599902153015 130
      vertex -480 15.64719957113266 30
      vertex -480 15.64719957113266 130
    endloop
  endfacet
  facet normal -0.02858825980044394 0.9995912721715724 0
    outer loop
      vertex -461.879999935627 29.141200006008148 130
      vertex -467.8799995779991 28.969600319862366 31
      vertex -467.8799995779991 28.969600319862366 130
    endloop
  endfacet
  facet normal 0.02159478708470509 0.9997668053955212 0
    outer loop
      vertex -444.00000035762787 29.30439990758896 31
      vertex -440.99999964237213 29.23960041999817 130
      vertex -440.99999964237213 29.23960041999817 31
    endloop
  endfacet
  facet normal 0.005199839221239246 0.9999864807446516 0
    outer loop
      vertex -447.00000017881393 29.319999635219574 31
      vertex -444.00000035762787 29.30439990758896 130
      vertex -444.00000035762787 29.30439990758896 31
    endloop
  endfacet
  facet normal -0.04395746558374083 0.999033403455287 0
    outer loop
      vertex -467.8799995779991 28.969600319862366 130
      vertex -473.8800001144409 28.705600321292877 30
      vertex -473.8800001144409 28.705600321292877 130
    endloop
  endfacet
  facet normal -0.006399620038306568 0.9999795222220129 0
    outer loop
      vertex -450 29.300800383090973 31
      vertex -447.00000017881393 29.319999635219574 130
      vertex -447.00000017881393 29.319999635219574 31
    endloop
  endfacet
  facet normal -0.013433163077795672 -0.999909770994226 0
    outer loop
      vertex -450 14.699199616909027 30
      vertex -450 14.699199616909027 130
      vertex -461.879999935627 14.858799993991852 130
    endloop
  endfacet
  facet normal 0.005199839221239247 -0.9999864807446516 0
    outer loop
      vertex -447.00000017881393 14.680000364780426 130
      vertex -444.00000035762787 14.695600092411041 30
      vertex -444.00000035762787 14.695600092411041 130
    endloop
  endfacet
  facet normal -0.9048270524660077 -0.42577929156509803 0
    outer loop
      vertex -493.5234854713441 24.460984687737113 130
      vertex -493.25034095680627 23.88052304743978 30
      vertex -493.25034095680627 23.88052304743978 130
    endloop
  endfacet
  facet normal -0.9980267284282741 -0.06279051952927331 0
    outer loop
      vertex -492.9318931651815 22.64025078634109 130
      vertex -492.891612 22 30
      vertex -492.891612 22 130
    endloop
  endfacet
  facet normal -0.9822872507286835 -0.187381314585752 0
    outer loop
      vertex -493.05210140268844 23.270404435314298 130
      vertex -492.9318931651815 22.64025078634109 30
      vertex -492.9318931651815 22.64025078634109 130
    endloop
  endfacet
  facet normal -0.9510565162951631 -0.30901699437491814 0
    outer loop
      vertex -493.05210140268844 23.270404435314298 30
      vertex -493.05210140268844 23.270404435314298 130
      vertex -493.25034095680627 23.88052304743978 130
    endloop
  endfacet
  facet normal -0.8443279255020107 -0.5358267949790035 0
    outer loop
      vertex -493.5234854713441 24.460984687737113 30
      vertex -493.5234854713441 24.460984687737113 130
      vertex -493.86722729413896 25.00263512938784 130
    endloop
  endfacet
  facet normal -0.7705132427757747 -0.6374239897487073 0
    outer loop
      vertex -494.276145411304 25.49693222136084 130
      vertex -493.86722729413896 25.00263512938784 30
      vertex -493.86722729413896 25.00263512938784 130
    endloop
  endfacet
  facet normal -0.6845471059287078 -0.7289686274213937 0
    outer loop
      vertex -494.74379093985567 25.936080603236928 130
      vertex -494.276145411304 25.49693222136084 30
      vertex -494.276145411304 25.49693222136084 130
    endloop
  endfacet
  facet normal -0.5877852522924558 -0.8090169943749599 0
    outer loop
      vertex -495.26278883045086 26.313154642699388 130
      vertex -494.74379093985567 25.936080603236928 30
      vertex -494.74379093985567 25.936080603236928 130
    endloop
  endfacet
  facet normal -0.4817536741017234 -0.8763066800438591 0
    outer loop
      vertex -495.450286924197 26.416232592013593 130
      vertex -495.26278883045086 26.313154642699388 30
      vertex -495.26278883045086 26.313154642699388 130
    endloop
  endfacet
  facet normal -0.8660254037844335 0.5000000000000087 0
    outer loop
      vertex -494.986970181229 27.21872073083139 130
      vertex -495.450286924197 26.416232592013593 30
      vertex -495.450286924197 26.416232592013593 130
    endloop
  endfacet
  facet normal -0.9822872507286835 0.187381314585752 0
    outer loop
      vertex -492.9318931651815 21.35974921365891 130
      vertex -493.05210140268844 20.729595564685702 30
      vertex -493.05210140268844 20.729595564685702 130
    endloop
  endfacet
  facet normal -0.9822872507286835 -0.187381314585752 0
    outer loop
      vertex -492.9318931651815 22.64025078634109 30
      vertex -493.05210140268844 23.270404435314298 130
      vertex -493.05210140268844 23.270404435314298 30
    endloop
  endfacet
  facet normal -0.9510565162951631 -0.30901699437491814 0
    outer loop
      vertex -493.25034095680627 23.88052304743978 130
      vertex -493.25034095680627 23.88052304743978 30
      vertex -493.05210140268844 23.270404435314298 30
    endloop
  endfacet
  facet normal -0.7705132427757747 0.6374239897487073 0
    outer loop
      vertex -494.276145411304 18.50306777863916 30
      vertex -493.86722729413896 18.99736487061216 130
      vertex -493.86722729413896 18.99736487061216 30
    endloop
  endfacet
  facet normal -0.8443279255020107 0.5358267949790035 0
    outer loop
      vertex -493.5234854713441 19.539015312262887 130
      vertex -493.5234854713441 19.539015312262887 30
      vertex -493.86722729413896 18.99736487061216 30
    endloop
  endfacet
  facet normal -0.9510565162951631 0.30901699437491814 0
    outer loop
      vertex -493.25034095680627 20.11947695256022 30
      vertex -493.05210140268844 20.729595564685702 130
      vertex -493.05210140268844 20.729595564685702 30
    endloop
  endfacet
  facet normal -0.9822872507286835 0.187381314585752 0
    outer loop
      vertex -493.05210140268844 20.729595564685702 30
      vertex -492.9318931651815 21.35974921365891 130
      vertex -492.9318931651815 21.35974921365891 30
    endloop
  endfacet
  facet normal -0.9980267284282741 -0.06279051952927331 0
    outer loop
      vertex -492.891612 22 30
      vertex -492.9318931651815 22.64025078634109 130
      vertex -492.9318931651815 22.64025078634109 30
    endloop
  endfacet
  facet normal -0.9980267284282741 0.06279051952927331 0
    outer loop
      vertex -492.891612 22 130
      vertex -492.891612 22 30
      vertex -492.9318931651815 21.35974921365891 30
    endloop
  endfacet
  facet normal -0.9980267284282741 0.06279051952927331 0
    outer loop
      vertex -492.9318931651815 21.35974921365891 30
      vertex -492.9318931651815 21.35974921365891 130
      vertex -492.891612 22 130
    endloop
  endfacet
  facet normal -0.9048270524660077 0.42577929156509803 0
    outer loop
      vertex -493.5234854713441 19.539015312262887 30
      vertex -493.25034095680627 20.11947695256022 130
      vertex -493.25034095680627 20.11947695256022 30
    endloop
  endfacet
  facet normal -0.9510565162951631 0.30901699437491814 0
    outer loop
      vertex -493.05210140268844 20.729595564685702 130
      vertex -493.25034095680627 20.11947695256022 30
      vertex -493.25034095680627 20.11947695256022 130
    endloop
  endfacet
  facet normal -0.9048270524660077 0.42577929156509803 0
    outer loop
      vertex -493.25034095680627 20.11947695256022 130
      vertex -493.5234854713441 19.539015312262887 30
      vertex -493.5234854713441 19.539015312262887 130
    endloop
  endfacet
  facet normal -0.8443279255020107 0.5358267949790035 0
    outer loop
      vertex -493.86722729413896 18.99736487061216 30
      vertex -493.86722729413896 18.99736487061216 130
      vertex -493.5234854713441 19.539015312262887 130
    endloop
  endfacet
  facet normal -0.7705132427757747 0.6374239897487073 0
    outer loop
      vertex -493.86722729413896 18.99736487061216 130
      vertex -494.276145411304 18.50306777863916 30
      vertex -494.276145411304 18.50306777863916 130
    endloop
  endfacet
  facet normal -0.8660254037844356 -0.5000000000000054 0
    outer loop
      vertex -495.450286924197 17.583767407986414 130
      vertex -494.986970181229 16.78127926916861 30
      vertex -494.986970181229 16.78127926916861 130
    endloop
  endfacet
  facet normal -0.48175367410169784 0.876306680043873 0
    outer loop
      vertex -495.26278883045086 17.686845357300612 130
      vertex -495.450286924197 17.583767407986414 30
      vertex -495.450286924197 17.583767407986414 130
    endloop
  endfacet
  facet normal -0.6845471059287078 0.7289686274213937 0
    outer loop
      vertex -494.276145411304 18.50306777863916 130
      vertex -494.74379093985567 18.063919396763072 30
      vertex -494.74379093985567 18.063919396763072 130
    endloop
  endfacet
  facet normal -0.5877852522924558 0.8090169943749599 0
    outer loop
      vertex -494.74379093985567 18.063919396763072 130
      vertex -495.26278883045086 17.686845357300612 30
      vertex -495.26278883045086 17.686845357300612 130
    endloop
  endfacet
  facet normal -0.8443279255020107 -0.5358267949790035 0
    outer loop
      vertex -493.86722729413896 25.00263512938784 130
      vertex -493.86722729413896 25.00263512938784 30
      vertex -493.5234854713441 24.460984687737113 30
    endloop
  endfacet
  facet normal -0.7705132427757747 -0.6374239897487073 0
    outer loop
      vertex -493.86722729413896 25.00263512938784 30
      vertex -494.276145411304 25.49693222136084 130
      vertex -494.276145411304 25.49693222136084 30
    endloop
  endfacet
  facet normal -0.6845471059287078 -0.7289686274213937 0
    outer loop
      vertex -494.276145411304 25.49693222136084 30
      vertex -494.74379093985567 25.936080603236928 130
      vertex -494.74379093985567 25.936080603236928 30
    endloop
  endfacet
  facet normal -0.9048270524660077 -0.42577929156509803 0
    outer loop
      vertex -493.25034095680627 23.88052304743978 30
      vertex -493.5234854713441 24.460984687737113 130
      vertex -493.5234854713441 24.460984687737113 30
    endloop
  endfacet
  facet normal -0.5877852522924558 -0.8090169943749599 0
    outer loop
      vertex -494.74379093985567 25.936080603236928 30
      vertex -495.26278883045086 26.313154642699388 130
      vertex -495.26278883045086 26.313154642699388 30
    endloop
  endfacet
  facet normal -0.4817536741017234 -0.8763066800438591 0
    outer loop
      vertex -495.26278883045086 26.313154642699388 30
      vertex -495.450286924197 26.416232592013593 130
      vertex -495.450286924197 26.416232592013593 30
    endloop
  endfacet
  facet normal -0.6845471059287078 0.7289686274213937 0
    outer loop
      vertex -494.74379093985567 18.063919396763072 30
      vertex -494.276145411304 18.50306777863916 130
      vertex -494.276145411304 18.50306777863916 30
    endloop
  endfacet
  facet normal -0.8660254037844335 0.5000000000000087 0
    outer loop
      vertex -495.450286924197 26.416232592013593 30
      vertex -494.986970181229 27.21872073083139 130
      vertex -494.986970181229 27.21872073083139 30
    endloop
  endfacet
  facet normal -0.5877852522924558 0.8090169943749599 0
    outer loop
      vertex -495.26278883045086 17.686845357300612 30
      vertex -494.74379093985567 18.063919396763072 130
      vertex -494.74379093985567 18.063919396763072 30
    endloop
  endfacet
  facet normal -0.48175367410169784 0.876306680043873 0
    outer loop
      vertex -495.450286924197 17.583767407986414 30
      vertex -495.26278883045086 17.686845357300612 130
      vertex -495.26278883045086 17.686845357300612 30
    endloop
  endfacet
  facet normal -0.8660254037844356 -0.5000000000000054 0
    outer loop
      vertex -494.986970181229 16.78127926916861 30
      vertex -495.450286924197 17.583767407986414 130
      vertex -495.450286924197 17.583767407986414 30
    endloop
  endfacet
  facet normal 0 0 -1
    outer loop
      vertex -449.52512626584706 15.713392950129439 31
      vertex -449.9081463288892 15.51400532560948 31
      vertex -453.2810889132455 15.218911086754465 31
    endloop
  endfacet
  facet normal 0.04361938736533953 0.9990482215818577 0
    outer loop
      vertex -452 15.050252531694166 31
      vertex -452 15.050252531694166 30
      vertex -452.43139891701355 15.06908781518069 30
    endloop
  endfacet
  facet normal -0.3007057995042522 0.9537169507482336 0
    outer loop
      vertex -450.30708666146415 15.348758829279276 31
      vertex -450.30708666146415 15.348758829279276 30
      vertex -450.7189110867545 15.218911086754465 30
    endloop
  endfacet
  facet normal -0.3007057995042522 0.9537169507482336 0
    outer loop
      vertex -450.7189110867545 15.218911086754465 30
      vertex -450.7189110867545 15.218911086754465 31
      vertex -450.30708666146415 15.348758829279276 31
    endloop
  endfacet
  facet normal -0.1305261922200558 0.9914448613738098 0
    outer loop
      vertex -451.56860108298645 15.06908781518069 30
      vertex -451.56860108298645 15.06908781518069 31
      vertex -451.1404853722172 15.125450317759867 31
    endloop
  endfacet
  facet normal -0.1305261922200558 0.9914448613738098 0
    outer loop
      vertex -451.1404853722172 15.125450317759867 31
      vertex -451.1404853722172 15.125450317759867 30
      vertex -451.56860108298645 15.06908781518069 30
    endloop
  endfacet
  facet normal -0.3826834323651279 0.923879532511271 0
    outer loop
      vertex -450.30708666146415 15.348758829279276 30
      vertex -450.30708666146415 15.348758829279276 31
      vertex -449.9081463288892 15.51400532560948 31
    endloop
  endfacet
  facet normal -0.04361938736533953 0.9990482215818577 0
    outer loop
      vertex -451.56860108298645 15.06908781518069 31
      vertex -451.56860108298645 15.06908781518069 30
      vertex -452 15.050252531694166 30
    endloop
  endfacet
  facet normal 0 0 -1
    outer loop
      vertex -449.9081463288892 15.51400532560948 31
      vertex -450.30708666146415 15.348758829279276 31
      vertex -453.2810889132455 15.218911086754465 31
    endloop
  endfacet
  facet normal -0.21643961393810465 0.9762960071199329 0
    outer loop
      vertex -450.7189110867545 15.218911086754465 31
      vertex -450.7189110867545 15.218911086754465 30
      vertex -451.1404853722172 15.125450317759867 30
    endloop
  endfacet
  facet normal -0.21643961393810465 0.9762960071199329 0
    outer loop
      vertex -451.1404853722172 15.125450317759867 30
      vertex -451.1404853722172 15.125450317759867 31
      vertex -450.7189110867545 15.218911086754465 31
    endloop
  endfacet
  facet normal 0.21643961393810465 0.9762960071199329 0
    outer loop
      vertex -452.8595146277828 15.125450317759867 31
      vertex -452.8595146277828 15.125450317759867 30
      vertex -453.2810889132455 15.218911086754465 30
    endloop
  endfacet
  facet normal 0 0 -1
    outer loop
      vertex -452.43139891701355 15.06908781518069 31
      vertex -452.8595146277828 15.125450317759867 31
      vertex -453.2810889132455 15.218911086754465 31
    endloop
  endfacet
  facet normal 0 0 -1
    outer loop
      vertex -450.30708666146415 15.348758829279276 31
      vertex -450.7189110867545 15.218911086754465 31
      vertex -453.2810889132455 15.218911086754465 31
    endloop
  endfacet
  facet normal 0 0 -1
    outer loop
      vertex -451.1404853722172 15.125450317759867 31
      vertex -451.56860108298645 15.06908781518069 31
      vertex -453.2810889132455 15.218911086754465 31
    endloop
  endfacet
  facet normal 0 0 -1
    outer loop
      vertex -450.7189110867545 15.218911086754465 31
      vertex -451.1404853722172 15.125450317759867 31
      vertex -453.2810889132455 15.218911086754465 31
    endloop
  endfacet
  facet normal 0 0 -1
    outer loop
      vertex -451.56860108298645 15.06908781518069 31
      vertex -452 15.050252531694166 31
      vertex -453.2810889132455 15.218911086754465 31
    endloop
  endfacet
  facet normal 0 0 -1
    outer loop
      vertex -453.2810889132455 15.218911086754465 31
      vertex -461.879999935627 29.141200006008148 31
      vertex -450 29.300800383090973 31
    endloop
  endfacet
  facet normal 0 0 -1
    outer loop
      vertex -447.00000017881393 29.319999635219574 31
      vertex -453.2810889132455 15.218911086754465 31
      vertex -450 29.300800383090973 31
    endloop
  endfacet
  facet normal 0 0 -1
    outer loop
      vertex -453.2810889132455 15.218911086754465 31
      vertex -434.2285300299879 26.218911086754467 31
      vertex -433.7541420237295 24.646360587574666 31
    endloop
  endfacet
  facet normal 0 0 -1
    outer loop
      vertex -434.2285300299879 26.218911086754467 31
      vertex -453.2810889132455 15.218911086754465 31
      vertex -434.838169653425 27.744131917482882 31
    endloop
  endfacet
  facet normal 0 0 -1
    outer loop
      vertex -453.2810889132455 15.218911086754465 31
      vertex -447.00000017881393 29.319999635219574 31
      vertex -444.00000035762787 29.30439990758896 31
    endloop
  endfacet
  facet normal 0 0 -1
    outer loop
      vertex -453.2810889132455 15.218911086754465 31
      vertex -444.00000035762787 29.30439990758896 31
      vertex -440.99999964237213 29.23960041999817 31
    endloop
  endfacet
  facet normal 0 0 -1
    outer loop
      vertex -453.2810889132455 15.218911086754465 31
      vertex -440.99999964237213 29.23960041999817 31
      vertex -437.99999982118607 29.108799815177917 31
    endloop
  endfacet
  facet normal 0 0 -1
    outer loop
      vertex -434.838169653425 27.744131917482882 31
      vertex -453.2810889132455 15.218911086754465 31
      vertex -437.99999982118607 29.108799815177917 31
    endloop
  endfacet
  facet normal -0.9573856722512443 -0.2888125249500669 0
    outer loop
      vertex -433.7541420237295 24.646360587574666 30
      vertex -433.7541420237295 24.646360587574666 31
      vertex -434.2285300299879 26.218911086754467 31
    endloop
  endfacet
  facet normal -0.3826834323651279 0.923879532511271 0
    outer loop
      vertex -449.9081463288892 15.51400532560948 31
      vertex -449.9081463288892 15.51400532560948 30
      vertex -450.30708666146415 15.348758829279276 30
    endloop
  endfacet
  facet normal -0.4928487138693626 0.8701150183954506 0
    outer loop
      vertex -449.52512626584706 15.713392950129439 30
      vertex -433.7541420237295 24.646360587574666 31
      vertex -433.7541420237295 24.646360587574666 30
    endloop
  endfacet
  facet normal -0.4928487138693626 0.8701150183954506 0
    outer loop
      vertex -449.52512626584706 15.713392950129439 30
      vertex -449.52512626584706 15.713392950129439 31
      vertex -433.7541420237295 24.646360587574666 31
    endloop
  endfacet
  facet normal 0 0 -1
    outer loop
      vertex -449.52512626584706 15.713392950129439 31
      vertex -453.2810889132455 15.218911086754465 31
      vertex -433.7541420237295 24.646360587574666 31
    endloop
  endfacet
  facet normal 0 0 -1
    outer loop
      vertex -453.2810889132455 15.218911086754465 31
      vertex -454.47487373415294 15.713392950129439 31
      vertex -470.2458579762705 24.646360587574666 31
    endloop
  endfacet
  facet normal 0.4928487138693626 0.8701150183954506 0
    outer loop
      vertex -454.47487373415294 15.713392950129439 31
      vertex -454.47487373415294 15.713392950129439 30
      vertex -470.2458579762705 24.646360587574666 30
    endloop
  endfacet
  facet normal 0.4928487138693626 0.8701150183954506 0
    outer loop
      vertex -470.2458579762705 24.646360587574666 30
      vertex -470.2458579762705 24.646360587574666 31
      vertex -454.47487373415294 15.713392950129439 31
    endloop
  endfacet
  facet normal -0.4617486132349909 0.8870108331782441 0
    outer loop
      vertex -449.52512626584706 15.713392950129439 31
      vertex -449.52512626584706 15.713392950129439 30
      vertex -449.9081463288892 15.51400532560948 30
    endloop
  endfacet
  facet normal -0.4617486132349909 0.8870108331782441 0
    outer loop
      vertex -449.9081463288892 15.51400532560948 30
      vertex -449.9081463288892 15.51400532560948 31
      vertex -449.52512626584706 15.713392950129439 31
    endloop
  endfacet
  facet normal 0 0 -1
    outer loop
      vertex -470.2458579762705 24.646360587574666 31
      vertex -469.7714699700121 26.218911086754467 31
      vertex -453.2810889132455 15.218911086754465 31
    endloop
  endfacet
  facet normal 0.4617486132349909 0.8870108331782441 0
    outer loop
      vertex -454.0918536711108 15.51400532560948 31
      vertex -454.0918536711108 15.51400532560948 30
      vertex -454.47487373415294 15.713392950129439 30
    endloop
  endfacet
  facet normal -0.9285708605988494 -0.3711551654587501 0
    outer loop
      vertex -434.838169653425 27.744131917482882 31
      vertex -434.2285300299879 26.218911086754467 30
      vertex -434.2285300299879 26.218911086754467 31
    endloop
  endfacet
  facet normal -0.9285708605988494 -0.3711551654587501 0
    outer loop
      vertex -434.838169653425 27.744131917482882 31
      vertex -434.838169653425 27.744131917482882 30
      vertex -434.2285300299879 26.218911086754467 30
    endloop
  endfacet
  facet normal -0.9573856722512443 -0.2888125249500669 0
    outer loop
      vertex -434.2285300299879 26.218911086754467 31
      vertex -434.2285300299879 26.218911086754467 30
      vertex -433.7541420237295 24.646360587574666 30
    endloop
  endfacet
  facet normal -0.8926890640108693 -0.45067309104870923 0
    outer loop
      vertex -435.4316906185034 28.919772720783968 31
      vertex -434.838169653425 27.744131917482882 30
      vertex -434.838169653425 27.744131917482882 31
    endloop
  endfacet
  facet normal 0 0 -1
    outer loop
      vertex -434.838169653425 27.744131917482882 31
      vertex -437.99999982118607 29.108799815177917 31
      vertex -435.4316906185034 28.919772720783968 31
    endloop
  endfacet
  facet normal -0.8926890640108693 -0.45067309104870923 0
    outer loop
      vertex -435.4316906185034 28.919772720783968 31
      vertex -435.4316906185034 28.919772720783968 30
      vertex -434.838169653425 27.744131917482882 30
    endloop
  endfacet
  facet normal 0.9573856722512443 -0.2888125249500669 0
    outer loop
      vertex -470.2458579762705 24.646360587574666 31
      vertex -470.2458579762705 24.646360587574666 30
      vertex -469.7714699700121 26.218911086754467 30
    endloop
  endfacet
  facet normal 0.04361938736533953 0.9990482215818577 0
    outer loop
      vertex -452.43139891701355 15.06908781518069 30
      vertex -452.43139891701355 15.06908781518069 31
      vertex -452 15.050252531694166 31
    endloop
  endfacet
  facet normal 0 0 -1
    outer loop
      vertex -469.7714699700121 26.218911086754467 31
      vertex -469.161830346575 27.744131917482882 31
      vertex -453.2810889132455 15.218911086754465 31
    endloop
  endfacet
  facet normal 0.892689064010869 -0.4506730910487095 0
    outer loop
      vertex -469.161830346575 27.744131917482882 31
      vertex -468.55821950930124 28.939758645714825 30
      vertex -468.55821950930124 28.939758645714825 31
    endloop
  endfacet
  facet normal 0 0 -1
    outer loop
      vertex -453.2810889132455 15.218911086754465 31
      vertex -469.161830346575 27.744131917482882 31
      vertex -468.55821950930124 28.939758645714825 31
    endloop
  endfacet
  facet normal 0 0 -1
    outer loop
      vertex -453.2810889132455 15.218911086754465 31
      vertex -468.55821950930124 28.939758645714825 31
      vertex -467.8799995779991 28.969600319862366 31
    endloop
  endfacet
  facet normal 0.892689064010869 -0.4506730910487095 0
    outer loop
      vertex -469.161830346575 27.744131917482882 31
      vertex -469.161830346575 27.744131917482882 30
      vertex -468.55821950930124 28.939758645714825 30
    endloop
  endfacet
  facet normal 0 0 -1
    outer loop
      vertex -453.2810889132455 15.218911086754465 31
      vertex -467.8799995779991 28.969600319862366 31
      vertex -461.879999935627 29.141200006008148 31
    endloop
  endfacet
  facet normal 0.9285708605988494 -0.3711551654587501 0
    outer loop
      vertex -469.7714699700121 26.218911086754467 31
      vertex -469.161830346575 27.744131917482882 30
      vertex -469.161830346575 27.744131917482882 31
    endloop
  endfacet
  facet normal 0.9285708605988494 -0.3711551654587501 0
    outer loop
      vertex -469.7714699700121 26.218911086754467 31
      vertex -469.7714699700121 26.218911086754467 30
      vertex -469.161830346575 27.744131917482882 30
    endloop
  endfacet
  facet normal 0.21643961393810465 0.9762960071199329 0
    outer loop
      vertex -453.2810889132455 15.218911086754465 30
      vertex -453.2810889132455 15.218911086754465 31
      vertex -452.8595146277828 15.125450317759867 31
    endloop
  endfacet
  facet normal -0.04361938736533953 0.9990482215818577 0
    outer loop
      vertex -452 15.050252531694166 30
      vertex -452 15.050252531694166 31
      vertex -451.56860108298645 15.06908781518069 31
    endloop
  endfacet
  facet normal 0.9573856722512443 -0.2888125249500669 0
    outer loop
      vertex -469.7714699700121 26.218911086754467 30
      vertex -469.7714699700121 26.218911086754467 31
      vertex -470.2458579762705 24.646360587574666 31
    endloop
  endfacet
  facet normal 0 0 -1
    outer loop
      vertex -452 15.050252531694166 31
      vertex -452.43139891701355 15.06908781518069 31
      vertex -453.2810889132455 15.218911086754465 31
    endloop
  endfacet
  facet normal 0.1305261922200558 0.9914448613738098 0
    outer loop
      vertex -452.43139891701355 15.06908781518069 31
      vertex -452.43139891701355 15.06908781518069 30
      vertex -452.8595146277828 15.125450317759867 30
    endloop
  endfacet
  facet normal 0.1305261922200558 0.9914448613738098 0
    outer loop
      vertex -452.8595146277828 15.125450317759867 30
      vertex -452.8595146277828 15.125450317759867 31
      vertex -452.43139891701355 15.06908781518069 31
    endloop
  endfacet
  facet normal 0.4617486132349909 0.8870108331782441 0
    outer loop
      vertex -454.47487373415294 15.713392950129439 30
      vertex -454.47487373415294 15.713392950129439 31
      vertex -454.0918536711108 15.51400532560948 31
    endloop
  endfacet
  facet normal 0 0 -1
    outer loop
      vertex -454.47487373415294 15.713392950129439 31
      vertex -453.2810889132455 15.218911086754465 31
      vertex -454.0918536711108 15.51400532560948 31
    endloop
  endfacet
  facet normal 0.3826834323651279 0.923879532511271 0
    outer loop
      vertex -453.69291333853585 15.348758829279276 31
      vertex -453.69291333853585 15.348758829279276 30
      vertex -454.0918536711108 15.51400532560948 30
    endloop
  endfacet
  facet normal 0.3826834323651279 0.923879532511271 0
    outer loop
      vertex -454.0918536711108 15.51400532560948 30
      vertex -454.0918536711108 15.51400532560948 31
      vertex -453.69291333853585 15.348758829279276 31
    endloop
  endfacet
  facet normal 0.3007057995042522 0.9537169507482336 0
    outer loop
      vertex -453.69291333853585 15.348758829279276 30
      vertex -453.69291333853585 15.348758829279276 31
      vertex -453.2810889132455 15.218911086754465 31
    endloop
  endfacet
  facet normal 0.3007057995042522 0.9537169507482336 0
    outer loop
      vertex -453.2810889132455 15.218911086754465 31
      vertex -453.2810889132455 15.218911086754465 30
      vertex -453.69291333853585 15.348758829279276 30
    endloop
  endfacet
  facet normal 0 0 -1
    outer loop
      vertex -453.69291333853585 15.348758829279276 31
      vertex -454.0918536711108 15.51400532560948 31
      vertex -453.2810889132455 15.218911086754465 31
    endloop
  endfacet
  facet normal -0.9048270524660678 0.42577929156497046 0
    outer loop
      vertex -421.12369331995615 21.518246325898286 30
      vertex -421.12369331995615 21.518246325898286 130
      vertex -421.0702235141118 21.631875447315323 130
    endloop
  endfacet
  facet normal -0.6845471059287179 0.728968627421384 0
    outer loop
      vertex -421.3625760102513 21.229486757224212 30
      vertex -421.3625760102513 21.229486757224212 130
      vertex -421.2710313725786 21.31545289407131 130
    endloop
  endfacet
  facet normal 0.9048270524660678 0.42577929156497046 0
    outer loop
      vertex -422.9297764858882 21.631875447315323 30
      vertex -422.9297764858882 21.631875447315323 130
      vertex -422.87630668004385 21.518246325898286 130
    endloop
  endfacet
  facet normal 0.9822872507286105 0.1873813145861344 0
    outer loop
      vertex -422.9921147013145 21.874666766435695 30
      vertex -422.9921147013145 21.874666766435695 130
      vertex -422.9685831611286 21.751310112835146 130
    endloop
  endfacet
  facet normal -0.7705132427758564 0.6374239897486086 0
    outer loop
      vertex -421.2710313725786 21.31545289407131 30
      vertex -421.2710313725786 21.31545289407131 130
      vertex -421.19098300562507 21.412214747707527 130
    endloop
  endfacet
  facet normal -0.8443279255019863 0.535826794979042 0
    outer loop
      vertex -421.19098300562507 21.412214747707527 30
      vertex -421.19098300562507 21.412214747707527 130
      vertex -421.12369331995615 21.518246325898286 130
    endloop
  endfacet
  facet normal 0.9980267284282855 0.06279051952908977 0
    outer loop
      vertex -423 22 30
      vertex -423 22 130
      vertex -422.9921147013145 21.874666766435695 130
    endloop
  endfacet
  facet normal -0.4817536741015692 0.8763066800439439 0
    outer loop
      vertex -421.57422070843495 21.09517294753398 30
      vertex -421.57422070843495 21.09517294753398 130
      vertex -421.464173205021 21.155672074497986 130
    endloop
  endfacet
  facet normal 0.9510565162951518 0.3090169943749525 0
    outer loop
      vertex -422.9685831611286 21.751310112835146 30
      vertex -422.9685831611286 21.751310112835146 130
      vertex -422.9297764858882 21.631875447315323 130
    endloop
  endfacet
  facet normal 0.8443279255019863 0.535826794979042 0
    outer loop
      vertex -422.87630668004385 21.518246325898286 30
      vertex -422.87630668004385 21.518246325898286 130
      vertex -422.80901699437493 21.412214747707527 130
    endloop
  endfacet
  facet normal -0.8443279255019863 0.535826794979042 0
    outer loop
      vertex -421.12369331995615 21.518246325898286 130
      vertex -421.12369331995615 21.518246325898286 30
      vertex -421.19098300562507 21.412214747707527 30
    endloop
  endfacet
  facet normal 0.7705132427758564 0.6374239897486086 0
    outer loop
      vertex -422.80901699437493 21.412214747707527 30
      vertex -422.80901699437493 21.412214747707527 130
      vertex -422.7289686274214 21.31545289407131 130
    endloop
  endfacet
  facet normal 0.5877852522925203 0.8090169943749131 0
    outer loop
      vertex -422.6374239897487 21.229486757224212 30
      vertex -422.6374239897487 21.229486757224212 130
      vertex -422.535826794979 21.155672074497986 130
    endloop
  endfacet
  facet normal -0.9822872507286105 0.1873813145861344 0
    outer loop
      vertex -421.0078852986855 21.874666766435695 130
      vertex -421.0078852986855 21.874666766435695 30
      vertex -421.0314168388714 21.751310112835146 30
    endloop
  endfacet
  facet normal -0.9980267284282855 0.06279051952908977 0
    outer loop
      vertex -421 22 130
      vertex -421 22 30
      vertex -421.0078852986855 21.874666766435695 30
    endloop
  endfacet
  facet normal -0.9510565162951518 0.3090169943749525 0
    outer loop
      vertex -421.0702235141118 21.631875447315323 30
      vertex -421.0702235141118 21.631875447315323 130
      vertex -421.0314168388714 21.751310112835146 130
    endloop
  endfacet
  facet normal 0.12533323356430998 0.9921147013144772 0
    outer loop
      vertex -422.1873813145857 21.01771274927131 30
      vertex -422.1873813145857 21.01771274927131 130
      vertex -422.0627905195293 21.001973271571728 130
    endloop
  endfacet
  facet normal 0.8443279255019863 0.535826794979042 0
    outer loop
      vertex -422.80901699437493 21.412214747707527 130
      vertex -422.80901699437493 21.412214747707527 30
      vertex -422.87630668004385 21.518246325898286 30
    endloop
  endfacet
  facet normal -0.9048270524660678 0.42577929156497046 0
    outer loop
      vertex -421.0702235141118 21.631875447315323 130
      vertex -421.0702235141118 21.631875447315323 30
      vertex -421.12369331995615 21.518246325898286 30
    endloop
  endfacet
  facet normal -0.9510565162951518 0.3090169943749525 0
    outer loop
      vertex -421.0314168388714 21.751310112835146 130
      vertex -421.0314168388714 21.751310112835146 30
      vertex -421.0702235141118 21.631875447315323 30
    endloop
  endfacet
  facet normal 0.3681245526846988 0.9297764858882431 0
    outer loop
      vertex -422.42577929156505 21.09517294753398 30
      vertex -422.42577929156505 21.09517294753398 130
      vertex -422.30901699437493 21.048943483704846 130
    endloop
  endfacet
  facet normal -0.5877852522925203 0.8090169943749131 0
    outer loop
      vertex -421.464173205021 21.155672074497986 30
      vertex -421.464173205021 21.155672074497986 130
      vertex -421.3625760102513 21.229486757224212 130
    endloop
  endfacet
  facet normal 0.2486898871648574 0.9685831611286304 0
    outer loop
      vertex -422.30901699437493 21.048943483704846 30
      vertex -422.30901699437493 21.048943483704846 130
      vertex -422.1873813145857 21.01771274927131 130
    endloop
  endfacet
  facet normal 0 1 0
    outer loop
      vertex -422.0627905195293 21.001973271571728 30
      vertex -422.0627905195293 21.001973271571728 130
      vertex -421.9372094804707 21.001973271571728 130
    endloop
  endfacet
  facet normal -0.12533323356430998 0.9921147013144772 0
    outer loop
      vertex -421.9372094804707 21.001973271571728 30
      vertex -421.9372094804707 21.001973271571728 130
      vertex -421.8126186854143 21.01771274927131 130
    endloop
  endfacet
  facet normal -0.2486898871648574 0.9685831611286304 0
    outer loop
      vertex -421.8126186854143 21.01771274927131 30
      vertex -421.8126186854143 21.01771274927131 130
      vertex -421.69098300562507 21.048943483704846 130
    endloop
  endfacet
  facet normal -0.3681245526846988 0.9297764858882431 0
    outer loop
      vertex -421.69098300562507 21.048943483704846 30
      vertex -421.69098300562507 21.048943483704846 130
      vertex -421.57422070843495 21.09517294753398 130
    endloop
  endfacet
  facet normal 0.4817536741015692 0.8763066800439439 0
    outer loop
      vertex -422.535826794979 21.155672074497986 30
      vertex -422.535826794979 21.155672074497986 130
      vertex -422.42577929156505 21.09517294753398 130
    endloop
  endfacet
  facet normal 0.6845471059287179 0.728968627421384 0
    outer loop
      vertex -422.7289686274214 21.31545289407131 30
      vertex -422.7289686274214 21.31545289407131 130
      vertex -422.6374239897487 21.229486757224212 130
    endloop
  endfacet
  facet normal -0.9980267284282855 0.06279051952908977 0
    outer loop
      vertex -421.0078852986855 21.874666766435695 30
      vertex -421.0078852986855 21.874666766435695 130
      vertex -421 22 130
    endloop
  endfacet
  facet normal -0.9822872507286105 0.1873813145861344 0
    outer loop
      vertex -421.0314168388714 21.751310112835146 30
      vertex -421.0314168388714 21.751310112835146 130
      vertex -421.0078852986855 21.874666766435695 130
    endloop
  endfacet
  facet normal -0.7705132427758564 -0.6374239897486086 0
    outer loop
      vertex -421.19098300562507 22.587785252292473 30
      vertex -421.19098300562507 22.587785252292473 130
      vertex -421.2710313725786 22.68454710592869 130
    endloop
  endfacet
  facet normal 0.9822872507286105 -0.1873813145861344 0
    outer loop
      vertex -422.9685831611286 22.248689887164854 30
      vertex -422.9685831611286 22.248689887164854 130
      vertex -422.9921147013145 22.125333233564305 130
    endloop
  endfacet
  facet normal 0.9510565162951518 -0.3090169943749525 0
    outer loop
      vertex -422.9297764858882 22.368124552684677 30
      vertex -422.9297764858882 22.368124552684677 130
      vertex -422.9685831611286 22.248689887164854 130
    endloop
  endfacet
  facet normal 0.9048270524660678 -0.42577929156497046 0
    outer loop
      vertex -422.87630668004385 22.481753674101714 30
      vertex -422.87630668004385 22.481753674101714 130
      vertex -422.9297764858882 22.368124552684677 130
    endloop
  endfacet
  facet normal 0.8443279255019863 -0.535826794979042 0
    outer loop
      vertex -422.80901699437493 22.587785252292473 30
      vertex -422.80901699437493 22.587785252292473 130
      vertex -422.87630668004385 22.481753674101714 130
    endloop
  endfacet
  facet normal 0.7705132427758564 -0.6374239897486086 0
    outer loop
      vertex -422.7289686274214 22.68454710592869 30
      vertex -422.7289686274214 22.68454710592869 130
      vertex -422.80901699437493 22.587785252292473 130
    endloop
  endfacet
  facet normal 0.6845471059287179 -0.728968627421384 0
    outer loop
      vertex -422.6374239897487 22.770513242775788 30
      vertex -422.6374239897487 22.770513242775788 130
      vertex -422.7289686274214 22.68454710592869 130
    endloop
  endfacet
  facet normal 0.5877852522925203 -0.8090169943749131 0
    outer loop
      vertex -422.535826794979 22.844327925502014 30
      vertex -422.535826794979 22.844327925502014 130
      vertex -422.6374239897487 22.770513242775788 130
    endloop
  endfacet
  facet normal 0.4817536741015692 -0.8763066800439439 0
    outer loop
      vertex -422.42577929156505 22.90482705246602 30
      vertex -422.42577929156505 22.90482705246602 130
      vertex -422.535826794979 22.844327925502014 130
    endloop
  endfacet
  facet normal -0.9980267284282855 -0.06279051952908977 0
    outer loop
      vertex -421 22 30
      vertex -421 22 130
      vertex -421.0078852986855 22.125333233564305 130
    endloop
  endfacet
  facet normal -0.9822872507286105 -0.1873813145861344 0
    outer loop
      vertex -421.0078852986855 22.125333233564305 30
      vertex -421.0078852986855 22.125333233564305 130
      vertex -421.0314168388714 22.248689887164854 130
    endloop
  endfacet
  facet normal -0.9510565162951518 -0.3090169943749525 0
    outer loop
      vertex -421.0314168388714 22.248689887164854 30
      vertex -421.0314168388714 22.248689887164854 130
      vertex -421.0702235141118 22.368124552684677 130
    endloop
  endfacet
  facet normal -0.9048270524660678 -0.42577929156497046 0
    outer loop
      vertex -421.0702235141118 22.368124552684677 30
      vertex -421.0702235141118 22.368124552684677 130
      vertex -421.12369331995615 22.481753674101714 130
    endloop
  endfacet
  facet normal 0.9980267284282855 -0.06279051952908977 0
    outer loop
      vertex -422.9921147013145 22.125333233564305 30
      vertex -422.9921147013145 22.125333233564305 130
      vertex -423 22 130
    endloop
  endfacet
  facet normal -0.6845471059287179 -0.728968627421384 0
    outer loop
      vertex -421.2710313725786 22.68454710592869 30
      vertex -421.2710313725786 22.68454710592869 130
      vertex -421.3625760102513 22.770513242775788 130
    endloop
  endfacet
  facet normal -0.5877852522925203 -0.8090169943749131 0
    outer loop
      vertex -421.3625760102513 22.770513242775788 30
      vertex -421.3625760102513 22.770513242775788 130
      vertex -421.464173205021 22.844327925502014 130
    endloop
  endfacet
  facet normal -0.4817536741015692 -0.8763066800439439 0
    outer loop
      vertex -421.464173205021 22.844327925502014 30
      vertex -421.464173205021 22.844327925502014 130
      vertex -421.57422070843495 22.90482705246602 130
    endloop
  endfacet
  facet normal -0.8443279255019863 -0.535826794979042 0
    outer loop
      vertex -421.12369331995615 22.481753674101714 30
      vertex -421.12369331995615 22.481753674101714 130
      vertex -421.19098300562507 22.587785252292473 130
    endloop
  endfacet
  facet normal 0.3681245526846988 -0.9297764858882431 0
    outer loop
      vertex -422.30901699437493 22.951056516295154 30
      vertex -422.30901699437493 22.951056516295154 130
      vertex -422.42577929156505 22.90482705246602 130
    endloop
  endfacet
  facet normal 0.2486898871648574 -0.9685831611286304 0
    outer loop
      vertex -422.1873813145857 22.98228725072869 30
      vertex -422.1873813145857 22.98228725072869 130
      vertex -422.30901699437493 22.951056516295154 130
    endloop
  endfacet
  facet normal 0.12533323356430998 -0.9921147013144772 0
    outer loop
      vertex -422.0627905195293 22.998026728428272 30
      vertex -422.0627905195293 22.998026728428272 130
      vertex -422.1873813145857 22.98228725072869 130
    endloop
  endfacet
  facet normal 0 -1 0
    outer loop
      vertex -421.9372094804707 22.998026728428272 30
      vertex -421.9372094804707 22.998026728428272 130
      vertex -422.0627905195293 22.998026728428272 130
    endloop
  endfacet
  facet normal -0.12533323356430998 -0.9921147013144772 0
    outer loop
      vertex -421.8126186854143 22.98228725072869 30
      vertex -421.8126186854143 22.98228725072869 130
      vertex -421.9372094804707 22.998026728428272 130
    endloop
  endfacet
  facet normal -0.2486898871648574 -0.9685831611286304 0
    outer loop
      vertex -421.69098300562507 22.951056516295154 30
      vertex -421.69098300562507 22.951056516295154 130
      vertex -421.8126186854143 22.98228725072869 130
    endloop
  endfacet
  facet normal -0.3681245526846988 -0.9297764858882431 0
    outer loop
      vertex -421.57422070843495 22.90482705246602 30
      vertex -421.57422070843495 22.90482705246602 130
      vertex -421.69098300562507 22.951056516295154 130
    endloop
  endfacet
  facet normal -0.7705132427758564 -0.6374239897486086 0
    outer loop
      vertex -421.2710313725786 22.68454710592869 130
      vertex -421.2710313725786 22.68454710592869 30
      vertex -421.19098300562507 22.587785252292473 30
    endloop
  endfacet
  facet normal 0.9822872507286105 -0.1873813145861344 0
    outer loop
      vertex -422.9921147013145 22.125333233564305 130
      vertex -422.9921147013145 22.125333233564305 30
      vertex -422.9685831611286 22.248689887164854 30
    endloop
  endfacet
  facet normal 0.9510565162951518 -0.3090169943749525 0
    outer loop
      vertex -422.9685831611286 22.248689887164854 130
      vertex -422.9685831611286 22.248689887164854 30
      vertex -422.9297764858882 22.368124552684677 30
    endloop
  endfacet
  facet normal 0.9048270524660678 -0.42577929156497046 0
    outer loop
      vertex -422.9297764858882 22.368124552684677 130
      vertex -422.9297764858882 22.368124552684677 30
      vertex -422.87630668004385 22.481753674101714 30
    endloop
  endfacet
  facet normal 0.8443279255019863 -0.535826794979042 0
    outer loop
      vertex -422.87630668004385 22.481753674101714 130
      vertex -422.87630668004385 22.481753674101714 30
      vertex -422.80901699437493 22.587785252292473 30
    endloop
  endfacet
  facet normal 0.7705132427758564 -0.6374239897486086 0
    outer loop
      vertex -422.80901699437493 22.587785252292473 130
      vertex -422.80901699437493 22.587785252292473 30
      vertex -422.7289686274214 22.68454710592869 30
    endloop
  endfacet
  facet normal 0.6845471059287179 -0.728968627421384 0
    outer loop
      vertex -422.7289686274214 22.68454710592869 130
      vertex -422.7289686274214 22.68454710592869 30
      vertex -422.6374239897487 22.770513242775788 30
    endloop
  endfacet
  facet normal 0.5877852522925203 -0.8090169943749131 0
    outer loop
      vertex -422.6374239897487 22.770513242775788 130
      vertex -422.6374239897487 22.770513242775788 30
      vertex -422.535826794979 22.844327925502014 30
    endloop
  endfacet
  facet normal 0.4817536741015692 -0.8763066800439439 0
    outer loop
      vertex -422.535826794979 22.844327925502014 130
      vertex -422.535826794979 22.844327925502014 30
      vertex -422.42577929156505 22.90482705246602 30
    endloop
  endfacet
  facet normal -0.9980267284282855 -0.06279051952908977 0
    outer loop
      vertex -421.0078852986855 22.125333233564305 130
      vertex -421.0078852986855 22.125333233564305 30
      vertex -421 22 30
    endloop
  endfacet
  facet normal -0.9822872507286105 -0.1873813145861344 0
    outer loop
      vertex -421.0314168388714 22.248689887164854 130
      vertex -421.0314168388714 22.248689887164854 30
      vertex -421.0078852986855 22.125333233564305 30
    endloop
  endfacet
  facet normal -0.9510565162951518 -0.3090169943749525 0
    outer loop
      vertex -421.0702235141118 22.368124552684677 130
      vertex -421.0702235141118 22.368124552684677 30
      vertex -421.0314168388714 22.248689887164854 30
    endloop
  endfacet
  facet normal -0.9048270524660678 -0.42577929156497046 0
    outer loop
      vertex -421.12369331995615 22.481753674101714 130
      vertex -421.12369331995615 22.481753674101714 30
      vertex -421.0702235141118 22.368124552684677 30
    endloop
  endfacet
  facet normal 0.9980267284282855 -0.06279051952908977 0
    outer loop
      vertex -423 22 130
      vertex -423 22 30
      vertex -422.9921147013145 22.125333233564305 30
    endloop
  endfacet
  facet normal -0.6845471059287179 -0.728968627421384 0
    outer loop
      vertex -421.3625760102513 22.770513242775788 130
      vertex -421.3625760102513 22.770513242775788 30
      vertex -421.2710313725786 22.68454710592869 30
    endloop
  endfacet
  facet normal -0.4817536741015692 -0.8763066800439439 0
    outer loop
      vertex -421.57422070843495 22.90482705246602 130
      vertex -421.57422070843495 22.90482705246602 30
      vertex -421.464173205021 22.844327925502014 30
    endloop
  endfacet
  facet normal -0.5877852522925203 -0.8090169943749131 0
    outer loop
      vertex -421.464173205021 22.844327925502014 130
      vertex -421.464173205021 22.844327925502014 30
      vertex -421.3625760102513 22.770513242775788 30
    endloop
  endfacet
  facet normal -0.8443279255019863 -0.535826794979042 0
    outer loop
      vertex -421.19098300562507 22.587785252292473 130
      vertex -421.19098300562507 22.587785252292473 30
      vertex -421.12369331995615 22.481753674101714 30
    endloop
  endfacet
  facet normal 0.3681245526846988 -0.9297764858882431 0
    outer loop
      vertex -422.42577929156505 22.90482705246602 130
      vertex -422.42577929156505 22.90482705246602 30
      vertex -422.30901699437493 22.951056516295154 30
    endloop
  endfacet
  facet normal 0.2486898871648574 -0.9685831611286304 0
    outer loop
      vertex -422.30901699437493 22.951056516295154 130
      vertex -422.30901699437493 22.951056516295154 30
      vertex -422.1873813145857 22.98228725072869 30
    endloop
  endfacet
  facet normal 0.12533323356430998 -0.9921147013144772 0
    outer loop
      vertex -422.1873813145857 22.98228725072869 130
      vertex -422.1873813145857 22.98228725072869 30
      vertex -422.0627905195293 22.998026728428272 30
    endloop
  endfacet
  facet normal -0.2486898871648574 -0.9685831611286304 0
    outer loop
      vertex -421.8126186854143 22.98228725072869 130
      vertex -421.8126186854143 22.98228725072869 30
      vertex -421.69098300562507 22.951056516295154 30
    endloop
  endfacet
  facet normal 0 -1 0
    outer loop
      vertex -422.0627905195293 22.998026728428272 130
      vertex -422.0627905195293 22.998026728428272 30
      vertex -421.9372094804707 22.998026728428272 30
    endloop
  endfacet
  facet normal -0.12533323356430998 -0.9921147013144772 0
    outer loop
      vertex -421.9372094804707 22.998026728428272 130
      vertex -421.9372094804707 22.998026728428272 30
      vertex -421.8126186854143 22.98228725072869 30
    endloop
  endfacet
  facet normal -0.3681245526846988 -0.9297764858882431 0
    outer loop
      vertex -421.69098300562507 22.951056516295154 130
      vertex -421.69098300562507 22.951056516295154 30
      vertex -421.57422070843495 22.90482705246602 30
    endloop
  endfacet
  facet normal -0.6845471059287179 0.728968627421384 0
    outer loop
      vertex -421.2710313725786 21.31545289407131 130
      vertex -421.2710313725786 21.31545289407131 30
      vertex -421.3625760102513 21.229486757224212 30
    endloop
  endfacet
  facet normal 0.12533323356430998 0.9921147013144772 0
    outer loop
      vertex -422.0627905195293 21.001973271571728 130
      vertex -422.0627905195293 21.001973271571728 30
      vertex -422.1873813145857 21.01771274927131 30
    endloop
  endfacet
  facet normal 0.2486898871648574 0.9685831611286304 0
    outer loop
      vertex -422.1873813145857 21.01771274927131 130
      vertex -422.1873813145857 21.01771274927131 30
      vertex -422.30901699437493 21.048943483704846 30
    endloop
  endfacet
  facet normal 0.3681245526846988 0.9297764858882431 0
    outer loop
      vertex -422.30901699437493 21.048943483704846 130
      vertex -422.30901699437493 21.048943483704846 30
      vertex -422.42577929156505 21.09517294753398 30
    endloop
  endfacet
  facet normal 0 1 0
    outer loop
      vertex -421.9372094804707 21.001973271571728 130
      vertex -421.9372094804707 21.001973271571728 30
      vertex -422.0627905195293 21.001973271571728 30
    endloop
  endfacet
  facet normal -0.12533323356430998 0.9921147013144772 0
    outer loop
      vertex -421.8126186854143 21.01771274927131 130
      vertex -421.8126186854143 21.01771274927131 30
      vertex -421.9372094804707 21.001973271571728 30
    endloop
  endfacet
  facet normal -0.2486898871648574 0.9685831611286304 0
    outer loop
      vertex -421.69098300562507 21.048943483704846 130
      vertex -421.69098300562507 21.048943483704846 30
      vertex -421.8126186854143 21.01771274927131 30
    endloop
  endfacet
  facet normal -0.3681245526846988 0.9297764858882431 0
    outer loop
      vertex -421.57422070843495 21.09517294753398 130
      vertex -421.57422070843495 21.09517294753398 30
      vertex -421.69098300562507 21.048943483704846 30
    endloop
  endfacet
  facet normal 0.4817536741015692 0.8763066800439439 0
    outer loop
      vertex -422.42577929156505 21.09517294753398 130
      vertex -422.42577929156505 21.09517294753398 30
      vertex -422.535826794979 21.155672074497986 30
    endloop
  endfacet
  facet normal 0.5877852522925203 0.8090169943749131 0
    outer loop
      vertex -422.535826794979 21.155672074497986 130
      vertex -422.535826794979 21.155672074497986 30
      vertex -422.6374239897487 21.229486757224212 30
    endloop
  endfacet
  facet normal 0.6845471059287179 0.728968627421384 0
    outer loop
      vertex -422.6374239897487 21.229486757224212 130
      vertex -422.6374239897487 21.229486757224212 30
      vertex -422.7289686274214 21.31545289407131 30
    endloop
  endfacet
  facet normal 0.7705132427758564 0.6374239897486086 0
    outer loop
      vertex -422.7289686274214 21.31545289407131 130
      vertex -422.7289686274214 21.31545289407131 30
      vertex -422.80901699437493 21.412214747707527 30
    endloop
  endfacet
  facet normal -0.7705132427758564 0.6374239897486086 0
    outer loop
      vertex -421.19098300562507 21.412214747707527 130
      vertex -421.19098300562507 21.412214747707527 30
      vertex -421.2710313725786 21.31545289407131 30
    endloop
  endfacet
  facet normal 0.9048270524660678 0.42577929156497046 0
    outer loop
      vertex -422.87630668004385 21.518246325898286 130
      vertex -422.87630668004385 21.518246325898286 30
      vertex -422.9297764858882 21.631875447315323 30
    endloop
  endfacet
  facet normal 0.9510565162951518 0.3090169943749525 0
    outer loop
      vertex -422.9297764858882 21.631875447315323 130
      vertex -422.9297764858882 21.631875447315323 30
      vertex -422.9685831611286 21.751310112835146 30
    endloop
  endfacet
  facet normal 0.9822872507286105 0.1873813145861344 0
    outer loop
      vertex -422.9685831611286 21.751310112835146 130
      vertex -422.9685831611286 21.751310112835146 30
      vertex -422.9921147013145 21.874666766435695 30
    endloop
  endfacet
  facet normal 0.9980267284282855 0.06279051952908977 0
    outer loop
      vertex -422.9921147013145 21.874666766435695 130
      vertex -422.9921147013145 21.874666766435695 30
      vertex -423 22 30
    endloop
  endfacet
  facet normal -0.4817536741015692 0.8763066800439439 0
    outer loop
      vertex -421.464173205021 21.155672074497986 130
      vertex -421.464173205021 21.155672074497986 30
      vertex -421.57422070843495 21.09517294753398 30
    endloop
  endfacet
  facet normal -0.5877852522925203 0.8090169943749131 0
    outer loop
      vertex -421.3625760102513 21.229486757224212 130
      vertex -421.3625760102513 21.229486757224212 30
      vertex -421.464173205021 21.155672074497986 30
    endloop
  endfacet
  facet normal 0 0 1
    outer loop
      vertex -447.00000017881393 29.319999635219574 130
      vertex -450 29.300800383090973 130
      vertex -461.879999935627 14.858799993991852 130
    endloop
  endfacet
  facet normal 0 0 1
    outer loop
      vertex -485.99999964237213 27.942400097846985 130
      vertex -493.25034095680627 23.88052304743978 130
      vertex -493.05210140268844 23.270404435314298 130
    endloop
  endfacet
  facet normal 0 0 -1
    outer loop
      vertex -495.26278883045086 26.313154642699388 30
      vertex -495.450286924197 26.416232592013593 30
      vertex -494.986970181229 27.21872073083139 30
    endloop
  endfacet
  facet normal 0 0 -1
    outer loop
      vertex -494.276145411304 25.49693222136084 30
      vertex -494.986970181229 27.21872073083139 30
      vertex -492.00000017881393 27.47560006380081 30
    endloop
  endfacet
  facet normal 0 0 -1
    outer loop
      vertex -493.5234854713441 24.460984687737113 30
      vertex -492.00000017881393 27.47560006380081 30
      vertex -485.99999964237213 27.942400097846985 30
    endloop
  endfacet
  facet normal 0 0 -1
    outer loop
      vertex -473.8800001144409 28.705600321292877 30
      vertex -470.2458579762705 24.646360587574666 30
      vertex -473.8800001144409 15.294399678707123 30
    endloop
  endfacet
  facet normal 0 0 -1
    outer loop
      vertex -480 28.35280042886734 30
      vertex -473.8800001144409 28.705600321292877 30
      vertex -473.8800001144409 15.294399678707123 30
    endloop
  endfacet
  facet normal 0 0 -1
    outer loop
      vertex -473.8800001144409 28.705600321292877 30
      vertex -469.7714699700121 26.218911086754467 30
      vertex -470.2458579762705 24.646360587574666 30
    endloop
  endfacet
  facet normal 0 0 -1
    outer loop
      vertex -473.8800001144409 28.705600321292877 30
      vertex -469.161830346575 27.744131917482882 30
      vertex -469.7714699700121 26.218911086754467 30
    endloop
  endfacet
  facet normal 0 0 -1
    outer loop
      vertex -473.8800001144409 28.705600321292877 30
      vertex -468.55821950930124 28.939758645714825 30
      vertex -469.161830346575 27.744131917482882 30
    endloop
  endfacet
  facet normal 0 0 1
    outer loop
      vertex -485.99999964237213 27.942400097846985 130
      vertex -492.891612 22 130
      vertex -485.99999964237213 16.057599902153015 130
    endloop
  endfacet
  facet normal 0 0 -1
    outer loop
      vertex -434.838169653425 27.744131917482882 30
      vertex -435.4316906185034 28.919772720783968 30
      vertex -435 28.88800036907196 30
    endloop
  endfacet
  facet normal 0 0 1
    outer loop
      vertex -450 29.300800383090973 130
      vertex -467.8799995779991 15.030399680137634 130
      vertex -461.879999935627 14.858799993991852 130
    endloop
  endfacet
  facet normal 0 0 1
    outer loop
      vertex -492.00000017881393 27.47560006380081 130
      vertex -493.86722729413896 25.00263512938784 130
      vertex -493.5234854713441 24.460984687737113 130
    endloop
  endfacet
  facet normal 0 0 -1
    outer loop
      vertex -422.535826794979 22.844327925502014 30
      vertex -427.2000002861023 27.58599978685379 30
      vertex -425.99999964237213 27.221199691295624 30
    endloop
  endfacet
  facet normal 0 0 -1
    outer loop
      vertex -434.2285300299879 26.218911086754467 30
      vertex -435 28.88800036907196 30
      vertex -432.00000017881393 28.544800102710724 30
    endloop
  endfacet
  facet normal 0 0 1
    outer loop
      vertex -444.00000035762787 29.30439990758896 130
      vertex -447.00000017881393 29.319999635219574 130
      vertex -444.00000035762787 14.695600092411041 130
    endloop
  endfacet
  facet normal 0 0 1
    outer loop
      vertex -440.99999964237213 29.23960041999817 130
      vertex -444.00000035762787 29.30439990758896 130
      vertex -444.00000035762787 14.695600092411041 130
    endloop
  endfacet
  facet normal 0 0 1
    outer loop
      vertex -437.99999982118607 29.108799815177917 130
      vertex -440.99999964237213 29.23960041999817 130
      vertex -440.99999964237213 14.760399580001831 130
    endloop
  endfacet
  facet normal 0 0 -1
    outer loop
      vertex -494.74379093985567 25.936080603236928 30
      vertex -495.26278883045086 26.313154642699388 30
      vertex -494.986970181229 27.21872073083139 30
    endloop
  endfacet
  facet normal 0 0 -1
    outer loop
      vertex -494.276145411304 25.49693222136084 30
      vertex -494.74379093985567 25.936080603236928 30
      vertex -494.986970181229 27.21872073083139 30
    endloop
  endfacet
  facet normal 0 0 -1
    outer loop
      vertex -493.86722729413896 25.00263512938784 30
      vertex -494.276145411304 25.49693222136084 30
      vertex -492.00000017881393 27.47560006380081 30
    endloop
  endfacet
  facet normal 0 0 -1
    outer loop
      vertex -485.99999964237213 27.942400097846985 30
      vertex -480 28.35280042886734 30
      vertex -480 15.64719957113266 30
    endloop
  endfacet
  facet normal 0 0 -1
    outer loop
      vertex -492.9318931651815 22.64025078634109 30
      vertex -493.05210140268844 23.270404435314298 30
      vertex -485.99999964237213 27.942400097846985 30
    endloop
  endfacet
  facet normal 0 0 -1
    outer loop
      vertex -485.99999964237213 27.942400097846985 30
      vertex -492.891612 22 30
      vertex -492.9318931651815 22.64025078634109 30
    endloop
  endfacet
  facet normal 0 0 -1
    outer loop
      vertex -493.25034095680627 23.88052304743978 30
      vertex -493.5234854713441 24.460984687737113 30
      vertex -485.99999964237213 27.942400097846985 30
    endloop
  endfacet
  facet normal 0 0 -1
    outer loop
      vertex -493.05210140268844 23.270404435314298 30
      vertex -493.25034095680627 23.88052304743978 30
      vertex -485.99999964237213 27.942400097846985 30
    endloop
  endfacet
  facet normal 0 0 -1
    outer loop
      vertex -493.5234854713441 24.460984687737113 30
      vertex -493.86722729413896 25.00263512938784 30
      vertex -492.00000017881393 27.47560006380081 30
    endloop
  endfacet
  facet normal 0 0 -1
    outer loop
      vertex -485.99999964237213 27.942400097846985 30
      vertex -492.9318931651815 21.35974921365891 30
      vertex -492.891612 22 30
    endloop
  endfacet
  facet normal 0 0 -1
    outer loop
      vertex -485.99999964237213 27.942400097846985 30
      vertex -493.05210140268844 20.729595564685702 30
      vertex -492.9318931651815 21.35974921365891 30
    endloop
  endfacet
  facet normal 0 0 -1
    outer loop
      vertex -449.52512626584706 15.713392950129439 30
      vertex -447.00000017881393 14.680000364780426 30
      vertex -450 14.699199616909027 30
    endloop
  endfacet
  facet normal 0 0 1
    outer loop
      vertex -467.8799995779991 28.969600319862366 130
      vertex -473.8800001144409 28.705600321292877 130
      vertex -467.8799995779991 15.030399680137634 130
    endloop
  endfacet
  facet normal 0 0 -1
    outer loop
      vertex -492.00000017881393 16.52439993619919 30
      vertex -494.986970181229 16.78127926916861 30
      vertex -494.74379093985567 18.063919396763072 30
    endloop
  endfacet
  facet normal 0 0 -1
    outer loop
      vertex -450.7189110867545 15.218911086754465 30
      vertex -450.30708666146415 15.348758829279276 30
      vertex -450 14.699199616909027 30
    endloop
  endfacet
  facet normal 0 0 -1
    outer loop
      vertex -451.1404853722172 15.125450317759867 30
      vertex -450.7189110867545 15.218911086754465 30
      vertex -450 14.699199616909027 30
    endloop
  endfacet
  facet normal 0 0 -1
    outer loop
      vertex -451.56860108298645 15.06908781518069 30
      vertex -451.1404853722172 15.125450317759867 30
      vertex -450 14.699199616909027 30
    endloop
  endfacet
  facet normal 0 0 -1
    outer loop
      vertex -452 15.050252531694166 30
      vertex -451.56860108298645 15.06908781518069 30
      vertex -450 14.699199616909027 30
    endloop
  endfacet
  facet normal 0 0 -1
    outer loop
      vertex -450 14.699199616909027 30
      vertex -452.43139891701355 15.06908781518069 30
      vertex -452 15.050252531694166 30
    endloop
  endfacet
  facet normal 0 0 -1
    outer loop
      vertex -450 14.699199616909027 30
      vertex -452.8595146277828 15.125450317759867 30
      vertex -452.43139891701355 15.06908781518069 30
    endloop
  endfacet
  facet normal 0 0 -1
    outer loop
      vertex -450 14.699199616909027 30
      vertex -461.879999935627 14.858799993991852 30
      vertex -452.8595146277828 15.125450317759867 30
    endloop
  endfacet
  facet normal 0 0 -1
    outer loop
      vertex -461.879999935627 14.858799993991852 30
      vertex -453.69291333853585 15.348758829279276 30
      vertex -453.2810889132455 15.218911086754465 30
    endloop
  endfacet
  facet normal 0 0 -1
    outer loop
      vertex -461.879999935627 14.858799993991852 30
      vertex -454.47487373415294 15.713392950129439 30
      vertex -454.0918536711108 15.51400532560948 30
    endloop
  endfacet
  facet normal 0 0 -1
    outer loop
      vertex -461.879999935627 14.858799993991852 30
      vertex -454.0918536711108 15.51400532560948 30
      vertex -453.69291333853585 15.348758829279276 30
    endloop
  endfacet
  facet normal 0 0 -1
    outer loop
      vertex -461.879999935627 14.858799993991852 30
      vertex -453.2810889132455 15.218911086754465 30
      vertex -452.8595146277828 15.125450317759867 30
    endloop
  endfacet
  facet normal 0 0 1
    outer loop
      vertex -450 29.300800383090973 130
      vertex -461.879999935627 29.141200006008148 130
      vertex -467.8799995779991 15.030399680137634 130
    endloop
  endfacet
  facet normal 0 0 1
    outer loop
      vertex -461.879999935627 29.141200006008148 130
      vertex -467.8799995779991 28.969600319862366 130
      vertex -467.8799995779991 15.030399680137634 130
    endloop
  endfacet
  facet normal 0 0 1
    outer loop
      vertex -485.99999964237213 27.942400097846985 130
      vertex -493.5234854713441 24.460984687737113 130
      vertex -493.25034095680627 23.88052304743978 130
    endloop
  endfacet
  facet normal 0 0 1
    outer loop
      vertex -473.8800001144409 28.705600321292877 130
      vertex -480 28.35280042886734 130
      vertex -473.8800001144409 15.294399678707123 130
    endloop
  endfacet
  facet normal 0 0 1
    outer loop
      vertex -485.99999964237213 27.942400097846985 130
      vertex -492.00000017881393 27.47560006380081 130
      vertex -493.5234854713441 24.460984687737113 130
    endloop
  endfacet
  facet normal 0 0 1
    outer loop
      vertex -492.00000017881393 27.47560006380081 130
      vertex -494.986970181229 27.21872073083139 130
      vertex -494.74379093985567 25.936080603236928 130
    endloop
  endfacet
  facet normal 0 0 1
    outer loop
      vertex -494.986970181229 27.21872073083139 130
      vertex -495.450286924197 26.416232592013593 130
      vertex -495.26278883045086 26.313154642699388 130
    endloop
  endfacet
  facet normal 0 0 1
    outer loop
      vertex -492.00000017881393 27.47560006380081 130
      vertex -494.74379093985567 25.936080603236928 130
      vertex -494.276145411304 25.49693222136084 130
    endloop
  endfacet
  facet normal 0 0 1
    outer loop
      vertex -494.986970181229 27.21872073083139 130
      vertex -495.26278883045086 26.313154642699388 130
      vertex -494.74379093985567 25.936080603236928 130
    endloop
  endfacet
  facet normal 0 0 1
    outer loop
      vertex -492.00000017881393 27.47560006380081 130
      vertex -494.276145411304 25.49693222136084 130
      vertex -493.86722729413896 25.00263512938784 130
    endloop
  endfacet
  facet normal 0 0 1
    outer loop
      vertex -480 28.35280042886734 130
      vertex -485.99999964237213 27.942400097846985 130
      vertex -480 15.64719957113266 130
    endloop
  endfacet
  facet normal 0 0 1
    outer loop
      vertex -485.99999964237213 27.942400097846985 130
      vertex -493.05210140268844 23.270404435314298 130
      vertex -492.9318931651815 22.64025078634109 130
    endloop
  endfacet
  facet normal 0 0 -1
    outer loop
      vertex -433.7541420237295 24.646360587574666 30
      vertex -434.2285300299879 26.218911086754467 30
      vertex -432.00000017881393 28.544800102710724 30
    endloop
  endfacet
  facet normal 0 0 -1
    outer loop
      vertex -433.7541420237295 24.646360587574666 30
      vertex -429.5999997854233 28.14520013332367 30
      vertex -427.2000002861023 27.58599978685379 30
    endloop
  endfacet
  facet normal 0 0 -1
    outer loop
      vertex -433.7541420237295 24.646360587574666 30
      vertex -432.00000017881393 28.544800102710724 30
      vertex -429.5999997854233 28.14520013332367 30
    endloop
  endfacet
  facet normal 0 0 -1
    outer loop
      vertex -434.2285300299879 26.218911086754467 30
      vertex -434.838169653425 27.744131917482882 30
      vertex -435 28.88800036907196 30
    endloop
  endfacet
  facet normal 0 0 1
    outer loop
      vertex -485.99999964237213 27.942400097846985 130
      vertex -492.9318931651815 22.64025078634109 130
      vertex -492.891612 22 130
    endloop
  endfacet
  facet normal 0 0 1
    outer loop
      vertex -422.7289686274214 22.68454710592869 130
      vertex -422.6374239897487 22.770513242775788 130
      vertex -423.60000014305115 26.226399660110474 130
    endloop
  endfacet
  facet normal 0 0 1
    outer loop
      vertex -422.42577929156505 22.90482705246602 130
      vertex -422.30901699437493 22.951056516295154 130
      vertex -422.40000039339066 25.51000040769577 130
    endloop
  endfacet
  facet normal 0 0 1
    outer loop
      vertex -421.19098300562507 22.587785252292473 130
      vertex -421.12369331995615 22.481753674101714 130
      vertex -420.6000003218651 23.72560006380081 130
    endloop
  endfacet
  facet normal 0 0 1
    outer loop
      vertex -421.2710313725786 22.68454710592869 130
      vertex -421.19098300562507 22.587785252292473 130
      vertex -420.6000003218651 23.72560006380081 130
    endloop
  endfacet
  facet normal 0 0 1
    outer loop
      vertex -421.3625760102513 22.770513242775788 130
      vertex -421.2710313725786 22.68454710592869 130
      vertex -420.6000003218651 23.72560006380081 130
    endloop
  endfacet
  facet normal 0 0 1
    outer loop
      vertex -421.464173205021 22.844327925502014 130
      vertex -421.3625760102513 22.770513242775788 130
      vertex -420.6000003218651 23.72560006380081 130
    endloop
  endfacet
  facet normal 0 0 1
    outer loop
      vertex -421.69098300562507 22.951056516295154 130
      vertex -421.57422070843495 22.90482705246602 130
      vertex -421.1999997496605 24.488800287246704 130
    endloop
  endfacet
  facet normal 0 0 1
    outer loop
      vertex -421.8126186854143 22.98228725072869 130
      vertex -421.69098300562507 22.951056516295154 130
      vertex -421.1999997496605 24.488800287246704 130
    endloop
  endfacet
  facet normal 0 0 1
    outer loop
      vertex -421.57422070843495 22.90482705246602 130
      vertex -421.464173205021 22.844327925502014 130
      vertex -421.1999997496605 24.488800287246704 130
    endloop
  endfacet
  facet normal 0 0 1
    outer loop
      vertex -421.9372094804707 22.998026728428272 130
      vertex -421.8126186854143 22.98228725072869 130
      vertex -421.1999997496605 24.488800287246704 130
    endloop
  endfacet
  facet normal 0 0 1
    outer loop
      vertex -422.30901699437493 22.951056516295154 130
      vertex -422.1873813145857 22.98228725072869 130
      vertex -422.40000039339066 25.51000040769577 130
    endloop
  endfacet
  facet normal 0 0 1
    outer loop
      vertex -421.464173205021 22.844327925502014 130
      vertex -420.6000003218651 23.72560006380081 130
      vertex -421.1999997496605 24.488800287246704 130
    endloop
  endfacet
  facet normal 0 0 1
    outer loop
      vertex -427.2000002861023 27.58599978685379 130
      vertex -429.5999997854233 28.14520013332367 130
      vertex -429.5999997854233 15.85479986667633 130
    endloop
  endfacet
  facet normal 0 0 1
    outer loop
      vertex -422.9297764858882 22.368124552684677 130
      vertex -422.87630668004385 22.481753674101714 130
      vertex -424.79999989271164 26.77840006351471 130
    endloop
  endfacet
  facet normal 0 0 1
    outer loop
      vertex -422.80901699437493 22.587785252292473 130
      vertex -422.7289686274214 22.68454710592869 130
      vertex -423.60000014305115 26.226399660110474 130
    endloop
  endfacet
  facet normal 0 0 1
    outer loop
      vertex -422.535826794979 22.844327925502014 130
      vertex -422.42577929156505 22.90482705246602 130
      vertex -422.40000039339066 25.51000040769577 130
    endloop
  endfacet
  facet normal 0 0 1
    outer loop
      vertex -422.87630668004385 22.481753674101714 130
      vertex -422.80901699437493 22.587785252292473 130
      vertex -424.79999989271164 26.77840006351471 130
    endloop
  endfacet
  facet normal 0 0 1
    outer loop
      vertex -422.6374239897487 22.770513242775788 130
      vertex -422.535826794979 22.844327925502014 130
      vertex -423.60000014305115 26.226399660110474 130
    endloop
  endfacet
  facet normal 0 0 1
    outer loop
      vertex -422.1873813145857 22.98228725072869 130
      vertex -422.0627905195293 22.998026728428272 130
      vertex -422.40000039339066 25.51000040769577 130
    endloop
  endfacet
  facet normal 0 0 1
    outer loop
      vertex -422.0627905195293 22.998026728428272 130
      vertex -421.9372094804707 22.998026728428272 130
      vertex -422.40000039339066 25.51000040769577 130
    endloop
  endfacet
  facet normal 0 0 1
    outer loop
      vertex -421.9372094804707 22.998026728428272 130
      vertex -421.1999997496605 24.488800287246704 130
      vertex -422.40000039339066 25.51000040769577 130
    endloop
  endfacet
  facet normal 0 0 1
    outer loop
      vertex -422.80901699437493 22.587785252292473 130
      vertex -423.60000014305115 26.226399660110474 130
      vertex -424.79999989271164 26.77840006351471 130
    endloop
  endfacet
  facet normal 0 0 1
    outer loop
      vertex -422.535826794979 22.844327925502014 130
      vertex -422.40000039339066 25.51000040769577 130
      vertex -423.60000014305115 26.226399660110474 130
    endloop
  endfacet
  facet normal 0 0 -1
    outer loop
      vertex -485.99999964237213 16.057599902153015 30
      vertex -493.25034095680627 20.11947695256022 30
      vertex -493.05210140268844 20.729595564685702 30
    endloop
  endfacet
  facet normal 0 0 -1
    outer loop
      vertex -485.99999964237213 16.057599902153015 30
      vertex -493.5234854713441 19.539015312262887 30
      vertex -493.25034095680627 20.11947695256022 30
    endloop
  endfacet
  facet normal 0 0 -1
    outer loop
      vertex -492.00000017881393 16.52439993619919 30
      vertex -493.86722729413896 18.99736487061216 30
      vertex -493.5234854713441 19.539015312262887 30
    endloop
  endfacet
  facet normal 0 0 -1
    outer loop
      vertex -485.99999964237213 16.057599902153015 30
      vertex -492.00000017881393 16.52439993619919 30
      vertex -493.5234854713441 19.539015312262887 30
    endloop
  endfacet
  facet normal 0 0 -1
    outer loop
      vertex -492.00000017881393 16.52439993619919 30
      vertex -494.276145411304 18.50306777863916 30
      vertex -493.86722729413896 18.99736487061216 30
    endloop
  endfacet
  facet normal 0 0 -1
    outer loop
      vertex -492.00000017881393 16.52439993619919 30
      vertex -494.74379093985567 18.063919396763072 30
      vertex -494.276145411304 18.50306777863916 30
    endloop
  endfacet
  facet normal 0 0 -1
    outer loop
      vertex -494.986970181229 16.78127926916861 30
      vertex -495.26278883045086 17.686845357300612 30
      vertex -494.74379093985567 18.063919396763072 30
    endloop
  endfacet
  facet normal 0 0 -1
    outer loop
      vertex -470.2458579762705 24.646360587574666 30
      vertex -461.879999935627 14.858799993991852 30
      vertex -467.8799995779991 15.030399680137634 30
    endloop
  endfacet
  facet normal 0 0 1
    outer loop
      vertex -480 28.35280042886734 130
      vertex -480 15.64719957113266 130
      vertex -473.8800001144409 15.294399678707123 130
    endloop
  endfacet
  facet normal 0 0 1
    outer loop
      vertex -485.99999964237213 27.942400097846985 130
      vertex -485.99999964237213 16.057599902153015 130
      vertex -480 15.64719957113266 130
    endloop
  endfacet
  facet normal 0 0 1
    outer loop
      vertex -492.891612 22 130
      vertex -492.9318931651815 21.35974921365891 130
      vertex -485.99999964237213 16.057599902153015 130
    endloop
  endfacet
  facet normal 0 0 1
    outer loop
      vertex -492.9318931651815 21.35974921365891 130
      vertex -493.05210140268844 20.729595564685702 130
      vertex -485.99999964237213 16.057599902153015 130
    endloop
  endfacet
  facet normal 0 0 1
    outer loop
      vertex -493.05210140268844 20.729595564685702 130
      vertex -493.25034095680627 20.11947695256022 130
      vertex -485.99999964237213 16.057599902153015 130
    endloop
  endfacet
  facet normal 0 0 1
    outer loop
      vertex -493.25034095680627 20.11947695256022 130
      vertex -493.5234854713441 19.539015312262887 130
      vertex -492.00000017881393 16.52439993619919 130
    endloop
  endfacet
  facet normal 0 0 1
    outer loop
      vertex -493.5234854713441 19.539015312262887 130
      vertex -493.86722729413896 18.99736487061216 130
      vertex -492.00000017881393 16.52439993619919 130
    endloop
  endfacet
  facet normal 0 0 1
    outer loop
      vertex -493.25034095680627 20.11947695256022 130
      vertex -492.00000017881393 16.52439993619919 130
      vertex -485.99999964237213 16.057599902153015 130
    endloop
  endfacet
  facet normal 0 0 1
    outer loop
      vertex -492.00000017881393 16.52439993619919 130
      vertex -493.86722729413896 18.99736487061216 130
      vertex -494.276145411304 18.50306777863916 130
    endloop
  endfacet
  facet normal 0 0 1
    outer loop
      vertex -494.986970181229 16.78127926916861 130
      vertex -494.276145411304 18.50306777863916 130
      vertex -494.74379093985567 18.063919396763072 130
    endloop
  endfacet
  facet normal 0 0 1
    outer loop
      vertex -494.74379093985567 18.063919396763072 130
      vertex -495.26278883045086 17.686845357300612 130
      vertex -494.986970181229 16.78127926916861 130
    endloop
  endfacet
  facet normal 0 0 1
    outer loop
      vertex -494.986970181229 16.78127926916861 130
      vertex -492.00000017881393 16.52439993619919 130
      vertex -494.276145411304 18.50306777863916 130
    endloop
  endfacet
  facet normal 0 0 1
    outer loop
      vertex -495.26278883045086 17.686845357300612 130
      vertex -495.450286924197 17.583767407986414 130
      vertex -494.986970181229 16.78127926916861 130
    endloop
  endfacet
  facet normal 0 0 -1
    outer loop
      vertex -461.879999935627 14.858799993991852 30
      vertex -470.2458579762705 24.646360587574666 30
      vertex -454.47487373415294 15.713392950129439 30
    endloop
  endfacet
  facet normal 0 0 1
    outer loop
      vertex -473.8800001144409 28.705600321292877 130
      vertex -473.8800001144409 15.294399678707123 130
      vertex -467.8799995779991 15.030399680137634 130
    endloop
  endfacet
  facet normal 0 0 -1
    outer loop
      vertex -470.2458579762705 24.646360587574666 30
      vertex -467.8799995779991 15.030399680137634 30
      vertex -473.8800001144409 15.294399678707123 30
    endloop
  endfacet
  facet normal 0 0 -1
    outer loop
      vertex -480 28.35280042886734 30
      vertex -473.8800001144409 15.294399678707123 30
      vertex -480 15.64719957113266 30
    endloop
  endfacet
  facet normal 0 0 -1
    outer loop
      vertex -485.99999964237213 27.942400097846985 30
      vertex -480 15.64719957113266 30
      vertex -485.99999964237213 16.057599902153015 30
    endloop
  endfacet
  facet normal 0 0 -1
    outer loop
      vertex -485.99999964237213 27.942400097846985 30
      vertex -485.99999964237213 16.057599902153015 30
      vertex -493.05210140268844 20.729595564685702 30
    endloop
  endfacet
  facet normal 0 0 1
    outer loop
      vertex -435 28.88800036907196 130
      vertex -437.99999982118607 29.108799815177917 130
      vertex -437.99999982118607 14.891200184822083 130
    endloop
  endfacet
  facet normal 0 0 1
    outer loop
      vertex -432.00000017881393 28.544800102710724 130
      vertex -435 28.88800036907196 130
      vertex -435 15.11199963092804 130
    endloop
  endfacet
  facet normal 0 0 1
    outer loop
      vertex -429.5999997854233 28.14520013332367 130
      vertex -432.00000017881393 28.544800102710724 130
      vertex -432.00000017881393 15.455199897289276 130
    endloop
  endfacet
  facet normal 0 0 1
    outer loop
      vertex -425.99999964237213 27.221199691295624 130
      vertex -427.2000002861023 27.58599978685379 130
      vertex -429.5999997854233 15.85479986667633 130
    endloop
  endfacet
  facet normal 0 0 1
    outer loop
      vertex -424.79999989271164 26.77840006351471 130
      vertex -425.99999964237213 27.221199691295624 130
      vertex -429.5999997854233 15.85479986667633 130
    endloop
  endfacet
  facet normal 0 0 1
    outer loop
      vertex -421.0078852986855 22.125333233564305 130
      vertex -421 22 130
      vertex -420 22 130
    endloop
  endfacet
  facet normal 0 0 1
    outer loop
      vertex -421.0314168388714 22.248689887164854 130
      vertex -421.0078852986855 22.125333233564305 130
      vertex -420 22 130
    endloop
  endfacet
  facet normal 0 0 1
    outer loop
      vertex -421.0314168388714 22.248689887164854 130
      vertex -420 22 130
      vertex -420.6000003218651 23.72560006380081 130
    endloop
  endfacet
  facet normal 0 0 1
    outer loop
      vertex -421.0702235141118 22.368124552684677 130
      vertex -421.0314168388714 22.248689887164854 130
      vertex -420.6000003218651 23.72560006380081 130
    endloop
  endfacet
  facet normal 0 0 1
    outer loop
      vertex -421.12369331995615 22.481753674101714 130
      vertex -421.0702235141118 22.368124552684677 130
      vertex -420.6000003218651 23.72560006380081 130
    endloop
  endfacet
  facet normal 0 0 1
    outer loop
      vertex -422.40000039339066 18.48999959230423 130
      vertex -421.9372094804707 21.001973271571728 130
      vertex -422.0627905195293 21.001973271571728 130
    endloop
  endfacet
  facet normal 0 0 -1
    outer loop
      vertex -449.52512626584706 15.713392950129439 30
      vertex -422.9297764858882 21.631875447315323 30
      vertex -422.87630668004385 21.518246325898286 30
    endloop
  endfacet
  facet normal 0 0 -1
    outer loop
      vertex -449.52512626584706 15.713392950129439 30
      vertex -422.87630668004385 21.518246325898286 30
      vertex -422.80901699437493 21.412214747707527 30
    endloop
  endfacet
  facet normal 0 0 1
    outer loop
      vertex -435 28.88800036907196 130
      vertex -437.99999982118607 14.891200184822083 130
      vertex -435 15.11199963092804 130
    endloop
  endfacet
  facet normal 0 0 1
    outer loop
      vertex -432.00000017881393 28.544800102710724 130
      vertex -435 15.11199963092804 130
      vertex -432.00000017881393 15.455199897289276 130
    endloop
  endfacet
  facet normal 0 0 1
    outer loop
      vertex -429.5999997854233 28.14520013332367 130
      vertex -432.00000017881393 15.455199897289276 130
      vertex -429.5999997854233 15.85479986667633 130
    endloop
  endfacet
  facet normal 0 0 1
    outer loop
      vertex -422.9685831611286 22.248689887164854 130
      vertex -427.2000002861023 16.41400021314621 130
      vertex -425.99999964237213 16.778800308704376 130
    endloop
  endfacet
  facet normal 0 0 1
    outer loop
      vertex -424.79999989271164 26.77840006351471 130
      vertex -429.5999997854233 15.85479986667633 130
      vertex -427.2000002861023 16.41400021314621 130
    endloop
  endfacet
  facet normal 0 0 1
    outer loop
      vertex -422.9685831611286 22.248689887164854 130
      vertex -425.99999964237213 16.778800308704376 130
      vertex -424.79999989271164 17.22159993648529 130
    endloop
  endfacet
  facet normal 0 0 1
    outer loop
      vertex -423 22 130
      vertex -424.79999989271164 17.22159993648529 130
      vertex -423.60000014305115 17.773600339889526 130
    endloop
  endfacet
  facet normal 0 0 1
    outer loop
      vertex -423.60000014305115 17.773600339889526 130
      vertex -422.40000039339066 18.48999959230423 130
      vertex -422.535826794979 21.155672074497986 130
    endloop
  endfacet
  facet normal 0 0 1
    outer loop
      vertex -423.60000014305115 17.773600339889526 130
      vertex -422.6374239897487 21.229486757224212 130
      vertex -422.7289686274214 21.31545289407131 130
    endloop
  endfacet
  facet normal 0 0 1
    outer loop
      vertex -423.60000014305115 17.773600339889526 130
      vertex -422.7289686274214 21.31545289407131 130
      vertex -422.80901699437493 21.412214747707527 130
    endloop
  endfacet
  facet normal 0 0 1
    outer loop
      vertex -423.60000014305115 17.773600339889526 130
      vertex -422.535826794979 21.155672074497986 130
      vertex -422.6374239897487 21.229486757224212 130
    endloop
  endfacet
  facet normal 0 0 1
    outer loop
      vertex -422.40000039339066 18.48999959230423 130
      vertex -421.1999997496605 19.511199712753296 130
      vertex -421.9372094804707 21.001973271571728 130
    endloop
  endfacet
  facet normal 0 0 1
    outer loop
      vertex -422.40000039339066 18.48999959230423 130
      vertex -422.0627905195293 21.001973271571728 130
      vertex -422.1873813145857 21.01771274927131 130
    endloop
  endfacet
  facet normal 0 0 -1
    outer loop
      vertex -422.87630668004385 22.481753674101714 30
      vertex -449.52512626584706 15.713392950129439 30
      vertex -433.7541420237295 24.646360587574666 30
    endloop
  endfacet
  facet normal 0 0 1
    outer loop
      vertex -422.9297764858882 22.368124552684677 130
      vertex -424.79999989271164 26.77840006351471 130
      vertex -427.2000002861023 16.41400021314621 130
    endloop
  endfacet
  facet normal 0 0 1
    outer loop
      vertex -422.9685831611286 22.248689887164854 130
      vertex -422.9297764858882 22.368124552684677 130
      vertex -427.2000002861023 16.41400021314621 130
    endloop
  endfacet
  facet normal 0 0 1
    outer loop
      vertex -423 22 130
      vertex -422.9921147013145 22.125333233564305 130
      vertex -424.79999989271164 17.22159993648529 130
    endloop
  endfacet
  facet normal 0 0 1
    outer loop
      vertex -422.9921147013145 22.125333233564305 130
      vertex -422.9685831611286 22.248689887164854 130
      vertex -424.79999989271164 17.22159993648529 130
    endloop
  endfacet
  facet normal 0 0 1
    outer loop
      vertex -422.80901699437493 21.412214747707527 130
      vertex -422.87630668004385 21.518246325898286 130
      vertex -423.60000014305115 17.773600339889526 130
    endloop
  endfacet
  facet normal 0 0 1
    outer loop
      vertex -422.87630668004385 21.518246325898286 130
      vertex -422.9297764858882 21.631875447315323 130
      vertex -423.60000014305115 17.773600339889526 130
    endloop
  endfacet
  facet normal 0 0 1
    outer loop
      vertex -422.9297764858882 21.631875447315323 130
      vertex -422.9685831611286 21.751310112835146 130
      vertex -423.60000014305115 17.773600339889526 130
    endloop
  endfacet
  facet normal 0 0 1
    outer loop
      vertex -422.40000039339066 18.48999959230423 130
      vertex -422.30901699437493 21.048943483704846 130
      vertex -422.42577929156505 21.09517294753398 130
    endloop
  endfacet
  facet normal 0 0 1
    outer loop
      vertex -422.40000039339066 18.48999959230423 130
      vertex -422.42577929156505 21.09517294753398 130
      vertex -422.535826794979 21.155672074497986 130
    endloop
  endfacet
  facet normal 0 0 1
    outer loop
      vertex -422.9685831611286 21.751310112835146 130
      vertex -422.9921147013145 21.874666766435695 130
      vertex -423.60000014305115 17.773600339889526 130
    endloop
  endfacet
  facet normal 0 0 1
    outer loop
      vertex -422.9921147013145 21.874666766435695 130
      vertex -423 22 130
      vertex -423.60000014305115 17.773600339889526 130
    endloop
  endfacet
  facet normal 0 0 1
    outer loop
      vertex -422.40000039339066 18.48999959230423 130
      vertex -422.1873813145857 21.01771274927131 130
      vertex -422.30901699437493 21.048943483704846 130
    endloop
  endfacet
  facet normal 0 0 1
    outer loop
      vertex -421.1999997496605 19.511199712753296 130
      vertex -421.8126186854143 21.01771274927131 130
      vertex -421.9372094804707 21.001973271571728 130
    endloop
  endfacet
  facet normal 0 0 1
    outer loop
      vertex -421.1999997496605 19.511199712753296 130
      vertex -421.69098300562507 21.048943483704846 130
      vertex -421.8126186854143 21.01771274927131 130
    endloop
  endfacet
  facet normal 0 0 -1
    outer loop
      vertex -421.464173205021 21.155672074497986 30
      vertex -421.3625760102513 21.229486757224212 30
      vertex -420.6000003218651 20.27439993619919 30
    endloop
  endfacet
  facet normal 0 0 -1
    outer loop
      vertex -494.986970181229 16.78127926916861 30
      vertex -495.450286924197 17.583767407986414 30
      vertex -495.26278883045086 17.686845357300612 30
    endloop
  endfacet
  facet normal 0 0 1
    outer loop
      vertex -447.00000017881393 29.319999635219574 130
      vertex -461.879999935627 14.858799993991852 130
      vertex -450 14.699199616909027 130
    endloop
  endfacet
  facet normal 0 0 1
    outer loop
      vertex -447.00000017881393 29.319999635219574 130
      vertex -450 14.699199616909027 130
      vertex -447.00000017881393 14.680000364780426 130
    endloop
  endfacet
  facet normal 0 0 1
    outer loop
      vertex -447.00000017881393 29.319999635219574 130
      vertex -447.00000017881393 14.680000364780426 130
      vertex -444.00000035762787 14.695600092411041 130
    endloop
  endfacet
  facet normal 0 0 1
    outer loop
      vertex -440.99999964237213 29.23960041999817 130
      vertex -444.00000035762787 14.695600092411041 130
      vertex -440.99999964237213 14.760399580001831 130
    endloop
  endfacet
  facet normal 0 0 1
    outer loop
      vertex -437.99999982118607 29.108799815177917 130
      vertex -440.99999964237213 14.760399580001831 130
      vertex -437.99999982118607 14.891200184822083 130
    endloop
  endfacet
  facet normal 0 0 -1
    outer loop
      vertex -421.0078852986855 21.874666766435695 30
      vertex -421 22 30
      vertex -420 22 30
    endloop
  endfacet
  facet normal 0 0 -1
    outer loop
      vertex -421.0314168388714 21.751310112835146 30
      vertex -421.0078852986855 21.874666766435695 30
      vertex -420 22 30
    endloop
  endfacet
  facet normal 0 0 -1
    outer loop
      vertex -421.0702235141118 21.631875447315323 30
      vertex -421.0314168388714 21.751310112835146 30
      vertex -420 22 30
    endloop
  endfacet
  facet normal 0 0 -1
    outer loop
      vertex -421.12369331995615 21.518246325898286 30
      vertex -421.0702235141118 21.631875447315323 30
      vertex -420 22 30
    endloop
  endfacet
  facet normal 0 0 -1
    outer loop
      vertex -421.19098300562507 21.412214747707527 30
      vertex -421.12369331995615 21.518246325898286 30
      vertex -420 22 30
    endloop
  endfacet
  facet normal 0 0 -1
    outer loop
      vertex -421.2710313725786 21.31545289407131 30
      vertex -421.19098300562507 21.412214747707527 30
      vertex -420 22 30
    endloop
  endfacet
  facet normal 0 0 -1
    outer loop
      vertex -421.2710313725786 21.31545289407131 30
      vertex -420 22 30
      vertex -420.6000003218651 20.27439993619919 30
    endloop
  endfacet
  facet normal 0 0 -1
    outer loop
      vertex -421.3625760102513 21.229486757224212 30
      vertex -421.2710313725786 21.31545289407131 30
      vertex -420.6000003218651 20.27439993619919 30
    endloop
  endfacet
  facet normal 0 0 1
    outer loop
      vertex -421.1999997496605 19.511199712753296 130
      vertex -421.57422070843495 21.09517294753398 130
      vertex -421.69098300562507 21.048943483704846 130
    endloop
  endfacet
  facet normal 0 0 -1
    outer loop
      vertex -421.57422070843495 21.09517294753398 30
      vertex -421.464173205021 21.155672074497986 30
      vertex -420.6000003218651 20.27439993619919 30
    endloop
  endfacet
  facet normal 0 0 -1
    outer loop
      vertex -421.69098300562507 21.048943483704846 30
      vertex -421.57422070843495 21.09517294753398 30
      vertex -420.6000003218651 20.27439993619919 30
    endloop
  endfacet
  facet normal 0 0 -1
    outer loop
      vertex -421.8126186854143 21.01771274927131 30
      vertex -421.69098300562507 21.048943483704846 30
      vertex -420.6000003218651 20.27439993619919 30
    endloop
  endfacet
  facet normal 0 0 -1
    outer loop
      vertex -421.9372094804707 21.001973271571728 30
      vertex -421.8126186854143 21.01771274927131 30
      vertex -421.1999997496605 19.511199712753296 30
    endloop
  endfacet
  facet normal 0 0 -1
    outer loop
      vertex -422.0627905195293 21.001973271571728 30
      vertex -421.9372094804707 21.001973271571728 30
      vertex -421.1999997496605 19.511199712753296 30
    endloop
  endfacet
  facet normal 0 0 -1
    outer loop
      vertex -422.30901699437493 21.048943483704846 30
      vertex -422.1873813145857 21.01771274927131 30
      vertex -421.1999997496605 19.511199712753296 30
    endloop
  endfacet
  facet normal 0 0 -1
    outer loop
      vertex -422.1873813145857 21.01771274927131 30
      vertex -422.0627905195293 21.001973271571728 30
      vertex -421.1999997496605 19.511199712753296 30
    endloop
  endfacet
  facet normal 0 0 -1
    outer loop
      vertex -421.8126186854143 21.01771274927131 30
      vertex -420.6000003218651 20.27439993619919 30
      vertex -421.1999997496605 19.511199712753296 30
    endloop
  endfacet
  facet normal 0 0 -1
    outer loop
      vertex -422.7289686274214 21.31545289407131 30
      vertex -422.6374239897487 21.229486757224212 30
      vertex -422.40000039339066 18.48999959230423 30
    endloop
  endfacet
  facet normal 0 0 -1
    outer loop
      vertex -422.6374239897487 21.229486757224212 30
      vertex -422.535826794979 21.155672074497986 30
      vertex -422.40000039339066 18.48999959230423 30
    endloop
  endfacet
  facet normal 0 0 -1
    outer loop
      vertex -422.535826794979 21.155672074497986 30
      vertex -422.42577929156505 21.09517294753398 30
      vertex -422.40000039339066 18.48999959230423 30
    endloop
  endfacet
  facet normal 0 0 -1
    outer loop
      vertex -422.42577929156505 21.09517294753398 30
      vertex -422.30901699437493 21.048943483704846 30
      vertex -422.40000039339066 18.48999959230423 30
    endloop
  endfacet
  facet normal 0 0 -1
    outer loop
      vertex -422.30901699437493 21.048943483704846 30
      vertex -421.1999997496605 19.511199712753296 30
      vertex -422.40000039339066 18.48999959230423 30
    endloop
  endfacet
  facet normal 0 0 -1
    outer loop
      vertex -422.87630668004385 22.481753674101714 30
      vertex -422.9297764858882 22.368124552684677 30
      vertex -449.52512626584706 15.713392950129439 30
    endloop
  endfacet
  facet normal 0 0 -1
    outer loop
      vertex -421.8126186854143 22.98228725072869 30
      vertex -421.9372094804707 22.998026728428272 30
      vertex -421.1999997496605 24.488800287246704 30
    endloop
  endfacet
  facet normal 0 0 -1
    outer loop
      vertex -421.0078852986855 22.125333233564305 30
      vertex -421.0314168388714 22.248689887164854 30
      vertex -420 22 30
    endloop
  endfacet
  facet normal 0 0 -1
    outer loop
      vertex -421.0314168388714 22.248689887164854 30
      vertex -420.6000003218651 23.72560006380081 30
      vertex -420 22 30
    endloop
  endfacet
  facet normal 0 0 -1
    outer loop
      vertex -421.0314168388714 22.248689887164854 30
      vertex -421.0702235141118 22.368124552684677 30
      vertex -420.6000003218651 23.72560006380081 30
    endloop
  endfacet
  facet normal 0 0 -1
    outer loop
      vertex -421.0702235141118 22.368124552684677 30
      vertex -421.12369331995615 22.481753674101714 30
      vertex -420.6000003218651 23.72560006380081 30
    endloop
  endfacet
  facet normal 0 0 -1
    outer loop
      vertex -422.42577929156505 22.90482705246602 30
      vertex -422.535826794979 22.844327925502014 30
      vertex -422.40000039339066 25.51000040769577 30
    endloop
  endfacet
  facet normal 0 0 -1
    outer loop
      vertex -422.30901699437493 22.951056516295154 30
      vertex -422.42577929156505 22.90482705246602 30
      vertex -422.40000039339066 25.51000040769577 30
    endloop
  endfacet
  facet normal 0 0 -1
    outer loop
      vertex -421.12369331995615 22.481753674101714 30
      vertex -421.19098300562507 22.587785252292473 30
      vertex -420.6000003218651 23.72560006380081 30
    endloop
  endfacet
  facet normal 0 0 -1
    outer loop
      vertex -421.19098300562507 22.587785252292473 30
      vertex -421.2710313725786 22.68454710592869 30
      vertex -420.6000003218651 23.72560006380081 30
    endloop
  endfacet
  facet normal 0 0 -1
    outer loop
      vertex -421.2710313725786 22.68454710592869 30
      vertex -421.3625760102513 22.770513242775788 30
      vertex -420.6000003218651 23.72560006380081 30
    endloop
  endfacet
  facet normal 0 0 -1
    outer loop
      vertex -421.3625760102513 22.770513242775788 30
      vertex -421.464173205021 22.844327925502014 30
      vertex -420.6000003218651 23.72560006380081 30
    endloop
  endfacet
  facet normal 0 0 -1
    outer loop
      vertex -421.57422070843495 22.90482705246602 30
      vertex -421.69098300562507 22.951056516295154 30
      vertex -421.1999997496605 24.488800287246704 30
    endloop
  endfacet
  facet normal 0 0 -1
    outer loop
      vertex -421.69098300562507 22.951056516295154 30
      vertex -421.8126186854143 22.98228725072869 30
      vertex -421.1999997496605 24.488800287246704 30
    endloop
  endfacet
  facet normal 0 0 -1
    outer loop
      vertex -421.464173205021 22.844327925502014 30
      vertex -421.57422070843495 22.90482705246602 30
      vertex -421.1999997496605 24.488800287246704 30
    endloop
  endfacet
  facet normal 0 0 -1
    outer loop
      vertex -421.9372094804707 22.998026728428272 30
      vertex -422.0627905195293 22.998026728428272 30
      vertex -421.1999997496605 24.488800287246704 30
    endloop
  endfacet
  facet normal 0 0 -1
    outer loop
      vertex -421 22 30
      vertex -421.0078852986855 22.125333233564305 30
      vertex -420 22 30
    endloop
  endfacet
  facet normal 0 0 -1
    outer loop
      vertex -422.1873813145857 22.98228725072869 30
      vertex -422.30901699437493 22.951056516295154 30
      vertex -422.40000039339066 25.51000040769577 30
    endloop
  endfacet
  facet normal 0 0 -1
    outer loop
      vertex -421.464173205021 22.844327925502014 30
      vertex -421.1999997496605 24.488800287246704 30
      vertex -420.6000003218651 23.72560006380081 30
    endloop
  endfacet
  facet normal 0 0 -1
    outer loop
      vertex -422.535826794979 22.844327925502014 30
      vertex -433.7541420237295 24.646360587574666 30
      vertex -427.2000002861023 27.58599978685379 30
    endloop
  endfacet
  facet normal 0 0 -1
    outer loop
      vertex -422.0627905195293 22.998026728428272 30
      vertex -422.1873813145857 22.98228725072869 30
      vertex -422.40000039339066 25.51000040769577 30
    endloop
  endfacet
  facet normal 0 0 -1
    outer loop
      vertex -422.0627905195293 22.998026728428272 30
      vertex -422.40000039339066 25.51000040769577 30
      vertex -421.1999997496605 24.488800287246704 30
    endloop
  endfacet
  facet normal 0 0 -1
    outer loop
      vertex -422.535826794979 22.844327925502014 30
      vertex -423.60000014305115 26.226399660110474 30
      vertex -422.40000039339066 25.51000040769577 30
    endloop
  endfacet
  facet normal 0 0 -1
    outer loop
      vertex -422.535826794979 22.844327925502014 30
      vertex -424.79999989271164 26.77840006351471 30
      vertex -423.60000014305115 26.226399660110474 30
    endloop
  endfacet
  facet normal 0 0 -1
    outer loop
      vertex -422.535826794979 22.844327925502014 30
      vertex -425.99999964237213 27.221199691295624 30
      vertex -424.79999989271164 26.77840006351471 30
    endloop
  endfacet
  facet normal 0 0 -1
    outer loop
      vertex -449.52512626584706 15.713392950129439 30
      vertex -432.00000017881393 15.455199897289276 30
      vertex -435 15.11199963092804 30
    endloop
  endfacet
  facet normal 0 0 -1
    outer loop
      vertex -449.52512626584706 15.713392950129439 30
      vertex -435 15.11199963092804 30
      vertex -437.99999982118607 14.891200184822083 30
    endloop
  endfacet
  facet normal 0 0 -1
    outer loop
      vertex -449.52512626584706 15.713392950129439 30
      vertex -437.99999982118607 14.891200184822083 30
      vertex -440.99999964237213 14.760399580001831 30
    endloop
  endfacet
  facet normal 0 0 -1
    outer loop
      vertex -449.52512626584706 15.713392950129439 30
      vertex -440.99999964237213 14.760399580001831 30
      vertex -444.00000035762787 14.695600092411041 30
    endloop
  endfacet
  facet normal 0 0 -1
    outer loop
      vertex -449.52512626584706 15.713392950129439 30
      vertex -444.00000035762787 14.695600092411041 30
      vertex -447.00000017881393 14.680000364780426 30
    endloop
  endfacet
  facet normal 0 0 -1
    outer loop
      vertex -449.9081463288892 15.51400532560948 30
      vertex -449.52512626584706 15.713392950129439 30
      vertex -450 14.699199616909027 30
    endloop
  endfacet
  facet normal 0 0 -1
    outer loop
      vertex -422.9921147013145 22.125333233564305 30
      vertex -423 22 30
      vertex -449.52512626584706 15.713392950129439 30
    endloop
  endfacet
  facet normal 0 0 1
    outer loop
      vertex -421.1999997496605 19.511199712753296 130
      vertex -420.6000003218651 20.27439993619919 130
      vertex -421.57422070843495 21.09517294753398 130
    endloop
  endfacet
  facet normal 0 0 1
    outer loop
      vertex -420.6000003218651 20.27439993619919 130
      vertex -421.464173205021 21.155672074497986 130
      vertex -421.57422070843495 21.09517294753398 130
    endloop
  endfacet
  facet normal 0 0 1
    outer loop
      vertex -420.6000003218651 20.27439993619919 130
      vertex -421.3625760102513 21.229486757224212 130
      vertex -421.464173205021 21.155672074497986 130
    endloop
  endfacet
  facet normal 0 0 1
    outer loop
      vertex -420.6000003218651 20.27439993619919 130
      vertex -421.2710313725786 21.31545289407131 130
      vertex -421.3625760102513 21.229486757224212 130
    endloop
  endfacet
  facet normal 0 0 1
    outer loop
      vertex -420.6000003218651 20.27439993619919 130
      vertex -421.19098300562507 21.412214747707527 130
      vertex -421.2710313725786 21.31545289407131 130
    endloop
  endfacet
  facet normal 0 0 1
    outer loop
      vertex -420.6000003218651 20.27439993619919 130
      vertex -421.12369331995615 21.518246325898286 130
      vertex -421.19098300562507 21.412214747707527 130
    endloop
  endfacet
  facet normal 0 0 1
    outer loop
      vertex -420.6000003218651 20.27439993619919 130
      vertex -421.0702235141118 21.631875447315323 130
      vertex -421.12369331995615 21.518246325898286 130
    endloop
  endfacet
  facet normal 0 0 1
    outer loop
      vertex -420.6000003218651 20.27439993619919 130
      vertex -421.0314168388714 21.751310112835146 130
      vertex -421.0702235141118 21.631875447315323 130
    endloop
  endfacet
  facet normal 0 0 1
    outer loop
      vertex -420.6000003218651 20.27439993619919 130
      vertex -420 22 130
      vertex -421.0314168388714 21.751310112835146 130
    endloop
  endfacet
  facet normal 0 0 1
    outer loop
      vertex -420 22 130
      vertex -421.0078852986855 21.874666766435695 130
      vertex -421.0314168388714 21.751310112835146 130
    endloop
  endfacet
  facet normal 0 0 1
    outer loop
      vertex -420 22 130
      vertex -421 22 130
      vertex -421.0078852986855 21.874666766435695 130
    endloop
  endfacet
  facet normal 0 0 -1
    outer loop
      vertex -449.52512626584706 15.713392950129439 30
      vertex -422.80901699437493 21.412214747707527 30
      vertex -422.7289686274214 21.31545289407131 30
    endloop
  endfacet
  facet normal 0 0 -1
    outer loop
      vertex -422.9297764858882 22.368124552684677 30
      vertex -422.9685831611286 22.248689887164854 30
      vertex -449.52512626584706 15.713392950129439 30
    endloop
  endfacet
  facet normal 0 0 -1
    outer loop
      vertex -422.9685831611286 22.248689887164854 30
      vertex -422.9921147013145 22.125333233564305 30
      vertex -449.52512626584706 15.713392950129439 30
    endloop
  endfacet
  facet normal 0 0 -1
    outer loop
      vertex -450.30708666146415 15.348758829279276 30
      vertex -449.9081463288892 15.51400532560948 30
      vertex -450 14.699199616909027 30
    endloop
  endfacet
  facet normal 0 0 -1
    outer loop
      vertex -449.52512626584706 15.713392950129439 30
      vertex -423 22 30
      vertex -422.9921147013145 21.874666766435695 30
    endloop
  endfacet
  facet normal 0 0 -1
    outer loop
      vertex -449.52512626584706 15.713392950129439 30
      vertex -422.9921147013145 21.874666766435695 30
      vertex -422.9685831611286 21.751310112835146 30
    endloop
  endfacet
  facet normal 0 0 -1
    outer loop
      vertex -449.52512626584706 15.713392950129439 30
      vertex -422.9685831611286 21.751310112835146 30
      vertex -422.9297764858882 21.631875447315323 30
    endloop
  endfacet
  facet normal 0 0 -1
    outer loop
      vertex -449.52512626584706 15.713392950129439 30
      vertex -422.7289686274214 21.31545289407131 30
      vertex -422.40000039339066 18.48999959230423 30
    endloop
  endfacet
  facet normal 0 0 -1
    outer loop
      vertex -449.52512626584706 15.713392950129439 30
      vertex -422.40000039339066 18.48999959230423 30
      vertex -423.60000014305115 17.773600339889526 30
    endloop
  endfacet
  facet normal 0 0 -1
    outer loop
      vertex -449.52512626584706 15.713392950129439 30
      vertex -423.60000014305115 17.773600339889526 30
      vertex -424.79999989271164 17.22159993648529 30
    endloop
  endfacet
  facet normal 0 0 -1
    outer loop
      vertex -449.52512626584706 15.713392950129439 30
      vertex -424.79999989271164 17.22159993648529 30
      vertex -425.99999964237213 16.778800308704376 30
    endloop
  endfacet
  facet normal 0 0 -1
    outer loop
      vertex -449.52512626584706 15.713392950129439 30
      vertex -425.99999964237213 16.778800308704376 30
      vertex -427.2000002861023 16.41400021314621 30
    endloop
  endfacet
  facet normal 0 0 -1
    outer loop
      vertex -449.52512626584706 15.713392950129439 30
      vertex -427.2000002861023 16.41400021314621 30
      vertex -429.5999997854233 15.85479986667633 30
    endloop
  endfacet
  facet normal 0 0 -1
    outer loop
      vertex -449.52512626584706 15.713392950129439 30
      vertex -429.5999997854233 15.85479986667633 30
      vertex -432.00000017881393 15.455199897289276 30
    endloop
  endfacet
  facet normal 0 0 -1
    outer loop
      vertex -422.80901699437493 22.587785252292473 30
      vertex -422.87630668004385 22.481753674101714 30
      vertex -433.7541420237295 24.646360587574666 30
    endloop
  endfacet
  facet normal 0 0 -1
    outer loop
      vertex -422.7289686274214 22.68454710592869 30
      vertex -422.80901699437493 22.587785252292473 30
      vertex -433.7541420237295 24.646360587574666 30
    endloop
  endfacet
  facet normal 0 0 -1
    outer loop
      vertex -422.6374239897487 22.770513242775788 30
      vertex -422.7289686274214 22.68454710592869 30
      vertex -433.7541420237295 24.646360587574666 30
    endloop
  endfacet
  facet normal 0 0 -1
    outer loop
      vertex -422.535826794979 22.844327925502014 30
      vertex -422.6374239897487 22.770513242775788 30
      vertex -433.7541420237295 24.646360587574666 30
    endloop
  endfacet
endsolid OpenSCAD_Model
