solid OpenSCAD_Model
  facet normal 0 0.7071067811865314 -0.7071067811865637
    outer loop
      vertex 4 16.167383182342437 145.67721821012066
      vertex 4 16.322781789879354 145.83261681765757
      vertex 8 16.322781789879354 145.83261681765757
    endloop
  endfacet
  facet normal 0 -0.7501110696304838 -0.6613118653236242
    outer loop
      vertex 8 20.1317279836453 144.34314575050763
      vertex 4 20.1317279836453 144.34314575050763
      vertex 8 20.277062388226298 144.17829622732387
    endloop
  endfacet
  facet normal 0 -0.7071067811865431 -0.707106781186552
    outer loop
      vertex 8 18.717514421272202 145.7573593128807
      vertex 4 18.717514421272202 145.7573593128807
      vertex 8 20.1317279836453 144.34314575050763
    endloop
  endfacet
  facet normal 0 -0.6613118653236666 -0.7501110696304467
    outer loop
      vertex 4 18.55266489808845 145.90269371746172
      vertex 8 18.717514421272202 145.7573593128807
      vertex 8 18.55266489808845 145.90269371746172
    endloop
  endfacet
  facet normal 0 -0.7501110696304838 -0.6613118653236242
    outer loop
      vertex 4 20.1317279836453 144.34314575050763
      vertex 4 20.277062388226298 144.17829622732387
      vertex 8 20.277062388226298 144.17829622732387
    endloop
  endfacet
  facet normal 0 -0.7071067811865431 -0.707106781186552
    outer loop
      vertex 4 18.717514421272202 145.7573593128807
      vertex 4 20.1317279836453 144.34314575050763
      vertex 8 20.1317279836453 144.34314575050763
    endloop
  endfacet
  facet normal 0 -0.6613118653236666 -0.7501110696304467
    outer loop
      vertex 8 18.717514421272202 145.7573593128807
      vertex 4 18.55266489808845 145.90269371746172
      vertex 4 18.717514421272202 145.7573593128807
    endloop
  endfacet
  facet normal 0 -0.7071067811865476 0.7071067811865476
    outer loop
      vertex 4 20.20698548842214 141.94841311911478
      vertex 8 20.051586880885232 141.79301451157787
      vertex 8 20.20698548842214 141.94841311911478
    endloop
  endfacet
  facet normal 0 -0.7071067811865476 0.7071067811865476
    outer loop
      vertex 4 20.051586880885232 141.79301451157787
      vertex 8 20.051586880885232 141.79301451157787
      vertex 4 20.20698548842214 141.94841311911478
    endloop
  endfacet
  facet normal 0 0.7071067811865314 -0.7071067811865637
    outer loop
      vertex 8 16.167383182342437 145.67721821012066
      vertex 4 16.167383182342437 145.67721821012066
      vertex 8 16.322781789879354 145.83261681765757
    endloop
  endfacet
  facet normal 0 -0.987688340595138 0.15643446504022898
    outer loop
      vertex 8 20.63652455462423 142.94101933512377
      vertex 4 20.63652455462423 142.94101933512377
      vertex 8 20.602145449961647 142.7239582109872
    endloop
  endfacet
  facet normal 0 0.7901550123757176 -0.6129070536529413
    outer loop
      vertex 8 16.167383182342437 145.67721821012066
      vertex 4 16.03268654921526 145.50356835704548
      vertex 4 16.167383182342437 145.67721821012066
    endloop
  endfacet
  facet normal 0 -0.397147890634783 0.9177546256839801
    outer loop
      vertex 4 19.688774491113044 141.5464474661015
      vertex 4 19.487082476998097 141.45916753776126
      vertex 8 19.487082476998097 141.45916753776126
    endloop
  endfacet
  facet normal 0 -0.5090414157503763 0.8607420270039408
    outer loop
      vertex 4 19.877937027810066 141.65831787845067
      vertex 4 19.688774491113044 141.5464474661015
      vertex 8 19.688774491113044 141.5464474661015
    endloop
  endfacet
  facet normal 0 0.6613118653235938 0.7501110696305109
    outer loop
      vertex 8 17.65685424949238 141.8682720163547
      vertex 8 17.82170377267613 141.72293761177372
      vertex 4 17.82170377267613 141.72293761177372
    endloop
  endfacet
  facet normal 0 -0.6129070536530051 0.7901550123756682
    outer loop
      vertex 4 20.051586880885232 141.79301451157787
      vertex 4 19.877937027810066 141.65831787845067
      vertex 8 19.877937027810066 141.65831787845067
    endloop
  endfacet
  facet normal 0 0.33873792024533 0.9408807689542115
    outer loop
      vertex 8 18.199282307957972 141.4996382884842
      vertex 8 18.406056681000187 141.4251949334965
      vertex 4 18.406056681000187 141.4251949334965
    endloop
  endfacet
  facet normal 0 0.2181432413965316 0.9759167619387498
    outer loop
      vertex 8 18.620530802748434 141.37725428738966
      vertex 4 18.620530802748434 141.37725428738966
      vertex 8 18.406056681000187 141.4251949334965
    endloop
  endfacet
  facet normal 0 0.09410831331847716 0.9955619646030835
    outer loop
      vertex 8 18.839322288182114 141.35657240279113
      vertex 4 18.839322288182114 141.35657240279113
      vertex 8 18.620530802748434 141.37725428738966
    endloop
  endfacet
  facet normal 0 0.2789911060392329 -0.9602936856769421
    outer loop
      vertex 4 16.887286193766485 146.16646379147414
      vertex 4 17.098326881751795 146.22777677919706
      vertex 8 17.098326881751795 146.22777677919706
    endloop
  endfacet
  facet normal 0 0.33873792024533 0.9408807689542115
    outer loop
      vertex 4 18.199282307957972 141.4996382884842
      vertex 8 18.199282307957972 141.4996382884842
      vertex 4 18.406056681000187 141.4251949334965
    endloop
  endfacet
  facet normal 0 0.2181432413965316 0.9759167619387498
    outer loop
      vertex 4 18.620530802748434 141.37725428738966
      vertex 4 18.406056681000187 141.4251949334965
      vertex 8 18.406056681000187 141.4251949334965
    endloop
  endfacet
  facet normal 0 0.09410831331847716 0.9955619646030835
    outer loop
      vertex 4 18.839322288182114 141.35657240279113
      vertex 4 18.620530802748434 141.37725428738966
      vertex 8 18.620530802748434 141.37725428738966
    endloop
  endfacet
  facet normal 0 -0.03141075907812409 0.9995065603657317
    outer loop
      vertex 4 19.058980664876238 141.36347544537577
      vertex 4 18.839322288182114 141.35657240279113
      vertex 8 18.839322288182114 141.35657240279113
    endloop
  endfacet
  facet normal 0 -0.15643446504020744 0.9876883405951414
    outer loop
      vertex 4 19.276041789012787 141.39785455003835
      vertex 4 19.058980664876238 141.36347544537577
      vertex 8 19.058980664876238 141.36347544537577
    endloop
  endfacet
  facet normal 0 0.03141075907812409 -0.9995065603657317
    outer loop
      vertex 4 17.315388005888344 146.26215588385963
      vertex 4 17.53504638258247 146.26905892644427
      vertex 8 17.53504638258247 146.26905892644427
    endloop
  endfacet
  facet normal 0 0.15643446504020744 -0.9876883405951414
    outer loop
      vertex 4 17.098326881751795 146.22777677919706
      vertex 4 17.315388005888344 146.26215588385963
      vertex 8 17.315388005888344 146.26215588385963
    endloop
  endfacet
  facet normal 0 -0.2789911060392329 0.9602936856769421
    outer loop
      vertex 4 19.487082476998097 141.45916753776126
      vertex 4 19.276041789012787 141.39785455003835
      vertex 8 19.276041789012787 141.39785455003835
    endloop
  endfacet
  facet normal 0 -0.03141075907812409 0.9995065603657317
    outer loop
      vertex 8 19.058980664876238 141.36347544537577
      vertex 4 19.058980664876238 141.36347544537577
      vertex 8 18.839322288182114 141.35657240279113
    endloop
  endfacet
  facet normal 0 0.397147890634783 -0.9177546256839801
    outer loop
      vertex 4 16.685594179651538 146.0791838631339
      vertex 4 16.887286193766485 146.16646379147414
      vertex 8 16.887286193766485 146.16646379147414
    endloop
  endfacet
  facet normal 0 0.5090414157503763 -0.8607420270039408
    outer loop
      vertex 4 16.496431642954516 145.96731345078473
      vertex 4 16.685594179651538 146.0791838631339
      vertex 8 16.685594179651538 146.0791838631339
    endloop
  endfacet
  facet normal 0 0.6129070536529322 -0.7901550123757246
    outer loop
      vertex 4 16.322781789879354 145.83261681765757
      vertex 4 16.496431642954516 145.96731345078473
      vertex 8 16.496431642954516 145.96731345078473
    endloop
  endfacet
  facet normal 0 -0.2181432413965316 -0.9759167619387498
    outer loop
      vertex 8 17.75383786801615 146.24837704184574
      vertex 4 17.75383786801615 146.24837704184574
      vertex 8 17.968311989764395 146.2004363957389
    endloop
  endfacet
  facet normal 0 -0.9408807689542432 -0.33873792024524185
    outer loop
      vertex 4 20.500361711515808 143.80071769204204
      vertex 8 20.574805066503487 143.5939433189998
      vertex 8 20.500361711515808 143.80071769204204
    endloop
  endfacet
  facet normal 0 -0.9955619646030796 -0.09410831331851982
    outer loop
      vertex 8 20.62274571261033 143.37946919725155
      vertex 4 20.62274571261033 143.37946919725155
      vertex 8 20.64342759720887 143.1606777118179
    endloop
  endfacet
  facet normal 0 -0.9759167619387445 -0.21814324139655553
    outer loop
      vertex 8 20.574805066503487 143.5939433189998
      vertex 4 20.574805066503487 143.5939433189998
      vertex 8 20.62274571261033 143.37946919725155
    endloop
  endfacet
  facet normal 0 -0.9995065603657317 0.031410759078123573
    outer loop
      vertex 8 20.64342759720887 143.1606777118179
      vertex 4 20.64342759720887 143.1606777118179
      vertex 8 20.63652455462423 142.94101933512377
    endloop
  endfacet
  facet normal 0 0.9759167619387497 0.21814324139653243
    outer loop
      vertex 8 15.751622958154254 144.24616213198385
      vertex 8 15.799563604261094 144.0316880102356
      vertex 4 15.799563604261094 144.0316880102356
    endloop
  endfacet
  facet normal 0 0.9759167619387497 0.21814324139653243
    outer loop
      vertex 4 15.799563604261094 144.0316880102356
      vertex 4 15.751622958154254 144.24616213198385
      vertex 8 15.751622958154254 144.24616213198385
    endloop
  endfacet
  facet normal 0 0.9955619646030799 0.0941083133185157
    outer loop
      vertex 4 15.751622958154254 144.24616213198385
      vertex 4 15.730941073555714 144.46495361741754
      vertex 8 15.730941073555714 144.46495361741754
    endloop
  endfacet
  facet normal 0 0.9995065603657317 -0.031410759078123573
    outer loop
      vertex 4 15.730941073555714 144.46495361741754
      vertex 4 15.737844116140353 144.68461199411166
      vertex 8 15.737844116140353 144.68461199411166
    endloop
  endfacet
  facet normal 0 0.987688340595136 -0.15643446504024108
    outer loop
      vertex 4 15.737844116140353 144.68461199411166
      vertex 4 15.772223220802935 144.9016731182482
      vertex 8 15.772223220802935 144.9016731182482
    endloop
  endfacet
  facet normal 0 0.9602936856769495 -0.2789911060392069
    outer loop
      vertex 4 15.772223220802935 144.9016731182482
      vertex 4 15.83353620852585 145.11271380623353
      vertex 8 15.83353620852585 145.11271380623353
    endloop
  endfacet
  facet normal 0 0.9177546256839779 -0.397147890634788
    outer loop
      vertex 4 15.83353620852585 145.11271380623353
      vertex 4 15.9208161368661 145.31440582034847
      vertex 8 15.9208161368661 145.31440582034847
    endloop
  endfacet
  facet normal 0 0.7501110696304274 0.6613118653236885
    outer loop
      vertex 4 16.242640687119284 143.2824855787278
      vertex 4 16.097306282538284 143.44733510191153
      vertex 8 16.097306282538284 143.44733510191153
    endloop
  endfacet
  facet normal 0 0.8607420270039315 -0.5090414157503915
    outer loop
      vertex 4 15.9208161368661 145.31440582034847
      vertex 4 16.03268654921526 145.50356835704548
      vertex 8 16.03268654921526 145.50356835704548
    endloop
  endfacet
  facet normal 0 0.9408807689542208 0.3387379202453045
    outer loop
      vertex 8 15.874006959248778 143.8249136371934
      vertex 4 15.874006959248778 143.8249136371934
      vertex 8 15.799563604261094 144.0316880102356
    endloop
  endfacet
  facet normal 0 0.9408807689542208 0.3387379202453045
    outer loop
      vertex 4 15.874006959248778 143.8249136371934
      vertex 4 15.799563604261094 144.0316880102356
      vertex 8 15.799563604261094 144.0316880102356
    endloop
  endfacet
  facet normal 0 0.9955619646030799 0.0941083133185157
    outer loop
      vertex 8 15.730941073555714 144.46495361741754
      vertex 8 15.751622958154254 144.24616213198385
      vertex 4 15.751622958154254 144.24616213198385
    endloop
  endfacet
  facet normal 0 0.9995065603657317 -0.031410759078123573
    outer loop
      vertex 8 15.730941073555714 144.46495361741754
      vertex 4 15.730941073555714 144.46495361741754
      vertex 8 15.737844116140353 144.68461199411166
    endloop
  endfacet
  facet normal 0 0.987688340595136 -0.15643446504024108
    outer loop
      vertex 8 15.737844116140353 144.68461199411166
      vertex 4 15.737844116140353 144.68461199411166
      vertex 8 15.772223220802935 144.9016731182482
    endloop
  endfacet
  facet normal 0 0.9602936856769495 -0.2789911060392069
    outer loop
      vertex 8 15.772223220802935 144.9016731182482
      vertex 4 15.772223220802935 144.9016731182482
      vertex 8 15.83353620852585 145.11271380623353
    endloop
  endfacet
  facet normal 0 -0.9602936856769395 0.2789911060392416
    outer loop
      vertex 8 20.602145449961647 142.7239582109872
      vertex 4 20.602145449961647 142.7239582109872
      vertex 8 20.540832462238733 142.5129175230019
    endloop
  endfacet
  facet normal 0 -0.917754625683975 0.39714789063479483
    outer loop
      vertex 8 20.540832462238733 142.5129175230019
      vertex 4 20.540832462238733 142.5129175230019
      vertex 8 20.45355253389848 142.31122550888696
    endloop
  endfacet
  facet normal 0 -0.8607420270039687 0.5090414157503289
    outer loop
      vertex 8 20.45355253389848 142.31122550888696
      vertex 4 20.45355253389848 142.31122550888696
      vertex 8 20.341682121549322 142.12206297218992
    endloop
  endfacet
  facet normal 0 -0.7901550123756612 0.6129070536530139
    outer loop
      vertex 4 20.341682121549322 142.12206297218992
      vertex 8 20.20698548842214 141.94841311911478
      vertex 8 20.341682121549322 142.12206297218992
    endloop
  endfacet
  facet normal 0 -0.6129070536530051 0.7901550123756682
    outer loop
      vertex 4 20.051586880885232 141.79301451157787
      vertex 8 19.877937027810066 141.65831787845067
      vertex 8 20.051586880885232 141.79301451157787
    endloop
  endfacet
  facet normal 0 -0.15643446504020744 0.9876883405951414
    outer loop
      vertex 8 19.276041789012787 141.39785455003835
      vertex 4 19.276041789012787 141.39785455003835
      vertex 8 19.058980664876238 141.36347544537577
    endloop
  endfacet
  facet normal 0 0.7071067811865502 0.7071067811865449
    outer loop
      vertex 8 17.65685424949238 141.8682720163547
      vertex 4 17.65685424949238 141.8682720163547
      vertex 8 16.242640687119284 143.2824855787278
    endloop
  endfacet
  facet normal 0 0.7501110696304274 0.6613118653236885
    outer loop
      vertex 4 16.242640687119284 143.2824855787278
      vertex 8 16.097306282538284 143.44733510191153
      vertex 8 16.242640687119284 143.2824855787278
    endloop
  endfacet
  facet normal 0 0.7901550123757176 -0.6129070536529413
    outer loop
      vertex 8 16.03268654921526 145.50356835704548
      vertex 4 16.03268654921526 145.50356835704548
      vertex 8 16.167383182342437 145.67721821012066
    endloop
  endfacet
  facet normal 0 0.8607420270039315 -0.5090414157503915
    outer loop
      vertex 8 15.9208161368661 145.31440582034847
      vertex 4 15.9208161368661 145.31440582034847
      vertex 8 16.03268654921526 145.50356835704548
    endloop
  endfacet
  facet normal 0 -0.2789911060392329 0.9602936856769421
    outer loop
      vertex 8 19.487082476998097 141.45916753776126
      vertex 4 19.487082476998097 141.45916753776126
      vertex 8 19.276041789012787 141.39785455003835
    endloop
  endfacet
  facet normal 0 -0.397147890634783 0.9177546256839801
    outer loop
      vertex 8 19.688774491113044 141.5464474661015
      vertex 4 19.688774491113044 141.5464474661015
      vertex 8 19.487082476998097 141.45916753776126
    endloop
  endfacet
  facet normal 0 -0.5090414157503763 0.8607420270039408
    outer loop
      vertex 8 19.877937027810066 141.65831787845067
      vertex 4 19.877937027810066 141.65831787845067
      vertex 8 19.688774491113044 141.5464474661015
    endloop
  endfacet
  facet normal 0 -0.09410831331847716 -0.9955619646030835
    outer loop
      vertex 8 17.53504638258247 146.26905892644427
      vertex 4 17.53504638258247 146.26905892644427
      vertex 8 17.75383786801615 146.24837704184574
    endloop
  endfacet
  facet normal 0 0.6613118653235938 0.7501110696305109
    outer loop
      vertex 4 17.82170377267613 141.72293761177372
      vertex 4 17.65685424949238 141.8682720163547
      vertex 8 17.65685424949238 141.8682720163547
    endloop
  endfacet
  facet normal 0 0.7071067811865502 0.7071067811865449
    outer loop
      vertex 4 17.65685424949238 141.8682720163547
      vertex 4 16.242640687119284 143.2824855787278
      vertex 8 16.242640687119284 143.2824855787278
    endloop
  endfacet
  facet normal 0 0.9177546256839779 -0.397147890634788
    outer loop
      vertex 8 15.83353620852585 145.11271380623353
      vertex 4 15.83353620852585 145.11271380623353
      vertex 8 15.9208161368661 145.31440582034847
    endloop
  endfacet
  facet normal 0 0.8910065241883552 0.4539904997395716
    outer loop
      vertex 4 15.874006959248778 143.8249136371934
      vertex 8 15.874006959248778 143.8249136371934
      vertex 4 15.973779006938843 143.62909996824112
    endloop
  endfacet
  facet normal 0 0.8270805742746061 0.5620833778520653
    outer loop
      vertex 4 16.097306282538284 143.44733510191153
      vertex 4 15.973779006938843 143.62909996824112
      vertex 8 15.973779006938843 143.62909996824112
    endloop
  endfacet
  facet normal 0 0.8270805742746061 0.5620833778520653
    outer loop
      vertex 8 15.973779006938843 143.62909996824112
      vertex 8 16.097306282538284 143.44733510191153
      vertex 4 16.097306282538284 143.44733510191153
    endloop
  endfacet
  facet normal 0 0.8910065241883552 0.4539904997395716
    outer loop
      vertex 8 15.874006959248778 143.8249136371934
      vertex 8 15.973779006938843 143.62909996824112
      vertex 4 15.973779006938843 143.62909996824112
    endloop
  endfacet
  facet normal 0 -0.9408807689542432 -0.33873792024524185
    outer loop
      vertex 4 20.574805066503487 143.5939433189998
      vertex 8 20.574805066503487 143.5939433189998
      vertex 4 20.500361711515808 143.80071769204204
    endloop
  endfacet
  facet normal 0 -0.9602936856769395 0.2789911060392416
    outer loop
      vertex 4 20.602145449961647 142.7239582109872
      vertex 4 20.540832462238733 142.5129175230019
      vertex 8 20.540832462238733 142.5129175230019
    endloop
  endfacet
  facet normal 0 0.15643446504020744 -0.9876883405951414
    outer loop
      vertex 8 17.098326881751795 146.22777677919706
      vertex 4 17.098326881751795 146.22777677919706
      vertex 8 17.315388005888344 146.26215588385963
    endloop
  endfacet
  facet normal 0 -0.7901550123756612 0.6129070536530139
    outer loop
      vertex 4 20.341682121549322 142.12206297218992
      vertex 4 20.20698548842214 141.94841311911478
      vertex 8 20.20698548842214 141.94841311911478
    endloop
  endfacet
  facet normal 0 -0.8910065241883519 -0.45399049973957806
    outer loop
      vertex 8 20.40058966382574 143.9965313609943
      vertex 4 20.40058966382574 143.9965313609943
      vertex 8 20.500361711515808 143.80071769204204
    endloop
  endfacet
  facet normal 0 -0.8270805742745616 -0.5620833778521309
    outer loop
      vertex 8 20.277062388226298 144.17829622732387
      vertex 4 20.277062388226298 144.17829622732387
      vertex 8 20.40058966382574 143.9965313609943
    endloop
  endfacet
  facet normal 0 -0.8607420270039687 0.5090414157503289
    outer loop
      vertex 4 20.45355253389848 142.31122550888696
      vertex 4 20.341682121549322 142.12206297218992
      vertex 8 20.341682121549322 142.12206297218992
    endloop
  endfacet
  facet normal 0 0.6129070536529322 -0.7901550123757246
    outer loop
      vertex 8 16.322781789879354 145.83261681765757
      vertex 4 16.322781789879354 145.83261681765757
      vertex 8 16.496431642954516 145.96731345078473
    endloop
  endfacet
  facet normal 0 0.2789911060392329 -0.9602936856769421
    outer loop
      vertex 8 16.887286193766485 146.16646379147414
      vertex 4 16.887286193766485 146.16646379147414
      vertex 8 17.098326881751795 146.22777677919706
    endloop
  endfacet
  facet normal 0 -0.09410831331847716 -0.9955619646030835
    outer loop
      vertex 4 17.53504638258247 146.26905892644427
      vertex 4 17.75383786801615 146.24837704184574
      vertex 8 17.75383786801615 146.24837704184574
    endloop
  endfacet
  facet normal 0 -0.2181432413965316 -0.9759167619387498
    outer loop
      vertex 4 17.968311989764395 146.2004363957389
      vertex 8 17.968311989764395 146.2004363957389
      vertex 4 17.75383786801615 146.24837704184574
    endloop
  endfacet
  facet normal 0 -0.917754625683975 0.39714789063479483
    outer loop
      vertex 4 20.540832462238733 142.5129175230019
      vertex 4 20.45355253389848 142.31122550888696
      vertex 8 20.45355253389848 142.31122550888696
    endloop
  endfacet
  facet normal 0 -0.987688340595138 0.15643446504022898
    outer loop
      vertex 4 20.63652455462423 142.94101933512377
      vertex 4 20.602145449961647 142.7239582109872
      vertex 8 20.602145449961647 142.7239582109872
    endloop
  endfacet
  facet normal 0 -0.9995065603657317 0.031410759078123573
    outer loop
      vertex 4 20.64342759720887 143.1606777118179
      vertex 4 20.63652455462423 142.94101933512377
      vertex 8 20.63652455462423 142.94101933512377
    endloop
  endfacet
  facet normal 0 0.5090414157503763 -0.8607420270039408
    outer loop
      vertex 8 16.496431642954516 145.96731345078473
      vertex 4 16.496431642954516 145.96731345078473
      vertex 8 16.685594179651538 146.0791838631339
    endloop
  endfacet
  facet normal 0 -0.9955619646030796 -0.09410831331851982
    outer loop
      vertex 4 20.62274571261033 143.37946919725155
      vertex 4 20.64342759720887 143.1606777118179
      vertex 8 20.64342759720887 143.1606777118179
    endloop
  endfacet
  facet normal 0 -0.9759167619387445 -0.21814324139655553
    outer loop
      vertex 4 20.62274571261033 143.37946919725155
      vertex 8 20.62274571261033 143.37946919725155
      vertex 4 20.574805066503487 143.5939433189998
    endloop
  endfacet
  facet normal 0 -0.33873792024533 -0.9408807689542115
    outer loop
      vertex 4 17.968311989764395 146.2004363957389
      vertex 4 18.17508636280661 146.1259930407512
      vertex 8 18.17508636280661 146.1259930407512
    endloop
  endfacet
  facet normal 0 -0.33873792024533 -0.9408807689542115
    outer loop
      vertex 8 17.968311989764395 146.2004363957389
      vertex 4 17.968311989764395 146.2004363957389
      vertex 8 18.17508636280661 146.1259930407512
    endloop
  endfacet
  facet normal 0 0.397147890634783 -0.9177546256839801
    outer loop
      vertex 8 16.685594179651538 146.0791838631339
      vertex 4 16.685594179651538 146.0791838631339
      vertex 8 16.887286193766485 146.16646379147414
    endloop
  endfacet
  facet normal 0 -0.8270805742745616 -0.5620833778521309
    outer loop
      vertex 4 20.40058966382574 143.9965313609943
      vertex 8 20.40058966382574 143.9965313609943
      vertex 4 20.277062388226298 144.17829622732387
    endloop
  endfacet
  facet normal 0 0.4539904997395519 0.8910065241883653
    outer loop
      vertex 4 18.199282307957972 141.4996382884842
      vertex 8 18.00346863900569 141.59941033617426
      vertex 8 18.199282307957972 141.4996382884842
    endloop
  endfacet
  facet normal 0 0.5620833778521751 0.8270805742745315
    outer loop
      vertex 8 18.00346863900569 141.59941033617426
      vertex 4 18.00346863900569 141.59941033617426
      vertex 8 17.82170377267613 141.72293761177372
    endloop
  endfacet
  facet normal 0 -0.8910065241883519 -0.45399049973957806
    outer loop
      vertex 4 20.500361711515808 143.80071769204204
      vertex 8 20.500361711515808 143.80071769204204
      vertex 4 20.40058966382574 143.9965313609943
    endloop
  endfacet
  facet normal 0 -0.5620833778520867 -0.8270805742745917
    outer loop
      vertex 8 18.370900031758893 146.02622099306114
      vertex 4 18.370900031758893 146.02622099306114
      vertex 8 18.55266489808845 145.90269371746172
    endloop
  endfacet
  facet normal 0 -0.4539904997395519 -0.8910065241883653
    outer loop
      vertex 8 18.17508636280661 146.1259930407512
      vertex 4 18.17508636280661 146.1259930407512
      vertex 8 18.370900031758893 146.02622099306114
    endloop
  endfacet
  facet normal 0 0.4539904997395519 0.8910065241883653
    outer loop
      vertex 4 18.199282307957972 141.4996382884842
      vertex 4 18.00346863900569 141.59941033617426
      vertex 8 18.00346863900569 141.59941033617426
    endloop
  endfacet
  facet normal 0 0.5620833778521751 0.8270805742745315
    outer loop
      vertex 4 18.00346863900569 141.59941033617426
      vertex 4 17.82170377267613 141.72293761177372
      vertex 8 17.82170377267613 141.72293761177372
    endloop
  endfacet
  facet normal 0 -0.5620833778520867 -0.8270805742745917
    outer loop
      vertex 4 18.370900031758893 146.02622099306114
      vertex 4 18.55266489808845 145.90269371746172
      vertex 8 18.55266489808845 145.90269371746172
    endloop
  endfacet
  facet normal 0 -0.4539904997395519 -0.8910065241883653
    outer loop
      vertex 4 18.17508636280661 146.1259930407512
      vertex 4 18.370900031758893 146.02622099306114
      vertex 8 18.370900031758893 146.02622099306114
    endloop
  endfacet
  facet normal 0 0.03141075907812409 -0.9995065603657317
    outer loop
      vertex 8 17.315388005888344 146.26215588385963
      vertex 4 17.315388005888344 146.26215588385963
      vertex 8 17.53504638258247 146.26905892644427
    endloop
  endfacet
  facet normal 0 -0.7501110696304274 0.6613118653236885
    outer loop
      vertex 4 7.902693717461714 143.44733510191153
      vertex 8 7.757359312880714 143.2824855787278
      vertex 8 7.902693717461714 143.44733510191153
    endloop
  endfacet
  facet normal 0 0.33873792024533 -0.9408807689542115
    outer loop
      vertex 8 5.82491363719339 146.1259930407512
      vertex 4 5.82491363719339 146.1259930407512
      vertex 8 6.031688010235605 146.2004363957389
    endloop
  endfacet
  facet normal 0 -0.7071067811865505 0.7071067811865447
    outer loop
      vertex 8 7.757359312880714 143.2824855787278
      vertex 4 7.757359312880714 143.2824855787278
      vertex 8 6.343145750507619 141.8682720163547
    endloop
  endfacet
  facet normal 0 -0.9995065603657317 -0.031410759078123573
    outer loop
      vertex 8 8.262155883859647 144.68461199411166
      vertex 4 8.262155883859647 144.68461199411166
      vertex 8 8.269058926444286 144.46495361741754
    endloop
  endfacet
  facet normal 0 0.9876883405951392 0.1564344650402211
    outer loop
      vertex 4 3.3978545500383532 142.7239582109872
      vertex 4 3.363475445375771 142.94101933512377
      vertex 8 3.363475445375771 142.94101933512377
    endloop
  endfacet
  facet normal 0 0.9602936856769416 0.2789911060392341
    outer loop
      vertex 4 3.4591675377612656 142.5129175230019
      vertex 4 3.3978545500383532 142.7239582109872
      vertex 8 3.3978545500383532 142.7239582109872
    endloop
  endfacet
  facet normal 0 0.4539904997395519 -0.8910065241883653
    outer loop
      vertex 4 5.629099968241107 146.02622099306114
      vertex 4 5.82491363719339 146.1259930407512
      vertex 8 5.82491363719339 146.1259930407512
    endloop
  endfacet
  facet normal 0 0.031410759078123955 0.9995065603657317
    outer loop
      vertex 8 5.160677711817885 141.35657240279113
      vertex 4 5.160677711817885 141.35657240279113
      vertex 8 4.941019335123761 141.36347544537577
    endloop
  endfacet
  facet normal 0 0.031410759078123955 0.9995065603657317
    outer loop
      vertex 4 5.160677711817885 141.35657240279113
      vertex 4 4.941019335123761 141.36347544537577
      vertex 8 4.941019335123761 141.36347544537577
    endloop
  endfacet
  facet normal 0 0.397147890634783 0.9177546256839801
    outer loop
      vertex 4 4.512917523001901 141.45916753776126
      vertex 4 4.311225508886954 141.5464474661015
      vertex 8 4.311225508886954 141.5464474661015
    endloop
  endfacet
  facet normal 0 0.2789911060392329 0.9602936856769421
    outer loop
      vertex 4 4.723958210987211 141.39785455003835
      vertex 4 4.512917523001901 141.45916753776126
      vertex 8 4.512917523001901 141.45916753776126
    endloop
  endfacet
  facet normal 0 0.7071067811865395 0.7071067811865556
    outer loop
      vertex 4 3.94841311911477 141.79301451157787
      vertex 4 3.793014511577857 141.94841311911478
      vertex 8 3.793014511577857 141.94841311911478
    endloop
  endfacet
  facet normal 0 0.15643446504020744 0.9876883405951414
    outer loop
      vertex 8 4.941019335123761 141.36347544537577
      vertex 4 4.941019335123761 141.36347544537577
      vertex 8 4.723958210987211 141.39785455003835
    endloop
  endfacet
  facet normal 0 0.2789911060392329 0.9602936856769421
    outer loop
      vertex 8 4.723958210987211 141.39785455003835
      vertex 4 4.723958210987211 141.39785455003835
      vertex 8 4.512917523001901 141.45916753776126
    endloop
  endfacet
  facet normal 0 0.397147890634783 0.9177546256839801
    outer loop
      vertex 8 4.311225508886954 141.5464474661015
      vertex 8 4.512917523001901 141.45916753776126
      vertex 4 4.512917523001901 141.45916753776126
    endloop
  endfacet
  facet normal 0 0.15643446504020744 0.9876883405951414
    outer loop
      vertex 4 4.941019335123761 141.36347544537577
      vertex 4 4.723958210987211 141.39785455003835
      vertex 8 4.723958210987211 141.39785455003835
    endloop
  endfacet
  facet normal 0 0.9995065603657315 0.03141075907813165
    outer loop
      vertex 4 3.363475445375771 142.94101933512377
      vertex 4 3.35657240279113 143.1606777118179
      vertex 8 3.35657240279113 143.1606777118179
    endloop
  endfacet
  facet normal 0 0.7071067811865395 0.7071067811865556
    outer loop
      vertex 8 3.94841311911477 141.79301451157787
      vertex 4 3.94841311911477 141.79301451157787
      vertex 8 3.793014511577857 141.94841311911478
    endloop
  endfacet
  facet normal 0 -0.7901550123757157 -0.6129070536529438
    outer loop
      vertex 8 7.832616817657562 145.67721821012066
      vertex 4 7.832616817657562 145.67721821012066
      vertex 8 7.96731345078474 145.50356835704548
    endloop
  endfacet
  facet normal 0 0.562083377852083 -0.8270805742745942
    outer loop
      vertex 4 5.447335101911547 145.90269371746172
      vertex 4 5.629099968241107 146.02622099306114
      vertex 8 5.629099968241107 146.02622099306114
    endloop
  endfacet
  facet normal 0 0.917754625683975 0.39714789063479483
    outer loop
      vertex 4 3.546447466101517 142.31122550888696
      vertex 4 3.4591675377612656 142.5129175230019
      vertex 8 3.4591675377612656 142.5129175230019
    endloop
  endfacet
  facet normal 0 0.7901550123756652 0.612907053653009
    outer loop
      vertex 4 3.793014511577857 141.94841311911478
      vertex 4 3.658317878450678 142.12206297218992
      vertex 8 3.658317878450678 142.12206297218992
    endloop
  endfacet
  facet normal 0 0.612907053653011 0.7901550123756637
    outer loop
      vertex 4 4.122062972189933 141.65831787845067
      vertex 4 3.94841311911477 141.79301451157787
      vertex 8 3.94841311911477 141.79301451157787
    endloop
  endfacet
  facet normal 0 0.5090414157503781 0.8607420270039396
    outer loop
      vertex 4 4.311225508886954 141.5464474661015
      vertex 4 4.122062972189933 141.65831787845067
      vertex 8 4.122062972189933 141.65831787845067
    endloop
  endfacet
  facet normal 0 -0.4539904997395519 0.8910065241883653
    outer loop
      vertex 8 5.996531360994311 141.59941033617426
      vertex 4 5.996531360994311 141.59941033617426
      vertex 8 5.800717692042028 141.4996382884842
    endloop
  endfacet
  facet normal 0 0.8607420270039651 0.5090414157503349
    outer loop
      vertex 4 3.658317878450678 142.12206297218992
      vertex 4 3.546447466101517 142.31122550888696
      vertex 8 3.546447466101517 142.31122550888696
    endloop
  endfacet
  facet normal 0 -0.5620833778521733 0.8270805742745329
    outer loop
      vertex 4 6.17829622732387 141.72293761177372
      vertex 8 5.996531360994311 141.59941033617426
      vertex 8 6.17829622732387 141.72293761177372
    endloop
  endfacet
  facet normal 0 -0.7071067811865355 -0.7071067811865597
    outer loop
      vertex 4 7.677218210120647 145.83261681765757
      vertex 4 7.832616817657562 145.67721821012066
      vertex 8 7.832616817657562 145.67721821012066
    endloop
  endfacet
  facet normal 0 -0.8270805742745578 0.5620833778521365
    outer loop
      vertex 4 8.026220993061159 143.6290999682411
      vertex 4 7.902693717461714 143.44733510191153
      vertex 8 7.902693717461714 143.44733510191153
    endloop
  endfacet
  facet normal 0 -0.8910065241883819 0.4539904997395193
    outer loop
      vertex 4 8.125993040751224 143.8249136371934
      vertex 4 8.026220993061159 143.6290999682411
      vertex 8 8.026220993061159 143.6290999682411
    endloop
  endfacet
  facet normal 0 -0.8607420270039315 -0.5090414157503915
    outer loop
      vertex 8 7.96731345078474 145.50356835704548
      vertex 4 7.96731345078474 145.50356835704548
      vertex 8 8.0791838631339 145.31440582034847
    endloop
  endfacet
  facet normal 0 -0.5620833778521733 0.8270805742745329
    outer loop
      vertex 4 6.17829622732387 141.72293761177372
      vertex 4 5.996531360994311 141.59941033617426
      vertex 8 5.996531360994311 141.59941033617426
    endloop
  endfacet
  facet normal 0 -0.4539904997395519 0.8910065241883653
    outer loop
      vertex 4 5.996531360994311 141.59941033617426
      vertex 4 5.800717692042028 141.4996382884842
      vertex 8 5.800717692042028 141.4996382884842
    endloop
  endfacet
  facet normal 0 0.8270805742745616 -0.5620833778521309
    outer loop
      vertex 8 3.5994103361742606 143.9965313609943
      vertex 4 3.5994103361742606 143.9965313609943
      vertex 8 3.7229376117737036 144.17829622732387
    endloop
  endfacet
  facet normal 0 -0.7071067811865355 -0.7071067811865597
    outer loop
      vertex 4 7.677218210120647 145.83261681765757
      vertex 8 7.832616817657562 145.67721821012066
      vertex 8 7.677218210120647 145.83261681765757
    endloop
  endfacet
  facet normal 0 -0.9602936856769495 -0.2789911060392069
    outer loop
      vertex 8 8.16646379147415 145.11271380623353
      vertex 4 8.16646379147415 145.11271380623353
      vertex 8 8.227776779197065 144.9016731182482
    endloop
  endfacet
  facet normal 0 -0.33873792024533 0.9408807689542115
    outer loop
      vertex 4 5.800717692042028 141.4996382884842
      vertex 8 5.593943318999813 141.4251949334965
      vertex 8 5.800717692042028 141.4996382884842
    endloop
  endfacet
  facet normal 0 -0.21814324139653074 0.97591676193875
    outer loop
      vertex 8 5.593943318999813 141.4251949334965
      vertex 4 5.593943318999813 141.4251949334965
      vertex 8 5.379469197251566 141.37725428738966
    endloop
  endfacet
  facet normal 0 -0.09410831331847716 0.9955619646030835
    outer loop
      vertex 8 5.379469197251566 141.37725428738966
      vertex 4 5.379469197251566 141.37725428738966
      vertex 8 5.160677711817885 141.35657240279113
    endloop
  endfacet
  facet normal 0 -0.9177546256839779 -0.397147890634788
    outer loop
      vertex 8 8.0791838631339 145.31440582034847
      vertex 4 8.0791838631339 145.31440582034847
      vertex 8 8.16646379147415 145.11271380623353
    endloop
  endfacet
  facet normal 0 -0.987688340595136 -0.15643446504024108
    outer loop
      vertex 8 8.227776779197065 144.9016731182482
      vertex 4 8.227776779197065 144.9016731182482
      vertex 8 8.262155883859647 144.68461199411166
    endloop
  endfacet
  facet normal 0 -0.8270805742745578 0.5620833778521365
    outer loop
      vertex 8 8.026220993061159 143.6290999682411
      vertex 4 8.026220993061159 143.6290999682411
      vertex 8 7.902693717461714 143.44733510191153
    endloop
  endfacet
  facet normal 0 -0.8910065241883819 0.4539904997395193
    outer loop
      vertex 4 8.125993040751224 143.8249136371934
      vertex 8 8.026220993061159 143.6290999682411
      vertex 8 8.125993040751224 143.8249136371934
    endloop
  endfacet
  facet normal 0 0.33873792024533 -0.9408807689542115
    outer loop
      vertex 4 5.82491363719339 146.1259930407512
      vertex 4 6.031688010235605 146.2004363957389
      vertex 8 6.031688010235605 146.2004363957389
    endloop
  endfacet
  facet normal 0 0.21814324139653074 -0.97591676193875
    outer loop
      vertex 4 6.031688010235605 146.2004363957389
      vertex 4 6.246162131983852 146.24837704184574
      vertex 8 6.246162131983852 146.24837704184574
    endloop
  endfacet
  facet normal 0 0.09410831331847754 -0.9955619646030834
    outer loop
      vertex 4 6.246162131983852 146.24837704184574
      vertex 4 6.464953617417532 146.26905892644427
      vertex 8 6.464953617417532 146.26905892644427
    endloop
  endfacet
  facet normal 0 -0.03141075907812382 -0.9995065603657316
    outer loop
      vertex 4 6.464953617417532 146.26905892644427
      vertex 4 6.684611994111657 146.26215588385963
      vertex 8 6.684611994111657 146.26215588385963
    endloop
  endfacet
  facet normal 0 -0.7501110696304274 0.6613118653236885
    outer loop
      vertex 4 7.902693717461714 143.44733510191153
      vertex 4 7.757359312880714 143.2824855787278
      vertex 8 7.757359312880714 143.2824855787278
    endloop
  endfacet
  facet normal 0 -0.7071067811865505 0.7071067811865447
    outer loop
      vertex 4 7.757359312880714 143.2824855787278
      vertex 4 6.343145750507619 141.8682720163547
      vertex 8 6.343145750507619 141.8682720163547
    endloop
  endfacet
  facet normal 0 -0.6613118653235976 0.7501110696305072
    outer loop
      vertex 4 6.343145750507619 141.8682720163547
      vertex 4 6.17829622732387 141.72293761177372
      vertex 8 6.17829622732387 141.72293761177372
    endloop
  endfacet
  facet normal 0 0.9995065603657315 0.03141075907813165
    outer loop
      vertex 8 3.363475445375771 142.94101933512377
      vertex 4 3.363475445375771 142.94101933512377
      vertex 8 3.35657240279113 143.1606777118179
    endloop
  endfacet
  facet normal 0 -0.397147890634783 -0.9177546256839801
    outer loop
      vertex 8 7.112713806233517 146.16646379147414
      vertex 4 7.112713806233517 146.16646379147414
      vertex 8 7.314405820348464 146.0791838631339
    endloop
  endfacet
  facet normal 0 -0.5090414157503799 -0.8607420270039386
    outer loop
      vertex 8 7.314405820348464 146.0791838631339
      vertex 4 7.314405820348464 146.0791838631339
      vertex 8 7.503568357045484 145.96731345078473
    endloop
  endfacet
  facet normal 0 0.6613118653236705 -0.750111069630443
    outer loop
      vertex 8 5.282485578727798 145.7573593128807
      vertex 4 5.282485578727798 145.7573593128807
      vertex 8 5.447335101911547 145.90269371746172
    endloop
  endfacet
  facet normal 0 -0.9955619646030799 0.0941083133185157
    outer loop
      vertex 8 8.269058926444286 144.46495361741754
      vertex 4 8.269058926444286 144.46495361741754
      vertex 8 8.248377041845746 144.24616213198385
    endloop
  endfacet
  facet normal 0 -0.9759167619387497 0.21814324139653243
    outer loop
      vertex 8 8.248377041845746 144.24616213198385
      vertex 4 8.248377041845746 144.24616213198385
      vertex 8 8.200436395738906 144.0316880102356
    endloop
  endfacet
  facet normal 0 0.9876883405951392 0.1564344650402211
    outer loop
      vertex 8 3.363475445375771 142.94101933512377
      vertex 8 3.3978545500383532 142.7239582109872
      vertex 4 3.3978545500383532 142.7239582109872
    endloop
  endfacet
  facet normal 0 -0.6613118653235976 0.7501110696305072
    outer loop
      vertex 4 6.343145750507619 141.8682720163547
      vertex 8 6.17829622732387 141.72293761177372
      vertex 8 6.343145750507619 141.8682720163547
    endloop
  endfacet
  facet normal 0 -0.9408807689542232 0.33873792024529736
    outer loop
      vertex 8 8.200436395738906 144.0316880102356
      vertex 4 8.200436395738906 144.0316880102356
      vertex 8 8.125993040751224 143.8249136371934
    endloop
  endfacet
  facet normal 0 0.917754625683975 0.39714789063479483
    outer loop
      vertex 8 3.546447466101517 142.31122550888696
      vertex 4 3.546447466101517 142.31122550888696
      vertex 8 3.4591675377612656 142.5129175230019
    endloop
  endfacet
  facet normal 0 0.9602936856769416 0.2789911060392341
    outer loop
      vertex 8 3.3978545500383532 142.7239582109872
      vertex 8 3.4591675377612656 142.5129175230019
      vertex 4 3.4591675377612656 142.5129175230019
    endloop
  endfacet
  facet normal 0 0.8607420270039651 0.5090414157503349
    outer loop
      vertex 8 3.546447466101517 142.31122550888696
      vertex 8 3.658317878450678 142.12206297218992
      vertex 4 3.658317878450678 142.12206297218992
    endloop
  endfacet
  facet normal 0 0.562083377852083 -0.8270805742745942
    outer loop
      vertex 8 5.447335101911547 145.90269371746172
      vertex 4 5.447335101911547 145.90269371746172
      vertex 8 5.629099968241107 146.02622099306114
    endloop
  endfacet
  facet normal 0 0.4539904997395519 -0.8910065241883653
    outer loop
      vertex 8 5.629099968241107 146.02622099306114
      vertex 4 5.629099968241107 146.02622099306114
      vertex 8 5.82491363719339 146.1259930407512
    endloop
  endfacet
  facet normal 0 -0.1564344650402087 -0.9876883405951412
    outer loop
      vertex 8 6.684611994111657 146.26215588385963
      vertex 4 6.684611994111657 146.26215588385963
      vertex 8 6.901673118248205 146.22777677919706
    endloop
  endfacet
  facet normal 0 0.21814324139653074 -0.97591676193875
    outer loop
      vertex 8 6.031688010235605 146.2004363957389
      vertex 4 6.031688010235605 146.2004363957389
      vertex 8 6.246162131983852 146.24837704184574
    endloop
  endfacet
  facet normal 0 -0.6129070536529303 -0.7901550123757262
    outer loop
      vertex 4 7.503568357045484 145.96731345078473
      vertex 4 7.677218210120647 145.83261681765757
      vertex 8 7.677218210120647 145.83261681765757
    endloop
  endfacet
  facet normal 0 -0.5090414157503799 -0.8607420270039386
    outer loop
      vertex 4 7.314405820348464 146.0791838631339
      vertex 4 7.503568357045484 145.96731345078473
      vertex 8 7.503568357045484 145.96731345078473
    endloop
  endfacet
  facet normal 0 -0.397147890634783 -0.9177546256839801
    outer loop
      vertex 4 7.112713806233517 146.16646379147414
      vertex 4 7.314405820348464 146.0791838631339
      vertex 8 7.314405820348464 146.0791838631339
    endloop
  endfacet
  facet normal 0 -0.2789911060392308 -0.9602936856769427
    outer loop
      vertex 4 6.901673118248205 146.22777677919706
      vertex 4 7.112713806233517 146.16646379147414
      vertex 8 7.112713806233517 146.16646379147414
    endloop
  endfacet
  facet normal 0 -0.1564344650402087 -0.9876883405951412
    outer loop
      vertex 4 6.684611994111657 146.26215588385963
      vertex 4 6.901673118248205 146.22777677919706
      vertex 8 6.901673118248205 146.22777677919706
    endloop
  endfacet
  facet normal 0 0.09410831331847754 -0.9955619646030834
    outer loop
      vertex 8 6.246162131983852 146.24837704184574
      vertex 4 6.246162131983852 146.24837704184574
      vertex 8 6.464953617417532 146.26905892644427
    endloop
  endfacet
  facet normal 0 -0.03141075907812382 -0.9995065603657316
    outer loop
      vertex 8 6.464953617417532 146.26905892644427
      vertex 4 6.464953617417532 146.26905892644427
      vertex 8 6.684611994111657 146.26215588385963
    endloop
  endfacet
  facet normal 0 0.7071067811865436 -0.7071067811865516
    outer loop
      vertex 4 3.8682720163547035 144.34314575050763
      vertex 4 5.282485578727798 145.7573593128807
      vertex 8 5.282485578727798 145.7573593128807
    endloop
  endfacet
  facet normal 0 0.8910065241883519 -0.45399049973957806
    outer loop
      vertex 8 3.499638288484194 143.80071769204204
      vertex 4 3.499638288484194 143.80071769204204
      vertex 8 3.5994103361742606 143.9965313609943
    endloop
  endfacet
  facet normal 0 0.8270805742745616 -0.5620833778521309
    outer loop
      vertex 4 3.5994103361742606 143.9965313609943
      vertex 4 3.7229376117737036 144.17829622732387
      vertex 8 3.7229376117737036 144.17829622732387
    endloop
  endfacet
  facet normal 0 0.8910065241883519 -0.45399049973957806
    outer loop
      vertex 4 3.499638288484194 143.80071769204204
      vertex 4 3.5994103361742606 143.9965313609943
      vertex 8 3.5994103361742606 143.9965313609943
    endloop
  endfacet
  facet normal 0 -0.2789911060392308 -0.9602936856769427
    outer loop
      vertex 8 6.901673118248205 146.22777677919706
      vertex 4 6.901673118248205 146.22777677919706
      vertex 8 7.112713806233517 146.16646379147414
    endloop
  endfacet
  facet normal 0 0.9408807689542356 -0.3387379202452633
    outer loop
      vertex 8 3.4251949334965097 143.5939433189998
      vertex 4 3.4251949334965097 143.5939433189998
      vertex 8 3.499638288484194 143.80071769204204
    endloop
  endfacet
  facet normal 0 0.9759167619387497 -0.21814324139653243
    outer loop
      vertex 8 3.37725428738967 143.37946919725155
      vertex 4 3.37725428738967 143.37946919725155
      vertex 8 3.4251949334965097 143.5939433189998
    endloop
  endfacet
  facet normal 0 0.9955619646030787 -0.09410831331852781
    outer loop
      vertex 8 3.35657240279113 143.1606777118179
      vertex 4 3.35657240279113 143.1606777118179
      vertex 8 3.37725428738967 143.37946919725155
    endloop
  endfacet
  facet normal 0 -0.9955619646030799 0.0941083133185157
    outer loop
      vertex 4 8.269058926444286 144.46495361741754
      vertex 4 8.248377041845746 144.24616213198385
      vertex 8 8.248377041845746 144.24616213198385
    endloop
  endfacet
  facet normal 0 -0.09410831331847716 0.9955619646030835
    outer loop
      vertex 4 5.379469197251566 141.37725428738966
      vertex 4 5.160677711817885 141.35657240279113
      vertex 8 5.160677711817885 141.35657240279113
    endloop
  endfacet
  facet normal 0 0.612907053653011 0.7901550123756637
    outer loop
      vertex 8 3.94841311911477 141.79301451157787
      vertex 8 4.122062972189933 141.65831787845067
      vertex 4 4.122062972189933 141.65831787845067
    endloop
  endfacet
  facet normal 0 0.5090414157503781 0.8607420270039396
    outer loop
      vertex 8 4.311225508886954 141.5464474661015
      vertex 4 4.311225508886954 141.5464474661015
      vertex 8 4.122062972189933 141.65831787845067
    endloop
  endfacet
  facet normal 0 -0.9408807689542232 0.33873792024529736
    outer loop
      vertex 4 8.200436395738906 144.0316880102356
      vertex 4 8.125993040751224 143.8249136371934
      vertex 8 8.125993040751224 143.8249136371934
    endloop
  endfacet
  facet normal 0 -0.33873792024533 0.9408807689542115
    outer loop
      vertex 4 5.800717692042028 141.4996382884842
      vertex 4 5.593943318999813 141.4251949334965
      vertex 8 5.593943318999813 141.4251949334965
    endloop
  endfacet
  facet normal 0 0.7071067811865436 -0.7071067811865516
    outer loop
      vertex 8 3.8682720163547035 144.34314575050763
      vertex 4 3.8682720163547035 144.34314575050763
      vertex 8 5.282485578727798 145.7573593128807
    endloop
  endfacet
  facet normal 0 0.7501110696304838 -0.6613118653236242
    outer loop
      vertex 8 3.7229376117737036 144.17829622732387
      vertex 4 3.7229376117737036 144.17829622732387
      vertex 8 3.8682720163547035 144.34314575050763
    endloop
  endfacet
  facet normal 0 -0.9759167619387497 0.21814324139653243
    outer loop
      vertex 4 8.248377041845746 144.24616213198385
      vertex 4 8.200436395738906 144.0316880102356
      vertex 8 8.200436395738906 144.0316880102356
    endloop
  endfacet
  facet normal 0 0.6613118653236705 -0.750111069630443
    outer loop
      vertex 4 5.282485578727798 145.7573593128807
      vertex 4 5.447335101911547 145.90269371746172
      vertex 8 5.447335101911547 145.90269371746172
    endloop
  endfacet
  facet normal 0 -0.6129070536529303 -0.7901550123757262
    outer loop
      vertex 8 7.503568357045484 145.96731345078473
      vertex 4 7.503568357045484 145.96731345078473
      vertex 8 7.677218210120647 145.83261681765757
    endloop
  endfacet
  facet normal 0 -0.9995065603657317 -0.031410759078123573
    outer loop
      vertex 4 8.269058926444286 144.46495361741754
      vertex 8 8.269058926444286 144.46495361741754
      vertex 4 8.262155883859647 144.68461199411166
    endloop
  endfacet
  facet normal 0 -0.8607420270039315 -0.5090414157503915
    outer loop
      vertex 4 8.0791838631339 145.31440582034847
      vertex 8 8.0791838631339 145.31440582034847
      vertex 4 7.96731345078474 145.50356835704548
    endloop
  endfacet
  facet normal 0 0.9408807689542356 -0.3387379202452633
    outer loop
      vertex 4 3.4251949334965097 143.5939433189998
      vertex 4 3.499638288484194 143.80071769204204
      vertex 8 3.499638288484194 143.80071769204204
    endloop
  endfacet
  facet normal 0 0.9759167619387497 -0.21814324139653243
    outer loop
      vertex 4 3.37725428738967 143.37946919725155
      vertex 4 3.4251949334965097 143.5939433189998
      vertex 8 3.4251949334965097 143.5939433189998
    endloop
  endfacet
  facet normal 0 0.7901550123756652 0.612907053653009
    outer loop
      vertex 4 3.793014511577857 141.94841311911478
      vertex 8 3.658317878450678 142.12206297218992
      vertex 8 3.793014511577857 141.94841311911478
    endloop
  endfacet
  facet normal 0 0.9955619646030787 -0.09410831331852781
    outer loop
      vertex 4 3.35657240279113 143.1606777118179
      vertex 4 3.37725428738967 143.37946919725155
      vertex 8 3.37725428738967 143.37946919725155
    endloop
  endfacet
  facet normal 0 -0.987688340595136 -0.15643446504024108
    outer loop
      vertex 4 8.262155883859647 144.68461199411166
      vertex 8 8.262155883859647 144.68461199411166
      vertex 4 8.227776779197065 144.9016731182482
    endloop
  endfacet
  facet normal 0 0.7501110696304838 -0.6613118653236242
    outer loop
      vertex 4 3.7229376117737036 144.17829622732387
      vertex 4 3.8682720163547035 144.34314575050763
      vertex 8 3.8682720163547035 144.34314575050763
    endloop
  endfacet
  facet normal 0 -0.21814324139653074 0.97591676193875
    outer loop
      vertex 4 5.593943318999813 141.4251949334965
      vertex 4 5.379469197251566 141.37725428738966
      vertex 8 5.379469197251566 141.37725428738966
    endloop
  endfacet
  facet normal 0 -0.7901550123757157 -0.6129070536529438
    outer loop
      vertex 8 7.96731345078474 145.50356835704548
      vertex 4 7.832616817657562 145.67721821012066
      vertex 4 7.96731345078474 145.50356835704548
    endloop
  endfacet
  facet normal 0 -0.9602936856769495 -0.2789911060392069
    outer loop
      vertex 4 8.227776779197065 144.9016731182482
      vertex 8 8.227776779197065 144.9016731182482
      vertex 4 8.16646379147415 145.11271380623353
    endloop
  endfacet
  facet normal 0 -0.9177546256839779 -0.397147890634788
    outer loop
      vertex 4 8.16646379147415 145.11271380623353
      vertex 8 8.16646379147415 145.11271380623353
      vertex 4 8.0791838631339 145.31440582034847
    endloop
  endfacet
  facet normal 0 0.21814324139653074 0.97591676193875
    outer loop
      vertex 8 6.246162131983852 153.75162295815426
      vertex 4 6.246162131983852 153.75162295815426
      vertex 8 6.031688010235605 153.7995636042611
    endloop
  endfacet
  facet normal 0 0.09410831331847754 0.9955619646030834
    outer loop
      vertex 8 6.464953617417532 153.73094107355573
      vertex 4 6.464953617417532 153.73094107355573
      vertex 8 6.246162131983852 153.75162295815426
    endloop
  endfacet
  facet normal 0 0.3387379202453326 0.9408807689542107
    outer loop
      vertex 8 5.824913637193392 153.8740069592488
      vertex 8 6.031688010235605 153.7995636042611
      vertex 4 6.031688010235605 153.7995636042611
    endloop
  endfacet
  facet normal 0 0.3387379202453326 0.9408807689542107
    outer loop
      vertex 4 6.031688010235605 153.7995636042611
      vertex 4 5.824913637193392 153.8740069592488
      vertex 8 5.824913637193392 153.8740069592488
    endloop
  endfacet
  facet normal 0 -0.3387379202453287 -0.9408807689542121
    outer loop
      vertex 8 5.593943318999812 158.5748050665035
      vertex 4 5.593943318999812 158.5748050665035
      vertex 8 5.800717692042028 158.5003617115158
    endloop
  endfacet
  facet normal 0 -0.6129070536529303 0.7901550123757262
    outer loop
      vertex 4 7.677218210120647 154.16738318234243
      vertex 4 7.503568357045484 154.03268654921527
      vertex 8 7.503568357045484 154.03268654921527
    endloop
  endfacet
  facet normal 0 -0.5090414157503799 0.8607420270039386
    outer loop
      vertex 4 7.503568357045484 154.03268654921527
      vertex 4 7.314405820348464 153.9208161368661
      vertex 8 7.314405820348464 153.9208161368661
    endloop
  endfacet
  facet normal 0 0.45399049973954697 0.8910065241883678
    outer loop
      vertex 4 5.824913637193392 153.8740069592488
      vertex 8 5.629099968241106 153.97377900693886
      vertex 8 5.824913637193392 153.8740069592488
    endloop
  endfacet
  facet normal 0 0.21814324139653074 0.97591676193875
    outer loop
      vertex 4 6.246162131983852 153.75162295815426
      vertex 4 6.031688010235605 153.7995636042611
      vertex 8 6.031688010235605 153.7995636042611
    endloop
  endfacet
  facet normal 0 0.09410831331847754 0.9955619646030834
    outer loop
      vertex 4 6.464953617417532 153.73094107355573
      vertex 4 6.246162131983852 153.75162295815426
      vertex 8 6.246162131983852 153.75162295815426
    endloop
  endfacet
  facet normal 0 -0.03141075907812409 0.9995065603657317
    outer loop
      vertex 4 6.6846119941116555 153.73784411614037
      vertex 4 6.464953617417532 153.73094107355573
      vertex 8 6.464953617417532 153.73094107355573
    endloop
  endfacet
  facet normal 0 0.1564344650402087 -0.9876883405951412
    outer loop
      vertex 8 4.723958210987213 158.60214544996165
      vertex 4 4.723958210987213 158.60214544996165
      vertex 8 4.941019335123761 158.63652455462423
    endloop
  endfacet
  facet normal 0 -0.1564344650402062 0.9876883405951417
    outer loop
      vertex 4 6.9016731182482065 153.77222322080294
      vertex 4 6.6846119941116555 153.73784411614037
      vertex 8 6.6846119941116555 153.73784411614037
    endloop
  endfacet
  facet normal 0 0.5620833778520848 0.8270805742745929
    outer loop
      vertex 8 5.629099968241106 153.97377900693886
      vertex 4 5.629099968241106 153.97377900693886
      vertex 8 5.447335101911547 154.09730628253828
    endloop
  endfacet
  facet normal 0 -0.2789911060392329 0.9602936856769421
    outer loop
      vertex 4 7.112713806233517 153.83353620852586
      vertex 4 6.9016731182482065 153.77222322080294
      vertex 8 6.9016731182482065 153.77222322080294
    endloop
  endfacet
  facet normal 0 -0.397147890634783 0.9177546256839801
    outer loop
      vertex 4 7.314405820348464 153.9208161368661
      vertex 4 7.112713806233517 153.83353620852586
      vertex 8 7.112713806233517 153.83353620852586
    endloop
  endfacet
  facet normal 0 0.45399049973954697 0.8910065241883678
    outer loop
      vertex 4 5.824913637193392 153.8740069592488
      vertex 4 5.629099968241106 153.97377900693886
      vertex 8 5.629099968241106 153.97377900693886
    endloop
  endfacet
  facet normal 0 -0.2181432413965316 -0.9759167619387498
    outer loop
      vertex 8 5.379469197251566 158.62274571261034
      vertex 4 5.379469197251566 158.62274571261034
      vertex 8 5.593943318999812 158.5748050665035
    endloop
  endfacet
  facet normal 0 -0.09410831331847754 -0.9955619646030834
    outer loop
      vertex 8 5.160677711817886 158.64342759720887
      vertex 4 5.160677711817886 158.64342759720887
      vertex 8 5.379469197251566 158.62274571261034
    endloop
  endfacet
  facet normal 0 0.03141075907812382 -0.9995065603657316
    outer loop
      vertex 8 4.941019335123761 158.63652455462423
      vertex 4 4.941019335123761 158.63652455462423
      vertex 8 5.160677711817886 158.64342759720887
    endloop
  endfacet
  facet normal 0 0.5620833778520848 0.8270805742745929
    outer loop
      vertex 4 5.629099968241106 153.97377900693886
      vertex 4 5.447335101911547 154.09730628253828
      vertex 8 5.447335101911547 154.09730628253828
    endloop
  endfacet
  facet normal 0 -0.9177546256839779 0.397147890634788
    outer loop
      vertex 4 8.16646379147415 154.88728619376647
      vertex 4 8.0791838631339 154.68559417965153
      vertex 8 8.0791838631339 154.68559417965153
    endloop
  endfacet
  facet normal 0 -0.7501110696304274 -0.6613118653236885
    outer loop
      vertex 8 7.757359312880714 156.7175144212722
      vertex 4 7.757359312880714 156.7175144212722
      vertex 8 7.902693717461714 156.55266489808847
    endloop
  endfacet
  facet normal 0 0.612907053653011 -0.7901550123756637
    outer loop
      vertex 8 4.122062972189933 158.34168212154933
      vertex 8 3.94841311911477 158.20698548842213
      vertex 4 3.94841311911477 158.20698548842213
    endloop
  endfacet
  facet normal 0 -0.3387379202453287 -0.9408807689542121
    outer loop
      vertex 4 5.593943318999812 158.5748050665035
      vertex 4 5.800717692042028 158.5003617115158
      vertex 8 5.800717692042028 158.5003617115158
    endloop
  endfacet
  facet normal 0 -0.2181432413965316 -0.9759167619387498
    outer loop
      vertex 4 5.379469197251566 158.62274571261034
      vertex 4 5.593943318999812 158.5748050665035
      vertex 8 5.593943318999812 158.5748050665035
    endloop
  endfacet
  facet normal 0 -0.09410831331847754 -0.9955619646030834
    outer loop
      vertex 4 5.160677711817886 158.64342759720887
      vertex 4 5.379469197251566 158.62274571261034
      vertex 8 5.379469197251566 158.62274571261034
    endloop
  endfacet
  facet normal 0 0.03141075907812382 -0.9995065603657316
    outer loop
      vertex 4 4.941019335123761 158.63652455462423
      vertex 4 5.160677711817886 158.64342759720887
      vertex 8 5.160677711817886 158.64342759720887
    endloop
  endfacet
  facet normal 0 0.1564344650402087 -0.9876883405951412
    outer loop
      vertex 4 4.723958210987213 158.60214544996165
      vertex 4 4.941019335123761 158.63652455462423
      vertex 8 4.941019335123761 158.63652455462423
    endloop
  endfacet
  facet normal 0 0.2789911060392308 -0.9602936856769427
    outer loop
      vertex 4 4.512917523001901 158.54083246223874
      vertex 4 4.723958210987213 158.60214544996165
      vertex 8 4.723958210987213 158.60214544996165
    endloop
  endfacet
  facet normal 0 0.397147890634783 -0.9177546256839801
    outer loop
      vertex 4 4.311225508886954 158.4535525338985
      vertex 4 4.512917523001901 158.54083246223874
      vertex 8 4.512917523001901 158.54083246223874
    endloop
  endfacet
  facet normal 0 0.5090414157503781 -0.8607420270039396
    outer loop
      vertex 4 4.122062972189933 158.34168212154933
      vertex 4 4.311225508886954 158.4535525338985
      vertex 8 4.311225508886954 158.4535525338985
    endloop
  endfacet
  facet normal 0 0.612907053653011 -0.7901550123756637
    outer loop
      vertex 4 3.94841311911477 158.20698548842213
      vertex 4 4.122062972189933 158.34168212154933
      vertex 8 4.122062972189933 158.34168212154933
    endloop
  endfacet
  facet normal 0 -0.8607420270039315 0.5090414157503915
    outer loop
      vertex 4 8.0791838631339 154.68559417965153
      vertex 4 7.96731345078474 154.49643164295452
      vertex 8 7.96731345078474 154.49643164295452
    endloop
  endfacet
  facet normal 0 -0.7071067811865505 -0.7071067811865447
    outer loop
      vertex 8 6.343145750507619 158.1317279836453
      vertex 4 6.343145750507619 158.1317279836453
      vertex 8 7.757359312880714 156.7175144212722
    endloop
  endfacet
  facet normal 0 -0.9602936856769495 0.2789911060392069
    outer loop
      vertex 4 8.227776779197065 155.0983268817518
      vertex 4 8.16646379147415 154.88728619376647
      vertex 8 8.16646379147415 154.88728619376647
    endloop
  endfacet
  facet normal 0 -0.987688340595136 0.15643446504024108
    outer loop
      vertex 4 8.262155883859647 155.31538800588834
      vertex 4 8.227776779197065 155.0983268817518
      vertex 8 8.227776779197065 155.0983268817518
    endloop
  endfacet
  facet normal 0 -0.9995065603657317 0.031410759078123573
    outer loop
      vertex 4 8.269058926444286 155.53504638258246
      vertex 4 8.262155883859647 155.31538800588834
      vertex 8 8.262155883859647 155.31538800588834
    endloop
  endfacet
  facet normal 0 -0.9955619646030799 -0.0941083133185157
    outer loop
      vertex 4 8.269058926444286 155.53504638258246
      vertex 8 8.269058926444286 155.53504638258246
      vertex 4 8.248377041845746 155.75383786801615
    endloop
  endfacet
  facet normal 0 -0.9759167619387497 -0.21814324139653243
    outer loop
      vertex 4 8.248377041845746 155.75383786801615
      vertex 8 8.248377041845746 155.75383786801615
      vertex 4 8.200436395738906 155.9683119897644
    endloop
  endfacet
  facet normal 0 -0.9408807689542208 -0.3387379202453045
    outer loop
      vertex 4 8.200436395738906 155.9683119897644
      vertex 8 8.200436395738906 155.9683119897644
      vertex 4 8.125993040751222 156.1750863628066
    endloop
  endfacet
  facet normal 0 -0.7901550123757157 0.6129070536529438
    outer loop
      vertex 4 7.96731345078474 154.49643164295452
      vertex 8 7.832616817657562 154.32278178987934
      vertex 8 7.96731345078474 154.49643164295452
    endloop
  endfacet
  facet normal 0 -0.8607420270039315 0.5090414157503915
    outer loop
      vertex 8 8.0791838631339 154.68559417965153
      vertex 4 8.0791838631339 154.68559417965153
      vertex 8 7.96731345078474 154.49643164295452
    endloop
  endfacet
  facet normal 0 -0.9177546256839779 0.397147890634788
    outer loop
      vertex 8 8.16646379147415 154.88728619376647
      vertex 4 8.16646379147415 154.88728619376647
      vertex 8 8.0791838631339 154.68559417965153
    endloop
  endfacet
  facet normal 0 -0.9602936856769495 0.2789911060392069
    outer loop
      vertex 8 8.227776779197065 155.0983268817518
      vertex 4 8.227776779197065 155.0983268817518
      vertex 8 8.16646379147415 154.88728619376647
    endloop
  endfacet
  facet normal 0 -0.987688340595136 0.15643446504024108
    outer loop
      vertex 8 8.262155883859647 155.31538800588834
      vertex 4 8.262155883859647 155.31538800588834
      vertex 8 8.227776779197065 155.0983268817518
    endloop
  endfacet
  facet normal 0 0.7501110696304838 0.6613118653236242
    outer loop
      vertex 4 3.8682720163547035 155.65685424949237
      vertex 8 3.7229376117737036 155.82170377267613
      vertex 8 3.8682720163547035 155.65685424949237
    endloop
  endfacet
  facet normal 0 0.397147890634783 -0.9177546256839801
    outer loop
      vertex 8 4.311225508886954 158.4535525338985
      vertex 4 4.311225508886954 158.4535525338985
      vertex 8 4.512917523001901 158.54083246223874
    endloop
  endfacet
  facet normal 0 0.5090414157503781 -0.8607420270039396
    outer loop
      vertex 8 4.122062972189933 158.34168212154933
      vertex 4 4.122062972189933 158.34168212154933
      vertex 8 4.311225508886954 158.4535525338985
    endloop
  endfacet
  facet normal 0 -0.03141075907812409 0.9995065603657317
    outer loop
      vertex 8 6.6846119941116555 153.73784411614037
      vertex 4 6.6846119941116555 153.73784411614037
      vertex 8 6.464953617417532 153.73094107355573
    endloop
  endfacet
  facet normal 0 -0.1564344650402062 0.9876883405951417
    outer loop
      vertex 8 6.9016731182482065 153.77222322080294
      vertex 4 6.9016731182482065 153.77222322080294
      vertex 8 6.6846119941116555 153.73784411614037
    endloop
  endfacet
  facet normal 0 -0.2789911060392329 0.9602936856769421
    outer loop
      vertex 8 7.112713806233517 153.83353620852586
      vertex 4 7.112713806233517 153.83353620852586
      vertex 8 6.9016731182482065 153.77222322080294
    endloop
  endfacet
  facet normal 0 -0.397147890634783 0.9177546256839801
    outer loop
      vertex 8 7.314405820348464 153.9208161368661
      vertex 4 7.314405820348464 153.9208161368661
      vertex 8 7.112713806233517 153.83353620852586
    endloop
  endfacet
  facet normal 0 -0.5090414157503799 0.8607420270039386
    outer loop
      vertex 8 7.503568357045484 154.03268654921527
      vertex 4 7.503568357045484 154.03268654921527
      vertex 8 7.314405820348464 153.9208161368661
    endloop
  endfacet
  facet normal 0 -0.6129070536529303 0.7901550123757262
    outer loop
      vertex 4 7.677218210120647 154.16738318234243
      vertex 8 7.503568357045484 154.03268654921527
      vertex 8 7.677218210120647 154.16738318234243
    endloop
  endfacet
  facet normal 0 0.7501110696304838 0.6613118653236242
    outer loop
      vertex 4 3.8682720163547035 155.65685424949237
      vertex 4 3.7229376117737036 155.82170377267613
      vertex 8 3.7229376117737036 155.82170377267613
    endloop
  endfacet
  facet normal 0 0.7071067811865436 0.7071067811865516
    outer loop
      vertex 4 5.282485578727798 154.2426406871193
      vertex 4 3.8682720163547035 155.65685424949237
      vertex 8 3.8682720163547035 155.65685424949237
    endloop
  endfacet
  facet normal 0 0.6613118653236705 0.750111069630443
    outer loop
      vertex 4 5.447335101911547 154.09730628253828
      vertex 4 5.282485578727798 154.2426406871193
      vertex 8 5.282485578727798 154.2426406871193
    endloop
  endfacet
  facet normal 0 0.2789911060392308 -0.9602936856769427
    outer loop
      vertex 8 4.512917523001901 158.54083246223874
      vertex 4 4.512917523001901 158.54083246223874
      vertex 8 4.723958210987213 158.60214544996165
    endloop
  endfacet
  facet normal 0 0.7071067811865436 0.7071067811865516
    outer loop
      vertex 8 5.282485578727798 154.2426406871193
      vertex 4 5.282485578727798 154.2426406871193
      vertex 8 3.8682720163547035 155.65685424949237
    endloop
  endfacet
  facet normal 0 0.6613118653236705 0.750111069630443
    outer loop
      vertex 8 5.282485578727798 154.2426406871193
      vertex 8 5.447335101911547 154.09730628253828
      vertex 4 5.447335101911547 154.09730628253828
    endloop
  endfacet
  facet normal 0 0.7071067811865395 -0.7071067811865556
    outer loop
      vertex 4 3.793014511577857 158.05158688088522
      vertex 4 3.94841311911477 158.20698548842213
      vertex 8 3.94841311911477 158.20698548842213
    endloop
  endfacet
  facet normal 0 0.7071067811865395 -0.7071067811865556
    outer loop
      vertex 8 3.793014511577857 158.05158688088522
      vertex 4 3.793014511577857 158.05158688088522
      vertex 8 3.94841311911477 158.20698548842213
    endloop
  endfacet
  facet normal 0 -0.7071067811865355 0.7071067811865597
    outer loop
      vertex 4 7.832616817657562 154.32278178987934
      vertex 4 7.677218210120647 154.16738318234243
      vertex 8 7.677218210120647 154.16738318234243
    endloop
  endfacet
  facet normal 0 -0.7901550123757157 0.6129070536529438
    outer loop
      vertex 4 7.96731345078474 154.49643164295452
      vertex 4 7.832616817657562 154.32278178987934
      vertex 8 7.832616817657562 154.32278178987934
    endloop
  endfacet
  facet normal 0 -0.7071067811865355 0.7071067811865597
    outer loop
      vertex 8 7.832616817657562 154.32278178987934
      vertex 4 7.832616817657562 154.32278178987934
      vertex 8 7.677218210120647 154.16738318234243
    endloop
  endfacet
  facet normal 0 -0.6613118653235976 -0.7501110696305072
    outer loop
      vertex 8 6.343145750507619 158.1317279836453
      vertex 4 6.17829622732387 158.27706238822628
      vertex 4 6.343145750507619 158.1317279836453
    endloop
  endfacet
  facet normal 0 -0.7071067811865505 -0.7071067811865447
    outer loop
      vertex 4 6.343145750507619 158.1317279836453
      vertex 4 7.757359312880714 156.7175144212722
      vertex 8 7.757359312880714 156.7175144212722
    endloop
  endfacet
  facet normal 0 -0.7501110696304274 -0.6613118653236885
    outer loop
      vertex 4 7.757359312880714 156.7175144212722
      vertex 4 7.902693717461714 156.55266489808847
      vertex 8 7.902693717461714 156.55266489808847
    endloop
  endfacet
  facet normal 0 -0.6613118653235976 -0.7501110696305072
    outer loop
      vertex 4 6.17829622732387 158.27706238822628
      vertex 8 6.343145750507619 158.1317279836453
      vertex 8 6.17829622732387 158.27706238822628
    endloop
  endfacet
  facet normal 0 0.7901550123756652 -0.612907053653009
    outer loop
      vertex 4 3.658317878450678 157.87793702781008
      vertex 4 3.793014511577857 158.05158688088522
      vertex 8 3.793014511577857 158.05158688088522
    endloop
  endfacet
  facet normal 0 0.8910065241883519 0.45399049973957806
    outer loop
      vertex 4 3.5994103361742606 156.0034686390057
      vertex 4 3.499638288484194 156.19928230795796
      vertex 8 3.499638288484194 156.19928230795796
    endloop
  endfacet
  facet normal 0 0.8270805742745616 0.5620833778521309
    outer loop
      vertex 4 3.7229376117737036 155.82170377267613
      vertex 4 3.5994103361742606 156.0034686390057
      vertex 8 3.5994103361742606 156.0034686390057
    endloop
  endfacet
  facet normal 0 0.8270805742745616 0.5620833778521309
    outer loop
      vertex 8 3.5994103361742606 156.0034686390057
      vertex 8 3.7229376117737036 155.82170377267613
      vertex 4 3.7229376117737036 155.82170377267613
    endloop
  endfacet
  facet normal 0 0.8910065241883519 0.45399049973957806
    outer loop
      vertex 8 3.499638288484194 156.19928230795796
      vertex 8 3.5994103361742606 156.0034686390057
      vertex 4 3.5994103361742606 156.0034686390057
    endloop
  endfacet
  facet normal 0 0.9408807689542381 0.3387379202452562
    outer loop
      vertex 4 3.499638288484194 156.19928230795796
      vertex 4 3.4251949334965115 156.4060566810002
      vertex 8 3.4251949334965115 156.4060566810002
    endloop
  endfacet
  facet normal 0 0.975916761938748 0.21814324139654012
    outer loop
      vertex 4 3.4251949334965115 156.4060566810002
      vertex 4 3.37725428738967 156.62053080274845
      vertex 8 3.37725428738967 156.62053080274845
    endloop
  endfacet
  facet normal 0 0.9955619646030787 0.09410831331852781
    outer loop
      vertex 4 3.37725428738967 156.62053080274845
      vertex 4 3.35657240279113 156.8393222881821
      vertex 8 3.35657240279113 156.8393222881821
    endloop
  endfacet
  facet normal 0 0.9876883405951392 -0.1564344650402211
    outer loop
      vertex 4 3.363475445375771 157.05898066487623
      vertex 4 3.3978545500383532 157.2760417890128
      vertex 8 3.3978545500383532 157.2760417890128
    endloop
  endfacet
  facet normal 0 0.9602936856769416 -0.2789911060392341
    outer loop
      vertex 4 3.3978545500383532 157.2760417890128
      vertex 4 3.4591675377612656 157.4870824769981
      vertex 8 3.4591675377612656 157.4870824769981
    endloop
  endfacet
  facet normal 0 0.917754625683975 -0.39714789063479483
    outer loop
      vertex 4 3.4591675377612656 157.4870824769981
      vertex 4 3.546447466101517 157.68877449111304
      vertex 8 3.546447466101517 157.68877449111304
    endloop
  endfacet
  facet normal 0 0.8607420270039651 -0.5090414157503349
    outer loop
      vertex 4 3.546447466101517 157.68877449111304
      vertex 4 3.658317878450678 157.87793702781008
      vertex 8 3.658317878450678 157.87793702781008
    endloop
  endfacet
  facet normal 0 0.9995065603657315 -0.03141075907813165
    outer loop
      vertex 4 3.35657240279113 156.8393222881821
      vertex 4 3.363475445375771 157.05898066487623
      vertex 8 3.363475445375771 157.05898066487623
    endloop
  endfacet
  facet normal 0 0.9408807689542381 0.3387379202452562
    outer loop
      vertex 8 3.4251949334965115 156.4060566810002
      vertex 8 3.499638288484194 156.19928230795796
      vertex 4 3.499638288484194 156.19928230795796
    endloop
  endfacet
  facet normal 0 0.9955619646030787 0.09410831331852781
    outer loop
      vertex 8 3.37725428738967 156.62053080274845
      vertex 4 3.37725428738967 156.62053080274845
      vertex 8 3.35657240279113 156.8393222881821
    endloop
  endfacet
  facet normal 0 0.975916761938748 0.21814324139654012
    outer loop
      vertex 8 3.37725428738967 156.62053080274845
      vertex 8 3.4251949334965115 156.4060566810002
      vertex 4 3.4251949334965115 156.4060566810002
    endloop
  endfacet
  facet normal 0 0.9995065603657315 -0.03141075907813165
    outer loop
      vertex 8 3.35657240279113 156.8393222881821
      vertex 4 3.35657240279113 156.8393222881821
      vertex 8 3.363475445375771 157.05898066487623
    endloop
  endfacet
  facet normal 0 0.9876883405951392 -0.1564344650402211
    outer loop
      vertex 8 3.363475445375771 157.05898066487623
      vertex 4 3.363475445375771 157.05898066487623
      vertex 8 3.3978545500383532 157.2760417890128
    endloop
  endfacet
  facet normal 0 -0.9995065603657317 0.031410759078123573
    outer loop
      vertex 8 8.269058926444286 155.53504638258246
      vertex 4 8.269058926444286 155.53504638258246
      vertex 8 8.262155883859647 155.31538800588834
    endloop
  endfacet
  facet normal 0 0.9602936856769416 -0.2789911060392341
    outer loop
      vertex 8 3.3978545500383532 157.2760417890128
      vertex 4 3.3978545500383532 157.2760417890128
      vertex 8 3.4591675377612656 157.4870824769981
    endloop
  endfacet
  facet normal 0 0.917754625683975 -0.39714789063479483
    outer loop
      vertex 8 3.4591675377612656 157.4870824769981
      vertex 4 3.4591675377612656 157.4870824769981
      vertex 8 3.546447466101517 157.68877449111304
    endloop
  endfacet
  facet normal 0 0.8607420270039651 -0.5090414157503349
    outer loop
      vertex 8 3.546447466101517 157.68877449111304
      vertex 4 3.546447466101517 157.68877449111304
      vertex 8 3.658317878450678 157.87793702781008
    endloop
  endfacet
  facet normal 0 0.7901550123756652 -0.612907053653009
    outer loop
      vertex 8 3.658317878450678 157.87793702781008
      vertex 4 3.658317878450678 157.87793702781008
      vertex 8 3.793014511577857 158.05158688088522
    endloop
  endfacet
  facet normal 0 -0.5620833778521733 -0.8270805742745329
    outer loop
      vertex 4 5.996531360994311 158.40058966382574
      vertex 4 6.17829622732387 158.27706238822628
      vertex 8 6.17829622732387 158.27706238822628
    endloop
  endfacet
  facet normal 0 -0.8910065241883552 -0.4539904997395716
    outer loop
      vertex 4 8.125993040751222 156.1750863628066
      vertex 8 8.125993040751222 156.1750863628066
      vertex 4 8.026220993061157 156.37090003175888
    endloop
  endfacet
  facet normal 0 -0.8270805742746025 -0.5620833778520709
    outer loop
      vertex 4 8.026220993061157 156.37090003175888
      vertex 8 8.026220993061157 156.37090003175888
      vertex 4 7.902693717461714 156.55266489808847
    endloop
  endfacet
  facet normal 0 -0.9408807689542208 -0.3387379202453045
    outer loop
      vertex 4 8.125993040751222 156.1750863628066
      vertex 8 8.200436395738906 155.9683119897644
      vertex 8 8.125993040751222 156.1750863628066
    endloop
  endfacet
  facet normal 0 -0.9759167619387497 -0.21814324139653243
    outer loop
      vertex 8 8.200436395738906 155.9683119897644
      vertex 4 8.200436395738906 155.9683119897644
      vertex 8 8.248377041845746 155.75383786801615
    endloop
  endfacet
  facet normal 0 -0.9955619646030799 -0.0941083133185157
    outer loop
      vertex 8 8.248377041845746 155.75383786801615
      vertex 4 8.248377041845746 155.75383786801615
      vertex 8 8.269058926444286 155.53504638258246
    endloop
  endfacet
  facet normal 0 -0.5620833778521733 -0.8270805742745329
    outer loop
      vertex 8 5.996531360994311 158.40058966382574
      vertex 4 5.996531360994311 158.40058966382574
      vertex 8 6.17829622732387 158.27706238822628
    endloop
  endfacet
  facet normal 0 -0.4539904997395519 -0.8910065241883653
    outer loop
      vertex 8 5.800717692042028 158.5003617115158
      vertex 4 5.800717692042028 158.5003617115158
      vertex 8 5.996531360994311 158.40058966382574
    endloop
  endfacet
  facet normal 0 -0.4539904997395519 -0.8910065241883653
    outer loop
      vertex 4 5.800717692042028 158.5003617115158
      vertex 4 5.996531360994311 158.40058966382574
      vertex 8 5.996531360994311 158.40058966382574
    endloop
  endfacet
  facet normal 0 -0.8910065241883552 -0.4539904997395716
    outer loop
      vertex 8 8.026220993061157 156.37090003175888
      vertex 4 8.026220993061157 156.37090003175888
      vertex 8 8.125993040751222 156.1750863628066
    endloop
  endfacet
  facet normal 0 -0.8270805742746025 -0.5620833778520709
    outer loop
      vertex 8 7.902693717461714 156.55266489808847
      vertex 4 7.902693717461714 156.55266489808847
      vertex 8 8.026220993061157 156.37090003175888
    endloop
  endfacet
  facet normal 0 -0.4539904997395519 0.8910065241883653
    outer loop
      vertex 8 18.370900031758893 153.97377900693886
      vertex 4 18.370900031758893 153.97377900693886
      vertex 8 18.17508636280661 153.8740069592488
    endloop
  endfacet
  facet normal 0 -0.5620833778520867 0.8270805742745917
    outer loop
      vertex 4 18.55266489808845 154.09730628253828
      vertex 4 18.370900031758893 153.97377900693886
      vertex 8 18.370900031758893 153.97377900693886
    endloop
  endfacet
  facet normal 0 -0.5620833778520867 0.8270805742745917
    outer loop
      vertex 4 18.55266489808845 154.09730628253828
      vertex 8 18.370900031758893 153.97377900693886
      vertex 8 18.55266489808845 154.09730628253828
    endloop
  endfacet
  facet normal 0 0.7071067811865502 -0.7071067811865449
    outer loop
      vertex 4 16.242640687119284 156.7175144212722
      vertex 4 17.65685424949238 158.1317279836453
      vertex 8 17.65685424949238 158.1317279836453
    endloop
  endfacet
  facet normal 0 0.7071067811865314 0.7071067811865637
    outer loop
      vertex 4 16.322781789879354 154.16738318234243
      vertex 4 16.167383182342437 154.32278178987934
      vertex 8 16.167383182342437 154.32278178987934
    endloop
  endfacet
  facet normal 0 0.7901550123757176 0.6129070536529413
    outer loop
      vertex 4 16.167383182342437 154.32278178987934
      vertex 8 16.03268654921526 154.49643164295452
      vertex 8 16.167383182342437 154.32278178987934
    endloop
  endfacet
  facet normal 0 0.7071067811865314 0.7071067811865637
    outer loop
      vertex 8 16.322781789879354 154.16738318234243
      vertex 4 16.322781789879354 154.16738318234243
      vertex 8 16.167383182342437 154.32278178987934
    endloop
  endfacet
  facet normal 0 -0.4539904997395519 0.8910065241883653
    outer loop
      vertex 4 18.370900031758893 153.97377900693886
      vertex 4 18.17508636280661 153.8740069592488
      vertex 8 18.17508636280661 153.8740069592488
    endloop
  endfacet
  facet normal 0 -0.33873792024533 0.9408807689542115
    outer loop
      vertex 4 18.17508636280661 153.8740069592488
      vertex 8 17.968311989764395 153.7995636042611
      vertex 8 18.17508636280661 153.8740069592488
    endloop
  endfacet
  facet normal 0 0.7501110696304274 -0.6613118653236885
    outer loop
      vertex 4 16.097306282538284 156.55266489808847
      vertex 4 16.242640687119284 156.7175144212722
      vertex 8 16.242640687119284 156.7175144212722
    endloop
  endfacet
  facet normal 0 -0.2181432413965316 0.9759167619387498
    outer loop
      vertex 8 17.968311989764395 153.7995636042611
      vertex 4 17.968311989764395 153.7995636042611
      vertex 8 17.75383786801615 153.75162295815426
    endloop
  endfacet
  facet normal 0 0.397147890634783 0.9177546256839801
    outer loop
      vertex 4 16.887286193766485 153.83353620852586
      vertex 4 16.685594179651538 153.9208161368661
      vertex 8 16.685594179651538 153.9208161368661
    endloop
  endfacet
  facet normal 0 -0.09410831331847716 0.9955619646030835
    outer loop
      vertex 8 17.75383786801615 153.75162295815426
      vertex 4 17.75383786801615 153.75162295815426
      vertex 8 17.53504638258247 153.73094107355573
    endloop
  endfacet
  facet normal 0 0.03141075907812409 0.9995065603657317
    outer loop
      vertex 8 17.53504638258247 153.73094107355573
      vertex 4 17.53504638258247 153.73094107355573
      vertex 8 17.315388005888344 153.73784411614037
    endloop
  endfacet
  facet normal 0 0.15643446504020744 0.9876883405951414
    outer loop
      vertex 8 17.315388005888344 153.73784411614037
      vertex 4 17.315388005888344 153.73784411614037
      vertex 8 17.098326881751795 153.77222322080294
    endloop
  endfacet
  facet normal 0 0.2789911060392329 0.9602936856769421
    outer loop
      vertex 8 17.098326881751795 153.77222322080294
      vertex 4 17.098326881751795 153.77222322080294
      vertex 8 16.887286193766485 153.83353620852586
    endloop
  endfacet
  facet normal 0 0.397147890634783 0.9177546256839801
    outer loop
      vertex 8 16.685594179651538 153.9208161368661
      vertex 8 16.887286193766485 153.83353620852586
      vertex 4 16.887286193766485 153.83353620852586
    endloop
  endfacet
  facet normal 0 0.5090414157503763 0.8607420270039408
    outer loop
      vertex 8 16.685594179651538 153.9208161368661
      vertex 4 16.685594179651538 153.9208161368661
      vertex 8 16.496431642954516 154.03268654921527
    endloop
  endfacet
  facet normal 0 0.8270805742745616 -0.5620833778521309
    outer loop
      vertex 8 15.973779006938841 156.3709000317589
      vertex 4 15.973779006938841 156.3709000317589
      vertex 8 16.097306282538284 156.55266489808847
    endloop
  endfacet
  facet normal 0 0.8910065241883819 -0.4539904997395193
    outer loop
      vertex 8 15.874006959248776 156.1750863628066
      vertex 4 15.874006959248776 156.1750863628066
      vertex 8 15.973779006938841 156.3709000317589
    endloop
  endfacet
  facet normal 0 0.6129070536529322 0.7901550123757246
    outer loop
      vertex 8 16.322781789879354 154.16738318234243
      vertex 8 16.496431642954516 154.03268654921527
      vertex 4 16.496431642954516 154.03268654921527
    endloop
  endfacet
  facet normal 0 -0.33873792024533 0.9408807689542115
    outer loop
      vertex 4 18.17508636280661 153.8740069592488
      vertex 4 17.968311989764395 153.7995636042611
      vertex 8 17.968311989764395 153.7995636042611
    endloop
  endfacet
  facet normal 0 -0.2181432413965316 0.9759167619387498
    outer loop
      vertex 4 17.968311989764395 153.7995636042611
      vertex 4 17.75383786801615 153.75162295815426
      vertex 8 17.75383786801615 153.75162295815426
    endloop
  endfacet
  facet normal 0 -0.09410831331847716 0.9955619646030835
    outer loop
      vertex 4 17.75383786801615 153.75162295815426
      vertex 4 17.53504638258247 153.73094107355573
      vertex 8 17.53504638258247 153.73094107355573
    endloop
  endfacet
  facet normal 0 0.03141075907812409 0.9995065603657317
    outer loop
      vertex 4 17.53504638258247 153.73094107355573
      vertex 4 17.315388005888344 153.73784411614037
      vertex 8 17.315388005888344 153.73784411614037
    endloop
  endfacet
  facet normal 0 0.15643446504020744 0.9876883405951414
    outer loop
      vertex 4 17.315388005888344 153.73784411614037
      vertex 4 17.098326881751795 153.77222322080294
      vertex 8 17.098326881751795 153.77222322080294
    endloop
  endfacet
  facet normal 0 0.2789911060392329 0.9602936856769421
    outer loop
      vertex 4 17.098326881751795 153.77222322080294
      vertex 4 16.887286193766485 153.83353620852586
      vertex 8 16.887286193766485 153.83353620852586
    endloop
  endfacet
  facet normal 0 0.8607420270039315 0.5090414157503915
    outer loop
      vertex 8 15.9208161368661 154.68559417965153
      vertex 8 16.03268654921526 154.49643164295452
      vertex 4 16.03268654921526 154.49643164295452
    endloop
  endfacet
  facet normal 0 0.2181432413965316 -0.9759167619387498
    outer loop
      vertex 8 18.406056681000187 158.5748050665035
      vertex 4 18.406056681000187 158.5748050665035
      vertex 8 18.620530802748434 158.62274571261034
    endloop
  endfacet
  facet normal 0 0.09410831331847716 -0.9955619646030835
    outer loop
      vertex 4 18.620530802748434 158.62274571261034
      vertex 4 18.839322288182114 158.64342759720887
      vertex 8 18.839322288182114 158.64342759720887
    endloop
  endfacet
  facet normal 0 -0.03141075907812409 -0.9995065603657317
    outer loop
      vertex 4 18.839322288182114 158.64342759720887
      vertex 4 19.058980664876238 158.63652455462423
      vertex 8 19.058980664876238 158.63652455462423
    endloop
  endfacet
  facet normal 0 -0.15643446504020744 -0.9876883405951414
    outer loop
      vertex 4 19.058980664876238 158.63652455462423
      vertex 4 19.276041789012787 158.60214544996165
      vertex 8 19.276041789012787 158.60214544996165
    endloop
  endfacet
  facet normal 0 -0.2789911060392329 -0.9602936856769421
    outer loop
      vertex 4 19.276041789012787 158.60214544996165
      vertex 4 19.487082476998097 158.54083246223874
      vertex 8 19.487082476998097 158.54083246223874
    endloop
  endfacet
  facet normal 0 -0.397147890634783 -0.9177546256839801
    outer loop
      vertex 4 19.487082476998097 158.54083246223874
      vertex 4 19.688774491113044 158.4535525338985
      vertex 8 19.688774491113044 158.4535525338985
    endloop
  endfacet
  facet normal 0 -0.5090414157503763 -0.8607420270039408
    outer loop
      vertex 4 19.877937027810066 158.34168212154933
      vertex 8 19.877937027810066 158.34168212154933
      vertex 4 19.688774491113044 158.4535525338985
    endloop
  endfacet
  facet normal 0 -0.6129070536530051 -0.7901550123756682
    outer loop
      vertex 4 19.877937027810066 158.34168212154933
      vertex 4 20.051586880885232 158.20698548842213
      vertex 8 20.051586880885232 158.20698548842213
    endloop
  endfacet
  facet normal 0 0.33873792024533 -0.9408807689542115
    outer loop
      vertex 8 18.199282307957972 158.5003617115158
      vertex 4 18.199282307957972 158.5003617115158
      vertex 8 18.406056681000187 158.5748050665035
    endloop
  endfacet
  facet normal 0 0.2181432413965316 -0.9759167619387498
    outer loop
      vertex 4 18.406056681000187 158.5748050665035
      vertex 4 18.620530802748434 158.62274571261034
      vertex 8 18.620530802748434 158.62274571261034
    endloop
  endfacet
  facet normal 0 0.09410831331847716 -0.9955619646030835
    outer loop
      vertex 8 18.620530802748434 158.62274571261034
      vertex 4 18.620530802748434 158.62274571261034
      vertex 8 18.839322288182114 158.64342759720887
    endloop
  endfacet
  facet normal 0 -0.03141075907812409 -0.9995065603657317
    outer loop
      vertex 8 18.839322288182114 158.64342759720887
      vertex 4 18.839322288182114 158.64342759720887
      vertex 8 19.058980664876238 158.63652455462423
    endloop
  endfacet
  facet normal 0 -0.15643446504020744 -0.9876883405951414
    outer loop
      vertex 8 19.058980664876238 158.63652455462423
      vertex 4 19.058980664876238 158.63652455462423
      vertex 8 19.276041789012787 158.60214544996165
    endloop
  endfacet
  facet normal 0 -0.2789911060392329 -0.9602936856769421
    outer loop
      vertex 8 19.276041789012787 158.60214544996165
      vertex 4 19.276041789012787 158.60214544996165
      vertex 8 19.487082476998097 158.54083246223874
    endloop
  endfacet
  facet normal 0 -0.397147890634783 -0.9177546256839801
    outer loop
      vertex 8 19.487082476998097 158.54083246223874
      vertex 4 19.487082476998097 158.54083246223874
      vertex 8 19.688774491113044 158.4535525338985
    endloop
  endfacet
  facet normal 0 -0.5090414157503763 -0.8607420270039408
    outer loop
      vertex 8 19.688774491113044 158.4535525338985
      vertex 4 19.688774491113044 158.4535525338985
      vertex 8 19.877937027810066 158.34168212154933
    endloop
  endfacet
  facet normal 0 -0.6129070536530051 -0.7901550123756682
    outer loop
      vertex 8 19.877937027810066 158.34168212154933
      vertex 4 19.877937027810066 158.34168212154933
      vertex 8 20.051586880885232 158.20698548842213
    endloop
  endfacet
  facet normal 0 -0.7501110696304838 0.6613118653236242
    outer loop
      vertex 4 20.277062388226298 155.82170377267613
      vertex 8 20.1317279836453 155.65685424949237
      vertex 8 20.277062388226298 155.82170377267613
    endloop
  endfacet
  facet normal 0 0.7501110696304274 -0.6613118653236885
    outer loop
      vertex 8 16.097306282538284 156.55266489808847
      vertex 4 16.097306282538284 156.55266489808847
      vertex 8 16.242640687119284 156.7175144212722
    endloop
  endfacet
  facet normal 0 0.7071067811865502 -0.7071067811865449
    outer loop
      vertex 8 16.242640687119284 156.7175144212722
      vertex 4 16.242640687119284 156.7175144212722
      vertex 8 17.65685424949238 158.1317279836453
    endloop
  endfacet
  facet normal 0 0.6613118653235938 -0.7501110696305109
    outer loop
      vertex 8 17.65685424949238 158.1317279836453
      vertex 4 17.65685424949238 158.1317279836453
      vertex 8 17.82170377267613 158.27706238822628
    endloop
  endfacet
  facet normal 0 -0.6613118653236666 0.7501110696304467
    outer loop
      vertex 4 18.717514421272202 154.2426406871193
      vertex 4 18.55266489808845 154.09730628253828
      vertex 8 18.55266489808845 154.09730628253828
    endloop
  endfacet
  facet normal 0 -0.7071067811865431 0.707106781186552
    outer loop
      vertex 4 20.1317279836453 155.65685424949237
      vertex 4 18.717514421272202 154.2426406871193
      vertex 8 18.717514421272202 154.2426406871193
    endloop
  endfacet
  facet normal 0 -0.7501110696304838 0.6613118653236242
    outer loop
      vertex 8 20.1317279836453 155.65685424949237
      vertex 4 20.277062388226298 155.82170377267613
      vertex 4 20.1317279836453 155.65685424949237
    endloop
  endfacet
  facet normal 0 -0.6613118653236666 0.7501110696304467
    outer loop
      vertex 4 18.717514421272202 154.2426406871193
      vertex 8 18.55266489808845 154.09730628253828
      vertex 8 18.717514421272202 154.2426406871193
    endloop
  endfacet
  facet normal 0 -0.7071067811865431 0.707106781186552
    outer loop
      vertex 8 20.1317279836453 155.65685424949237
      vertex 4 20.1317279836453 155.65685424949237
      vertex 8 18.717514421272202 154.2426406871193
    endloop
  endfacet
  facet normal 0 0.6613118653235938 -0.7501110696305109
    outer loop
      vertex 4 17.65685424949238 158.1317279836453
      vertex 4 17.82170377267613 158.27706238822628
      vertex 8 17.82170377267613 158.27706238822628
    endloop
  endfacet
  facet normal 0 -0.7071067811865476 -0.7071067811865476
    outer loop
      vertex 4 20.051586880885232 158.20698548842213
      vertex 4 20.20698548842214 158.05158688088522
      vertex 8 20.20698548842214 158.05158688088522
    endloop
  endfacet
  facet normal 0 -0.7071067811865476 -0.7071067811865476
    outer loop
      vertex 4 20.051586880885232 158.20698548842213
      vertex 8 20.20698548842214 158.05158688088522
      vertex 8 20.051586880885232 158.20698548842213
    endloop
  endfacet
  facet normal 0 0.5620833778521751 -0.8270805742745315
    outer loop
      vertex 4 17.82170377267613 158.27706238822628
      vertex 4 18.00346863900569 158.40058966382574
      vertex 8 18.00346863900569 158.40058966382574
    endloop
  endfacet
  facet normal 0 0.4539904997395519 -0.8910065241883653
    outer loop
      vertex 4 18.00346863900569 158.40058966382574
      vertex 4 18.199282307957972 158.5003617115158
      vertex 8 18.199282307957972 158.5003617115158
    endloop
  endfacet
  facet normal 0 0.5620833778521751 -0.8270805742745315
    outer loop
      vertex 8 17.82170377267613 158.27706238822628
      vertex 4 17.82170377267613 158.27706238822628
      vertex 8 18.00346863900569 158.40058966382574
    endloop
  endfacet
  facet normal 0 0.4539904997395519 -0.8910065241883653
    outer loop
      vertex 8 18.00346863900569 158.40058966382574
      vertex 4 18.00346863900569 158.40058966382574
      vertex 8 18.199282307957972 158.5003617115158
    endloop
  endfacet
  facet normal 0 0.33873792024533 -0.9408807689542115
    outer loop
      vertex 4 18.199282307957972 158.5003617115158
      vertex 4 18.406056681000187 158.5748050665035
      vertex 8 18.406056681000187 158.5748050665035
    endloop
  endfacet
  facet normal 0 -0.987688340595138 -0.15643446504022898
    outer loop
      vertex 4 20.63652455462423 157.05898066487623
      vertex 8 20.63652455462423 157.05898066487623
      vertex 4 20.602145449961647 157.2760417890128
    endloop
  endfacet
  facet normal 0 -0.8910065241883519 0.45399049973957806
    outer loop
      vertex 4 20.500361711515808 156.19928230795796
      vertex 8 20.40058966382574 156.0034686390057
      vertex 8 20.500361711515808 156.19928230795796
    endloop
  endfacet
  facet normal 0 -0.7901550123756612 -0.6129070536530139
    outer loop
      vertex 8 20.20698548842214 158.05158688088522
      vertex 4 20.20698548842214 158.05158688088522
      vertex 8 20.341682121549322 157.87793702781008
    endloop
  endfacet
  facet normal 0 -0.8607420270039687 -0.5090414157503289
    outer loop
      vertex 8 20.341682121549322 157.87793702781008
      vertex 4 20.341682121549322 157.87793702781008
      vertex 8 20.45355253389848 157.68877449111304
    endloop
  endfacet
  facet normal 0 -0.9408807689542381 0.3387379202452562
    outer loop
      vertex 4 20.57480506650349 156.4060566810002
      vertex 4 20.500361711515808 156.19928230795796
      vertex 8 20.500361711515808 156.19928230795796
    endloop
  endfacet
  facet normal 0 -0.975916761938748 0.21814324139654012
    outer loop
      vertex 4 20.62274571261033 156.62053080274845
      vertex 4 20.57480506650349 156.4060566810002
      vertex 8 20.57480506650349 156.4060566810002
    endloop
  endfacet
  facet normal 0 -0.9602936856769395 -0.2789911060392416
    outer loop
      vertex 8 20.540832462238733 157.4870824769981
      vertex 4 20.540832462238733 157.4870824769981
      vertex 8 20.602145449961647 157.2760417890128
    endloop
  endfacet
  facet normal 0 0.987688340595136 0.15643446504024108
    outer loop
      vertex 8 15.737844116140353 155.31538800588834
      vertex 8 15.772223220802935 155.0983268817518
      vertex 4 15.772223220802935 155.0983268817518
    endloop
  endfacet
  facet normal 0 -0.9955619646030796 0.09410831331851982
    outer loop
      vertex 4 20.64342759720887 156.8393222881821
      vertex 4 20.62274571261033 156.62053080274845
      vertex 8 20.62274571261033 156.62053080274845
    endloop
  endfacet
  facet normal 0 -0.9995065603657317 -0.031410759078123573
    outer loop
      vertex 4 20.64342759720887 156.8393222881821
      vertex 8 20.64342759720887 156.8393222881821
      vertex 4 20.63652455462423 157.05898066487623
    endloop
  endfacet
  facet normal 0 0.9995065603657317 0.031410759078123573
    outer loop
      vertex 8 15.730941073555714 155.53504638258246
      vertex 8 15.737844116140353 155.31538800588834
      vertex 4 15.737844116140353 155.31538800588834
    endloop
  endfacet
  facet normal 0 0.6129070536529322 0.7901550123757246
    outer loop
      vertex 4 16.496431642954516 154.03268654921527
      vertex 4 16.322781789879354 154.16738318234243
      vertex 8 16.322781789879354 154.16738318234243
    endloop
  endfacet
  facet normal 0 -0.9602936856769395 -0.2789911060392416
    outer loop
      vertex 4 20.602145449961647 157.2760417890128
      vertex 8 20.602145449961647 157.2760417890128
      vertex 4 20.540832462238733 157.4870824769981
    endloop
  endfacet
  facet normal 0 -0.917754625683975 -0.39714789063479483
    outer loop
      vertex 8 20.45355253389848 157.68877449111304
      vertex 4 20.45355253389848 157.68877449111304
      vertex 8 20.540832462238733 157.4870824769981
    endloop
  endfacet
  facet normal 0 -0.9995065603657317 -0.031410759078123573
    outer loop
      vertex 8 20.63652455462423 157.05898066487623
      vertex 4 20.63652455462423 157.05898066487623
      vertex 8 20.64342759720887 156.8393222881821
    endloop
  endfacet
  facet normal 0 -0.987688340595138 -0.15643446504022898
    outer loop
      vertex 8 20.602145449961647 157.2760417890128
      vertex 4 20.602145449961647 157.2760417890128
      vertex 8 20.63652455462423 157.05898066487623
    endloop
  endfacet
  facet normal 0 -0.9955619646030796 0.09410831331851982
    outer loop
      vertex 8 20.64342759720887 156.8393222881821
      vertex 4 20.64342759720887 156.8393222881821
      vertex 8 20.62274571261033 156.62053080274845
    endloop
  endfacet
  facet normal 0 -0.975916761938748 0.21814324139654012
    outer loop
      vertex 8 20.62274571261033 156.62053080274845
      vertex 4 20.62274571261033 156.62053080274845
      vertex 8 20.57480506650349 156.4060566810002
    endloop
  endfacet
  facet normal 0 -0.9408807689542381 0.3387379202452562
    outer loop
      vertex 8 20.57480506650349 156.4060566810002
      vertex 4 20.57480506650349 156.4060566810002
      vertex 8 20.500361711515808 156.19928230795796
    endloop
  endfacet
  facet normal 0 -0.8607420270039687 -0.5090414157503289
    outer loop
      vertex 4 20.45355253389848 157.68877449111304
      vertex 8 20.45355253389848 157.68877449111304
      vertex 4 20.341682121549322 157.87793702781008
    endloop
  endfacet
  facet normal 0 -0.7901550123756612 -0.6129070536530139
    outer loop
      vertex 4 20.341682121549322 157.87793702781008
      vertex 8 20.341682121549322 157.87793702781008
      vertex 4 20.20698548842214 158.05158688088522
    endloop
  endfacet
  facet normal 0 -0.917754625683975 -0.39714789063479483
    outer loop
      vertex 4 20.45355253389848 157.68877449111304
      vertex 4 20.540832462238733 157.4870824769981
      vertex 8 20.540832462238733 157.4870824769981
    endloop
  endfacet
  facet normal 0 0.8607420270039315 0.5090414157503915
    outer loop
      vertex 4 16.03268654921526 154.49643164295452
      vertex 4 15.9208161368661 154.68559417965153
      vertex 8 15.9208161368661 154.68559417965153
    endloop
  endfacet
  facet normal 0 0.8270805742745616 -0.5620833778521309
    outer loop
      vertex 4 15.973779006938841 156.3709000317589
      vertex 4 16.097306282538284 156.55266489808847
      vertex 8 16.097306282538284 156.55266489808847
    endloop
  endfacet
  facet normal 0 0.5090414157503763 0.8607420270039408
    outer loop
      vertex 4 16.685594179651538 153.9208161368661
      vertex 4 16.496431642954516 154.03268654921527
      vertex 8 16.496431642954516 154.03268654921527
    endloop
  endfacet
  facet normal 0 0.8910065241883819 -0.4539904997395193
    outer loop
      vertex 4 15.874006959248776 156.1750863628066
      vertex 4 15.973779006938841 156.3709000317589
      vertex 8 15.973779006938841 156.3709000317589
    endloop
  endfacet
  facet normal 0 0.9602936856769495 0.2789911060392069
    outer loop
      vertex 8 15.772223220802935 155.0983268817518
      vertex 8 15.83353620852585 154.88728619376647
      vertex 4 15.83353620852585 154.88728619376647
    endloop
  endfacet
  facet normal 0 0.9408807689542232 -0.33873792024529736
    outer loop
      vertex 8 15.799563604261094 155.9683119897644
      vertex 4 15.799563604261094 155.9683119897644
      vertex 8 15.874006959248776 156.1750863628066
    endloop
  endfacet
  facet normal 0 0.9408807689542232 -0.33873792024529736
    outer loop
      vertex 4 15.799563604261094 155.9683119897644
      vertex 4 15.874006959248776 156.1750863628066
      vertex 8 15.874006959248776 156.1750863628066
    endloop
  endfacet
  facet normal 0 0.9759167619387497 -0.21814324139653243
    outer loop
      vertex 4 15.751622958154254 155.75383786801615
      vertex 4 15.799563604261094 155.9683119897644
      vertex 8 15.799563604261094 155.9683119897644
    endloop
  endfacet
  facet normal 0 0.9955619646030799 -0.0941083133185157
    outer loop
      vertex 4 15.730941073555714 155.53504638258246
      vertex 4 15.751622958154254 155.75383786801615
      vertex 8 15.751622958154254 155.75383786801615
    endloop
  endfacet
  facet normal 0 0.9759167619387497 -0.21814324139653243
    outer loop
      vertex 8 15.751622958154254 155.75383786801615
      vertex 4 15.751622958154254 155.75383786801615
      vertex 8 15.799563604261094 155.9683119897644
    endloop
  endfacet
  facet normal 0 0.9955619646030799 -0.0941083133185157
    outer loop
      vertex 8 15.730941073555714 155.53504638258246
      vertex 4 15.730941073555714 155.53504638258246
      vertex 8 15.751622958154254 155.75383786801615
    endloop
  endfacet
  facet normal 0 0.987688340595136 0.15643446504024108
    outer loop
      vertex 4 15.772223220802935 155.0983268817518
      vertex 4 15.737844116140353 155.31538800588834
      vertex 8 15.737844116140353 155.31538800588834
    endloop
  endfacet
  facet normal 0 0.9177546256839779 0.397147890634788
    outer loop
      vertex 4 15.9208161368661 154.68559417965153
      vertex 4 15.83353620852585 154.88728619376647
      vertex 8 15.83353620852585 154.88728619376647
    endloop
  endfacet
  facet normal 0 -0.8270805742745616 0.5620833778521309
    outer loop
      vertex 4 20.40058966382574 156.0034686390057
      vertex 4 20.277062388226298 155.82170377267613
      vertex 8 20.277062388226298 155.82170377267613
    endloop
  endfacet
  facet normal 0 -0.8910065241883519 0.45399049973957806
    outer loop
      vertex 4 20.500361711515808 156.19928230795796
      vertex 4 20.40058966382574 156.0034686390057
      vertex 8 20.40058966382574 156.0034686390057
    endloop
  endfacet
  facet normal 0 -0.8270805742745616 0.5620833778521309
    outer loop
      vertex 8 20.40058966382574 156.0034686390057
      vertex 4 20.40058966382574 156.0034686390057
      vertex 8 20.277062388226298 155.82170377267613
    endloop
  endfacet
  facet normal 0 0.9602936856769495 0.2789911060392069
    outer loop
      vertex 4 15.83353620852585 154.88728619376647
      vertex 4 15.772223220802935 155.0983268817518
      vertex 8 15.772223220802935 155.0983268817518
    endloop
  endfacet
  facet normal 0 0.7901550123757176 0.6129070536529413
    outer loop
      vertex 4 16.167383182342437 154.32278178987934
      vertex 4 16.03268654921526 154.49643164295452
      vertex 8 16.03268654921526 154.49643164295452
    endloop
  endfacet
  facet normal 0 0.9177546256839779 0.397147890634788
    outer loop
      vertex 8 15.9208161368661 154.68559417965153
      vertex 4 15.9208161368661 154.68559417965153
      vertex 8 15.83353620852585 154.88728619376647
    endloop
  endfacet
  facet normal 0 0.9995065603657317 0.031410759078123573
    outer loop
      vertex 4 15.737844116140353 155.31538800588834
      vertex 4 15.730941073555714 155.53504638258246
      vertex 8 15.730941073555714 155.53504638258246
    endloop
  endfacet
  facet normal 0 0.06279051952931565 -0.9980267284282714
    outer loop
      vertex 4.1 11.498667065742783 153.9684588052579
      vertex 4.1 12 154
      vertex 8 12 154
    endloop
  endfacet
  facet normal 0 0.4257792915651121 -0.904827052466001
    outer loop
      vertex 8 10.07298530359314 153.50522672017544
      vertex 4.1 10.07298530359314 153.50522672017544
      vertex 8 10.527501789261287 153.71910594355302
    endloop
  endfacet
  facet normal 0 0.3090169943749494 -0.951056516295153
    outer loop
      vertex 8 10.527501789261287 153.71910594355302
      vertex 4.1 10.527501789261287 153.71910594355302
      vertex 8 11.005240451340581 153.87433264451454
    endloop
  endfacet
  facet normal 1 0 0
    outer loop
      vertex 4.1 8.622688297991939 152.14330717991598
      vertex 4.1 15.377311702008061 152.14330717991598
      vertex 4.1 8.917947028896844 152.54969595899476
    endloop
  endfacet
  facet normal 1 0 0
    outer loop
      vertex 4.1 8.62268829799194 147.85669282008402
      vertex 4.1 8.917947028896842 147.45030404100524
      vertex 4.1 15.082052971103158 147.45030404100524
    endloop
  endfacet
  facet normal 1 0 0
    outer loop
      vertex 4.1 8.380691790135922 151.70311716626028
      vertex 4.1 15.619308209864078 151.70311716626028
      vertex 4.1 8.622688297991939 152.14330717991598
    endloop
  endfacet
  facet normal 1 0 0
    outer loop
      vertex 4.1 8.195773934819385 151.2360679774998
      vertex 4.1 15.804226065180615 151.2360679774998
      vertex 4.1 8.380691790135922 151.70311716626028
    endloop
  endfacet
  facet normal 1 0 0
    outer loop
      vertex 4.1 8.070850997085245 150.74952525834289
      vertex 4.1 15.929149002914755 150.74952525834289
      vertex 4.1 8.195773934819385 151.2360679774998
    endloop
  endfacet
  facet normal 0 0.1873813145856957 -0.9822872507286942
    outer loop
      vertex 8 11.005240451340581 153.87433264451454
      vertex 4.1 11.005240451340581 153.87433264451454
      vertex 8 11.498667065742783 153.9684588052579
    endloop
  endfacet
  facet normal 1 0 0
    outer loop
      vertex 4.1 8.007893086286913 150.25116207811726
      vertex 4.1 15.992106913713087 150.25116207811726
      vertex 4.1 8.070850997085245 150.74952525834289
    endloop
  endfacet
  facet normal 0 0.06279051952931565 -0.9980267284282714
    outer loop
      vertex 8 11.498667065742783 153.9684588052579
      vertex 4.1 11.498667065742783 153.9684588052579
      vertex 8 12 154
    endloop
  endfacet
  facet normal 0 0.8090169943749522 -0.5877852522924665
    outer loop
      vertex 4.1 8.917947028896844 152.54969595899476
      vertex 8 8.917947028896844 152.54969595899476
      vertex 4.1 8.622688297991939 152.14330717991598
    endloop
  endfacet
  facet normal 1 0 0
    outer loop
      vertex 4.1 9.261811576285247 147.08412549031436
      vertex 4.1 14.738188423714753 147.08412549031436
      vertex 4.1 8.917947028896842 147.45030404100524
    endloop
  endfacet
  facet normal 1 0 0
    outer loop
      vertex 4.1 8.62268829799194 147.85669282008402
      vertex 4.1 15.37731170200806 147.85669282008402
      vertex 4.1 8.380691790135922 148.29688283373972
    endloop
  endfacet
  facet normal 0 0.8090169943749522 -0.5877852522924665
    outer loop
      vertex 8 8.622688297991939 152.14330717991598
      vertex 4.1 8.622688297991939 152.14330717991598
      vertex 8 8.917947028896844 152.54969595899476
    endloop
  endfacet
  facet normal 0 0.5358267949789646 -0.8443279255020355
    outer loop
      vertex 4.1 9.648858990830107 153.2360679774998
      vertex 4.1 10.07298530359314 153.50522672017544
      vertex 8 10.07298530359314 153.50522672017544
    endloop
  endfacet
  facet normal 0 0.6374239897487163 -0.7705132427757673
    outer loop
      vertex 4.1 9.261811576285247 152.91587450968564
      vertex 4.1 9.648858990830107 153.2360679774998
      vertex 8 9.648858990830107 153.2360679774998
    endloop
  endfacet
  facet normal 0 0.7289686274213999 -0.6845471059287009
    outer loop
      vertex 4.1 9.261811576285247 152.91587450968564
      vertex 8 9.261811576285247 152.91587450968564
      vertex 4.1 8.917947028896844 152.54969595899476
    endloop
  endfacet
  facet normal 0 0.968583161128634 -0.24868988716484378
    outer loop
      vertex 4.1 8.195773934819385 151.2360679774998
      vertex 8 8.195773934819385 151.2360679774998
      vertex 4.1 8.070850997085245 150.74952525834289
    endloop
  endfacet
  facet normal 0 0.9297764858882467 -0.36812455268468963
    outer loop
      vertex 4.1 8.380691790135922 151.70311716626028
      vertex 8 8.380691790135922 151.70311716626028
      vertex 4.1 8.195773934819385 151.2360679774998
    endloop
  endfacet
  facet normal 1 0 0
    outer loop
      vertex 4.1 10.527501789261288 146.28089405644698
      vertex 4.1 11.00524045134058 146.12566735548546
      vertex 4.1 12.99475954865942 146.12566735548546
    endloop
  endfacet
  facet normal 1 0 0
    outer loop
      vertex 4.1 8.380691790135922 148.29688283373972
      vertex 4.1 15.619308209864078 148.29688283373972
      vertex 4.1 8.195773934819385 148.7639320225002
    endloop
  endfacet
  facet normal 1 0 0
    outer loop
      vertex 4.1 8.195773934819385 148.7639320225002
      vertex 4.1 15.804226065180615 148.7639320225002
      vertex 4.1 8.070850997085245 149.25047474165711
    endloop
  endfacet
  facet normal 0 0.8763066800438636 -0.4817536741017152
    outer loop
      vertex 4.1 8.622688297991939 152.14330717991598
      vertex 8 8.622688297991939 152.14330717991598
      vertex 4.1 8.380691790135922 151.70311716626028
    endloop
  endfacet
  facet normal 0 0.8763066800438636 -0.4817536741017152
    outer loop
      vertex 8 8.380691790135922 151.70311716626028
      vertex 4.1 8.380691790135922 151.70311716626028
      vertex 8 8.622688297991939 152.14330717991598
    endloop
  endfacet
  facet normal 0 0.9297764858882467 -0.36812455268468963
    outer loop
      vertex 8 8.195773934819385 151.2360679774998
      vertex 4.1 8.195773934819385 151.2360679774998
      vertex 8 8.380691790135922 151.70311716626028
    endloop
  endfacet
  facet normal 0 0.968583161128634 -0.24868988716484378
    outer loop
      vertex 8 8.070850997085245 150.74952525834289
      vertex 4.1 8.070850997085245 150.74952525834289
      vertex 8 8.195773934819385 151.2360679774998
    endloop
  endfacet
  facet normal 0 0.992114701314477 -0.12533323356430995
    outer loop
      vertex 8 8.007893086286913 150.25116207811726
      vertex 4.1 8.007893086286913 150.25116207811726
      vertex 8 8.070850997085245 150.74952525834289
    endloop
  endfacet
  facet normal 1 0 0
    outer loop
      vertex 4.1 15.619308209864078 148.29688283373972
      vertex 4.1 8.380691790135922 148.29688283373972
      vertex 4.1 15.37731170200806 147.85669282008402
    endloop
  endfacet
  facet normal 1 0 0
    outer loop
      vertex 4.1 10.07298530359314 153.50522672017544
      vertex 4.1 13.92701469640686 153.50522672017544
      vertex 4.1 10.527501789261287 153.71910594355302
    endloop
  endfacet
  facet normal 0 0.3090169943749494 -0.951056516295153
    outer loop
      vertex 4.1 10.527501789261287 153.71910594355302
      vertex 4.1 11.005240451340581 153.87433264451454
      vertex 8 11.005240451340581 153.87433264451454
    endloop
  endfacet
  facet normal 0 0.4257792915651121 -0.904827052466001
    outer loop
      vertex 4.1 10.07298530359314 153.50522672017544
      vertex 4.1 10.527501789261287 153.71910594355302
      vertex 8 10.527501789261287 153.71910594355302
    endloop
  endfacet
  facet normal 0 0.5358267949789646 -0.8443279255020355
    outer loop
      vertex 8 9.648858990830107 153.2360679774998
      vertex 4.1 9.648858990830107 153.2360679774998
      vertex 8 10.07298530359314 153.50522672017544
    endloop
  endfacet
  facet normal 0 0.6374239897487163 -0.7705132427757673
    outer loop
      vertex 8 9.261811576285247 152.91587450968564
      vertex 4.1 9.261811576285247 152.91587450968564
      vertex 8 9.648858990830107 153.2360679774998
    endloop
  endfacet
  facet normal 0 0.7289686274213999 -0.6845471059287009
    outer loop
      vertex 8 8.917947028896844 152.54969595899476
      vertex 4.1 8.917947028896844 152.54969595899476
      vertex 8 9.261811576285247 152.91587450968564
    endloop
  endfacet
  facet normal 1 0 0
    outer loop
      vertex 4.1 8.917947028896844 152.54969595899476
      vertex 4.1 15.082052971103156 152.54969595899476
      vertex 4.1 9.261811576285247 152.91587450968564
    endloop
  endfacet
  facet normal 1 0 0
    outer loop
      vertex 4.1 9.261811576285247 152.91587450968564
      vertex 4.1 14.738188423714755 152.91587450968564
      vertex 4.1 9.648858990830107 153.2360679774998
    endloop
  endfacet
  facet normal 1 0 0
    outer loop
      vertex 4.1 9.648858990830107 153.2360679774998
      vertex 4.1 14.351141009169893 153.2360679774998
      vertex 4.1 10.07298530359314 153.50522672017544
    endloop
  endfacet
  facet normal 0 0.1873813145856957 -0.9822872507286942
    outer loop
      vertex 4.1 11.005240451340581 153.87433264451454
      vertex 4.1 11.498667065742783 153.9684588052579
      vertex 8 11.498667065742783 153.9684588052579
    endloop
  endfacet
  facet normal 1 0 0
    outer loop
      vertex 4.1 10.527501789261287 153.71910594355302
      vertex 4.1 13.472498210738712 153.71910594355302
      vertex 4.1 11.005240451340581 153.87433264451454
    endloop
  endfacet
  facet normal 1 0 0
    outer loop
      vertex 4.1 11.005240451340581 153.87433264451454
      vertex 4.1 12.994759548659419 153.87433264451454
      vertex 4.1 11.498667065742783 153.9684588052579
    endloop
  endfacet
  facet normal 0 1 0
    outer loop
      vertex 8 8.007893086286913 150.25116207811726
      vertex 4.1 8.007893086286913 149.74883792188274
      vertex 4.1 8.007893086286913 150.25116207811726
    endloop
  endfacet
  facet normal 1 0 0
    outer loop
      vertex 4.1 10.07298530359314 146.49477327982456
      vertex 4.1 10.527501789261288 146.28089405644698
      vertex 4.1 13.472498210738712 146.28089405644698
    endloop
  endfacet
  facet normal 1 0 0
    outer loop
      vertex 4.1 9.648858990830107 146.7639320225002
      vertex 4.1 10.07298530359314 146.49477327982456
      vertex 4.1 13.92701469640686 146.49477327982456
    endloop
  endfacet
  facet normal 1 0 0
    outer loop
      vertex 4.1 9.648858990830107 146.7639320225002
      vertex 4.1 14.351141009169893 146.7639320225002
      vertex 4.1 9.261811576285247 147.08412549031436
    endloop
  endfacet
  facet normal 0 0.992114701314477 -0.12533323356430995
    outer loop
      vertex 4.1 8.070850997085245 150.74952525834289
      vertex 8 8.070850997085245 150.74952525834289
      vertex 4.1 8.007893086286913 150.25116207811726
    endloop
  endfacet
  facet normal 1 0 0
    outer loop
      vertex 4.1 11.00524045134058 146.12566735548546
      vertex 4.1 11.498667065742783 146.0315411947421
      vertex 4.1 12.501332934257217 146.0315411947421
    endloop
  endfacet
  facet normal 0 -0.992114701314477 -0.12533323356430995
    outer loop
      vertex 8 15.929149002914755 150.74952525834289
      vertex 4.1 15.929149002914755 150.74952525834289
      vertex 8 15.992106913713087 150.25116207811726
    endloop
  endfacet
  facet normal 0 -0.6374239897487146 -0.7705132427757687
    outer loop
      vertex 8 14.351141009169893 153.2360679774998
      vertex 4.1 14.351141009169893 153.2360679774998
      vertex 8 14.738188423714755 152.91587450968564
    endloop
  endfacet
  facet normal 0 -0.5358267949789646 -0.8443279255020355
    outer loop
      vertex 8 13.92701469640686 153.50522672017544
      vertex 4.1 13.92701469640686 153.50522672017544
      vertex 8 14.351141009169893 153.2360679774998
    endloop
  endfacet
  facet normal 0 -0.7289686274214018 -0.6845471059286992
    outer loop
      vertex 8 14.738188423714755 152.91587450968564
      vertex 4.1 14.738188423714755 152.91587450968564
      vertex 8 15.082052971103156 152.54969595899476
    endloop
  endfacet
  facet normal 0 -0.8090169943749522 -0.5877852522924665
    outer loop
      vertex 4.1 15.377311702008061 152.14330717991598
      vertex 8 15.377311702008061 152.14330717991598
      vertex 4.1 15.082052971103156 152.54969595899476
    endloop
  endfacet
  facet normal 0 -0.5358267949789646 -0.8443279255020355
    outer loop
      vertex 4.1 13.92701469640686 153.50522672017544
      vertex 4.1 14.351141009169893 153.2360679774998
      vertex 8 14.351141009169893 153.2360679774998
    endloop
  endfacet
  facet normal 0 -0.7289686274214018 -0.6845471059286992
    outer loop
      vertex 4.1 14.738188423714755 152.91587450968564
      vertex 4.1 15.082052971103156 152.54969595899476
      vertex 8 15.082052971103156 152.54969595899476
    endloop
  endfacet
  facet normal 0 -0.6374239897487146 -0.7705132427757687
    outer loop
      vertex 4.1 14.351141009169893 153.2360679774998
      vertex 4.1 14.738188423714755 152.91587450968564
      vertex 8 14.738188423714755 152.91587450968564
    endloop
  endfacet
  facet normal 1 0 0
    outer loop
      vertex 4.1 13.472498210738712 146.28089405644698
      vertex 4.1 10.527501789261288 146.28089405644698
      vertex 4.1 12.99475954865942 146.12566735548546
    endloop
  endfacet
  facet normal 0 -0.9297764858882467 -0.36812455268468963
    outer loop
      vertex 8 15.619308209864078 151.70311716626028
      vertex 4.1 15.619308209864078 151.70311716626028
      vertex 8 15.804226065180615 151.2360679774998
    endloop
  endfacet
  facet normal 0 -0.968583161128634 -0.24868988716484378
    outer loop
      vertex 8 15.804226065180615 151.2360679774998
      vertex 4.1 15.804226065180615 151.2360679774998
      vertex 8 15.929149002914755 150.74952525834289
    endloop
  endfacet
  facet normal 0 -0.8763066800438636 -0.4817536741017152
    outer loop
      vertex 4.1 15.377311702008061 152.14330717991598
      vertex 8 15.619308209864078 151.70311716626028
      vertex 8 15.377311702008061 152.14330717991598
    endloop
  endfacet
  facet normal 1 0 0
    outer loop
      vertex 4.1 12.99475954865942 146.12566735548546
      vertex 4.1 11.00524045134058 146.12566735548546
      vertex 4.1 12.501332934257217 146.0315411947421
    endloop
  endfacet
  facet normal 0 -0.8090169943749522 -0.5877852522924665
    outer loop
      vertex 8 15.082052971103156 152.54969595899476
      vertex 4.1 15.082052971103156 152.54969595899476
      vertex 8 15.377311702008061 152.14330717991598
    endloop
  endfacet
  facet normal 0 -1 0
    outer loop
      vertex 4.1 15.992106913713087 150.25116207811726
      vertex 8 15.992106913713087 149.74883792188274
      vertex 8 15.992106913713087 150.25116207811726
    endloop
  endfacet
  facet normal 0 -0.9297764858882467 -0.36812455268468963
    outer loop
      vertex 4.1 15.619308209864078 151.70311716626028
      vertex 4.1 15.804226065180615 151.2360679774998
      vertex 8 15.804226065180615 151.2360679774998
    endloop
  endfacet
  facet normal 0 -0.8763066800438636 -0.4817536741017152
    outer loop
      vertex 4.1 15.377311702008061 152.14330717991598
      vertex 4.1 15.619308209864078 151.70311716626028
      vertex 8 15.619308209864078 151.70311716626028
    endloop
  endfacet
  facet normal 0 -0.968583161128634 -0.24868988716484378
    outer loop
      vertex 4.1 15.804226065180615 151.2360679774998
      vertex 4.1 15.929149002914755 150.74952525834289
      vertex 8 15.929149002914755 150.74952525834289
    endloop
  endfacet
  facet normal 0 -0.992114701314477 -0.12533323356430995
    outer loop
      vertex 4.1 15.929149002914755 150.74952525834289
      vertex 4.1 15.992106913713087 150.25116207811726
      vertex 8 15.992106913713087 150.25116207811726
    endloop
  endfacet
  facet normal 0 -0.42577929156511074 -0.9048270524660016
    outer loop
      vertex 8 13.472498210738712 153.71910594355302
      vertex 4.1 13.472498210738712 153.71910594355302
      vertex 8 13.92701469640686 153.50522672017544
    endloop
  endfacet
  facet normal 0 -0.30901699437495045 -0.9510565162951526
    outer loop
      vertex 8 12.994759548659419 153.87433264451454
      vertex 4.1 12.994759548659419 153.87433264451454
      vertex 8 13.472498210738712 153.71910594355302
    endloop
  endfacet
  facet normal 0 -0.1873813145856957 -0.9822872507286942
    outer loop
      vertex 8 12.501332934257217 153.9684588052579
      vertex 4.1 12.501332934257217 153.9684588052579
      vertex 8 12.994759548659419 153.87433264451454
    endloop
  endfacet
  facet normal 0 -0.06279051952931565 -0.9980267284282714
    outer loop
      vertex 8 12 154
      vertex 4.1 12 154
      vertex 8 12.501332934257217 153.9684588052579
    endloop
  endfacet
  facet normal 0 -0.42577929156511074 -0.9048270524660016
    outer loop
      vertex 4.1 13.472498210738712 153.71910594355302
      vertex 4.1 13.92701469640686 153.50522672017544
      vertex 8 13.92701469640686 153.50522672017544
    endloop
  endfacet
  facet normal 0 -0.30901699437495045 -0.9510565162951526
    outer loop
      vertex 4.1 12.994759548659419 153.87433264451454
      vertex 4.1 13.472498210738712 153.71910594355302
      vertex 8 13.472498210738712 153.71910594355302
    endloop
  endfacet
  facet normal 0 -0.1873813145856957 -0.9822872507286942
    outer loop
      vertex 4.1 12.501332934257217 153.9684588052579
      vertex 4.1 12.994759548659419 153.87433264451454
      vertex 8 12.994759548659419 153.87433264451454
    endloop
  endfacet
  facet normal 0 0.9297764858882467 0.36812455268468963
    outer loop
      vertex 8 8.195773934819385 148.7639320225002
      vertex 8 8.380691790135922 148.29688283373972
      vertex 4.1 8.380691790135922 148.29688283373972
    endloop
  endfacet
  facet normal 1 0 0
    outer loop
      vertex 4.1 15.37731170200806 147.85669282008402
      vertex 4.1 8.62268829799194 147.85669282008402
      vertex 4.1 15.082052971103158 147.45030404100524
    endloop
  endfacet
  facet normal 1 0 0
    outer loop
      vertex 4.1 15.804226065180615 148.7639320225002
      vertex 4.1 8.195773934819385 148.7639320225002
      vertex 4.1 15.619308209864078 148.29688283373972
    endloop
  endfacet
  facet normal 1 0 0
    outer loop
      vertex 4.1 15.929149002914755 149.25047474165711
      vertex 4.1 8.070850997085245 149.25047474165711
      vertex 4.1 15.804226065180615 148.7639320225002
    endloop
  endfacet
  facet normal 1 0 0
    outer loop
      vertex 4.1 15.992106913713087 149.74883792188274
      vertex 4.1 8.007893086286913 149.74883792188274
      vertex 4.1 15.929149002914755 149.25047474165711
    endloop
  endfacet
  facet normal 0 0.7289686274213982 0.6845471059287028
    outer loop
      vertex 8 8.917947028896842 147.45030404100524
      vertex 8 9.261811576285247 147.08412549031436
      vertex 4.1 9.261811576285247 147.08412549031436
    endloop
  endfacet
  facet normal 0 0.9297764858882467 0.36812455268468963
    outer loop
      vertex 4.1 8.195773934819385 148.7639320225002
      vertex 8 8.195773934819385 148.7639320225002
      vertex 4.1 8.380691790135922 148.29688283373972
    endloop
  endfacet
  facet normal 0 0.8763066800438621 0.481753674101718
    outer loop
      vertex 4.1 8.380691790135922 148.29688283373972
      vertex 8 8.380691790135922 148.29688283373972
      vertex 4.1 8.62268829799194 147.85669282008402
    endloop
  endfacet
  facet normal 0 0.968583161128634 0.24868988716484378
    outer loop
      vertex 4.1 8.070850997085245 149.25047474165711
      vertex 8 8.070850997085245 149.25047474165711
      vertex 4.1 8.195773934819385 148.7639320225002
    endloop
  endfacet
  facet normal 0 -0.06279051952931565 0.9980267284282714
    outer loop
      vertex 4.1 12.501332934257217 146.0315411947421
      vertex 4.1 12 146
      vertex 8 12 146
    endloop
  endfacet
  facet normal 0 -0.18738131458569507 0.9822872507286944
    outer loop
      vertex 4.1 12.99475954865942 146.12566735548546
      vertex 4.1 12.501332934257217 146.0315411947421
      vertex 8 12.501332934257217 146.0315411947421
    endloop
  endfacet
  facet normal 0 -0.3090169943749515 0.9510565162951523
    outer loop
      vertex 4.1 13.472498210738712 146.28089405644698
      vertex 4.1 12.99475954865942 146.12566735548546
      vertex 8 12.99475954865942 146.12566735548546
    endloop
  endfacet
  facet normal 0 0.992114701314477 0.12533323356430995
    outer loop
      vertex 4.1 8.007893086286913 149.74883792188274
      vertex 8 8.007893086286913 149.74883792188274
      vertex 4.1 8.070850997085245 149.25047474165711
    endloop
  endfacet
  facet normal 0 0.18738131458569507 0.9822872507286944
    outer loop
      vertex 8 11.498667065742783 146.0315411947421
      vertex 4.1 11.498667065742783 146.0315411947421
      vertex 8 11.00524045134058 146.12566735548546
    endloop
  endfacet
  facet normal 1 0 0
    outer loop
      vertex 4.1 15.082052971103158 147.45030404100524
      vertex 4.1 8.917947028896842 147.45030404100524
      vertex 4.1 14.738188423714753 147.08412549031436
    endloop
  endfacet
  facet normal 0 0.968583161128634 0.24868988716484378
    outer loop
      vertex 8 8.070850997085245 149.25047474165711
      vertex 8 8.195773934819385 148.7639320225002
      vertex 4.1 8.195773934819385 148.7639320225002
    endloop
  endfacet
  facet normal 0 -0.42577929156511074 0.9048270524660016
    outer loop
      vertex 4.1 13.92701469640686 146.49477327982456
      vertex 4.1 13.472498210738712 146.28089405644698
      vertex 8 13.472498210738712 146.28089405644698
    endloop
  endfacet
  facet normal 0 -0.06279051952931565 0.9980267284282714
    outer loop
      vertex 8 12.501332934257217 146.0315411947421
      vertex 4.1 12.501332934257217 146.0315411947421
      vertex 8 12 146
    endloop
  endfacet
  facet normal 0 -0.18738131458569507 0.9822872507286944
    outer loop
      vertex 8 12.99475954865942 146.12566735548546
      vertex 4.1 12.99475954865942 146.12566735548546
      vertex 8 12.501332934257217 146.0315411947421
    endloop
  endfacet
  facet normal 0 0.8763066800438621 0.481753674101718
    outer loop
      vertex 8 8.380691790135922 148.29688283373972
      vertex 8 8.62268829799194 147.85669282008402
      vertex 4.1 8.62268829799194 147.85669282008402
    endloop
  endfacet
  facet normal 1 0 0
    outer loop
      vertex 4.1 14.738188423714753 147.08412549031436
      vertex 4.1 9.261811576285247 147.08412549031436
      vertex 4.1 14.351141009169893 146.7639320225002
    endloop
  endfacet
  facet normal 0 0.992114701314477 0.12533323356430995
    outer loop
      vertex 8 8.070850997085245 149.25047474165711
      vertex 4.1 8.070850997085245 149.25047474165711
      vertex 8 8.007893086286913 149.74883792188274
    endloop
  endfacet
  facet normal 0 1 0
    outer loop
      vertex 8 8.007893086286913 149.74883792188274
      vertex 4.1 8.007893086286913 149.74883792188274
      vertex 8 8.007893086286913 150.25116207811726
    endloop
  endfacet
  facet normal 1 0 0
    outer loop
      vertex 4.1 14.351141009169893 146.7639320225002
      vertex 4.1 9.648858990830107 146.7639320225002
      vertex 4.1 13.92701469640686 146.49477327982456
    endloop
  endfacet
  facet normal 1 0 0
    outer loop
      vertex 4.1 13.92701469640686 146.49477327982456
      vertex 4.1 10.07298530359314 146.49477327982456
      vertex 4.1 13.472498210738712 146.28089405644698
    endloop
  endfacet
  facet normal 0 -1 0
    outer loop
      vertex 4.1 15.992106913713087 149.74883792188274
      vertex 8 15.992106913713087 149.74883792188274
      vertex 4.1 15.992106913713087 150.25116207811726
    endloop
  endfacet
  facet normal 0 0.7289686274213982 0.6845471059287028
    outer loop
      vertex 4.1 8.917947028896842 147.45030404100524
      vertex 8 8.917947028896842 147.45030404100524
      vertex 4.1 9.261811576285247 147.08412549031436
    endloop
  endfacet
  facet normal 0 0.5358267949789646 0.8443279255020355
    outer loop
      vertex 4.1 10.07298530359314 146.49477327982456
      vertex 4.1 9.648858990830107 146.7639320225002
      vertex 8 9.648858990830107 146.7639320225002
    endloop
  endfacet
  facet normal 0 -0.6374239897487163 0.7705132427757673
    outer loop
      vertex 8 14.738188423714753 147.08412549031436
      vertex 4.1 14.738188423714753 147.08412549031436
      vertex 8 14.351141009169893 146.7639320225002
    endloop
  endfacet
  facet normal 0 -0.7289686274213982 0.6845471059287028
    outer loop
      vertex 8 15.082052971103158 147.45030404100524
      vertex 4.1 15.082052971103158 147.45030404100524
      vertex 8 14.738188423714753 147.08412549031436
    endloop
  endfacet
  facet normal 0 0.8090169943749557 0.5877852522924618
    outer loop
      vertex 4.1 8.917947028896842 147.45030404100524
      vertex 4.1 8.62268829799194 147.85669282008402
      vertex 8 8.62268829799194 147.85669282008402
    endloop
  endfacet
  facet normal 1 0 0
    outer loop
      vertex 4.1 8.007893086286913 149.74883792188274
      vertex 4.1 15.992106913713087 149.74883792188274
      vertex 4.1 8.007893086286913 150.25116207811726
    endloop
  endfacet
  facet normal 1 0 0
    outer loop
      vertex 4.1 8.070850997085245 149.25047474165711
      vertex 4.1 15.929149002914755 149.25047474165711
      vertex 4.1 8.007893086286913 149.74883792188274
    endloop
  endfacet
  facet normal 0 -0.8090169943749557 0.5877852522924618
    outer loop
      vertex 4.1 15.37731170200806 147.85669282008402
      vertex 8 15.082052971103158 147.45030404100524
      vertex 8 15.37731170200806 147.85669282008402
    endloop
  endfacet
  facet normal 0 -0.8763066800438621 0.481753674101718
    outer loop
      vertex 4.1 15.619308209864078 148.29688283373972
      vertex 4.1 15.37731170200806 147.85669282008402
      vertex 8 15.37731170200806 147.85669282008402
    endloop
  endfacet
  facet normal 0 -0.9297764858882467 0.36812455268468963
    outer loop
      vertex 4.1 15.804226065180615 148.7639320225002
      vertex 4.1 15.619308209864078 148.29688283373972
      vertex 8 15.619308209864078 148.29688283373972
    endloop
  endfacet
  facet normal 0 -0.968583161128634 0.24868988716484378
    outer loop
      vertex 4.1 15.929149002914755 149.25047474165711
      vertex 4.1 15.804226065180615 148.7639320225002
      vertex 8 15.804226065180615 148.7639320225002
    endloop
  endfacet
  facet normal 0 -0.992114701314477 0.12533323356430995
    outer loop
      vertex 4.1 15.992106913713087 149.74883792188274
      vertex 4.1 15.929149002914755 149.25047474165711
      vertex 8 15.929149002914755 149.25047474165711
    endloop
  endfacet
  facet normal 0 -0.3090169943749515 0.9510565162951523
    outer loop
      vertex 8 13.472498210738712 146.28089405644698
      vertex 4.1 13.472498210738712 146.28089405644698
      vertex 8 12.99475954865942 146.12566735548546
    endloop
  endfacet
  facet normal 0 -0.8763066800438621 0.481753674101718
    outer loop
      vertex 8 15.619308209864078 148.29688283373972
      vertex 4.1 15.619308209864078 148.29688283373972
      vertex 8 15.37731170200806 147.85669282008402
    endloop
  endfacet
  facet normal 0 -0.9297764858882467 0.36812455268468963
    outer loop
      vertex 8 15.804226065180615 148.7639320225002
      vertex 4.1 15.804226065180615 148.7639320225002
      vertex 8 15.619308209864078 148.29688283373972
    endloop
  endfacet
  facet normal 0 -0.968583161128634 0.24868988716484378
    outer loop
      vertex 8 15.929149002914755 149.25047474165711
      vertex 4.1 15.929149002914755 149.25047474165711
      vertex 8 15.804226065180615 148.7639320225002
    endloop
  endfacet
  facet normal 0 -0.992114701314477 0.12533323356430995
    outer loop
      vertex 8 15.992106913713087 149.74883792188274
      vertex 4.1 15.992106913713087 149.74883792188274
      vertex 8 15.929149002914755 149.25047474165711
    endloop
  endfacet
  facet normal 0 0.42577929156511074 0.9048270524660016
    outer loop
      vertex 4.1 10.527501789261288 146.28089405644698
      vertex 4.1 10.07298530359314 146.49477327982456
      vertex 8 10.07298530359314 146.49477327982456
    endloop
  endfacet
  facet normal 0 0.3090169943749515 0.9510565162951523
    outer loop
      vertex 4.1 11.00524045134058 146.12566735548546
      vertex 4.1 10.527501789261288 146.28089405644698
      vertex 8 10.527501789261288 146.28089405644698
    endloop
  endfacet
  facet normal 0 0.18738131458569507 0.9822872507286944
    outer loop
      vertex 4.1 11.498667065742783 146.0315411947421
      vertex 4.1 11.00524045134058 146.12566735548546
      vertex 8 11.00524045134058 146.12566735548546
    endloop
  endfacet
  facet normal 0 0.06279051952931565 0.9980267284282714
    outer loop
      vertex 8 11.498667065742783 146.0315411947421
      vertex 4.1 12 146
      vertex 4.1 11.498667065742783 146.0315411947421
    endloop
  endfacet
  facet normal 0 0.42577929156511074 0.9048270524660016
    outer loop
      vertex 8 10.527501789261288 146.28089405644698
      vertex 4.1 10.527501789261288 146.28089405644698
      vertex 8 10.07298530359314 146.49477327982456
    endloop
  endfacet
  facet normal 0 0.3090169943749515 0.9510565162951523
    outer loop
      vertex 8 11.00524045134058 146.12566735548546
      vertex 4.1 11.00524045134058 146.12566735548546
      vertex 8 10.527501789261288 146.28089405644698
    endloop
  endfacet
  facet normal 0 0.06279051952931565 0.9980267284282714
    outer loop
      vertex 4.1 12 146
      vertex 8 11.498667065742783 146.0315411947421
      vertex 8 12 146
    endloop
  endfacet
  facet normal 0 -0.5358267949789646 0.8443279255020355
    outer loop
      vertex 8 14.351141009169893 146.7639320225002
      vertex 4.1 14.351141009169893 146.7639320225002
      vertex 8 13.92701469640686 146.49477327982456
    endloop
  endfacet
  facet normal 0 -0.06279051952931565 -0.9980267284282714
    outer loop
      vertex 4.1 12 154
      vertex 4.1 12.501332934257217 153.9684588052579
      vertex 8 12.501332934257217 153.9684588052579
    endloop
  endfacet
  facet normal 0 0.5358267949789646 0.8443279255020355
    outer loop
      vertex 4.1 10.07298530359314 146.49477327982456
      vertex 8 9.648858990830107 146.7639320225002
      vertex 8 10.07298530359314 146.49477327982456
    endloop
  endfacet
  facet normal 0 0.6374239897487163 0.7705132427757673
    outer loop
      vertex 8 9.261811576285247 147.08412549031436
      vertex 8 9.648858990830107 146.7639320225002
      vertex 4.1 9.648858990830107 146.7639320225002
    endloop
  endfacet
  facet normal 0 -0.42577929156511074 0.9048270524660016
    outer loop
      vertex 4.1 13.92701469640686 146.49477327982456
      vertex 8 13.472498210738712 146.28089405644698
      vertex 8 13.92701469640686 146.49477327982456
    endloop
  endfacet
  facet normal 0 0.8090169943749557 0.5877852522924618
    outer loop
      vertex 8 8.917947028896842 147.45030404100524
      vertex 4.1 8.917947028896842 147.45030404100524
      vertex 8 8.62268829799194 147.85669282008402
    endloop
  endfacet
  facet normal 0 -0.5358267949789646 0.8443279255020355
    outer loop
      vertex 4.1 14.351141009169893 146.7639320225002
      vertex 4.1 13.92701469640686 146.49477327982456
      vertex 8 13.92701469640686 146.49477327982456
    endloop
  endfacet
  facet normal 1 0 0
    outer loop
      vertex 4.1 12.501332934257217 146.0315411947421
      vertex 4.1 11.498667065742783 146.0315411947421
      vertex 4.1 12 146
    endloop
  endfacet
  facet normal 1 0 0
    outer loop
      vertex 4.1 15.082052971103156 152.54969595899476
      vertex 4.1 8.917947028896844 152.54969595899476
      vertex 4.1 15.377311702008061 152.14330717991598
    endloop
  endfacet
  facet normal 1 0 0
    outer loop
      vertex 4.1 13.472498210738712 153.71910594355302
      vertex 4.1 10.527501789261287 153.71910594355302
      vertex 4.1 13.92701469640686 153.50522672017544
    endloop
  endfacet
  facet normal 1 0 0
    outer loop
      vertex 4.1 13.92701469640686 153.50522672017544
      vertex 4.1 10.07298530359314 153.50522672017544
      vertex 4.1 14.351141009169893 153.2360679774998
    endloop
  endfacet
  facet normal 1 0 0
    outer loop
      vertex 4.1 14.351141009169893 153.2360679774998
      vertex 4.1 9.648858990830107 153.2360679774998
      vertex 4.1 14.738188423714755 152.91587450968564
    endloop
  endfacet
  facet normal 1 0 0
    outer loop
      vertex 4.1 12.501332934257217 153.9684588052579
      vertex 4.1 11.498667065742783 153.9684588052579
      vertex 4.1 12.994759548659419 153.87433264451454
    endloop
  endfacet
  facet normal 1 0 0
    outer loop
      vertex 4.1 12 154
      vertex 4.1 11.498667065742783 153.9684588052579
      vertex 4.1 12.501332934257217 153.9684588052579
    endloop
  endfacet
  facet normal 0 0.6374239897487163 0.7705132427757673
    outer loop
      vertex 4.1 9.648858990830107 146.7639320225002
      vertex 4.1 9.261811576285247 147.08412549031436
      vertex 8 9.261811576285247 147.08412549031436
    endloop
  endfacet
  facet normal 0 -0.8090169943749557 0.5877852522924618
    outer loop
      vertex 4.1 15.37731170200806 147.85669282008402
      vertex 4.1 15.082052971103158 147.45030404100524
      vertex 8 15.082052971103158 147.45030404100524
    endloop
  endfacet
  facet normal 0 -0.7289686274213982 0.6845471059287028
    outer loop
      vertex 4.1 15.082052971103158 147.45030404100524
      vertex 4.1 14.738188423714753 147.08412549031436
      vertex 8 14.738188423714753 147.08412549031436
    endloop
  endfacet
  facet normal 0 -0.6374239897487163 0.7705132427757673
    outer loop
      vertex 4.1 14.738188423714753 147.08412549031436
      vertex 4.1 14.351141009169893 146.7639320225002
      vertex 8 14.351141009169893 146.7639320225002
    endloop
  endfacet
  facet normal 1 0 0
    outer loop
      vertex 4.1 15.992106913713087 150.25116207811726
      vertex 4.1 8.007893086286913 150.25116207811726
      vertex 4.1 15.992106913713087 149.74883792188274
    endloop
  endfacet
  facet normal 1 0 0
    outer loop
      vertex 4.1 15.929149002914755 150.74952525834289
      vertex 4.1 8.070850997085245 150.74952525834289
      vertex 4.1 15.992106913713087 150.25116207811726
    endloop
  endfacet
  facet normal 1 0 0
    outer loop
      vertex 4.1 15.804226065180615 151.2360679774998
      vertex 4.1 8.195773934819385 151.2360679774998
      vertex 4.1 15.929149002914755 150.74952525834289
    endloop
  endfacet
  facet normal 1 0 0
    outer loop
      vertex 4.1 15.619308209864078 151.70311716626028
      vertex 4.1 8.380691790135922 151.70311716626028
      vertex 4.1 15.804226065180615 151.2360679774998
    endloop
  endfacet
  facet normal 1 0 0
    outer loop
      vertex 4.1 12.994759548659419 153.87433264451454
      vertex 4.1 11.005240451340581 153.87433264451454
      vertex 4.1 13.472498210738712 153.71910594355302
    endloop
  endfacet
  facet normal 1 0 0
    outer loop
      vertex 4.1 15.377311702008061 152.14330717991598
      vertex 4.1 8.622688297991939 152.14330717991598
      vertex 4.1 15.619308209864078 151.70311716626028
    endloop
  endfacet
  facet normal 1 0 0
    outer loop
      vertex 4.1 14.738188423714755 152.91587450968564
      vertex 4.1 9.261811576285247 152.91587450968564
      vertex 4.1 15.082052971103156 152.54969595899476
    endloop
  endfacet
  facet normal -1 0 0
    outer loop
      vertex 4 5.160677711817886 158.64342759720887
      vertex 4 5.014571725525127 162.70644686063602
      vertex 4 5.379469197251566 158.62274571261034
    endloop
  endfacet
  facet normal -1 0 0
    outer loop
      vertex 4 5.379469197251566 158.62274571261034
      vertex 4 5.014571725525127 162.70644686063602
      vertex 4 5.593943318999812 158.5748050665035
    endloop
  endfacet
  facet normal -1 0 0
    outer loop
      vertex 4 5.593943318999812 158.5748050665035
      vertex 4 5.014571725525127 162.70644686063602
      vertex 4 5.800717692042028 158.5003617115158
    endloop
  endfacet
  facet normal -1 0 0
    outer loop
      vertex 4 5.800717692042028 158.5003617115158
      vertex 4 5.014571725525127 162.70644686063602
      vertex 4 5.996531360994311 158.40058966382574
    endloop
  endfacet
  facet normal -1 0 0
    outer loop
      vertex 4 4.941019335123761 158.63652455462423
      vertex 4 3.47711384175914 161.73074641843675
      vertex 4 5.014571725525127 162.70644686063602
    endloop
  endfacet
  facet normal -3.738590571663709e-15 0.0627905195293116 -0.9980267284282717
    outer loop
      vertex -43.4913901908336 10.91958183022136 164.43202585035357
      vertex -44.39377971882777 10.423488989116521 164.40081433432854
      vertex -47 12 164.5
    endloop
  endfacet
  facet normal -1 0 0
    outer loop
      vertex 4 5.996531360994311 158.40058966382574
      vertex 4 6.662193986072164 163.48175904537965
      vertex 4 6.17829622732387 158.27706238822628
    endloop
  endfacet
  facet normal -1 0 0
    outer loop
      vertex 4 6.343145750507619 158.1317279836453
      vertex 4 6.17829622732387 158.27706238822628
      vertex 4 6.662193986072164 163.48175904537965
    endloop
  endfacet
  facet normal 0 0.5358267949787068 -0.8443279255021989
    outer loop
      vertex -31.801439875030436 3.47711384175914 161.73074641843675
      vertex -31.799999999999997 3.5 161.74527041610304
      vertex 4 3.47711384175914 161.73074641843675
    endloop
  endfacet
  facet normal -6.404488709836626e-17 0.6374239897486963 -0.7705132427757839
    outer loop
      vertex 4 2.0740669640340172 160.57004509761046
      vertex -31.86465944922128 2.4722674847727077 160.89946521728922
      vertex -31.801439875030436 3.47711384175914 161.73074641843675
    endloop
  endfacet
  facet normal 0 0.6374239897486995 -0.7705132427757809
    outer loop
      vertex 4 2.0740669640340172 160.57004509761046
      vertex -31.94062026108093 2.0740669640340172 160.57004509761046
      vertex -31.86465944922128 2.4722674847727077 160.89946521728922
    endloop
  endfacet
  facet normal 0 0.7289686274214171 -0.6845471059286826
    outer loop
      vertex 4 2.0740669640340172 160.57004509761046
      vertex -32.05761807874522 1.4607429252481943 159.91692133323238
      vertex -31.94062026108093 2.0740669640340172 160.57004509761046
    endloop
  endfacet
  facet normal -1 0 0
    outer loop
      vertex 4 7.757359312880714 156.7175144212722
      vertex 4 6.343145750507619 158.1317279836453
      vertex 4 8.39399663610961 164.04445583636516
    endloop
  endfacet
  facet normal -1 0 0
    outer loop
      vertex 4 4.941019335123761 158.63652455462423
      vertex 4 5.014571725525127 162.70644686063602
      vertex 4 5.160677711817886 158.64342759720887
    endloop
  endfacet
  facet normal 0 -0.9297764858882508 0.36812455268467975
    outer loop
      vertex 4 25.790319486279728 145.51925358156325
      vertex -47 25.790319486279728 145.51925358156325
      vertex 4 25.119992260757282 143.82620027230644
    endloop
  endfacet
  facet normal 0 -0.30901699437495106 0.9510565162951523
    outer loop
      vertex 4 17.33780601392783 136.51824095462035
      vertex -47 15.606003363890395 135.95554416363484
      vertex 4 15.606003363890395 135.95554416363484
    endloop
  endfacet
  facet normal 0 -0.42577929156507305 0.9048270524660194
    outer loop
      vertex 4 18.985428274474874 137.29355313936398
      vertex -47 17.33780601392783 136.51824095462035
      vertex 4 17.33780601392783 136.51824095462035
    endloop
  endfacet
  facet normal 0 -0.5358267949789917 0.8443279255020183
    outer loop
      vertex 4 20.52288615824086 138.26925358156325
      vertex -47 18.985428274474874 137.29355313936398
      vertex 4 18.985428274474874 137.29355313936398
    endloop
  endfacet
  facet normal 9.867724814148544e-16 0.7289686274213617 0.6845471059287417
    outer loop
      vertex -8.247386639912273 2.036492651796569 139.46996748089703
      vertex -8.381966011250105 1.8244294954150537 139.6957918057612
      vertex 4 2.0740669640340172 139.42995490238954
    endloop
  endfacet
  facet normal 0 0.7289686274215126 0.6845471059285813
    outer loop
      vertex -8.247386639912273 2.036492651796569 139.46996748089703
      vertex 4 2.0740669640340172 139.42995490238954
      vertex -8.229705510682214 2.0740669640340172 139.42995490238954
    endloop
  endfacet
  facet normal 0 -0.6374239897486967 0.7705132427757834
    outer loop
      vertex 4 21.925933035965983 139.42995490238954
      vertex -47 20.52288615824086 138.26925358156325
      vertex 4 20.52288615824086 138.26925358156325
    endloop
  endfacet
  facet normal 0 -0.72896862742141 0.6845471059286905
    outer loop
      vertex 4 23.172442020248944 140.757352148644
      vertex -47 23.172442020248944 140.757352148644
      vertex 4 21.925933035965983 139.42995490238954
    endloop
  endfacet
  facet normal 0 -0.8090169943749479 0.5877852522924726
    outer loop
      vertex 4 24.242754919779216 142.23051147280455
      vertex -47 24.242754919779216 142.23051147280455
      vertex 4 23.172442020248944 140.757352148644
    endloop
  endfacet
  facet normal 1.4674594628817104e-17 0.6374239897487018 0.7705132427757792
    outer loop
      vertex -8.062833677742738 2.502620225670291 139.07542481168284
      vertex -8.140447028223498 2.2637508946306433 139.27303470800516
      vertex 4 2.0740669640340172 139.42995490238954
    endloop
  endfacet
  facet normal -1 0 0
    outer loop
      vertex 4 12 135.5
      vertex 4 10.182668113317591 135.61433683094006
      vertex 4 10.182668113317591 164.38566316905994
    endloop
  endfacet
  facet normal 0 -0.8763066800438617 0.48175367410171865
    outer loop
      vertex 4 25.119992260757282 143.82620027230644
      vertex -47 25.119992260757282 143.82620027230644
      vertex 4 24.242754919779216 142.23051147280455
    endloop
  endfacet
  facet normal 0 -0.18738131458572527 0.9822872507286885
    outer loop
      vertex 4 15.606003363890395 135.95554416363484
      vertex -47 13.817331886682409 135.61433683094006
      vertex 4 13.817331886682409 135.61433683094006
    endloop
  endfacet
  facet normal 0 -0.9685831611286314 0.2486898871648536
    outer loop
      vertex -6.720379855302308 26.243165135565988 147.282970938507
      vertex -47 26.243165135565988 147.282970938507
      vertex 4 25.790319486279728 145.51925358156325
    endloop
  endfacet
  facet normal -1 0 0
    outer loop
      vertex 4 10.182668113317591 135.61433683094006
      vertex 4 8.393996636109605 135.95554416363484
      vertex 4 8.39399663610961 164.04445583636516
    endloop
  endfacet
  facet normal -1 0 0
    outer loop
      vertex 4 8.393996636109605 135.95554416363484
      vertex 4 8.269058926444286 144.46495361741754
      vertex 4 8.262155883859647 155.31538800588834
    endloop
  endfacet
  facet normal -2.148431950268893e-15 0.6374239897486657 0.770513242775809
    outer loop
      vertex -8.062833677742738 2.502620225670291 139.07542481168284
      vertex 4 2.0740669640340172 139.42995490238954
      vertex -8.015770597371045 2.749333532871392 138.8713258139373
    endloop
  endfacet
  facet normal 4.782955564262021e-15 0.6374239897487387 0.7705132427757485
    outer loop
      vertex 4 2.0740669640340172 139.42995490238954
      vertex -8 3 138.66395647788573
      vertex -8.015770597371045 2.749333532871392 138.8713258139373
    endloop
  endfacet
  facet normal 7.091985647604716e-17 0.6374239897486866 0.7705132427757918
    outer loop
      vertex -8 3 138.66395647788573
      vertex 4 3.47711384175914 138.26925358156325
      vertex -8.015770597371045 3.2506664671286085 138.4565871418342
    endloop
  endfacet
  facet normal -2.7545739943956444e-14 0.06279051952866925 -0.9980267284283121
    outer loop
      vertex -39.48511773985963 11.683819173111827 164.48010758848434
      vertex -40.51488226014037 11.683819173111827 164.48010758848437
      vertex -47 12 164.5
    endloop
  endfacet
  facet normal 1.0517861537290289e-14 0.06279051952944689 -0.9980267284282632
    outer loop
      vertex -40.51488226014037 11.683819173111827 164.48010758848437
      vertex -41.536526779602944 11.554755455975247 164.47198758766618
      vertex -47 12 164.5
    endloop
  endfacet
  facet normal -3.0108234039431966e-15 0.06279051952928154 -0.9980267284282736
    outer loop
      vertex -41.536526779602944 11.554755455975247 164.47198758766618
      vertex -42.533939353874565 11.29866343362026 164.4558756432934
      vertex -47 12 164.5
    endloop
  endfacet
  facet normal 7.418718541552778e-15 0.0627905195293477 -0.9980267284282693
    outer loop
      vertex -42.533939353874565 11.29866343362026 164.4558756432934
      vertex -43.4913901908336 10.91958183022136 164.43202585035357
      vertex -47 12 164.5
    endloop
  endfacet
  facet normal 1.4042241198858156e-15 0.8763066800438449 -0.4817536741017491
    outer loop
      vertex 3.5197547722417157 -0.35188761758170456 157.57097688683515
      vertex 3.5754591384696184 -0.45796828480087326 157.37801686949643
      vertex -33.23923400519001 -1.119992260757284 156.17379972769356
    endloop
  endfacet
  facet normal -1 0 0
    outer loop
      vertex 4 8.39399663610961 164.04445583636516
      vertex 4 8.269058926444286 155.53504638258246
      vertex 4 8.248377041845746 155.75383786801615
    endloop
  endfacet
  facet normal -1.8730806735692376e-16 0.8090169943749531 -0.5877852522924653
    outer loop
      vertex 3.7664084640755306 0.8148339802137788 159.2251347684368
      vertex -32.37583281571634 0.4813786679856378 158.7661729054009
      vertex -32.2633523388954 0.8275579797510595 159.242647851356
    endloop
  endfacet
  facet normal 1.114409370026544e-16 0.809016994374942 -0.5877852522924808
    outer loop
      vertex 3.7664084640755306 0.8148339802137788 159.2251347684368
      vertex -32.71658421694456 -0.24275491977922137 157.76948852719545
      vertex -32.37583281571634 0.4813786679856378 158.7661729054009
    endloop
  endfacet
  facet normal -1 0 0
    outer loop
      vertex 4 6.662193986072164 163.48175904537965
      vertex 4 5.996531360994311 158.40058966382574
      vertex 4 5.014571725525127 162.70644686063602
    endloop
  endfacet
  facet normal -1 0 0
    outer loop
      vertex 4 8.39399663610961 164.04445583636516
      vertex 4 6.343145750507619 158.1317279836453
      vertex 4 6.662193986072164 163.48175904537965
    endloop
  endfacet
  facet normal -8.984643965727406e-17 0.8763066800438692 -0.48175367410170505
    outer loop
      vertex 3.5197547722417157 -0.35188761758170456 157.57097688683515
      vertex -32.81428522364032 -0.450380127634066 157.39181967614215
      vertex -32.71658421694456 -0.24275491977922137 157.76948852719545
    endloop
  endfacet
  facet normal 1.2662336874900066e-17 0.8763066800438605 -0.481753674101721
    outer loop
      vertex 3.5197547722417157 -0.35188761758170456 157.57097688683515
      vertex -33.23923400519001 -1.119992260757284 156.17379972769356
      vertex -32.81428522364032 -0.450380127634066 157.39181967614215
    endloop
  endfacet
  facet normal 0 0.9297764858882555 -0.36812455268466765
    outer loop
      vertex -33.23923400519001 -1.119992260757284 156.17379972769356
      vertex 4 -1.119992260757284 156.17379972769356
      vertex -30.8 -1.1492116399928118 156.1
    endloop
  endfacet
  facet normal 0 0.9921147013144778 -0.12533323356430412
    outer loop
      vertex -5.699491989648719 -2.4713875622099373 150.91046253317504
      vertex -30.8 -2.4713875622099373 150.91046253317504
      vertex -30.8 -2.2431651355659845 152.717029061493
    endloop
  endfacet
  facet normal 0 1 0
    outer loop
      vertex -30.8 -2.4713875622099373 149.08953746682496
      vertex -30.8 -2.4713875622099373 150.91046253317504
      vertex -6.15 -2.4713875622099373 150
    endloop
  endfacet
  facet normal -1.984500919498881e-15 0.8090169943749379 0.5877852522924862
    outer loop
      vertex -12.696635975219815 0.8275579797510542 140.757352148644
      vertex 2.49652131004976 -0.12276845849283982 142.06536427678867
      vertex 2.4627993945378877 0.000545016701932464 141.89563783898012
    endloop
  endfacet
  facet normal 1.680634794030334e-15 0.9297764858882744 -0.3681245526846197
    outer loop
      vertex -33.23923400519001 -1.119992260757284 156.17379972769356
      vertex -30.8 -1.1492116399928118 156.1
      vertex -33.25777718711514 -1.1492116399928074 156.1
    endloop
  endfacet
  facet normal 4.518836330814537e-16 0.7289686274214047 -0.6845471059286959
    outer loop
      vertex -32.2633523388954 0.8275579797510595 159.242647851356
      vertex -32.05761807874522 1.4607429252481943 159.91692133323238
      vertex 4 2.0740669640340172 160.57004509761046
    endloop
  endfacet
  facet normal -1 0 0
    outer loop
      vertex 4 8.200436395738906 155.9683119897644
      vertex 4 8.125993040751222 156.1750863628066
      vertex 4 8.39399663610961 164.04445583636516
    endloop
  endfacet
  facet normal -1 0 0
    outer loop
      vertex 4 8.39399663610961 164.04445583636516
      vertex 4 8.248377041845746 155.75383786801615
      vertex 4 8.200436395738906 155.9683119897644
    endloop
  endfacet
  facet normal -1 0 0
    outer loop
      vertex 4 8.026220993061157 156.37090003175888
      vertex 4 7.902693717461714 156.55266489808847
      vertex 4 8.39399663610961 164.04445583636516
    endloop
  endfacet
  facet normal -1 0 0
    outer loop
      vertex 4 7.902693717461714 156.55266489808847
      vertex 4 7.757359312880714 156.7175144212722
      vertex 4 8.39399663610961 164.04445583636516
    endloop
  endfacet
  facet normal -1 0 0
    outer loop
      vertex 4 8.39399663610961 164.04445583636516
      vertex 4 8.125993040751222 156.1750863628066
      vertex 4 8.026220993061157 156.37090003175888
    endloop
  endfacet
  facet normal -3.1277056827725676e-16 0.8090169943749249 0.587785252292504
    outer loop
      vertex 2.5869870645179267 0.7134138904101004 140.91445800954153
      vertex 2.6590420271676436 0.8101418745917041 140.78132336091036
      vertex -12.696635975219815 0.8275579797510542 140.757352148644
    endloop
  endfacet
  facet normal -7.221119640610845e-16 0.809016994374906 0.5877852522925302
    outer loop
      vertex 2.5284565462440094 0.6074194263463463 141.0603468735489
      vertex 2.5869870645179267 0.7134138904101004 140.91445800954153
      vertex -12.696635975219815 0.8275579797510542 140.757352148644
    endloop
  endfacet
  facet normal 0 0.8090169943750202 0.5877852522923729
    outer loop
      vertex 2.6590420271676436 0.8101418745917041 140.78132336091036
      vertex 2.6761555578623812 0.8275579797510542 140.757352148644
      vertex -12.696635975219815 0.8275579797510542 140.757352148644
    endloop
  endfacet
  facet normal 0 0.6374239897487014 0.7705132427757797
    outer loop
      vertex -8.140447028223498 2.2637508946306433 139.27303470800516
      vertex -8.229705510682214 2.0740669640340172 139.42995490238954
      vertex 4 2.0740669640340172 139.42995490238954
    endloop
  endfacet
  facet normal 0 -0.06279051952930799 0.9980267284282719
    outer loop
      vertex 4 13.817331886682409 135.61433683094006
      vertex -47 12 135.5
      vertex 4 12 135.5
    endloop
  endfacet
  facet normal -4.0856582979129443e-16 0.8090169943749527 -0.587785252292466
    outer loop
      vertex 3.4387876930816996 0.13004709508860732 158.28260648037474
      vertex 3.4363120798191393 0.004669960524976273 158.11003965912087
      vertex -32.71658421694456 -0.24275491977922137 157.76948852719545
    endloop
  endfacet
  facet normal -4.873140325066337e-16 0.8763066800438493 0.48175367410174136
    outer loop
      vertex 2.8814565874651876 -0.6443639553200396 142.96103559650035
      vertex 2.780527728140618 -0.5584375810643484 142.80473610196591
      vertex -32.71658421694456 -0.24275491977921781 142.23051147280455
    endloop
  endfacet
  facet normal 1.875365668327732e-16 0.8763066800438669 0.4817536741017094
    outer loop
      vertex 2.780527728140618 -0.5584375810643484 142.80473610196591
      vertex 2.6899166592294423 -0.46172048344708744 142.6288083545035
      vertex -32.71658421694456 -0.24275491977921781 142.23051147280455
    endloop
  endfacet
  facet normal -4.685971254691909e-16 0.8763066800438497 0.48175367410174075
    outer loop
      vertex 2.9911115287996224 -0.7181444959622201 143.09524190170922
      vertex 2.8814565874651876 -0.6443639553200396 142.96103559650035
      vertex -32.71658421694456 -0.24275491977921781 142.23051147280455
    endloop
  endfacet
  facet normal 1.61455027637979e-15 0.8763066800438866 0.48175367410167363
    outer loop
      vertex -32.71658421694456 -0.24275491977921781 142.23051147280455
      vertex 3.229572018725374 -0.8248237207433095 143.28929069121122
      vertex 3.1077632282143903 -0.778615639790605 143.20523850398843
    endloop
  endfacet
  facet normal 2.0846753539770366e-15 0.8763066800438939 0.48175367410166037
    outer loop
      vertex -32.71658421694456 -0.24275491977921781 142.23051147280455
      vertex 3.1077632282143903 -0.778615639790605 143.20523850398843
      vertex 2.9911115287996224 -0.7181444959622201 143.09524190170922
    endloop
  endfacet
  facet normal -3.618972645690503e-15 0.876306680043812 0.4817536741018091
    outer loop
      vertex -32.71658421694456 -0.24275491977921781 142.23051147280455
      vertex 3.354616902941166 -0.8560400097803402 143.34607291017474
      vertex 3.229572018725374 -0.8248237207433095 143.28929069121122
    endloop
  endfacet
  facet normal 1.0369282928015055e-14 0.876306680044002 0.4817536741014632
    outer loop
      vertex -32.71658421694456 -0.24275491977921781 142.23051147280455
      vertex 3.4809258483394943 -0.871772207375876 143.37468967136593
      vertex 3.354616902941166 -0.8560400097803402 143.34607291017474
    endloop
  endfacet
  facet normal -6.918525925654361e-16 0.8763066800438549 0.481753674101731
    outer loop
      vertex -32.71658421694456 -0.24275491977921781 142.23051147280455
      vertex 4 -1.119992260757284 143.82620027230644
      vertex 3.4809258483394943 -0.871772207375876 143.37468967136593
    endloop
  endfacet
  facet normal 0 0.9297764858882513 0.36812455268467803
    outer loop
      vertex -30.8 -1.790319486279726 145.51925358156325
      vertex 4 -1.790319486279726 145.51925358156325
      vertex 4 -1.119992260757284 143.82620027230644
    endloop
  endfacet
  facet normal -1.712434219402465e-17 0.9921147013144779 0.12533323356430381
    outer loop
      vertex 4 -2.2431651355659845 147.282970938507
      vertex -30.8 -2.4713875622099373 149.08953746682496
      vertex -5.215488511773583 -2.4437002296083032 148.870369661662
    endloop
  endfacet
  facet normal -3.1754534784360116e-15 0.7289686274213268 0.6845471059287788
    outer loop
      vertex -9.62523737082855 1.0354254985426228 140.5359957240143
      vertex -9.874418960941373 1.0039465431434569 140.5695174067608
      vertex 2.6761555578623812 0.8275579797510542 140.757352148644
    endloop
  endfacet
  facet normal 0 0.9685831611286315 -0.24868988716485274
    outer loop
      vertex 4 -2.2431651355659845 152.717029061493
      vertex -30.8 -2.2431651355659845 152.717029061493
      vertex -30.8 -1.790319486279726 154.48074641843675
    endloop
  endfacet
  facet normal -4.1089871758903663e-16 0.8090169943749528 -0.5877852522924657
    outer loop
      vertex -32.71658421694456 -0.24275491977922137 157.76948852719545
      vertex 3.4570339037153026 0.2554242296522384 158.4551733016286
      vertex 3.4387876930816996 0.13004709508860732 158.28260648037474
    endloop
  endfacet
  facet normal -1 0 0
    outer loop
      vertex 4 3.35657240279113 156.8393222881821
      vertex 4 2.0740669640340172 160.57004509761046
      vertex 4 3.363475445375771 157.05898066487623
    endloop
  endfacet
  facet normal -1 0 0
    outer loop
      vertex 4 3.37725428738967 156.62053080274845
      vertex 4 2.0740669640340172 160.57004509761046
      vertex 4 3.35657240279113 156.8393222881821
    endloop
  endfacet
  facet normal 1.986799981848224e-16 0.8763066800438672 0.4817536741017086
    outer loop
      vertex 2.6899166592294423 -0.46172048344708744 142.6288083545035
      vertex 2.6110523714168075 -0.35573794887367416 142.43602683978472
      vertex -32.71658421694456 -0.24275491977921781 142.23051147280455
    endloop
  endfacet
  facet normal -6.760235624697251e-17 0.8090169943749353 -0.5877852522924896
    outer loop
      vertex 3.4363120798191393 0.004669960524976273 158.11003965912087
      vertex 3.449646105827634 -0.11872990172991692 157.9401943197246
      vertex -32.71658421694456 -0.24275491977922137 157.76948852719545
    endloop
  endfacet
  facet normal 0 1 0
    outer loop
      vertex -30.8 -2.4713875622099373 150.91046253317504
      vertex -6.14093190651165 -2.4713875622099373 150.14413321859894
      vertex -6.15 -2.4713875622099373 150
    endloop
  endfacet
  facet normal 0 1 0
    outer loop
      vertex -30.8 -2.4713875622099373 150.91046253317504
      vertex -6.113870635297926 -2.4713875622099373 150.2859933702396
      vertex -6.14093190651165 -2.4713875622099373 150.14413321859894
    endloop
  endfacet
  facet normal -4.243998204213598e-18 0.809016994374929 -0.5877852522924985
    outer loop
      vertex 3.449646105827634 -0.11872990172991692 157.9401943197246
      vertex 3.4785794855516694 -0.2382064021328072 157.77574902464892
      vertex -32.71658421694456 -0.24275491977922137 157.76948852719545
    endloop
  endfacet
  facet normal 0 0.06279051952930799 -0.9980267284282719
    outer loop
      vertex 4 10.182668113317591 164.38566316905994
      vertex -47 12 164.5
      vertex 4 12 164.5
    endloop
  endfacet
  facet normal 0 0.809016994374918 -0.5877852522925135
    outer loop
      vertex 3.4785794855516694 -0.2382064021328072 157.77574902464892
      vertex 3.4803432257675553 -0.24275491977922137 157.76948852719545
      vertex -32.71658421694456 -0.24275491977922137 157.76948852719545
    endloop
  endfacet
  facet normal 0 0.535826794978991 -0.8443279255020186
    outer loop
      vertex 4 3.47711384175914 161.73074641843675
      vertex -31.957528995425623 5.014571725525127 162.70644686063602
      vertex 4 5.014571725525127 162.70644686063602
    endloop
  endfacet
  facet normal 0 1 0
    outer loop
      vertex -30.8 -2.4713875622099373 150.91046253317504
      vertex -6.069242958771489 -2.4713875622099373 150.42334323558737
      vertex -6.113870635297926 -2.4713875622099373 150.2859933702396
    endloop
  endfacet
  facet normal -1 0 0
    outer loop
      vertex 4 3.37725428738967 156.62053080274845
      vertex 4 3.37725428738967 143.37946919725155
      vertex 4 2.0740669640340172 160.57004509761046
    endloop
  endfacet
  facet normal -1 0 0
    outer loop
      vertex 4 3.5994103361742606 156.0034686390057
      vertex 4 3.8682720163547035 144.34314575050763
      vertex 4 3.499638288484194 156.19928230795796
    endloop
  endfacet
  facet normal -1 0 0
    outer loop
      vertex 4 3.499638288484194 156.19928230795796
      vertex 4 3.4251949334965097 143.5939433189998
      vertex 4 3.4251949334965115 156.4060566810002
    endloop
  endfacet
  facet normal -1 0 0
    outer loop
      vertex 4 3.4251949334965115 156.4060566810002
      vertex 4 3.37725428738967 143.37946919725155
      vertex 4 3.37725428738967 156.62053080274845
    endloop
  endfacet
  facet normal -1 0 0
    outer loop
      vertex 4 0.9905922563176416 159.416261722165
      vertex 4 2.0740669640340172 160.57004509761046
      vertex 4 2.0740669640340172 139.42995490238954
    endloop
  endfacet
  facet normal -1 0 0
    outer loop
      vertex 4 3.8682720163547035 144.34314575050763
      vertex 4 3.5994103361742606 156.0034686390057
      vertex 4 3.7229376117737036 155.82170377267613
    endloop
  endfacet
  facet normal -1 0 0
    outer loop
      vertex 4 3.3978545500383532 157.2760417890128
      vertex 4 3.363475445375771 157.05898066487623
      vertex 4 2.0740669640340172 160.57004509761046
    endloop
  endfacet
  facet normal 0 0.9685831611286315 0.24868988716485274
    outer loop
      vertex 4 -1.790319486279726 145.51925358156325
      vertex -30.8 -1.790319486279726 145.51925358156325
      vertex -30.8 -2.2431651355659845 147.282970938507
    endloop
  endfacet
  facet normal 0 0.9921147013144779 0.12533323356430412
    outer loop
      vertex 4 -2.2431651355659845 147.282970938507
      vertex -30.8 -2.2431651355659845 147.282970938507
      vertex -30.8 -2.4713875622099373 149.08953746682496
    endloop
  endfacet
  facet normal -1 0 0
    outer loop
      vertex 4 3.47711384175914 138.26925358156325
      vertex 4 3.793014511577857 141.94841311911478
      vertex 4 3.94841311911477 141.79301451157787
    endloop
  endfacet
  facet normal -1 0 0
    outer loop
      vertex 4 2.0740669640340172 139.42995490238954
      vertex 4 0.9096977666061631 140.66988215985597
      vertex 4 0.970245408236148 142.0498535146736
    endloop
  endfacet
  facet normal 6.427300519702654e-14 0.7289686274214074 0.6845471059286931
    outer loop
      vertex 3.913298827501026 0.9698780401767919 140.6057966775821
      vertex 4 0.9096977666061631 140.66988215985597
      vertex 4 2.0740669640340172 139.42995490238954
    endloop
  endfacet
  facet normal -9.346306959798381e-14 0.7289686274214183 0.6845471059286814
    outer loop
      vertex 3.679667064520343 1.0765777251200204 140.49217305372082
      vertex 3.799384293098494 1.03036078185293 140.54138909949071
      vertex 4 2.0740669640340172 139.42995490238954
    endloop
  endfacet
  facet normal 2.1751225686205415e-15 0.7289686274214098 0.6845471059286905
    outer loop
      vertex 3.799384293098494 1.03036078185293 140.54138909949071
      vertex 3.913298827501026 0.9698780401767919 140.6057966775821
      vertex 4 2.0740669640340172 139.42995490238954
    endloop
  endfacet
  facet normal 5.928458077825249e-14 0.7289686274213955 0.6845471059287059
    outer loop
      vertex 3.5560351539768638 1.1078000011740772 140.4589247067145
      vertex 3.679667064520343 1.0765777251200204 140.49217305372082
      vertex 4 2.0740669640340172 139.42995490238954
    endloop
  endfacet
  facet normal -2.2742241197053216e-14 0.728968627421413 0.6845471059286871
    outer loop
      vertex 3.430438310551438 1.123535216070444 140.4421684047656
      vertex 3.5560351539768638 1.1078000011740772 140.4589247067145
      vertex 4 2.0740669640340172 139.42995490238954
    endloop
  endfacet
  facet normal -1 0 0
    outer loop
      vertex 4 3.793014511577857 158.05158688088522
      vertex 4 3.47711384175914 161.73074641843675
      vertex 4 3.94841311911477 158.20698548842213
    endloop
  endfacet
  facet normal -1 0 0
    outer loop
      vertex 4 3.47711384175914 161.73074641843675
      vertex 4 3.4591675377612656 157.4870824769981
      vertex 4 2.0740669640340172 160.57004509761046
    endloop
  endfacet
  facet normal -1 0 0
    outer loop
      vertex 4 3.793014511577857 158.05158688088522
      vertex 4 3.658317878450678 157.87793702781008
      vertex 4 3.47711384175914 161.73074641843675
    endloop
  endfacet
  facet normal -1 0 0
    outer loop
      vertex 4 3.658317878450678 157.87793702781008
      vertex 4 3.546447466101517 157.68877449111304
      vertex 4 3.47711384175914 161.73074641843675
    endloop
  endfacet
  facet normal -1 0 0
    outer loop
      vertex 4 3.546447466101517 157.68877449111304
      vertex 4 3.4591675377612656 157.4870824769981
      vertex 4 3.47711384175914 161.73074641843675
    endloop
  endfacet
  facet normal -1 0 0
    outer loop
      vertex 4 3.4591675377612656 157.4870824769981
      vertex 4 3.3978545500383532 157.2760417890128
      vertex 4 2.0740669640340172 160.57004509761046
    endloop
  endfacet
  facet normal -1 0 0
    outer loop
      vertex 4 1.034819028678114 158.0659442299313
      vertex 4 0.9905922563176416 159.416261722165
      vertex 4 2.0740669640340172 139.42995490238954
    endloop
  endfacet
  facet normal 0 1 0
    outer loop
      vertex -6.113870635297926 -2.4713875622099373 149.7140066297604
      vertex -30.8 -2.4713875622099373 149.08953746682496
      vertex -6.14093190651165 -2.4713875622099373 149.85586678140106
    endloop
  endfacet
  facet normal 0 1 0
    outer loop
      vertex -30.8 -2.4713875622099373 149.08953746682496
      vertex -6.15 -2.4713875622099373 150
      vertex -6.14093190651165 -2.4713875622099373 149.85586678140106
    endloop
  endfacet
  facet normal 3.3908616314244976e-17 0.9921147013144772 0.12533323356430962
    outer loop
      vertex -30.8 -2.4713875622099373 149.08953746682496
      vertex -5.355369543531189 -2.448237392768116 148.90628500626056
      vertex -5.215488511773583 -2.4437002296083032 148.870369661662
    endloop
  endfacet
  facet normal 0 1 0
    outer loop
      vertex -5.93036954353119 -2.4713875622099373 149.32404695986367
      vertex -5.838313921534623 -2.4713875622099373 149.21277082818202
      vertex -30.8 -2.4713875622099373 149.08953746682496
    endloop
  endfacet
  facet normal 0 0.9921147013144781 0.1253332335643018
    outer loop
      vertex -30.8 -2.4713875622099373 149.08953746682496
      vertex -5.699491989648731 -2.4713875622099373 149.08953746682496
      vertex -5.616200814225846 -2.463742792786042 149.02902288567267
    endloop
  endfacet
  facet normal 1.0605589752608692e-17 0.9921147013144775 0.12533323356430612
    outer loop
      vertex -30.8 -2.4713875622099373 149.08953746682496
      vertex -5.616200814225846 -2.463742792786042 149.02902288567267
      vertex -5.489646185299833 -2.454953553114265 148.9594488896641
    endloop
  endfacet
  facet normal 0 1 0
    outer loop
      vertex -5.733037588210993 -2.4713875622099373 149.11390977080785
      vertex -5.699491989648731 -2.4713875622099373 149.08953746682496
      vertex -30.8 -2.4713875622099373 149.08953746682496
    endloop
  endfacet
  facet normal 0 1 0
    outer loop
      vertex -5.838313921534623 -2.4713875622099373 149.21277082818202
      vertex -5.733037588210993 -2.4713875622099373 149.11390977080785
      vertex -30.8 -2.4713875622099373 149.08953746682496
    endloop
  endfacet
  facet normal 0 1 0
    outer loop
      vertex -6.007752682050443 -2.4713875622099373 149.44598327478303
      vertex -5.93036954353119 -2.4713875622099373 149.32404695986367
      vertex -30.8 -2.4713875622099373 149.08953746682496
    endloop
  endfacet
  facet normal 0 1 0
    outer loop
      vertex -6.069242958771489 -2.4713875622099373 149.57665676441263
      vertex -6.007752682050443 -2.4713875622099373 149.44598327478303
      vertex -30.8 -2.4713875622099373 149.08953746682496
    endloop
  endfacet
  facet normal 0 1 0
    outer loop
      vertex -6.113870635297926 -2.4713875622099373 149.7140066297604
      vertex -6.069242958771489 -2.4713875622099373 149.57665676441263
      vertex -30.8 -2.4713875622099373 149.08953746682496
    endloop
  endfacet
  facet normal 1.7169901796838154e-17 0.9921147013144774 0.12533323356430734
    outer loop
      vertex -30.8 -2.4713875622099373 149.08953746682496
      vertex -5.489646185299833 -2.454953553114265 148.9594488896641
      vertex -5.355369543531189 -2.448237392768116 148.90628500626056
    endloop
  endfacet
  facet normal 0 0.8090169943749449 0.5877852522924768
    outer loop
      vertex -26.125581039058627 0.003946543143456438 141.890956039484
      vertex -32.71658421694456 -0.24275491977921781 142.23051147280455
      vertex 2.5455228483445302 -0.24275491977921781 142.23051147280455
    endloop
  endfacet
  facet normal 0 0.8090169943749448 0.5877852522924767
    outer loop
      vertex -25.874418960941373 0.003946543143456438 141.890956039484
      vertex -26.125581039058627 0.003946543143456438 141.890956039484
      vertex 2.5455228483445302 -0.24275491977921781 142.23051147280455
    endloop
  endfacet
  facet normal 2.5294780131756253e-17 0.9297764858882513 -0.36812455268467803
    outer loop
      vertex 4 -1.119992260757284 156.17379972769356
      vertex 4 -1.790319486279726 154.48074641843675
      vertex -30.8 -1.1492116399928118 156.1
    endloop
  endfacet
  facet normal 4.064128069191219e-16 0.9921147013144775 -0.12533323356430603
    outer loop
      vertex 4 -2.2431651355659845 152.717029061493
      vertex -4.510353814700166 -2.454953553114265 151.0405511103359
      vertex -4.644630456468811 -2.448237392768116 151.09371499373944
    endloop
  endfacet
  facet normal -7.171743428902083e-16 0.9921147013144783 -0.12533323356430032
    outer loop
      vertex 4 -2.2431651355659845 152.717029061493
      vertex -4.644630456468811 -2.448237392768116 151.09371499373944
      vertex -4.784511488226417 -2.4437002296083037 151.129630338338
    endloop
  endfacet
  facet normal 2.850261659807462e-16 0.9921147013144778 -0.12533323356430523
    outer loop
      vertex 4 -2.2431651355659845 152.717029061493
      vertex -4.784511488226417 -2.4437002296083037 151.129630338338
      vertex -4.92779090254129 -2.4414136174082204 151.1477307376925
    endloop
  endfacet
  facet normal 0 0.9921147013144779 -0.12533323356430415
    outer loop
      vertex -5.07220909745871 -2.4414136174082204 151.1477307376925
      vertex 4 -2.2431651355659845 152.717029061493
      vertex -4.92779090254129 -2.4414136174082204 151.1477307376925
    endloop
  endfacet
  facet normal 1.0153838009447996e-14 0.9921147013144705 -0.1253332335643619
    outer loop
      vertex -5.07220909745871 -2.4414136174082204 151.1477307376925
      vertex -5.215488511773583 -2.4437002296083032 151.129630338338
      vertex 4 -2.2431651355659845 152.717029061493
    endloop
  endfacet
  facet normal 0 0.4257792915650734 0.9048270524660191
    outer loop
      vertex 4 6.662193986072171 136.51824095462035
      vertex -15.014225062392068 6.662193986072171 136.51824095462035
      vertex -9.741833828641528 5.014571725525127 137.29355313936398
    endloop
  endfacet
  facet normal -4.2184223928493857e-16 0.992114701314478 -0.1253332335643024
    outer loop
      vertex 4 -2.2431651355659845 152.717029061493
      vertex -4.300508010351269 -2.4713875622099373 150.91046253317504
      vertex -4.383799185774154 -2.463742792786042 150.97097711432733
    endloop
  endfacet
  facet normal 0 0.06279051952930799 0.9980267284282719
    outer loop
      vertex 4 12 135.5
      vertex -35.27475878165054 10.182668113317591 135.61433683094006
      vertex 4 10.182668113317591 135.61433683094006
    endloop
  endfacet
  facet normal -2.866085946548759e-16 0.9921147013144774 -0.12533323356430848
    outer loop
      vertex -5.215488511773583 -2.4437002296083032 151.129630338338
      vertex -5.355369543531189 -2.448237392768116 151.09371499373944
      vertex -30.8 -2.2431651355659845 152.717029061493
    endloop
  endfacet
  facet normal 0 0.8763066800438762 -0.48175367410169245
    outer loop
      vertex -32.71658421694456 -0.24275491977922137 157.76948852719545
      vertex 3.4803432257675553 -0.24275491977922137 157.76948852719545
      vertex 3.5197547722417157 -0.35188761758170456 157.57097688683515
    endloop
  endfacet
  facet normal -1.7096428017543262e-16 0.4257792915650749 -0.9048270524660185
    outer loop
      vertex 4 5.014571725525127 162.70644686063602
      vertex -32.375832815716336 6.518621332014359 163.4141988826212
      vertex 4 6.662193986072164 163.48175904537965
    endloop
  endfacet
  facet normal 9.953382091972756e-17 0.30901699437494895 -0.9510565162951531
    outer loop
      vertex 4 6.662193986072164 163.48175904537965
      vertex -33.36606064612543 8.319839068798279 164.020360582121
      vertex 4 8.39399663610961 164.04445583636516
    endloop
  endfacet
  facet normal 0 0.9297764858882512 -0.36812455268467853
    outer loop
      vertex 4 -1.790319486279726 154.48074641843675
      vertex -30.8 -1.790319486279726 154.48074641843675
      vertex -30.8 -1.1492116399928118 156.1
    endloop
  endfacet
  facet normal 0 0.9921147013144779 -0.1253332335643039
    outer loop
      vertex -5.215488511773583 -2.4437002296083032 151.129630338338
      vertex -30.8 -2.2431651355659845 152.717029061493
      vertex 4 -2.2431651355659845 152.717029061493
    endloop
  endfacet
  facet normal 0 0.9685831611286315 -0.24868988716485274
    outer loop
      vertex -30.8 -1.790319486279726 154.48074641843675
      vertex 4 -1.790319486279726 154.48074641843675
      vertex 4 -2.2431651355659845 152.717029061493
    endloop
  endfacet
  facet normal 2.7390675495624316e-16 0.9921147013144777 -0.1253332335643055
    outer loop
      vertex 4 -2.2431651355659845 152.717029061493
      vertex -4.383799185774154 -2.463742792786042 150.97097711432733
      vertex -4.510353814700166 -2.454953553114265 151.0405511103359
    endloop
  endfacet
  facet normal 0 0.8763066800438583 -0.481753674101725
    outer loop
      vertex 4 -0.8065993808663715 156.74385925996108
      vertex 4 -1.119992260757284 156.17379972769356
      vertex -33.23923400519001 -1.119992260757284 156.17379972769356
    endloop
  endfacet
  facet normal -2.3629671801864752e-15 0.8763066800439233 -0.4817536741016064
    outer loop
      vertex 3.9240559296393966 -0.7751568645866989 156.80105298475135
      vertex 4 -0.8065993808663715 156.74385925996108
      vertex -33.23923400519001 -1.119992260757284 156.17379972769356
    endloop
  endfacet
  facet normal 6.846430896867845e-16 0.8763066800438473 -0.4817536741017451
    outer loop
      vertex 3.820618737264317 -0.7146297285765869 156.911151436431
      vertex 3.9240559296393966 -0.7751568645866989 156.80105298475135
      vertex -33.23923400519001 -1.119992260757284 156.17379972769356
    endloop
  endfacet
  facet normal -1.0963117031008674e-15 0.876306680043885 -0.48175367410167647
    outer loop
      vertex 3.7270867499866993 -0.6407808721530598 157.04548200758484
      vertex 3.820618737264317 -0.7146297285765869 156.911151436431
      vertex -33.23923400519001 -1.119992260757284 156.17379972769356
    endloop
  endfacet
  facet normal 1.134118999202151e-15 0.876306680043845 -0.481753674101749
    outer loop
      vertex 3.6449350231192112 -0.554774935897084 157.20192622486053
      vertex 3.7270867499866993 -0.6407808721530598 157.04548200758484
      vertex -33.23923400519001 -1.119992260757284 156.17379972769356
    endloop
  endfacet
  facet normal 0 1 0
    outer loop
      vertex -4.06963045646881 -2.4713875622099373 150.67595304013633
      vertex -4.161686078465377 -2.4713875622099373 150.78722917181798
      vertex 4 -2.4713875622099373 150.91046253317504
    endloop
  endfacet
  facet normal 0 1 0
    outer loop
      vertex -3.9922473179495572 -2.4713875622099373 150.55401672521697
      vertex -4.06963045646881 -2.4713875622099373 150.67595304013633
      vertex 4 -2.4713875622099373 150.91046253317504
    endloop
  endfacet
  facet normal 0 1 0
    outer loop
      vertex -3.930757041228511 -2.4713875622099373 150.42334323558737
      vertex -3.9922473179495572 -2.4713875622099373 150.55401672521697
      vertex 4 -2.4713875622099373 150.91046253317504
    endloop
  endfacet
  facet normal 0 1 0
    outer loop
      vertex -3.8861293647020743 -2.4713875622099373 150.2859933702396
      vertex -3.930757041228511 -2.4713875622099373 150.42334323558737
      vertex 4 -2.4713875622099373 150.91046253317504
    endloop
  endfacet
  facet normal 0 1 0
    outer loop
      vertex -3.8590680934883506 -2.4713875622099373 150.14413321859894
      vertex -3.8861293647020743 -2.4713875622099373 150.2859933702396
      vertex 4 -2.4713875622099373 150.91046253317504
    endloop
  endfacet
  facet normal 0 1 0
    outer loop
      vertex -4.161686078465377 -2.4713875622099373 150.78722917181798
      vertex -4.266962411789007 -2.4713875622099373 150.88609022919215
      vertex 4 -2.4713875622099373 150.91046253317504
    endloop
  endfacet
  facet normal 0 1 0
    outer loop
      vertex -4.266962411789007 -2.4713875622099373 150.88609022919215
      vertex -4.300508010351269 -2.4713875622099373 150.91046253317504
      vertex 4 -2.4713875622099373 150.91046253317504
    endloop
  endfacet
  facet normal -4.055963130018488e-16 0.8763066800438684 -0.4817536741017065
    outer loop
      vertex 3.5754591384696184 -0.45796828480087326 157.37801686949643
      vertex 3.6449350231192112 -0.554774935897084 157.20192622486053
      vertex -33.23923400519001 -1.119992260757284 156.17379972769356
    endloop
  endfacet
  facet normal -4.575940390712875e-16 0.18738131458572582 -0.9822872507286885
    outer loop
      vertex 4 8.39399663610961 164.04445583636516
      vertex -34.773123284060745 9.81820859076147 164.31613879683667
      vertex 4 10.182668113317591 164.38566316905994
    endloop
  endfacet
  facet normal 1.806009642207582e-15 0.18738131458544396 0.9822872507287422
    outer loop
      vertex 4 10.182668113317591 135.61433683094006
      vertex -25.874418960941373 9.996053456856544 135.64993548054352
      vertex -25.62523737082855 9.964574501457378 135.65594041244108
    endloop
  endfacet
  facet normal 0 0.9685831611286315 0.24868988716485274
    outer loop
      vertex -30.8 -2.2431651355659845 147.282970938507
      vertex 4 -2.2431651355659845 147.282970938507
      vertex 4 -1.790319486279726 145.51925358156325
    endloop
  endfacet
  facet normal 0 0.8763066800438528 0.4817536741017348
    outer loop
      vertex 2.6110523714168075 -0.35573794887367416 142.43602683978472
      vertex 2.5455228483445302 -0.24275491977921781 142.23051147280455
      vertex -32.71658421694456 -0.24275491977921781 142.23051147280455
    endloop
  endfacet
  facet normal -1.8456092872145489e-16 0.8090169943749361 0.5877852522924888
    outer loop
      vertex 2.5451943689270244 -0.24216131841643992 142.22969445062085
      vertex 2.49652131004976 -0.12276845849283982 142.06536427678867
      vertex -25.874418960941373 0.003946543143456438 141.890956039484
    endloop
  endfacet
  facet normal 1.5116729737640143e-14 0.8090169943755464 0.5877852522916486
    outer loop
      vertex 2.5455228483445302 -0.24275491977921781 142.23051147280455
      vertex 2.5451943689270244 -0.24216131841643992 142.22969445062085
      vertex -25.874418960941373 0.003946543143456438 141.890956039484
    endloop
  endfacet
  facet normal -1 0 0
    outer loop
      vertex 4 1.08055375019537 156.12120243795715
      vertex 4 1.034819028678114 158.0659442299313
      vertex 4 2.0740669640340172 139.42995490238954
    endloop
  endfacet
  facet normal -1 0 0
    outer loop
      vertex 4 -1.119992260757284 156.17379972769356
      vertex 4 -0.8065993808663715 156.74385925996108
      vertex 4 -0.8215592823949373 156.12120243795715
    endloop
  endfacet
  facet normal -1 0 0
    outer loop
      vertex 4 -1.119992260757284 156.17379972769356
      vertex 4 -0.8215592823949373 156.12120243795715
      vertex 4 -0.8533054085163201 154.09529171528524
    endloop
  endfacet
  facet normal 0 0.18738131458572285 0.9822872507286892
    outer loop
      vertex 4 10.182668113317591 135.61433683094006
      vertex -35.27475878165054 10.182668113317591 135.61433683094006
      vertex -26.125581039058627 9.996053456856544 135.64993548054352
    endloop
  endfacet
  facet normal 0 1 0
    outer loop
      vertex -30.8 -2.4713875622099373 150.91046253317504
      vertex -6.007752682050443 -2.4713875622099373 150.55401672521697
      vertex -6.069242958771489 -2.4713875622099373 150.42334323558737
    endloop
  endfacet
  facet normal 1.0913848006256522e-15 0.18738131458571078 0.9822872507286914
    outer loop
      vertex -20.55599354251186 8.393996636109605 135.95554416363484
      vertex 4 10.182668113317591 135.61433683094006
      vertex -25.381966011250107 9.902113032590307 135.66785557487307
    endloop
  endfacet
  facet normal 0 1 0
    outer loop
      vertex -30.8 -2.4713875622099373 150.91046253317504
      vertex -5.93036954353119 -2.4713875622099373 150.67595304013633
      vertex -6.007752682050443 -2.4713875622099373 150.55401672521697
    endloop
  endfacet
  facet normal 0 1 0
    outer loop
      vertex -30.8 -2.4713875622099373 150.91046253317504
      vertex -5.838313921534623 -2.4713875622099373 150.78722917181798
      vertex -5.93036954353119 -2.4713875622099373 150.67595304013633
    endloop
  endfacet
  facet normal 0 1 0
    outer loop
      vertex -30.8 -2.4713875622099373 150.91046253317504
      vertex -5.733037588210993 -2.4713875622099373 150.88609022919215
      vertex -5.838313921534623 -2.4713875622099373 150.78722917181798
    endloop
  endfacet
  facet normal 0 0.18738131458571652 0.9822872507286902
    outer loop
      vertex 4 10.182668113317591 135.61433683094006
      vertex -26.125581039058627 9.996053456856544 135.64993548054352
      vertex -25.874418960941373 9.996053456856544 135.64993548054352
    endloop
  endfacet
  facet normal -1 0 0
    outer loop
      vertex 4 3.47711384175914 138.26925358156325
      vertex 4 3.4591675377612656 142.5129175230019
      vertex 4 3.546447466101517 142.31122550888696
    endloop
  endfacet
  facet normal -4.682094851921489e-15 0.18738131458629426 0.98228725072858
    outer loop
      vertex -25.62523737082855 9.964574501457378 135.65594041244108
      vertex -25.381966011250107 9.902113032590307 135.66785557487307
      vertex 4 10.182668113317591 135.61433683094006
    endloop
  endfacet
  facet normal 0 1 0
    outer loop
      vertex -30.8 -2.4713875622099373 150.91046253317504
      vertex -5.699491989648719 -2.4713875622099373 150.91046253317504
      vertex -5.733037588210993 -2.4713875622099373 150.88609022919215
    endloop
  endfacet
  facet normal -1 0 0
    outer loop
      vertex 4 -0.8533054085163201 154.09529171528524
      vertex 4 -0.8695727992449228 152.02016188423244
      vertex 4 -1.119992260757284 156.17379972769356
    endloop
  endfacet
  facet normal -1 0 0
    outer loop
      vertex 4 -1.119992260757284 156.17379972769356
      vertex 4 -0.8695727992449228 152.02016188423244
      vertex 4 -0.8701049081112872 149.9285389818569
    endloop
  endfacet
  facet normal -1 0 0
    outer loop
      vertex 4 -0.8548933434407241 147.85340915080405
      vertex 4 -1.119992260757284 156.17379972769356
      vertex 4 -0.8701049081112872 149.9285389818569
    endloop
  endfacet
  facet normal 0 0.30901699437495095 0.9510565162951525
    outer loop
      vertex 4 8.393996636109605 135.95554416363484
      vertex -20.55599354251186 8.393996636109605 135.95554416363484
      vertex -15.014225062392068 6.662193986072171 136.51824095462035
    endloop
  endfacet
  facet normal -1 0 0
    outer loop
      vertex 4 -1.119992260757284 156.17379972769356
      vertex 4 -1.119992260757284 143.82620027230644
      vertex 4 -1.790319486279726 154.48074641843675
    endloop
  endfacet
  facet normal -1 0 0
    outer loop
      vertex 4 -1.790319486279726 154.48074641843675
      vertex 4 -1.790319486279726 145.51925358156325
      vertex 4 -2.2431651355659845 152.717029061493
    endloop
  endfacet
  facet normal -1 0 0
    outer loop
      vertex 4 -2.2431651355659845 152.717029061493
      vertex 4 -2.2431651355659845 147.282970938507
      vertex 4 -2.4713875622099373 150.91046253317504
    endloop
  endfacet
  facet normal 0 0.9921147013144778 -0.12533323356430412
    outer loop
      vertex 4 -2.2431651355659845 152.717029061493
      vertex 4 -2.4713875622099373 150.91046253317504
      vertex -4.300508010351269 -2.4713875622099373 150.91046253317504
    endloop
  endfacet
  facet normal 1.5566968764953352e-16 0.9921147013144781 -0.125333233564302
    outer loop
      vertex -5.616200814225846 -2.463742792786042 150.97097711432733
      vertex -5.699491989648719 -2.4713875622099373 150.91046253317504
      vertex -30.8 -2.2431651355659845 152.717029061493
    endloop
  endfacet
  facet normal -1.18626053339187e-16 0.9921147013144777 -0.1253332335643059
    outer loop
      vertex -5.489646185299834 -2.454953553114265 151.0405511103359
      vertex -5.616200814225846 -2.463742792786042 150.97097711432733
      vertex -30.8 -2.2431651355659845 152.717029061493
    endloop
  endfacet
  facet normal 0 1 0
    outer loop
      vertex -3.8590680934883506 -2.4713875622099373 150.14413321859894
      vertex 4 -2.4713875622099373 150.91046253317504
      vertex 4 -2.4713875622099373 149.08953746682496
    endloop
  endfacet
  facet normal -1.8298395505296685e-16 0.9921147013144775 -0.12533323356430687
    outer loop
      vertex -5.355369543531189 -2.448237392768116 151.09371499373944
      vertex -5.489646185299834 -2.454953553114265 151.0405511103359
      vertex -30.8 -2.2431651355659845 152.717029061493
    endloop
  endfacet
  facet normal 0 -0.9685831611286314 0.24868988716485366
    outer loop
      vertex -47 26.243165135565988 147.282970938507
      vertex -47 25.790319486279728 145.51925358156325
      vertex 4 25.790319486279728 145.51925358156325
    endloop
  endfacet
  facet normal 0 0.18738131458567886 -0.9822872507286975
    outer loop
      vertex -34.773123284060745 9.81820859076147 164.31613879683667
      vertex -35.27475878165055 10.182668113317591 164.38566316905994
      vertex 4 10.182668113317591 164.38566316905994
    endloop
  endfacet
  facet normal -1 0 0
    outer loop
      vertex 4 12 135.5
      vertex 4 10.182668113317591 164.38566316905994
      vertex 4 12 164.5
    endloop
  endfacet
  facet normal -1 0 0
    outer loop
      vertex 4 10.182668113317591 164.38566316905994
      vertex 4 10.182668113317591 135.61433683094006
      vertex 4 8.39399663610961 164.04445583636516
    endloop
  endfacet
  facet normal 2.4284217021490097e-18 -0.9921147013144781 0.12533323356430223
    outer loop
      vertex -47 26.471387562209937 149.08953746682496
      vertex -47 26.243165135565988 147.282970938507
      vertex -9.339566987447492 26.31974717304101 147.88918018624497
    endloop
  endfacet
  facet normal 0 -1 0
    outer loop
      vertex -47 26.471387562209937 150.91046253317504
      vertex -47 26.471387562209937 149.08953746682496
      vertex -10.421457902821578 26.471387562209937 149.37827528208786
    endloop
  endfacet
  facet normal 0 -0.06279051952930799 0.9980267284282719
    outer loop
      vertex -47 13.817331886682409 135.61433683094006
      vertex -47 12 135.5
      vertex 4 13.817331886682409 135.61433683094006
    endloop
  endfacet
  facet normal 0 -0.18738131458572527 0.9822872507286885
    outer loop
      vertex -47 15.606003363890395 135.95554416363484
      vertex -47 13.817331886682409 135.61433683094006
      vertex 4 15.606003363890395 135.95554416363484
    endloop
  endfacet
  facet normal 0 -0.30901699437495106 0.9510565162951523
    outer loop
      vertex -47 17.33780601392783 136.51824095462035
      vertex -47 15.606003363890395 135.95554416363484
      vertex 4 17.33780601392783 136.51824095462035
    endloop
  endfacet
  facet normal 0 -0.42577929156507305 0.9048270524660194
    outer loop
      vertex -47 18.985428274474874 137.29355313936398
      vertex -47 17.33780601392783 136.51824095462035
      vertex 4 18.985428274474874 137.29355313936398
    endloop
  endfacet
  facet normal 0 -0.5358267949789917 0.8443279255020183
    outer loop
      vertex -47 20.52288615824086 138.26925358156325
      vertex -47 18.985428274474874 137.29355313936398
      vertex 4 20.52288615824086 138.26925358156325
    endloop
  endfacet
  facet normal 0 -0.6374239897486967 0.7705132427757834
    outer loop
      vertex -47 21.925933035965983 139.42995490238954
      vertex -47 20.52288615824086 138.26925358156325
      vertex 4 21.925933035965983 139.42995490238954
    endloop
  endfacet
  facet normal 0 -0.72896862742141 0.6845471059286905
    outer loop
      vertex -47 23.172442020248944 140.757352148644
      vertex -47 21.925933035965983 139.42995490238954
      vertex 4 21.925933035965983 139.42995490238954
    endloop
  endfacet
  facet normal 0 -0.8090169943749479 0.5877852522924726
    outer loop
      vertex -47 24.242754919779216 142.23051147280455
      vertex -47 23.172442020248944 140.757352148644
      vertex 4 23.172442020248944 140.757352148644
    endloop
  endfacet
  facet normal 0 -0.8763066800438617 0.48175367410171865
    outer loop
      vertex -47 25.119992260757282 143.82620027230644
      vertex -47 24.242754919779216 142.23051147280455
      vertex 4 24.242754919779216 142.23051147280455
    endloop
  endfacet
  facet normal 0 -0.9297764858882508 0.36812455268467975
    outer loop
      vertex -47 25.790319486279728 145.51925358156325
      vertex -47 25.119992260757282 143.82620027230644
      vertex 4 25.119992260757282 143.82620027230644
    endloop
  endfacet
  facet normal -3.4494945633732327e-16 0.06279051952930442 -0.9980267284282722
    outer loop
      vertex -35.60622028117223 10.423488989116523 164.40081433432857
      vertex -36.5086098091664 10.91958183022136 164.4320258503536
      vertex 4 10.182668113317591 164.38566316905994
    endloop
  endfacet
  facet normal 9.863329388670931e-17 -0.9921147013144789 0.12533323356429635
    outer loop
      vertex -9.339566987447492 26.31974717304101 147.88918018624497
      vertex -47 26.243165135565988 147.282970938507
      vertex -9.064448228912681 26.30064013027627 147.73793236883495
    endloop
  endfacet
  facet normal -6.486555433114084e-16 -0.9921147013144711 0.12533323356435772
    outer loop
      vertex -9.064448228912681 26.30064013027627 147.73793236883495
      vertex -47 26.243165135565988 147.282970938507
      vertex -8.772542485937368 26.28603978169769 147.62235870926213
    endloop
  endfacet
  facet normal 2.7965247863291684e-16 -0.9921147013144841 0.12533323356425477
    outer loop
      vertex -8.772542485937368 26.28603978169769 147.62235870926213
      vertex -47 26.243165135565988 147.282970938507
      vertex -8.468453286464312 26.27617638352418 147.54428187317828
    endloop
  endfacet
  facet normal 0 -0.992114701314479 0.12533323356429532
    outer loop
      vertex -8.468453286464312 26.27617638352418 147.54428187317828
      vertex -47 26.243165135565988 147.282970938507
      vertex -6.720379855302308 26.243165135565988 147.282970938507
    endloop
  endfacet
  facet normal -2.7336591224104205e-16 -0.9921147013144793 0.12533323356429274
    outer loop
      vertex -47 26.471387562209937 149.08953746682496
      vertex -9.593559974371724 26.343059580513508 148.07371689306052
      vertex -9.82242156855353 26.370209702101775 148.28863223517828
    endloop
  endfacet
  facet normal -1.092998115649607e-16 -0.9921147013144785 0.12533323356429876
    outer loop
      vertex -9.593559974371724 26.343059580513508 148.07371689306052
      vertex -47 26.471387562209937 149.08953746682496
      vertex -9.339566987447492 26.31974717304101 147.88918018624497
    endloop
  endfacet
  facet normal 3.3979969580203323e-16 -0.9921147013144758 0.12533323356432086
    outer loop
      vertex -47 26.471387562209937 149.08953746682496
      vertex -9.82242156855353 26.370209702101775 148.28863223517828
      vertex -10.022542485937368 26.40076936416967 148.53053686926881
    endloop
  endfacet
  facet normal 1.6061817475026063e-16 -0.9921147013144772 0.12533323356430912
    outer loop
      vertex -47 26.471387562209937 149.08953746682496
      vertex -10.022542485937368 26.40076936416967 148.53053686926881
      vertex -10.19076670010966 26.434256622590915 148.7956158147457
    endloop
  endfacet
  facet normal 0 -0.9921147013144402 0.12533323356460124
    outer loop
      vertex -47 26.471387562209937 149.08953746682496
      vertex -10.324441214720629 26.47014336329589 149.07968861828832
      vertex -10.327641299595403 26.471387562209937 149.08953746682496
    endloop
  endfacet
  facet normal 0 -1 0
    outer loop
      vertex -10.421457902821578 26.471387562209937 149.37827528208786
      vertex -47 26.471387562209937 149.08953746682496
      vertex -10.327641299595403 26.471387562209937 149.08953746682496
    endloop
  endfacet
  facet normal -8.805263821759627e-17 -0.9921147013144812 0.1253332335642785
    outer loop
      vertex -10.324441214720629 26.47014336329589 149.07968861828832
      vertex -47 26.471387562209937 149.08953746682496
      vertex -10.19076670010966 26.434256622590915 148.7956158147457
    endloop
  endfacet
  facet normal 0 -1 0
    outer loop
      vertex -47 26.471387562209937 150.91046253317504
      vertex -10.421457902821578 26.471387562209937 149.37827528208786
      vertex -10.480286753286194 26.471387562209937 149.68666691608925
    endloop
  endfacet
  facet normal -1 0 0
    outer loop
      vertex 4 8.39399663610961 164.04445583636516
      vertex 4 8.393996636109605 135.95554416363484
      vertex 4 8.269058926444286 155.53504638258246
    endloop
  endfacet
  facet normal -1 0 0
    outer loop
      vertex 4 8.262155883859647 155.31538800588834
      vertex 4 8.227776779197065 144.9016731182482
      vertex 4 8.227776779197065 155.0983268817518
    endloop
  endfacet
  facet normal -1 0 0
    outer loop
      vertex 4 7.96731345078474 145.50356835704548
      vertex 4 7.832616817657562 145.67721821012066
      vertex 4 7.96731345078474 154.49643164295452
    endloop
  endfacet
  facet normal -1 0 0
    outer loop
      vertex 4 4.512917523001901 158.54083246223874
      vertex 4 3.47711384175914 161.73074641843675
      vertex 4 4.723958210987213 158.60214544996165
    endloop
  endfacet
  facet normal -1 0 0
    outer loop
      vertex 4 4.311225508886954 158.4535525338985
      vertex 4 3.47711384175914 161.73074641843675
      vertex 4 4.512917523001901 158.54083246223874
    endloop
  endfacet
  facet normal -1 0 0
    outer loop
      vertex 4 4.122062972189933 158.34168212154933
      vertex 4 3.47711384175914 161.73074641843675
      vertex 4 4.311225508886954 158.4535525338985
    endloop
  endfacet
  facet normal -1 0 0
    outer loop
      vertex 4 3.94841311911477 158.20698548842213
      vertex 4 3.47711384175914 161.73074641843675
      vertex 4 4.122062972189933 158.34168212154933
    endloop
  endfacet
  facet normal 3.775035178222767e-15 0.8090169943749745 0.587785252292436
    outer loop
      vertex -12.696635975219815 0.8275579797510542 140.757352148644
      vertex 2.4627993945378877 0.000545016701932464 141.89563783898012
      vertex 2.444560437143526 0.1258343800001551 141.7231918245091
    endloop
  endfacet
  facet normal -2.3757477645958926e-15 0.8090169943749284 0.5877852522924993
    outer loop
      vertex -12.696635975219815 0.8275579797510542 140.757352148644
      vertex 2.444560437143526 0.1258343800001551 141.7231918245091
      vertex 2.442092077120208 0.2511237432983778 141.55074581003808
    endloop
  endfacet
  facet normal -4.230421822758315e-16 0.809016994374936 0.5877852522924889
    outer loop
      vertex 2.4843735335835238 0.49383007841675014 141.21668919839732
      vertex -12.696635975219815 0.8275579797510542 140.757352148644
      vertex 2.455433241980028 0.37443721849315 141.3810193722295
    endloop
  endfacet
  facet normal -1 0 0
    outer loop
      vertex 4 8.16646379147415 145.11271380623353
      vertex 4 8.0791838631339 145.31440582034847
      vertex 4 8.16646379147415 154.88728619376647
    endloop
  endfacet
  facet normal -1 0 0
    outer loop
      vertex 4 8.262155883859647 155.31538800588834
      vertex 4 8.269058926444286 144.46495361741754
      vertex 4 8.262155883859647 144.68461199411166
    endloop
  endfacet
  facet normal -1 0 0
    outer loop
      vertex 4 8.262155883859647 155.31538800588834
      vertex 4 8.262155883859647 144.68461199411166
      vertex 4 8.227776779197065 144.9016731182482
    endloop
  endfacet
  facet normal -1 0 0
    outer loop
      vertex 4 8.227776779197065 144.9016731182482
      vertex 4 8.16646379147415 145.11271380623353
      vertex 4 8.227776779197065 155.0983268817518
    endloop
  endfacet
  facet normal 3.128450038808042e-15 0.06279051952939535 -0.9980267284282663
    outer loop
      vertex -47 12 164.5
      vertex 4 10.182668113317591 164.38566316905994
      vertex -39.48511773985963 11.683819173111827 164.48010758848434
    endloop
  endfacet
  facet normal 2.585680789628185e-16 0.5358267949789952 -0.8443279255020161
    outer loop
      vertex 4 3.47711384175914 161.73074641843675
      vertex -31.799999999999997 3.5 161.74527041610304
      vertex -31.86465944922128 4.527732515227295 162.39748930297986
    endloop
  endfacet
  facet normal 2.699434694994375e-16 0.5358267949789953 -0.8443279255020159
    outer loop
      vertex 4 3.47711384175914 161.73074641843675
      vertex -31.86465944922128 4.527732515227295 162.39748930297986
      vertex -31.957528995425623 5.014571725525127 162.70644686063602
    endloop
  endfacet
  facet normal -1 0 0
    outer loop
      vertex 4 8.227776779197065 155.0983268817518
      vertex 4 8.16646379147415 145.11271380623353
      vertex 4 8.16646379147415 154.88728619376647
    endloop
  endfacet
  facet normal -1 0 0
    outer loop
      vertex 4 8.0791838631339 145.31440582034847
      vertex 4 7.96731345078474 145.50356835704548
      vertex 4 8.0791838631339 154.68559417965153
    endloop
  endfacet
  facet normal 0 0.42577929156508926 -0.9048270524660118
    outer loop
      vertex -32.05761807874523 5.539257074751809 162.95334504485749
      vertex 4 5.014571725525127 162.70644686063602
      vertex -31.957528995425623 5.014571725525127 162.70644686063602
    endloop
  endfacet
  facet normal -3.0296928591853943e-16 0.42577929156507227 -0.9048270524660197
    outer loop
      vertex 4 5.014571725525127 162.70644686063602
      vertex -32.05761807874523 5.539257074751809 162.95334504485749
      vertex -32.375832815716336 6.518621332014359 163.4141988826212
    endloop
  endfacet
  facet normal 0 0.4257792915650397 -0.904827052466035
    outer loop
      vertex -32.375832815716336 6.518621332014359 163.4141988826212
      vertex -32.44339297847478 6.662193986072164 163.48175904537965
      vertex 4 6.662193986072164 163.48175904537965
    endloop
  endfacet
  facet normal 0 0.3090169943749587 -0.9510565162951499
    outer loop
      vertex 4 6.662193986072164 163.48175904537965
      vertex -32.44339297847478 6.662193986072164 163.48175904537965
      vertex -32.81428522364032 7.450380127634065 163.73785624707094
    endloop
  endfacet
  facet normal -5.442686804666067e-16 0.30901699437493585 -0.9510565162951573
    outer loop
      vertex -32.81428522364032 7.450380127634065 163.73785624707094
      vertex -33.36606064612543 8.319839068798279 164.020360582121
      vertex 4 6.662193986072164 163.48175904537965
    endloop
  endfacet
  facet normal -1 0 0
    outer loop
      vertex 4 8.393996636109605 135.95554416363484
      vertex 4 8.262155883859647 155.31538800588834
      vertex 4 8.269058926444286 155.53504638258246
    endloop
  endfacet
  facet normal -6.026842720705202e-16 0.06279051952929031 -0.998026728428273
    outer loop
      vertex -36.5086098091664 10.91958183022136 164.4320258503536
      vertex -37.466060646125435 11.29866343362026 164.4558756432934
      vertex 4 10.182668113317591 164.38566316905994
    endloop
  endfacet
  facet normal 2.737849105900342e-16 0.06279051952931305 -0.9980267284282717
    outer loop
      vertex -38.463473220397056 11.554755455975247 164.47198758766618
      vertex -39.48511773985963 11.683819173111827 164.48010758848434
      vertex 4 10.182668113317591 164.38566316905994
    endloop
  endfacet
  facet normal -1.2905501107752698e-15 0.06279051952926484 -0.9980267284282746
    outer loop
      vertex -37.466060646125435 11.29866343362026 164.4558756432934
      vertex -38.463473220397056 11.554755455975247 164.47198758766618
      vertex 4 10.182668113317591 164.38566316905994
    endloop
  endfacet
  facet normal 6.514172537482194e-16 0.18738131458575494 -0.9822872507286831
    outer loop
      vertex -34.022457255144424 9.113286268615248 164.18166767211565
      vertex -34.773123284060745 9.81820859076147 164.31613879683667
      vertex 4 8.39399663610961 164.04445583636516
    endloop
  endfacet
  facet normal 0 0.3090169943749943 -0.9510565162951383
    outer loop
      vertex -33.36606064612543 8.319839068798279 164.020360582121
      vertex -33.42740912114366 8.39399663610961 164.04445583636516
      vertex 4 8.39399663610961 164.04445583636516
    endloop
  endfacet
  facet normal 0 0.18738131458572171 -0.9822872507286892
    outer loop
      vertex 4 8.39399663610961 164.04445583636516
      vertex -33.42740912114366 8.39399663610961 164.04445583636516
      vertex -34.022457255144424 9.113286268615248 164.18166767211565
    endloop
  endfacet
  facet normal 0 0.06279051952936092 -0.9980267284282687
    outer loop
      vertex -35.27475878165055 10.182668113317591 164.38566316905994
      vertex -35.60622028117223 10.423488989116523 164.40081433432857
      vertex 4 10.182668113317591 164.38566316905994
    endloop
  endfacet
  facet normal -1 0 0
    outer loop
      vertex 4 6.031688010235605 146.2004363957389
      vertex 4 5.629099968241106 153.97377900693886
      vertex 4 5.824913637193392 153.8740069592488
    endloop
  endfacet
  facet normal -4.523137238814905e-15 0.7289686274213766 0.6845471059287258
    outer loop
      vertex -8.542062745157176 1.630905788142623 139.90187362254503
      vertex -8.72515202050262 1.458973514448422 140.08496289789045
      vertex 2.744766187973784 0.8960833490584775 140.6843800420133
    endloop
  endfacet
  facet normal 4.952405263574495e-15 0.7289686274214447 0.6845471059286533
    outer loop
      vertex -8.381966011250105 1.8244294954150537 139.6957918057612
      vertex -8.542062745157176 1.630905788142623 139.90187362254503
      vertex 2.744766187973784 0.8960833490584775 140.6843800420133
    endloop
  endfacet
  facet normal 7.515186779248769e-16 0.728968627421427 0.6845471059286722
    outer loop
      vertex -8.72515202050262 1.458973514448422 140.08496289789045
      vertex -8.928346410042007 1.3113441489959694 140.2421722045531
      vertex 2.744766187973784 0.8960833490584775 140.6843800420133
    endloop
  endfacet
  facet normal 3.1121859252524518e-15 0.7289686274214854 0.6845471059286099
    outer loop
      vertex -9.148441416869854 1.1903458950679608 140.37102225785458
      vertex -9.381966011250105 1.0978869674096927 140.46948101548307
      vertex 2.744766187973784 0.8960833490584775 140.6843800420133
    endloop
  endfacet
  facet normal -1 0 0
    outer loop
      vertex 4 7.96731345078474 154.49643164295452
      vertex 4 7.832616817657562 145.67721821012066
      vertex 4 7.832616817657562 154.32278178987934
    endloop
  endfacet
  facet normal -1 0 0
    outer loop
      vertex 4 7.832616817657562 154.32278178987934
      vertex 4 7.677218210120647 145.83261681765757
      vertex 4 7.677218210120647 154.16738318234243
    endloop
  endfacet
  facet normal -1 0 0
    outer loop
      vertex 4 7.677218210120647 145.83261681765757
      vertex 4 7.503568357045484 154.03268654921527
      vertex 4 7.677218210120647 154.16738318234243
    endloop
  endfacet
  facet normal -1 0 0
    outer loop
      vertex 4 7.677218210120647 145.83261681765757
      vertex 4 7.314405820348464 153.9208161368661
      vertex 4 7.503568357045484 154.03268654921527
    endloop
  endfacet
  facet normal -1 0 0
    outer loop
      vertex 4 7.314405820348464 153.9208161368661
      vertex 4 7.112713806233517 146.16646379147414
      vertex 4 7.112713806233517 153.83353620852586
    endloop
  endfacet
  facet normal -1 0 0
    outer loop
      vertex 4 7.112713806233517 153.83353620852586
      vertex 4 6.901673118248205 146.22777677919706
      vertex 4 6.9016731182482065 153.77222322080294
    endloop
  endfacet
  facet normal -1 0 0
    outer loop
      vertex 4 6.9016731182482065 153.77222322080294
      vertex 4 6.684611994111657 146.26215588385963
      vertex 4 6.6846119941116555 153.73784411614037
    endloop
  endfacet
  facet normal -1 0 0
    outer loop
      vertex 4 6.6846119941116555 153.73784411614037
      vertex 4 6.464953617417532 146.26905892644427
      vertex 4 6.464953617417532 153.73094107355573
    endloop
  endfacet
  facet normal -1 0 0
    outer loop
      vertex 4 6.464953617417532 153.73094107355573
      vertex 4 6.246162131983852 146.24837704184574
      vertex 4 6.246162131983852 153.75162295815426
    endloop
  endfacet
  facet normal -1 0 0
    outer loop
      vertex 4 6.246162131983852 153.75162295815426
      vertex 4 6.031688010235605 146.2004363957389
      vertex 4 6.031688010235605 153.7995636042611
    endloop
  endfacet
  facet normal -1 0 0
    outer loop
      vertex 4 6.031688010235605 146.2004363957389
      vertex 4 5.824913637193392 153.8740069592488
      vertex 4 6.031688010235605 153.7995636042611
    endloop
  endfacet
  facet normal 3.777229138157813e-15 0.8090169943749845 0.5877852522924221
    outer loop
      vertex -12.696635975219815 0.8275579797510542 140.757352148644
      vertex 2.442092077120208 0.2511237432983778 141.55074581003808
      vertex 2.455433241980028 0.37443721849315 141.3810193722295
    endloop
  endfacet
  facet normal -1 0 0
    outer loop
      vertex 4 5.629099968241106 153.97377900693886
      vertex 4 5.82491363719339 146.1259930407512
      vertex 4 5.447335101911547 154.09730628253828
    endloop
  endfacet
  facet normal -1 0 0
    outer loop
      vertex 4 5.447335101911547 154.09730628253828
      vertex 4 5.447335101911547 145.90269371746172
      vertex 4 5.282485578727798 154.2426406871193
    endloop
  endfacet
  facet normal -2.0851921899395852e-17 0.8090169943749489 0.5877852522924712
    outer loop
      vertex -12.696635975219815 0.8275579797510542 140.757352148644
      vertex -25.874418960941373 0.003946543143456438 141.890956039484
      vertex 2.49652131004976 -0.12276845849283982 142.06536427678867
    endloop
  endfacet
  facet normal -1 0 0
    outer loop
      vertex 4 5.282485578727798 154.2426406871193
      vertex 4 3.8682720163547035 144.34314575050763
      vertex 4 3.8682720163547035 155.65685424949237
    endloop
  endfacet
  facet normal -1 0 0
    outer loop
      vertex 4 3.7229376117737036 155.82170377267613
      vertex 4 3.8682720163547035 155.65685424949237
      vertex 4 3.8682720163547035 144.34314575050763
    endloop
  endfacet
  facet normal 0 0.7289686274214328 0.6845471059286661
    outer loop
      vertex -9.874418960941373 1.0039465431434569 140.5695174067608
      vertex -12.696635975219815 0.8275579797510542 140.757352148644
      vertex 2.6761555578623812 0.8275579797510542 140.757352148644
    endloop
  endfacet
  facet normal -1.639321747992672e-15 0.7289686274213955 0.6845471059287059
    outer loop
      vertex -8.928346410042007 1.3113441489959694 140.2421722045531
      vertex -9.148441416869854 1.1903458950679608 140.37102225785458
      vertex 2.744766187973784 0.8960833490584775 140.6843800420133
    endloop
  endfacet
  facet normal -1.927275520655822e-15 0.7289686274213436 0.684547105928761
    outer loop
      vertex -9.381966011250105 1.0978869674096927 140.46948101548307
      vertex -9.62523737082855 1.0354254985426228 140.5359957240143
      vertex 2.744766187973784 0.8960833490584775 140.6843800420133
    endloop
  endfacet
  facet normal -1 0 0
    outer loop
      vertex 4 3.363475445375771 142.94101933512377
      vertex 4 3.47711384175914 138.26925358156325
      vertex 4 3.35657240279113 143.1606777118179
    endloop
  endfacet
  facet normal -1 0 0
    outer loop
      vertex 4 3.3978545500383532 142.7239582109872
      vertex 4 3.47711384175914 138.26925358156325
      vertex 4 3.363475445375771 142.94101933512377
    endloop
  endfacet
  facet normal -1 0 0
    outer loop
      vertex 4 3.793014511577857 141.94841311911478
      vertex 4 3.47711384175914 138.26925358156325
      vertex 4 3.658317878450678 142.12206297218992
    endloop
  endfacet
  facet normal -1 0 0
    outer loop
      vertex 4 3.47711384175914 138.26925358156325
      vertex 4 3.546447466101517 142.31122550888696
      vertex 4 3.658317878450678 142.12206297218992
    endloop
  endfacet
  facet normal -1 0 0
    outer loop
      vertex 4 3.4591675377612656 142.5129175230019
      vertex 4 3.47711384175914 138.26925358156325
      vertex 4 3.3978545500383532 142.7239582109872
    endloop
  endfacet
  facet normal 2.5646181640862144e-17 0.9297764858882512 0.36812455268467853
    outer loop
      vertex -30.8 -1.790319486279726 145.51925358156325
      vertex 4 -1.119992260757284 143.82620027230644
      vertex -30.8 -1.1492116399928118 143.9
    endloop
  endfacet
  facet normal -5.600373592301649e-16 -0.9921147013144759 -0.12533323356432013
    outer loop
      vertex -47 26.243165135565988 152.717029061493
      vertex -10.022542485937368 26.40076936416967 151.46946313073119
      vertex -9.82242156855353 26.370209702101775 151.71136776482172
    endloop
  endfacet
  facet normal -1 0 0
    outer loop
      vertex 4 8.16646379147415 154.88728619376647
      vertex 4 8.0791838631339 145.31440582034847
      vertex 4 8.0791838631339 154.68559417965153
    endloop
  endfacet
  facet normal -1 0 0
    outer loop
      vertex 4 8.0791838631339 154.68559417965153
      vertex 4 7.96731345078474 145.50356835704548
      vertex 4 7.96731345078474 154.49643164295452
    endloop
  endfacet
  facet normal 0 -0.9921147013144782 -0.12533323356430226
    outer loop
      vertex -47 26.243165135565988 152.717029061493
      vertex -47 26.471387562209937 150.91046253317504
      vertex -10.327641299595403 26.471387562209937 150.91046253317504
    endloop
  endfacet
  facet normal 0 -0.9685831611286314 -0.2486898871648536
    outer loop
      vertex -47 25.790319486279728 154.48074641843675
      vertex -47 26.243165135565988 152.717029061493
      vertex -6.720379855302308 26.243165135565988 152.717029061493
    endloop
  endfacet
  facet normal 0 -0.06279051952930786 -0.9980267284282719
    outer loop
      vertex -47 12 164.5
      vertex -47 13.817331886682412 164.38566316905994
      vertex 4 12 164.5
    endloop
  endfacet
  facet normal 0 -0.18738131458572563 -0.9822872507286885
    outer loop
      vertex -47 13.817331886682412 164.38566316905994
      vertex -47 15.606003363890395 164.04445583636516
      vertex 4 13.817331886682412 164.38566316905994
    endloop
  endfacet
  facet normal 0 -0.3090169943749505 -0.9510565162951525
    outer loop
      vertex -47 15.606003363890395 164.04445583636516
      vertex -47 17.337806013927832 163.48175904537965
      vertex 4 15.606003363890395 164.04445583636516
    endloop
  endfacet
  facet normal 0 -0.4257792915650745 -0.9048270524660186
    outer loop
      vertex -47 17.337806013927832 163.48175904537965
      vertex -47 18.98542827447487 162.70644686063602
      vertex 4 17.337806013927832 163.48175904537965
    endloop
  endfacet
  facet normal 0 -0.5358267949789908 -0.8443279255020189
    outer loop
      vertex -47 18.98542827447487 162.70644686063602
      vertex -47 20.52288615824086 161.73074641843675
      vertex 4 18.98542827447487 162.70644686063602
    endloop
  endfacet
  facet normal 0 -0.9297764858882508 -0.36812455268467975
    outer loop
      vertex -47 25.119992260757282 156.17379972769356
      vertex -47 25.790319486279728 154.48074641843675
      vertex 4 25.790319486279728 154.48074641843675
    endloop
  endfacet
  facet normal 0 -0.8763066800438617 -0.48175367410171865
    outer loop
      vertex -47 24.242754919779216 157.76948852719545
      vertex -47 25.119992260757282 156.17379972769356
      vertex 4 25.119992260757282 156.17379972769356
    endloop
  endfacet
  facet normal -1.470779230558749e-14 -0.9921147013144411 -0.12533323356459458
    outer loop
      vertex -47 26.243165135565988 152.717029061493
      vertex -10.327641299595403 26.471387562209937 150.91046253317504
      vertex -10.324441214720629 26.47014336329589 150.92031138171168
    endloop
  endfacet
  facet normal 1.0747341418291196e-15 -0.9921147013144811 -0.12533323356427895
    outer loop
      vertex -47 26.243165135565988 152.717029061493
      vertex -10.324441214720629 26.47014336329589 150.92031138171168
      vertex -10.19076670010966 26.434256622590915 151.2043841852543
    endloop
  endfacet
  facet normal -1.7602697577041226e-16 -0.9921147013144772 -0.12533323356430887
    outer loop
      vertex -47 26.243165135565988 152.717029061493
      vertex -10.19076670010966 26.434256622590915 151.2043841852543
      vertex -10.022542485937368 26.40076936416967 151.46946313073119
    endloop
  endfacet
  facet normal -1 0 0
    outer loop
      vertex 4 4.723958210987213 158.60214544996165
      vertex 4 3.47711384175914 161.73074641843675
      vertex 4 4.941019335123761 158.63652455462423
    endloop
  endfacet
  facet normal 6.080047014712047e-16 -0.9921147013144811 -0.12533323356427764
    outer loop
      vertex -47 26.243165135565988 152.717029061493
      vertex -9.82242156855353 26.370209702101775 151.71136776482172
      vertex -9.593559974371724 26.34305958051351 151.92628310693948
    endloop
  endfacet
  facet normal -2.451815150463854e-16 -0.9921147013144762 -0.12533323356431736
    outer loop
      vertex -47 26.243165135565988 152.717029061493
      vertex -9.593559974371724 26.34305958051351 151.92628310693948
      vertex -9.339566987447492 26.31974717304101 152.11081981375503
    endloop
  endfacet
  facet normal 9.863329388670929e-17 -0.9921147013144789 -0.12533323356429632
    outer loop
      vertex -47 26.243165135565988 152.717029061493
      vertex -9.339566987447492 26.31974717304101 152.11081981375503
      vertex -9.064448228912681 26.30064013027627 152.26206763116505
    endloop
  endfacet
  facet normal -6.484650424176309e-16 -0.9921147013144711 -0.12533323356435772
    outer loop
      vertex -47 26.243165135565988 152.717029061493
      vertex -9.064448228912681 26.30064013027627 152.26206763116505
      vertex -8.772542485937368 26.28603978169769 152.37764129073787
    endloop
  endfacet
  facet normal 2.792344629697885e-16 -0.9921147013144841 -0.12533323356425477
    outer loop
      vertex -47 26.243165135565988 152.717029061493
      vertex -8.772542485937368 26.28603978169769 152.37764129073787
      vertex -8.468453286464312 26.27617638352418 152.45571812682172
    endloop
  endfacet
  facet normal 0 -0.992114701314479 -0.12533323356429535
    outer loop
      vertex -6.720379855302308 26.243165135565988 152.717029061493
      vertex -47 26.243165135565988 152.717029061493
      vertex -8.468453286464312 26.27617638352418 152.45571812682172
    endloop
  endfacet
  facet normal 0 -1 0
    outer loop
      vertex -47 26.471387562209937 150.91046253317504
      vertex -10.480286753286194 26.471387562209937 149.68666691608925
      vertex -10.5 26.471387562209937 150
    endloop
  endfacet
  facet normal 0 -1 0
    outer loop
      vertex -47 26.471387562209937 150.91046253317504
      vertex -10.5 26.471387562209937 150
      vertex -10.480286753286194 26.471387562209937 150.31333308391075
    endloop
  endfacet
  facet normal 0 -1 0
    outer loop
      vertex -47 26.471387562209937 150.91046253317504
      vertex -10.480286753286194 26.471387562209937 150.31333308391075
      vertex -10.421457902821578 26.471387562209937 150.62172471791214
    endloop
  endfacet
  facet normal 0 -1 0
    outer loop
      vertex -10.327641299595403 26.471387562209937 150.91046253317504
      vertex -47 26.471387562209937 150.91046253317504
      vertex -10.421457902821578 26.471387562209937 150.62172471791214
    endloop
  endfacet
  facet normal 0 -0.6374239897486959 -0.7705132427757843
    outer loop
      vertex -47 20.52288615824086 161.73074641843675
      vertex -47 21.925933035965986 160.57004509761046
      vertex 4 20.52288615824086 161.73074641843675
    endloop
  endfacet
  facet normal 0 -0.7289686274214109 -0.6845471059286894
    outer loop
      vertex -47 21.925933035965986 160.57004509761046
      vertex -47 23.172442020248944 159.242647851356
      vertex 4 23.172442020248944 159.242647851356
    endloop
  endfacet
  facet normal 0 -0.8090169943749479 -0.5877852522924726
    outer loop
      vertex -47 23.172442020248944 159.242647851356
      vertex -47 24.242754919779216 157.76948852719545
      vertex 4 24.242754919779216 157.76948852719545
    endloop
  endfacet
  facet normal 2.3686591981578728e-15 0.8090169943749799 0.5877852522924285
    outer loop
      vertex 2.4843735335835238 0.49383007841675014 141.21668919839732
      vertex 2.5284565462440094 0.6074194263463463 141.0603468735489
      vertex -12.696635975219815 0.8275579797510542 140.757352148644
    endloop
  endfacet
  facet normal -1 0 0
    outer loop
      vertex 4 26.333746971232195 152
      vertex 4 22 152
      vertex 4 26.243165135565988 152.717029061493
    endloop
  endfacet
  facet normal 0 0.9297764858882449 0.3681245526846943
    outer loop
      vertex -46.77119413924084 -1.1492116399928143 143.9
      vertex -46.76076599480999 -1.119992260757284 143.82620027230644
      vertex -47 -1.119992260757284 143.82620027230644
    endloop
  endfacet
  facet normal 7.211637065828627e-15 0.9297764858882526 0.3681245526846749
    outer loop
      vertex -47 -1.119992260757284 143.82620027230644
      vertex -47 -1.1492116399928125 143.9
      vertex -46.77119413924084 -1.1492116399928143 143.9
    endloop
  endfacet
  facet normal 0 0.535826794978991 0.8443279255020186
    outer loop
      vertex -8.058967744347429 3.47711384175914 138.26925358156325
      vertex 4 3.47711384175914 138.26925358156325
      vertex 4 5.014571725525127 137.29355313936398
    endloop
  endfacet
  facet normal 0 0.8763066800438648 0.48175367410171294
    outer loop
      vertex -47 -0.7430197890473895 143.14048989185528
      vertex -47 -1.119992260757284 143.82620027230644
      vertex -46.76076599480999 -1.119992260757284 143.82620027230644
    endloop
  endfacet
  facet normal 4.035725922692712e-16 0.8090169943749023 0.5877852522925352
    outer loop
      vertex -32.37583281571634 0.4813786679856378 141.23382709459906
      vertex -27.27484797949738 0.45897351444842105 141.26466514285306
      vertex -27.45793725484282 0.6309057881426234 141.0280206697949
    endloop
  endfacet
  facet normal -5.69135793200703e-16 0.8090169943749553 0.5877852522924623
    outer loop
      vertex -27.071653589957993 0.3113441489959703 141.46785953239245
      vertex -27.27484797949738 0.45897351444842105 141.26466514285306
      vertex -32.71658421694456 -0.24275491977921781 142.23051147280455
    endloop
  endfacet
  facet normal 0 0.7289686274214048 0.6845471059286958
    outer loop
      vertex -32.2633523388954 0.8275579797510542 140.757352148644
      vertex -27.620019385281584 0.8275579797510542 140.757352148644
      vertex -27.75261336008773 1.0364926517965691 140.5348593212218
    endloop
  endfacet
  facet normal 9.069679408691284e-17 0.7289686274214038 0.6845471059286968
    outer loop
      vertex -32.2633523388954 0.8275579797510542 140.757352148644
      vertex -27.75261336008773 1.0364926517965691 140.5348593212218
      vertex -27.859552971776502 1.2637508946306442 140.29285387278125
    endloop
  endfacet
  facet normal -1.381709075892464e-15 0.7289686274214291 0.68454710592867
    outer loop
      vertex -27.937166322257262 1.5026202256702903 140.03848387125328
      vertex -32.05761807874522 1.4607429252481943 140.0830786667676
      vertex -27.859552971776502 1.2637508946306442 140.29285387278125
    endloop
  endfacet
  facet normal -7.368381291750068e-16 0.7289686274213993 0.6845471059287017
    outer loop
      vertex -32.05761807874522 1.4607429252481943 140.0830786667676
      vertex -27.937166322257262 1.5026202256702903 140.03848387125328
      vertex -27.984229402628955 1.749333532871392 139.7757608835153
    endloop
  endfacet
  facet normal -1.7519361985368352e-17 0.8090169943749663 0.5877852522924472
    outer loop
      vertex -27.618033988749893 0.8244294954150533 140.76165813792255
      vertex -32.2633523388954 0.8275579797510542 140.757352148644
      vertex -27.45793725484282 0.6309057881426234 141.0280206697949
    endloop
  endfacet
  facet normal 0 0.8090169943749752 0.5877852522924348
    outer loop
      vertex -27.620019385281584 0.8275579797510542 140.757352148644
      vertex -32.2633523388954 0.8275579797510542 140.757352148644
      vertex -27.618033988749893 0.8244294954150533 140.76165813792255
    endloop
  endfacet
  facet normal 9.278778086560296e-14 0.9297764858882404 0.36812455268470556
    outer loop
      vertex -46.76076599480999 -1.119992260757284 143.82620027230644
      vertex -46.77119413924084 -1.1492116399928143 143.9
      vertex -46.742222812884854 -1.1492116399928172 143.9
    endloop
  endfacet
  facet normal -1 0 0
    outer loop
      vertex 4 26.243165135565988 152.717029061493
      vertex 4 22 152
      vertex 4 25.790319486279728 154.48074641843675
    endloop
  endfacet
  facet normal -6.727181816446469e-15 -0.9921147013144784 -0.1253332335642995
    outer loop
      vertex 3.984229402628956 26.302080432242555 152.2506664671286
      vertex 4 26.243165135565988 152.717029061493
      vertex 3.937166322257262 26.270913293489457 152.49737977432972
    endloop
  endfacet
  facet normal 8.21865969817677e-14 -0.992114701314478 -0.12533323356430248
    outer loop
      vertex 4 26.243165135565988 152.717029061493
      vertex 3.984229402628956 26.302080432242555 152.2506664671286
      vertex 4 26.333746971232195 152
    endloop
  endfacet
  facet normal 0 -0.9685831611285705 -0.24868988716509108
    outer loop
      vertex 3.8657979425943894 26.243165135565988 152.717029061493
      vertex 4 26.243165135565988 152.717029061493
      vertex 3.8595529717765027 26.238230267054185 152.73624910536935
    endloop
  endfacet
  facet normal 0 -0.9921147013144782 -0.1253332335643014
    outer loop
      vertex 4 26.243165135565988 152.717029061493
      vertex 3.8657979425943894 26.243165135565988 152.717029061493
      vertex 3.937166322257262 26.270913293489457 152.49737977432972
    endloop
  endfacet
  facet normal 3.6921566109783455e-15 -0.9685831611286307 -0.24868988716485618
    outer loop
      vertex 2.618033988749895 25.93888728841691 153.9021130325903
      vertex 4 25.790319486279728 154.48074641843675
      vertex 2.374762629171449 25.92284990900738 153.96457450145738
    endloop
  endfacet
  facet normal 2.315750176887292e-15 0.7289686274214224 0.684547105928677
    outer loop
      vertex -31.94062026108093 2.0740669640340172 139.42995490238954
      vertex -27.984229402628955 1.749333532871392 139.7757608835153
      vertex -28 2 139.50882820802698
    endloop
  endfacet
  facet normal 0 0.7289686274213647 0.6845471059287385
    outer loop
      vertex -28 2 139.50882820802698
      vertex -28 2.0740669640340172 139.42995490238954
      vertex -31.94062026108093 2.0740669640340172 139.42995490238954
    endloop
  endfacet
  facet normal -4.259618351241559e-16 0.6374239897486972 0.7705132427757829
    outer loop
      vertex -31.86465944922128 2.4722674847727077 139.10053478271078
      vertex -28 2.0740669640340172 139.42995490238954
      vertex -28 3.47711384175914 138.26925358156325
    endloop
  endfacet
  facet normal 0 -0.8763066800438617 -0.48175367410171865
    outer loop
      vertex 4 24.242754919779216 157.76948852719545
      vertex -47 24.242754919779216 157.76948852719545
      vertex 4 25.119992260757282 156.17379972769356
    endloop
  endfacet
  facet normal 0 -0.9685831611286336 -0.2486898871648453
    outer loop
      vertex 4 25.790319486279728 154.48074641843675
      vertex -47 25.790319486279728 154.48074641843675
      vertex 1.6252373708285508 25.92284990900738 153.96457450145738
    endloop
  endfacet
  facet normal 0 0.6374239897486996 0.770513242775781
    outer loop
      vertex -31.86465944922128 2.4722674847727077 139.10053478271078
      vertex -31.94062026108093 2.0740669640340172 139.42995490238954
      vertex -28 2.0740669640340172 139.42995490238954
    endloop
  endfacet
  facet normal -1 0 0
    outer loop
      vertex 4 16.03268654921526 154.49643164295452
      vertex 4 15.9208161368661 145.31440582034847
      vertex 4 15.9208161368661 154.68559417965153
    endloop
  endfacet
  facet normal -1 0 0
    outer loop
      vertex 4 15.737844116140353 144.68461199411166
      vertex 4 15.730941073555714 144.46495361741754
      vertex 4 15.606003363890395 164.04445583636516
    endloop
  endfacet
  facet normal 0 -0.8090169943749479 -0.5877852522924726
    outer loop
      vertex 4 23.172442020248944 159.242647851356
      vertex -47 23.172442020248944 159.242647851356
      vertex 4 24.242754919779216 157.76948852719545
    endloop
  endfacet
  facet normal 0 -0.7289686274214109 -0.6845471059286894
    outer loop
      vertex 4 21.925933035965986 160.57004509761046
      vertex -47 21.925933035965986 160.57004509761046
      vertex 4 23.172442020248944 159.242647851356
    endloop
  endfacet
  facet normal 0 -0.6374239897486959 -0.7705132427757843
    outer loop
      vertex 4 20.52288615824086 161.73074641843675
      vertex -47 21.925933035965986 160.57004509761046
      vertex 4 21.925933035965986 160.57004509761046
    endloop
  endfacet
  facet normal -1 0 0
    outer loop
      vertex 4 20.62274571261033 156.62053080274845
      vertex 4 20.574805066503487 143.5939433189998
      vertex 4 20.57480506650349 156.4060566810002
    endloop
  endfacet
  facet normal -1 0 0
    outer loop
      vertex 4 21.925933035965983 139.42995490238954
      vertex 4 20.64342759720887 156.8393222881821
      vertex 4 20.52288615824086 161.73074641843675
    endloop
  endfacet
  facet normal -3.005120435881817e-15 0.809016994374941 0.5877852522924819
    outer loop
      vertex -32.2633523388954 0.8275579797510542 140.757352148644
      vertex -32.37583281571634 0.4813786679856378 141.23382709459906
      vertex -27.45793725484282 0.6309057881426234 141.0280206697949
    endloop
  endfacet
  facet normal 1.0236587869741812e-15 0.8090169943749511 0.587785252292468
    outer loop
      vertex -27.27484797949738 0.45897351444842105 141.26466514285306
      vertex -32.37583281571634 0.4813786679856378 141.23382709459906
      vertex -32.71658421694456 -0.24275491977921781 142.23051147280455
    endloop
  endfacet
  facet normal -2.6260988962618947e-15 0.7289686274214167 0.6845471059286832
    outer loop
      vertex -32.05761807874522 1.4607429252481943 140.0830786667676
      vertex -32.2633523388954 0.8275579797510542 140.757352148644
      vertex -27.859552971776502 1.2637508946306442 140.29285387278125
    endloop
  endfacet
  facet normal -1 0 0
    outer loop
      vertex 4 21.925933035965986 160.57004509761046
      vertex 4 21.925933035965983 139.42995490238954
      vertex 4 20.52288615824086 161.73074641843675
    endloop
  endfacet
  facet normal 0 -0.9297764858882508 -0.36812455268467975
    outer loop
      vertex 4 25.119992260757282 156.17379972769356
      vertex -47 25.119992260757282 156.17379972769356
      vertex 4 25.790319486279728 154.48074641843675
    endloop
  endfacet
  facet normal 0 0.6374239897486963 0.7705132427757838
    outer loop
      vertex -31.801439875030436 3.47711384175914 138.26925358156325
      vertex -31.86465944922128 2.4722674847727077 139.10053478271078
      vertex -28 3.47711384175914 138.26925358156325
    endloop
  endfacet
  facet normal 0 0.5358267949787069 0.844327925502199
    outer loop
      vertex -31.801439875030436 3.47711384175914 138.26925358156325
      vertex -28 3.47711384175914 138.26925358156325
      vertex -31.799999999999997 3.5 138.25472958389696
    endloop
  endfacet
  facet normal 7.859036439399802e-14 0.5358267949785517 0.8443279255022975
    outer loop
      vertex -8.062833677742738 3.4973797743297097 138.25639242967125
      vertex -8.058967744347429 3.47711384175914 138.26925358156325
      vertex 4 5.014571725525127 137.29355313936398
    endloop
  endfacet
  facet normal -1.2026571136937223e-15 0.7289686274214024 0.6845471059286984
    outer loop
      vertex -31.94062026108093 2.0740669640340172 139.42995490238954
      vertex -32.05761807874522 1.4607429252481943 140.0830786667676
      vertex -27.984229402628955 1.749333532871392 139.7757608835153
    endloop
  endfacet
  facet normal -3.690367962991601e-15 0.5358267949790219 0.8443279255019991
    outer loop
      vertex 4 5.014571725525127 137.29355313936398
      vertex -8.247386639912273 3.9635073482034304 137.96057887617354
      vertex -8.140447028223498 3.736249105369356 138.10480134260203
    endloop
  endfacet
  facet normal 0 0.5358267949789968 0.844327925502015
    outer loop
      vertex 4 5.014571725525127 137.29355313936398
      vertex -8.140447028223498 3.736249105369356 138.10480134260203
      vertex -8.062833677742738 3.4973797743297097 138.25639242967125
    endloop
  endfacet
  facet normal 3.046291921181383e-15 0.5358267949789661 0.8443279255020345
    outer loop
      vertex 4 5.014571725525127 137.29355313936398
      vertex -8.381966011250105 4.175570504584947 137.82599950483572
      vertex -8.247386639912273 3.9635073482034304 137.96057887617354
    endloop
  endfacet
  facet normal -1 0 0
    outer loop
      vertex 4 25.119992260757282 156.17379972769356
      vertex 4 25.790319486279728 154.48074641843675
      vertex 4 22 152
    endloop
  endfacet
  facet normal -1 0 0
    outer loop
      vertex 4 25.119992260757282 156.17379972769356
      vertex 4 22 152
      vertex 4 24.242754919779216 157.76948852719545
    endloop
  endfacet
  facet normal -1 0 0
    outer loop
      vertex 4 23.172442020248944 159.242647851356
      vertex 4 24.242754919779216 157.76948852719545
      vertex 4 22 152
    endloop
  endfacet
  facet normal -1 0 0
    outer loop
      vertex 4 23.172442020248944 159.242647851356
      vertex 4 22 152
      vertex 4 21.925933035965986 160.57004509761046
    endloop
  endfacet
  facet normal 0 0.42577929156502253 0.9048270524660432
    outer loop
      vertex -32.44339297847478 6.662193986072171 136.51824095462035
      vertex -32.375832815716336 6.518621332014359 136.5858011173788
      vertex -28 6.662193986072171 136.51824095462035
    endloop
  endfacet
  facet normal 2.091859860897453e-16 0.8090169943749469 0.5877852522924739
    outer loop
      vertex -26.618033988749893 0.09788696740969272 141.76165813792255
      vertex -26.851558583130146 0.19034589506796085 141.63439934150756
      vertex -32.71658421694456 -0.24275491977921781 142.23051147280455
    endloop
  endfacet
  facet normal 3.565954272420468e-15 0.8090169943749261 0.5877852522925024
    outer loop
      vertex -26.37476262917145 0.035425498542622336 141.84762897439725
      vertex -26.618033988749893 0.09788696740969272 141.76165813792255
      vertex -32.71658421694456 -0.24275491977921781 142.23051147280455
    endloop
  endfacet
  facet normal -6.899960233976255e-15 0.8090169943750085 0.587785252292389
    outer loop
      vertex -26.125581039058627 0.003946543143456438 141.890956039484
      vertex -26.37476262917145 0.035425498542622336 141.84762897439725
      vertex -32.71658421694456 -0.24275491977921781 142.23051147280455
    endloop
  endfacet
  facet normal 3.4627518797610495e-14 -0.9685831611286314 -0.24868988716485363
    outer loop
      vertex 4 26.243165135565988 152.717029061493
      vertex 4 25.790319486279728 154.48074641843675
      vertex 3.8595529717765027 26.238230267054185 152.73624910536935
    endloop
  endfacet
  facet normal 0 0.8763066800438605 0.481753674101721
    outer loop
      vertex -32.81428522364032 -0.450380127634066 142.60818032385785
      vertex -33.23923400519001 -1.119992260757284 143.82620027230644
      vertex 4 -1.119992260757284 143.82620027230644
    endloop
  endfacet
  facet normal 4.093450003289744e-16 0.8763066800438656 0.48175367410171144
    outer loop
      vertex -32.71658421694456 -0.24275491977921781 142.23051147280455
      vertex -32.81428522364032 -0.450380127634066 142.60818032385785
      vertex 4 -1.119992260757284 143.82620027230644
    endloop
  endfacet
  facet normal 0 0.9297764858882555 0.36812455268466765
    outer loop
      vertex 4 -1.119992260757284 143.82620027230644
      vertex -33.23923400519001 -1.119992260757284 143.82620027230644
      vertex -30.8 -1.1492116399928118 143.9
    endloop
  endfacet
  facet normal 8.613629906956103e-16 -0.9685831611286322 -0.24868988716485113
    outer loop
      vertex 3.8595529717765027 26.238230267054185 152.73624910536935
      vertex 4 25.790319486279728 154.48074641843675
      vertex 3.752613360087727 26.179880267760545 152.96350734820342
    endloop
  endfacet
  facet normal -6.28486564201578e-15 -0.9685831611286324 -0.24868988716485005
    outer loop
      vertex 4 25.790319486279728 154.48074641843675
      vertex 3.618033988749895 26.125431703559933 153.17557050458495
      vertex 3.752613360087727 26.179880267760545 152.96350734820342
    endloop
  endfacet
  facet normal 0 0.5358267949789955 0.8443279255020159
    outer loop
      vertex -28 5.014571725525127 137.29355313936398
      vertex -31.957528995425623 5.014571725525127 137.29355313936398
      vertex -31.86465944922128 4.527732515227295 137.60251069702014
    endloop
  endfacet
  facet normal 1.1428865275491202e-14 0.425779291565051 0.9048270524660298
    outer loop
      vertex -31.957528995425623 5.014571725525127 137.29355313936398
      vertex -28 6.662193986072171 136.51824095462035
      vertex -32.05761807874523 5.539257074751809 137.04665495514254
    endloop
  endfacet
  facet normal -4.722142772508858e-15 0.8090169943749701 0.5877852522924422
    outer loop
      vertex -26.851558583130146 0.19034589506796085 141.63439934150756
      vertex -27.071653589957993 0.3113441489959703 141.46785953239245
      vertex -32.71658421694456 -0.24275491977921781 142.23051147280455
    endloop
  endfacet
  facet normal -2.8296014799760527e-15 0.4257792915650931 0.9048270524660099
    outer loop
      vertex -32.05761807874523 5.539257074751809 137.04665495514254
      vertex -28 6.662193986072171 136.51824095462035
      vertex -32.375832815716336 6.518621332014359 136.5858011173788
    endloop
  endfacet
  facet normal -3.63105416697722e-15 0.3090169943749597 0.9510565162951494
    outer loop
      vertex -32.44339297847478 6.662193986072171 136.51824095462035
      vertex -28 8 136.08356143095637
      vertex -32.81428522364032 7.450380127634065 136.26214375292906
    endloop
  endfacet
  facet normal 0 0.4257792915650733 0.9048270524660191
    outer loop
      vertex -31.957528995425623 5.014571725525127 137.29355313936398
      vertex -28 5.014571725525127 137.29355313936398
      vertex -28 6.662193986072171 136.51824095462035
    endloop
  endfacet
  facet normal 0 0.3090169943749489 0.9510565162951531
    outer loop
      vertex -32.44339297847478 6.662193986072171 136.51824095462035
      vertex -28 6.662193986072171 136.51824095462035
      vertex -28 8 136.08356143095637
    endloop
  endfacet
  facet normal 4.683080493438032e-17 0.5358267949789952 0.844327925502016
    outer loop
      vertex -31.799999999999997 3.5 138.25472958389696
      vertex -28 5.014571725525127 137.29355313936398
      vertex -31.86465944922128 4.527732515227295 137.60251069702014
    endloop
  endfacet
  facet normal 2.400704587050329e-15 0.535826794978991 0.8443279255020186
    outer loop
      vertex -28 3.47711384175914 138.26925358156325
      vertex -28 5.014571725525127 137.29355313936398
      vertex -31.799999999999997 3.5 138.25472958389696
    endloop
  endfacet
  facet normal 0 0.3090169943750144 0.9510565162951318
    outer loop
      vertex -33.36606064612543 8.319839068798279 135.979639417879
      vertex -27.95688771061012 8.393996636109605 135.95554416363484
      vertex -33.42740912114366 8.393996636109605 135.95554416363484
    endloop
  endfacet
  facet normal 1.6305756729922044e-15 0.1873813145857217 0.9822872507286892
    outer loop
      vertex -27.45793725484282 9.369094211857377 135.76953435290235
      vertex -34.022457255144424 9.113286268615248 135.81833232788435
      vertex -33.42740912114366 8.393996636109605 135.95554416363484
    endloop
  endfacet
  facet normal -7.894071679342871e-16 0.18738131458571522 0.9822872507286905
    outer loop
      vertex -27.071653589957993 9.688655851004029 135.70857470999746
      vertex -34.773123284060745 9.81820859076147 135.68386120316336
      vertex -34.022457255144424 9.113286268615248 135.81833232788435
    endloop
  endfacet
  facet normal 1.1761644776728342e-15 0.3090169943749368 0.951056516295157
    outer loop
      vertex -27.95688771061012 8.393996636109605 135.95554416363484
      vertex -33.36606064612543 8.319839068798279 135.979639417879
      vertex -32.81428522364032 7.450380127634065 136.26214375292906
    endloop
  endfacet
  facet normal 9.711962049445484e-16 0.18738131458575402 0.982287250728683
    outer loop
      vertex -35.27475878165054 10.182668113317591 135.61433683094006
      vertex -34.773123284060745 9.81820859076147 135.68386120316336
      vertex -26.618033988749893 9.902113032590307 135.66785557487304
    endloop
  endfacet
  facet normal -4.0391808205377485e-15 -0.9685831611286351 -0.248689887164839
    outer loop
      vertex 4 25.790319486279728 154.48074641843675
      vertex 2.618033988749895 25.93888728841691 153.9021130325903
      vertex 2.8515585831301453 25.96262670616595 153.80965410493204
    endloop
  endfacet
  facet normal -1.249630031833067e-16 -0.9685831611286307 -0.24868988716485632
    outer loop
      vertex -47 25.790319486279728 154.48074641843675
      vertex -6.720379855302308 26.243165135565988 152.717029061493
      vertex 1.6252373708285508 25.92284990900738 153.96457450145738
    endloop
  endfacet
  facet normal -3.4479136412917337e-16 0.7289686274214157 -0.6845471059286844
    outer loop
      vertex -32.2633523388954 0.8275579797510595 159.242647851356
      vertex 4 2.0740669640340172 160.57004509761046
      vertex 4 0.9905922563176416 159.416261722165
    endloop
  endfacet
  facet normal -1 0 0
    outer loop
      vertex 4 1.1259485487452559 149.92853898185692
      vertex 4 2.0740669640340172 139.42995490238954
      vertex 4 1.1096811580166535 147.85340915080405
    endloop
  endfacet
  facet normal -1 0 0
    outer loop
      vertex 4 2.0740669640340172 139.42995490238954
      vertex 4 1.0779350318952705 145.82749842813217
      vertex 4 1.1096811580166535 147.85340915080405
    endloop
  endfacet
  facet normal -1 0 0
    outer loop
      vertex 4 2.0740669640340172 139.42995490238954
      vertex 4 1.031210825754258 143.88275663615804
      vertex 4 1.0779350318952705 145.82749842813217
    endloop
  endfacet
  facet normal 0 -0.4257792915650745 -0.9048270524660186
    outer loop
      vertex 4 17.337806013927832 163.48175904537965
      vertex -47 18.98542827447487 162.70644686063602
      vertex 4 18.98542827447487 162.70644686063602
    endloop
  endfacet
  facet normal 0 -0.3090169943749505 -0.9510565162951525
    outer loop
      vertex 4 15.606003363890395 164.04445583636516
      vertex -47 17.337806013927832 163.48175904537965
      vertex 4 17.337806013927832 163.48175904537965
    endloop
  endfacet
  facet normal 0 -0.5358267949789908 -0.8443279255020189
    outer loop
      vertex 4 18.98542827447487 162.70644686063602
      vertex -47 20.52288615824086 161.73074641843675
      vertex 4 20.52288615824086 161.73074641843675
    endloop
  endfacet
  facet normal 0 -0.18738131458572563 -0.9822872507286885
    outer loop
      vertex 4 13.817331886682412 164.38566316905994
      vertex -47 15.606003363890395 164.04445583636516
      vertex 4 15.606003363890395 164.04445583636516
    endloop
  endfacet
  facet normal 0 -0.06279051952930786 -0.9980267284282719
    outer loop
      vertex 4 12 164.5
      vertex -47 13.817331886682412 164.38566316905994
      vertex 4 13.817331886682412 164.38566316905994
    endloop
  endfacet
  facet normal -1 0 0
    outer loop
      vertex 4 2.0740669640340172 139.42995490238954
      vertex 4 0.970245408236148 142.0498535146736
      vertex 4 1.031210825754258 143.88275663615804
    endloop
  endfacet
  facet normal -1 0 0
    outer loop
      vertex 4 16.167383182342437 154.32278178987934
      vertex 4 16.03268654921526 145.50356835704548
      vertex 4 16.03268654921526 154.49643164295452
    endloop
  endfacet
  facet normal 2.086069776155867e-14 -0.9685831611286304 -0.24868988716485746
    outer loop
      vertex 3.618033988749895 26.125431703559933 153.17557050458495
      vertex 4 25.790319486279728 154.48074641843675
      vertex 3.457937254842823 26.075743260835793 153.36909421185737
    endloop
  endfacet
  facet normal -2.5120599434579797e-16 0.9297764858882527 0.3681245526846749
    outer loop
      vertex -33.23923400519001 -1.119992260757284 143.82620027230644
      vertex -33.25777718711514 -1.1492116399928125 143.9
      vertex -30.8 -1.1492116399928118 143.9
    endloop
  endfacet
  facet normal -2.0226355513481623e-14 -0.9685831611286352 -0.24868988716483872
    outer loop
      vertex 3.457937254842823 26.075743260835793 153.36909421185737
      vertex 4 25.790319486279728 154.48074641843675
      vertex 3.2748479794973795 26.031598556012327 153.54102648555158
    endloop
  endfacet
  facet normal 5.814421126258488e-15 -0.968583161128631 -0.24868988716485477
    outer loop
      vertex 4 25.790319486279728 154.48074641843675
      vertex 2.8515585831301453 25.96262670616595 153.80965410493204
      vertex 3.071653589957993 25.993693777455356 153.68865585100403
    endloop
  endfacet
  facet normal -1 0 0
    outer loop
      vertex 4 -0.8548933434407241 147.85340915080405
      vertex 4 -0.8241780006950367 145.82749842813217
      vertex 4 -1.119992260757284 156.17379972769356
    endloop
  endfacet
  facet normal -1 0 0
    outer loop
      vertex 4 -0.8241780006950367 145.82749842813217
      vertex 4 -1.119992260757284 143.82620027230644
      vertex 4 -1.119992260757284 156.17379972769356
    endloop
  endfacet
  facet normal -1 0 0
    outer loop
      vertex 4 -2.2431651355659845 147.282970938507
      vertex 4 -2.4713875622099373 149.08953746682496
      vertex 4 -2.4713875622099373 150.91046253317504
    endloop
  endfacet
  facet normal -1 0 0
    outer loop
      vertex 4 -1.119992260757284 143.82620027230644
      vertex 4 -1.790319486279726 145.51925358156325
      vertex 4 -1.790319486279726 154.48074641843675
    endloop
  endfacet
  facet normal -1 0 0
    outer loop
      vertex 4 -1.790319486279726 145.51925358156325
      vertex 4 -2.2431651355659845 147.282970938507
      vertex 4 -2.2431651355659845 152.717029061493
    endloop
  endfacet
  facet normal 0 0.9921147013144778 0.12533323356430412
    outer loop
      vertex -4.300508010351281 -2.4713875622099373 149.08953746682496
      vertex 4 -2.4713875622099373 149.08953746682496
      vertex 4 -2.2431651355659845 147.282970938507
    endloop
  endfacet
  facet normal 1.3351598346504638e-14 -0.968583161128629 -0.24868988716486312
    outer loop
      vertex 4 25.790319486279728 154.48074641843675
      vertex 3.071653589957993 25.993693777455356 153.68865585100403
      vertex 3.2748479794973795 26.031598556012327 153.54102648555158
    endloop
  endfacet
  facet normal -1 0 0
    outer loop
      vertex 4 16.242640687119284 156.7175144212722
      vertex 4 16.097306282538284 156.55266489808847
      vertex 4 15.606003363890395 164.04445583636516
    endloop
  endfacet
  facet normal -1 0 0
    outer loop
      vertex 4 18.406056681000187 158.5748050665035
      vertex 4 18.98542827447487 162.70644686063602
      vertex 4 18.620530802748434 158.62274571261034
    endloop
  endfacet
  facet normal -1 0 0
    outer loop
      vertex 4 18.199282307957972 158.5003617115158
      vertex 4 18.98542827447487 162.70644686063602
      vertex 4 18.406056681000187 158.5748050665035
    endloop
  endfacet
  facet normal -1 0 0
    outer loop
      vertex 4 18.00346863900569 158.40058966382574
      vertex 4 18.98542827447487 162.70644686063602
      vertex 4 18.199282307957972 158.5003617115158
    endloop
  endfacet
  facet normal -1 0 0
    outer loop
      vertex 4 17.337806013927832 163.48175904537965
      vertex 4 18.98542827447487 162.70644686063602
      vertex 4 18.00346863900569 158.40058966382574
    endloop
  endfacet
  facet normal -1 0 0
    outer loop
      vertex 4 17.337806013927832 163.48175904537965
      vertex 4 16.242640687119284 156.7175144212722
      vertex 4 15.606003363890395 164.04445583636516
    endloop
  endfacet
  facet normal -1 0 0
    outer loop
      vertex 4 17.82170377267613 158.27706238822628
      vertex 4 17.337806013927832 163.48175904537965
      vertex 4 18.00346863900569 158.40058966382574
    endloop
  endfacet
  facet normal -1 0 0
    outer loop
      vertex 4 17.82170377267613 158.27706238822628
      vertex 4 17.65685424949238 158.1317279836453
      vertex 4 17.337806013927832 163.48175904537965
    endloop
  endfacet
  facet normal -1 0 0
    outer loop
      vertex 4 17.65685424949238 158.1317279836453
      vertex 4 16.242640687119284 156.7175144212722
      vertex 4 17.337806013927832 163.48175904537965
    endloop
  endfacet
  facet normal 2.2421885756823394e-16 0.8090169943749429 -0.5877852522924795
    outer loop
      vertex -32.71658421694456 -0.24275491977922137 157.76948852719545
      vertex 3.602306103766636 0.6119695150777547 158.94591578631753
      vertex 3.539442928835228 0.4983005923100219 158.7894639361006
    endloop
  endfacet
  facet normal -1.4129082687505664e-15 0.809016994374967 -0.5877852522924462
    outer loop
      vertex -32.71658421694456 -0.24275491977922137 157.76948852719545
      vertex 3.6783610930514326 0.7180382333957588 159.091906852538
      vertex 3.602306103766636 0.6119695150777547 158.94591578631753
    endloop
  endfacet
  facet normal 4.631028189295851e-15 0.8090169943748876 -0.5877852522925554
    outer loop
      vertex -32.71658421694456 -0.24275491977922137 157.76948852719545
      vertex 3.7664084640755306 0.8148339802137788 159.2251347684368
      vertex 3.6783610930514326 0.7180382333957588 159.091906852538
    endloop
  endfacet
  facet normal -1 0 0
    outer loop
      vertex 4 18.620530802748434 158.62274571261034
      vertex 4 18.98542827447487 162.70644686063602
      vertex 4 18.839322288182114 158.64342759720887
    endloop
  endfacet
  facet normal -1 0 0
    outer loop
      vertex 4 16.097306282538284 156.55266489808847
      vertex 4 15.973779006938841 156.3709000317589
      vertex 4 15.606003363890395 164.04445583636516
    endloop
  endfacet
  facet normal -1 0 0
    outer loop
      vertex 4 15.973779006938841 156.3709000317589
      vertex 4 15.874006959248776 156.1750863628066
      vertex 4 15.606003363890395 164.04445583636516
    endloop
  endfacet
  facet normal -1 0 0
    outer loop
      vertex 4 15.874006959248776 156.1750863628066
      vertex 4 15.799563604261094 155.9683119897644
      vertex 4 15.606003363890395 164.04445583636516
    endloop
  endfacet
  facet normal -1 0 0
    outer loop
      vertex 4 15.799563604261094 155.9683119897644
      vertex 4 15.751622958154254 155.75383786801615
      vertex 4 15.606003363890395 164.04445583636516
    endloop
  endfacet
  facet normal -1 0 0
    outer loop
      vertex 4 15.751622958154254 155.75383786801615
      vertex 4 15.730941073555714 155.53504638258246
      vertex 4 15.606003363890395 164.04445583636516
    endloop
  endfacet
  facet normal -1.7986934105516773e-14 0.30901699437493413 0.951056516295158
    outer loop
      vertex -47 8.393996636109605 135.95554416363484
      vertex -47 7.743019789047389 136.16705936303694
      vertex -46.63393935387457 8.319839068798279 135.979639417879
    endloop
  endfacet
  facet normal 0 0.30901699437501434 0.9510565162951318
    outer loop
      vertex -46.63393935387457 8.319839068798279 135.979639417879
      vertex -46.57259087885634 8.393996636109605 135.95554416363484
      vertex -47 8.393996636109605 135.95554416363484
    endloop
  endfacet
  facet normal 0 0.18738131458572127 0.9822872507286894
    outer loop
      vertex -47 8.393996636109605 135.95554416363484
      vertex -46.57259087885634 8.393996636109605 135.95554416363484
      vertex -45.977542744855576 9.113286268615244 135.81833232788435
    endloop
  endfacet
  facet normal -2.892109507380849e-15 0.18738131458572527 0.9822872507286886
    outer loop
      vertex -47 10.182668113317591 135.61433683094006
      vertex -47 8.393996636109605 135.95554416363484
      vertex -45.977542744855576 9.113286268615244 135.81833232788435
    endloop
  endfacet
  facet normal -6.809269169291265e-15 0.1873813145857217 0.9822872507286893
    outer loop
      vertex -47 10.182668113317591 135.61433683094006
      vertex -45.977542744855576 9.113286268615244 135.81833232788435
      vertex -45.226876715939255 9.818208590761472 135.68386120316336
    endloop
  endfacet
  facet normal 1.44086198703274e-15 0.06279051952930222 0.9980267284282723
    outer loop
      vertex -44.39377971882777 10.423488989116521 135.59918566567143
      vertex -43.4913901908336 10.91958183022136 135.5679741496464
      vertex -47 12 135.5
    endloop
  endfacet
  facet normal -2.9466530363411745e-15 0.5358267949790281 0.8443279255019951
    outer loop
      vertex -8.542062745157176 4.3690942118573775 137.70318562566834
      vertex 4 5.014571725525127 137.29355313936398
      vertex -8.72515202050262 4.541026485551578 137.59407408691135
    endloop
  endfacet
  facet normal -1 0 0
    outer loop
      vertex 4 21.925933035965983 139.42995490238954
      vertex 4 20.62274571261033 156.62053080274845
      vertex 4 20.64342759720887 156.8393222881821
    endloop
  endfacet
  facet normal -1 0 0
    outer loop
      vertex 4 20.500361711515808 143.80071769204204
      vertex 4 20.1317279836453 155.65685424949237
      vertex 4 20.277062388226298 155.82170377267613
    endloop
  endfacet
  facet normal -1 0 0
    outer loop
      vertex 4 20.500361711515808 143.80071769204204
      vertex 4 20.277062388226298 155.82170377267613
      vertex 4 20.40058966382574 156.0034686390057
    endloop
  endfacet
  facet normal -1 0 0
    outer loop
      vertex 4 20.500361711515808 143.80071769204204
      vertex 4 20.40058966382574 156.0034686390057
      vertex 4 20.500361711515808 156.19928230795796
    endloop
  endfacet
  facet normal -1 0 0
    outer loop
      vertex 4 22 152
      vertex 4 21.925933035965983 139.42995490238954
      vertex 4 21.925933035965986 160.57004509761046
    endloop
  endfacet
  facet normal -1 0 0
    outer loop
      vertex 4 20.57480506650349 156.4060566810002
      vertex 4 20.500361711515808 143.80071769204204
      vertex 4 20.500361711515808 156.19928230795796
    endloop
  endfacet
  facet normal 0 0.42577929156507344 0.9048270524660192
    outer loop
      vertex 4 5.014571725525127 137.29355313936398
      vertex 4 6.662193986072171 136.51824095462035
      vertex -9.741833828641528 5.014571725525127 137.29355313936398
    endloop
  endfacet
  facet normal 0 0.3090169943749509 0.9510565162951523
    outer loop
      vertex 4 6.662193986072171 136.51824095462035
      vertex 4 8.393996636109605 135.95554416363484
      vertex -15.014225062392068 6.662193986072171 136.51824095462035
    endloop
  endfacet
  facet normal -6.91138117091678e-16 0.5358267949790305 0.8443279255019935
    outer loop
      vertex 4 5.014571725525127 137.29355313936398
      vertex -9.148441416869854 4.809654104932039 137.42359781579918
      vertex -8.928346410042007 4.688655851004031 137.50038564271105
    endloop
  endfacet
  facet normal 3.570275439041262e-16 0.5358267949789827 0.844327925502024
    outer loop
      vertex -9.148441416869854 4.809654104932039 137.42359781579918
      vertex 4 5.014571725525127 137.29355313936398
      vertex -9.381966011250105 4.902113032590307 137.364921596077
    endloop
  endfacet
  facet normal 0 0.5358267949790129 0.8443279255020049
    outer loop
      vertex 4 5.014571725525127 137.29355313936398
      vertex -9.741833828641528 5.014571725525127 137.29355313936398
      vertex -9.381966011250105 4.902113032590307 137.364921596077
    endloop
  endfacet
  facet normal -9.928723196156341e-16 0.06279051952929435 0.9980267284282729
    outer loop
      vertex -47 12 135.5
      vertex -43.4913901908336 10.91958183022136 135.5679741496464
      vertex -42.533939353874565 11.29866343362026 135.5441243567066
    endloop
  endfacet
  facet normal -3.2598181096318135e-15 0.5358267949790323 0.8443279255019924
    outer loop
      vertex 4 5.014571725525127 137.29355313936398
      vertex -8.542062745157176 4.3690942118573775 137.70318562566834
      vertex -8.381966011250105 4.175570504584947 137.82599950483572
    endloop
  endfacet
  facet normal 4.313567148748055e-15 0.5358267949788891 0.8443279255020832
    outer loop
      vertex 4 5.014571725525127 137.29355313936398
      vertex -8.928346410042007 4.688655851004031 137.50038564271105
      vertex -8.72515202050262 4.541026485551578 137.59407408691135
    endloop
  endfacet
  facet normal -1.5995089840642244e-15 0.8090169943749826 -0.5877852522924246
    outer loop
      vertex -32.71658421694456 -0.24275491977922137 157.76948852719545
      vertex 3.490762958078503 0.37882409190713157 158.6250186410249
      vertex 3.4570339037153026 0.2554242296522384 158.4551733016286
    endloop
  endfacet
  facet normal 1.0785902406108038e-15 0.8090169943749285 -0.5877852522924992
    outer loop
      vertex -32.71658421694456 -0.24275491977922137 157.76948852719545
      vertex 3.539442928835228 0.4983005923100219 158.7894639361006
      vertex 3.490762958078503 0.37882409190713157 158.6250186410249
    endloop
  endfacet
  facet normal -1 0 0
    outer loop
      vertex 4 20.52288615824086 161.73074641843675
      vertex 4 19.058980664876238 158.63652455462423
      vertex 4 18.98542827447487 162.70644686063602
    endloop
  endfacet
  facet normal -1 0 0
    outer loop
      vertex 4 19.877937027810066 158.34168212154933
      vertex 4 20.52288615824086 161.73074641843675
      vertex 4 20.051586880885232 158.20698548842213
    endloop
  endfacet
  facet normal -1 0 0
    outer loop
      vertex 4 19.688774491113044 158.4535525338985
      vertex 4 20.52288615824086 161.73074641843675
      vertex 4 19.877937027810066 158.34168212154933
    endloop
  endfacet
  facet normal -1 0 0
    outer loop
      vertex 4 19.487082476998097 158.54083246223874
      vertex 4 20.52288615824086 161.73074641843675
      vertex 4 19.688774491113044 158.4535525338985
    endloop
  endfacet
  facet normal -1 0 0
    outer loop
      vertex 4 19.276041789012787 158.60214544996165
      vertex 4 20.52288615824086 161.73074641843675
      vertex 4 19.487082476998097 158.54083246223874
    endloop
  endfacet
  facet normal -1 0 0
    outer loop
      vertex 4 19.058980664876238 158.63652455462423
      vertex 4 20.52288615824086 161.73074641843675
      vertex 4 19.276041789012787 158.60214544996165
    endloop
  endfacet
  facet normal -1 0 0
    outer loop
      vertex 4 18.839322288182114 158.64342759720887
      vertex 4 18.98542827447487 162.70644686063602
      vertex 4 19.058980664876238 158.63652455462423
    endloop
  endfacet
  facet normal -1 0 0
    outer loop
      vertex 4 8.393996636109605 135.95554416363484
      vertex 4 8.125993040751224 143.8249136371934
      vertex 4 8.200436395738906 144.0316880102356
    endloop
  endfacet
  facet normal -1 0 0
    outer loop
      vertex 4 17.968311989764395 153.7995636042611
      vertex 4 17.75383786801615 146.24837704184574
      vertex 4 17.75383786801615 153.75162295815426
    endloop
  endfacet
  facet normal -1 0 0
    outer loop
      vertex 4 17.75383786801615 153.75162295815426
      vertex 4 17.53504638258247 146.26905892644427
      vertex 4 17.53504638258247 153.73094107355573
    endloop
  endfacet
  facet normal -1 0 0
    outer loop
      vertex 4 17.53504638258247 153.73094107355573
      vertex 4 17.315388005888344 146.26215588385963
      vertex 4 17.315388005888344 153.73784411614037
    endloop
  endfacet
  facet normal -1 0 0
    outer loop
      vertex 4 17.315388005888344 153.73784411614037
      vertex 4 17.098326881751795 146.22777677919706
      vertex 4 17.098326881751795 153.77222322080294
    endloop
  endfacet
  facet normal -1 0 0
    outer loop
      vertex 4 17.098326881751795 153.77222322080294
      vertex 4 16.887286193766485 146.16646379147414
      vertex 4 16.887286193766485 153.83353620852586
    endloop
  endfacet
  facet normal -1 0 0
    outer loop
      vertex 4 16.887286193766485 153.83353620852586
      vertex 4 16.685594179651538 146.0791838631339
      vertex 4 16.685594179651538 153.9208161368661
    endloop
  endfacet
  facet normal -1 0 0
    outer loop
      vertex 4 16.685594179651538 146.0791838631339
      vertex 4 16.496431642954516 154.03268654921527
      vertex 4 16.685594179651538 153.9208161368661
    endloop
  endfacet
  facet normal -1 0 0
    outer loop
      vertex 4 16.685594179651538 146.0791838631339
      vertex 4 16.322781789879354 154.16738318234243
      vertex 4 16.496431642954516 154.03268654921527
    endloop
  endfacet
  facet normal -1 0 0
    outer loop
      vertex 4 16.322781789879354 154.16738318234243
      vertex 4 16.167383182342437 145.67721821012066
      vertex 4 16.167383182342437 154.32278178987934
    endloop
  endfacet
  facet normal -1 0 0
    outer loop
      vertex 4 8.393996636109605 135.95554416363484
      vertex 4 8.026220993061159 143.6290999682411
      vertex 4 8.125993040751224 143.8249136371934
    endloop
  endfacet
  facet normal -1 0 0
    outer loop
      vertex 4 1.1259485487452559 149.92853898185692
      vertex 4 1.1264806576116202 152.0201618842324
      vertex 4 2.0740669640340172 139.42995490238954
    endloop
  endfacet
  facet normal -1 0 0
    outer loop
      vertex 4 18.17508636280661 153.8740069592488
      vertex 4 18.370900031758893 146.02622099306114
      vertex 4 17.968311989764395 153.7995636042611
    endloop
  endfacet
  facet normal -1 0 0
    outer loop
      vertex 4 8.393996636109605 135.95554416363484
      vertex 4 8.200436395738906 144.0316880102356
      vertex 4 8.248377041845746 144.24616213198385
    endloop
  endfacet
  facet normal -1 0 0
    outer loop
      vertex 4 8.393996636109605 135.95554416363484
      vertex 4 8.248377041845746 144.24616213198385
      vertex 4 8.269058926444286 144.46495361741754
    endloop
  endfacet
  facet normal 9.286973502472197e-17 0.7289686274213584 -0.6845471059287452
    outer loop
      vertex -32.2633523388954 0.8275579797510595 159.242647851356
      vertex 3.970006855234424 0.9746591060585489 159.3992946404634
      vertex 3.863688958200423 0.9008244208896844 159.32066868669415
    endloop
  endfacet
  facet normal -9.36900698210293e-16 0.7289686274214774 -0.6845471059286186
    outer loop
      vertex -32.2633523388954 0.8275579797510595 159.242647851356
      vertex 4 0.9905922563176416 159.416261722165
      vertex 3.970006855234424 0.9746591060585489 159.3992946404634
    endloop
  endfacet
  facet normal -1 0 0
    outer loop
      vertex 4 15.730941073555714 155.53504638258246
      vertex 4 15.737844116140353 144.68461199411166
      vertex 4 15.606003363890395 164.04445583636516
    endloop
  endfacet
  facet normal -1 0 0
    outer loop
      vertex 4 15.606003363890395 164.04445583636516
      vertex 4 15.606003363890395 135.95554416363484
      vertex 4 13.817331886682412 164.38566316905994
    endloop
  endfacet
  facet normal -1 0 0
    outer loop
      vertex 4 13.817331886682412 164.38566316905994
      vertex 4 13.817331886682409 135.61433683094006
      vertex 4 12 164.5
    endloop
  endfacet
  facet normal -1 0 0
    outer loop
      vertex 4 15.9208161368661 154.68559417965153
      vertex 4 15.83353620852585 145.11271380623353
      vertex 4 15.83353620852585 154.88728619376647
    endloop
  endfacet
  facet normal -1 0 0
    outer loop
      vertex 4 15.737844116140353 155.31538800588834
      vertex 4 15.737844116140353 144.68461199411166
      vertex 4 15.730941073555714 155.53504638258246
    endloop
  endfacet
  facet normal -1 0 0
    outer loop
      vertex 4 15.772223220802935 155.0983268817518
      vertex 4 15.737844116140353 144.68461199411166
      vertex 4 15.737844116140353 155.31538800588834
    endloop
  endfacet
  facet normal -1 0 0
    outer loop
      vertex 4 15.83353620852585 154.88728619376647
      vertex 4 15.772223220802935 144.9016731182482
      vertex 4 15.772223220802935 155.0983268817518
    endloop
  endfacet
  facet normal -1 0 0
    outer loop
      vertex 4 3.5994103361742606 143.9965313609943
      vertex 4 3.499638288484194 143.80071769204204
      vertex 4 3.499638288484194 156.19928230795796
    endloop
  endfacet
  facet normal -3.009414502022774e-15 0.06279051952928154 0.9980267284282736
    outer loop
      vertex -47 12 135.5
      vertex -42.533939353874565 11.29866343362026 135.5441243567066
      vertex -41.536526779602944 11.554755455975247 135.52801241233382
    endloop
  endfacet
  facet normal 0 0.18738131458575366 0.9822872507286832
    outer loop
      vertex -47 10.182668113317591 135.61433683094006
      vertex -45.226876715939255 9.818208590761472 135.68386120316336
      vertex -44.72524121834945 10.182668113317591 135.61433683094006
    endloop
  endfacet
  facet normal 0 0.06279051952936139 0.9980267284282685
    outer loop
      vertex -47 10.182668113317591 135.61433683094006
      vertex -44.72524121834945 10.182668113317591 135.61433683094006
      vertex -44.39377971882777 10.423488989116521 135.59918566567143
    endloop
  endfacet
  facet normal 4.9537085842342946e-15 0.06279051952930798 0.9980267284282718
    outer loop
      vertex -47 12 135.5
      vertex -47 10.182668113317591 135.61433683094006
      vertex -44.39377971882777 10.423488989116521 135.59918566567143
    endloop
  endfacet
  facet normal -3.701344015393257e-16 0.06279051952931383 0.9980267284282714
    outer loop
      vertex -47 12 135.5
      vertex -41.536526779602944 11.554755455975247 135.52801241233382
      vertex -40.51488226014037 11.683819173111827 135.51989241151566
    endloop
  endfacet
  facet normal 0 0.8090169943751363 -0.5877852522922131
    outer loop
      vertex -32.2633523388954 0.8275579797510595 159.242647851356
      vertex 3.7810048884147984 0.8275579797510595 159.242647851356
      vertex 3.7664084640755306 0.8148339802137788 159.2251347684368
    endloop
  endfacet
  facet normal 0 0.7289686274213798 -0.6845471059287225
    outer loop
      vertex -32.2633523388954 0.8275579797510595 159.242647851356
      vertex 3.863688958200423 0.9008244208896844 159.32066868669415
      vertex 3.7810048884147984 0.8275579797510595 159.242647851356
    endloop
  endfacet
  facet normal -1 0 0
    outer loop
      vertex 4 8.393996636109605 135.95554416363484
      vertex 4 7.757359312880714 143.2824855787278
      vertex 4 7.902693717461714 143.44733510191153
    endloop
  endfacet
  facet normal -1 0 0
    outer loop
      vertex 4 3.37725428738967 143.37946919725155
      vertex 4 3.35657240279113 143.1606777118179
      vertex 4 2.0740669640340172 160.57004509761046
    endloop
  endfacet
  facet normal -1 0 0
    outer loop
      vertex 4 3.7229376117737036 144.17829622732387
      vertex 4 3.499638288484194 156.19928230795796
      vertex 4 3.8682720163547035 144.34314575050763
    endloop
  endfacet
  facet normal -1 0 0
    outer loop
      vertex 4 3.7229376117737036 144.17829622732387
      vertex 4 3.5994103361742606 143.9965313609943
      vertex 4 3.499638288484194 156.19928230795796
    endloop
  endfacet
  facet normal -1 0 0
    outer loop
      vertex 4 20.20698548842214 158.05158688088522
      vertex 4 20.051586880885232 158.20698548842213
      vertex 4 20.52288615824086 161.73074641843675
    endloop
  endfacet
  facet normal -1 0 0
    outer loop
      vertex 4 3.499638288484194 143.80071769204204
      vertex 4 3.4251949334965097 143.5939433189998
      vertex 4 3.499638288484194 156.19928230795796
    endloop
  endfacet
  facet normal -1 0 0
    outer loop
      vertex 4 3.4251949334965097 143.5939433189998
      vertex 4 3.37725428738967 143.37946919725155
      vertex 4 3.4251949334965115 156.4060566810002
    endloop
  endfacet
  facet normal -1 0 0
    outer loop
      vertex 4 3.35657240279113 143.1606777118179
      vertex 4 3.47711384175914 138.26925358156325
      vertex 4 2.0740669640340172 160.57004509761046
    endloop
  endfacet
  facet normal -1 0 0
    outer loop
      vertex 4 3.47711384175914 138.26925358156325
      vertex 4 2.0740669640340172 139.42995490238954
      vertex 4 2.0740669640340172 160.57004509761046
    endloop
  endfacet
  facet normal -1 0 0
    outer loop
      vertex 4 1.1112690929410574 154.09529171528524
      vertex 4 1.08055375019537 156.12120243795715
      vertex 4 2.0740669640340172 139.42995490238954
    endloop
  endfacet
  facet normal -1 0 0
    outer loop
      vertex 4 8.393996636109605 135.95554416363484
      vertex 4 7.902693717461714 143.44733510191153
      vertex 4 8.026220993061159 143.6290999682411
    endloop
  endfacet
  facet normal -1 0 0
    outer loop
      vertex 4 1.1264806576116202 152.0201618842324
      vertex 4 1.1112690929410574 154.09529171528524
      vertex 4 2.0740669640340172 139.42995490238954
    endloop
  endfacet
  facet normal -1 0 0
    outer loop
      vertex 4 20.1317279836453 155.65685424949237
      vertex 4 18.717514421272202 145.7573593128807
      vertex 4 18.717514421272202 154.2426406871193
    endloop
  endfacet
  facet normal -1 0 0
    outer loop
      vertex 4 18.717514421272202 145.7573593128807
      vertex 4 18.55266489808845 154.09730628253828
      vertex 4 18.717514421272202 154.2426406871193
    endloop
  endfacet
  facet normal -1 0 0
    outer loop
      vertex 4 18.55266489808845 154.09730628253828
      vertex 4 18.55266489808845 145.90269371746172
      vertex 4 18.370900031758893 153.97377900693886
    endloop
  endfacet
  facet normal -1 0 0
    outer loop
      vertex 4 18.55266489808845 145.90269371746172
      vertex 4 18.17508636280661 153.8740069592488
      vertex 4 18.370900031758893 153.97377900693886
    endloop
  endfacet
  facet normal -1 0 0
    outer loop
      vertex 4 17.53504638258247 146.26905892644427
      vertex 4 17.75383786801615 153.75162295815426
      vertex 4 17.75383786801615 146.24837704184574
    endloop
  endfacet
  facet normal 0 1 0
    outer loop
      vertex 4 -2.4713875622099373 149.08953746682496
      vertex -3.930757041228511 -2.4713875622099373 149.57665676441263
      vertex -3.8861293647020743 -2.4713875622099373 149.7140066297604
    endloop
  endfacet
  facet normal 0 1 0
    outer loop
      vertex 4 -2.4713875622099373 149.08953746682496
      vertex -3.9922473179495572 -2.4713875622099373 149.44598327478303
      vertex -3.930757041228511 -2.4713875622099373 149.57665676441263
    endloop
  endfacet
  facet normal 0 1 0
    outer loop
      vertex 4 -2.4713875622099373 149.08953746682496
      vertex -4.06963045646881 -2.4713875622099373 149.32404695986367
      vertex -3.9922473179495572 -2.4713875622099373 149.44598327478303
    endloop
  endfacet
  facet normal 0 1 0
    outer loop
      vertex 4 -2.4713875622099373 149.08953746682496
      vertex -4.161686078465377 -2.4713875622099373 149.21277082818202
      vertex -4.06963045646881 -2.4713875622099373 149.32404695986367
    endloop
  endfacet
  facet normal -1 0 0
    outer loop
      vertex 4 20.277062388226298 144.17829622732387
      vertex 4 20.1317279836453 144.34314575050763
      vertex 4 20.1317279836453 155.65685424949237
    endloop
  endfacet
  facet normal -1 0 0
    outer loop
      vertex 4 20.1317279836453 144.34314575050763
      vertex 4 18.717514421272202 145.7573593128807
      vertex 4 20.1317279836453 155.65685424949237
    endloop
  endfacet
  facet normal -1 0 0
    outer loop
      vertex 4 18.717514421272202 145.7573593128807
      vertex 4 18.55266489808845 145.90269371746172
      vertex 4 18.55266489808845 154.09730628253828
    endloop
  endfacet
  facet normal -1 0 0
    outer loop
      vertex 4 18.370900031758893 146.02622099306114
      vertex 4 18.17508636280661 153.8740069592488
      vertex 4 18.55266489808845 145.90269371746172
    endloop
  endfacet
  facet normal -1 0 0
    outer loop
      vertex 4 18.17508636280661 146.1259930407512
      vertex 4 17.968311989764395 153.7995636042611
      vertex 4 18.370900031758893 146.02622099306114
    endloop
  endfacet
  facet normal -1 0 0
    outer loop
      vertex 4 17.968311989764395 146.2004363957389
      vertex 4 17.968311989764395 153.7995636042611
      vertex 4 18.17508636280661 146.1259930407512
    endloop
  endfacet
  facet normal -1 0 0
    outer loop
      vertex 4 17.75383786801615 146.24837704184574
      vertex 4 17.968311989764395 153.7995636042611
      vertex 4 17.968311989764395 146.2004363957389
    endloop
  endfacet
  facet normal 0 1 0
    outer loop
      vertex -3.8861293647020743 -2.4713875622099373 149.7140066297604
      vertex -3.8590680934883506 -2.4713875622099373 149.85586678140106
      vertex 4 -2.4713875622099373 149.08953746682496
    endloop
  endfacet
  facet normal -1 0 0
    outer loop
      vertex 4 17.315388005888344 146.26215588385963
      vertex 4 17.53504638258247 153.73094107355573
      vertex 4 17.53504638258247 146.26905892644427
    endloop
  endfacet
  facet normal -1 0 0
    outer loop
      vertex 4 17.098326881751795 146.22777677919706
      vertex 4 17.315388005888344 153.73784411614037
      vertex 4 17.315388005888344 146.26215588385963
    endloop
  endfacet
  facet normal -1 0 0
    outer loop
      vertex 4 16.887286193766485 146.16646379147414
      vertex 4 17.098326881751795 153.77222322080294
      vertex 4 17.098326881751795 146.22777677919706
    endloop
  endfacet
  facet normal -1 0 0
    outer loop
      vertex 4 16.685594179651538 146.0791838631339
      vertex 4 16.887286193766485 153.83353620852586
      vertex 4 16.887286193766485 146.16646379147414
    endloop
  endfacet
  facet normal -1 0 0
    outer loop
      vertex 4 16.496431642954516 145.96731345078473
      vertex 4 16.322781789879354 154.16738318234243
      vertex 4 16.685594179651538 146.0791838631339
    endloop
  endfacet
  facet normal -1 0 0
    outer loop
      vertex 4 16.322781789879354 145.83261681765757
      vertex 4 16.322781789879354 154.16738318234243
      vertex 4 16.496431642954516 145.96731345078473
    endloop
  endfacet
  facet normal -1 0 0
    outer loop
      vertex 4 16.322781789879354 145.83261681765757
      vertex 4 16.167383182342437 145.67721821012066
      vertex 4 16.322781789879354 154.16738318234243
    endloop
  endfacet
  facet normal -1 0 0
    outer loop
      vertex 4 16.167383182342437 145.67721821012066
      vertex 4 16.03268654921526 145.50356835704548
      vertex 4 16.167383182342437 154.32278178987934
    endloop
  endfacet
  facet normal 0 1 0
    outer loop
      vertex 4 -2.4713875622099373 149.08953746682496
      vertex -4.266962411789007 -2.4713875622099373 149.11390977080785
      vertex -4.161686078465377 -2.4713875622099373 149.21277082818202
    endloop
  endfacet
  facet normal 0 1 0
    outer loop
      vertex 4 -2.4713875622099373 149.08953746682496
      vertex -4.300508010351281 -2.4713875622099373 149.08953746682496
      vertex -4.266962411789007 -2.4713875622099373 149.11390977080785
    endloop
  endfacet
  facet normal -1 0 0
    outer loop
      vertex 4 6.901673118248205 146.22777677919706
      vertex 4 7.112713806233517 153.83353620852586
      vertex 4 7.112713806233517 146.16646379147414
    endloop
  endfacet
  facet normal -1 0 0
    outer loop
      vertex 4 20.52288615824086 138.26925358156325
      vertex 4 20.051586880885232 141.79301451157787
      vertex 4 20.20698548842214 141.94841311911478
    endloop
  endfacet
  facet normal -1 0 0
    outer loop
      vertex 4 3.47711384175914 138.26925358156325
      vertex 4 4.311225508886954 141.5464474661015
      vertex 4 4.512917523001901 141.45916753776126
    endloop
  endfacet
  facet normal -7.219768496506351e-16 0.9921147013144783 0.12533323356430026
    outer loop
      vertex -4.784511488226417 -2.4437002296083037 148.870369661662
      vertex -4.644630456468811 -2.448237392768116 148.90628500626056
      vertex 4 -2.2431651355659845 147.282970938507
    endloop
  endfacet
  facet normal 1.959554891117624e-16 0.9921147013144778 0.12533323356430526
    outer loop
      vertex -4.92779090254129 -2.4414136174082204 148.8522692623075
      vertex -4.784511488226417 -2.4437002296083037 148.870369661662
      vertex 4 -2.2431651355659845 147.282970938507
    endloop
  endfacet
  facet normal 0 0.9921147013144779 0.12533323356430404
    outer loop
      vertex 4 -2.2431651355659845 147.282970938507
      vertex -5.07220909745871 -2.4414136174082204 148.8522692623075
      vertex -4.92779090254129 -2.4414136174082204 148.8522692623075
    endloop
  endfacet
  facet normal 9.990638656396279e-15 0.9921147013144705 0.1253332335643612
    outer loop
      vertex 4 -2.2431651355659845 147.282970938507
      vertex -5.215488511773583 -2.4437002296083032 148.870369661662
      vertex -5.07220909745871 -2.4414136174082204 148.8522692623075
    endloop
  endfacet
  facet normal -1 0 0
    outer loop
      vertex 4 21.925933035965983 139.42995490238954
      vertex 4 20.602145449961647 142.7239582109872
      vertex 4 20.63652455462423 142.94101933512377
    endloop
  endfacet
  facet normal -1 0 0
    outer loop
      vertex 4 21.925933035965983 139.42995490238954
      vertex 4 20.540832462238733 142.5129175230019
      vertex 4 20.602145449961647 142.7239582109872
    endloop
  endfacet
  facet normal -1 0 0
    outer loop
      vertex 4 20.540832462238733 142.5129175230019
      vertex 4 20.52288615824086 138.26925358156325
      vertex 4 20.45355253389848 142.31122550888696
    endloop
  endfacet
  facet normal -1 0 0
    outer loop
      vertex 4 20.52288615824086 138.26925358156325
      vertex 4 20.341682121549322 142.12206297218992
      vertex 4 20.45355253389848 142.31122550888696
    endloop
  endfacet
  facet normal -1 0 0
    outer loop
      vertex 4 20.52288615824086 138.26925358156325
      vertex 4 20.20698548842214 141.94841311911478
      vertex 4 20.341682121549322 142.12206297218992
    endloop
  endfacet
  facet normal -1 0 0
    outer loop
      vertex 4 21.925933035965983 139.42995490238954
      vertex 4 20.52288615824086 138.26925358156325
      vertex 4 20.540832462238733 142.5129175230019
    endloop
  endfacet
  facet normal -1 0 0
    outer loop
      vertex 4 7.314405820348464 146.0791838631339
      vertex 4 7.112713806233517 146.16646379147414
      vertex 4 7.314405820348464 153.9208161368661
    endloop
  endfacet
  facet normal -1 0 0
    outer loop
      vertex 4 5.447335101911547 145.90269371746172
      vertex 4 5.282485578727798 145.7573593128807
      vertex 4 5.282485578727798 154.2426406871193
    endloop
  endfacet
  facet normal -1 0 0
    outer loop
      vertex 4 5.447335101911547 145.90269371746172
      vertex 4 5.447335101911547 154.09730628253828
      vertex 4 5.629099968241107 146.02622099306114
    endloop
  endfacet
  facet normal -1 0 0
    outer loop
      vertex 4 5.629099968241107 146.02622099306114
      vertex 4 5.447335101911547 154.09730628253828
      vertex 4 5.82491363719339 146.1259930407512
    endloop
  endfacet
  facet normal -1 0 0
    outer loop
      vertex 4 3.47711384175914 138.26925358156325
      vertex 4 4.122062972189933 141.65831787845067
      vertex 4 4.311225508886954 141.5464474661015
    endloop
  endfacet
  facet normal -1 0 0
    outer loop
      vertex 4 5.82491363719339 146.1259930407512
      vertex 4 5.629099968241106 153.97377900693886
      vertex 4 6.031688010235605 146.2004363957389
    endloop
  endfacet
  facet normal -1 0 0
    outer loop
      vertex 4 6.031688010235605 146.2004363957389
      vertex 4 6.246162131983852 153.75162295815426
      vertex 4 6.246162131983852 146.24837704184574
    endloop
  endfacet
  facet normal -1 0 0
    outer loop
      vertex 4 6.246162131983852 146.24837704184574
      vertex 4 6.464953617417532 153.73094107355573
      vertex 4 6.464953617417532 146.26905892644427
    endloop
  endfacet
  facet normal -1 0 0
    outer loop
      vertex 4 6.464953617417532 146.26905892644427
      vertex 4 6.6846119941116555 153.73784411614037
      vertex 4 6.684611994111657 146.26215588385963
    endloop
  endfacet
  facet normal -1 0 0
    outer loop
      vertex 4 6.684611994111657 146.26215588385963
      vertex 4 6.9016731182482065 153.77222322080294
      vertex 4 6.901673118248205 146.22777677919706
    endloop
  endfacet
  facet normal 0 1 0
    outer loop
      vertex -3.85 -2.4713875622099373 150
      vertex -3.8590680934883506 -2.4713875622099373 150.14413321859894
      vertex 4 -2.4713875622099373 149.08953746682496
    endloop
  endfacet
  facet normal 0 1 0
    outer loop
      vertex -3.8590680934883506 -2.4713875622099373 149.85586678140106
      vertex -3.85 -2.4713875622099373 150
      vertex 4 -2.4713875622099373 149.08953746682496
    endloop
  endfacet
  facet normal -1.339381722356682e-15 0.728968627421409 0.6845471059286915
    outer loop
      vertex 2.8416452375430303 0.9698780401767919 140.6057966775821
      vertex 2.9478257099683485 1.03036078185293 140.54138909949071
      vertex -8.381966011250105 1.8244294954150537 139.6957918057612
    endloop
  endfacet
  facet normal -1 0 0
    outer loop
      vertex 4 18.985428274474874 137.29355313936398
      vertex 4 18.199282307957972 141.4996382884842
      vertex 4 18.406056681000187 141.4251949334965
    endloop
  endfacet
  facet normal -1 0 0
    outer loop
      vertex 4 18.985428274474874 137.29355313936398
      vertex 4 18.00346863900569 141.59941033617426
      vertex 4 18.199282307957972 141.4996382884842
    endloop
  endfacet
  facet normal -1 0 0
    outer loop
      vertex 4 20.52288615824086 138.26925358156325
      vertex 4 18.985428274474874 137.29355313936398
      vertex 4 19.058980664876238 141.36347544537577
    endloop
  endfacet
  facet normal -1 0 0
    outer loop
      vertex 4 18.00346863900569 141.59941033617426
      vertex 4 17.33780601392783 136.51824095462035
      vertex 4 17.82170377267613 141.72293761177372
    endloop
  endfacet
  facet normal -1 0 0
    outer loop
      vertex 4 17.33780601392783 136.51824095462035
      vertex 4 17.65685424949238 141.8682720163547
      vertex 4 17.82170377267613 141.72293761177372
    endloop
  endfacet
  facet normal -1 0 0
    outer loop
      vertex 4 17.65685424949238 141.8682720163547
      vertex 4 15.606003363890395 135.95554416363484
      vertex 4 16.242640687119284 143.2824855787278
    endloop
  endfacet
  facet normal -1 0 0
    outer loop
      vertex 4 18.985428274474874 137.29355313936398
      vertex 4 17.33780601392783 136.51824095462035
      vertex 4 18.00346863900569 141.59941033617426
    endloop
  endfacet
  facet normal -1 0 0
    outer loop
      vertex 4 17.33780601392783 136.51824095462035
      vertex 4 15.606003363890395 135.95554416363484
      vertex 4 17.65685424949238 141.8682720163547
    endloop
  endfacet
  facet normal 1.549278384853109e-13 0.728968627422638 0.6845471059273825
    outer loop
      vertex 3.3048572714928137 1.123535216070444 140.44216840476562
      vertex 3.430438310551438 1.123535216070444 140.4421684047656
      vertex -8.381966011250105 1.8244294954150537 139.6957918057612
    endloop
  endfacet
  facet normal -1.3980975999320633e-14 0.7289686274213104 0.6845471059287963
    outer loop
      vertex 3.0616330757704513 1.0765777251200201 140.49217305372082
      vertex 3.181272524805413 1.107800001174077 140.4589247067145
      vertex -8.381966011250105 1.8244294954150537 139.6957918057612
    endloop
  endfacet
  facet normal 1.4745132177657187e-14 0.7289686274215165 0.684547105928577
    outer loop
      vertex 2.9478257099683485 1.03036078185293 140.54138909949071
      vertex 3.0616330757704513 1.0765777251200201 140.49217305372082
      vertex -8.381966011250105 1.8244294954150537 139.6957918057612
    endloop
  endfacet
  facet normal -1 0 0
    outer loop
      vertex 4 18.985428274474874 137.29355313936398
      vertex 4 18.406056681000187 141.4251949334965
      vertex 4 18.620530802748434 141.37725428738966
    endloop
  endfacet
  facet normal -3.1283234734225653e-16 0.7289686274214152 0.6845471059286847
    outer loop
      vertex 2.744766187973784 0.8960833490584775 140.6843800420133
      vertex 2.8416452375430303 0.9698780401767919 140.6057966775821
      vertex -8.381966011250105 1.8244294954150537 139.6957918057612
    endloop
  endfacet
  facet normal -4.4687987315106197e-14 0.7289686274210783 0.6845471059290434
    outer loop
      vertex 3.181272524805413 1.107800001174077 140.4589247067145
      vertex 3.3048572714928137 1.123535216070444 140.44216840476562
      vertex -8.381966011250105 1.8244294954150537 139.6957918057612
    endloop
  endfacet
  facet normal -6.372347156978145e-16 0.7289686274213972 0.6845471059287038
    outer loop
      vertex 2.6761555578623812 0.8275579797510542 140.757352148644
      vertex 2.744766187973784 0.8960833490584775 140.6843800420133
      vertex -9.62523737082855 1.0354254985426228 140.5359957240143
    endloop
  endfacet
  facet normal 0 0.6374239897486886 0.7705132427757899
    outer loop
      vertex 4 3.47711384175914 138.26925358156325
      vertex -8.058967744347429 3.47711384175914 138.26925358156325
      vertex -8.015770597371045 3.2506664671286085 138.4565871418342
    endloop
  endfacet
  facet normal -1 0 0
    outer loop
      vertex 4 15.751622958154254 144.24616213198385
      vertex 4 15.606003363890395 135.95554416363484
      vertex 4 15.730941073555714 144.46495361741754
    endloop
  endfacet
  facet normal -1 0 0
    outer loop
      vertex 4 15.874006959248778 143.8249136371934
      vertex 4 15.606003363890395 135.95554416363484
      vertex 4 15.799563604261094 144.0316880102356
    endloop
  endfacet
  facet normal -1 0 0
    outer loop
      vertex 4 15.606003363890395 135.95554416363484
      vertex 4 15.751622958154254 144.24616213198385
      vertex 4 15.799563604261094 144.0316880102356
    endloop
  endfacet
  facet normal -1 0 0
    outer loop
      vertex 4 16.097306282538284 143.44733510191153
      vertex 4 15.606003363890395 135.95554416363484
      vertex 4 15.973779006938843 143.62909996824112
    endloop
  endfacet
  facet normal -1 0 0
    outer loop
      vertex 4 15.606003363890395 135.95554416363484
      vertex 4 16.097306282538284 143.44733510191153
      vertex 4 16.242640687119284 143.2824855787278
    endloop
  endfacet
  facet normal -1 0 0
    outer loop
      vertex 4 15.606003363890395 135.95554416363484
      vertex 4 15.874006959248778 143.8249136371934
      vertex 4 15.973779006938843 143.62909996824112
    endloop
  endfacet
  facet normal -1 0 0
    outer loop
      vertex 4 3.47711384175914 138.26925358156325
      vertex 4 3.94841311911477 141.79301451157787
      vertex 4 4.122062972189933 141.65831787845067
    endloop
  endfacet
  facet normal -6.5034960241785895e-16 0.6374239897486972 0.770513242775783
    outer loop
      vertex 4 2.0740669640340172 139.42995490238954
      vertex 4 3.47711384175914 138.26925358156325
      vertex -8 3 138.66395647788573
    endloop
  endfacet
  facet normal -1 0 0
    outer loop
      vertex 4 7.314405820348464 146.0791838631339
      vertex 4 7.314405820348464 153.9208161368661
      vertex 4 7.503568357045484 145.96731345078473
    endloop
  endfacet
  facet normal -1 0 0
    outer loop
      vertex 4 7.677218210120647 145.83261681765757
      vertex 4 7.503568357045484 145.96731345078473
      vertex 4 7.314405820348464 153.9208161368661
    endloop
  endfacet
  facet normal -1 0 0
    outer loop
      vertex 4 7.832616817657562 145.67721821012066
      vertex 4 7.677218210120647 145.83261681765757
      vertex 4 7.832616817657562 154.32278178987934
    endloop
  endfacet
  facet normal -1 0 0
    outer loop
      vertex 4 16.03268654921526 145.50356835704548
      vertex 4 15.9208161368661 145.31440582034847
      vertex 4 16.03268654921526 154.49643164295452
    endloop
  endfacet
  facet normal -1 0 0
    outer loop
      vertex 4 15.9208161368661 145.31440582034847
      vertex 4 15.83353620852585 145.11271380623353
      vertex 4 15.9208161368661 154.68559417965153
    endloop
  endfacet
  facet normal -1 0 0
    outer loop
      vertex 4 15.83353620852585 145.11271380623353
      vertex 4 15.772223220802935 144.9016731182482
      vertex 4 15.83353620852585 154.88728619376647
    endloop
  endfacet
  facet normal -1 0 0
    outer loop
      vertex 4 15.772223220802935 144.9016731182482
      vertex 4 15.737844116140353 144.68461199411166
      vertex 4 15.772223220802935 155.0983268817518
    endloop
  endfacet
  facet normal -1 0 0
    outer loop
      vertex 4 15.730941073555714 144.46495361741754
      vertex 4 15.606003363890395 135.95554416363484
      vertex 4 15.606003363890395 164.04445583636516
    endloop
  endfacet
  facet normal 0 0.18738131458572527 0.9822872507286885
    outer loop
      vertex -20.55599354251186 8.393996636109605 135.95554416363484
      vertex 4 8.393996636109605 135.95554416363484
      vertex 4 10.182668113317591 135.61433683094006
    endloop
  endfacet
  facet normal -1 0 0
    outer loop
      vertex 4 5.014571725525127 137.29355313936398
      vertex 4 3.47711384175914 138.26925358156325
      vertex 4 4.941019335123761 141.36347544537577
    endloop
  endfacet
  facet normal 0 0.6374239897486972 -0.770513242775783
    outer loop
      vertex 4 2.0740669640340172 160.57004509761046
      vertex -31.801439875030436 3.47711384175914 161.73074641843675
      vertex 4 3.47711384175914 161.73074641843675
    endloop
  endfacet
  facet normal 4.2419336722183397e-16 0.9921147013144775 0.12533323356430626
    outer loop
      vertex -4.644630456468811 -2.448237392768116 148.90628500626056
      vertex -4.510353814700167 -2.454953553114265 148.9594488896641
      vertex 4 -2.2431651355659845 147.282970938507
    endloop
  endfacet
  facet normal -9.543084006688766e-16 0.7289686274214069 0.6845471059286935
    outer loop
      vertex 3.430438310551438 1.123535216070444 140.4421684047656
      vertex 4 2.0740669640340172 139.42995490238954
      vertex -8.381966011250105 1.8244294954150537 139.6957918057612
    endloop
  endfacet
  facet normal -1 0 0
    outer loop
      vertex 4 15.606003363890395 135.95554416363484
      vertex 4 13.817331886682409 135.61433683094006
      vertex 4 13.817331886682412 164.38566316905994
    endloop
  endfacet
  facet normal -1 0 0
    outer loop
      vertex 4 13.817331886682409 135.61433683094006
      vertex 4 12 135.5
      vertex 4 12 164.5
    endloop
  endfacet
  facet normal -1 0 0
    outer loop
      vertex 4 20.52288615824086 138.26925358156325
      vertex 4 19.877937027810066 141.65831787845067
      vertex 4 20.051586880885232 141.79301451157787
    endloop
  endfacet
  facet normal -1 0 0
    outer loop
      vertex 4 20.52288615824086 138.26925358156325
      vertex 4 19.688774491113044 141.5464474661015
      vertex 4 19.877937027810066 141.65831787845067
    endloop
  endfacet
  facet normal -1 0 0
    outer loop
      vertex 4 20.52288615824086 138.26925358156325
      vertex 4 19.487082476998097 141.45916753776126
      vertex 4 19.688774491113044 141.5464474661015
    endloop
  endfacet
  facet normal -1 0 0
    outer loop
      vertex 4 20.52288615824086 138.26925358156325
      vertex 4 19.276041789012787 141.39785455003835
      vertex 4 19.487082476998097 141.45916753776126
    endloop
  endfacet
  facet normal -1 0 0
    outer loop
      vertex 4 20.52288615824086 138.26925358156325
      vertex 4 19.058980664876238 141.36347544537577
      vertex 4 19.276041789012787 141.39785455003835
    endloop
  endfacet
  facet normal -1 0 0
    outer loop
      vertex 4 19.058980664876238 141.36347544537577
      vertex 4 18.985428274474874 137.29355313936398
      vertex 4 18.839322288182114 141.35657240279113
    endloop
  endfacet
  facet normal -1 0 0
    outer loop
      vertex 4 18.985428274474874 137.29355313936398
      vertex 4 18.620530802748434 141.37725428738966
      vertex 4 18.839322288182114 141.35657240279113
    endloop
  endfacet
  facet normal -1 0 0
    outer loop
      vertex 4 5.014571725525127 137.29355313936398
      vertex 4 5.593943318999813 141.4251949334965
      vertex 4 5.800717692042028 141.4996382884842
    endloop
  endfacet
  facet normal 1.7560091811914462e-14 -0.9685831611286314 0.24868988716485368
    outer loop
      vertex 3.752613360087727 26.179880267760545 147.03649265179658
      vertex 4 25.790319486279728 145.51925358156325
      vertex 4 26.243165135565988 147.282970938507
    endloop
  endfacet
  facet normal -3.1004873365917948e-15 0.18738131458572507 -0.9822872507286885
    outer loop
      vertex -45.977542744855576 9.113286268615244 164.18166767211565
      vertex -46.57259087885634 8.39399663610961 164.04445583636516
      vertex -47 10.182668113317591 164.38566316905994
    endloop
  endfacet
  facet normal 0 0.1873813145857258 -0.9822872507286884
    outer loop
      vertex -46.57259087885634 8.39399663610961 164.04445583636516
      vertex -47 8.39399663610961 164.04445583636516
      vertex -47 10.182668113317591 164.38566316905994
    endloop
  endfacet
  facet normal 0 0.3090169943749943 -0.9510565162951383
    outer loop
      vertex -46.57259087885634 8.39399663610961 164.04445583636516
      vertex -46.63393935387457 8.319839068798279 164.020360582121
      vertex -47 8.39399663610961 164.04445583636516
    endloop
  endfacet
  facet normal -1.4005992184549718e-14 0.30901699437493185 -0.9510565162951587
    outer loop
      vertex -46.63393935387457 8.319839068798279 164.020360582121
      vertex -47 7.743019789047389 163.83294063696306
      vertex -47 8.39399663610961 164.04445583636516
    endloop
  endfacet
  facet normal -1 0 0
    outer loop
      vertex 4 6.662193986072171 136.51824095462035
      vertex 4 5.014571725525127 137.29355313936398
      vertex 4 5.996531360994311 141.59941033617426
    endloop
  endfacet
  facet normal -6.494361163416305e-15 -0.9685831611286324 0.24868988716484997
    outer loop
      vertex 3.618033988749895 26.125431703559933 146.82442949541505
      vertex 4 25.790319486279728 145.51925358156325
      vertex 3.752613360087727 26.179880267760545 147.03649265179658
    endloop
  endfacet
  facet normal -1 0 0
    outer loop
      vertex 4 5.014571725525127 137.29355313936398
      vertex 4 5.800717692042028 141.4996382884842
      vertex 4 5.996531360994311 141.59941033617426
    endloop
  endfacet
  facet normal 2.0836938424700445e-14 -0.9685831611286304 0.2486898871648575
    outer loop
      vertex 3.4579372548428235 26.075743260835793 146.63090578814263
      vertex 4 25.790319486279728 145.51925358156325
      vertex 3.618033988749895 26.125431703559933 146.82442949541505
    endloop
  endfacet
  facet normal -2.024900540767366e-14 -0.9685831611286353 0.2486898871648387
    outer loop
      vertex 3.27484797949738 26.031598556012327 146.45897351444842
      vertex 4 25.790319486279728 145.51925358156325
      vertex 3.4579372548428235 26.075743260835793 146.63090578814263
    endloop
  endfacet
  facet normal 1.336287503429724e-14 -0.968583161128629 0.24868988716486304
    outer loop
      vertex 3.071653589957992 25.993693777455356 146.31134414899597
      vertex 4 25.790319486279728 145.51925358156325
      vertex 3.27484797949738 26.031598556012327 146.45897351444842
    endloop
  endfacet
  facet normal -6.809269169291265e-15 0.1873813145857217 -0.9822872507286893
    outer loop
      vertex -45.226876715939255 9.818208590761472 164.31613879683664
      vertex -45.977542744855576 9.113286268615244 164.18166767211565
      vertex -47 10.182668113317591 164.38566316905994
    endloop
  endfacet
  facet normal 5.8026985030200685e-15 -0.9685831611286312 0.2486898871648547
    outer loop
      vertex 2.851558583130145 25.96262670616595 146.19034589506796
      vertex 4 25.790319486279728 145.51925358156325
      vertex 3.071653589957992 25.993693777455356 146.31134414899597
    endloop
  endfacet
  facet normal -3.994443058284962e-15 -0.9685831611286353 0.24868988716483897
    outer loop
      vertex 2.618033988749895 25.93888728841691 146.0978869674097
      vertex 4 25.790319486279728 145.51925358156325
      vertex 2.851558583130145 25.96262670616595 146.19034589506796
    endloop
  endfacet
  facet normal -1 0 0
    outer loop
      vertex 4 5.014571725525127 137.29355313936398
      vertex 4 5.379469197251566 141.37725428738966
      vertex 4 5.593943318999813 141.4251949334965
    endloop
  endfacet
  facet normal -1 0 0
    outer loop
      vertex 4 5.014571725525127 137.29355313936398
      vertex 4 5.160677711817885 141.35657240279113
      vertex 4 5.379469197251566 141.37725428738966
    endloop
  endfacet
  facet normal -1 0 0
    outer loop
      vertex 4 5.014571725525127 137.29355313936398
      vertex 4 4.941019335123761 141.36347544537577
      vertex 4 5.160677711817885 141.35657240279113
    endloop
  endfacet
  facet normal 3.6921566109783495e-15 -0.9685831611286307 0.24868988716485618
    outer loop
      vertex 2.3747626291714496 25.92284990900738 146.03542549854262
      vertex 4 25.790319486279728 145.51925358156325
      vertex 2.618033988749895 25.93888728841691 146.0978869674097
    endloop
  endfacet
  facet normal -1 0 0
    outer loop
      vertex 4 -0.8241780006950367 145.82749842813217
      vertex 4 -0.778443279177781 143.88275663615804
      vertex 4 -1.119992260757284 143.82620027230644
    endloop
  endfacet
  facet normal -1 0 0
    outer loop
      vertex 4 -0.778443279177781 143.88275663615804
      vertex 4 -0.7548358839187264 143.16198328863547
      vertex 4 -1.119992260757284 143.82620027230644
    endloop
  endfacet
  facet normal -7.551636704759481e-14 0.8763066800438594 0.48175367410172265
    outer loop
      vertex 4 -1.119992260757284 143.82620027230644
      vertex 3.959321811344536 -0.778615639790605 143.20523850398843
      vertex 3.8476060074752647 -0.8248237207433093 143.2892906912112
    endloop
  endfacet
  facet normal 1.9894226229325917e-13 0.8763066800438671 0.48175367410170883
    outer loop
      vertex 4 -1.119992260757284 143.82620027230644
      vertex 4 -0.7548358839187264 143.16198328863547
      vertex 3.959321811344536 -0.778615639790605 143.20523850398843
    endloop
  endfacet
  facet normal -1 0 0
    outer loop
      vertex 4 25.790319486279728 145.51925358156325
      vertex 4 25.119992260757282 143.82620027230644
      vertex 4 26.333746971232195 148
    endloop
  endfacet
  facet normal -1 0 0
    outer loop
      vertex 4 20.52288615824086 161.73074641843675
      vertex 4 20.63652455462423 157.05898066487623
      vertex 4 20.602145449961647 157.2760417890128
    endloop
  endfacet
  facet normal -1 0 0
    outer loop
      vertex 4 20.540832462238733 157.4870824769981
      vertex 4 20.45355253389848 157.68877449111304
      vertex 4 20.52288615824086 161.73074641843675
    endloop
  endfacet
  facet normal -1 0 0
    outer loop
      vertex 4 20.52288615824086 161.73074641843675
      vertex 4 20.602145449961647 157.2760417890128
      vertex 4 20.540832462238733 157.4870824769981
    endloop
  endfacet
  facet normal -1 0 0
    outer loop
      vertex 4 20.45355253389848 157.68877449111304
      vertex 4 20.341682121549322 157.87793702781008
      vertex 4 20.52288615824086 161.73074641843675
    endloop
  endfacet
  facet normal -2.4420957264719852e-14 0.06279051952927754 -0.9980267284282738
    outer loop
      vertex -44.39377971882777 10.423488989116521 164.40081433432854
      vertex -44.72524121834945 10.182668113317591 164.38566316905994
      vertex -47 12 164.5
    endloop
  endfacet
  facet normal 0 0.18738131458575366 -0.9822872507286832
    outer loop
      vertex -44.72524121834945 10.182668113317591 164.38566316905994
      vertex -45.226876715939255 9.818208590761472 164.31613879683664
      vertex -47 10.182668113317591 164.38566316905994
    endloop
  endfacet
  facet normal 8.249099178540387e-14 -0.992114701314478 0.12533323356430248
    outer loop
      vertex 3.984229402628956 26.302080432242555 147.7493335328714
      vertex 4 26.243165135565988 147.282970938507
      vertex 4 26.333746971232195 148
    endloop
  endfacet
  facet normal -6.727181816446469e-15 -0.9921147013144784 0.1253332335642995
    outer loop
      vertex 3.937166322257262 26.270913293489457 147.50262022567028
      vertex 4 26.243165135565988 147.282970938507
      vertex 3.984229402628956 26.302080432242555 147.7493335328714
    endloop
  endfacet
  facet normal 0 -0.9921147013144782 0.1253332335643014
    outer loop
      vertex 3.8657979425943894 26.243165135565988 147.282970938507
      vertex 4 26.243165135565988 147.282970938507
      vertex 3.937166322257262 26.270913293489457 147.50262022567028
    endloop
  endfacet
  facet normal 0 -0.9685831611285705 0.24868988716509102
    outer loop
      vertex 3.8595529717765027 26.238230267054185 147.26375089463065
      vertex 4 26.243165135565988 147.282970938507
      vertex 3.8657979425943894 26.243165135565988 147.282970938507
    endloop
  endfacet
  facet normal -1 0 0
    outer loop
      vertex 4 20.341682121549322 157.87793702781008
      vertex 4 20.20698548842214 158.05158688088522
      vertex 4 20.52288615824086 161.73074641843675
    endloop
  endfacet
  facet normal 3.736036505471436e-14 -0.9685831611286362 0.24868988716483495
    outer loop
      vertex 3.752613360087727 26.179880267760545 147.03649265179658
      vertex 4 26.243165135565988 147.282970938507
      vertex 3.8595529717765027 26.238230267054185 147.26375089463065
    endloop
  endfacet
  facet normal 2.9102592714100766e-16 0.9921147013144777 0.1253332335643056
    outer loop
      vertex -4.510353814700167 -2.454953553114265 148.9594488896641
      vertex -4.383799185774154 -2.463742792786042 149.02902288567267
      vertex 4 -2.2431651355659845 147.282970938507
    endloop
  endfacet
  facet normal -1 0 0
    outer loop
      vertex 4 20.52288615824086 161.73074641843675
      vertex 4 20.64342759720887 156.8393222881821
      vertex 4 20.63652455462423 157.05898066487623
    endloop
  endfacet
  facet normal -1 0 0
    outer loop
      vertex 4 7.757359312880714 143.2824855787278
      vertex 4 6.662193986072171 136.51824095462035
      vertex 4 6.343145750507619 141.8682720163547
    endloop
  endfacet
  facet normal -1 0 0
    outer loop
      vertex 4 6.662193986072171 136.51824095462035
      vertex 4 6.17829622732387 141.72293761177372
      vertex 4 6.343145750507619 141.8682720163547
    endloop
  endfacet
  facet normal -1 0 0
    outer loop
      vertex 4 5.996531360994311 141.59941033617426
      vertex 4 6.17829622732387 141.72293761177372
      vertex 4 6.662193986072171 136.51824095462035
    endloop
  endfacet
  facet normal -1 0 0
    outer loop
      vertex 4 8.393996636109605 135.95554416363484
      vertex 4 6.662193986072171 136.51824095462035
      vertex 4 7.757359312880714 143.2824855787278
    endloop
  endfacet
  facet normal 0 0.06279051952930799 -0.998026728428272
    outer loop
      vertex -47 10.182668113317591 164.38566316905994
      vertex -47 12 164.5
      vertex -44.72524121834945 10.182668113317591 164.38566316905994
    endloop
  endfacet
  facet normal 1.1215118498995571e-15 -0.9685831611286327 -0.24868988716484872
    outer loop
      vertex 4 25.790319486279728 154.48074641843675
      vertex 2.1255810390586265 25.91476748699091 153.99605345685654
      vertex 2.374762629171449 25.92284990900738 153.96457450145738
    endloop
  endfacet
  facet normal -1 0 0
    outer loop
      vertex 4 26.243165135565988 147.282970938507
      vertex 4 25.790319486279728 145.51925358156325
      vertex 4 26.333746971232195 148
    endloop
  endfacet
  facet normal 0 -0.9685831611286336 -0.24868988716484464
    outer loop
      vertex 4 25.790319486279728 154.48074641843675
      vertex 1.8744189609413735 25.91476748699091 153.99605345685654
      vertex 2.1255810390586265 25.91476748699091 153.99605345685654
    endloop
  endfacet
  facet normal -3.743154767379052e-15 -0.968583161128638 -0.24868988716482832
    outer loop
      vertex 4 25.790319486279728 154.48074641843675
      vertex 1.6252373708285508 25.92284990900738 153.96457450145738
      vertex 1.8744189609413735 25.91476748699091 153.99605345685654
    endloop
  endfacet
  facet normal -8.054399744162595e-16 0.9297764858882526 -0.36812455268467514
    outer loop
      vertex -46.76076599480999 -1.119992260757284 156.17379972769356
      vertex -46.74222281288486 -1.1492116399928125 156.1
      vertex -47 -1.1492116399928127 156.1
    endloop
  endfacet
  facet normal -1 0 0
    outer loop
      vertex 4 20.62274571261033 156.62053080274845
      vertex 4 20.62274571261033 143.37946919725155
      vertex 4 20.574805066503487 143.5939433189998
    endloop
  endfacet
  facet normal -1 0 0
    outer loop
      vertex 4 20.574805066503487 143.5939433189998
      vertex 4 20.500361711515808 143.80071769204204
      vertex 4 20.57480506650349 156.4060566810002
    endloop
  endfacet
  facet normal -1 0 0
    outer loop
      vertex 4 20.40058966382574 143.9965313609943
      vertex 4 20.1317279836453 155.65685424949237
      vertex 4 20.500361711515808 143.80071769204204
    endloop
  endfacet
  facet normal -1 0 0
    outer loop
      vertex 4 21.925933035965983 139.42995490238954
      vertex 4 20.62274571261033 143.37946919725155
      vertex 4 20.62274571261033 156.62053080274845
    endloop
  endfacet
  facet normal 0 0.06279051952932105 0.9980267284282711
    outer loop
      vertex 4 12 135.5
      vertex -40.51488226014037 11.683819173111827 135.51989241151566
      vertex -39.48511773985963 11.683819173111827 135.51989241151566
    endloop
  endfacet
  facet normal 7.23395696391057e-17 0.06279051952931147 0.9980267284282718
    outer loop
      vertex 4 12 135.5
      vertex -39.48511773985963 11.683819173111827 135.51989241151566
      vertex -38.463473220397056 11.554755455975247 135.52801241233382
    endloop
  endfacet
  facet normal 4.90083785564166e-16 0.06279051952927175 0.9980267284282741
    outer loop
      vertex 4 12 135.5
      vertex -38.463473220397056 11.554755455975247 135.52801241233382
      vertex -37.466060646125435 11.29866343362026 135.5441243567066
    endloop
  endfacet
  facet normal -1.0702247302770556e-15 0.06279051952936365 0.9980267284282683
    outer loop
      vertex 4 12 135.5
      vertex -37.466060646125435 11.29866343362026 135.5441243567066
      vertex -36.5086098091664 10.91958183022136 135.56797414964643
    endloop
  endfacet
  facet normal 4.765577029399756e-16 0.06279051952930588 0.998026728428272
    outer loop
      vertex 4 12 135.5
      vertex -36.5086098091664 10.91958183022136 135.56797414964643
      vertex -35.60622028117223 10.423488989116523 135.59918566567146
    endloop
  endfacet
  facet normal 2.8139816768233353e-15 0.0627905195292475 0.9980267284282757
    outer loop
      vertex 4 12 135.5
      vertex -35.60622028117223 10.423488989116523 135.59918566567146
      vertex -35.27475878165054 10.182668113317591 135.61433683094006
    endloop
  endfacet
  facet normal 0 0.9297764858882516 -0.3681245526846773
    outer loop
      vertex -47 -1.1492116399928127 156.1
      vertex -47 -1.119992260757284 156.17379972769356
      vertex -46.76076599480999 -1.119992260757284 156.17379972769356
    endloop
  endfacet
  facet normal 1.1308577819820548e-15 -0.9685831611286326 0.2486898871648486
    outer loop
      vertex 2.1255810390586274 25.91476748699091 146.00394654314346
      vertex 4 25.790319486279728 145.51925358156325
      vertex 2.3747626291714496 25.92284990900738 146.03542549854262
    endloop
  endfacet
  facet normal 0 0.8763066800438648 -0.48175367410171294
    outer loop
      vertex -47 -0.7430197890473895 156.85951010814472
      vertex -46.76076599480999 -1.119992260757284 156.17379972769356
      vertex -47 -1.119992260757284 156.17379972769356
    endloop
  endfacet
  facet normal -1 0 0
    outer loop
      vertex 4 23.172442020248944 140.757352148644
      vertex 4 22 148
      vertex 4 26.333746971232195 148
    endloop
  endfacet
  facet normal -1 0 0
    outer loop
      vertex 4 23.172442020248944 140.757352148644
      vertex 4 21.925933035965983 139.42995490238954
      vertex 4 22 148
    endloop
  endfacet
  facet normal -1 0 0
    outer loop
      vertex 4 21.925933035965983 139.42995490238954
      vertex 4 20.64342759720887 143.1606777118179
      vertex 4 20.62274571261033 143.37946919725155
    endloop
  endfacet
  facet normal -1 0 0
    outer loop
      vertex 4 21.925933035965983 139.42995490238954
      vertex 4 20.63652455462423 142.94101933512377
      vertex 4 20.64342759720887 143.1606777118179
    endloop
  endfacet
  facet normal -1 0 0
    outer loop
      vertex 4 4.941019335123761 141.36347544537577
      vertex 4 3.47711384175914 138.26925358156325
      vertex 4 4.723958210987211 141.39785455003835
    endloop
  endfacet
  facet normal -1.518904145385769e-15 -0.9685831611286336 0.24868988716484497
    outer loop
      vertex -6.720379855302308 26.243165135565988 147.282970938507
      vertex 4 25.790319486279728 145.51925358156325
      vertex 1.6252373708285504 25.922849909007383 146.03542549854262
    endloop
  endfacet
  facet normal -1 0 0
    outer loop
      vertex 4 3.47711384175914 138.26925358156325
      vertex 4 4.512917523001901 141.45916753776126
      vertex 4 4.723958210987211 141.39785455003835
    endloop
  endfacet
  facet normal -1 0 0
    outer loop
      vertex 4 5.282485578727798 145.7573593128807
      vertex 4 3.8682720163547035 144.34314575050763
      vertex 4 5.282485578727798 154.2426406871193
    endloop
  endfacet
  facet normal -3.981136133251749e-16 0.992114701314478 0.12533323356430234
    outer loop
      vertex -4.383799185774154 -2.463742792786042 149.02902288567267
      vertex -4.300508010351281 -2.4713875622099373 149.08953746682496
      vertex 4 -2.2431651355659845 147.282970938507
    endloop
  endfacet
  facet normal -1 0 0
    outer loop
      vertex 4 20.1317279836453 155.65685424949237
      vertex 4 20.40058966382574 143.9965313609943
      vertex 4 20.277062388226298 144.17829622732387
    endloop
  endfacet
  facet normal -1 0 0
    outer loop
      vertex 4 25.119992260757282 143.82620027230644
      vertex 4 24.242754919779216 142.23051147280455
      vertex 4 26.333746971232195 148
    endloop
  endfacet
  facet normal 0 -0.9685831611286336 0.24868988716484447
    outer loop
      vertex 1.8744189609413726 25.91476748699091 146.00394654314346
      vertex 4 25.790319486279728 145.51925358156325
      vertex 2.1255810390586274 25.91476748699091 146.00394654314346
    endloop
  endfacet
  facet normal -3.474895342383686e-14 -0.9685831611286705 0.2486898871647016
    outer loop
      vertex 1.6252373708285504 25.922849909007383 146.03542549854262
      vertex 4 25.790319486279728 145.51925358156325
      vertex 1.8744189609413726 25.91476748699091 146.00394654314346
    endloop
  endfacet
  facet normal -1 0 0
    outer loop
      vertex 4 24.242754919779216 142.23051147280455
      vertex 4 23.172442020248944 140.757352148644
      vertex 4 26.333746971232195 148
    endloop
  endfacet
  facet normal 4.788258523099301e-14 0.8763066800438744 0.48175367410169584
    outer loop
      vertex 4 -1.119992260757284 143.82620027230644
      vertex 3.8476060074752647 -0.8248237207433093 143.2892906912112
      vertex 3.729379532112616 -0.8560400097803402 143.34607291017474
    endloop
  endfacet
  facet normal -4.008857803443947e-14 0.8763066800438534 0.4817536741017339
    outer loop
      vertex 4 -1.119992260757284 143.82620027230644
      vertex 3.729379532112616 -0.8560400097803402 143.34607291017474
      vertex 3.6065068873981216 -0.871772207375876 143.3746896713659
    endloop
  endfacet
  facet normal 1.0895522297847072e-13 0.8763066800439083 0.48175367410163383
    outer loop
      vertex 4 -1.119992260757284 143.82620027230644
      vertex 3.6065068873981216 -0.871772207375876 143.3746896713659
      vertex 3.4809258483394943 -0.871772207375876 143.37468967136593
    endloop
  endfacet
  facet normal -1.6763694703447723e-14 0.3090169943750203 0.9510565162951299
    outer loop
      vertex -27.984229402628955 8.250666467128609 136.00211495860117
      vertex -27.95688771061012 8.393996636109605 135.95554416363484
      vertex -32.81428522364032 7.450380127634065 136.26214375292906
    endloop
  endfacet
  facet normal 9.143389696845213e-16 0.30901699437492386 0.9510565162951613
    outer loop
      vertex -27.984229402628955 8.250666467128609 136.00211495860117
      vertex -32.81428522364032 7.450380127634065 136.26214375292906
      vertex -28 8 136.08356143095637
    endloop
  endfacet
  facet normal 0 0.18738131458565022 0.9822872507287029
    outer loop
      vertex -27.937166322257262 8.49737977432971 135.935822775282
      vertex -33.42740912114366 8.393996636109605 135.95554416363484
      vertex -27.95688771061012 8.393996636109605 135.95554416363484
    endloop
  endfacet
  facet normal -8.040022452767127e-16 0.18738131458569135 0.982287250728695
    outer loop
      vertex -27.937166322257262 8.49737977432971 135.935822775282
      vertex -27.859552971776502 8.736249105369357 135.89025601338906
      vertex -33.42740912114366 8.393996636109605 135.95554416363484
    endloop
  endfacet
  facet normal -7.273676065571913e-15 0.18738131458579294 0.9822872507286756
    outer loop
      vertex -27.859552971776502 8.736249105369357 135.89025601338906
      vertex -27.75261336008773 8.96350734820343 135.84690418503018
      vertex -33.42740912114366 8.393996636109605 135.95554416363484
    endloop
  endfacet
  facet normal -2.2381795866321166e-15 0.18738131458574447 0.982287250728685
    outer loop
      vertex -27.75261336008773 8.96350734820343 135.84690418503018
      vertex -27.618033988749893 9.175570504584947 135.80645097443573
      vertex -33.42740912114366 8.393996636109605 135.95554416363484
    endloop
  endfacet
  facet normal -2.2580688924558915e-15 0.18738131458574464 0.9822872507286848
    outer loop
      vertex -27.618033988749893 9.175570504584947 135.80645097443573
      vertex -27.45793725484282 9.369094211857377 135.76953435290235
      vertex -33.42740912114366 8.393996636109605 135.95554416363484
    endloop
  endfacet
  facet normal 2.7029137106267777e-15 0.18738131458569515 0.9822872507286943
    outer loop
      vertex -27.45793725484282 9.369094211857377 135.76953435290235
      vertex -27.27484797949738 9.54102648555158 135.73673651760456
      vertex -34.022457255144424 9.113286268615248 135.81833232788435
    endloop
  endfacet
  facet normal 8.489708836458276e-15 0.1873813145856071 0.9822872507287111
    outer loop
      vertex -27.27484797949738 9.54102648555158 135.73673651760456
      vertex -27.071653589957993 9.688655851004029 135.70857470999746
      vertex -34.022457255144424 9.113286268615248 135.81833232788435
    endloop
  endfacet
  facet normal -6.78668771013012e-16 0.18738131458572158 0.9822872507286892
    outer loop
      vertex -27.071653589957993 9.688655851004029 135.70857470999746
      vertex -26.851558583130146 9.80965410493204 135.68549305861006
      vertex -34.773123284060745 9.81820859076147 135.68386120316336
    endloop
  endfacet
  facet normal -4.889103008877866e-16 0.18738131458589108 0.982287250728657
    outer loop
      vertex -26.851558583130146 9.80965410493204 135.68549305861006
      vertex -26.618033988749893 9.902113032590307 135.66785557487304
      vertex -34.773123284060745 9.81820859076147 135.68386120316336
    endloop
  endfacet
  facet normal 0 0.06279051952932137 0.9980267284282711
    outer loop
      vertex -47 12 135.5
      vertex -40.51488226014037 11.683819173111827 135.51989241151566
      vertex 4 12 135.5
    endloop
  endfacet
  facet normal -8.226694255861384e-15 0.18738131458548016 0.9822872507287352
    outer loop
      vertex -35.27475878165054 10.182668113317591 135.61433683094006
      vertex -26.618033988749893 9.902113032590307 135.66785557487304
      vertex -26.37476262917145 9.964574501457378 135.6559404124411
    endloop
  endfacet
  facet normal 1.0246674656232775e-14 0.18738131458620755 0.9822872507285966
    outer loop
      vertex -35.27475878165054 10.182668113317591 135.61433683094006
      vertex -26.37476262917145 9.964574501457378 135.6559404124411
      vertex -26.125581039058627 9.996053456856544 135.64993548054352
    endloop
  endfacet
  facet normal -1 0 0
    outer loop
      vertex 4 22 148
      vertex 4 21.925933035965983 139.42995490238954
      vertex 4 22 152
    endloop
  endfacet
  facet normal -1 0 0
    outer loop
      vertex 4 22 148
      vertex 4 22 152
      vertex 4 26.333746971232195 152
    endloop
  endfacet
  facet normal 0.8443279255020073 0 0.535826794979009
    outer loop
      vertex -10.022542485937368 28.412687395635103 148.53053686926881
      vertex -10.19076670010966 28.44617465405635 148.7956158147457
      vertex -10.19076670010966 26.434256622590915 148.7956158147457
    endloop
  endfacet
  facet normal -0.9510565162951519 -6.589329271786086e-16 -0.30901699437495267
    outer loop
      vertex 3.8657979425943894 26.243165135565988 152.717029061493
      vertex 3.8595529717765027 28.252655110834816 152.73624910536935
      vertex 3.937166322257262 26.270913293489457 152.49737977432972
    endloop
  endfacet
  facet normal -0.9822872507286889 0 -0.18738131458572316
    outer loop
      vertex 3.984229402628956 28.31399846370799 152.2506664671286
      vertex 3.984229402628956 26.302080432242555 152.2506664671286
      vertex 3.937166322257262 28.28283132495489 152.49737977432972
    endloop
  endfacet
  facet normal -0.9510565162951502 0 -0.3090169943749576
    outer loop
      vertex 3.937166322257262 28.28283132495489 152.49737977432972
      vertex 3.937166322257262 26.270913293489457 152.49737977432972
      vertex 3.8595529717765027 28.252655110834816 152.73624910536935
    endloop
  endfacet
  facet normal -0.9980267284282716 0 -0.0627905195293117
    outer loop
      vertex 4 28.34566500269763 152
      vertex 4 26.333746971232195 152
      vertex 3.984229402628956 28.31399846370799 152.2506664671286
    endloop
  endfacet
  facet normal -0.48175367410171177 0 -0.8763066800438655
    outer loop
      vertex 3.071653589957993 28.054490967580634 153.68865585100403
      vertex 3.071653589957993 25.993693777455356 153.68865585100403
      vertex 2.8515585831301453 28.023423896291227 153.80965410493204
    endloop
  endfacet
  facet normal -0.8443279255020236 0 -0.5358267949789833
    outer loop
      vertex 3.752613360087727 28.22394571827083 152.96350734820342
      vertex 3.752613360087727 26.179880267760545 152.96350734820342
      vertex 3.6712016407891985 28.207739637023362 153.09179169066445
    endloop
  endfacet
  facet normal -0.6845471059287083 0 -0.728968627421393
    outer loop
      vertex 3.457937254842823 28.13654045096107 153.36909421185737
      vertex 3.457937254842823 26.075743260835793 153.36909421185737
      vertex 3.2748479794973795 28.0923957461376 153.54102648555158
    endloop
  endfacet
  facet normal -0.5877852522924564 0 -0.8090169943749596
    outer loop
      vertex 3.2748479794973795 28.0923957461376 153.54102648555158
      vertex 3.2748479794973795 26.031598556012327 153.54102648555158
      vertex 3.071653589957993 28.054490967580634 153.68865585100403
    endloop
  endfacet
  facet normal -0.5877852522924564 0 -0.8090169943749596
    outer loop
      vertex 3.071653589957993 25.993693777455356 153.68865585100403
      vertex 3.071653589957993 28.054490967580634 153.68865585100403
      vertex 3.2748479794973795 26.031598556012327 153.54102648555158
    endloop
  endfacet
  facet normal -0.48175367410171177 0 -0.8763066800438655
    outer loop
      vertex 3.071653589957993 25.993693777455356 153.68865585100403
      vertex 2.8515585831301453 25.96262670616595 153.80965410493204
      vertex 2.8515585831301453 28.023423896291227 153.80965410493204
    endloop
  endfacet
  facet normal -0.6845471059287083 0 -0.728968627421393
    outer loop
      vertex 3.2748479794973795 26.031598556012327 153.54102648555158
      vertex 3.2748479794973795 28.0923957461376 153.54102648555158
      vertex 3.457937254842823 26.075743260835793 153.36909421185737
    endloop
  endfacet
  facet normal -0.7705132427757699 0 -0.637423989748713
    outer loop
      vertex 3.457937254842823 26.075743260835793 153.36909421185737
      vertex 3.457937254842823 28.13654045096107 153.36909421185737
      vertex 3.618033988749895 26.125431703559933 153.17557050458495
    endloop
  endfacet
  facet normal -0.9822872507286889 0 -0.18738131458572316
    outer loop
      vertex 3.937166322257262 26.270913293489457 152.49737977432972
      vertex 3.937166322257262 28.28283132495489 152.49737977432972
      vertex 3.984229402628956 26.302080432242555 152.2506664671286
    endloop
  endfacet
  facet normal -0.9980267284282716 0 -0.0627905195293117
    outer loop
      vertex 3.984229402628956 26.302080432242555 152.2506664671286
      vertex 3.984229402628956 28.31399846370799 152.2506664671286
      vertex 4 26.333746971232195 152
    endloop
  endfacet
  facet normal -0.9048270524660148 0 -0.4257792915650826
    outer loop
      vertex 3.752613360087727 26.179880267760545 152.96350734820342
      vertex 3.752613360087727 28.22394571827083 152.96350734820342
      vertex 3.8595529717765027 26.238230267054185 152.73624910536935
    endloop
  endfacet
  facet normal -0.9510565162951317 0 -0.309016994375015
    outer loop
      vertex 3.8657979425943894 26.243165135565988 152.717029061493
      vertex 3.8595529717765027 26.238230267054185 152.73624910536935
      vertex 3.8595529717765027 28.252655110834816 152.73624910536935
    endloop
  endfacet
  facet normal -0.9048270524660148 0 -0.42577929156508265
    outer loop
      vertex 3.8595529717765027 28.252655110834816 152.73624910536935
      vertex 3.8595529717765027 26.238230267054185 152.73624910536935
      vertex 3.752613360087727 28.22394571827083 152.96350734820342
    endloop
  endfacet
  facet normal -0.8443279255020344 -1.514883967561055e-15 -0.5358267949789663
    outer loop
      vertex 3.752613360087727 26.179880267760545 152.96350734820342
      vertex 3.618033988749895 26.125431703559933 153.17557050458495
      vertex 3.6712016407891985 28.207739637023362 153.09179169066445
    endloop
  endfacet
  facet normal -0.2486898871648553 0 -0.9685831611286311
    outer loop
      vertex 2.618033988749895 27.999684478542186 153.9021130325903
      vertex 2.618033988749895 25.93888728841691 153.9021130325903
      vertex 2.374762629171449 27.98364709913266 153.96457450145738
    endloop
  endfacet
  facet normal -0.36812455268468736 0 -0.9297764858882477
    outer loop
      vertex 2.8515585831301453 25.96262670616595 153.80965410493204
      vertex 2.618033988749895 27.999684478542186 153.9021130325903
      vertex 2.8515585831301453 28.023423896291227 153.80965410493204
    endloop
  endfacet
  facet normal -0.1253332335643047 0 -0.9921147013144778
    outer loop
      vertex 2.374762629171449 27.98364709913266 153.96457450145738
      vertex 2.374762629171449 25.92284990900738 153.96457450145738
      vertex 2.1255810390586265 27.97556467711619 153.99605345685654
    endloop
  endfacet
  facet normal 0 0 -1
    outer loop
      vertex 2.1255810390586265 27.97556467711619 153.99605345685654
      vertex 2.1255810390586265 25.91476748699091 153.99605345685654
      vertex 1.8744189609413735 27.97556467711619 153.99605345685654
    endloop
  endfacet
  facet normal -0.36812455268468736 0 -0.9297764858882477
    outer loop
      vertex 2.8515585831301453 25.96262670616595 153.80965410493204
      vertex 2.618033988749895 25.93888728841691 153.9021130325903
      vertex 2.618033988749895 27.999684478542186 153.9021130325903
    endloop
  endfacet
  facet normal -0.2486898871648553 0 -0.968583161128631
    outer loop
      vertex 2.618033988749895 25.93888728841691 153.9021130325903
      vertex 2.374762629171449 25.92284990900738 153.96457450145738
      vertex 2.374762629171449 27.98364709913266 153.96457450145738
    endloop
  endfacet
  facet normal -0.12533323356430467 0 -0.9921147013144778
    outer loop
      vertex 2.1255810390586265 25.91476748699091 153.99605345685654
      vertex 2.1255810390586265 27.97556467711619 153.99605345685654
      vertex 2.374762629171449 25.92284990900738 153.96457450145738
    endloop
  endfacet
  facet normal 0.12533323356430467 0 -0.9921147013144778
    outer loop
      vertex 1.8744189609413735 27.97556467711619 153.99605345685654
      vertex 1.8744189609413735 25.91476748699091 153.99605345685654
      vertex 1.6252373708285508 27.983647099132657 153.96457450145738
    endloop
  endfacet
  facet normal 0 0 -1
    outer loop
      vertex 1.8744189609413735 25.91476748699091 153.99605345685654
      vertex 1.8744189609413735 27.97556467711619 153.99605345685654
      vertex 2.1255810390586265 25.91476748699091 153.99605345685654
    endloop
  endfacet
  facet normal 0.12533323356430467 0 -0.9921147013144778
    outer loop
      vertex 1.6252373708285508 25.92284990900738 153.96457450145738
      vertex 1.6252373708285508 27.983647099132657 153.96457450145738
      vertex 1.8744189609413735 25.91476748699091 153.99605345685654
    endloop
  endfacet
  facet normal -1 0 0
    outer loop
      vertex 4 28.46744101906648 151.03604357223367
      vertex 4 26.333746971232195 152
      vertex 4 28.34566500269763 152
    endloop
  endfacet
  facet normal -0.8443279255020513 0 -0.5358267949789394
    outer loop
      vertex 3.6712016407891985 28.207739637023362 153.09179169066445
      vertex 3.618033988749895 26.125431703559933 153.17557050458495
      vertex 3.618033988749895 28.18622889368521 153.17557050458495
    endloop
  endfacet
  facet normal -0.7705132427757699 0 -0.637423989748713
    outer loop
      vertex 3.618033988749895 28.18622889368521 153.17557050458495
      vertex 3.618033988749895 26.125431703559933 153.17557050458495
      vertex 3.457937254842823 28.13654045096107 153.36909421185737
    endloop
  endfacet
  facet normal -1 0 0
    outer loop
      vertex 4 28.46744101906648 151.03604357223367
      vertex 4 22 148
      vertex 4 26.333746971232195 152
    endloop
  endfacet
  facet normal -0.48175367410171255 0 0.8763066800438651
    outer loop
      vertex 2.851558583130145 25.96262670616595 146.19034589506796
      vertex 3.071653589957992 25.993693777455356 146.31134414899597
      vertex 3.071653589957992 28.054490967580634 146.31134414899597
    endloop
  endfacet
  facet normal -1 0 0
    outer loop
      vertex 4 26.333746971232195 148
      vertex 4 22 148
      vertex 4 28.46744101906648 151.03604357223367
    endloop
  endfacet
  facet normal 0.1253332335643049 0 0.9921147013144778
    outer loop
      vertex 1.8744189609413726 25.91476748699091 146.00394654314346
      vertex 1.8744189609413726 27.97556467711619 146.00394654314346
      vertex 1.6252373708285504 25.922849909007383 146.03542549854262
    endloop
  endfacet
  facet normal 0.1253332335643049 0 0.9921147013144778
    outer loop
      vertex 1.8744189609413726 27.97556467711619 146.00394654314346
      vertex 1.6252373708285504 27.983647099132657 146.03542549854262
      vertex 1.6252373708285504 25.922849909007383 146.03542549854262
    endloop
  endfacet
  facet normal 0 0 1
    outer loop
      vertex 2.1255810390586274 27.97556467711619 146.00394654314346
      vertex 1.8744189609413726 27.97556467711619 146.00394654314346
      vertex 1.8744189609413726 25.91476748699091 146.00394654314346
    endloop
  endfacet
  facet normal 0 0 1
    outer loop
      vertex 2.1255810390586274 27.97556467711619 146.00394654314346
      vertex 1.8744189609413726 25.91476748699091 146.00394654314346
      vertex 2.1255810390586274 25.91476748699091 146.00394654314346
    endloop
  endfacet
  facet normal -0.12533323356430492 0 0.9921147013144778
    outer loop
      vertex 2.1255810390586274 25.91476748699091 146.00394654314346
      vertex 2.3747626291714496 25.92284990900738 146.03542549854262
      vertex 2.3747626291714496 27.983647099132657 146.03542549854262
    endloop
  endfacet
  facet normal -0.2486898871648557 0 0.9685831611286309
    outer loop
      vertex 2.3747626291714496 25.92284990900738 146.03542549854262
      vertex 2.618033988749895 25.93888728841691 146.0978869674097
      vertex 2.618033988749895 27.99968447854219 146.0978869674097
    endloop
  endfacet
  facet normal -0.36812455268468797 0 0.9297764858882475
    outer loop
      vertex 2.618033988749895 27.99968447854219 146.0978869674097
      vertex 2.618033988749895 25.93888728841691 146.0978869674097
      vertex 2.851558583130145 25.96262670616595 146.19034589506796
    endloop
  endfacet
  facet normal -0.12533323356430492 0 0.9921147013144778
    outer loop
      vertex 2.3747626291714496 27.983647099132657 146.03542549854262
      vertex 2.1255810390586274 27.97556467711619 146.00394654314346
      vertex 2.1255810390586274 25.91476748699091 146.00394654314346
    endloop
  endfacet
  facet normal -0.2486898871648557 0 0.9685831611286309
    outer loop
      vertex 2.618033988749895 27.99968447854219 146.0978869674097
      vertex 2.3747626291714496 27.983647099132657 146.03542549854262
      vertex 2.3747626291714496 25.92284990900738 146.03542549854262
    endloop
  endfacet
  facet normal -0.36812455268468797 0 0.9297764858882475
    outer loop
      vertex 2.851558583130145 28.023423896291227 146.19034589506796
      vertex 2.618033988749895 27.99968447854219 146.0978869674097
      vertex 2.851558583130145 25.96262670616595 146.19034589506796
    endloop
  endfacet
  facet normal 0.1478423998619602 0 0.9890109326003713
    outer loop
      vertex 1.6252373708285504 27.983647099132657 146.03542549854262
      vertex -6.720379855302308 26.243165135565988 147.282970938507
      vertex 1.6252373708285504 25.922849909007383 146.03542549854262
    endloop
  endfacet
  facet normal -0.5877852522924539 0 0.8090169943749613
    outer loop
      vertex 3.071653589957992 28.054490967580634 146.31134414899597
      vertex 3.071653589957992 25.993693777455356 146.31134414899597
      vertex 3.27484797949738 26.031598556012327 146.45897351444842
    endloop
  endfacet
  facet normal -0.6845471059287083 0 0.728968627421393
    outer loop
      vertex 3.27484797949738 26.031598556012327 146.45897351444842
      vertex 3.4579372548428235 26.075743260835793 146.63090578814263
      vertex 3.27484797949738 28.0923957461376 146.45897351444842
    endloop
  endfacet
  facet normal -0.7705132427757709 0 0.637423989748712
    outer loop
      vertex 3.4579372548428235 26.075743260835793 146.63090578814263
      vertex 3.618033988749895 26.125431703559933 146.82442949541505
      vertex 3.618033988749895 28.18622889368521 146.82442949541505
    endloop
  endfacet
  facet normal -0.48175367410171255 0 0.8763066800438651
    outer loop
      vertex 3.071653589957992 28.054490967580634 146.31134414899597
      vertex 2.851558583130145 28.023423896291227 146.19034589506796
      vertex 2.851558583130145 25.96262670616595 146.19034589506796
    endloop
  endfacet
  facet normal -0.5877852522924539 0 0.8090169943749613
    outer loop
      vertex 3.071653589957992 28.054490967580634 146.31134414899597
      vertex 3.27484797949738 26.031598556012327 146.45897351444842
      vertex 3.27484797949738 28.0923957461376 146.45897351444842
    endloop
  endfacet
  facet normal -0.6845471059287083 0 0.7289686274213932
    outer loop
      vertex 3.27484797949738 28.0923957461376 146.45897351444842
      vertex 3.4579372548428235 26.075743260835793 146.63090578814263
      vertex 3.4579372548428235 28.136540450961075 146.63090578814263
    endloop
  endfacet
  facet normal -0.8443279255020344 -1.514883967561055e-15 0.5358267949789663
    outer loop
      vertex 3.618033988749895 26.125431703559933 146.82442949541505
      vertex 3.752613360087727 26.179880267760545 147.03649265179658
      vertex 3.6712016407891985 28.207739637023362 146.90820830933555
    endloop
  endfacet
  facet normal -0.9048270524660148 0 0.4257792915650826
    outer loop
      vertex 3.752613360087727 26.179880267760545 147.03649265179658
      vertex 3.8595529717765027 26.238230267054185 147.26375089463065
      vertex 3.752613360087727 28.22394571827083 147.03649265179658
    endloop
  endfacet
  facet normal -0.9510565162951317 0 0.309016994375015
    outer loop
      vertex 3.8595529717765027 26.238230267054185 147.26375089463065
      vertex 3.8657979425943894 26.243165135565988 147.282970938507
      vertex 3.8595529717765027 28.252655110834816 147.26375089463065
    endloop
  endfacet
  facet normal -0.9510565162951519 0 0.3090169943749526
    outer loop
      vertex 3.8657979425943894 26.243165135565988 147.282970938507
      vertex 3.937166322257262 26.270913293489457 147.50262022567028
      vertex 3.937166322257262 28.28283132495489 147.50262022567028
    endloop
  endfacet
  facet normal 0.9822872507286912 0 0.18738131458571142
    outer loop
      vertex -10.480286753286194 28.46744101906648 149.68666691608925
      vertex -10.480286753286194 26.471387562209937 149.68666691608925
      vertex -10.421457902821578 28.46744101906648 149.37827528208786
    endloop
  endfacet
  facet normal 0.6845471059287056 0 0.7289686274213955
    outer loop
      vertex -9.593559974371724 26.343059580513508 148.07371689306052
      vertex -9.593559974371724 28.354977611978942 148.07371689306052
      vertex -9.82242156855353 26.370209702101775 148.28863223517828
    endloop
  endfacet
  facet normal 0.9048270524660309 0 0.42577929156504835
    outer loop
      vertex -10.324441214720629 26.47014336329589 149.07968861828832
      vertex -10.19076670010966 26.434256622590915 148.7956158147457
      vertex -10.19076670010966 28.44617465405635 148.7956158147457
    endloop
  endfacet
  facet normal 0.8443279255020073 0 0.535826794979009
    outer loop
      vertex -10.19076670010966 26.434256622590915 148.7956158147457
      vertex -10.022542485937368 26.40076936416967 148.53053686926881
      vertex -10.022542485937368 28.412687395635103 148.53053686926881
    endloop
  endfacet
  facet normal 0.4817536741017449 0 0.8763066800438472
    outer loop
      vertex -9.064448228912681 28.312558161741702 147.73793236883495
      vertex -9.339566987447492 28.331665204506443 147.88918018624497
      vertex -9.339566987447492 26.31974717304101 147.88918018624497
    endloop
  endfacet
  facet normal 0.7705132427757815 0 0.6374239897486991
    outer loop
      vertex -10.022542485937368 28.412687395635103 148.53053686926881
      vertex -10.022542485937368 26.40076936416967 148.53053686926881
      vertex -9.82242156855353 28.382127733567213 148.28863223517828
    endloop
  endfacet
  facet normal 0.6845471059287057 0 0.7289686274213956
    outer loop
      vertex -9.593559974371724 28.354977611978942 148.07371689306052
      vertex -9.82242156855353 28.382127733567213 148.28863223517828
      vertex -9.82242156855353 26.370209702101775 148.28863223517828
    endloop
  endfacet
  facet normal 0.5877852522924439 0 0.8090169943749687
    outer loop
      vertex -9.593559974371724 28.354977611978942 148.07371689306052
      vertex -9.593559974371724 26.343059580513508 148.07371689306052
      vertex -9.339566987447492 28.331665204506443 147.88918018624497
    endloop
  endfacet
  facet normal 0.7705132427757814 0 0.6374239897486991
    outer loop
      vertex -10.022542485937368 26.40076936416967 148.53053686926881
      vertex -9.82242156855353 26.370209702101775 148.28863223517828
      vertex -9.82242156855353 28.382127733567213 148.28863223517828
    endloop
  endfacet
  facet normal 0.9048270524660276 0 0.4257792915650554
    outer loop
      vertex -10.324441214720629 28.46744101906648 149.07968861828832
      vertex -10.324441214720629 26.47014336329589 149.07968861828832
      vertex -10.269981779674536 28.46744101906648 148.96395642776633
    endloop
  endfacet
  facet normal 0.9510565162951486 0 0.3090169943749624
    outer loop
      vertex -10.421457902821578 28.46744101906648 149.37827528208786
      vertex -10.421457902821578 26.471387562209937 149.37827528208786
      vertex -10.324441214720629 28.46744101906648 149.07968861828832
    endloop
  endfacet
  facet normal 0.9980267284282713 0 0.06279051952931805
    outer loop
      vertex -10.5 26.471387562209937 150
      vertex -10.480286753286194 28.46744101906648 149.68666691608925
      vertex -10.5 28.46744101906648 150
    endloop
  endfacet
  facet normal -0.9822872507286889 0 0.18738131458572316
    outer loop
      vertex 3.937166322257262 28.28283132495489 147.50262022567028
      vertex 3.937166322257262 26.270913293489457 147.50262022567028
      vertex 3.984229402628956 26.302080432242555 147.7493335328714
    endloop
  endfacet
  facet normal 0.36812455268462846 0 0.929776485888271
    outer loop
      vertex -9.064448228912681 26.30064013027627 147.73793236883495
      vertex -8.772542485937368 26.28603978169769 147.62235870926213
      vertex -8.772542485937368 28.297957813163126 147.62235870926213
    endloop
  endfacet
  facet normal 0.4817536741017449 0 0.8763066800438474
    outer loop
      vertex -9.064448228912681 28.312558161741702 147.73793236883495
      vertex -9.339566987447492 26.31974717304101 147.88918018624497
      vertex -9.064448228912681 26.30064013027627 147.73793236883495
    endloop
  endfacet
  facet normal 0.24868988716489854 0 0.9685831611286199
    outer loop
      vertex -8.468453286464312 26.27617638352418 147.54428187317828
      vertex -8.468453286464312 28.288094414989615 147.54428187317828
      vertex -8.772542485937368 26.28603978169769 147.62235870926213
    endloop
  endfacet
  facet normal 0.14784239986196115 0 0.9890109326003713
    outer loop
      vertex -8.468453286464312 28.288094414989615 147.54428187317828
      vertex -8.468453286464312 26.27617638352418 147.54428187317828
      vertex -6.720379855302308 26.243165135565988 147.282970938507
    endloop
  endfacet
  facet normal 0.3681245526846285 0 0.929776485888271
    outer loop
      vertex -9.064448228912681 28.312558161741702 147.73793236883495
      vertex -9.064448228912681 26.30064013027627 147.73793236883495
      vertex -8.772542485937368 28.297957813163126 147.62235870926213
    endloop
  endfacet
  facet normal 0.24868988716489848 0 0.96858316112862
    outer loop
      vertex -8.468453286464312 28.288094414989615 147.54428187317828
      vertex -8.772542485937368 28.297957813163126 147.62235870926213
      vertex -8.772542485937368 26.28603978169769 147.62235870926213
    endloop
  endfacet
  facet normal 0.1478423998619591 -1.7699895034872745e-15 0.9890109326003715
    outer loop
      vertex -4.213356581013668 28.207739637023362 146.90820830933555
      vertex -8.468453286464312 28.288094414989615 147.54428187317828
      vertex -6.720379855302308 26.243165135565988 147.282970938507
    endloop
  endfacet
  facet normal 0.587785252292444 0 0.8090169943749687
    outer loop
      vertex -9.593559974371724 26.343059580513508 148.07371689306052
      vertex -9.339566987447492 26.31974717304101 147.88918018624497
      vertex -9.339566987447492 28.331665204506443 147.88918018624497
    endloop
  endfacet
  facet normal 0.9510565162951056 0 0.3090169943750951
    outer loop
      vertex -10.327641299595403 26.471387562209937 149.08953746682496
      vertex -10.324441214720629 26.47014336329589 149.07968861828832
      vertex -10.324441214720629 28.46744101906648 149.07968861828832
    endloop
  endfacet
  facet normal 0.14784239986196113 -4.380352218291916e-15 0.9890109326003712
    outer loop
      vertex 1.6252373708285504 27.983647099132657 146.03542549854262
      vertex -4.213356581013668 28.207739637023362 146.90820830933555
      vertex -6.720379855302308 26.243165135565988 147.282970938507
    endloop
  endfacet
  facet normal 0.48175367410174497 0 -0.8763066800438473
    outer loop
      vertex -9.064448228912681 26.30064013027627 152.26206763116505
      vertex -9.339566987447492 26.31974717304101 152.11081981375503
      vertex -9.339566987447492 28.33166520450644 152.11081981375503
    endloop
  endfacet
  facet normal 0.6845471059287056 0 -0.7289686274213956
    outer loop
      vertex -9.593559974371724 26.34305958051351 151.92628310693948
      vertex -9.82242156855353 26.370209702101775 151.71136776482172
      vertex -9.593559974371724 28.354977611978942 151.92628310693948
    endloop
  endfacet
  facet normal 0.9980267284282713 0 -0.06279051952931805
    outer loop
      vertex -10.480286753286194 28.46744101906648 150.31333308391075
      vertex -10.480286753286194 26.471387562209937 150.31333308391075
      vertex -10.5 28.46744101906648 150
    endloop
  endfacet
  facet normal 0.9822872507286912 0 -0.18738131458571142
    outer loop
      vertex -10.421457902821578 28.46744101906648 150.62172471791214
      vertex -10.421457902821578 26.471387562209937 150.62172471791214
      vertex -10.480286753286194 28.46744101906648 150.31333308391075
    endloop
  endfacet
  facet normal 0.9510565162951486 -7.24051548470439e-16 -0.3090169943749624
    outer loop
      vertex -10.324441214720629 28.46744101906648 150.92031138171168
      vertex -10.327641299595403 26.471387562209937 150.91046253317504
      vertex -10.421457902821578 28.46744101906648 150.62172471791214
    endloop
  endfacet
  facet normal 0.9048270524660331 7.337659863527542e-16 -0.42577929156504407
    outer loop
      vertex -10.324441214720629 28.46744101906648 150.92031138171168
      vertex -10.269981779674538 28.46744101906648 151.03604357223367
      vertex -10.19076670010966 26.434256622590915 151.2043841852543
    endloop
  endfacet
  facet normal 0.9048270524660296 0 -0.42577929156505134
    outer loop
      vertex -10.19076670010966 26.434256622590915 151.2043841852543
      vertex -10.269981779674538 28.46744101906648 151.03604357223367
      vertex -10.19076670010966 28.44617465405635 151.2043841852543
    endloop
  endfacet
  facet normal 0.8443279255020073 0 -0.535826794979009
    outer loop
      vertex -10.022542485937368 28.412687395635103 151.46946313073119
      vertex -10.19076670010966 26.434256622590915 151.2043841852543
      vertex -10.19076670010966 28.44617465405635 151.2043841852543
    endloop
  endfacet
  facet normal 0.7705132427757815 0 -0.6374239897486991
    outer loop
      vertex -10.022542485937368 28.412687395635103 151.46946313073119
      vertex -9.82242156855353 28.38212773356721 151.71136776482172
      vertex -9.82242156855353 26.370209702101775 151.71136776482172
    endloop
  endfacet
  facet normal 0.6845471059287057 0 -0.7289686274213956
    outer loop
      vertex -9.593559974371724 28.354977611978942 151.92628310693948
      vertex -9.82242156855353 26.370209702101775 151.71136776482172
      vertex -9.82242156855353 28.38212773356721 151.71136776482172
    endloop
  endfacet
  facet normal 0.5877852522924439 0 -0.8090169943749687
    outer loop
      vertex -9.339566987447492 26.31974717304101 152.11081981375503
      vertex -9.593559974371724 28.354977611978942 151.92628310693948
      vertex -9.339566987447492 28.33166520450644 152.11081981375503
    endloop
  endfacet
  facet normal 0.5877852522924439 0 -0.8090169943749685
    outer loop
      vertex -9.339566987447492 26.31974717304101 152.11081981375503
      vertex -9.593559974371724 26.34305958051351 151.92628310693948
      vertex -9.593559974371724 28.354977611978942 151.92628310693948
    endloop
  endfacet
  facet normal 0.3681245526846285 0 -0.9297764858882711
    outer loop
      vertex -8.772542485937368 26.28603978169769 152.37764129073787
      vertex -9.064448228912681 26.30064013027627 152.26206763116505
      vertex -9.064448228912681 28.312558161741705 152.26206763116505
    endloop
  endfacet
  facet normal 0.24868988716489854 0 -0.96858316112862
    outer loop
      vertex -8.468453286464312 26.27617638352418 152.45571812682172
      vertex -8.772542485937368 26.28603978169769 152.37764129073787
      vertex -8.772542485937368 28.297957813163126 152.37764129073787
    endloop
  endfacet
  facet normal 0.14784239986196113 0 -0.9890109326003713
    outer loop
      vertex -6.720379855302308 26.243165135565988 152.717029061493
      vertex -8.468453286464312 26.27617638352418 152.45571812682172
      vertex -8.468453286464312 28.288094414989615 152.45571812682172
    endloop
  endfacet
  facet normal 0.4817536741017449 0 -0.8763066800438472
    outer loop
      vertex -9.064448228912681 26.30064013027627 152.26206763116505
      vertex -9.339566987447492 28.33166520450644 152.11081981375503
      vertex -9.064448228912681 28.312558161741705 152.26206763116505
    endloop
  endfacet
  facet normal 0.36812455268462846 0 -0.929776485888271
    outer loop
      vertex -8.772542485937368 28.297957813163126 152.37764129073787
      vertex -8.772542485937368 26.28603978169769 152.37764129073787
      vertex -9.064448228912681 28.312558161741705 152.26206763116505
    endloop
  endfacet
  facet normal 0.24868988716489854 0 -0.9685831611286199
    outer loop
      vertex -8.468453286464312 28.288094414989615 152.45571812682172
      vertex -8.468453286464312 26.27617638352418 152.45571812682172
      vertex -8.772542485937368 28.297957813163126 152.37764129073787
    endloop
  endfacet
  facet normal 0.1478423998619602 -8.514762617543704e-16 -0.9890109326003713
    outer loop
      vertex 1.6252373708285508 25.92284990900738 153.96457450145738
      vertex -6.720379855302308 26.243165135565988 152.717029061493
      vertex -8.468453286464312 28.288094414989615 152.45571812682172
    endloop
  endfacet
  facet normal 0.14784239986195907 -5.6958353502917175e-15 -0.9890109326003714
    outer loop
      vertex 1.6252373708285508 25.92284990900738 153.96457450145738
      vertex -8.468453286464312 28.288094414989615 152.45571812682172
      vertex -4.21335658101367 28.207739637023362 153.09179169066445
    endloop
  endfacet
  facet normal 0.14784239986196127 0 -0.9890109326003713
    outer loop
      vertex 1.6252373708285508 25.92284990900738 153.96457450145738
      vertex -4.21335658101367 28.207739637023362 153.09179169066445
      vertex 1.6252373708285508 27.983647099132657 153.96457450145738
    endloop
  endfacet
  facet normal -1 0 0
    outer loop
      vertex 4 28.46744101906648 148.96395642776633
      vertex 4 26.333746971232195 148
      vertex 4 28.46744101906648 151.03604357223367
    endloop
  endfacet
  facet normal -0.9980267284282716 0 0.06279051952931171
    outer loop
      vertex 3.984229402628956 26.302080432242555 147.7493335328714
      vertex 4 26.333746971232195 148
      vertex 4 28.34566500269763 148
    endloop
  endfacet
  facet normal -0.7705132427757708 0 0.6374239897487118
    outer loop
      vertex 3.4579372548428235 28.136540450961075 146.63090578814263
      vertex 3.4579372548428235 26.075743260835793 146.63090578814263
      vertex 3.618033988749895 28.18622889368521 146.82442949541505
    endloop
  endfacet
  facet normal -0.8443279255020513 0 0.5358267949789394
    outer loop
      vertex 3.618033988749895 28.18622889368521 146.82442949541505
      vertex 3.618033988749895 26.125431703559933 146.82442949541505
      vertex 3.6712016407891985 28.207739637023362 146.90820830933555
    endloop
  endfacet
  facet normal -0.8443279255020236 0 0.5358267949789833
    outer loop
      vertex 3.6712016407891985 28.207739637023362 146.90820830933555
      vertex 3.752613360087727 26.179880267760545 147.03649265179658
      vertex 3.752613360087727 28.22394571827083 147.03649265179658
    endloop
  endfacet
  facet normal -0.9048270524660148 0 0.42577929156508265
    outer loop
      vertex 3.752613360087727 28.22394571827083 147.03649265179658
      vertex 3.8595529717765027 26.238230267054185 147.26375089463065
      vertex 3.8595529717765027 28.252655110834816 147.26375089463065
    endloop
  endfacet
  facet normal -0.9510565162951502 -6.059134804508912e-16 0.30901699437495767
    outer loop
      vertex 3.8595529717765027 28.252655110834816 147.26375089463065
      vertex 3.8657979425943894 26.243165135565988 147.282970938507
      vertex 3.937166322257262 28.28283132495489 147.50262022567028
    endloop
  endfacet
  facet normal -0.9822872507286889 0 0.18738131458572316
    outer loop
      vertex 3.937166322257262 28.28283132495489 147.50262022567028
      vertex 3.984229402628956 26.302080432242555 147.7493335328714
      vertex 3.984229402628956 28.313998463707993 147.7493335328714
    endloop
  endfacet
  facet normal -0.9980267284282716 0 0.0627905195293117
    outer loop
      vertex 3.984229402628956 28.313998463707993 147.7493335328714
      vertex 3.984229402628956 26.302080432242555 147.7493335328714
      vertex 4 28.34566500269763 148
    endloop
  endfacet
  facet normal -1 0 0
    outer loop
      vertex 4 28.34566500269763 148
      vertex 4 26.333746971232195 148
      vertex 4 28.46744101906648 148.96395642776633
    endloop
  endfacet
  facet normal 0.7705132427757815 0 -0.6374239897486991
    outer loop
      vertex -9.82242156855353 26.370209702101775 151.71136776482172
      vertex -10.022542485937368 26.40076936416967 151.46946313073119
      vertex -10.022542485937368 28.412687395635103 151.46946313073119
    endloop
  endfacet
  facet normal 0.9510565162951502 -7.500013386780904e-16 0.30901699437495783
    outer loop
      vertex -10.421457902821578 26.471387562209937 149.37827528208786
      vertex -10.327641299595403 26.471387562209937 149.08953746682496
      vertex -10.324441214720629 28.46744101906648 149.07968861828832
    endloop
  endfacet
  facet normal 0.9822872507286912 0 0.18738131458571142
    outer loop
      vertex -10.480286753286194 26.471387562209937 149.68666691608925
      vertex -10.421457902821578 26.471387562209937 149.37827528208786
      vertex -10.421457902821578 28.46744101906648 149.37827528208786
    endloop
  endfacet
  facet normal 0.9048270524660332 -8.434668782764585e-16 0.4257792915650436
    outer loop
      vertex -10.19076670010966 28.44617465405635 148.7956158147457
      vertex -10.269981779674536 28.46744101906648 148.96395642776633
      vertex -10.324441214720629 26.47014336329589 149.07968861828832
    endloop
  endfacet
  facet normal 0.9980267284282713 0 0.06279051952931805
    outer loop
      vertex -10.5 26.471387562209937 150
      vertex -10.480286753286194 26.471387562209937 149.68666691608925
      vertex -10.480286753286194 28.46744101906648 149.68666691608925
    endloop
  endfacet
  facet normal 0.9980267284282713 0 -0.06279051952931805
    outer loop
      vertex -10.480286753286194 26.471387562209937 150.31333308391075
      vertex -10.5 26.471387562209937 150
      vertex -10.5 28.46744101906648 150
    endloop
  endfacet
  facet normal 0.9822872507286912 0 -0.18738131458571142
    outer loop
      vertex -10.421457902821578 26.471387562209937 150.62172471791214
      vertex -10.480286753286194 26.471387562209937 150.31333308391075
      vertex -10.480286753286194 28.46744101906648 150.31333308391075
    endloop
  endfacet
  facet normal 0.9510565162951502 0 -0.30901699437495783
    outer loop
      vertex -10.327641299595403 26.471387562209937 150.91046253317504
      vertex -10.421457902821578 26.471387562209937 150.62172471791214
      vertex -10.421457902821578 28.46744101906648 150.62172471791214
    endloop
  endfacet
  facet normal 0.9510565162951056 0 -0.30901699437509506
    outer loop
      vertex -10.324441214720629 26.47014336329589 150.92031138171168
      vertex -10.327641299595403 26.471387562209937 150.91046253317504
      vertex -10.324441214720629 28.46744101906648 150.92031138171168
    endloop
  endfacet
  facet normal 0.904827052466031 0 -0.42577929156504835
    outer loop
      vertex -10.19076670010966 26.434256622590915 151.2043841852543
      vertex -10.324441214720629 26.47014336329589 150.92031138171168
      vertex -10.324441214720629 28.46744101906648 150.92031138171168
    endloop
  endfacet
  facet normal 0.8443279255020073 0 -0.535826794979009
    outer loop
      vertex -10.022542485937368 26.40076936416967 151.46946313073119
      vertex -10.19076670010966 26.434256622590915 151.2043841852543
      vertex -10.022542485937368 28.412687395635103 151.46946313073119
    endloop
  endfacet
  facet normal 0 -0.8090169943672227 0.5877852523031053
    outer loop
      vertex 4.036808135788472 -0.7134685058005186 160.5174958308534
      vertex -32.98124618538434 -0.7134685058005186 160.5174958308534
      vertex 4.037123503093546 -0.7137123599485563 160.5171601944128
    endloop
  endfacet
  facet normal -3.629255098988082e-17 -0.7289686274214272 0.6845471059286721
    outer loop
      vertex -32.98124618538434 -0.7134685058005186 160.5174958308534
      vertex 3.7198360473859284 -0.3510398381613733 160.90344316172212
      vertex 3.673633213788165 -0.23737992530963323 161.02447867548997
    endloop
  endfacet
  facet normal -2.231280889449672e-15 -0.7289686274213478 0.6845471059287564
    outer loop
      vertex -32.98124618538434 -0.7134685058005186 160.5174958308534
      vertex 3.673633213788165 -0.23737992530963323 161.02447867548997
      vertex 3.642464795262203 -0.11791289515776246 161.1516981410865
    endloop
  endfacet
  facet normal 1 0 0
    outer loop
      vertex 8 8.200436395738906 155.9683119897644
      vertex 8 8.248377041845746 155.75383786801615
      vertex 8 7.8966168617799015 165.98162215862243
    endloop
  endfacet
  facet normal 1.4790360466520353e-16 -0.8763066800438628 0.4817536741017166
    outer loop
      vertex 8 -1.931410770783252 158.84114211715342
      vertex -34.022457255144424 -2.1132862686152443 158.51031181475116
      vertex 8 -2.9296463656893224 157.0253583108237
    endloop
  endfacet
  facet normal -1.3324935937108018e-13 -0.8090169943711079 0.5877852522977579
    outer loop
      vertex -33.36606064612567 -1.3198390687985593 159.68289835083692
      vertex 4.623035011501137 -0.8674649996015289 160.30553784096975
      vertex 4.497453972442506 -0.8674649996015289 160.30553784096972
    endloop
  endfacet
  facet normal -6.106299995071843e-16 -0.8090169943749557 0.5877852522924616
    outer loop
      vertex -33.36606064612567 -1.3198390687985593 159.68289835083692
      vertex 8 -1.931410770783252 158.84114211715342
      vertex 4.623035011501137 -0.8674649996015289 160.30553784096975
    endloop
  endfacet
  facet normal 0 -0.7289686274213509 0.6845471059287531
    outer loop
      vertex 4.036808135788472 -0.7134685058005186 160.5174958308534
      vertex 3.940251572351192 -0.6398776554507026 160.59586212691346
      vertex -32.98124618538434 -0.7134685058005186 160.5174958308534
    endloop
  endfacet
  facet normal 3.034830297167518e-16 -0.7289686274214222 0.6845471059286772
    outer loop
      vertex -32.98124618538434 -0.7134685058005186 160.5174958308534
      vertex 3.940251572351192 -0.6398776554507026 160.59586212691346
      vertex 3.8542047641329833 -0.5538882233368925 160.68743157152562
    endloop
  endfacet
  facet normal 5.205451542270973e-16 -0.728968627421446 0.6845471059286521
    outer loop
      vertex -32.98124618538434 -0.7134685058005186 160.5174958308534
      vertex 3.8542047641329833 -0.5538882233368925 160.68743157152562
      vertex 3.7803446497694315 -0.4571001489901692 160.7905004021382
    endloop
  endfacet
  facet normal 9.149413745654522e-16 -0.7289686274214721 0.6845471059286241
    outer loop
      vertex -32.98124618538434 -0.7134685058005186 160.5174958308534
      vertex 3.7803446497694315 -0.4571001489901692 160.7905004021382
      vertex 3.7198360473859284 -0.3510398381613733 160.90344316172212
    endloop
  endfacet
  facet normal -2.8928126635243746e-15 -0.8090169943748909 0.587785252292551
    outer loop
      vertex 4.142169730233146 -0.7742326781964416 160.43386112255524
      vertex -33.36606064612567 -1.3198390687985593 159.68289835083692
      vertex 4.255110380199152 -0.8204783350144798 160.3702094366106
    endloop
  endfacet
  facet normal 9.359164281929138e-15 -0.8090169943752318 0.5877852522920817
    outer loop
      vertex -33.36606064612567 -1.3198390687985593 159.68289835083692
      vertex 4.497453972442506 -0.8674649996015289 160.30553784096972
      vertex 4.374164311474131 -0.8517200087688348 160.32720896168985
    endloop
  endfacet
  facet normal -2.483878967743195e-15 -0.809016994374902 0.5877852522925355
    outer loop
      vertex -33.36606064612567 -1.3198390687985593 159.68289835083692
      vertex 4.374164311474131 -0.8517200087688348 160.32720896168985
      vertex 4.255110380199152 -0.8204783350144798 160.3702094366106
    endloop
  endfacet
  facet normal 1.7454661681787358e-15 -0.8090169943750011 0.5877852522923994
    outer loop
      vertex 4.037123503093546 -0.7137123599485563 160.5171601944128
      vertex -33.36606064612567 -1.3198390687985593 159.68289835083692
      vertex 4.142169730233146 -0.7742326781964416 160.43386112255524
    endloop
  endfacet
  facet normal 1 0 0
    outer loop
      vertex 8 6.464953617417532 146.26905892644427
      vertex 8 6.684611994111657 146.26215588385963
      vertex 8 6.464953617417532 153.73094107355573
    endloop
  endfacet
  facet normal 1 0 0
    outer loop
      vertex 8 3.7229376117737036 144.17829622732387
      vertex 8 3.8682720163547035 144.34314575050763
      vertex 8 3.7229376117737036 155.82170377267613
    endloop
  endfacet
  facet normal 1 0 0
    outer loop
      vertex 8 3.8682720163547035 144.34314575050763
      vertex 8 5.282485578727798 145.7573593128807
      vertex 8 3.8682720163547035 155.65685424949237
    endloop
  endfacet
  facet normal 1 0 0
    outer loop
      vertex 8 5.282485578727798 145.7573593128807
      vertex 8 5.447335101911547 145.90269371746172
      vertex 8 5.282485578727798 154.2426406871193
    endloop
  endfacet
  facet normal 1 0 0
    outer loop
      vertex 8 5.447335101911547 145.90269371746172
      vertex 8 5.629099968241107 146.02622099306114
      vertex 8 5.447335101911547 154.09730628253828
    endloop
  endfacet
  facet normal 1 0 0
    outer loop
      vertex 8 5.629099968241107 146.02622099306114
      vertex 8 5.82491363719339 146.1259930407512
      vertex 8 5.629099968241106 153.97377900693886
    endloop
  endfacet
  facet normal 1 0 0
    outer loop
      vertex 8 5.82491363719339 146.1259930407512
      vertex 8 6.031688010235605 146.2004363957389
      vertex 8 5.824913637193392 153.8740069592488
    endloop
  endfacet
  facet normal 1 0 0
    outer loop
      vertex 8 6.031688010235605 146.2004363957389
      vertex 8 6.246162131983852 146.24837704184574
      vertex 8 6.031688010235605 153.7995636042611
    endloop
  endfacet
  facet normal 1 0 0
    outer loop
      vertex 8 6.246162131983852 146.24837704184574
      vertex 8 6.464953617417532 146.26905892644427
      vertex 8 6.246162131983852 153.75162295815426
    endloop
  endfacet
  facet normal 1 0 0
    outer loop
      vertex 8 9.932001646188983 133.6301074283111
      vertex 8 12 133.5
      vertex 8 11.00524045134058 146.12566735548546
    endloop
  endfacet
  facet normal 1 0 0
    outer loop
      vertex 8 6.901673118248205 146.22777677919706
      vertex 8 7.112713806233517 146.16646379147414
      vertex 8 6.464953617417532 153.73094107355573
    endloop
  endfacet
  facet normal 1 0 0
    outer loop
      vertex 8 6.464953617417532 153.73094107355573
      vertex 8 6.684611994111657 146.26215588385963
      vertex 8 6.901673118248205 146.22777677919706
    endloop
  endfacet
  facet normal 1 0 0
    outer loop
      vertex 8 7.112713806233517 146.16646379147414
      vertex 8 7.314405820348464 146.0791838631339
      vertex 8 6.464953617417532 153.73094107355573
    endloop
  endfacet
  facet normal 1 0 0
    outer loop
      vertex 8 7.314405820348464 146.0791838631339
      vertex 8 7.503568357045484 145.96731345078473
      vertex 8 7.314405820348464 153.9208161368661
    endloop
  endfacet
  facet normal 1 0 0
    outer loop
      vertex 8 7.503568357045484 145.96731345078473
      vertex 8 7.677218210120647 145.83261681765757
      vertex 8 7.503568357045484 154.03268654921527
    endloop
  endfacet
  facet normal 1 0 0
    outer loop
      vertex 8 7.677218210120647 145.83261681765757
      vertex 8 7.832616817657562 145.67721821012066
      vertex 8 7.677218210120647 154.16738318234243
    endloop
  endfacet
  facet normal 1 0 0
    outer loop
      vertex 8 7.832616817657562 145.67721821012066
      vertex 8 7.96731345078474 145.50356835704548
      vertex 8 7.832616817657562 154.32278178987934
    endloop
  endfacet
  facet normal 1 0 0
    outer loop
      vertex 8 6.343145750507619 141.8682720163547
      vertex 8 7.896616861779895 134.0183778413776
      vertex 8 7.757359312880714 143.2824855787278
    endloop
  endfacet
  facet normal 1 0 0
    outer loop
      vertex 8 5.160677711817885 141.35657240279113
      vertex 8 4.051064377321696 135.54093977927624
      vertex 8 5.379469197251566 141.37725428738966
    endloop
  endfacet
  facet normal 1 0 0
    outer loop
      vertex 8 5.379469197251566 141.37725428738966
      vertex 8 5.925944880702815 134.65868798284384
      vertex 8 5.593943318999813 141.4251949334965
    endloop
  endfacet
  facet normal 1 0 0
    outer loop
      vertex 8 5.593943318999813 141.4251949334965
      vertex 8 5.925944880702815 134.65868798284384
      vertex 8 5.800717692042028 141.4996382884842
    endloop
  endfacet
  facet normal 1 0 0
    outer loop
      vertex 8 3.793014511577857 141.94841311911478
      vertex 8 3.658317878450678 142.12206297218992
      vertex 8 4.051064377321696 135.54093977927624
    endloop
  endfacet
  facet normal 1 0 0
    outer loop
      vertex 8 3.793014511577857 141.94841311911478
      vertex 8 4.051064377321696 135.54093977927624
      vertex 8 3.94841311911477 141.79301451157787
    endloop
  endfacet
  facet normal 1 0 0
    outer loop
      vertex 8 5.800717692042028 141.4996382884842
      vertex 8 5.925944880702815 134.65868798284384
      vertex 8 5.996531360994311 141.59941033617426
    endloop
  endfacet
  facet normal 1 0 0
    outer loop
      vertex 8 5.996531360994311 141.59941033617426
      vertex 8 5.925944880702815 134.65868798284384
      vertex 8 6.17829622732387 141.72293761177372
    endloop
  endfacet
  facet normal 1 0 0
    outer loop
      vertex 8 6.17829622732387 141.72293761177372
      vertex 8 5.925944880702815 134.65868798284384
      vertex 8 6.343145750507619 141.8682720163547
    endloop
  endfacet
  facet normal 1 0 0
    outer loop
      vertex 8 8.269058926444286 144.46495361741754
      vertex 8 9.932001646188983 133.6301074283111
      vertex 8 8.195773934819385 148.7639320225002
    endloop
  endfacet
  facet normal 1 0 0
    outer loop
      vertex 8 7.757359312880714 143.2824855787278
      vertex 8 7.896616861779895 134.0183778413776
      vertex 8 9.932001646188983 133.6301074283111
    endloop
  endfacet
  facet normal 1 0 0
    outer loop
      vertex 8 7.757359312880714 143.2824855787278
      vertex 8 9.932001646188983 133.6301074283111
      vertex 8 7.902693717461714 143.44733510191153
    endloop
  endfacet
  facet normal 1 0 0
    outer loop
      vertex 8 7.902693717461714 143.44733510191153
      vertex 8 9.932001646188983 133.6301074283111
      vertex 8 8.026220993061159 143.6290999682411
    endloop
  endfacet
  facet normal 1 0 0
    outer loop
      vertex 8 8.026220993061159 143.6290999682411
      vertex 8 9.932001646188983 133.6301074283111
      vertex 8 8.125993040751224 143.8249136371934
    endloop
  endfacet
  facet normal 1 0 0
    outer loop
      vertex 8 8.125993040751224 143.8249136371934
      vertex 8 9.932001646188983 133.6301074283111
      vertex 8 8.200436395738906 144.0316880102356
    endloop
  endfacet
  facet normal 1 0 0
    outer loop
      vertex 8 8.200436395738906 144.0316880102356
      vertex 8 9.932001646188983 133.6301074283111
      vertex 8 8.248377041845746 144.24616213198385
    endloop
  endfacet
  facet normal 1 0 0
    outer loop
      vertex 8 8.248377041845746 144.24616213198385
      vertex 8 9.932001646188983 133.6301074283111
      vertex 8 8.269058926444286 144.46495361741754
    endloop
  endfacet
  facet normal 4.692558451613144e-17 -0.992114701314478 0.12533323356430318
    outer loop
      vertex -30.8 -4.467441019066481 151.03604357223367
      vertex -6.338590378472248 -4.393912995596689 151.61807780982915
      vertex -6.125236269455893 -4.374330573319788 151.77308864355422
    endloop
  endfacet
  facet normal 1 0 0
    outer loop
      vertex 8 7.832616817657562 154.32278178987934
      vertex 8 7.96731345078474 145.50356835704548
      vertex 8 8.007893086286913 149.74883792188274
    endloop
  endfacet
  facet normal 0 -0.9921147013144778 0.12533323356430484
    outer loop
      vertex -30.8 -4.467441019066481 151.03604357223367
      vertex 8 -4.207739637023362 153.09179169066445
      vertex -30.8 -4.207739637023362 153.09179169066445
    endloop
  endfacet
  facet normal 0 -1 0
    outer loop
      vertex -7.034024638370125 -4.467441019066481 150.5222487630462
      vertex -6.952530620365328 -4.467441019066481 150.7730615606378
      vertex -30.8 -4.467441019066481 151.03604357223367
    endloop
  endfacet
  facet normal 0 -1 0
    outer loop
      vertex -6.952530620365328 -4.467441019066481 150.7730615606378
      vertex -6.840244028092114 -4.467441019066481 151.0116827156136
      vertex -30.8 -4.467441019066481 151.03604357223367
    endloop
  endfacet
  facet normal 0 -1 0
    outer loop
      vertex -6.840244028092114 -4.467441019066481 151.0116827156136
      vertex -6.824784158376323 -4.467441019066481 151.03604357223367
      vertex -30.8 -4.467441019066481 151.03604357223367
    endloop
  endfacet
  facet normal 0 -0.9921147013144774 0.12533323356430723
    outer loop
      vertex -30.8 -4.467441019066481 151.03604357223367
      vertex -6.824784158376323 -4.467441019066481 151.03604357223367
      vertex -6.69893568818739 -4.4423892138678625 151.23434902981418
    endloop
  endfacet
  facet normal 3.644483246769104e-17 -0.992114701314478 0.12533323356430284
    outer loop
      vertex -30.8 -4.467441019066481 151.03604357223367
      vertex -6.69893568818739 -4.4423892138678625 151.23434902981418
      vertex -6.5308341175849645 -4.416719097730833 151.43754892245025
    endloop
  endfacet
  facet normal -9.596683422123693e-18 -0.9921147013144778 0.1253332335643056
    outer loop
      vertex -30.8 -4.467441019066481 151.03604357223367
      vertex -6.5308341175849645 -4.416719097730833 151.43754892245025
      vertex -6.338590378472248 -4.393912995596689 151.61807780982915
    endloop
  endfacet
  facet normal 1 0 0
    outer loop
      vertex 8 7.96731345078474 145.50356835704548
      vertex 8 8.070850997085245 149.25047474165711
      vertex 8 8.007893086286913 149.74883792188274
    endloop
  endfacet
  facet normal -1.671958427133356e-16 -0.992114701314477 0.12533323356431034
    outer loop
      vertex -30.8 -4.467441019066481 151.03604357223367
      vertex -6.125236269455893 -4.374330573319788 151.77308864355422
      vertex -5.894136512286653 -4.358280657397405 151.90013681017865
    endloop
  endfacet
  facet normal -1.4978959781520341e-16 -0.9921147013144771 0.12533323356430978
    outer loop
      vertex -30.8 -4.467441019066481 151.03604357223367
      vertex -5.894136512286653 -4.358280657397405 151.90013681017865
      vertex -5.64893568818739 -4.3460163645913985 151.99721868421983
    endloop
  endfacet
  facet normal 4.707119483518989e-16 -0.9921147013144792 0.12533323356429354
    outer loop
      vertex -30.8 -4.467441019066481 151.03604357223367
      vertex -5.64893568818739 -4.3460163645913985 151.99721868421983
      vertex -5.393500760630022 -4.337731110125653 152.06280322653024
    endloop
  endfacet
  facet normal 3.375090904754892e-16 -0.9921147013144787 0.12533323356429737
    outer loop
      vertex -30.8 -4.467441019066481 151.03604357223367
      vertex -5.393500760630022 -4.337731110125653 152.06280322653024
      vertex -5.131860091011558 -4.333555557412457 152.09585612969937
    endloop
  endfacet
  facet normal 0 -0.9685831611286315 0.2486898871648533
    outer loop
      vertex 8 -3.6924325188700333 155.09878040718664
      vertex -30.8 -3.6924325188700333 155.09878040718664
      vertex -30.8 -4.207739637023362 153.09179169066445
    endloop
  endfacet
  facet normal 6.377331092346042e-17 -0.9297764858882511 0.3681245526846787
    outer loop
      vertex -30.8 -3.6924325188700333 155.09878040718664
      vertex 8 -2.9296463656893224 157.0253583108237
      vertex -30.8 -3.296021639118175 156.1
    endloop
  endfacet
  facet normal 0 -0.9297764858882502 0.36812455268468103
    outer loop
      vertex -30.8 -3.296021639118175 156.1
      vertex 8 -2.9296463656893224 157.0253583108237
      vertex -32.04288481029874 -3.296021639118175 156.1
    endloop
  endfacet
  facet normal 1 0 0
    outer loop
      vertex 8 11.00524045134058 146.12566735548546
      vertex 8 12 133.5
      vertex 8 11.498667065742783 146.0315411947421
    endloop
  endfacet
  facet normal 1 0 0
    outer loop
      vertex 8 8.195773934819385 148.7639320225002
      vertex 8 9.932001646188983 133.6301074283111
      vertex 8 8.380691790135922 148.29688283373972
    endloop
  endfacet
  facet normal 1 0 0
    outer loop
      vertex 8 9.261811576285247 147.08412549031436
      vertex 8 8.917947028896842 147.45030404100524
      vertex 8 9.932001646188983 133.6301074283111
    endloop
  endfacet
  facet normal 1 0 0
    outer loop
      vertex 8 9.261811576285247 147.08412549031436
      vertex 8 9.932001646188983 133.6301074283111
      vertex 8 9.648858990830107 146.7639320225002
    endloop
  endfacet
  facet normal 1 0 0
    outer loop
      vertex 8 9.648858990830107 146.7639320225002
      vertex 8 9.932001646188983 133.6301074283111
      vertex 8 10.07298530359314 146.49477327982456
    endloop
  endfacet
  facet normal 1 0 0
    outer loop
      vertex 8 9.932001646188983 133.6301074283111
      vertex 8 8.917947028896842 147.45030404100524
      vertex 8 8.62268829799194 147.85669282008402
    endloop
  endfacet
  facet normal 1 0 0
    outer loop
      vertex 8 8.380691790135922 148.29688283373972
      vertex 8 9.932001646188983 133.6301074283111
      vertex 8 8.62268829799194 147.85669282008402
    endloop
  endfacet
  facet normal 1 0 0
    outer loop
      vertex 8 10.07298530359314 146.49477327982456
      vertex 8 9.932001646188983 133.6301074283111
      vertex 8 10.527501789261288 146.28089405644698
    endloop
  endfacet
  facet normal 1 0 0
    outer loop
      vertex 8 10.527501789261288 146.28089405644698
      vertex 8 9.932001646188983 133.6301074283111
      vertex 8 11.00524045134058 146.12566735548546
    endloop
  endfacet
  facet normal 5.201627618864274e-17 -0.9921147013144779 0.12533323356430384
    outer loop
      vertex 8 -4.207739637023362 153.09179169066445
      vertex -30.8 -4.467441019066481 151.03604357223367
      vertex -5.131860091011558 -4.333555557412457 152.09585612969937
    endloop
  endfacet
  facet normal 1 0 0
    outer loop
      vertex 8 11.498667065742783 146.0315411947421
      vertex 8 12 133.5
      vertex 8 12 146
    endloop
  endfacet
  facet normal 1 0 0
    outer loop
      vertex 8 8.262155883859647 144.68461199411166
      vertex 8 8.269058926444286 144.46495361741754
      vertex 8 8.195773934819385 148.7639320225002
    endloop
  endfacet
  facet normal 1 0 0
    outer loop
      vertex 8 8.227776779197065 144.9016731182482
      vertex 8 8.262155883859647 144.68461199411166
      vertex 8 8.195773934819385 148.7639320225002
    endloop
  endfacet
  facet normal 1 0 0
    outer loop
      vertex 8 8.16646379147415 145.11271380623353
      vertex 8 8.227776779197065 144.9016731182482
      vertex 8 8.195773934819385 148.7639320225002
    endloop
  endfacet
  facet normal 1 0 0
    outer loop
      vertex 8 7.96731345078474 145.50356835704548
      vertex 8 8.0791838631339 145.31440582034847
      vertex 8 8.195773934819385 148.7639320225002
    endloop
  endfacet
  facet normal 1 0 0
    outer loop
      vertex 8 8.195773934819385 148.7639320225002
      vertex 8 8.0791838631339 145.31440582034847
      vertex 8 8.16646379147415 145.11271380623353
    endloop
  endfacet
  facet normal 1 0 0
    outer loop
      vertex 8 7.96731345078474 145.50356835704548
      vertex 8 8.195773934819385 148.7639320225002
      vertex 8 8.070850997085245 149.25047474165711
    endloop
  endfacet
  facet normal -2.1589396043485413e-15 0.9685831611286293 -0.24868988716486173
    outer loop
      vertex 2.3747626291714496 27.983647099132657 146.03542549854262
      vertex 2.618033988749895 27.99968447854219 146.0978869674097
      vertex 8 27.692432518870035 144.90121959281336
    endloop
  endfacet
  facet normal 2.505502980596262e-16 0.9921147013144775 -0.12533323356430573
    outer loop
      vertex 8 28.207739637023362 146.90820830933555
      vertex 3.8595529717765027 28.252655110834816 147.26375089463065
      vertex 3.937166322257262 28.28283132495489 147.50262022567028
    endloop
  endfacet
  facet normal -8.157173823525491e-16 0.992114701314476 -0.12533323356431797
    outer loop
      vertex 8 28.207739637023362 146.90820830933555
      vertex 3.752613360087727 28.22394571827083 147.03649265179658
      vertex 3.8595529717765027 28.252655110834816 147.26375089463065
    endloop
  endfacet
  facet normal 0 0.9921147013144794 -0.12533323356429138
    outer loop
      vertex 3.6712016407891985 28.207739637023362 146.90820830933555
      vertex 3.752613360087727 28.22394571827083 147.03649265179658
      vertex 8 28.207739637023362 146.90820830933555
    endloop
  endfacet
  facet normal 8.4482208992523e-15 0.9685831611286362 -0.2486898871648354
    outer loop
      vertex 3.618033988749895 28.18622889368521 146.82442949541505
      vertex 3.6712016407891985 28.207739637023362 146.90820830933555
      vertex 8 27.692432518870035 144.90121959281336
    endloop
  endfacet
  facet normal -1.2093861718256429e-15 0.9685831611286309 -0.24868988716485602
    outer loop
      vertex 3.4579372548428235 28.136540450961075 146.63090578814263
      vertex 3.618033988749895 28.18622889368521 146.82442949541505
      vertex 8 27.692432518870035 144.90121959281336
    endloop
  endfacet
  facet normal -8.572460515694334e-16 0.968583161128631 -0.2486898871648552
    outer loop
      vertex 3.27484797949738 28.0923957461376 146.45897351444842
      vertex 3.4579372548428235 28.136540450961075 146.63090578814263
      vertex 8 27.692432518870035 144.90121959281336
    endloop
  endfacet
  facet normal -1.3652570685727417e-15 0.9685831611286306 -0.24868988716485663
    outer loop
      vertex 3.071653589957992 28.054490967580634 146.31134414899597
      vertex 3.27484797949738 28.0923957461376 146.45897351444842
      vertex 8 27.692432518870035 144.90121959281336
    endloop
  endfacet
  facet normal 1 0 0
    outer loop
      vertex 8 25.931410770783245 141.15885788284655
      vertex 8 26.929646365689322 142.9746416891763
      vertex 8 25.93141077078325 158.84114211715345
    endloop
  endfacet
  facet normal 1 0 0
    outer loop
      vertex 8 24.713468505800524 139.4825041691466
      vertex 8 25.931410770783245 141.15885788284655
      vertex 8 24.71346850580052 160.5174958308534
    endloop
  endfacet
  facet normal -2.4906409106007547e-15 0.9685831611286297 -0.24868988716486032
    outer loop
      vertex 2.851558583130145 28.023423896291227 146.19034589506796
      vertex 3.071653589957992 28.054490967580634 146.31134414899597
      vertex 8 27.692432518870035 144.90121959281336
    endloop
  endfacet
  facet normal 3.5158634647976604e-15 0.9685831611286355 -0.2486898871648378
    outer loop
      vertex 2.618033988749895 27.99968447854219 146.0978869674097
      vertex 2.851558583130145 28.023423896291227 146.19034589506796
      vertex 8 27.692432518870035 144.90121959281336
    endloop
  endfacet
  facet normal -7.082419661422064e-16 0.9921147013144769 -0.1253332335643122
    outer loop
      vertex 8 28.207739637023362 146.90820830933555
      vertex 3.937166322257262 28.28283132495489 147.50262022567028
      vertex 3.984229402628956 28.313998463707993 147.7493335328714
    endloop
  endfacet
  facet normal -4.422605482767658e-16 0.9685831611286314 -0.2486898871648538
    outer loop
      vertex 2.1255810390586274 27.97556467711619 146.00394654314346
      vertex 2.3747626291714496 27.983647099132657 146.03542549854262
      vertex 8 27.692432518870035 144.90121959281336
    endloop
  endfacet
  facet normal 0 0.968583161128632 -0.24868988716485158
    outer loop
      vertex 1.8744189609413726 27.97556467711619 146.00394654314346
      vertex 2.1255810390586274 27.97556467711619 146.00394654314346
      vertex 8 27.692432518870035 144.90121959281336
    endloop
  endfacet
  facet normal 1 0 0
    outer loop
      vertex 8 23.295027247823363 137.9720176475467
      vertex 8 24.713468505800524 139.4825041691466
      vertex 8 23.295027247823363 162.02798235245328
    endloop
  endfacet
  facet normal 1 0 0
    outer loop
      vertex 8 20.57480506650349 156.4060566810002
      vertex 8 21.698456662825805 136.65121959281336
      vertex 8 20.62274571261033 156.62053080274845
    endloop
  endfacet
  facet normal 1 0 0
    outer loop
      vertex 8 20.500361711515808 156.19928230795796
      vertex 8 21.698456662825805 136.65121959281336
      vertex 8 20.57480506650349 156.4060566810002
    endloop
  endfacet
  facet normal 1 0 0
    outer loop
      vertex 8 20.40058966382574 156.0034686390057
      vertex 8 21.698456662825805 136.65121959281336
      vertex 8 20.500361711515808 156.19928230795796
    endloop
  endfacet
  facet normal 1 0 0
    outer loop
      vertex 8 20.277062388226298 144.17829622732387
      vertex 8 20.40058966382574 143.9965313609943
      vertex 8 20.277062388226298 155.82170377267613
    endloop
  endfacet
  facet normal 1 0 0
    outer loop
      vertex 8 21.698456662825805 136.65121959281336
      vertex 8 23.295027247823363 137.9720176475467
      vertex 8 21.698456662825805 163.34878040718664
    endloop
  endfacet
  facet normal 1 0 0
    outer loop
      vertex 8 20.500361711515808 143.80071769204204
      vertex 8 20.574805066503487 143.5939433189998
      vertex 8 20.40058966382574 156.0034686390057
    endloop
  endfacet
  facet normal 1 0 0
    outer loop
      vertex 8 20.574805066503487 143.5939433189998
      vertex 8 20.62274571261033 143.37946919725155
      vertex 8 20.40058966382574 156.0034686390057
    endloop
  endfacet
  facet normal 1 0 0
    outer loop
      vertex 8 20.40058966382574 143.9965313609943
      vertex 8 20.500361711515808 143.80071769204204
      vertex 8 20.40058966382574 156.0034686390057
    endloop
  endfacet
  facet normal 0 0.3090169943749384 0.9510565162951566
    outer loop
      vertex 8 18.074055119297185 165.34131201715616
      vertex -47 18.074055119297185 165.34131201715616
      vertex 8 16.103383138220103 165.9816221586224
    endloop
  endfacet
  facet normal 0 0.8090169943749476 0.587785252292473
    outer loop
      vertex 8 25.93141077078325 158.84114211715345
      vertex -47 24.71346850580052 160.5174958308534
      vertex 8 24.71346850580052 160.5174958308534
    endloop
  endfacet
  facet normal 0 0.6374239897486942 0.7705132427757856
    outer loop
      vertex 8 23.295027247823363 162.02798235245328
      vertex -47 23.295027247823363 162.02798235245328
      vertex 8 21.698456662825805 163.34878040718664
    endloop
  endfacet
  facet normal 0 0.5358267949789977 0.8443279255020143
    outer loop
      vertex 8 21.698456662825805 163.34878040718664
      vertex -47 21.698456662825805 163.34878040718664
      vertex 8 19.948935622678302 164.45906022072376
    endloop
  endfacet
  facet normal 0 0.7289686274214068 0.6845471059286938
    outer loop
      vertex 8 24.71346850580052 160.5174958308534
      vertex -47 23.295027247823363 162.02798235245328
      vertex 8 23.295027247823363 162.02798235245328
    endloop
  endfacet
  facet normal 0 0.9297764858882505 0.3681245526846806
    outer loop
      vertex 8 27.692432518870035 155.09878040718664
      vertex -47 26.929646365689322 157.0253583108237
      vertex 8 26.929646365689322 157.0253583108237
    endloop
  endfacet
  facet normal 0 0.968583161128632 0.24868988716485152
    outer loop
      vertex 2.1255810390586265 27.97556467711619 153.99605345685654
      vertex -47 27.692432518870035 155.09878040718664
      vertex 8 27.692432518870035 155.09878040718664
    endloop
  endfacet
  facet normal 0 0.8763066800438654 0.48175367410171216
    outer loop
      vertex 8 26.929646365689322 157.0253583108237
      vertex -47 25.93141077078325 158.84114211715345
      vertex 8 25.93141077078325 158.84114211715345
    endloop
  endfacet
  facet normal 0 0.968583161128632 0.24868988716485158
    outer loop
      vertex 1.8744189609413735 27.97556467711619 153.99605345685654
      vertex -47 27.692432518870035 155.09878040718664
      vertex 2.1255810390586265 27.97556467711619 153.99605345685654
    endloop
  endfacet
  facet normal 1.1119364682533706e-16 0.9685831611286307 0.24868988716485618
    outer loop
      vertex 1.6252373708285508 27.983647099132657 153.96457450145738
      vertex -47 27.692432518870035 155.09878040718664
      vertex 1.8744189609413735 27.97556467711619 153.99605345685654
    endloop
  endfacet
  facet normal 3.9452939499485196e-17 0.9685831611286315 0.24868988716485327
    outer loop
      vertex -4.21335658101367 28.207739637023362 153.09179169066445
      vertex -47 27.692432518870035 155.09878040718664
      vertex 1.6252373708285508 27.983647099132657 153.96457450145738
    endloop
  endfacet
  facet normal 0 0.4257792915650725 0.9048270524660196
    outer loop
      vertex 8 19.948935622678302 164.45906022072376
      vertex -47 19.948935622678302 164.45906022072376
      vertex 8 18.074055119297185 165.34131201715616
    endloop
  endfacet
  facet normal 1 0 0
    outer loop
      vertex 8 20.62274571261033 143.37946919725155
      vertex 8 21.698456662825805 136.65121959281336
      vertex 8 20.40058966382574 156.0034686390057
    endloop
  endfacet
  facet normal 0 0.18738131458573531 0.9822872507286867
    outer loop
      vertex 8 16.103383138220103 165.9816221586224
      vertex -47 16.103383138220103 165.9816221586224
      vertex 8 14.06799835381102 166.3698925716889
    endloop
  endfacet
  facet normal 0 0.06279051952930881 0.9980267284282719
    outer loop
      vertex 8 14.06799835381102 166.3698925716889
      vertex -47 14.06799835381102 166.3698925716889
      vertex 8 12 166.5
    endloop
  endfacet
  facet normal 1 0 0
    outer loop
      vertex 8 28.207739637023362 146.90820830933555
      vertex 8 28.46744101906648 148.96395642776633
      vertex 8 28.207739637023362 153.09179169066445
    endloop
  endfacet
  facet normal 1 0 0
    outer loop
      vertex 8 27.692432518870035 144.90121959281336
      vertex 8 28.207739637023362 146.90820830933555
      vertex 8 27.692432518870035 155.09878040718664
    endloop
  endfacet
  facet normal 1.5404232415224245e-16 0.9921147013144778 -0.12533323356430484
    outer loop
      vertex 8 28.207739637023362 146.90820830933555
      vertex 4 28.34566500269763 148
      vertex 8 28.46744101906648 148.96395642776633
    endloop
  endfacet
  facet normal 1 0 0
    outer loop
      vertex 8 26.929646365689322 142.9746416891763
      vertex 8 27.692432518870035 144.90121959281336
      vertex 8 26.929646365689322 157.0253583108237
    endloop
  endfacet
  facet normal 0 1 0
    outer loop
      vertex 8 28.46744101906648 148.96395642776633
      vertex 4 28.46744101906648 148.96395642776633
      vertex 4 28.46744101906648 151.03604357223367
    endloop
  endfacet
  facet normal 0 0.9921147013144778 -0.12533323356430423
    outer loop
      vertex 4 28.34566500269763 148
      vertex 4 28.46744101906648 148.96395642776633
      vertex 8 28.46744101906648 148.96395642776633
    endloop
  endfacet
  facet normal 0 0.9685831611286317 -0.24868988716485252
    outer loop
      vertex 3.6712016407891985 28.207739637023362 146.90820830933555
      vertex 8 28.207739637023362 146.90820830933555
      vertex 8 27.692432518870035 144.90121959281336
    endloop
  endfacet
  facet normal 3.1724820928454235e-15 0.9921147013144791 -0.12533323356429396
    outer loop
      vertex 8 28.207739637023362 146.90820830933555
      vertex 3.984229402628956 28.313998463707993 147.7493335328714
      vertex 4 28.34566500269763 148
    endloop
  endfacet
  facet normal 1 0 0
    outer loop
      vertex 8 15.37731170200806 147.85669282008402
      vertex 8 15.737844116140353 144.68461199411166
      vertex 8 15.772223220802935 144.9016731182482
    endloop
  endfacet
  facet normal 1 0 0
    outer loop
      vertex 8 16.322781789879354 145.83261681765757
      vertex 8 16.496431642954516 145.96731345078473
      vertex 8 16.322781789879354 154.16738318234243
    endloop
  endfacet
  facet normal 1 0 0
    outer loop
      vertex 8 16.167383182342437 145.67721821012066
      vertex 8 16.322781789879354 145.83261681765757
      vertex 8 16.167383182342437 154.32278178987934
    endloop
  endfacet
  facet normal 1 0 0
    outer loop
      vertex 8 16.167383182342437 145.67721821012066
      vertex 8 15.992106913713087 150.25116207811726
      vertex 8 15.992106913713087 149.74883792188274
    endloop
  endfacet
  facet normal 1 0 0
    outer loop
      vertex 8 15.929149002914755 149.25047474165711
      vertex 8 16.167383182342437 145.67721821012066
      vertex 8 15.992106913713087 149.74883792188274
    endloop
  endfacet
  facet normal 1 0 0
    outer loop
      vertex 8 15.804226065180615 148.7639320225002
      vertex 8 16.167383182342437 145.67721821012066
      vertex 8 15.929149002914755 149.25047474165711
    endloop
  endfacet
  facet normal 1 0 0
    outer loop
      vertex 8 15.619308209864078 148.29688283373972
      vertex 8 16.167383182342437 145.67721821012066
      vertex 8 15.804226065180615 148.7639320225002
    endloop
  endfacet
  facet normal 1 0 0
    outer loop
      vertex 8 15.37731170200806 147.85669282008402
      vertex 8 16.167383182342437 145.67721821012066
      vertex 8 15.619308209864078 148.29688283373972
    endloop
  endfacet
  facet normal 1 0 0
    outer loop
      vertex 8 15.37731170200806 147.85669282008402
      vertex 8 16.03268654921526 145.50356835704548
      vertex 8 16.167383182342437 145.67721821012066
    endloop
  endfacet
  facet normal 1 0 0
    outer loop
      vertex 8 15.37731170200806 147.85669282008402
      vertex 8 15.9208161368661 145.31440582034847
      vertex 8 16.03268654921526 145.50356835704548
    endloop
  endfacet
  facet normal 1 0 0
    outer loop
      vertex 8 15.37731170200806 147.85669282008402
      vertex 8 15.83353620852585 145.11271380623353
      vertex 8 15.9208161368661 145.31440582034847
    endloop
  endfacet
  facet normal 1 0 0
    outer loop
      vertex 8 15.37731170200806 147.85669282008402
      vertex 8 15.772223220802935 144.9016731182482
      vertex 8 15.83353620852585 145.11271380623353
    endloop
  endfacet
  facet normal 1 0 0
    outer loop
      vertex 8 16.496431642954516 145.96731345078473
      vertex 8 16.685594179651538 146.0791838631339
      vertex 8 16.496431642954516 154.03268654921527
    endloop
  endfacet
  facet normal 1 0 0
    outer loop
      vertex 8 15.37731170200806 147.85669282008402
      vertex 8 15.730941073555714 144.46495361741754
      vertex 8 15.737844116140353 144.68461199411166
    endloop
  endfacet
  facet normal 1 0 0
    outer loop
      vertex 8 15.082052971103158 147.45030404100524
      vertex 8 16.103383138220103 134.0183778413776
      vertex 8 15.37731170200806 147.85669282008402
    endloop
  endfacet
  facet normal 1 0 0
    outer loop
      vertex 8 14.738188423714753 147.08412549031436
      vertex 8 16.103383138220103 134.0183778413776
      vertex 8 15.082052971103158 147.45030404100524
    endloop
  endfacet
  facet normal 1 0 0
    outer loop
      vertex 8 15.730941073555714 144.46495361741754
      vertex 8 15.37731170200806 147.85669282008402
      vertex 8 16.103383138220103 134.0183778413776
    endloop
  endfacet
  facet normal 1 0 0
    outer loop
      vertex 8 14.351141009169893 146.7639320225002
      vertex 8 16.103383138220103 134.0183778413776
      vertex 8 14.738188423714753 147.08412549031436
    endloop
  endfacet
  facet normal 1 0 0
    outer loop
      vertex 8 13.92701469640686 146.49477327982456
      vertex 8 16.103383138220103 134.0183778413776
      vertex 8 14.351141009169893 146.7639320225002
    endloop
  endfacet
  facet normal 1 0 0
    outer loop
      vertex 8 13.472498210738712 146.28089405644698
      vertex 8 14.067998353811017 133.6301074283111
      vertex 8 13.92701469640686 146.49477327982456
    endloop
  endfacet
  facet normal 1 0 0
    outer loop
      vertex 8 12.99475954865942 146.12566735548546
      vertex 8 14.067998353811017 133.6301074283111
      vertex 8 13.472498210738712 146.28089405644698
    endloop
  endfacet
  facet normal 1 0 0
    outer loop
      vertex 8 12.501332934257217 146.0315411947421
      vertex 8 14.067998353811017 133.6301074283111
      vertex 8 12.99475954865942 146.12566735548546
    endloop
  endfacet
  facet normal 1 0 0
    outer loop
      vertex 8 12 146
      vertex 8 14.067998353811017 133.6301074283111
      vertex 8 12.501332934257217 146.0315411947421
    endloop
  endfacet
  facet normal 1 0 0
    outer loop
      vertex 8 18.717514421272202 145.7573593128807
      vertex 8 20.1317279836453 144.34314575050763
      vertex 8 18.717514421272202 154.2426406871193
    endloop
  endfacet
  facet normal 1 0 0
    outer loop
      vertex 8 20.64342759720887 143.1606777118179
      vertex 8 21.698456662825805 136.65121959281336
      vertex 8 20.62274571261033 143.37946919725155
    endloop
  endfacet
  facet normal 1 0 0
    outer loop
      vertex 8 20.63652455462423 142.94101933512377
      vertex 8 21.698456662825805 136.65121959281336
      vertex 8 20.64342759720887 143.1606777118179
    endloop
  endfacet
  facet normal 1 0 0
    outer loop
      vertex 8 20.602145449961647 142.7239582109872
      vertex 8 21.698456662825805 136.65121959281336
      vertex 8 20.63652455462423 142.94101933512377
    endloop
  endfacet
  facet normal 1 0 0
    outer loop
      vertex 8 20.540832462238733 142.5129175230019
      vertex 8 21.698456662825805 136.65121959281336
      vertex 8 20.602145449961647 142.7239582109872
    endloop
  endfacet
  facet normal 1 0 0
    outer loop
      vertex 8 20.45355253389848 142.31122550888696
      vertex 8 21.698456662825805 136.65121959281336
      vertex 8 20.540832462238733 142.5129175230019
    endloop
  endfacet
  facet normal 1 0 0
    outer loop
      vertex 8 20.341682121549322 142.12206297218992
      vertex 8 21.698456662825805 136.65121959281336
      vertex 8 20.45355253389848 142.31122550888696
    endloop
  endfacet
  facet normal 1 0 0
    outer loop
      vertex 8 20.20698548842214 141.94841311911478
      vertex 8 21.698456662825805 136.65121959281336
      vertex 8 20.341682121549322 142.12206297218992
    endloop
  endfacet
  facet normal 1 0 0
    outer loop
      vertex 8 20.20698548842214 141.94841311911478
      vertex 8 20.051586880885232 141.79301451157787
      vertex 8 21.698456662825805 136.65121959281336
    endloop
  endfacet
  facet normal 1 0 0
    outer loop
      vertex 8 20.051586880885232 141.79301451157787
      vertex 8 19.877937027810066 141.65831787845067
      vertex 8 21.698456662825805 136.65121959281336
    endloop
  endfacet
  facet normal 1 0 0
    outer loop
      vertex 8 19.877937027810066 141.65831787845067
      vertex 8 19.948935622678306 135.54093977927624
      vertex 8 21.698456662825805 136.65121959281336
    endloop
  endfacet
  facet normal 1 0 0
    outer loop
      vertex 8 20.1317279836453 144.34314575050763
      vertex 8 20.277062388226298 144.17829622732387
      vertex 8 20.1317279836453 155.65685424949237
    endloop
  endfacet
  facet normal 1 0 0
    outer loop
      vertex 8 15.992106913713087 150.25116207811726
      vertex 8 16.167383182342437 145.67721821012066
      vertex 8 16.03268654921526 154.49643164295452
    endloop
  endfacet
  facet normal 1 0 0
    outer loop
      vertex 8 18.55266489808845 145.90269371746172
      vertex 8 18.717514421272202 145.7573593128807
      vertex 8 18.55266489808845 154.09730628253828
    endloop
  endfacet
  facet normal 1 0 0
    outer loop
      vertex 8 18.370900031758893 146.02622099306114
      vertex 8 18.55266489808845 145.90269371746172
      vertex 8 18.370900031758893 153.97377900693886
    endloop
  endfacet
  facet normal 1 0 0
    outer loop
      vertex 8 18.17508636280661 146.1259930407512
      vertex 8 18.370900031758893 146.02622099306114
      vertex 8 18.17508636280661 153.8740069592488
    endloop
  endfacet
  facet normal 1 0 0
    outer loop
      vertex 8 17.968311989764395 146.2004363957389
      vertex 8 18.17508636280661 146.1259930407512
      vertex 8 17.968311989764395 153.7995636042611
    endloop
  endfacet
  facet normal 1 0 0
    outer loop
      vertex 8 17.75383786801615 146.24837704184574
      vertex 8 17.968311989764395 146.2004363957389
      vertex 8 17.75383786801615 153.75162295815426
    endloop
  endfacet
  facet normal 1 0 0
    outer loop
      vertex 8 17.53504638258247 146.26905892644427
      vertex 8 17.75383786801615 146.24837704184574
      vertex 8 17.53504638258247 153.73094107355573
    endloop
  endfacet
  facet normal 1 0 0
    outer loop
      vertex 8 16.685594179651538 153.9208161368661
      vertex 8 17.315388005888344 146.26215588385963
      vertex 8 17.53504638258247 146.26905892644427
    endloop
  endfacet
  facet normal 1 0 0
    outer loop
      vertex 8 16.685594179651538 153.9208161368661
      vertex 8 17.098326881751795 146.22777677919706
      vertex 8 17.315388005888344 146.26215588385963
    endloop
  endfacet
  facet normal 1 0 0
    outer loop
      vertex 8 16.887286193766485 146.16646379147414
      vertex 8 17.098326881751795 146.22777677919706
      vertex 8 16.685594179651538 153.9208161368661
    endloop
  endfacet
  facet normal 1 0 0
    outer loop
      vertex 8 16.496431642954516 154.03268654921527
      vertex 8 16.685594179651538 146.0791838631339
      vertex 8 16.887286193766485 146.16646379147414
    endloop
  endfacet
  facet normal 1 0 0
    outer loop
      vertex 8 18.074055119297185 165.34131201715616
      vertex 8 16.103383138220103 165.9816221586224
      vertex 8 17.65685424949238 158.1317279836453
    endloop
  endfacet
  facet normal 1 0 0
    outer loop
      vertex 8 28.207739637023362 153.09179169066445
      vertex 8 28.46744101906648 148.96395642776633
      vertex 8 28.46744101906648 151.03604357223367
    endloop
  endfacet
  facet normal 0 1 0
    outer loop
      vertex 8 28.46744101906648 148.96395642776633
      vertex 4 28.46744101906648 151.03604357223367
      vertex 8 28.46744101906648 151.03604357223367
    endloop
  endfacet
  facet normal 0 0.9921147013144778 0.12533323356430423
    outer loop
      vertex 4 28.34566500269763 152
      vertex 8 28.46744101906648 151.03604357223367
      vertex 4 28.46744101906648 151.03604357223367
    endloop
  endfacet
  facet normal 1 0 0
    outer loop
      vertex 8 24.71346850580052 160.5174958308534
      vertex 8 25.931410770783245 141.15885788284655
      vertex 8 25.93141077078325 158.84114211715345
    endloop
  endfacet
  facet normal 1 0 0
    outer loop
      vertex 8 21.698456662825805 163.34878040718664
      vertex 8 23.295027247823363 137.9720176475467
      vertex 8 23.295027247823363 162.02798235245328
    endloop
  endfacet
  facet normal 1 0 0
    outer loop
      vertex 8 23.295027247823363 162.02798235245328
      vertex 8 24.713468505800524 139.4825041691466
      vertex 8 24.71346850580052 160.5174958308534
    endloop
  endfacet
  facet normal 1 0 0
    outer loop
      vertex 8 20.63652455462423 157.05898066487623
      vertex 8 21.698456662825805 136.65121959281336
      vertex 8 21.698456662825805 163.34878040718664
    endloop
  endfacet
  facet normal 1 0 0
    outer loop
      vertex 8 20.277062388226298 155.82170377267613
      vertex 8 20.40058966382574 143.9965313609943
      vertex 8 20.40058966382574 156.0034686390057
    endloop
  endfacet
  facet normal 1 0 0
    outer loop
      vertex 8 20.64342759720887 156.8393222881821
      vertex 8 21.698456662825805 136.65121959281336
      vertex 8 20.63652455462423 157.05898066487623
    endloop
  endfacet
  facet normal 1 0 0
    outer loop
      vertex 8 20.62274571261033 156.62053080274845
      vertex 8 21.698456662825805 136.65121959281336
      vertex 8 20.64342759720887 156.8393222881821
    endloop
  endfacet
  facet normal 1 0 0
    outer loop
      vertex 8 19.948935622678302 164.45906022072376
      vertex 8 18.074055119297185 165.34131201715616
      vertex 8 18.620530802748434 158.62274571261034
    endloop
  endfacet
  facet normal 1.5404232415224245e-16 0.9921147013144778 0.12533323356430484
    outer loop
      vertex 8 28.46744101906648 151.03604357223367
      vertex 4 28.34566500269763 152
      vertex 8 28.207739637023362 153.09179169066445
    endloop
  endfacet
  facet normal 1 0 0
    outer loop
      vertex 8 19.877937027810066 158.34168212154933
      vertex 8 20.051586880885232 158.20698548842213
      vertex 8 19.948935622678302 164.45906022072376
    endloop
  endfacet
  facet normal 1 0 0
    outer loop
      vertex 8 19.948935622678302 164.45906022072376
      vertex 8 19.688774491113044 158.4535525338985
      vertex 8 19.877937027810066 158.34168212154933
    endloop
  endfacet
  facet normal 1 0 0
    outer loop
      vertex 8 19.487082476998097 158.54083246223874
      vertex 8 19.688774491113044 158.4535525338985
      vertex 8 19.948935622678302 164.45906022072376
    endloop
  endfacet
  facet normal 1 0 0
    outer loop
      vertex 8 19.948935622678302 164.45906022072376
      vertex 8 19.276041789012787 158.60214544996165
      vertex 8 19.487082476998097 158.54083246223874
    endloop
  endfacet
  facet normal 1 0 0
    outer loop
      vertex 8 19.948935622678302 164.45906022072376
      vertex 8 18.839322288182114 158.64342759720887
      vertex 8 19.058980664876238 158.63652455462423
    endloop
  endfacet
  facet normal 1 0 0
    outer loop
      vertex 8 19.058980664876238 158.63652455462423
      vertex 8 19.276041789012787 158.60214544996165
      vertex 8 19.948935622678302 164.45906022072376
    endloop
  endfacet
  facet normal 1 0 0
    outer loop
      vertex 8 18.620530802748434 158.62274571261034
      vertex 8 18.839322288182114 158.64342759720887
      vertex 8 19.948935622678302 164.45906022072376
    endloop
  endfacet
  facet normal 1 0 0
    outer loop
      vertex 8 18.074055119297185 165.34131201715616
      vertex 8 18.406056681000187 158.5748050665035
      vertex 8 18.620530802748434 158.62274571261034
    endloop
  endfacet
  facet normal 1 0 0
    outer loop
      vertex 8 18.074055119297185 165.34131201715616
      vertex 8 18.199282307957972 158.5003617115158
      vertex 8 18.406056681000187 158.5748050665035
    endloop
  endfacet
  facet normal 1 0 0
    outer loop
      vertex 8 19.948935622678302 164.45906022072376
      vertex 8 20.20698548842214 158.05158688088522
      vertex 8 20.341682121549322 157.87793702781008
    endloop
  endfacet
  facet normal 1 0 0
    outer loop
      vertex 8 20.051586880885232 158.20698548842213
      vertex 8 20.20698548842214 158.05158688088522
      vertex 8 19.948935622678302 164.45906022072376
    endloop
  endfacet
  facet normal 1 0 0
    outer loop
      vertex 8 25.93141077078325 158.84114211715345
      vertex 8 26.929646365689322 142.9746416891763
      vertex 8 26.929646365689322 157.0253583108237
    endloop
  endfacet
  facet normal 1 0 0
    outer loop
      vertex 8 21.698456662825805 163.34878040718664
      vertex 8 19.948935622678302 164.45906022072376
      vertex 8 20.45355253389848 157.68877449111304
    endloop
  endfacet
  facet normal 1 0 0
    outer loop
      vertex 8 20.45355253389848 157.68877449111304
      vertex 8 20.540832462238733 157.4870824769981
      vertex 8 21.698456662825805 163.34878040718664
    endloop
  endfacet
  facet normal 1 0 0
    outer loop
      vertex 8 20.540832462238733 157.4870824769981
      vertex 8 20.602145449961647 157.2760417890128
      vertex 8 21.698456662825805 163.34878040718664
    endloop
  endfacet
  facet normal 1 0 0
    outer loop
      vertex 8 20.341682121549322 157.87793702781008
      vertex 8 20.45355253389848 157.68877449111304
      vertex 8 19.948935622678302 164.45906022072376
    endloop
  endfacet
  facet normal 1 0 0
    outer loop
      vertex 8 20.602145449961647 157.2760417890128
      vertex 8 20.63652455462423 157.05898066487623
      vertex 8 21.698456662825805 163.34878040718664
    endloop
  endfacet
  facet normal -2.4906409106007535e-15 0.9685831611286296 0.24868988716486035
    outer loop
      vertex 3.071653589957993 28.054490967580634 153.68865585100403
      vertex 2.8515585831301453 28.023423896291227 153.80965410493204
      vertex 8 27.692432518870035 155.09878040718664
    endloop
  endfacet
  facet normal -2.192549540777863e-15 0.96858316112863 0.2486898871648592
    outer loop
      vertex 2.8515585831301453 28.023423896291227 153.80965410493204
      vertex 2.618033988749895 27.999684478542186 153.9021130325903
      vertex 8 27.692432518870035 155.09878040718664
    endloop
  endfacet
  facet normal 1.0623268574251162e-14 0.9685831611286438 0.2486898871648051
    outer loop
      vertex 2.618033988749895 27.999684478542186 153.9021130325903
      vertex 2.374762629171449 27.98364709913266 153.96457450145738
      vertex 8 27.692432518870035 155.09878040718664
    endloop
  endfacet
  facet normal -8.695354085540604e-15 0.9685831611286208 0.248689887164895
    outer loop
      vertex 2.374762629171449 27.98364709913266 153.96457450145738
      vertex 2.1255810390586265 27.97556467711619 153.99605345685654
      vertex 8 27.692432518870035 155.09878040718664
    endloop
  endfacet
  facet normal -5.308375033284285e-16 0.9685831611286317 0.2486898871648525
    outer loop
      vertex 8 27.692432518870035 155.09878040718664
      vertex 8 28.207739637023362 153.09179169066445
      vertex 3.457937254842823 28.13654045096107 153.36909421185737
    endloop
  endfacet
  facet normal 1 0 0
    outer loop
      vertex 8 26.929646365689322 157.0253583108237
      vertex 8 27.692432518870035 144.90121959281336
      vertex 8 27.692432518870035 155.09878040718664
    endloop
  endfacet
  facet normal 1 0 0
    outer loop
      vertex 8 18.074055119297185 165.34131201715616
      vertex 8 18.00346863900569 158.40058966382574
      vertex 8 18.199282307957972 158.5003617115158
    endloop
  endfacet
  facet normal 4.029056442376351e-15 0.9685831611286346 0.24868988716484128
    outer loop
      vertex 3.457937254842823 28.13654045096107 153.36909421185737
      vertex 3.2748479794973795 28.0923957461376 153.54102648555158
      vertex 8 27.692432518870035 155.09878040718664
    endloop
  endfacet
  facet normal 8.968827461981839e-16 0.9685831611286262 0.24868988716487433
    outer loop
      vertex 8 28.207739637023362 153.09179169066445
      vertex 3.618033988749895 28.18622889368521 153.17557050458495
      vertex 3.457937254842823 28.13654045096107 153.36909421185737
    endloop
  endfacet
  facet normal 0 0.9685831611286374 0.24868988716483037
    outer loop
      vertex 8 28.207739637023362 153.09179169066445
      vertex 3.6712016407891985 28.207739637023362 153.09179169066445
      vertex 3.618033988749895 28.18622889368521 153.17557050458495
    endloop
  endfacet
  facet normal -1.3652570685727443e-15 0.9685831611286305 0.24868988716485663
    outer loop
      vertex 3.2748479794973795 28.0923957461376 153.54102648555158
      vertex 3.071653589957993 28.054490967580634 153.68865585100403
      vertex 8 27.692432518870035 155.09878040718664
    endloop
  endfacet
  facet normal 0 0.9921147013144794 0.12533323356429138
    outer loop
      vertex 3.752613360087727 28.22394571827083 152.96350734820342
      vertex 3.6712016407891985 28.207739637023362 153.09179169066445
      vertex 8 28.207739637023362 153.09179169066445
    endloop
  endfacet
  facet normal -8.157173823525491e-16 0.992114701314476 0.12533323356431797
    outer loop
      vertex 8 28.207739637023362 153.09179169066445
      vertex 3.8595529717765027 28.252655110834816 152.73624910536935
      vertex 3.752613360087727 28.22394571827083 152.96350734820342
    endloop
  endfacet
  facet normal 2.505502980596262e-16 0.9921147013144775 0.12533323356430573
    outer loop
      vertex 8 28.207739637023362 153.09179169066445
      vertex 3.937166322257262 28.28283132495489 152.49737977432972
      vertex 3.8595529717765027 28.252655110834816 152.73624910536935
    endloop
  endfacet
  facet normal 1.3229425405297839e-15 0.9921147013144784 0.12533323356429849
    outer loop
      vertex 8 28.207739637023362 153.09179169066445
      vertex 3.984229402628956 28.31399846370799 152.2506664671286
      vertex 3.937166322257262 28.28283132495489 152.49737977432972
    endloop
  endfacet
  facet normal -5.93996647171057e-16 0.9921147013144774 0.12533323356430756
    outer loop
      vertex 8 28.207739637023362 153.09179169066445
      vertex 4 28.34566500269763 152
      vertex 3.984229402628956 28.31399846370799 152.2506664671286
    endloop
  endfacet
  facet normal 1 0 0
    outer loop
      vertex 8 27.692432518870035 155.09878040718664
      vertex 8 28.207739637023362 146.90820830933555
      vertex 8 28.207739637023362 153.09179169066445
    endloop
  endfacet
  facet normal 1 0 0
    outer loop
      vertex 8 14.06799835381102 166.3698925716889
      vertex 8 13.472498210738712 153.71910594355302
      vertex 8 13.92701469640686 153.50522672017544
    endloop
  endfacet
  facet normal 1 0 0
    outer loop
      vertex 8 16.496431642954516 154.03268654921527
      vertex 8 16.887286193766485 146.16646379147414
      vertex 8 16.685594179651538 153.9208161368661
    endloop
  endfacet
  facet normal 1 0 0
    outer loop
      vertex 8 16.322781789879354 154.16738318234243
      vertex 8 16.496431642954516 145.96731345078473
      vertex 8 16.496431642954516 154.03268654921527
    endloop
  endfacet
  facet normal 1 0 0
    outer loop
      vertex 8 16.167383182342437 154.32278178987934
      vertex 8 16.322781789879354 145.83261681765757
      vertex 8 16.322781789879354 154.16738318234243
    endloop
  endfacet
  facet normal 1 0 0
    outer loop
      vertex 8 16.03268654921526 154.49643164295452
      vertex 8 16.167383182342437 145.67721821012066
      vertex 8 16.167383182342437 154.32278178987934
    endloop
  endfacet
  facet normal 1 0 0
    outer loop
      vertex 8 14.06799835381102 166.3698925716889
      vertex 8 15.804226065180615 151.2360679774998
      vertex 8 15.730941073555714 155.53504638258246
    endloop
  endfacet
  facet normal 1 0 0
    outer loop
      vertex 8 15.619308209864078 151.70311716626028
      vertex 8 15.804226065180615 151.2360679774998
      vertex 8 14.06799835381102 166.3698925716889
    endloop
  endfacet
  facet normal 1 0 0
    outer loop
      vertex 8 14.738188423714755 152.91587450968564
      vertex 8 15.082052971103156 152.54969595899476
      vertex 8 14.06799835381102 166.3698925716889
    endloop
  endfacet
  facet normal 1 0 0
    outer loop
      vertex 8 14.351141009169893 153.2360679774998
      vertex 8 14.738188423714755 152.91587450968564
      vertex 8 14.06799835381102 166.3698925716889
    endloop
  endfacet
  facet normal 1 0 0
    outer loop
      vertex 8 14.06799835381102 166.3698925716889
      vertex 8 13.92701469640686 153.50522672017544
      vertex 8 14.351141009169893 153.2360679774998
    endloop
  endfacet
  facet normal 1 0 0
    outer loop
      vertex 8 15.082052971103156 152.54969595899476
      vertex 8 15.377311702008061 152.14330717991598
      vertex 8 14.06799835381102 166.3698925716889
    endloop
  endfacet
  facet normal 1 0 0
    outer loop
      vertex 8 15.377311702008061 152.14330717991598
      vertex 8 15.619308209864078 151.70311716626028
      vertex 8 14.06799835381102 166.3698925716889
    endloop
  endfacet
  facet normal 1 0 0
    outer loop
      vertex 8 16.685594179651538 153.9208161368661
      vertex 8 17.53504638258247 146.26905892644427
      vertex 8 16.887286193766485 153.83353620852586
    endloop
  endfacet
  facet normal 1 0 0
    outer loop
      vertex 8 13.472498210738712 153.71910594355302
      vertex 8 14.06799835381102 166.3698925716889
      vertex 8 12.994759548659419 153.87433264451454
    endloop
  endfacet
  facet normal 1 0 0
    outer loop
      vertex 8 12 166.5
      vertex 8 12.501332934257217 153.9684588052579
      vertex 8 12.994759548659419 153.87433264451454
    endloop
  endfacet
  facet normal 1 0 0
    outer loop
      vertex 8 12 166.5
      vertex 8 12 154
      vertex 8 12.501332934257217 153.9684588052579
    endloop
  endfacet
  facet normal 1 0 0
    outer loop
      vertex 8 15.737844116140353 155.31538800588834
      vertex 8 15.730941073555714 155.53504638258246
      vertex 8 15.804226065180615 151.2360679774998
    endloop
  endfacet
  facet normal 1 0 0
    outer loop
      vertex 8 15.772223220802935 155.0983268817518
      vertex 8 15.737844116140353 155.31538800588834
      vertex 8 15.804226065180615 151.2360679774998
    endloop
  endfacet
  facet normal 1 0 0
    outer loop
      vertex 8 15.83353620852585 154.88728619376647
      vertex 8 15.772223220802935 155.0983268817518
      vertex 8 15.804226065180615 151.2360679774998
    endloop
  endfacet
  facet normal 1 0 0
    outer loop
      vertex 8 15.9208161368661 154.68559417965153
      vertex 8 15.804226065180615 151.2360679774998
      vertex 8 16.03268654921526 154.49643164295452
    endloop
  endfacet
  facet normal 1 0 0
    outer loop
      vertex 8 15.804226065180615 151.2360679774998
      vertex 8 15.9208161368661 154.68559417965153
      vertex 8 15.83353620852585 154.88728619376647
    endloop
  endfacet
  facet normal 1 0 0
    outer loop
      vertex 8 15.804226065180615 151.2360679774998
      vertex 8 15.929149002914755 150.74952525834289
      vertex 8 16.03268654921526 154.49643164295452
    endloop
  endfacet
  facet normal 1 0 0
    outer loop
      vertex 8 15.929149002914755 150.74952525834289
      vertex 8 15.992106913713087 150.25116207811726
      vertex 8 16.03268654921526 154.49643164295452
    endloop
  endfacet
  facet normal 1 0 0
    outer loop
      vertex 8 20.1317279836453 155.65685424949237
      vertex 8 20.277062388226298 144.17829622732387
      vertex 8 20.277062388226298 155.82170377267613
    endloop
  endfacet
  facet normal 1 0 0
    outer loop
      vertex 8 18.074055119297185 165.34131201715616
      vertex 8 17.82170377267613 158.27706238822628
      vertex 8 18.00346863900569 158.40058966382574
    endloop
  endfacet
  facet normal 1 0 0
    outer loop
      vertex 8 17.65685424949238 158.1317279836453
      vertex 8 17.82170377267613 158.27706238822628
      vertex 8 18.074055119297185 165.34131201715616
    endloop
  endfacet
  facet normal 1 0 0
    outer loop
      vertex 8 16.103383138220103 165.9816221586224
      vertex 8 16.242640687119284 156.7175144212722
      vertex 8 17.65685424949238 158.1317279836453
    endloop
  endfacet
  facet normal 1 0 0
    outer loop
      vertex 8 16.103383138220103 165.9816221586224
      vertex 8 14.06799835381102 166.3698925716889
      vertex 8 16.242640687119284 156.7175144212722
    endloop
  endfacet
  facet normal 1 0 0
    outer loop
      vertex 8 14.06799835381102 166.3698925716889
      vertex 8 16.097306282538284 156.55266489808847
      vertex 8 16.242640687119284 156.7175144212722
    endloop
  endfacet
  facet normal 1 0 0
    outer loop
      vertex 8 14.06799835381102 166.3698925716889
      vertex 8 15.973779006938841 156.3709000317589
      vertex 8 16.097306282538284 156.55266489808847
    endloop
  endfacet
  facet normal 1 0 0
    outer loop
      vertex 8 14.06799835381102 166.3698925716889
      vertex 8 15.874006959248776 156.1750863628066
      vertex 8 15.973779006938841 156.3709000317589
    endloop
  endfacet
  facet normal 1 0 0
    outer loop
      vertex 8 14.06799835381102 166.3698925716889
      vertex 8 15.799563604261094 155.9683119897644
      vertex 8 15.874006959248776 156.1750863628066
    endloop
  endfacet
  facet normal 1 0 0
    outer loop
      vertex 8 14.06799835381102 166.3698925716889
      vertex 8 15.751622958154254 155.75383786801615
      vertex 8 15.799563604261094 155.9683119897644
    endloop
  endfacet
  facet normal 1 0 0
    outer loop
      vertex 8 14.06799835381102 166.3698925716889
      vertex 8 15.730941073555714 155.53504638258246
      vertex 8 15.751622958154254 155.75383786801615
    endloop
  endfacet
  facet normal 1 0 0
    outer loop
      vertex 8 14.06799835381102 166.3698925716889
      vertex 8 12 166.5
      vertex 8 12.994759548659419 153.87433264451454
    endloop
  endfacet
  facet normal 1 0 0
    outer loop
      vertex 8 19.688774491113044 141.5464474661015
      vertex 8 19.948935622678306 135.54093977927624
      vertex 8 19.877937027810066 141.65831787845067
    endloop
  endfacet
  facet normal 1 0 0
    outer loop
      vertex 8 18.717514421272202 154.2426406871193
      vertex 8 20.1317279836453 144.34314575050763
      vertex 8 20.1317279836453 155.65685424949237
    endloop
  endfacet
  facet normal 1 0 0
    outer loop
      vertex 8 18.55266489808845 154.09730628253828
      vertex 8 18.717514421272202 145.7573593128807
      vertex 8 18.717514421272202 154.2426406871193
    endloop
  endfacet
  facet normal 1 0 0
    outer loop
      vertex 8 18.370900031758893 153.97377900693886
      vertex 8 18.55266489808845 145.90269371746172
      vertex 8 18.55266489808845 154.09730628253828
    endloop
  endfacet
  facet normal 1 0 0
    outer loop
      vertex 8 18.17508636280661 153.8740069592488
      vertex 8 18.370900031758893 146.02622099306114
      vertex 8 18.370900031758893 153.97377900693886
    endloop
  endfacet
  facet normal 1 0 0
    outer loop
      vertex 8 17.968311989764395 153.7995636042611
      vertex 8 18.17508636280661 146.1259930407512
      vertex 8 18.17508636280661 153.8740069592488
    endloop
  endfacet
  facet normal 1 0 0
    outer loop
      vertex 8 17.75383786801615 153.75162295815426
      vertex 8 17.968311989764395 146.2004363957389
      vertex 8 17.968311989764395 153.7995636042611
    endloop
  endfacet
  facet normal 1 0 0
    outer loop
      vertex 8 17.53504638258247 153.73094107355573
      vertex 8 17.75383786801615 146.24837704184574
      vertex 8 17.75383786801615 153.75162295815426
    endloop
  endfacet
  facet normal 1 0 0
    outer loop
      vertex 8 17.315388005888344 153.73784411614037
      vertex 8 17.53504638258247 146.26905892644427
      vertex 8 17.53504638258247 153.73094107355573
    endloop
  endfacet
  facet normal 1 0 0
    outer loop
      vertex 8 16.887286193766485 153.83353620852586
      vertex 8 17.53504638258247 146.26905892644427
      vertex 8 17.098326881751795 153.77222322080294
    endloop
  endfacet
  facet normal 1 0 0
    outer loop
      vertex 8 17.53504638258247 146.26905892644427
      vertex 8 17.315388005888344 153.73784411614037
      vertex 8 17.098326881751795 153.77222322080294
    endloop
  endfacet
  facet normal -5.086617866297293e-15 -0.809016994374884 0.5877852522925606
    outer loop
      vertex 4.993728313363287 -0.7742326781964416 160.43386112255524
      vertex 4.873144368949044 -0.8204783350144798 160.3702094366106
      vertex 8 -0.7134685058005186 160.5174958308534
    endloop
  endfacet
  facet normal -3.038853430306709e-14 -0.7289686274214503 0.6845471059286473
    outer loop
      vertex 8 -0.7134685058005186 160.5174958308534
      vertex 5.627082719781282 0.2562115790656026 161.5501002409528
      vertex 5.6269525280842965 0.13084438246410135 161.41659773624744
    endloop
  endfacet
  facet normal -2.9576020182819785e-14 -0.7289686274214491 0.6845471059286488
    outer loop
      vertex 8 -0.7134685058005186 160.5174958308534
      vertex 5.6269525280842965 0.13084438246410135 161.41659773624744
      vertex 5.611051739016266 0.005477185862600233 161.2830952315421
    endloop
  endfacet
  facet normal 6.99263995343921e-14 -0.7289686274212939 0.684547105928814
    outer loop
      vertex 8 -0.7134685058005186 160.5174958308534
      vertex 5.611051739016266 0.005477185862600233 161.2830952315421
      vertex 5.579631117519466 -0.11791289515776203 161.15169814108654
    endloop
  endfacet
  facet normal -3.382417319966999e-14 -0.7289686274214914 0.6845471059286036
    outer loop
      vertex 8 -0.7134685058005186 160.5174958308534
      vertex 5.579631117519466 -0.11791289515776203 161.15169814108654
      vertex 5.533186185564667 -0.23737992530963373 161.02447867548995
    endloop
  endfacet
  facet normal 2.2852047635899185e-14 -0.728968627421354 0.6845471059287498
    outer loop
      vertex 8 -0.7134685058005186 160.5174958308534
      vertex 5.533186185564667 -0.23737992530963373 161.02447867548995
      vertex 5.472449407473661 -0.3510398381613733 160.90344316172212
    endloop
  endfacet
  facet normal -1.2184311276024553e-14 -0.7289686274214686 0.6845471059286278
    outer loop
      vertex 5.398378638519323 -0.45710014899016915 160.7905004021382
      vertex 8 -0.7134685058005186 160.5174958308534
      vertex 5.472449407473661 -0.3510398381613733 160.90344316172212
    endloop
  endfacet
  facet normal 1.1349809991504724e-14 -0.7289686274213568 0.684547105928747
    outer loop
      vertex 5.398378638519323 -0.45710014899016915 160.7905004021382
      vertex 5.312142018975811 -0.5538882233368924 160.68743157152565
      vertex 8 -0.7134685058005186 160.5174958308534
    endloop
  endfacet
  facet normal -9.90492371346059e-15 -0.7289686274215246 0.6845471059285683
    outer loop
      vertex 5.312142018975811 -0.5538882233368924 160.68743157152565
      vertex 5.215099551848575 -0.6398776554507022 160.59586212691346
      vertex 8 -0.7134685058005186 160.5174958308534
    endloop
  endfacet
  facet normal 0 -0.7289686274213489 0.6845471059287553
    outer loop
      vertex 5.215099551848575 -0.6398776554507022 160.59586212691346
      vertex 5.109132763580399 -0.7134685058005186 160.5174958308534
      vertex 8 -0.7134685058005186 160.5174958308534
    endloop
  endfacet
  facet normal 0 -0.8090169943667138 0.5877852523038058
    outer loop
      vertex 5.108777093051538 -0.7137123599485568 160.5171601944128
      vertex 8 -0.7134685058005186 160.5174958308534
      vertex 5.109132763580399 -0.7134685058005186 160.5174958308534
    endloop
  endfacet
  facet normal 2.0242130219359827e-15 -0.8090169943750054 0.5877852522923934
    outer loop
      vertex 5.108777093051538 -0.7137123599485568 160.5171601944128
      vertex 4.993728313363287 -0.7742326781964416 160.43386112255524
      vertex 8 -0.7134685058005186 160.5174958308534
    endloop
  endfacet
  facet normal 9.569259893367298e-15 -0.7289686274214323 0.6845471059286665
    outer loop
      vertex 8 0.7049727521766389 162.0279823524533
      vertex 5.611440260906391 0.3796016600859651 161.6814973314084
      vertex 5.627082719781282 0.2562115790656026 161.5501002409528
    endloop
  endfacet
  facet normal 1.5764572959241161e-15 -0.809016994374951 0.587785252292468
    outer loop
      vertex 8 -1.931410770783252 158.84114211715342
      vertex 8 -0.7134685058005186 160.5174958308534
      vertex 4.873144368949044 -0.8204783350144798 160.3702094366106
    endloop
  endfacet
  facet normal 2.270440556125793e-14 -0.8090169943749304 0.5877852522924967
    outer loop
      vertex 8 -1.931410770783252 158.84114211715342
      vertex 4.873144368949044 -0.8204783350144798 160.3702094366106
      vertex 4.748926940645583 -0.8517200087688348 160.32720896168985
    endloop
  endfacet
  facet normal 1.6740461420796023e-14 -0.8090169943749368 0.5877852522924879
    outer loop
      vertex 8 -1.931410770783252 158.84114211715342
      vertex 4.748926940645583 -0.8517200087688348 160.32720896168985
      vertex 4.623035011501137 -0.8674649996015289 160.30553784096975
    endloop
  endfacet
  facet normal 1 0 0
    outer loop
      vertex 8 2.301543337174193 163.34878040718664
      vertex 8 3.5994103361742606 143.9965313609943
      vertex 8 3.37725428738967 156.62053080274845
    endloop
  endfacet
  facet normal 1 0 0
    outer loop
      vertex 8 3.499638288484194 156.19928230795796
      vertex 8 3.5994103361742606 143.9965313609943
      vertex 8 3.5994103361742606 156.0034686390057
    endloop
  endfacet
  facet normal 1 0 0
    outer loop
      vertex 8 3.5994103361742606 143.9965313609943
      vertex 8 3.4251949334965115 156.4060566810002
      vertex 8 3.37725428738967 156.62053080274845
    endloop
  endfacet
  facet normal 1 0 0
    outer loop
      vertex 8 3.5994103361742606 143.9965313609943
      vertex 8 3.499638288484194 156.19928230795796
      vertex 8 3.4251949334965115 156.4060566810002
    endloop
  endfacet
  facet normal 1 0 0
    outer loop
      vertex 8 0.7049727521766389 162.0279823524533
      vertex 8 2.301543337174193 136.65121959281336
      vertex 8 2.301543337174193 163.34878040718664
    endloop
  endfacet
  facet normal 1 0 0
    outer loop
      vertex 8 3.5994103361742606 156.0034686390057
      vertex 8 3.7229376117737036 144.17829622732387
      vertex 8 3.7229376117737036 155.82170377267613
    endloop
  endfacet
  facet normal 1 0 0
    outer loop
      vertex 8 2.301543337174193 163.34878040718664
      vertex 8 3.499638288484194 143.80071769204204
      vertex 8 3.5994103361742606 143.9965313609943
    endloop
  endfacet
  facet normal 1 0 0
    outer loop
      vertex 8 2.301543337174193 163.34878040718664
      vertex 8 3.4251949334965097 143.5939433189998
      vertex 8 3.499638288484194 143.80071769204204
    endloop
  endfacet
  facet normal 1 0 0
    outer loop
      vertex 8 2.301543337174193 163.34878040718664
      vertex 8 3.546447466101517 157.68877449111304
      vertex 8 3.658317878450678 157.87793702781008
    endloop
  endfacet
  facet normal -5.684366178014191e-14 -0.6374239897486296 0.770513242775839
    outer loop
      vertex 5.39812200258766 0.815570300776162 162.119476601703
      vertex 5.4733632538934405 0.7187880785486608 162.03941138438535
      vertex 8 2.301543337174193 163.34878040718664
    endloop
  endfacet
  facet normal -2.7087933529265273e-14 -0.6374239897486482 0.7705132427758236
    outer loop
      vertex 4.9914105205790475 1.0821358119824673 162.3399987708878
      vertex 5.105876144332182 1.0358966167455657 162.30174638186398
      vertex 8 2.301543337174193 163.34878040718664
    endloop
  endfacet
  facet normal 1.6207521802091027e-14 -0.6374239897487178 0.770513242775766
    outer loop
      vertex 4.747517519444783 1.1291159114525637 162.3788640891984
      vertex 4.8713263794028725 1.1133731205569612 162.36584051993916
      vertex 8 2.301543337174193 163.34878040718664
    endloop
  endfacet
  facet normal -4.643497018673145e-14 -0.6374239897486199 0.7705132427758469
    outer loop
      vertex 4.8713263794028725 1.1133731205569612 162.36584051993916
      vertex 4.9914105205790475 1.0821358119824673 162.3399987708878
      vertex 8 2.301543337174193 163.34878040718664
    endloop
  endfacet
  facet normal 1.573282123207962e-14 -0.6374239897487063 0.7705132427757755
    outer loop
      vertex 5.105876144332182 1.0358966167455657 162.30174638186398
      vertex 5.212918059397238 0.9753847545770983 162.25168661589345
      vertex 8 2.301543337174193 163.34878040718664
    endloop
  endfacet
  facet normal -5.575226018102663e-15 -0.6374239897486798 0.7705132427757975
    outer loop
      vertex 5.212918059397238 0.9753847545770983 162.25168661589345
      vertex 5.310848150829896 0.9015545336914963 162.19060894538984
      vertex 8 2.301543337174193 163.34878040718664
    endloop
  endfacet
  facet normal 2.5748662310223667e-14 -0.6374239897487156 0.7705132427757679
    outer loop
      vertex 5.310848150829896 0.9015545336914963 162.19060894538984
      vertex 5.39812200258766 0.815570300776162 162.119476601703
      vertex 8 2.301543337174193 163.34878040718664
    endloop
  endfacet
  facet normal 1 0 0
    outer loop
      vertex 8 4.051064377321696 164.45906022072376
      vertex 8 2.301543337174193 163.34878040718664
      vertex 8 4.122062972189933 158.34168212154933
    endloop
  endfacet
  facet normal 1 0 0
    outer loop
      vertex 8 3.94841311911477 158.20698548842213
      vertex 8 4.122062972189933 158.34168212154933
      vertex 8 2.301543337174193 163.34878040718664
    endloop
  endfacet
  facet normal 1 0 0
    outer loop
      vertex 8 3.793014511577857 158.05158688088522
      vertex 8 3.94841311911477 158.20698548842213
      vertex 8 2.301543337174193 163.34878040718664
    endloop
  endfacet
  facet normal 1 0 0
    outer loop
      vertex 8 2.301543337174193 163.34878040718664
      vertex 8 3.658317878450678 157.87793702781008
      vertex 8 3.793014511577857 158.05158688088522
    endloop
  endfacet
  facet normal 1 0 0
    outer loop
      vertex 8 2.301543337174193 163.34878040718664
      vertex 8 3.37725428738967 143.37946919725155
      vertex 8 3.4251949334965097 143.5939433189998
    endloop
  endfacet
  facet normal 1 0 0
    outer loop
      vertex 8 2.301543337174193 163.34878040718664
      vertex 8 3.4591675377612656 157.4870824769981
      vertex 8 3.546447466101517 157.68877449111304
    endloop
  endfacet
  facet normal 1 0 0
    outer loop
      vertex 8 2.301543337174193 163.34878040718664
      vertex 8 3.3978545500383532 157.2760417890128
      vertex 8 3.4591675377612656 157.4870824769981
    endloop
  endfacet
  facet normal 1 0 0
    outer loop
      vertex 8 2.301543337174193 163.34878040718664
      vertex 8 3.363475445375771 157.05898066487623
      vertex 8 3.3978545500383532 157.2760417890128
    endloop
  endfacet
  facet normal 1 0 0
    outer loop
      vertex 8 2.301543337174193 163.34878040718664
      vertex 8 3.35657240279113 156.8393222881821
      vertex 8 3.363475445375771 157.05898066487623
    endloop
  endfacet
  facet normal 1 0 0
    outer loop
      vertex 8 2.301543337174193 163.34878040718664
      vertex 8 3.37725428738967 156.62053080274845
      vertex 8 3.35657240279113 156.8393222881821
    endloop
  endfacet
  facet normal 0 -0.6374239897490714 0.7705132427754736
    outer loop
      vertex 5.481442682349171 0.7049727521766389 162.0279823524533
      vertex 8 0.7049727521766389 162.0279823524533
      vertex 5.4733632538934405 0.7187880785486608 162.03941138438535
    endloop
  endfacet
  facet normal 1.806382018698061e-15 -0.7289686274214132 0.684547105928687
    outer loop
      vertex 8 -0.7134685058005186 160.5174958308534
      vertex 8 0.7049727521766389 162.0279823524533
      vertex 5.627082719781282 0.2562115790656026 161.5501002409528
    endloop
  endfacet
  facet normal 0 -0.7289686274214326 0.6845471059286662
    outer loop
      vertex 5.534069008782662 0.6127286030895759 161.92975231077278
      vertex 8 0.7049727521766389 162.0279823524533
      vertex 5.481442682349171 0.7049727521766389 162.0279823524533
    endloop
  endfacet
  facet normal -6.685803832282945e-15 -0.7289686274213488 0.6845471059287556
    outer loop
      vertex 8 0.7049727521766389 162.0279823524533
      vertex 5.534069008782662 0.6127286030895759 161.92975231077278
      vertex 5.580271842380428 0.499068690237836 161.80871679700496
    endloop
  endfacet
  facet normal 6.7513728329821634e-15 -0.7289686274214229 0.6845471059286766
    outer loop
      vertex 8 0.7049727521766389 162.0279823524533
      vertex 5.580271842380428 0.499068690237836 161.80871679700496
      vertex 5.611440260906391 0.3796016600859651 161.6814973314084
    endloop
  endfacet
  facet normal -1.8514738771161594e-15 -0.6374239897487209 0.7705132427757635
    outer loop
      vertex -36.139383189757815 2.301543337174193 163.34878040718664
      vertex 4.141264469439244 0.9753847545770983 162.25168661589345
      vertex 4.254317561202041 1.0358966167455657 162.30174638186398
    endloop
  endfacet
  facet normal 0 -0.9685831611286315 0.2486898871648533
    outer loop
      vertex -30.8 -4.207739637023362 153.09179169066445
      vertex 8 -4.207739637023362 153.09179169066445
      vertex 8 -3.6924325188700333 155.09878040718664
    endloop
  endfacet
  facet normal 0 -0.06279051952930892 0.9980267284282719
    outer loop
      vertex 8 12 166.5
      vertex -47 12 166.5
      vertex 8 9.932001646188983 166.3698925716889
    endloop
  endfacet
  facet normal 0 -0.18738131458572216 0.9822872507286892
    outer loop
      vertex 8 9.932001646188983 166.3698925716889
      vertex -47 9.932001646188983 166.3698925716889
      vertex 8 7.8966168617799015 165.98162215862243
    endloop
  endfacet
  facet normal 1.6272521621732046e-16 -0.42577929156507366 0.9048270524660191
    outer loop
      vertex -36.45095794582235 5.451102380111947 165.1178680971766
      vertex 8 4.051064377321696 164.45906022072376
      vertex 8 5.925944880702807 165.34131201715616
    endloop
  endfacet
  facet normal 0 -0.309016994374949 0.9510565162951531
    outer loop
      vertex 8 7.8966168617799015 165.98162215862243
      vertex -47 7.8966168617799015 165.98162215862243
      vertex 8 5.925944880702807 165.34131201715616
    endloop
  endfacet
  facet normal 5.242178316107374e-17 -0.5358267949789978 0.8443279255020144
    outer loop
      vertex -35.95 3.5 164.10934413268626
      vertex 8 2.301543337174193 163.34878040718664
      vertex 8 4.051064377321696 164.45906022072376
    endloop
  endfacet
  facet normal 0 -0.6374239897486912 0.770513242775788
    outer loop
      vertex 4.747517519444783 1.1291159114525637 162.3788640891984
      vertex 8 2.301543337174193 163.34878040718664
      vertex -36.139383189757815 2.301543337174193 163.34878040718664
    endloop
  endfacet
  facet normal 1.7438383742241052e-13 -0.6374239897450807 0.7705132427787749
    outer loop
      vertex 4.621936480386158 1.1291159114525637 162.37886408919843
      vertex 4.747517519444783 1.1291159114525637 162.3788640891984
      vertex -36.139383189757815 2.301543337174193 163.34878040718664
    endloop
  endfacet
  facet normal -4.682592527564181e-15 -0.6374239897487768 0.7705132427757173
    outer loop
      vertex 4.496563750231421 1.1133731205569615 162.36584051993918
      vertex 4.621936480386158 1.1291159114525637 162.37886408919843
      vertex -36.139383189757815 2.301543337174193 163.34878040718664
    endloop
  endfacet
  facet normal -1.0978335169161246e-14 -0.6374239897489045 0.7705132427756116
    outer loop
      vertex 4.373376531829157 1.0821358119824676 162.3399987708878
      vertex 4.496563750231421 1.1133731205569615 162.36584051993918
      vertex -36.139383189757815 2.301543337174193 163.34878040718664
    endloop
  endfacet
  facet normal 3.827527414478615e-15 -0.6374239897486125 0.7705132427758531
    outer loop
      vertex 4.373376531829157 1.0821358119824676 162.3399987708878
      vertex -36.139383189757815 2.301543337174193 163.34878040718664
      vertex 4.254317561202041 1.0358966167455657 162.30174638186398
    endloop
  endfacet
  facet normal 0 -1 0
    outer loop
      vertex 8 -4.467441019066481 151.03604357223367
      vertex -2.9165591272395965 -4.467441019066481 150.26319979048503
      vertex -2.9 -4.467441019066481 150
    endloop
  endfacet
  facet normal 5.495001292399254e-16 -0.637423989748677 0.7705132427757998
    outer loop
      vertex -36.139383189757815 2.301543337174193 163.34878040718664
      vertex 4.036000171332514 0.9015545336914965 162.19060894538984
      vertex 4.141264469439244 0.9753847545770983 162.25168661589345
    endloop
  endfacet
  facet normal 1.1962233979199636e-15 -0.7289686274214274 0.6845471059286717
    outer loop
      vertex 3.720718870603924 0.4990686902378359 161.80871679700493
      vertex 3.781455648694931 0.612728603089576 161.92975231077278
      vertex -32.98124618538434 -0.7134685058005186 160.5174958308534
    endloop
  endfacet
  facet normal -4.477447669535983e-15 -0.7289686274213469 0.6845471059287574
    outer loop
      vertex 3.6742739386491268 0.37960166008596513 161.6814973314084
      vertex 3.720718870603924 0.4990686902378359 161.80871679700493
      vertex -32.98124618538434 -0.7134685058005186 160.5174958308534
    endloop
  endfacet
  facet normal 9.693482547791935e-16 -0.7289686274214324 0.6845471059286665
    outer loop
      vertex 3.6428533171523263 0.25621157906560244 161.5501002409528
      vertex 3.6742739386491268 0.37960166008596513 161.6814973314084
      vertex -32.98124618538434 -0.7134685058005186 160.5174958308534
    endloop
  endfacet
  facet normal 1.9950646196914667e-15 -0.7289686274214506 0.6845471059286471
    outer loop
      vertex 3.6269525280842956 0.13084438246410132 161.41659773624744
      vertex 3.6428533171523263 0.25621157906560244 161.5501002409528
      vertex -32.98124618538434 -0.7134685058005186 160.5174958308534
    endloop
  endfacet
  facet normal -1.5856249775799353e-15 -0.7289686274213777 0.6845471059287246
    outer loop
      vertex 3.6268223363873093 0.0054771858626002316 161.28309523154212
      vertex 3.6269525280842956 0.13084438246410132 161.41659773624744
      vertex -32.98124618538434 -0.7134685058005186 160.5174958308534
    endloop
  endfacet
  facet normal 6.88114086390268e-16 -0.7289686274214321 0.6845471059286666
    outer loop
      vertex -32.98124618538434 -0.7134685058005186 160.5174958308534
      vertex 3.642464795262203 -0.11791289515776246 161.1516981410865
      vertex 3.6268223363873093 0.0054771858626002316 161.28309523154212
    endloop
  endfacet
  facet normal 2.4550153571534272e-15 -0.6374239897485791 0.7705132427758808
    outer loop
      vertex 3.9401847477448357 0.8155703007761617 162.11947660170304
      vertex 4.036000171332514 0.9015545336914965 162.19060894538984
      vertex -36.45095794582235 1.5488976198880529 162.72613772001947
    endloop
  endfacet
  facet normal -6.440521323698354e-15 -0.6374239897488699 0.77051324277564
    outer loop
      vertex 3.8553292651435487 0.7187880785486608 162.03941138438532
      vertex 3.9401847477448357 0.8155703007761617 162.11947660170304
      vertex -36.45095794582235 1.5488976198880529 162.72613772001947
    endloop
  endfacet
  facet normal 1.8950270698386258e-14 -0.637423989748138 0.7705132427762457
    outer loop
      vertex 3.8458774385334187 0.7049727521766389 162.0279823524533
      vertex 3.8553292651435487 0.7187880785486608 162.03941138438532
      vertex -36.45095794582235 1.5488976198880529 162.72613772001947
    endloop
  endfacet
  facet normal 1.6323844403657002e-16 -0.992114701314478 0.12533323356430343
    outer loop
      vertex -4.105863487713347 -4.3582806573974056 151.90013681017865
      vertex -3.8747637305441067 -4.374330573319788 151.77308864355422
      vertex 8 -4.207739637023362 153.09179169066445
    endloop
  endfacet
  facet normal 1 0 0
    outer loop
      vertex 8 -0.7134685058005186 160.5174958308534
      vertex 8 0.7049727521766389 137.9720176475467
      vertex 8 0.7049727521766389 162.0279823524533
    endloop
  endfacet
  facet normal 1 0 0
    outer loop
      vertex 8 -1.931410770783252 158.84114211715342
      vertex 8 -0.7134685058005239 139.4825041691466
      vertex 8 -0.7134685058005186 160.5174958308534
    endloop
  endfacet
  facet normal 1 0 0
    outer loop
      vertex 8 -2.9296463656893224 157.0253583108237
      vertex 8 -1.9314107707832466 141.15885788284655
      vertex 8 -1.931410770783252 158.84114211715342
    endloop
  endfacet
  facet normal 1 0 0
    outer loop
      vertex 8 -3.6924325188700333 155.09878040718664
      vertex 8 -2.9296463656893224 142.9746416891763
      vertex 8 -2.9296463656893224 157.0253583108237
    endloop
  endfacet
  facet normal 1 0 0
    outer loop
      vertex 8 -4.207739637023362 153.09179169066445
      vertex 8 -3.6924325188700333 144.90121959281336
      vertex 8 -3.6924325188700333 155.09878040718664
    endloop
  endfacet
  facet normal 1 0 0
    outer loop
      vertex 8 -4.467441019066481 151.03604357223367
      vertex 8 -4.207739637023362 146.90820830933555
      vertex 8 -4.207739637023362 153.09179169066445
    endloop
  endfacet
  facet normal 0 -0.9921147013144778 0.12533323356430484
    outer loop
      vertex -3.1752158416236864 -4.467441019066481 151.03604357223367
      vertex 8 -4.467441019066481 151.03604357223367
      vertex 8 -4.207739637023362 153.09179169066445
    endloop
  endfacet
  facet normal 0 -1 0
    outer loop
      vertex 8 -4.467441019066481 148.96395642776633
      vertex 8 -4.467441019066481 151.03604357223367
      vertex -2.9 -4.467441019066481 150
    endloop
  endfacet
  facet normal 0 -0.9297764858882507 0.36812455268467986
    outer loop
      vertex 8 -3.6924325188700333 155.09878040718664
      vertex 8 -2.9296463656893224 157.0253583108237
      vertex -30.8 -3.6924325188700333 155.09878040718664
    endloop
  endfacet
  facet normal 3.6357092005248384e-16 -0.9921147013144782 0.12533323356430143
    outer loop
      vertex -4.35106431181261 -4.3460163645914 151.99721868421983
      vertex -4.105863487713347 -4.3582806573974056 151.90013681017865
      vertex 8 -4.207739637023362 153.09179169066445
    endloop
  endfacet
  facet normal 1.5571631816357549e-16 -0.9921147013144779 0.1253332335643035
    outer loop
      vertex -3.8747637305441067 -4.374330573319788 151.77308864355422
      vertex -3.6614096215277514 -4.393912995596689 151.61807780982915
      vertex 8 -4.207739637023362 153.09179169066445
    endloop
  endfacet
  facet normal 3.5407445990152945e-15 -0.6374239897486869 0.7705132427757916
    outer loop
      vertex 5.4733632538934405 0.7187880785486608 162.03941138438535
      vertex 8 0.7049727521766389 162.0279823524533
      vertex 8 2.301543337174193 163.34878040718664
    endloop
  endfacet
  facet normal -2.2428540029719056e-16 -0.9921147013144774 0.12533323356430798
    outer loop
      vertex -4.606499239369978 -4.337731110125654 152.06280322653024
      vertex -4.35106431181261 -4.3460163645914 151.99721868421983
      vertex 8 -4.207739637023362 153.09179169066445
    endloop
  endfacet
  facet normal 2.797705572626334e-16 -0.9921147013144781 0.12533323356430187
    outer loop
      vertex -4.868139908988442 -4.333555557412458 152.09585612969937
      vertex -4.606499239369978 -4.337731110125654 152.06280322653024
      vertex 8 -4.207739637023362 153.09179169066445
    endloop
  endfacet
  facet normal -3.3549611502437803e-15 -0.9921147013144724 0.12533323356434806
    outer loop
      vertex 8 -4.207739637023362 153.09179169066445
      vertex -5.131860091011558 -4.333555557412457 152.09585612969937
      vertex -4.868139908988442 -4.333555557412458 152.09585612969937
    endloop
  endfacet
  facet normal -9.799404832894997e-17 -0.9921147013144775 0.12533323356430548
    outer loop
      vertex -3.6614096215277514 -4.393912995596689 151.61807780982915
      vertex -3.4691658824150355 -4.416719097730833 151.43754892245025
      vertex 8 -4.207739637023362 153.09179169066445
    endloop
  endfacet
  facet normal -3.0612604938891263e-16 -0.9921147013144774 0.1253332335643069
    outer loop
      vertex -3.4691658824150355 -4.416719097730833 151.43754892245025
      vertex -3.30106431181261 -4.442389213867863 151.23434902981418
      vertex 8 -4.207739637023362 153.09179169066445
    endloop
  endfacet
  facet normal 3.3658445374840303e-16 -0.9921147013144779 0.12533323356430304
    outer loop
      vertex -3.30106431181261 -4.442389213867863 151.23434902981418
      vertex -3.1752158416236864 -4.467441019066481 151.03604357223367
      vertex 8 -4.207739637023362 153.09179169066445
    endloop
  endfacet
  facet normal 0 -1 0
    outer loop
      vertex 8 -4.467441019066481 151.03604357223367
      vertex -2.9659753616298747 -4.467441019066481 150.5222487630462
      vertex -2.9165591272395965 -4.467441019066481 150.26319979048503
    endloop
  endfacet
  facet normal 0 -1 0
    outer loop
      vertex 8 -4.467441019066481 151.03604357223367
      vertex -3.1597559719078863 -4.467441019066481 151.0116827156136
      vertex -3.047469379634672 -4.467441019066481 150.7730615606378
    endloop
  endfacet
  facet normal 0 -1 0
    outer loop
      vertex 8 -4.467441019066481 151.03604357223367
      vertex -3.1752158416236864 -4.467441019066481 151.03604357223367
      vertex -3.1597559719078863 -4.467441019066481 151.0116827156136
    endloop
  endfacet
  facet normal 0 -1 0
    outer loop
      vertex 8 -4.467441019066481 151.03604357223367
      vertex -3.047469379634672 -4.467441019066481 150.7730615606378
      vertex -2.9659753616298747 -4.467441019066481 150.5222487630462
    endloop
  endfacet
  facet normal 1 0 0
    outer loop
      vertex 8 12 166.5
      vertex 8 9.932001646188983 166.3698925716889
      vertex 8 12 154
    endloop
  endfacet
  facet normal 0 0.8763066800438646 -0.48175367410171344
    outer loop
      vertex 8 25.931410770783245 141.15885788284655
      vertex -47 26.929646365689322 142.9746416891763
      vertex 8 26.929646365689322 142.9746416891763
    endloop
  endfacet
  facet normal -7.868910939792797e-17 0.9685831611286303 -0.24868988716485757
    outer loop
      vertex 1.6252373708285504 27.983647099132657 146.03542549854262
      vertex 1.8744189609413726 27.97556467711619 146.00394654314346
      vertex -47 28.207739637023362 146.90820830933555
    endloop
  endfacet
  facet normal 0 0.9685831611286314 -0.2486898871648535
    outer loop
      vertex -47 28.207739637023362 146.90820830933555
      vertex -4.213356581013668 28.207739637023362 146.90820830933555
      vertex 1.6252373708285504 27.983647099132657 146.03542549854262
    endloop
  endfacet
  facet normal 0 0.8090169943749491 -0.5877852522924707
    outer loop
      vertex 8 24.713468505800524 139.4825041691466
      vertex -47 25.931410770783245 141.15885788284655
      vertex 8 25.931410770783245 141.15885788284655
    endloop
  endfacet
  facet normal 0 0.7289686274214124 -0.6845471059286878
    outer loop
      vertex 8 23.295027247823363 137.9720176475467
      vertex -47 24.713468505800524 139.4825041691466
      vertex 8 24.713468505800524 139.4825041691466
    endloop
  endfacet
  facet normal 0 0.6374239897486861 -0.7705132427757924
    outer loop
      vertex 8 21.698456662825805 136.65121959281336
      vertex -47 21.698456662825805 136.65121959281336
      vertex 8 23.295027247823363 137.9720176475467
    endloop
  endfacet
  facet normal 0 0.5358267949789985 -0.844327925502014
    outer loop
      vertex 8 19.948935622678306 135.54093977927624
      vertex -47 19.948935622678306 135.54093977927624
      vertex 8 21.698456662825805 136.65121959281336
    endloop
  endfacet
  facet normal 0 0.42577929156507177 -0.9048270524660199
    outer loop
      vertex 8 18.074055119297185 134.65868798284384
      vertex -47 18.074055119297185 134.65868798284384
      vertex 8 19.948935622678306 135.54093977927624
    endloop
  endfacet
  facet normal 0 0.3090169943749384 -0.9510565162951566
    outer loop
      vertex 8 16.103383138220103 134.0183778413776
      vertex -47 16.103383138220103 134.0183778413776
      vertex 8 18.074055119297185 134.65868798284384
    endloop
  endfacet
  facet normal 0 0.187381314585735 -0.9822872507286867
    outer loop
      vertex 8 14.067998353811017 133.6301074283111
      vertex -47 14.067998353811017 133.6301074283111
      vertex 8 16.103383138220103 134.0183778413776
    endloop
  endfacet
  facet normal 0 0.06279051952930892 -0.9980267284282719
    outer loop
      vertex 8 12 133.5
      vertex -47 12 133.5
      vertex 8 14.067998353811017 133.6301074283111
    endloop
  endfacet
  facet normal 0 0.9297764858882505 -0.3681245526846806
    outer loop
      vertex 8 26.929646365689322 142.9746416891763
      vertex -47 27.692432518870035 144.90121959281336
      vertex 8 27.692432518870035 144.90121959281336
    endloop
  endfacet
  facet normal 1 0 0
    outer loop
      vertex 8 9.932001646188983 166.3698925716889
      vertex 8 7.8966168617799015 165.98162215862243
      vertex 8 10.07298530359314 153.50522672017544
    endloop
  endfacet
  facet normal 1 0 0
    outer loop
      vertex 8 7.902693717461714 156.55266489808847
      vertex 8 8.026220993061157 156.37090003175888
      vertex 8 7.8966168617799015 165.98162215862243
    endloop
  endfacet
  facet normal 1 0 0
    outer loop
      vertex 8 8.026220993061157 156.37090003175888
      vertex 8 8.125993040751222 156.1750863628066
      vertex 8 7.8966168617799015 165.98162215862243
    endloop
  endfacet
  facet normal 1 0 0
    outer loop
      vertex 8 8.125993040751222 156.1750863628066
      vertex 8 8.200436395738906 155.9683119897644
      vertex 8 7.8966168617799015 165.98162215862243
    endloop
  endfacet
  facet normal -1 0 0
    outer loop
      vertex -47 -0.7134685058005239 139.4825041691466
      vertex -47 -1.9314107707832466 141.15885788284655
      vertex -47 -0.24275491977921781 142.23051147280455
    endloop
  endfacet
  facet normal 1 0 0
    outer loop
      vertex 8 8.248377041845746 155.75383786801615
      vertex 8 8.269058926444286 155.53504638258246
      vertex 8 7.8966168617799015 165.98162215862243
    endloop
  endfacet
  facet normal 1 0 0
    outer loop
      vertex 8 7.8966168617799015 165.98162215862243
      vertex 8 5.925944880702807 165.34131201715616
      vertex 8 7.757359312880714 156.7175144212722
    endloop
  endfacet
  facet normal 1 0 0
    outer loop
      vertex 8 5.925944880702807 165.34131201715616
      vertex 8 4.051064377321696 164.45906022072376
      vertex 8 5.800717692042028 158.5003617115158
    endloop
  endfacet
  facet normal 1 0 0
    outer loop
      vertex 8 6.17829622732387 158.27706238822628
      vertex 8 6.343145750507619 158.1317279836453
      vertex 8 5.925944880702807 165.34131201715616
    endloop
  endfacet
  facet normal 1 0 0
    outer loop
      vertex 8 5.925944880702807 165.34131201715616
      vertex 8 5.996531360994311 158.40058966382574
      vertex 8 6.17829622732387 158.27706238822628
    endloop
  endfacet
  facet normal 1 0 0
    outer loop
      vertex 8 17.82170377267613 141.72293761177372
      vertex 8 17.65685424949238 141.8682720163547
      vertex 8 18.074055119297185 134.65868798284384
    endloop
  endfacet
  facet normal 1 0 0
    outer loop
      vertex 8 19.487082476998097 141.45916753776126
      vertex 8 19.948935622678306 135.54093977927624
      vertex 8 19.688774491113044 141.5464474661015
    endloop
  endfacet
  facet normal 1 0 0
    outer loop
      vertex 8 19.276041789012787 141.39785455003835
      vertex 8 19.948935622678306 135.54093977927624
      vertex 8 19.487082476998097 141.45916753776126
    endloop
  endfacet
  facet normal 1 0 0
    outer loop
      vertex 8 19.058980664876238 141.36347544537577
      vertex 8 19.948935622678306 135.54093977927624
      vertex 8 19.276041789012787 141.39785455003835
    endloop
  endfacet
  facet normal 1 0 0
    outer loop
      vertex 8 18.839322288182114 141.35657240279113
      vertex 8 19.948935622678306 135.54093977927624
      vertex 8 19.058980664876238 141.36347544537577
    endloop
  endfacet
  facet normal 1 0 0
    outer loop
      vertex 8 18.406056681000187 141.4251949334965
      vertex 8 19.948935622678306 135.54093977927624
      vertex 8 18.620530802748434 141.37725428738966
    endloop
  endfacet
  facet normal 1 0 0
    outer loop
      vertex 8 19.948935622678306 135.54093977927624
      vertex 8 18.839322288182114 141.35657240279113
      vertex 8 18.620530802748434 141.37725428738966
    endloop
  endfacet
  facet normal 1 0 0
    outer loop
      vertex 8 18.199282307957972 141.4996382884842
      vertex 8 19.948935622678306 135.54093977927624
      vertex 8 18.406056681000187 141.4251949334965
    endloop
  endfacet
  facet normal 1 0 0
    outer loop
      vertex 8 16.242640687119284 143.2824855787278
      vertex 8 18.074055119297185 134.65868798284384
      vertex 8 17.65685424949238 141.8682720163547
    endloop
  endfacet
  facet normal 1 0 0
    outer loop
      vertex 8 16.097306282538284 143.44733510191153
      vertex 8 16.103383138220103 134.0183778413776
      vertex 8 16.242640687119284 143.2824855787278
    endloop
  endfacet
  facet normal 1 0 0
    outer loop
      vertex 8 18.00346863900569 141.59941033617426
      vertex 8 18.074055119297185 134.65868798284384
      vertex 8 18.199282307957972 141.4996382884842
    endloop
  endfacet
  facet normal 1 0 0
    outer loop
      vertex 8 17.82170377267613 141.72293761177372
      vertex 8 18.074055119297185 134.65868798284384
      vertex 8 18.00346863900569 141.59941033617426
    endloop
  endfacet
  facet normal 1 0 0
    outer loop
      vertex 8 5.800717692042028 158.5003617115158
      vertex 8 5.996531360994311 158.40058966382574
      vertex 8 5.925944880702807 165.34131201715616
    endloop
  endfacet
  facet normal 1 0 0
    outer loop
      vertex 8 18.074055119297185 134.65868798284384
      vertex 8 19.948935622678306 135.54093977927624
      vertex 8 18.199282307957972 141.4996382884842
    endloop
  endfacet
  facet normal 1 0 0
    outer loop
      vertex 8 16.103383138220103 134.0183778413776
      vertex 8 18.074055119297185 134.65868798284384
      vertex 8 16.242640687119284 143.2824855787278
    endloop
  endfacet
  facet normal 1 0 0
    outer loop
      vertex 8 16.103383138220103 134.0183778413776
      vertex 8 15.751622958154254 144.24616213198385
      vertex 8 15.730941073555714 144.46495361741754
    endloop
  endfacet
  facet normal 1 0 0
    outer loop
      vertex 8 16.103383138220103 134.0183778413776
      vertex 8 15.799563604261094 144.0316880102356
      vertex 8 15.751622958154254 144.24616213198385
    endloop
  endfacet
  facet normal 1 0 0
    outer loop
      vertex 8 16.103383138220103 134.0183778413776
      vertex 8 15.874006959248778 143.8249136371934
      vertex 8 15.799563604261094 144.0316880102356
    endloop
  endfacet
  facet normal 1 0 0
    outer loop
      vertex 8 16.103383138220103 134.0183778413776
      vertex 8 15.973779006938843 143.62909996824112
      vertex 8 15.874006959248778 143.8249136371934
    endloop
  endfacet
  facet normal 1 0 0
    outer loop
      vertex 8 16.103383138220103 134.0183778413776
      vertex 8 16.097306282538284 143.44733510191153
      vertex 8 15.973779006938843 143.62909996824112
    endloop
  endfacet
  facet normal 1 0 0
    outer loop
      vertex 8 14.067998353811017 133.6301074283111
      vertex 8 16.103383138220103 134.0183778413776
      vertex 8 13.92701469640686 146.49477327982456
    endloop
  endfacet
  facet normal 1 0 0
    outer loop
      vertex 8 12 146
      vertex 8 12 133.5
      vertex 8 14.067998353811017 133.6301074283111
    endloop
  endfacet
  facet normal 4.6699902968345325e-17 0.968583161128632 -0.2486898871648513
    outer loop
      vertex 8 27.692432518870035 144.90121959281336
      vertex -47 28.207739637023362 146.90820830933555
      vertex 1.8744189609413726 27.97556467711619 146.00394654314346
    endloop
  endfacet
  facet normal 1 0 0
    outer loop
      vertex 8 6.9016731182482065 153.77222322080294
      vertex 8 7.314405820348464 146.0791838631339
      vertex 8 7.112713806233517 153.83353620852586
    endloop
  endfacet
  facet normal 1 0 0
    outer loop
      vertex 8 7.96731345078474 154.49643164295452
      vertex 8 8.622688297991939 152.14330717991598
      vertex 8 8.0791838631339 154.68559417965153
    endloop
  endfacet
  facet normal 1 0 0
    outer loop
      vertex 8 7.832616817657562 154.32278178987934
      vertex 8 8.622688297991939 152.14330717991598
      vertex 8 7.96731345078474 154.49643164295452
    endloop
  endfacet
  facet normal 1 0 0
    outer loop
      vertex 8 7.832616817657562 154.32278178987934
      vertex 8 8.380691790135922 151.70311716626028
      vertex 8 8.622688297991939 152.14330717991598
    endloop
  endfacet
  facet normal 1 0 0
    outer loop
      vertex 8 7.832616817657562 154.32278178987934
      vertex 8 8.195773934819385 151.2360679774998
      vertex 8 8.380691790135922 151.70311716626028
    endloop
  endfacet
  facet normal 1 0 0
    outer loop
      vertex 8 7.832616817657562 154.32278178987934
      vertex 8 8.070850997085245 150.74952525834289
      vertex 8 8.195773934819385 151.2360679774998
    endloop
  endfacet
  facet normal 1 0 0
    outer loop
      vertex 8 7.832616817657562 154.32278178987934
      vertex 8 8.007893086286913 150.25116207811726
      vertex 8 8.070850997085245 150.74952525834289
    endloop
  endfacet
  facet normal 1 0 0
    outer loop
      vertex 8 7.832616817657562 154.32278178987934
      vertex 8 8.007893086286913 149.74883792188274
      vertex 8 8.007893086286913 150.25116207811726
    endloop
  endfacet
  facet normal 1 0 0
    outer loop
      vertex 8 7.677218210120647 154.16738318234243
      vertex 8 7.832616817657562 145.67721821012066
      vertex 8 7.832616817657562 154.32278178987934
    endloop
  endfacet
  facet normal 1 0 0
    outer loop
      vertex 8 7.503568357045484 154.03268654921527
      vertex 8 7.677218210120647 145.83261681765757
      vertex 8 7.677218210120647 154.16738318234243
    endloop
  endfacet
  facet normal 1 0 0
    outer loop
      vertex 8 7.314405820348464 153.9208161368661
      vertex 8 7.503568357045484 145.96731345078473
      vertex 8 7.503568357045484 154.03268654921527
    endloop
  endfacet
  facet normal 1 0 0
    outer loop
      vertex 8 7.112713806233517 153.83353620852586
      vertex 8 7.314405820348464 146.0791838631339
      vertex 8 7.314405820348464 153.9208161368661
    endloop
  endfacet
  facet normal 1 0 0
    outer loop
      vertex 8 8.0791838631339 154.68559417965153
      vertex 8 8.622688297991939 152.14330717991598
      vertex 8 8.16646379147415 154.88728619376647
    endloop
  endfacet
  facet normal 1 0 0
    outer loop
      vertex 8 6.6846119941116555 153.73784411614037
      vertex 8 7.314405820348464 146.0791838631339
      vertex 8 6.9016731182482065 153.77222322080294
    endloop
  endfacet
  facet normal 1 0 0
    outer loop
      vertex 8 6.464953617417532 153.73094107355573
      vertex 8 7.314405820348464 146.0791838631339
      vertex 8 6.6846119941116555 153.73784411614037
    endloop
  endfacet
  facet normal 1 0 0
    outer loop
      vertex 8 6.246162131983852 153.75162295815426
      vertex 8 6.464953617417532 146.26905892644427
      vertex 8 6.464953617417532 153.73094107355573
    endloop
  endfacet
  facet normal 1 0 0
    outer loop
      vertex 8 6.031688010235605 153.7995636042611
      vertex 8 6.246162131983852 146.24837704184574
      vertex 8 6.246162131983852 153.75162295815426
    endloop
  endfacet
  facet normal 1 0 0
    outer loop
      vertex 8 5.824913637193392 153.8740069592488
      vertex 8 6.031688010235605 146.2004363957389
      vertex 8 6.031688010235605 153.7995636042611
    endloop
  endfacet
  facet normal 1 0 0
    outer loop
      vertex 8 5.629099968241106 153.97377900693886
      vertex 8 5.82491363719339 146.1259930407512
      vertex 8 5.824913637193392 153.8740069592488
    endloop
  endfacet
  facet normal 1 0 0
    outer loop
      vertex 8 5.447335101911547 154.09730628253828
      vertex 8 5.629099968241107 146.02622099306114
      vertex 8 5.629099968241106 153.97377900693886
    endloop
  endfacet
  facet normal 1 0 0
    outer loop
      vertex 8 5.282485578727798 154.2426406871193
      vertex 8 5.447335101911547 145.90269371746172
      vertex 8 5.447335101911547 154.09730628253828
    endloop
  endfacet
  facet normal 1 0 0
    outer loop
      vertex 8 3.8682720163547035 155.65685424949237
      vertex 8 5.282485578727798 145.7573593128807
      vertex 8 5.282485578727798 154.2426406871193
    endloop
  endfacet
  facet normal 1 0 0
    outer loop
      vertex 8 3.7229376117737036 155.82170377267613
      vertex 8 3.8682720163547035 144.34314575050763
      vertex 8 3.8682720163547035 155.65685424949237
    endloop
  endfacet
  facet normal 1 0 0
    outer loop
      vertex 8 9.932001646188983 166.3698925716889
      vertex 8 11.005240451340581 153.87433264451454
      vertex 8 11.498667065742783 153.9684588052579
    endloop
  endfacet
  facet normal 1 0 0
    outer loop
      vertex 8 7.757359312880714 156.7175144212722
      vertex 8 7.902693717461714 156.55266489808847
      vertex 8 7.8966168617799015 165.98162215862243
    endloop
  endfacet
  facet normal 1 0 0
    outer loop
      vertex 8 6.343145750507619 158.1317279836453
      vertex 8 7.757359312880714 156.7175144212722
      vertex 8 5.925944880702807 165.34131201715616
    endloop
  endfacet
  facet normal 1 0 0
    outer loop
      vertex 8 5.593943318999812 158.5748050665035
      vertex 8 5.800717692042028 158.5003617115158
      vertex 8 4.051064377321696 164.45906022072376
    endloop
  endfacet
  facet normal 1 0 0
    outer loop
      vertex 8 4.051064377321696 164.45906022072376
      vertex 8 5.160677711817886 158.64342759720887
      vertex 8 5.379469197251566 158.62274571261034
    endloop
  endfacet
  facet normal 1 0 0
    outer loop
      vertex 8 5.379469197251566 158.62274571261034
      vertex 8 5.593943318999812 158.5748050665035
      vertex 8 4.051064377321696 164.45906022072376
    endloop
  endfacet
  facet normal 1 0 0
    outer loop
      vertex 8 4.051064377321696 164.45906022072376
      vertex 8 4.941019335123761 158.63652455462423
      vertex 8 5.160677711817886 158.64342759720887
    endloop
  endfacet
  facet normal 1 0 0
    outer loop
      vertex 8 4.051064377321696 164.45906022072376
      vertex 8 4.723958210987213 158.60214544996165
      vertex 8 4.941019335123761 158.63652455462423
    endloop
  endfacet
  facet normal 1 0 0
    outer loop
      vertex 8 4.051064377321696 164.45906022072376
      vertex 8 4.512917523001901 158.54083246223874
      vertex 8 4.723958210987213 158.60214544996165
    endloop
  endfacet
  facet normal 1 0 0
    outer loop
      vertex 8 4.051064377321696 164.45906022072376
      vertex 8 4.311225508886954 158.4535525338985
      vertex 8 4.512917523001901 158.54083246223874
    endloop
  endfacet
  facet normal 1 0 0
    outer loop
      vertex 8 4.051064377321696 164.45906022072376
      vertex 8 4.122062972189933 158.34168212154933
      vertex 8 4.311225508886954 158.4535525338985
    endloop
  endfacet
  facet normal 1 0 0
    outer loop
      vertex 8 9.932001646188983 166.3698925716889
      vertex 8 11.498667065742783 153.9684588052579
      vertex 8 12 154
    endloop
  endfacet
  facet normal 2.635111342796561e-16 -0.7289686274214331 0.6845471059286656
    outer loop
      vertex 3.781455648694931 0.612728603089576 161.92975231077278
      vertex 3.8458774385334187 0.7049727521766389 162.0279823524533
      vertex -37.418432841517806 0.3794213667580544 161.68130533851462
    endloop
  endfacet
  facet normal 1 0 0
    outer loop
      vertex 8 9.932001646188983 166.3698925716889
      vertex 8 10.527501789261287 153.71910594355302
      vertex 8 11.005240451340581 153.87433264451454
    endloop
  endfacet
  facet normal 1 0 0
    outer loop
      vertex 8 10.07298530359314 153.50522672017544
      vertex 8 10.527501789261287 153.71910594355302
      vertex 8 9.932001646188983 166.3698925716889
    endloop
  endfacet
  facet normal 1 0 0
    outer loop
      vertex 8 7.8966168617799015 165.98162215862243
      vertex 8 9.648858990830107 153.2360679774998
      vertex 8 10.07298530359314 153.50522672017544
    endloop
  endfacet
  facet normal 1 0 0
    outer loop
      vertex 8 7.8966168617799015 165.98162215862243
      vertex 8 9.261811576285247 152.91587450968564
      vertex 8 9.648858990830107 153.2360679774998
    endloop
  endfacet
  facet normal 1 0 0
    outer loop
      vertex 8 8.269058926444286 155.53504638258246
      vertex 8 8.622688297991939 152.14330717991598
      vertex 8 7.8966168617799015 165.98162215862243
    endloop
  endfacet
  facet normal 1 0 0
    outer loop
      vertex 8 7.8966168617799015 165.98162215862243
      vertex 8 8.917947028896844 152.54969595899476
      vertex 8 9.261811576285247 152.91587450968564
    endloop
  endfacet
  facet normal 1 0 0
    outer loop
      vertex 8 8.622688297991939 152.14330717991598
      vertex 8 8.917947028896844 152.54969595899476
      vertex 8 7.8966168617799015 165.98162215862243
    endloop
  endfacet
  facet normal 1 0 0
    outer loop
      vertex 8 8.262155883859647 155.31538800588834
      vertex 8 8.622688297991939 152.14330717991598
      vertex 8 8.269058926444286 155.53504638258246
    endloop
  endfacet
  facet normal 1 0 0
    outer loop
      vertex 8 8.227776779197065 155.0983268817518
      vertex 8 8.622688297991939 152.14330717991598
      vertex 8 8.262155883859647 155.31538800588834
    endloop
  endfacet
  facet normal 1 0 0
    outer loop
      vertex 8 8.16646379147415 154.88728619376647
      vertex 8 8.622688297991939 152.14330717991598
      vertex 8 8.227776779197065 155.0983268817518
    endloop
  endfacet
  facet normal -1 0 0
    outer loop
      vertex -47 26.243165135565988 147.282970938507
      vertex -47 26.471387562209937 149.08953746682496
      vertex -47 25.931410770783245 141.15885788284655
    endloop
  endfacet
  facet normal 0 0.6374239897486861 -0.7705132427757924
    outer loop
      vertex -47 21.698456662825805 136.65121959281336
      vertex -47 23.295027247823363 137.9720176475467
      vertex 8 23.295027247823363 137.9720176475467
    endloop
  endfacet
  facet normal 0 0.5358267949789985 -0.844327925502014
    outer loop
      vertex -47 19.948935622678306 135.54093977927624
      vertex -47 21.698456662825805 136.65121959281336
      vertex 8 21.698456662825805 136.65121959281336
    endloop
  endfacet
  facet normal 0 0.42577929156507177 -0.9048270524660199
    outer loop
      vertex -47 18.074055119297185 134.65868798284384
      vertex -47 19.948935622678306 135.54093977927624
      vertex 8 19.948935622678306 135.54093977927624
    endloop
  endfacet
  facet normal 0 0.3090169943749384 -0.9510565162951566
    outer loop
      vertex -47 16.103383138220103 134.0183778413776
      vertex -47 18.074055119297185 134.65868798284384
      vertex 8 18.074055119297185 134.65868798284384
    endloop
  endfacet
  facet normal 0 0.187381314585735 -0.9822872507286867
    outer loop
      vertex -47 14.067998353811017 133.6301074283111
      vertex -47 16.103383138220103 134.0183778413776
      vertex 8 16.103383138220103 134.0183778413776
    endloop
  endfacet
  facet normal 0 0.06279051952930892 -0.9980267284282719
    outer loop
      vertex -47 12 133.5
      vertex -47 14.067998353811017 133.6301074283111
      vertex 8 14.067998353811017 133.6301074283111
    endloop
  endfacet
  facet normal 0 1 0
    outer loop
      vertex -47 28.46744101906648 148.96395642776633
      vertex -47 28.46744101906648 151.03604357223367
      vertex -10.421457902821578 28.46744101906648 149.37827528208786
    endloop
  endfacet
  facet normal -1 0 0
    outer loop
      vertex -47 28.207739637023362 146.90820830933555
      vertex -47 28.46744101906648 151.03604357223367
      vertex -47 28.46744101906648 148.96395642776633
    endloop
  endfacet
  facet normal -1 0 0
    outer loop
      vertex -47 27.692432518870035 144.90121959281336
      vertex -47 28.207739637023362 153.09179169066445
      vertex -47 28.207739637023362 146.90820830933555
    endloop
  endfacet
  facet normal -1 0 0
    outer loop
      vertex -47 26.929646365689322 142.9746416891763
      vertex -47 27.692432518870035 155.09878040718664
      vertex -47 27.692432518870035 144.90121959281336
    endloop
  endfacet
  facet normal -1 0 0
    outer loop
      vertex -47 26.471387562209937 149.08953746682496
      vertex -47 26.471387562209937 150.91046253317504
      vertex -47 26.929646365689322 142.9746416891763
    endloop
  endfacet
  facet normal -1 0 0
    outer loop
      vertex -47 25.931410770783245 141.15885788284655
      vertex -47 26.471387562209937 149.08953746682496
      vertex -47 26.929646365689322 142.9746416891763
    endloop
  endfacet
  facet normal 0 0.7289686274214124 -0.6845471059286878
    outer loop
      vertex 8 23.295027247823363 137.9720176475467
      vertex -47 23.295027247823363 137.9720176475467
      vertex -47 24.713468505800524 139.4825041691466
    endloop
  endfacet
  facet normal -1 0 0
    outer loop
      vertex -47 25.931410770783245 141.15885788284655
      vertex -47 25.790319486279728 145.51925358156325
      vertex -47 26.243165135565988 147.282970938507
    endloop
  endfacet
  facet normal -1 0 0
    outer loop
      vertex -47 25.931410770783245 141.15885788284655
      vertex -47 25.119992260757282 143.82620027230644
      vertex -47 25.790319486279728 145.51925358156325
    endloop
  endfacet
  facet normal -1 0 0
    outer loop
      vertex -47 25.119992260757282 143.82620027230644
      vertex -47 24.713468505800524 139.4825041691466
      vertex -47 24.242754919779216 142.23051147280455
    endloop
  endfacet
  facet normal -1 0 0
    outer loop
      vertex -47 24.713468505800524 139.4825041691466
      vertex -47 25.119992260757282 143.82620027230644
      vertex -47 25.931410770783245 141.15885788284655
    endloop
  endfacet
  facet normal -1 0 0
    outer loop
      vertex -47 23.295027247823363 137.9720176475467
      vertex -47 24.242754919779216 142.23051147280455
      vertex -47 24.713468505800524 139.4825041691466
    endloop
  endfacet
  facet normal -1 0 0
    outer loop
      vertex -47 23.295027247823363 137.9720176475467
      vertex -47 23.172442020248944 140.757352148644
      vertex -47 24.242754919779216 142.23051147280455
    endloop
  endfacet
  facet normal -1 0 0
    outer loop
      vertex -47 23.295027247823363 137.9720176475467
      vertex -47 21.925933035965983 139.42995490238954
      vertex -47 23.172442020248944 140.757352148644
    endloop
  endfacet
  facet normal -1 0 0
    outer loop
      vertex -47 21.698456662825805 136.65121959281336
      vertex -47 21.925933035965983 139.42995490238954
      vertex -47 23.295027247823363 137.9720176475467
    endloop
  endfacet
  facet normal -1 0 0
    outer loop
      vertex -47 20.52288615824086 138.26925358156325
      vertex -47 21.925933035965983 139.42995490238954
      vertex -47 21.698456662825805 136.65121959281336
    endloop
  endfacet
  facet normal -1 0 0
    outer loop
      vertex -47 19.948935622678306 135.54093977927624
      vertex -47 20.52288615824086 138.26925358156325
      vertex -47 21.698456662825805 136.65121959281336
    endloop
  endfacet
  facet normal -1 0 0
    outer loop
      vertex -47 18.985428274474874 137.29355313936398
      vertex -47 20.52288615824086 138.26925358156325
      vertex -47 19.948935622678306 135.54093977927624
    endloop
  endfacet
  facet normal -1 0 0
    outer loop
      vertex -47 18.074055119297185 134.65868798284384
      vertex -47 18.985428274474874 137.29355313936398
      vertex -47 19.948935622678306 135.54093977927624
    endloop
  endfacet
  facet normal -4.589140381732047e-16 0.9921147013144759 -0.12533323356431994
    outer loop
      vertex -9.339566987447492 28.331665204506443 147.88918018624497
      vertex -9.064448228912681 28.312558161741702 147.73793236883495
      vertex -47 28.46744101906648 148.96395642776633
    endloop
  endfacet
  facet normal -1 0 0
    outer loop
      vertex -47 17.337806013927832 163.48175904537965
      vertex -47 19.948935622678302 164.45906022072376
      vertex -47 18.98542827447487 162.70644686063602
    endloop
  endfacet
  facet normal -1 0 0
    outer loop
      vertex -47 17.337806013927832 163.48175904537965
      vertex -47 18.074055119297185 165.34131201715616
      vertex -47 19.948935622678302 164.45906022072376
    endloop
  endfacet
  facet normal -1 0 0
    outer loop
      vertex -47 18.074055119297185 165.34131201715616
      vertex -47 15.606003363890395 164.04445583636516
      vertex -47 16.103383138220103 165.9816221586224
    endloop
  endfacet
  facet normal -1 0 0
    outer loop
      vertex -47 15.606003363890395 164.04445583636516
      vertex -47 18.074055119297185 165.34131201715616
      vertex -47 17.337806013927832 163.48175904537965
    endloop
  endfacet
  facet normal -1 0 0
    outer loop
      vertex -47 13.817331886682412 164.38566316905994
      vertex -47 16.103383138220103 165.9816221586224
      vertex -47 15.606003363890395 164.04445583636516
    endloop
  endfacet
  facet normal -1 0 0
    outer loop
      vertex -47 14.06799835381102 166.3698925716889
      vertex -47 16.103383138220103 165.9816221586224
      vertex -47 13.817331886682412 164.38566316905994
    endloop
  endfacet
  facet normal -1 0 0
    outer loop
      vertex -47 13.817331886682412 164.38566316905994
      vertex -47 12 166.5
      vertex -47 14.06799835381102 166.3698925716889
    endloop
  endfacet
  facet normal -1 0 0
    outer loop
      vertex -47 13.817331886682412 164.38566316905994
      vertex -47 12 164.5
      vertex -47 12 166.5
    endloop
  endfacet
  facet normal 0 1 0
    outer loop
      vertex -10.324441214720629 28.46744101906648 149.07968861828832
      vertex -47 28.46744101906648 148.96395642776633
      vertex -10.421457902821578 28.46744101906648 149.37827528208786
    endloop
  endfacet
  facet normal 0 1 0
    outer loop
      vertex -10.269981779674536 28.46744101906648 148.96395642776633
      vertex -47 28.46744101906648 148.96395642776633
      vertex -10.324441214720629 28.46744101906648 149.07968861828832
    endloop
  endfacet
  facet normal 2.9856130576806173e-16 0.9921147013144788 -0.125333233564297
    outer loop
      vertex -8.468453286464312 28.288094414989615 147.54428187317828
      vertex -47 28.46744101906648 148.96395642776633
      vertex -8.772542485937368 28.297957813163126 147.62235870926213
    endloop
  endfacet
  facet normal 2.3252351941995756e-16 0.9921147013144784 -0.12533323356429887
    outer loop
      vertex -47 28.46744101906648 148.96395642776633
      vertex -9.064448228912681 28.312558161741702 147.73793236883495
      vertex -8.772542485937368 28.297957813163126 147.62235870926213
    endloop
  endfacet
  facet normal -1 0 0
    outer loop
      vertex -47 17.33780601392783 136.51824095462035
      vertex -47 18.985428274474874 137.29355313936398
      vertex -47 18.074055119297185 134.65868798284384
    endloop
  endfacet
  facet normal 1.5672230936989512e-16 0.9921147013144785 -0.1253332335642986
    outer loop
      vertex -47 28.46744101906648 148.96395642776633
      vertex -9.593559974371724 28.354977611978942 148.07371689306052
      vertex -9.339566987447492 28.331665204506443 147.88918018624497
    endloop
  endfacet
  facet normal 0 0.9921147013144793 -0.12533323356429235
    outer loop
      vertex -10.19076670010966 28.44617465405635 148.7956158147457
      vertex -47 28.46744101906648 148.96395642776633
      vertex -10.269981779674536 28.46744101906648 148.96395642776633
    endloop
  endfacet
  facet normal -7.765813381616088e-17 0.9921147013144773 -0.12533323356430912
    outer loop
      vertex -10.022542485937368 28.412687395635103 148.53053686926881
      vertex -47 28.46744101906648 148.96395642776633
      vertex -10.19076670010966 28.44617465405635 148.7956158147457
    endloop
  endfacet
  facet normal -4.3908750416463435e-17 0.9921147013144775 -0.12533323356430626
    outer loop
      vertex -9.82242156855353 28.382127733567213 148.28863223517828
      vertex -47 28.46744101906648 148.96395642776633
      vertex -10.022542485937368 28.412687395635103 148.53053686926881
    endloop
  endfacet
  facet normal -1.014772570873264e-16 0.9921147013144773 -0.12533323356430937
    outer loop
      vertex -9.82242156855353 28.382127733567213 148.28863223517828
      vertex -9.593559974371724 28.354977611978942 148.07371689306052
      vertex -47 28.46744101906648 148.96395642776633
    endloop
  endfacet
  facet normal 2.0874650758505653e-17 0.9921147013144778 -0.1253332335643044
    outer loop
      vertex -4.213356581013668 28.207739637023362 146.90820830933555
      vertex -47 28.46744101906648 148.96395642776633
      vertex -8.468453286464312 28.288094414989615 147.54428187317828
    endloop
  endfacet
  facet normal 0 0.9921147013144778 -0.12533323356430487
    outer loop
      vertex -47 28.207739637023362 146.90820830933555
      vertex -47 28.46744101906648 148.96395642776633
      vertex -4.213356581013668 28.207739637023362 146.90820830933555
    endloop
  endfacet
  facet normal 0 0.9685831611286317 -0.24868988716485252
    outer loop
      vertex -47 28.207739637023362 146.90820830933555
      vertex 8 27.692432518870035 144.90121959281336
      vertex -47 27.692432518870035 144.90121959281336
    endloop
  endfacet
  facet normal 0 0.9297764858882505 -0.3681245526846806
    outer loop
      vertex -47 27.692432518870035 144.90121959281336
      vertex 8 26.929646365689322 142.9746416891763
      vertex -47 26.929646365689322 142.9746416891763
    endloop
  endfacet
  facet normal 0 0.8763066800438646 -0.48175367410171344
    outer loop
      vertex -47 26.929646365689322 142.9746416891763
      vertex 8 25.931410770783245 141.15885788284655
      vertex -47 25.931410770783245 141.15885788284655
    endloop
  endfacet
  facet normal 0 0.8090169943749491 -0.5877852522924707
    outer loop
      vertex -47 25.931410770783245 141.15885788284655
      vertex 8 24.713468505800524 139.4825041691466
      vertex -47 24.713468505800524 139.4825041691466
    endloop
  endfacet
  facet normal 0 -0.876306680043855 0.4817536741017309
    outer loop
      vertex 8 -1.931410770783252 158.84114211715342
      vertex -45.977542744855576 -2.1132862686152443 158.51031181475116
      vertex -34.022457255144424 -2.1132862686152443 158.51031181475116
    endloop
  endfacet
  facet normal -2.296576537410123e-16 -0.5358267949790051 0.8443279255020096
    outer loop
      vertex -35.981935459676365 2.9924004040645684 163.78721163368002
      vertex 8 2.301543337174193 163.34878040718664
      vertex -35.95 3.5 164.10934413268626
    endloop
  endfacet
  facet normal 5.423008045532778e-17 -0.5358267949789922 0.844327925502018
    outer loop
      vertex -35.981935459676365 2.9924004040645684 163.78721163368002
      vertex -36.07723819742905 2.4928059569823393 163.47015935661574
      vertex 8 2.301543337174193 163.34878040718664
    endloop
  endfacet
  facet normal 0 -0.5358267949790013 0.8443279255020122
    outer loop
      vertex -36.07723819742905 2.4928059569823393 163.47015935661574
      vertex -36.139383189757815 2.301543337174193 163.34878040718664
      vertex 8 2.301543337174193 163.34878040718664
    endloop
  endfacet
  facet normal -8.927174427223005e-16 -0.6374239897487014 0.7705132427757796
    outer loop
      vertex -36.139383189757815 2.301543337174193 163.34878040718664
      vertex -36.23440523215258 2.0090955616270527 163.10684656681443
      vertex 4.036000171332514 0.9015545336914965 162.19060894538984
    endloop
  endfacet
  facet normal -7.724046814147474e-16 -0.6374239897486987 0.7705132427757816
    outer loop
      vertex -36.23440523215258 2.0090955616270527 163.10684656681443
      vertex -36.45095794582235 1.5488976198880529 162.72613772001947
      vertex 4.036000171332514 0.9015545336914965 162.19060894538984
    endloop
  endfacet
  facet normal 3.4394122222137413e-16 -0.6374239897486654 0.7705132427758092
    outer loop
      vertex -36.45095794582235 1.5488976198880529 162.72613772001947
      vertex -36.72348117278146 1.119469728215484 162.37088407242067
      vertex 3.8458774385334187 0.7049727521766389 162.0279823524533
    endloop
  endfacet
  facet normal 7.424747714158041e-18 -0.7289686274214119 0.6845471059286882
    outer loop
      vertex -37.418432841517806 0.3794213667580544 161.68130533851462
      vertex -32.98124618538434 -0.7134685058005186 160.5174958308534
      vertex 3.781455648694931 0.612728603089576 161.92975231077278
    endloop
  endfacet
  facet normal -1.8674359049464882e-17 -0.6374239897486864 0.7705132427757919
    outer loop
      vertex -36.72348117278146 1.119469728215484 162.37088407242067
      vertex -37.047677058943286 0.7275842209888115 162.04668818625885
      vertex 3.8458774385334187 0.7049727521766389 162.0279823524533
    endloop
  endfacet
  facet normal 0 -0.6374239897486665 0.7705132427758083
    outer loop
      vertex -37.047677058943286 0.7275842209888115 162.04668818625885
      vertex -37.071755827579125 0.7049727521766389 162.0279823524533
      vertex 3.8458774385334187 0.7049727521766389 162.0279823524533
    endloop
  endfacet
  facet normal 0 -0.7289686274214174 0.6845471059286824
    outer loop
      vertex 3.8458774385334187 0.7049727521766389 162.0279823524533
      vertex -37.071755827579125 0.7049727521766389 162.0279823524533
      vertex -37.418432841517806 0.3794213667580544 161.68130533851462
    endloop
  endfacet
  facet normal -1.4753718073834343e-16 -0.8090169943749608 0.5877852522924549
    outer loop
      vertex -32.98124618538434 -0.7134685058005186 160.5174958308534
      vertex -33.36606064612567 -1.3198390687985593 159.68289835083692
      vertex 4.037123503093546 -0.7137123599485563 160.5171601944128
    endloop
  endfacet
  facet normal 0 -0.8090169943749413 0.5877852522924814
    outer loop
      vertex -33.36606064612567 -1.3198390687985593 159.68289835083692
      vertex -47 -1.931410770783252 158.84114211715342
      vertex 8 -1.931410770783252 158.84114211715342
    endloop
  endfacet
  facet normal 0 -0.18738131458572216 0.9822872507286892
    outer loop
      vertex -47 9.932001646188983 166.3698925716889
      vertex -47 7.8966168617799015 165.98162215862243
      vertex 8 7.8966168617799015 165.98162215862243
    endloop
  endfacet
  facet normal 0 -0.8763066800438549 0.4817536741017311
    outer loop
      vertex -45.977542744855576 -2.1132862686152443 158.51031181475116
      vertex 8 -1.931410770783252 158.84114211715342
      vertex -47 -1.931410770783252 158.84114211715342
    endloop
  endfacet
  facet normal 0 -0.8763066800438646 0.4817536741017133
    outer loop
      vertex -34.022457255144424 -2.1132862686152443 158.51031181475116
      vertex -45.07349577727103 -2.9296463656893224 157.0253583108237
      vertex 8 -2.9296463656893224 157.0253583108237
    endloop
  endfacet
  facet normal 0 -0.9297764858882501 0.368124552684681
    outer loop
      vertex 8 -2.9296463656893224 157.0253583108237
      vertex -45.07349577727103 -2.9296463656893224 157.0253583108237
      vertex -32.04288481029874 -3.296021639118175 156.1
    endloop
  endfacet
  facet normal 0 -1 0
    outer loop
      vertex -30.8 -4.467441019066481 151.03604357223367
      vertex -30.8 -4.467441019066481 148.96395642776633
      vertex -7.034024638370125 -4.467441019066481 150.5222487630462
    endloop
  endfacet
  facet normal 7.344432132526326e-16 -0.06279051952929597 0.9980267284282727
    outer loop
      vertex -47 12 166.5
      vertex -42.533939353874565 11.29866343362026 166.4558756432934
      vertex -37.964766933261245 11.426709444797753 166.4639316154798
    endloop
  endfacet
  facet normal 7.569023256934499e-17 -0.06279051952929303 0.9980267284282729
    outer loop
      vertex -43.4913901908336 10.91958183022136 166.43202585035357
      vertex -47 9.932001646188983 166.3698925716889
      vertex -37.466060646125435 11.29866343362026 166.45587564329338
    endloop
  endfacet
  facet normal -7.41871854155278e-15 -0.06279051952934771 0.9980267284282693
    outer loop
      vertex -47 12 166.5
      vertex -43.4913901908336 10.91958183022136 166.43202585035357
      vertex -42.533939353874565 11.29866343362026 166.4558756432934
    endloop
  endfacet
  facet normal -1 0 0
    outer loop
      vertex -47 12 164.5
      vertex -47 10.182668113317591 164.38566316905994
      vertex -47 12 166.5
    endloop
  endfacet
  facet normal 4.569843205321124e-15 -0.06279051952930892 0.9980267284282719
    outer loop
      vertex -47 12 166.5
      vertex -47 9.932001646188983 166.3698925716889
      vertex -43.4913901908336 10.91958183022136 166.43202585035357
    endloop
  endfacet
  facet normal -1 0 0
    outer loop
      vertex -47 10.182668113317591 164.38566316905994
      vertex -47 9.932001646188983 166.3698925716889
      vertex -47 12 166.5
    endloop
  endfacet
  facet normal -1 0 0
    outer loop
      vertex -47 10.182668113317591 164.38566316905994
      vertex -47 8.39399663610961 164.04445583636516
      vertex -47 9.932001646188983 166.3698925716889
    endloop
  endfacet
  facet normal -1 0 0
    outer loop
      vertex -47 8.39399663610961 164.04445583636516
      vertex -47 7.8966168617799015 165.98162215862243
      vertex -47 9.932001646188983 166.3698925716889
    endloop
  endfacet
  facet normal 0 -0.3090169943749337 0.951056516295158
    outer loop
      vertex -37.047677058943286 6.272415779011189 165.45388723618805
      vertex -36.76105140467688 5.925944880702807 165.34131201715616
      vertex 8 5.925944880702807 165.34131201715616
    endloop
  endfacet
  facet normal -1 0 0
    outer loop
      vertex -47 16.103383138220103 134.0183778413776
      vertex -47 17.33780601392783 136.51824095462035
      vertex -47 18.074055119297185 134.65868798284384
    endloop
  endfacet
  facet normal -1 0 0
    outer loop
      vertex -47 15.606003363890395 135.95554416363484
      vertex -47 17.33780601392783 136.51824095462035
      vertex -47 16.103383138220103 134.0183778413776
    endloop
  endfacet
  facet normal -1 0 0
    outer loop
      vertex -47 14.067998353811017 133.6301074283111
      vertex -47 15.606003363890395 135.95554416363484
      vertex -47 16.103383138220103 134.0183778413776
    endloop
  endfacet
  facet normal -1 0 0
    outer loop
      vertex -47 14.067998353811017 133.6301074283111
      vertex -47 13.817331886682409 135.61433683094006
      vertex -47 15.606003363890395 135.95554416363484
    endloop
  endfacet
  facet normal -1 0 0
    outer loop
      vertex -47 13.817331886682409 135.61433683094006
      vertex -47 14.067998353811017 133.6301074283111
      vertex -47 12 133.5
    endloop
  endfacet
  facet normal -1 0 0
    outer loop
      vertex -47 12 133.5
      vertex -47 12 135.5
      vertex -47 13.817331886682409 135.61433683094006
    endloop
  endfacet
  facet normal -6.768669519263279e-15 -0.06279051952951689 0.9980267284282588
    outer loop
      vertex 8 9.932001646188983 166.3698925716889
      vertex -37.964766933261245 11.426709444797753 166.4639316154798
      vertex -37.466060646125435 11.29866343362026 166.45587564329338
    endloop
  endfacet
  facet normal 1.3045939404414815e-16 -0.06279051952930546 0.9980267284282719
    outer loop
      vertex -47 12 166.5
      vertex -37.964766933261245 11.426709444797753 166.4639316154798
      vertex 8 9.932001646188983 166.3698925716889
    endloop
  endfacet
  facet normal 0 -0.0627905195292925 0.998026728428273
    outer loop
      vertex -37.466060646125435 11.29866343362026 166.45587564329338
      vertex -47 9.932001646188983 166.3698925716889
      vertex 8 9.932001646188983 166.3698925716889
    endloop
  endfacet
  facet normal -7.943764251157034e-17 -0.3090169943749537 0.9510565162951515
    outer loop
      vertex -37.82990148033507 6.919528098283161 165.66414677439448
      vertex -37.418432841517806 6.620578633241946 165.5670122050243
      vertex 8 5.925944880702807 165.34131201715616
    endloop
  endfacet
  facet normal 6.375065722188936e-16 -0.3090169943749238 0.9510565162951613
    outer loop
      vertex -38.275593869161455 7.1645495624873785 165.74375907411425
      vertex -37.82990148033507 6.919528098283161 165.66414677439448
      vertex 8 5.925944880702807 165.34131201715616
    endloop
  endfacet
  facet normal 0 -0.4257792915649364 0.9048270524660835
    outer loop
      vertex 8 5.925944880702807 165.34131201715616
      vertex -36.76105140467688 5.925944880702807 165.34131201715616
      vertex -36.72348117278146 5.880530271784516 165.319941524354
    endloop
  endfacet
  facet normal -1 0 0
    outer loop
      vertex -47 18.98542827447487 162.70644686063602
      vertex -47 19.948935622678302 164.45906022072376
      vertex -47 21.698456662825805 163.34878040718664
    endloop
  endfacet
  facet normal -2.613329066513638e-16 -0.30901699437496455 0.9510565162951481
    outer loop
      vertex -37.418432841517806 6.620578633241946 165.5670122050243
      vertex -37.047677058943286 6.272415779011189 165.45388723618805
      vertex 8 5.925944880702807 165.34131201715616
    endloop
  endfacet
  facet normal 1.7094619192060636e-16 -0.42577929156507427 0.9048270524660189
    outer loop
      vertex 8 5.925944880702807 165.34131201715616
      vertex -36.72348117278146 5.880530271784516 165.319941524354
      vertex -36.45095794582235 5.451102380111947 165.1178680971766
    endloop
  endfacet
  facet normal -6.729280547513275e-16 -0.4257792915650952 0.9048270524660089
    outer loop
      vertex 8 4.051064377321696 164.45906022072376
      vertex -36.45095794582235 5.451102380111947 165.1178680971766
      vertex -36.23440523215258 4.9909044383729455 164.9013153835068
    endloop
  endfacet
  facet normal -1.7255661383740683e-16 -0.42577929156507605 0.904827052466018
    outer loop
      vertex 8 4.051064377321696 164.45906022072376
      vertex -36.23440523215258 4.9909044383729455 164.9013153835068
      vertex -36.07723819742905 4.507194043017662 164.67369854900156
    endloop
  endfacet
  facet normal 0 -0.4257792915650624 0.9048270524660244
    outer loop
      vertex 8 4.051064377321696 164.45906022072376
      vertex -36.07723819742905 4.507194043017662 164.67369854900156
      vertex -35.990226810162994 4.051064377321696 164.45906022072376
    endloop
  endfacet
  facet normal 0 -0.5358267949788814 0.8443279255020884
    outer loop
      vertex 8 4.051064377321696 164.45906022072376
      vertex -35.990226810162994 4.051064377321696 164.45906022072376
      vertex -35.981935459676365 4.0075995959354325 164.4314766316925
    endloop
  endfacet
  facet normal 1.706314791244742e-16 -0.5358267949790044 0.8443279255020102
    outer loop
      vertex 8 4.051064377321696 164.45906022072376
      vertex -35.981935459676365 4.0075995959354325 164.4314766316925
      vertex -35.95 3.5 164.10934413268626
    endloop
  endfacet
  facet normal -4.810247694793372e-15 -0.30901699437509217 0.9510565162951065
    outer loop
      vertex -39.24110567592781 7.478263365451189 165.84569086767735
      vertex -38.74848117278146 7.351778890995371 165.80459357065897
      vertex 8 5.925944880702807 165.34131201715616
    endloop
  endfacet
  facet normal 2.4150965975619657e-14 -0.309016994374295 0.9510565162953655
    outer loop
      vertex -39.74569839590628 7.5420082501345 165.86640283624502
      vertex -39.24110567592781 7.478263365451189 165.84569086767735
      vertex 8 5.925944880702807 165.34131201715616
    endloop
  endfacet
  facet normal -1.0145917187816894e-15 -0.30901699437497965 0.9510565162951432
    outer loop
      vertex -38.74848117278146 7.351778890995371 165.80459357065897
      vertex -38.275593869161455 7.1645495624873785 165.74375907411425
      vertex 8 5.925944880702807 165.34131201715616
    endloop
  endfacet
  facet normal -5.824208478813132e-15 -0.30901699437509594 0.9510565162951052
    outer loop
      vertex -39.74569839590628 7.5420082501345 165.86640283624502
      vertex 8 5.925944880702807 165.34131201715616
      vertex -47 7.8966168617799015 165.98162215862243
    endloop
  endfacet
  facet normal 0 -1 0
    outer loop
      vertex -30.8 -4.467441019066481 148.96395642776633
      vertex -6.824784158376314 -4.467441019066481 148.96395642776633
      vertex -6.840244028092114 -4.467441019066481 148.9883172843864
    endloop
  endfacet
  facet normal -1.3375554098850585e-14 -0.06279051952908868 -0.9980267284282855
    outer loop
      vertex 8 12 133.5
      vertex -25.62523737082855 9.964574501457378 133.6280581179604
      vertex -25.874418960941373 9.996053456856544 133.62607762995597
    endloop
  endfacet
  facet normal 0 -0.06279051952931339 -0.9980267284282717
    outer loop
      vertex -26.125581039058627 9.996053456856544 133.62607762995597
      vertex 8 12 133.5
      vertex -25.874418960941373 9.996053456856544 133.62607762995597
    endloop
  endfacet
  facet normal 0 -0.18738131458541557 -0.9822872507287475
    outer loop
      vertex -25.381966011250107 9.902113032590307 133.6358089862852
      vertex -25.49837447550731 9.932001646188983 133.6301074283111
      vertex 8 9.932001646188983 133.6301074283111
    endloop
  endfacet
  facet normal 0 -0.9921147013144777 -0.12533323356430542
    outer loop
      vertex -30.8 -4.207739637023362 146.90820830933555
      vertex 8 -4.207739637023362 146.90820830933555
      vertex -4.868139908988441 -4.333555557412458 147.90414387030063
    endloop
  endfacet
  facet normal 0 -0.876306680043865 -0.4817536741017128
    outer loop
      vertex 8 -2.9296463656893224 142.9746416891763
      vertex -46.12800324187177 -1.9314107707832466 141.15885788284655
      vertex 8 -1.9314107707832466 141.15885788284655
    endloop
  endfacet
  facet normal 0 -0.9297764858882507 -0.36812455268467975
    outer loop
      vertex 8 -3.6924325188700333 144.90121959281336
      vertex -47 -2.9296463656893224 142.9746416891763
      vertex 8 -2.9296463656893224 142.9746416891763
    endloop
  endfacet
  facet normal 0 -1 0
    outer loop
      vertex -7.083440872760404 -4.467441019066481 150.26319979048503
      vertex -7.034024638370125 -4.467441019066481 150.5222487630462
      vertex -30.8 -4.467441019066481 148.96395642776633
    endloop
  endfacet
  facet normal 0 -1 0
    outer loop
      vertex -7.1 -4.467441019066481 150
      vertex -7.083440872760404 -4.467441019066481 150.26319979048503
      vertex -30.8 -4.467441019066481 148.96395642776633
    endloop
  endfacet
  facet normal 0 -1 0
    outer loop
      vertex -7.083440872760404 -4.467441019066481 149.73680020951497
      vertex -7.1 -4.467441019066481 150
      vertex -30.8 -4.467441019066481 148.96395642776633
    endloop
  endfacet
  facet normal 0 -1 0
    outer loop
      vertex -30.8 -4.467441019066481 148.96395642776633
      vertex -7.034024638370125 -4.467441019066481 149.4777512369538
      vertex -7.083440872760404 -4.467441019066481 149.73680020951497
    endloop
  endfacet
  facet normal 0 -1 0
    outer loop
      vertex -30.8 -4.467441019066481 148.96395642776633
      vertex -6.952530620365328 -4.467441019066481 149.2269384393622
      vertex -7.034024638370125 -4.467441019066481 149.4777512369538
    endloop
  endfacet
  facet normal 0 -1 0
    outer loop
      vertex -30.8 -4.467441019066481 148.96395642776633
      vertex -6.840244028092114 -4.467441019066481 148.9883172843864
      vertex -6.952530620365328 -4.467441019066481 149.2269384393622
    endloop
  endfacet
  facet normal 2.0466207434785027e-15 -0.06279051952934168 -0.9980267284282697
    outer loop
      vertex 8 12 133.5
      vertex -25.49837447550731 9.932001646188983 133.6301074283111
      vertex -25.62523737082855 9.964574501457378 133.6280581179604
    endloop
  endfacet
  facet normal -1.089912388841846e-15 -0.99211470131448 -0.12533323356428752
    outer loop
      vertex -30.8 -4.207739637023362 146.90820830933555
      vertex -6.338590378472248 -4.39391299559669 148.38192219017085
      vertex -6.5308341175849645 -4.41671909773083 148.56245107754975
    endloop
  endfacet
  facet normal 8.140118752427757e-16 -0.9921147013144764 -0.12533323356431497
    outer loop
      vertex -30.8 -4.207739637023362 146.90820830933555
      vertex -6.5308341175849645 -4.41671909773083 148.56245107754975
      vertex -6.69893568818739 -4.4423892138678625 148.76565097018582
    endloop
  endfacet
  facet normal 1.8675927045815701e-16 -0.9921147013144774 -0.12533323356430712
    outer loop
      vertex -30.8 -4.207739637023362 146.90820830933555
      vertex -6.69893568818739 -4.4423892138678625 148.76565097018582
      vertex -6.824784158376314 -4.467441019066481 148.96395642776633
    endloop
  endfacet
  facet normal -3.3549611502438355e-15 -0.9921147013144886 -0.1253332335642184
    outer loop
      vertex -30.8 -4.207739637023362 146.90820830933555
      vertex -4.868139908988441 -4.333555557412458 147.90414387030063
      vertex -5.131860091011559 -4.333555557412457 147.90414387030063
    endloop
  endfacet
  facet normal -1.489835010740539e-16 -0.9921147013144783 -0.1253332335643006
    outer loop
      vertex -30.8 -4.207739637023362 146.90820830933555
      vertex -5.131860091011559 -4.333555557412457 147.90414387030063
      vertex -5.3935007606300225 -4.337731110125653 147.93719677346976
    endloop
  endfacet
  facet normal -7.295200776526816e-16 -0.9921147013144795 -0.1253332335642908
    outer loop
      vertex -5.894136512286652 -4.358280657397406 148.09986318982135
      vertex -6.125236269455893 -4.374330573319787 148.22691135644578
      vertex -30.8 -4.207739637023362 146.90820830933555
    endloop
  endfacet
  facet normal 1.5612500771703922e-16 -0.9921147013144773 -0.1253332335643082
    outer loop
      vertex -5.3935007606300225 -4.337731110125653 147.93719677346976
      vertex -5.64893568818739 -4.346016364591399 148.00278131578017
      vertex -30.8 -4.207739637023362 146.90820830933555
    endloop
  endfacet
  facet normal 5.467761338012038e-16 -0.9921147013144762 -0.12533323356431703
    outer loop
      vertex -5.64893568818739 -4.346016364591399 148.00278131578017
      vertex -5.894136512286652 -4.358280657397406 148.09986318982135
      vertex -30.8 -4.207739637023362 146.90820830933555
    endloop
  endfacet
  facet normal 5.197243315444189e-16 -0.9921147013144765 -0.12533323356431378
    outer loop
      vertex -6.125236269455893 -4.374330573319787 148.22691135644578
      vertex -6.338590378472248 -4.39391299559669 148.38192219017085
      vertex -30.8 -4.207739637023362 146.90820830933555
    endloop
  endfacet
  facet normal 0 -0.9685831611286315 -0.2486898871648533
    outer loop
      vertex -30.8 -3.6924325188700333 144.90121959281336
      vertex 8 -4.207739637023362 146.90820830933555
      vertex -30.8 -4.207739637023362 146.90820830933555
    endloop
  endfacet
  facet normal 0 -0.9297764858882502 -0.3681245526846812
    outer loop
      vertex 8 -3.6924325188700333 144.90121959281336
      vertex -30.8 -3.6924325188700333 144.90121959281336
      vertex -30.8 -3.296021639118172 143.9
    endloop
  endfacet
  facet normal 0 -0.6374239897486709 -0.7705132427758049
    outer loop
      vertex 2.4054410845759793 0.7049727521766389 137.9720176475467
      vertex -14.657999616410459 0.7049727521766389 137.9720176475467
      vertex -9.874418960941373 1.0039465431434569 137.72468501769882
    endloop
  endfacet
  facet normal 1.6435103481061048e-15 -0.5358267949789801 -0.8443279255020255
    outer loop
      vertex -8 3 136.2079655160858
      vertex -8.015770597371045 3.2506664671286085 136.04888773879878
      vertex 8 2.301543337174193 136.65121959281336
    endloop
  endfacet
  facet normal -5.019294461507434e-17 -0.6374239897486847 -0.7705132427757934
    outer loop
      vertex -8.247386639912273 2.036492651796569 136.87048858908705
      vertex 8 2.301543337174193 136.65121959281336
      vertex 3.2613762898995438 1.1228188706664826 137.62634527598655
    endloop
  endfacet
  facet normal 0 -0.637423989748678 -0.7705132427757989
    outer loop
      vertex -8.247386639912273 2.036492651796569 136.87048858908705
      vertex 3.2613762898995438 1.1228188706664826 137.62634527598655
      vertex 3.135795250840918 1.1228188706664826 137.62634527598655
    endloop
  endfacet
  facet normal -5.561489599044128e-15 -0.6374239897487249 -0.77051324277576
    outer loop
      vertex -8.247386639912273 2.036492651796569 136.87048858908705
      vertex 3.135795250840918 1.1228188706664826 137.62634527598655
      vertex 3.0119860618231176 1.1070827047686358 137.639363364571
    endloop
  endfacet
  facet normal -2.2163014227860258e-14 -0.6374239897488448 -0.7705132427756608
    outer loop
      vertex -8.247386639912273 2.036492651796569 136.87048858908705
      vertex 3.0119860618231176 1.1070827047686358 137.639363364571
      vertex 2.8919012677169813 1.0758585417094806 137.66519423870633
    endloop
  endfacet
  facet normal 8.171879555579849e-15 -0.6374239897486361 -0.7705132427758337
    outer loop
      vertex 2.8919012677169813 1.0758585417094806 137.66519423870633
      vertex 2.7774346774607355 1.0296388051928709 137.70343053007676
      vertex -8.247386639912273 2.036492651796569 136.87048858908705
    endloop
  endfacet
  facet normal 1.3148367391933132e-14 -0.6374239897486037 -0.7705132427758604
    outer loop
      vertex 2.7774346774607355 1.0296388051928709 137.70343053007676
      vertex 2.670391497561751 0.9691524080740064 137.75346922952613
      vertex -8.247386639912273 2.036492651796569 136.87048858908705
    endloop
  endfacet
  facet normal -1.582368656201463e-14 -0.6374239897487797 -0.7705132427757149
    outer loop
      vertex 2.670391497561751 0.9691524080740064 137.75346922952613
      vertex 2.5724598629115327 0.8953532569682737 137.8145211968725
      vertex -8.247386639912273 2.036492651796569 136.87048858908705
    endloop
  endfacet
  facet normal 2.0813999001420664e-14 -0.6374239897485734 -0.7705132427758855
    outer loop
      vertex 2.5724598629115327 0.8953532569682737 137.8145211968725
      vertex 2.4851842138900353 0.8094052085740854 137.88562360612008
      vertex -8.247386639912273 2.036492651796569 136.87048858908705
    endloop
  endfacet
  facet normal -2.0088157973671145e-14 -0.6374239897487858 -0.7705132427757097
    outer loop
      vertex 2.4851842138900353 0.8094052085740854 137.88562360612008
      vertex 2.4099409396182794 0.7126637149574944 137.96565512980058
      vertex -8.247386639912273 2.036492651796569 136.87048858908705
    endloop
  endfacet
  facet normal 9.533423234868056e-14 -0.6374239897482341 -0.7705132427761662
    outer loop
      vertex 2.4099409396182794 0.7126637149574944 137.96565512980058
      vertex 2.4054410845759793 0.7049727521766389 137.9720176475467
      vertex -8.247386639912273 2.036492651796569 136.87048858908705
    endloop
  endfacet
  facet normal -6.697383301450889e-16 -0.5358267949789857 -0.8443279255020218
    outer loop
      vertex -8.015770597371045 3.2506664671286085 136.04888773879878
      vertex -8.062833677742738 3.4973797743297097 135.89231871308803
      vertex 8 4.051064377321696 135.54093977927624
    endloop
  endfacet
  facet normal -1.1778131679164139e-16 -0.5358267949789971 -0.8443279255020149
    outer loop
      vertex -8.062833677742738 3.4973797743297097 135.89231871308803
      vertex -8.140447028223498 3.736249105369356 135.7407276260188
      vertex 8 4.051064377321696 135.54093977927624
    endloop
  endfacet
  facet normal 8.647152409581304e-17 -0.7289686274214114 -0.6845471059286888
    outer loop
      vertex -14.657999616410459 0.7049727521766389 137.9720176475467
      vertex 2.7665018012627245 -0.7134685058005239 139.4825041691466
      vertex -25.874418960941373 0.003946543143456438 138.71853473739995
    endloop
  endfacet
  facet normal 0 -0.5358267949789798 -0.8443279255020257
    outer loop
      vertex 8 2.301543337174193 136.65121959281336
      vertex -8.128167519272349 2.301543337174193 136.65121959281336
      vertex -8.062833677742738 2.502620225670291 136.5236123190836
    endloop
  endfacet
  facet normal 0 -0.6374239897486554 -0.7705132427758177
    outer loop
      vertex 8 2.301543337174193 136.65121959281336
      vertex -8.140447028223498 2.2637508946306433 136.68248422029941
      vertex -8.128167519272349 2.301543337174193 136.65121959281336
    endloop
  endfacet
  facet normal 1.433661048464384e-16 -0.6374239897486917 -0.7705132427757876
    outer loop
      vertex 8 2.301543337174193 136.65121959281336
      vertex -8.247386639912273 2.036492651796569 136.87048858908705
      vertex -8.140447028223498 2.2637508946306433 136.68248422029941
    endloop
  endfacet
  facet normal -2.5755874852959216e-15 -0.535826794979049 -0.8443279255019819
    outer loop
      vertex 8 2.301543337174193 136.65121959281336
      vertex -8.015770597371045 2.749333532871392 136.36704329337286
      vertex -8 3 136.2079655160858
    endloop
  endfacet
  facet normal -1.1503908598698299e-16 -0.5358267949789862 -0.8443279255020217
    outer loop
      vertex 8 2.301543337174193 136.65121959281336
      vertex -8.062833677742738 2.502620225670291 136.5236123190836
      vertex -8.015770597371045 2.749333532871392 136.36704329337286
    endloop
  endfacet
  facet normal -5.613438781931695e-16 -0.6374239897486896 -0.7705132427757893
    outer loop
      vertex 2.4054410845759793 0.7049727521766389 137.9720176475467
      vertex -8.381966011250105 1.8244294954150537 137.04592248913585
      vertex -8.247386639912273 2.036492651796569 136.87048858908705
    endloop
  endfacet
  facet normal 8.679550465251019e-16 -0.6374239897486818 -0.7705132427757959
    outer loop
      vertex 2.4054410845759793 0.7049727521766389 137.9720176475467
      vertex -8.542062745157176 1.630905788142623 137.20601922304292
      vertex -8.381966011250105 1.8244294954150537 137.04592248913585
    endloop
  endfacet
  facet normal 5.003173059194047e-16 -0.6374239897486839 -0.7705132427757942
    outer loop
      vertex 2.4054410845759793 0.7049727521766389 137.9720176475467
      vertex -8.72515202050262 1.458973514448422 137.3482539696774
      vertex -8.542062745157176 1.630905788142623 137.20601922304292
    endloop
  endfacet
  facet normal -3.80955799046418e-16 -0.637423989748692 -0.7705132427757875
    outer loop
      vertex 2.4054410845759793 0.7049727521766389 137.9720176475467
      vertex -8.928346410042007 1.3113441489959694 137.47038360211792
      vertex -8.72515202050262 1.458973514448422 137.3482539696774
    endloop
  endfacet
  facet normal 3.004998006431021e-16 -0.18738131458573867 -0.982287250728686
    outer loop
      vertex -18.964378264656787 7.896616861779895 134.0183778413776
      vertex -25.381966011250107 9.902113032590307 133.6358089862852
      vertex 8 9.932001646188983 133.6301074283111
    endloop
  endfacet
  facet normal 0 -0.30901699437493857 -0.9510565162951564
    outer loop
      vertex -12.65822792521013 5.925944880702815 134.65868798284384
      vertex -18.964378264656787 7.896616861779895 134.0183778413776
      vertex 8 7.896616861779895 134.0183778413776
    endloop
  endfacet
  facet normal -1 0 0
    outer loop
      vertex -47 23.295027247823363 162.02798235245328
      vertex -47 20.52288615824086 161.73074641843675
      vertex -47 21.698456662825805 163.34878040718664
    endloop
  endfacet
  facet normal 0 0.8763066800438654 0.48175367410171216
    outer loop
      vertex -47 25.93141077078325 158.84114211715345
      vertex 8 26.929646365689322 157.0253583108237
      vertex -47 26.929646365689322 157.0253583108237
    endloop
  endfacet
  facet normal 0 0.9297764858882505 0.3681245526846806
    outer loop
      vertex -47 26.929646365689322 157.0253583108237
      vertex 8 27.692432518870035 155.09878040718664
      vertex -47 27.692432518870035 155.09878040718664
    endloop
  endfacet
  facet normal 0 0.9685831611286316 0.2486898871648525
    outer loop
      vertex -47 28.207739637023362 153.09179169066445
      vertex -47 27.692432518870035 155.09878040718664
      vertex -4.21335658101367 28.207739637023362 153.09179169066445
    endloop
  endfacet
  facet normal 0 0.4257792915650725 0.9048270524660196
    outer loop
      vertex -47 19.948935622678302 164.45906022072376
      vertex -47 18.074055119297185 165.34131201715616
      vertex 8 18.074055119297185 165.34131201715616
    endloop
  endfacet
  facet normal 0 0.3090169943749384 0.9510565162951566
    outer loop
      vertex -47 18.074055119297185 165.34131201715616
      vertex -47 16.103383138220103 165.9816221586224
      vertex 8 16.103383138220103 165.9816221586224
    endloop
  endfacet
  facet normal 0 0.18738131458573531 0.9822872507286867
    outer loop
      vertex -47 16.103383138220103 165.9816221586224
      vertex -47 14.06799835381102 166.3698925716889
      vertex 8 14.06799835381102 166.3698925716889
    endloop
  endfacet
  facet normal 0 0.06279051952930881 0.9980267284282719
    outer loop
      vertex -47 14.06799835381102 166.3698925716889
      vertex -47 12 166.5
      vertex 8 12 166.5
    endloop
  endfacet
  facet normal -1 0 0
    outer loop
      vertex -47 25.93141077078325 158.84114211715345
      vertex -47 24.242754919779216 157.76948852719545
      vertex -47 24.71346850580052 160.5174958308534
    endloop
  endfacet
  facet normal -1 0 0
    outer loop
      vertex -47 21.698456662825805 163.34878040718664
      vertex -47 20.52288615824086 161.73074641843675
      vertex -47 18.98542827447487 162.70644686063602
    endloop
  endfacet
  facet normal -1 0 0
    outer loop
      vertex -47 24.71346850580052 160.5174958308534
      vertex -47 23.172442020248944 159.242647851356
      vertex -47 23.295027247823363 162.02798235245328
    endloop
  endfacet
  facet normal -1 0 0
    outer loop
      vertex -47 21.925933035965986 160.57004509761046
      vertex -47 23.295027247823363 162.02798235245328
      vertex -47 23.172442020248944 159.242647851356
    endloop
  endfacet
  facet normal -1 0 0
    outer loop
      vertex -47 24.242754919779216 157.76948852719545
      vertex -47 23.172442020248944 159.242647851356
      vertex -47 24.71346850580052 160.5174958308534
    endloop
  endfacet
  facet normal 0 1 0
    outer loop
      vertex -10.421457902821578 28.46744101906648 149.37827528208786
      vertex -47 28.46744101906648 151.03604357223367
      vertex -10.480286753286194 28.46744101906648 149.68666691608925
    endloop
  endfacet
  facet normal -1 0 0
    outer loop
      vertex -47 20.52288615824086 161.73074641843675
      vertex -47 23.295027247823363 162.02798235245328
      vertex -47 21.925933035965986 160.57004509761046
    endloop
  endfacet
  facet normal 0 0.9921147013144777 0.12533323356430484
    outer loop
      vertex -47 28.46744101906648 151.03604357223367
      vertex -47 28.207739637023362 153.09179169066445
      vertex -10.269981779674538 28.46744101906648 151.03604357223367
    endloop
  endfacet
  facet normal -1 0 0
    outer loop
      vertex -47 26.929646365689322 157.0253583108237
      vertex -47 25.790319486279728 154.48074641843675
      vertex -47 25.93141077078325 158.84114211715345
    endloop
  endfacet
  facet normal -1 0 0
    outer loop
      vertex -47 25.119992260757282 156.17379972769356
      vertex -47 25.93141077078325 158.84114211715345
      vertex -47 25.790319486279728 154.48074641843675
    endloop
  endfacet
  facet normal -1 0 0
    outer loop
      vertex -47 24.242754919779216 157.76948852719545
      vertex -47 25.93141077078325 158.84114211715345
      vertex -47 25.119992260757282 156.17379972769356
    endloop
  endfacet
  facet normal -1 0 0
    outer loop
      vertex -47 26.929646365689322 157.0253583108237
      vertex -47 26.243165135565988 152.717029061493
      vertex -47 25.790319486279728 154.48074641843675
    endloop
  endfacet
  facet normal -1 0 0
    outer loop
      vertex -47 26.929646365689322 157.0253583108237
      vertex -47 26.471387562209937 150.91046253317504
      vertex -47 26.243165135565988 152.717029061493
    endloop
  endfacet
  facet normal -1 0 0
    outer loop
      vertex -47 28.46744101906648 151.03604357223367
      vertex -47 28.207739637023362 146.90820830933555
      vertex -47 28.207739637023362 153.09179169066445
    endloop
  endfacet
  facet normal -1 0 0
    outer loop
      vertex -47 28.207739637023362 153.09179169066445
      vertex -47 27.692432518870035 144.90121959281336
      vertex -47 27.692432518870035 155.09878040718664
    endloop
  endfacet
  facet normal -1 0 0
    outer loop
      vertex -47 27.692432518870035 155.09878040718664
      vertex -47 26.929646365689322 142.9746416891763
      vertex -47 26.929646365689322 157.0253583108237
    endloop
  endfacet
  facet normal -1 0 0
    outer loop
      vertex -47 26.471387562209937 150.91046253317504
      vertex -47 26.929646365689322 157.0253583108237
      vertex -47 26.929646365689322 142.9746416891763
    endloop
  endfacet
  facet normal 4.612712644746745e-16 0.9921147013144748 0.12533323356432816
    outer loop
      vertex -9.064448228912681 28.312558161741705 152.26206763116505
      vertex -47 28.207739637023362 153.09179169066445
      vertex -8.772542485937368 28.297957813163126 152.37764129073787
    endloop
  endfacet
  facet normal 8.100668041522257e-17 -0.8090169943749476 -0.587785252292473
    outer loop
      vertex 8 -1.9314107707832466 141.15885788284655
      vertex -47 -0.7134685058005239 139.4825041691466
      vertex 3.1345071272520397 -0.8569726534668045 139.6800206835071
    endloop
  endfacet
  facet normal 0 -0.7289686274214184 -0.6845471059286812
    outer loop
      vertex 2.7665018012627245 -0.7134685058005239 139.4825041691466
      vertex -26.125581039058627 0.003946543143456438 138.71853473739995
      vertex -25.874418960941373 0.003946543143456438 138.71853473739995
    endloop
  endfacet
  facet normal -3.6374374955429786e-16 -0.809016994375001 -0.5877852522923994
    outer loop
      vertex -47 -0.7134685058005239 139.4825041691466
      vertex 3.010291506322266 -0.8257528506959301 139.6370503114126
      vertex 3.1345071272520397 -0.8569726534668045 139.6800206835071
    endloop
  endfacet
  facet normal 0 -0.8090169943746601 -0.5877852522928687
    outer loop
      vertex -47 -0.7134685058005239 139.4825041691466
      vertex 2.7665018012627245 -0.7134685058005239 139.4825041691466
      vertex 2.7746649587779 -0.7190616180044175 139.4902024276632
    endloop
  endfacet
  facet normal 3.55029502808331e-18 -0.8090169943749447 -0.587785252292477
    outer loop
      vertex -47 -0.7134685058005239 139.4825041691466
      vertex 2.8897102372827144 -0.7795395685196692 139.57344318533956
      vertex 3.010291506322266 -0.8257528506959301 139.6370503114126
    endloop
  endfacet
  facet normal -1.0146895782298569e-16 -0.809016994374972 -0.5877852522924392
    outer loop
      vertex -47 -0.7134685058005239 139.4825041691466
      vertex 2.7746649587779 -0.7190616180044175 139.4902024276632
      vertex 2.8897102372827144 -0.7795395685196692 139.57344318533956
    endloop
  endfacet
  facet normal 0 0.8090169943749476 0.587785252292473
    outer loop
      vertex -47 24.71346850580052 160.5174958308534
      vertex 8 25.93141077078325 158.84114211715345
      vertex -47 25.93141077078325 158.84114211715345
    endloop
  endfacet
  facet normal 0 0.6374239897486942 0.7705132427757856
    outer loop
      vertex -47 23.295027247823363 162.02798235245328
      vertex -47 21.698456662825805 163.34878040718664
      vertex 8 21.698456662825805 163.34878040718664
    endloop
  endfacet
  facet normal 0 0.5358267949789977 0.8443279255020143
    outer loop
      vertex -47 21.698456662825805 163.34878040718664
      vertex -47 19.948935622678302 164.45906022072376
      vertex 8 19.948935622678302 164.45906022072376
    endloop
  endfacet
  facet normal 0 0.7289686274214068 0.6845471059286938
    outer loop
      vertex -47 24.71346850580052 160.5174958308534
      vertex -47 23.295027247823363 162.02798235245328
      vertex 8 24.71346850580052 160.5174958308534
    endloop
  endfacet
  facet normal 0 0.9921147013144779 0.12533323356430454
    outer loop
      vertex -8.468453286464312 28.288094414989615 152.45571812682172
      vertex -47 28.207739637023362 153.09179169066445
      vertex -4.21335658101367 28.207739637023362 153.09179169066445
    endloop
  endfacet
  facet normal -1.0105313080414463e-16 0.9921147013144785 0.12533323356429849
    outer loop
      vertex -8.772542485937368 28.297957813163126 152.37764129073787
      vertex -47 28.207739637023362 153.09179169066445
      vertex -8.468453286464312 28.288094414989615 152.45571812682172
    endloop
  endfacet
  facet normal -1 0 0
    outer loop
      vertex -47 8.39399663610961 164.04445583636516
      vertex -47 7.743019789047389 163.83294063696306
      vertex -47 7.8966168617799015 165.98162215862243
    endloop
  endfacet
  facet normal -7.304269875394194e-16 0.9921147013144815 0.12533323356427453
    outer loop
      vertex -9.339566987447492 28.33166520450644 152.11081981375503
      vertex -47 28.207739637023362 153.09179169066445
      vertex -9.064448228912681 28.312558161741705 152.26206763116505
    endloop
  endfacet
  facet normal 3.978137490041852e-16 0.9921147013144761 0.12533323356431714
    outer loop
      vertex -9.593559974371724 28.354977611978942 151.92628310693948
      vertex -47 28.207739637023362 153.09179169066445
      vertex -9.339566987447492 28.33166520450644 152.11081981375503
    endloop
  endfacet
  facet normal -3.5142144301996276e-16 0.9921147013144791 0.1253332335642935
    outer loop
      vertex -9.82242156855353 28.38212773356721 151.71136776482172
      vertex -47 28.207739637023362 153.09179169066445
      vertex -9.593559974371724 28.354977611978942 151.92628310693948
    endloop
  endfacet
  facet normal 6.50566186085623e-16 0.9921147013144759 0.12533323356432005
    outer loop
      vertex -10.022542485937368 28.412687395635103 151.46946313073119
      vertex -47 28.207739637023362 153.09179169066445
      vertex -9.82242156855353 28.38212773356721 151.71136776482172
    endloop
  endfacet
  facet normal 1.5579300078563004e-16 0.9921147013144773 0.12533323356430898
    outer loop
      vertex -10.19076670010966 28.44617465405635 151.2043841852543
      vertex -47 28.207739637023362 153.09179169066445
      vertex -10.022542485937368 28.412687395635103 151.46946313073119
    endloop
  endfacet
  facet normal -6.921062018394857e-16 0.9921147013144793 0.12533323356429266
    outer loop
      vertex -10.269981779674538 28.46744101906648 151.03604357223367
      vertex -47 28.207739637023362 153.09179169066445
      vertex -10.19076670010966 28.44617465405635 151.2043841852543
    endloop
  endfacet
  facet normal 0 1 0
    outer loop
      vertex -10.324441214720629 28.46744101906648 150.92031138171168
      vertex -47 28.46744101906648 151.03604357223367
      vertex -10.269981779674538 28.46744101906648 151.03604357223367
    endloop
  endfacet
  facet normal 0 1 0
    outer loop
      vertex -10.421457902821578 28.46744101906648 150.62172471791214
      vertex -47 28.46744101906648 151.03604357223367
      vertex -10.324441214720629 28.46744101906648 150.92031138171168
    endloop
  endfacet
  facet normal 0 1 0
    outer loop
      vertex -10.480286753286194 28.46744101906648 150.31333308391075
      vertex -47 28.46744101906648 151.03604357223367
      vertex -10.421457902821578 28.46744101906648 150.62172471791214
    endloop
  endfacet
  facet normal 0 1 0
    outer loop
      vertex -10.5 28.46744101906648 150
      vertex -47 28.46744101906648 151.03604357223367
      vertex -10.480286753286194 28.46744101906648 150.31333308391075
    endloop
  endfacet
  facet normal 0 1 0
    outer loop
      vertex -10.480286753286194 28.46744101906648 149.68666691608925
      vertex -47 28.46744101906648 151.03604357223367
      vertex -10.5 28.46744101906648 150
    endloop
  endfacet
  facet normal 2.9856990745828836e-15 -0.30901699437487284 -0.951056516295178
    outer loop
      vertex -40.25430160409372 7.5420082501345 134.13359716375498
      vertex -40.75889432407219 7.478263365451189 134.15430913232268
      vertex -47 7.896616861779895 134.0183778413776
    endloop
  endfacet
  facet normal 2.26717179042028e-15 -0.3090169943749721 -0.9510565162951456
    outer loop
      vertex -33.09747566640234 7.896616861779895 134.0183778413776
      vertex -38.275593869161455 7.1645495624873785 134.25624092588578
      vertex -38.74848117278146 7.351778890995371 134.19540642934106
    endloop
  endfacet
  facet normal -5.329551549160762e-15 -0.3090169943749009 -0.9510565162951687
    outer loop
      vertex -33.09747566640234 7.896616861779895 134.0183778413776
      vertex -38.74848117278146 7.351778890995371 134.19540642934106
      vertex -39.24110567592781 7.478263365451189 134.1543091323227
    endloop
  endfacet
  facet normal 1.2887099689615939e-14 -0.30901699437514285 -0.95105651629509
    outer loop
      vertex -33.09747566640234 7.896616861779895 134.0183778413776
      vertex -39.24110567592781 7.478263365451189 134.1543091323227
      vertex -39.74569839590628 7.5420082501345 134.13359716375498
    endloop
  endfacet
  facet normal 0 -0.3090169943749242 -0.9510565162951612
    outer loop
      vertex -39.74569839590628 7.5420082501345 134.13359716375498
      vertex -40.25430160409372 7.5420082501345 134.13359716375498
      vertex -33.09747566640234 7.896616861779895 134.0183778413776
    endloop
  endfacet
  facet normal 0 -0.3090169943749242 -0.9510565162951611
    outer loop
      vertex -40.25430160409372 7.5420082501345 134.13359716375498
      vertex -47 7.896616861779895 134.0183778413776
      vertex -33.09747566640234 7.896616861779895 134.0183778413776
    endloop
  endfacet
  facet normal 0 -0.1873813145857246 -0.9822872507286886
    outer loop
      vertex -47 9.932001646188983 133.6301074283111
      vertex -33.36606064612543 8.319839068798279 133.93764388758336
      vertex -46.63393935387457 8.319839068798279 133.93764388758336
    endloop
  endfacet
  facet normal 0 -0.18738131458577362 -0.9822872507286794
    outer loop
      vertex -33.09747566640234 7.896616861779895 134.0183778413776
      vertex -47 7.896616861779895 134.0183778413776
      vertex -46.63393935387457 8.319839068798279 133.93764388758336
    endloop
  endfacet
  facet normal -1 0 0
    outer loop
      vertex -47 12 133.5
      vertex -47 10.182668113317591 135.61433683094006
      vertex -47 12 135.5
    endloop
  endfacet
  facet normal -1 0 0
    outer loop
      vertex -47 10.182668113317591 135.61433683094006
      vertex -47 12 133.5
      vertex -47 9.932001646188983 133.6301074283111
    endloop
  endfacet
  facet normal -1 0 0
    outer loop
      vertex -47 9.932001646188983 133.6301074283111
      vertex -47 7.896616861779895 134.0183778413776
      vertex -47 10.182668113317591 135.61433683094006
    endloop
  endfacet
  facet normal -1 0 0
    outer loop
      vertex -47 7.896616861779895 134.0183778413776
      vertex -47 8.393996636109605 135.95554416363484
      vertex -47 10.182668113317591 135.61433683094006
    endloop
  endfacet
  facet normal -4.6435572289728186e-14 -0.18738131458573482 -0.9822872507286866
    outer loop
      vertex -47 7.896616861779895 134.0183778413776
      vertex -47 9.932001646188983 133.6301074283111
      vertex -46.63393935387457 8.319839068798279 133.93764388758336
    endloop
  endfacet
  facet normal -1.6964464808790673e-14 -0.4257792915651322 -0.9048270524659915
    outer loop
      vertex -36.45095794582235 5.451102380111947 134.88213190282343
      vertex -36.72348117278146 5.880530271784516 134.680058475646
      vertex -31.87354013530305 4.566706280694374 135.29829711765277
    endloop
  endfacet
  facet normal -9.526088820637195e-15 -0.30901699437504165 -0.9510565162951229
    outer loop
      vertex -40.75889432407219 7.478263365451189 134.15430913232268
      vertex -41.25151882721854 7.351778890995371 134.19540642934106
      vertex -47 7.896616861779895 134.0183778413776
    endloop
  endfacet
  facet normal 8.791248584783126e-15 -0.30901699437486685 -0.9510565162951798
    outer loop
      vertex -41.25151882721854 7.351778890995371 134.19540642934106
      vertex -41.724406130838545 7.1645495624873785 134.25624092588575
      vertex -47 7.896616861779895 134.0183778413776
    endloop
  endfacet
  facet normal -1 0 0
    outer loop
      vertex -47 8.393996636109605 135.95554416363484
      vertex -47 5.925944880702815 134.65868798284384
      vertex -47 7.743019789047389 136.16705936303694
    endloop
  endfacet
  facet normal -1 0 0
    outer loop
      vertex -47 5.925944880702815 134.65868798284384
      vertex -47 6.662193986072171 136.51824095462035
      vertex -47 7.743019789047389 136.16705936303694
    endloop
  endfacet
  facet normal -1.2310640819011862e-14 -0.3090169943750044 -0.951056516295135
    outer loop
      vertex -41.724406130838545 7.1645495624873785 134.25624092588575
      vertex -42.17009851966494 6.919528098283161 134.33585322560555
      vertex -47 7.896616861779895 134.0183778413776
    endloop
  endfacet
  facet normal -8.866070478451524e-16 -0.30901699437495334 -0.9510565162951516
    outer loop
      vertex -42.17009851966494 6.919528098283161 134.33585322560555
      vertex -42.581567158482194 6.620578633241947 134.43298779497573
      vertex -47 7.896616861779895 134.0183778413776
    endloop
  endfacet
  facet normal 1.4147177735525917e-14 -0.3090169943749062 -0.951056516295167
    outer loop
      vertex -42.581567158482194 6.620578633241947 134.43298779497573
      vertex -42.952322941056714 6.2724157790111885 134.54611276381195
      vertex -47 7.896616861779895 134.0183778413776
    endloop
  endfacet
  facet normal 0 -0.3090169943749409 -0.9510565162951558
    outer loop
      vertex -47 5.925944880702815 134.65868798284384
      vertex -42.952322941056714 6.2724157790111885 134.54611276381195
      vertex -43.238948595323116 5.925944880702815 134.65868798284384
    endloop
  endfacet
  facet normal 0 -0.4257792915648751 -0.9048270524661125
    outer loop
      vertex -47 5.925944880702815 134.65868798284384
      vertex -43.238948595323116 5.925944880702815 134.65868798284384
      vertex -43.27651882721854 5.880530271784516 134.680058475646
    endloop
  endfacet
  facet normal -1 0 0
    outer loop
      vertex -47 5.925944880702815 134.65868798284384
      vertex -47 8.393996636109605 135.95554416363484
      vertex -47 7.896616861779895 134.0183778413776
    endloop
  endfacet
  facet normal -2.1510461269486732e-16 -0.3090169943749386 -0.9510565162951564
    outer loop
      vertex -42.952322941056714 6.2724157790111885 134.54611276381195
      vertex -47 5.925944880702815 134.65868798284384
      vertex -47 7.896616861779895 134.0183778413776
    endloop
  endfacet
  facet normal -2.6876246305558306e-15 -0.5358267949790051 -0.8443279255020097
    outer loop
      vertex -47 4.051064377321696 135.54093977927624
      vertex -44.018064540323635 4.007599595935432 135.5685233683075
      vertex -44.05 3.5 135.89065586731374
    endloop
  endfacet
  facet normal 0 -0.7289686274214257 -0.6845471059286735
    outer loop
      vertex 2.7665018012627245 -0.7134685058005239 139.4825041691466
      vertex -47 -0.7134685058005239 139.4825041691466
      vertex -40.25430160409372 -0.5420082501344998 139.29991754194785
    endloop
  endfacet
  facet normal -9.571753658261092e-15 -0.7289686274215004 -0.6845471059285939
    outer loop
      vertex -26.851558583130146 0.19034589506796085 138.52003958849372
      vertex -26.618033988749893 0.09788696740969272 138.6184983461222
      vertex -37.071755827579125 0.7049727521766389 137.9720176475467
    endloop
  endfacet
  facet normal -1.2484551415700188e-15 -0.7289686274214323 -0.6845471059286665
    outer loop
      vertex -27.27484797949738 0.45897351444842105 138.2339802285296
      vertex -27.071653589957993 0.3113441489959703 138.39118953519224
      vertex -37.071755827579125 0.7049727521766389 137.9720176475467
    endloop
  endfacet
  facet normal 2.3552126593301476e-15 -0.7289686274213896 -0.6845471059287122
    outer loop
      vertex -27.071653589957993 0.3113441489959703 138.39118953519224
      vertex -26.851558583130146 0.19034589506796085 138.52003958849372
      vertex -37.071755827579125 0.7049727521766389 137.9720176475467
    endloop
  endfacet
  facet normal -8.583735642415801e-16 -0.7289686274214252 -0.6845471059286742
    outer loop
      vertex -27.45793725484282 0.6309057881426234 138.05089095318414
      vertex -27.27484797949738 0.45897351444842105 138.2339802285296
      vertex -37.071755827579125 0.7049727521766389 137.9720176475467
    endloop
  endfacet
  facet normal 0 -0.5358267949789978 -0.8443279255020144
    outer loop
      vertex -31.83467003193453 4.051064377321696 135.54093977927624
      vertex -28 4.051064377321696 135.54093977927624
      vertex -28 2.301543337174193 136.65121959281336
    endloop
  endfacet
  facet normal 1.4393838481591829e-15 -0.6374239897486871 -0.7705132427757913
    outer loop
      vertex -36.139383189757815 2.301543337174193 136.65121959281336
      vertex -28 2 136.9006779361525
      vertex -27.984229402628955 1.749333532871392 137.10804727220403
    endloop
  endfacet
  facet normal 0 -0.6374239897487103 -0.7705132427757723
    outer loop
      vertex -36.139383189757815 2.301543337174193 136.65121959281336
      vertex -28 2.301543337174193 136.65121959281336
      vertex -28 2 136.9006779361525
    endloop
  endfacet
  facet normal 4.124304213866352e-15 -0.6374239897486637 -0.7705132427758107
    outer loop
      vertex -27.937166322257262 1.5026202256702903 137.31214626994958
      vertex -36.139383189757815 2.301543337174193 136.65121959281336
      vertex -27.984229402628955 1.749333532871392 137.10804727220403
    endloop
  endfacet
  facet normal -4.639179976667256e-16 -0.5358267949789984 -0.8443279255020139
    outer loop
      vertex -31.83467003193453 4.051064377321696 135.54093977927624
      vertex -28 2.301543337174193 136.65121959281336
      vertex -35.981935459676365 2.9924004040645684 136.21278836631998
    endloop
  endfacet
  facet normal -2.7053085619830548e-15 -0.6374239897487053 -0.7705132427757764
    outer loop
      vertex -27.937166322257262 1.5026202256702903 137.31214626994958
      vertex -27.859552971776502 1.2637508946306442 137.5097561662719
      vertex -36.139383189757815 2.301543337174193 136.65121959281336
    endloop
  endfacet
  facet normal -2.1109882150362609e-16 -0.6374239897486903 -0.7705132427757888
    outer loop
      vertex -27.859552971776502 1.2637508946306442 137.5097561662719
      vertex -27.75261336008773 1.0364926517965691 137.69776053505953
      vertex -36.23440523215258 2.0090955616270527 136.89315343318557
    endloop
  endfacet
  facet normal 0 -0.8090169943749488 -0.5877852522924712
    outer loop
      vertex -46.12800324187177 -1.9314107707832466 141.15885788284655
      vertex -47 -0.7134685058005239 139.4825041691466
      vertex 8 -1.9314107707832466 141.15885788284655
    endloop
  endfacet
  facet normal -1 0 0
    outer loop
      vertex -47 4.051064377321696 135.54093977927624
      vertex -47 6.662193986072171 136.51824095462035
      vertex -47 5.925944880702815 134.65868798284384
    endloop
  endfacet
  facet normal 0 -0.06279051952934962 -0.9980267284282692
    outer loop
      vertex -26.37476262917145 9.964574501457378 133.6280581179604
      vertex -26.50162552449269 9.932001646188983 133.6301074283111
      vertex -47 9.932001646188983 133.6301074283111
    endloop
  endfacet
  facet normal 0 -0.18738131458572466 -0.9822872507286886
    outer loop
      vertex -33.36606064612543 8.319839068798279 133.93764388758336
      vertex -47 9.932001646188983 133.6301074283111
      vertex -26.50162552449269 9.932001646188983 133.6301074283111
    endloop
  endfacet
  facet normal 0 -0.3090169943749402 -0.9510565162951561
    outer loop
      vertex -37.047677058943286 6.272415779011189 134.54611276381195
      vertex -28 5.925944880702815 134.65868798284384
      vertex -36.761051404676884 5.925944880702815 134.65868798284384
    endloop
  endfacet
  facet normal 2.0376986322178286e-15 -0.30901699437489205 -0.9510565162951715
    outer loop
      vertex -37.047677058943286 6.272415779011189 134.54611276381195
      vertex -37.418432841517806 6.620578633241946 134.43298779497573
      vertex -28 5.925944880702815 134.65868798284384
    endloop
  endfacet
  facet normal 7.555328856223807e-16 -0.3090169943749526 -0.9510565162951519
    outer loop
      vertex -37.82990148033507 6.919528098283161 134.33585322560555
      vertex -33.09747566640234 7.896616861779895 134.0183778413776
      vertex -37.418432841517806 6.620578633241946 134.43298779497573
    endloop
  endfacet
  facet normal -4.0629365609285906e-15 -0.3090169943749315 -0.9510565162951586
    outer loop
      vertex -37.82990148033507 6.919528098283161 134.33585322560555
      vertex -38.275593869161455 7.1645495624873785 134.25624092588578
      vertex -33.09747566640234 7.896616861779895 134.0183778413776
    endloop
  endfacet
  facet normal 1.8133416295829857e-15 -0.5358267949790044 -0.8443279255020102
    outer loop
      vertex -35.95 3.5 135.89065586731374
      vertex -35.981935459676365 4.0075995959354325 135.5685233683075
      vertex -31.83467003193453 4.051064377321696 135.54093977927624
    endloop
  endfacet
  facet normal 2.8589302355728768e-15 -0.4257792915650482 -0.9048270524660311
    outer loop
      vertex -36.45095794582235 5.451102380111947 134.88213190282343
      vertex -31.87354013530305 4.566706280694374 135.29829711765277
      vertex -36.23440523215258 4.9909044383729455 135.0986846164932
    endloop
  endfacet
  facet normal -4.8738390327353044e-14 -0.42577929156548255 -0.9048270524658265
    outer loop
      vertex -31.87354013530305 4.566706280694374 135.29829711765277
      vertex -36.2235819579114 4.957593825422528 135.11435940113296
      vertex -36.23440523215258 4.9909044383729455 135.0986846164932
    endloop
  endfacet
  facet normal 0 -0.5358267949788814 -0.8443279255020882
    outer loop
      vertex -35.990226810162994 4.051064377321696 135.54093977927624
      vertex -31.83467003193453 4.051064377321696 135.54093977927624
      vertex -35.981935459676365 4.0075995959354325 135.5685233683075
    endloop
  endfacet
  facet normal 8.778637990745145e-14 -0.42577929156481564 -0.9048270524661405
    outer loop
      vertex -36.72348117278146 5.880530271784516 134.680058475646
      vertex -36.761051404676884 5.925944880702815 134.65868798284384
      vertex -31.87354013530305 4.566706280694374 135.29829711765277
    endloop
  endfacet
  facet normal 0 -0.535826794979004 -0.8443279255020105
    outer loop
      vertex -43.92276180257095 2.492805956982338 136.52984064338426
      vertex -43.860616810242185 2.301543337174193 136.65121959281336
      vertex -47 2.301543337174193 136.65121959281336
    endloop
  endfacet
  facet normal -1 0 0
    outer loop
      vertex -47 3.47711384175914 138.26925358156325
      vertex -47 0.7049727521766389 137.9720176475467
      vertex -47 2.0740669640340172 139.42995490238954
    endloop
  endfacet
  facet normal -1 0 0
    outer loop
      vertex -47 3.47711384175914 138.26925358156325
      vertex -47 2.301543337174193 136.65121959281336
      vertex -47 0.7049727521766389 137.9720176475467
    endloop
  endfacet
  facet normal -1 0 0
    outer loop
      vertex -47 0.8275579797510542 140.757352148644
      vertex -47 -0.7134685058005239 139.4825041691466
      vertex -47 -0.24275491977921781 142.23051147280455
    endloop
  endfacet
  facet normal 0 -0.6374239897486667 -0.7705132427758083
    outer loop
      vertex -42.952322941056714 0.7275842209888115 137.95331181374115
      vertex -42.928244172420875 0.7049727521766389 137.9720176475467
      vertex -47 0.7049727521766389 137.9720176475467
    endloop
  endfacet
  facet normal 1.8788448090166978e-16 -0.6374239897486864 -0.7705132427757919
    outer loop
      vertex -43.27651882721854 1.119469728215484 137.62911592757933
      vertex -42.952322941056714 0.7275842209888115 137.95331181374115
      vertex -47 0.7049727521766389 137.9720176475467
    endloop
  endfacet
  facet normal 6.138108089373998e-15 -0.7289686274214223 -0.6845471059286772
    outer loop
      vertex -47 -0.7134685058005239 139.4825041691466
      vertex -42.581567158482194 0.37942136675805305 138.31869466148538
      vertex -42.17009851966494 0.0804719017168396 138.63704350747724
    endloop
  endfacet
  facet normal -9.665105125145136e-15 -0.7289686274213772 -0.6845471059287253
    outer loop
      vertex -47 -0.7134685058005239 139.4825041691466
      vertex -42.17009851966494 0.0804719017168396 138.63704350747724
      vertex -41.724406130838545 -0.16454956248737895 138.89796486541272
    endloop
  endfacet
  facet normal 0 -0.7289686274214161 -0.6845471059286838
    outer loop
      vertex -42.581567158482194 0.37942136675805305 138.31869466148538
      vertex -47 0.7049727521766389 137.9720176475467
      vertex -42.928244172420875 0.7049727521766389 137.9720176475467
    endloop
  endfacet
  facet normal -1 0 0
    outer loop
      vertex -47 0.7049727521766389 137.9720176475467
      vertex -47 0.8275579797510542 140.757352148644
      vertex -47 2.0740669640340172 139.42995490238954
    endloop
  endfacet
  facet normal -1 0 0
    outer loop
      vertex -47 -0.7134685058005239 139.4825041691466
      vertex -47 0.8275579797510542 140.757352148644
      vertex -47 0.7049727521766389 137.9720176475467
    endloop
  endfacet
  facet normal 6.54828714365265e-16 -0.7289686274214119 -0.6845471059286883
    outer loop
      vertex -47 -0.7134685058005239 139.4825041691466
      vertex -47 0.7049727521766389 137.9720176475467
      vertex -42.581567158482194 0.37942136675805305 138.31869466148538
    endloop
  endfacet
  facet normal 3.296180613462799e-15 -0.5358267949790049 -0.8443279255020099
    outer loop
      vertex -47 2.301543337174193 136.65121959281336
      vertex -44.05 3.5 135.89065586731374
      vertex -44.018064540323635 2.9924004040645684 136.21278836631998
    endloop
  endfacet
  facet normal 9.74111118996792e-16 -0.637423989748696 -0.7705132427757841
    outer loop
      vertex -27.75261336008773 1.0364926517965691 137.69776053505953
      vertex -36.72348117278146 1.119469728215484 137.62911592757933
      vertex -36.45095794582235 1.5488976198880529 137.2738622799805
    endloop
  endfacet
  facet normal -1.0846665377851716e-15 -0.5358267949789913 -0.8443279255020184
    outer loop
      vertex -44.018064540323635 2.9924004040645684 136.21278836631998
      vertex -43.92276180257095 2.492805956982338 136.52984064338426
      vertex -47 2.301543337174193 136.65121959281336
    endloop
  endfacet
  facet normal -1 0 0
    outer loop
      vertex -47 2.301543337174193 136.65121959281336
      vertex -47 3.47711384175914 138.26925358156325
      vertex -47 5.014571725525127 137.29355313936398
    endloop
  endfacet
  facet normal -7.991584097507631e-16 -0.5358267949789977 -0.8443279255020143
    outer loop
      vertex -47 2.301543337174193 136.65121959281336
      vertex -47 4.051064377321696 135.54093977927624
      vertex -44.05 3.5 135.89065586731374
    endloop
  endfacet
  facet normal 0 -0.6374239897486869 -0.7705132427757915
    outer loop
      vertex -47 0.7049727521766389 137.9720176475467
      vertex -47 2.301543337174193 136.65121959281336
      vertex -43.860616810242185 2.301543337174193 136.65121959281336
    endloop
  endfacet
  facet normal -7.873889355112924e-15 -0.6374239897486715 -0.7705132427758041
    outer loop
      vertex -47 0.7049727521766389 137.9720176475467
      vertex -43.76559476784742 2.0090955616270545 136.89315343318557
      vertex -43.54904205417765 1.5488976198880529 137.2738622799805
    endloop
  endfacet
  facet normal 1.2474014401550832e-14 -0.6374239897487014 -0.7705132427757797
    outer loop
      vertex -47 0.7049727521766389 137.9720176475467
      vertex -43.860616810242185 2.301543337174193 136.65121959281336
      vertex -43.76559476784742 2.0090955616270545 136.89315343318557
    endloop
  endfacet
  facet normal 1.7739179114363751e-15 -0.6374239897486949 -0.7705132427757848
    outer loop
      vertex -43.27651882721854 1.119469728215484 137.62911592757933
      vertex -47 0.7049727521766389 137.9720176475467
      vertex -43.54904205417765 1.5488976198880529 137.2738622799805
    endloop
  endfacet
  facet normal -4.59806706878589e-15 -0.7289686274213409 -0.6845471059287639
    outer loop
      vertex -47 -0.7134685058005239 139.4825041691466
      vertex -40.75889432407219 -0.4782633654511885 139.23203613438616
      vertex -40.25430160409372 -0.5420082501344998 139.29991754194785
    endloop
  endfacet
  facet normal 3.074770431393908e-15 -0.7289686274214363 -0.6845471059286623
    outer loop
      vertex -47 -0.7134685058005239 139.4825041691466
      vertex -41.25151882721854 -0.35177889099537163 139.09734384961038
      vertex -40.75889432407219 -0.4782633654511885 139.23203613438616
    endloop
  endfacet
  facet normal 2.4829178840906446e-15 -0.7289686274214319 -0.684547105928667
    outer loop
      vertex -47 -0.7134685058005239 139.4825041691466
      vertex -41.724406130838545 -0.16454956248737895 138.89796486541272
      vertex -41.25151882721854 -0.35177889099537163 139.09734384961038
    endloop
  endfacet
  facet normal 0 -0.8090169943749488 -0.5877852522924712
    outer loop
      vertex -47 -0.7134685058005239 139.4825041691466
      vertex -46.12800324187177 -1.9314107707832466 141.15885788284655
      vertex -47 -1.9314107707832466 141.15885788284655
    endloop
  endfacet
  facet normal 0 -0.6374239897486665 -0.7705132427758083
    outer loop
      vertex -27.519210776311514 0.7049727521766389 137.9720176475467
      vertex -37.071755827579125 0.7049727521766389 137.9720176475467
      vertex -37.047677058943286 0.7275842209888115 137.95331181374115
    endloop
  endfacet
  facet normal -1 0 0
    outer loop
      vertex -47 4.051064377321696 135.54093977927624
      vertex -47 5.014571725525127 137.29355313936398
      vertex -47 6.662193986072171 136.51824095462035
    endloop
  endfacet
  facet normal -1 0 0
    outer loop
      vertex -47 4.051064377321696 135.54093977927624
      vertex -47 2.301543337174193 136.65121959281336
      vertex -47 5.014571725525127 137.29355313936398
    endloop
  endfacet
  facet normal -2.7378072434439158e-15 -0.4257792915650588 -0.904827052466026
    outer loop
      vertex -47 5.925944880702815 134.65868798284384
      vertex -43.27651882721854 5.880530271784516 134.680058475646
      vertex -43.45013203453683 5.606959631890426 134.80879104716854
    endloop
  endfacet
  facet normal 0 -0.5358267949788736 -0.8443279255020931
    outer loop
      vertex -47 4.051064377321696 135.54093977927624
      vertex -44.009773189837006 4.051064377321696 135.54093977927624
      vertex -44.018064540323635 4.007599595935432 135.5685233683075
    endloop
  endfacet
  facet normal 7.954686311425062e-16 -0.9297764858882466 -0.3681245526846903
    outer loop
      vertex -47 -2.9296463656893224 142.9746416891763
      vertex -30.8 -3.296021639118172 143.9
      vertex -35.497865811247 -3.296021639118176 143.9
    endloop
  endfacet
  facet normal -5.431108208734335e-16 -0.9297764858882522 -0.368124552684676
    outer loop
      vertex -47 -2.9296463656893224 142.9746416891763
      vertex -35.497865811247 -3.296021639118176 143.9
      vertex -47 -3.296021639118169 143.9
    endloop
  endfacet
  facet normal -1 0 0
    outer loop
      vertex -47 -0.7430197890473895 143.14048989185528
      vertex -47 -1.9314107707832466 141.15885788284655
      vertex -47 -1.119992260757284 143.82620027230644
    endloop
  endfacet
  facet normal -1 0 0
    outer loop
      vertex -47 -0.24275491977921781 142.23051147280455
      vertex -47 -1.9314107707832466 141.15885788284655
      vertex -47 -0.7430197890473895 143.14048989185528
    endloop
  endfacet
  facet normal -1 0 0
    outer loop
      vertex -47 -1.119992260757284 143.82620027230644
      vertex -47 -1.9314107707832466 141.15885788284655
      vertex -47 -1.1492116399928125 143.9
    endloop
  endfacet
  facet normal -1 0 0
    outer loop
      vertex -47 -1.9314107707832466 141.15885788284655
      vertex -47 -3.296021639118169 143.9
      vertex -47 -1.1492116399928125 143.9
    endloop
  endfacet
  facet normal 0 -0.876306680043865 -0.4817536741017128
    outer loop
      vertex -47 -1.9314107707832466 141.15885788284655
      vertex -46.12800324187177 -1.9314107707832466 141.15885788284655
      vertex -47 -2.9296463656893224 142.9746416891763
    endloop
  endfacet
  facet normal -1 0 0
    outer loop
      vertex -47 -1.9314107707832466 141.15885788284655
      vertex -47 -2.9296463656893224 142.9746416891763
      vertex -47 -3.296021639118169 143.9
    endloop
  endfacet
  facet normal -6.344967246429453e-15 -0.7289686274213382 -0.6845471059287668
    outer loop
      vertex -39.24110567592781 -0.4782633654511885 139.23203613438616
      vertex -26.37476262917145 0.035425498542622336 138.68501305465344
      vertex -26.125581039058627 0.003946543143456438 138.71853473739995
    endloop
  endfacet
  facet normal -7.948888840623089e-17 -0.6374239897486864 -0.7705132427757918
    outer loop
      vertex -27.519210776311514 0.7049727521766389 137.9720176475467
      vertex -37.047677058943286 0.7275842209888115 137.95331181374115
      vertex -36.72348117278146 1.119469728215484 137.62911592757933
    endloop
  endfacet
  facet normal 1.9073613210435702e-16 -0.728968627421371 -0.6845471059287317
    outer loop
      vertex -38.275593869161455 -0.16454956248737895 138.89796486541272
      vertex -37.82990148033507 0.08047190171683827 138.63704350747724
      vertex -26.618033988749893 0.09788696740969272 138.6184983461222
    endloop
  endfacet
  facet normal 2.8410062613368604e-15 -0.7289686274214472 -0.6845471059286508
    outer loop
      vertex -39.24110567592781 -0.4782633654511885 139.23203613438616
      vertex -38.74848117278146 -0.35177889099537163 139.09734384961038
      vertex -26.37476262917145 0.035425498542622336 138.68501305465344
    endloop
  endfacet
  facet normal 3.4519706267697407e-15 -0.728968627421439 -0.6845471059286596
    outer loop
      vertex -38.74848117278146 -0.35177889099537163 139.09734384961038
      vertex -38.275593869161455 -0.16454956248737895 138.89796486541272
      vertex -26.618033988749893 0.09788696740969272 138.6184983461222
    endloop
  endfacet
  facet normal 3.649895594433234e-16 -0.7289686274214234 -0.6845471059286761
    outer loop
      vertex -37.82990148033507 0.08047190171683827 138.63704350747724
      vertex -37.418432841517806 0.3794213667580544 138.31869466148538
      vertex -26.618033988749893 0.09788696740969272 138.6184983461222
    endloop
  endfacet
  facet normal 6.808836327600457e-16 -0.7289686274214178 -0.684547105928682
    outer loop
      vertex -37.418432841517806 0.3794213667580544 138.31869466148538
      vertex -37.071755827579125 0.7049727521766389 137.9720176475467
      vertex -26.618033988749893 0.09788696740969272 138.6184983461222
    endloop
  endfacet
  facet normal 1.9686067432078232e-15 -0.5358267949790052 -0.8443279255020096
    outer loop
      vertex -31.83467003193453 4.051064377321696 135.54093977927624
      vertex -35.981935459676365 2.9924004040645684 136.21278836631998
      vertex -35.95 3.5 135.89065586731374
    endloop
  endfacet
  facet normal 0 -0.5358267949790012 -0.8443279255020121
    outer loop
      vertex -28 2.301543337174193 136.65121959281336
      vertex -36.139383189757815 2.301543337174193 136.65121959281336
      vertex -36.07723819742905 2.4928059569823393 136.52984064338426
    endloop
  endfacet
  facet normal -1.867012082096654e-15 -0.6374239897487013 -0.7705132427757795
    outer loop
      vertex -27.859552971776502 1.2637508946306442 137.5097561662719
      vertex -36.23440523215258 2.0090955616270527 136.89315343318557
      vertex -36.139383189757815 2.301543337174193 136.65121959281336
    endloop
  endfacet
  facet normal 3.006262708410364e-16 -0.5358267949789922 -0.8443279255020177
    outer loop
      vertex -28 2.301543337174193 136.65121959281336
      vertex -36.07723819742905 2.4928059569823393 136.52984064338426
      vertex -35.981935459676365 2.9924004040645684 136.21278836631998
    endloop
  endfacet
  facet normal 3.3789949892752664e-15 -0.6374239897486718 -0.770513242775804
    outer loop
      vertex -27.75261336008773 1.0364926517965691 137.69776053505953
      vertex -36.45095794582235 1.5488976198880529 137.2738622799805
      vertex -36.23440523215258 2.0090955616270527 136.89315343318557
    endloop
  endfacet
  facet normal -1 0 0
    outer loop
      vertex -47 3.47711384175914 161.73074641843675
      vertex -47 2.0740669640340172 160.57004509761046
      vertex -47 2.301543337174193 163.34878040718664
    endloop
  endfacet
  facet normal -3.780058531036453e-15 -0.7289686274214529 0.6845471059286447
    outer loop
      vertex -32.98124618538434 -0.7134685058005186 160.5174958308534
      vertex -39.24110567592781 -0.4782633654511885 160.76796386561384
      vertex -39.74569839590628 -0.5420082501344998 160.70008245805212
    endloop
  endfacet
  facet normal 0 -0.7289686274213831 0.6845471059287188
    outer loop
      vertex -47 -0.7134685058005186 160.5174958308534
      vertex -32.98124618538434 -0.7134685058005186 160.5174958308534
      vertex -39.74569839590628 -0.5420082501344998 160.70008245805212
    endloop
  endfacet
  facet normal -1.615700128741159e-14 -0.5358267949789707 0.8443279255020315
    outer loop
      vertex -44.05 3.5 164.10934413268626
      vertex -44.018064540323635 4.007599595935432 164.43147663169248
      vertex -47 2.301543337174193 163.34878040718664
    endloop
  endfacet
  facet normal 3.3572209951935924e-15 -0.535826794979005 0.8443279255020097
    outer loop
      vertex -44.05 3.5 164.10934413268626
      vertex -47 2.301543337174193 163.34878040718664
      vertex -44.018064540323635 2.9924004040645684 163.78721163368002
    endloop
  endfacet
  facet normal -1.0997313508099657e-15 -0.5358267949789913 0.8443279255020184
    outer loop
      vertex -47 2.301543337174193 163.34878040718664
      vertex -43.92276180257095 2.492805956982338 163.47015935661574
      vertex -44.018064540323635 2.9924004040645684 163.78721163368002
    endloop
  endfacet
  facet normal 0 -0.5358267949790039 0.8443279255020105
    outer loop
      vertex -47 2.301543337174193 163.34878040718664
      vertex -43.860616810242185 2.301543337174193 163.34878040718664
      vertex -43.92276180257095 2.492805956982338 163.47015935661574
    endloop
  endfacet
  facet normal 5.5083687160217266e-15 -0.5358267949789978 0.8443279255020144
    outer loop
      vertex -44.018064540323635 4.007599595935432 164.43147663169248
      vertex -47 4.051064377321696 164.45906022072376
      vertex -47 2.301543337174193 163.34878040718664
    endloop
  endfacet
  facet normal -1 0 0
    outer loop
      vertex -47 2.301543337174193 163.34878040718664
      vertex -47 4.051064377321696 164.45906022072376
      vertex -47 3.47711384175914 161.73074641843675
    endloop
  endfacet
  facet normal 0 -0.6374239897486869 0.7705132427757915
    outer loop
      vertex -43.860616810242185 2.301543337174193 163.34878040718664
      vertex -47 2.301543337174193 163.34878040718664
      vertex -47 0.7049727521766389 162.0279823524533
    endloop
  endfacet
  facet normal -7.849736320281292e-15 -0.6374239897486715 0.7705132427758044
    outer loop
      vertex -43.54904205417765 1.5488976198880529 162.7261377200195
      vertex -43.76559476784742 2.0090955616270545 163.10684656681443
      vertex -47 0.7049727521766389 162.0279823524533
    endloop
  endfacet
  facet normal 1.2513995216940417e-14 -0.6374239897487015 0.7705132427757795
    outer loop
      vertex -43.76559476784742 2.0090955616270545 163.10684656681443
      vertex -43.860616810242185 2.301543337174193 163.34878040718664
      vertex -47 0.7049727521766389 162.0279823524533
    endloop
  endfacet
  facet normal 1.7739179114363753e-15 -0.6374239897486949 0.770513242775785
    outer loop
      vertex -43.54904205417765 1.5488976198880529 162.7261377200195
      vertex -47 0.7049727521766389 162.0279823524533
      vertex -43.27651882721854 1.119469728215484 162.37088407242067
    endloop
  endfacet
  facet normal -2.522467804003225e-15 -0.7289686274214374 0.6845471059286611
    outer loop
      vertex -32.98124618538434 -0.7134685058005186 160.5174958308534
      vertex -38.74848117278146 -0.35177889099537163 160.90265615038962
      vertex -39.24110567592781 -0.4782633654511885 160.76796386561384
    endloop
  endfacet
  facet normal 1.866263258956318e-16 -0.6374239897486864 0.7705132427757918
    outer loop
      vertex -47 0.7049727521766389 162.0279823524533
      vertex -42.952322941056714 0.7275842209888115 162.04668818625885
      vertex -43.27651882721854 1.119469728215484 162.37088407242067
    endloop
  endfacet
  facet normal 0 -0.6374239897486667 0.7705132427758083
    outer loop
      vertex -47 0.7049727521766389 162.0279823524533
      vertex -42.928244172420875 0.7049727521766389 162.0279823524533
      vertex -42.952322941056714 0.7275842209888115 162.04668818625885
    endloop
  endfacet
  facet normal 0 -0.728968627421416 0.6845471059286838
    outer loop
      vertex -42.928244172420875 0.7049727521766389 162.0279823524533
      vertex -47 0.7049727521766389 162.0279823524533
      vertex -42.581567158482194 0.37942136675805305 161.68130533851462
    endloop
  endfacet
  facet normal 5.472788681085212e-15 -0.7289686274214228 0.6845471059286768
    outer loop
      vertex -42.17009851966494 0.0804719017168396 161.36295649252276
      vertex -42.581567158482194 0.37942136675805305 161.68130533851462
      vertex -47 -0.7134685058005186 160.5174958308534
    endloop
  endfacet
  facet normal -2.2247045045090127e-16 -0.7289686274214063 0.6845471059286939
    outer loop
      vertex -41.724406130838545 -0.16454956248737895 161.10203513458725
      vertex -42.17009851966494 0.0804719017168396 161.36295649252276
      vertex -47 -0.7134685058005186 160.5174958308534
    endloop
  endfacet
  facet normal -1 0 0
    outer loop
      vertex -47 2.0740669640340172 160.57004509761046
      vertex -47 0.7049727521766389 162.0279823524533
      vertex -47 2.301543337174193 163.34878040718664
    endloop
  endfacet
  facet normal -1 0 0
    outer loop
      vertex -47 2.0740669640340172 160.57004509761046
      vertex -47 0.8275579797510595 159.242647851356
      vertex -47 0.7049727521766389 162.0279823524533
    endloop
  endfacet
  facet normal 4.486789339169416e-16 -0.7289686274214132 0.6845471059286868
    outer loop
      vertex -42.581567158482194 0.37942136675805305 161.68130533851462
      vertex -47 0.7049727521766389 162.0279823524533
      vertex -47 -0.7134685058005186 160.5174958308534
    endloop
  endfacet
  facet normal -1 0 0
    outer loop
      vertex -47 0.8275579797510595 159.242647851356
      vertex -47 -0.24275491977922137 157.76948852719545
      vertex -47 0.7049727521766389 162.0279823524533
    endloop
  endfacet
  facet normal -1 0 0
    outer loop
      vertex -47 -0.7134685058005186 160.5174958308534
      vertex -47 0.7049727521766389 162.0279823524533
      vertex -47 -0.24275491977922137 157.76948852719545
    endloop
  endfacet
  facet normal 3.8237380763683616e-14 -0.7289686274221415 0.6845471059279113
    outer loop
      vertex -47 -0.7134685058005186 160.5174958308534
      vertex -39.74569839590628 -0.5420082501344998 160.70008245805212
      vertex -40.25430160409372 -0.5420082501344998 160.70008245805215
    endloop
  endfacet
  facet normal 1.3817191541699074e-15 -0.7289686274214618 0.6845471059286351
    outer loop
      vertex -40.25430160409372 -0.5420082501344998 160.70008245805215
      vertex -40.75889432407219 -0.4782633654511885 160.76796386561386
      vertex -47 -0.7134685058005186 160.5174958308534
    endloop
  endfacet
  facet normal -1 0 0
    outer loop
      vertex -47 6.662193986072164 163.48175904537965
      vertex -47 5.014571725525127 162.70644686063602
      vertex -47 5.925944880702807 165.34131201715616
    endloop
  endfacet
  facet normal 0 -0.30901699437498825 0.9510565162951404
    outer loop
      vertex -39.74569839590628 7.5420082501345 165.86640283624502
      vertex -47 7.8966168617799015 165.98162215862243
      vertex -40.25430160409372 7.5420082501345 165.86640283624502
    endloop
  endfacet
  facet normal 2.1349644925331238e-14 -0.3090169943746207 0.9510565162952598
    outer loop
      vertex -47 7.8966168617799015 165.98162215862243
      vertex -40.75889432407219 7.478263365451189 165.84569086767735
      vertex -40.25430160409372 7.5420082501345 165.86640283624502
    endloop
  endfacet
  facet normal -9.77136737760556e-15 -0.3090169943750408 0.9510565162951231
    outer loop
      vertex -47 7.8966168617799015 165.98162215862243
      vertex -41.25151882721854 7.351778890995371 165.80459357065897
      vertex -40.75889432407219 7.478263365451189 165.84569086767735
    endloop
  endfacet
  facet normal -2.513198807579999e-15 -0.3090169943749716 0.9510565162951458
    outer loop
      vertex -47 7.8966168617799015 165.98162215862243
      vertex -41.724406130838545 7.1645495624873785 165.74375907411425
      vertex -41.25151882721854 7.351778890995371 165.80459357065897
    endloop
  endfacet
  facet normal 3.701344987967892e-15 -0.30901699437493096 0.9510565162951589
    outer loop
      vertex -47 7.8966168617799015 165.98162215862243
      vertex -42.17009851966494 6.919528098283161 165.66414677439448
      vertex -41.724406130838545 7.1645495624873785 165.74375907411425
    endloop
  endfacet
  facet normal -1.201209548693431e-15 -0.30901699437495306 0.9510565162951518
    outer loop
      vertex -47 7.8966168617799015 165.98162215862243
      vertex -42.581567158482194 6.620578633241947 165.5670122050243
      vertex -42.17009851966494 6.919528098283161 165.66414677439448
    endloop
  endfacet
  facet normal -3.3596266236498755e-15 -0.30901699437495966 0.9510565162951496
    outer loop
      vertex -47 7.8966168617799015 165.98162215862243
      vertex -42.952322941056714 6.2724157790111885 165.45388723618805
      vertex -42.581567158482194 6.620578633241947 165.5670122050243
    endloop
  endfacet
  facet normal 5.878776797124157e-15 -0.3090169943749388 0.9510565162951563
    outer loop
      vertex -47 7.8966168617799015 165.98162215862243
      vertex -43.23894859532312 5.925944880702807 165.34131201715616
      vertex -42.952322941056714 6.2724157790111885 165.45388723618805
    endloop
  endfacet
  facet normal 0 -0.42577929156493644 0.9048270524660836
    outer loop
      vertex -43.27651882721854 5.880530271784516 165.319941524354
      vertex -43.23894859532312 5.925944880702807 165.34131201715616
      vertex -47 5.925944880702807 165.34131201715616
    endloop
  endfacet
  facet normal 0 -0.30901699437494895 0.951056516295153
    outer loop
      vertex -47 7.8966168617799015 165.98162215862243
      vertex -47 5.925944880702807 165.34131201715616
      vertex -43.23894859532312 5.925944880702807 165.34131201715616
    endloop
  endfacet
  facet normal -1 0 0
    outer loop
      vertex -47 7.8966168617799015 165.98162215862243
      vertex -47 6.662193986072164 163.48175904537965
      vertex -47 5.925944880702807 165.34131201715616
    endloop
  endfacet
  facet normal -1 0 0
    outer loop
      vertex -47 7.743019789047389 163.83294063696306
      vertex -47 6.662193986072164 163.48175904537965
      vertex -47 7.8966168617799015 165.98162215862243
    endloop
  endfacet
  facet normal -3.747225763719872e-15 -0.7289686274213907 0.6845471059287109
    outer loop
      vertex -41.25151882721854 -0.35177889099537163 160.90265615038962
      vertex -41.724406130838545 -0.16454956248737895 161.10203513458725
      vertex -47 -0.7134685058005186 160.5174958308534
    endloop
  endfacet
  facet normal -2.0417335190108385e-15 -0.42577929156507327 0.9048270524660192
    outer loop
      vertex -43.54904205417765 5.451102380111947 165.1178680971766
      vertex -43.27651882721854 5.880530271784516 165.319941524354
      vertex -47 5.925944880702807 165.34131201715616
    endloop
  endfacet
  facet normal -5.34671445600079e-15 -0.425779291565093 0.90482705246601
    outer loop
      vertex -43.76559476784742 4.9909044383729455 164.9013153835068
      vertex -43.54904205417765 5.451102380111947 165.1178680971766
      vertex -47 5.925944880702807 165.34131201715616
    endloop
  endfacet
  facet normal 2.8272672574415505e-15 -0.4257792915650775 0.9048270524660172
    outer loop
      vertex -43.92276180257095 4.5071940430176625 164.67369854900156
      vertex -43.76559476784742 4.9909044383729455 164.9013153835068
      vertex -47 4.051064377321696 164.45906022072376
    endloop
  endfacet
  facet normal 0 -0.4257792915650617 0.9048270524660247
    outer loop
      vertex -43.92276180257095 4.5071940430176625 164.67369854900156
      vertex -47 4.051064377321696 164.45906022072376
      vertex -44.009773189837006 4.051064377321696 164.45906022072376
    endloop
  endfacet
  facet normal 0 -0.5358267949792671 0.8443279255018433
    outer loop
      vertex -44.018064540323635 4.007599595935432 164.43147663169248
      vertex -44.009773189837006 4.051064377321696 164.45906022072376
      vertex -47 4.051064377321696 164.45906022072376
    endloop
  endfacet
  facet normal 1.4826232897822117e-15 -0.42577929156507366 0.904827052466019
    outer loop
      vertex -43.76559476784742 4.9909044383729455 164.9013153835068
      vertex -47 5.925944880702807 165.34131201715616
      vertex -47 4.051064377321696 164.45906022072376
    endloop
  endfacet
  facet normal -1 0 0
    outer loop
      vertex -47 5.014571725525127 162.70644686063602
      vertex -47 4.051064377321696 164.45906022072376
      vertex -47 5.925944880702807 165.34131201715616
    endloop
  endfacet
  facet normal -1 0 0
    outer loop
      vertex -47 5.014571725525127 162.70644686063602
      vertex -47 3.47711384175914 161.73074641843675
      vertex -47 4.051064377321696 164.45906022072376
    endloop
  endfacet
  facet normal 7.552143021706873e-15 -0.7289686274213975 0.6845471059287035
    outer loop
      vertex -37.418432841517806 0.3794213667580544 161.68130533851462
      vertex -37.82990148033507 0.08047190171683827 161.36295649252278
      vertex -32.98124618538434 -0.7134685058005186 160.5174958308534
    endloop
  endfacet
  facet normal -7.048547743993706e-15 -0.7289686274214393 0.684547105928659
    outer loop
      vertex -37.82990148033507 0.08047190171683827 161.36295649252278
      vertex -38.275593869161455 -0.16454956248737895 161.10203513458725
      vertex -32.98124618538434 -0.7134685058005186 160.5174958308534
    endloop
  endfacet
  facet normal 3.736706782162593e-15 -0.7289686274213906 0.6845471059287109
    outer loop
      vertex -32.98124618538434 -0.7134685058005186 160.5174958308534
      vertex -38.275593869161455 -0.16454956248737895 161.10203513458725
      vertex -38.74848117278146 -0.35177889099537163 160.90265615038962
    endloop
  endfacet
  facet normal 0 -0.4257792915650384 -0.9048270524660356
    outer loop
      vertex -31.83467003193453 4.051064377321696 135.54093977927624
      vertex -31.86465944922128 4.527732515227296 135.31663677958593
      vertex -28 4.051064377321696 135.54093977927624
    endloop
  endfacet
  facet normal 9.01568531243371e-16 -0.1873813145857437 -0.9822872507286852
    outer loop
      vertex -27.618033988749893 9.175570504584947 133.7744043858479
      vertex -27.75261336008773 8.96350734820343 133.81485759644235
      vertex -33.36606064612543 8.319839068798279 133.93764388758336
    endloop
  endfacet
  facet normal 6.72636689922569e-15 -0.18738131458579269 -0.9822872507286757
    outer loop
      vertex -27.75261336008773 8.96350734820343 133.81485759644235
      vertex -27.859552971776502 8.736249105369357 133.85820942480123
      vertex -33.36606064612543 8.319839068798279 133.93764388758336
    endloop
  endfacet
  facet normal -1.2643676032848002e-15 -0.18738131458569068 -0.9822872507286952
    outer loop
      vertex -27.859552971776502 8.736249105369357 133.85820942480123
      vertex -27.937166322257262 8.49737977432971 133.90377618669416
      vertex -33.36606064612543 8.319839068798279 133.93764388758336
    endloop
  endfacet
  facet normal 5.442525551701918e-15 -0.18738131458580523 -0.9822872507286733
    outer loop
      vertex -33.09747566640234 7.896616861779895 134.0183778413776
      vertex -27.937166322257262 8.49737977432971 133.90377618669416
      vertex -27.984229402628955 8.250666467128609 133.95083926706587
    endloop
  endfacet
  facet normal 2.353428430188532e-15 -0.18738131458576213 -0.9822872507286815
    outer loop
      vertex -28 8 133.99865645302475
      vertex -33.09747566640234 7.896616861779895 134.0183778413776
      vertex -27.984229402628955 8.250666467128609 133.95083926706587
    endloop
  endfacet
  facet normal 0 -0.18738131458565016 -0.9822872507287028
    outer loop
      vertex -28 8 133.99865645302475
      vertex -28 7.896616861779895 134.0183778413776
      vertex -33.09747566640234 7.896616861779895 134.0183778413776
    endloop
  endfacet
  facet normal -5.896842282474427e-16 -0.0627905195289777 -0.9980267284282927
    outer loop
      vertex -26.125581039058627 9.996053456856544 133.62607762995597
      vertex -26.37476262917145 9.964574501457378 133.6280581179604
      vertex -47 9.932001646188983 133.6301074283111
    endloop
  endfacet
  facet normal 1.514138463942983e-15 -0.18738131458577265 -0.9822872507286796
    outer loop
      vertex -33.09747566640234 7.896616861779895 134.0183778413776
      vertex -33.36606064612543 8.319839068798279 133.93764388758336
      vertex -27.937166322257262 8.49737977432971 133.90377618669416
    endloop
  endfacet
  facet normal 0 -0.3090169943749386 -0.9510565162951564
    outer loop
      vertex -33.09747566640234 7.896616861779895 134.0183778413776
      vertex -28 7.896616861779895 134.0183778413776
      vertex -28 5.925944880702815 134.65868798284384
    endloop
  endfacet
  facet normal -8.299375294538512e-16 -0.42577929156507205 -0.9048270524660197
    outer loop
      vertex -28 5.925944880702815 134.65868798284384
      vertex -28 4.051064377321696 135.54093977927624
      vertex -31.87354013530305 4.566706280694374 135.29829711765277
    endloop
  endfacet
  facet normal -2.1722607407317906e-15 -0.3090169943749437 -0.9510565162951549
    outer loop
      vertex -33.09747566640234 7.896616861779895 134.0183778413776
      vertex -28 5.925944880702815 134.65868798284384
      vertex -37.418432841517806 6.620578633241946 134.43298779497573
    endloop
  endfacet
  facet normal -5.876957601905644e-14 -0.42577929156542854 -0.904827052465852
    outer loop
      vertex -31.86465944922128 4.527732515227296 135.31663677958593
      vertex -31.87354013530305 4.566706280694374 135.29829711765277
      vertex -28 4.051064377321696 135.54093977927624
    endloop
  endfacet
  facet normal 8.944684919772444e-16 -0.18738131458574359 -0.9822872507286851
    outer loop
      vertex -33.36606064612543 8.319839068798279 133.93764388758336
      vertex -27.45793725484282 9.369094211857377 133.73748776431452
      vertex -27.618033988749893 9.175570504584947 133.7744043858479
    endloop
  endfacet
  facet normal 0 -0.4257792915650741 -0.9048270524660189
    outer loop
      vertex -36.761051404676884 5.925944880702815 134.65868798284384
      vertex -28 5.925944880702815 134.65868798284384
      vertex -31.87354013530305 4.566706280694374 135.29829711765277
    endloop
  endfacet
  facet normal 0 -0.9921147013144778 -0.12533323356430487
    outer loop
      vertex -6.824784158376314 -4.467441019066481 148.96395642776633
      vertex -30.8 -4.467441019066481 148.96395642776633
      vertex -30.8 -4.207739637023362 146.90820830933555
    endloop
  endfacet
  facet normal -1.573234589713821e-16 -0.9297764858882523 -0.3681245526846759
    outer loop
      vertex -47 -2.9296463656893224 142.9746416891763
      vertex 8 -3.6924325188700333 144.90121959281336
      vertex -30.8 -3.296021639118172 143.9
    endloop
  endfacet
  facet normal 0 -0.876306680043865 -0.4817536741017128
    outer loop
      vertex -47 -2.9296463656893224 142.9746416891763
      vertex -46.12800324187177 -1.9314107707832466 141.15885788284655
      vertex 8 -2.9296463656893224 142.9746416891763
    endloop
  endfacet
  facet normal -2.303639609303474e-16 -0.7289686274214172 -0.6845471059286824
    outer loop
      vertex 2.7665018012627245 -0.7134685058005239 139.4825041691466
      vertex -39.24110567592781 -0.4782633654511885 139.23203613438616
      vertex -26.125581039058627 0.003946543143456438 138.71853473739995
    endloop
  endfacet
  facet normal 8.492901395013212e-16 -0.7289686274213273 -0.6845471059287785
    outer loop
      vertex 2.7665018012627245 -0.7134685058005239 139.4825041691466
      vertex -39.74569839590628 -0.5420082501344998 139.29991754194785
      vertex -39.24110567592781 -0.4782633654511885 139.23203613438616
    endloop
  endfacet
  facet normal 0 -0.7289686274214253 -0.6845471059286738
    outer loop
      vertex 2.7665018012627245 -0.7134685058005239 139.4825041691466
      vertex -40.25430160409372 -0.5420082501344998 139.29991754194785
      vertex -39.74569839590628 -0.5420082501344998 139.29991754194785
    endloop
  endfacet
  facet normal -4.091135815910382e-15 -0.6374239897487394 -0.7705132427757481
    outer loop
      vertex -27.618033988749893 0.8244294954150533 137.8731944351083
      vertex -27.519210776311514 0.7049727521766389 137.9720176475467
      vertex -36.72348117278146 1.119469728215484 137.62911592757933
    endloop
  endfacet
  facet normal 2.0509964379717426e-15 -0.6374239897486269 -0.7705132427758413
    outer loop
      vertex -27.75261336008773 1.0364926517965691 137.69776053505953
      vertex -27.618033988749893 0.8244294954150533 137.8731944351083
      vertex -36.72348117278146 1.119469728215484 137.62911592757933
    endloop
  endfacet
  facet normal 0 -0.728968627421373 -0.6845471059287298
    outer loop
      vertex -27.45793725484282 0.6309057881426234 138.05089095318414
      vertex -37.071755827579125 0.7049727521766389 137.9720176475467
      vertex -27.519210776311514 0.7049727521766389 137.9720176475467
    endloop
  endfacet
  facet normal -3.988114444316901e-15 -0.7289686274213448 -0.6845471059287598
    outer loop
      vertex -38.74848117278146 -0.35177889099537163 139.09734384961038
      vertex -26.618033988749893 0.09788696740969272 138.6184983461222
      vertex -26.37476262917145 0.035425498542622336 138.68501305465344
    endloop
  endfacet
  facet normal -1 0 0
    outer loop
      vertex -47 -1.931410770783252 158.84114211715342
      vertex -47 -2.9878649759051945 156.1
      vertex -47 -2.9296463656893224 157.0253583108237
    endloop
  endfacet
  facet normal -5.241801469219787e-15 -0.7289686274213795 0.6845471059287229
    outer loop
      vertex -40.75889432407219 -0.4782633654511885 160.76796386561386
      vertex -41.25151882721854 -0.35177889099537163 160.90265615038962
      vertex -47 -0.7134685058005186 160.5174958308534
    endloop
  endfacet
  facet normal 0 -0.8090169943749567 0.5877852522924605
    outer loop
      vertex -47 -0.7134685058005186 160.5174958308534
      vertex -46.63393935387457 -1.319839068798279 159.68289835083732
      vertex -32.98124618538434 -0.7134685058005186 160.5174958308534
    endloop
  endfacet
  facet normal 5.388338159254316e-16 -0.8090169943749456 0.5877852522924756
    outer loop
      vertex -47 -1.931410770783252 158.84114211715342
      vertex -33.36606064612567 -1.3198390687985593 159.68289835083692
      vertex -46.63393935387457 -1.319839068798279 159.68289835083732
    endloop
  endfacet
  facet normal 2.6931900082931117e-14 -0.8090169943749511 0.5877852522924681
    outer loop
      vertex -47 -0.7134685058005186 160.5174958308534
      vertex -47 -1.931410770783252 158.84114211715342
      vertex -46.63393935387457 -1.319839068798279 159.68289835083732
    endloop
  endfacet
  facet normal -1 0 0
    outer loop
      vertex -47 -0.24275491977922137 157.76948852719545
      vertex -47 -0.7430197890473895 156.85951010814472
      vertex -47 -0.7134685058005186 160.5174958308534
    endloop
  endfacet
  facet normal -1 0 0
    outer loop
      vertex -47 -0.7134685058005186 160.5174958308534
      vertex -47 -1.119992260757284 156.17379972769356
      vertex -47 -1.931410770783252 158.84114211715342
    endloop
  endfacet
  facet normal -2.0145103277462123e-16 -0.9297764858882512 0.36812455268467864
    outer loop
      vertex -45.07349577727103 -2.9296463656893224 157.0253583108237
      vertex -44.502134188753 -3.2960216391181723 156.1
      vertex -32.04288481029874 -3.296021639118175 156.1
    endloop
  endfacet
  facet normal -1 0 0
    outer loop
      vertex -47 -0.7430197890473895 156.85951010814472
      vertex -47 -1.119992260757284 156.17379972769356
      vertex -47 -0.7134685058005186 160.5174958308534
    endloop
  endfacet
  facet normal -6.0787606265724775e-15 -0.8763066800438628 0.48175367410171654
    outer loop
      vertex -47 -1.931410770783252 158.84114211715342
      vertex -47 -2.9296463656893224 157.0253583108237
      vertex -45.977542744855576 -2.1132862686152443 158.51031181475116
    endloop
  endfacet
  facet normal -1 0 0
    outer loop
      vertex -47 -2.9878649759051945 156.1
      vertex -47 -1.931410770783252 158.84114211715342
      vertex -47 -1.119992260757284 156.17379972769356
    endloop
  endfacet
  facet normal -1 0 0
    outer loop
      vertex -47 -1.119992260757284 156.17379972769356
      vertex -47 -1.1492116399928127 156.1
      vertex -47 -2.9878649759051945 156.1
    endloop
  endfacet
  facet normal -5.254021035875322e-15 -0.8763066800438631 0.4817536741017162
    outer loop
      vertex -47 -2.9296463656893224 157.0253583108237
      vertex -45.226876715939255 -2.818208590761472 157.2280628709095
      vertex -45.977542744855576 -2.1132862686152443 158.51031181475116
    endloop
  endfacet
  facet normal 1 0 0
    outer loop
      vertex 8 4.051064377321696 135.54093977927624
      vertex 8 5.160677711817885 141.35657240279113
      vertex 8 4.941019335123761 141.36347544537577
    endloop
  endfacet
  facet normal 0 -0.8763066800438826 0.4817536741016808
    outer loop
      vertex -45.07349577727103 -2.9296463656893224 157.0253583108237
      vertex -45.226876715939255 -2.818208590761472 157.2280628709095
      vertex -47 -2.9296463656893224 157.0253583108237
    endloop
  endfacet
  facet normal 0 -0.9297764858882511 0.3681245526846787
    outer loop
      vertex -45.07349577727103 -2.9296463656893224 157.0253583108237
      vertex -47 -2.9296463656893224 157.0253583108237
      vertex -44.502134188753 -3.2960216391181723 156.1
    endloop
  endfacet
  facet normal -1.16113603386639e-15 -0.9297764858882522 0.36812455268467603
    outer loop
      vertex -47 -2.9296463656893224 157.0253583108237
      vertex -47 -3.296021639118169 156.1
      vertex -44.502134188753 -3.2960216391181723 156.1
    endloop
  endfacet
  facet normal -1 0 0
    outer loop
      vertex -47 -2.9296463656893224 157.0253583108237
      vertex -47 -2.9878649759051945 156.1
      vertex -47 -3.296021639118169 156.1
    endloop
  endfacet
  facet normal 4.688807671358521e-16 -0.06279051952932134 -0.998026728428271
    outer loop
      vertex -26.125581039058627 9.996053456856544 133.62607762995597
      vertex -47 9.932001646188983 133.6301074283111
      vertex 8 12 133.5
    endloop
  endfacet
  facet normal 0 -0.06279051952930892 -0.9980267284282719
    outer loop
      vertex -47 9.932001646188983 133.6301074283111
      vertex -47 12 133.5
      vertex 8 12 133.5
    endloop
  endfacet
  facet normal -8.818403794850039e-13 -0.187381314582105 -0.9822872507293792
    outer loop
      vertex -33.36606064612543 8.319839068798279 133.93764388758336
      vertex -26.50162552449269 9.932001646188983 133.6301074283111
      vertex -26.618033988749893 9.902113032590307 133.6358089862852
    endloop
  endfacet
  facet normal 9.494651583537204e-14 -0.18738131458611998 -0.9822872507286132
    outer loop
      vertex -33.36606064612543 8.319839068798279 133.93764388758336
      vertex -26.618033988749893 9.902113032590307 133.6358089862852
      vertex -26.851558583130146 9.80965410493204 133.65344647002223
    endloop
  endfacet
  facet normal -3.2912533122704815e-14 -0.18738131458557475 -0.9822872507287173
    outer loop
      vertex -33.36606064612543 8.319839068798279 133.93764388758336
      vertex -27.071653589957993 9.688655851004029 133.67652812140963
      vertex -27.27484797949738 9.54102648555158 133.70468992901672
    endloop
  endfacet
  facet normal -1.1845070409841778e-16 -0.18738131458572024 -0.9822872507286895
    outer loop
      vertex -33.36606064612543 8.319839068798279 133.93764388758336
      vertex -26.851558583130146 9.80965410493204 133.65344647002223
      vertex -27.071653589957993 9.688655851004029 133.67652812140963
    endloop
  endfacet
  facet normal -9.267938198342352e-15 -0.18738131458568852 -0.9822872507286955
    outer loop
      vertex -33.36606064612543 8.319839068798279 133.93764388758336
      vertex -27.27484797949738 9.54102648555158 133.70468992901672
      vertex -27.45793725484282 9.369094211857377 133.73748776431452
    endloop
  endfacet
  facet normal 0 -0.9685831611286315 -0.2486898871648533
    outer loop
      vertex 8 -4.207739637023362 146.90820830933555
      vertex -30.8 -3.6924325188700333 144.90121959281336
      vertex 8 -3.6924325188700333 144.90121959281336
    endloop
  endfacet
  facet normal 1.356085401587091e-13 -0.8090169943747365 -0.5877852522927635
    outer loop
      vertex 8 -1.9314107707832466 141.15885788284655
      vertex 3.1345071272520397 -0.8569726534668045 139.6800206835071
      vertex 3.260398145527166 -0.8727066218927891 139.7016766331859
    endloop
  endfacet
  facet normal 6.595058268660139e-15 -0.7289686274213905 -0.684547105928711
    outer loop
      vertex 8 -0.7134685058005239 139.4825041691466
      vertex 4.163518553087726 -0.35658600753771874 139.1024629087918
      vertex 4.209725322987985 -0.2429876608765809 138.98149295635798
    endloop
  endfacet
  facet normal -7.808089024661023e-15 -0.7289686274214628 -0.6845471059286341
    outer loop
      vertex 8 -0.7134685058005239 139.4825041691466
      vertex 4.103006277593312 -0.46258886865405285 139.2153444906457
      vertex 4.163518553087726 -0.35658600753771874 139.1024629087918
    endloop
  endfacet
  facet normal -9.635147442946293e-16 -0.992114701314476 -0.12533323356431808
    outer loop
      vertex 8 -4.207739637023362 146.90820830933555
      vertex -4.6064992393699775 -4.337731110125655 147.93719677346976
      vertex -4.868139908988441 -4.333555557412458 147.90414387030063
    endloop
  endfacet
  facet normal 6.570614543917704e-16 -0.9921147013144787 -0.12533323356429799
    outer loop
      vertex 8 -4.207739637023362 146.90820830933555
      vertex -4.35106431181261 -4.3460163645914 148.00278131578017
      vertex -4.6064992393699775 -4.337731110125655 147.93719677346976
    endloop
  endfacet
  facet normal 1.0133073384688596e-15 -0.9921147013144791 -0.12533323356429413
    outer loop
      vertex 8 -4.207739637023362 146.90820830933555
      vertex -4.105863487713348 -4.358280657397405 148.09986318982135
      vertex -4.35106431181261 -4.3460163645914 148.00278131578017
    endloop
  endfacet
  facet normal -1.093317950756766e-15 -0.9921147013144764 -0.125333233564315
    outer loop
      vertex 8 -4.207739637023362 146.90820830933555
      vertex -3.8747637305441076 -4.374330573319785 148.22691135644575
      vertex -4.105863487713348 -4.358280657397405 148.09986318982135
    endloop
  endfacet
  facet normal 7.915579506647186e-16 -0.9921147013144787 -0.12533323356429843
    outer loop
      vertex 8 -4.207739637023362 146.90820830933555
      vertex -3.661409621527751 -4.393912995596689 148.38192219017085
      vertex -3.8747637305441076 -4.374330573319785 148.22691135644575
    endloop
  endfacet
  facet normal -3.6090076559368176e-15 -0.7289686274214288 -0.6845471059286703
    outer loop
      vertex 4.209725322987985 -0.2429876608765809 138.98149295635798
      vertex 4.240897878930181 -0.1235853424578472 138.854342401758
      vertex 8 -0.7134685058005239 139.4825041691466
    endloop
  endfacet
  facet normal -2.357088190758888e-16 -0.9921147013144783 -0.12533323356430057
    outer loop
      vertex -3.4691658824150355 -4.416719097730832 148.56245107754975
      vertex -3.661409621527751 -4.393912995596689 148.38192219017085
      vertex 8 -4.467441019066481 148.96395642776633
    endloop
  endfacet
  facet normal 4.527709051313793e-15 -0.728968627421373 -0.6845471059287296
    outer loop
      vertex 8 -0.7134685058005239 139.4825041691466
      vertex 4.029142811237583 -0.5593245157827386 139.31835749194155
      vertex 4.103006277593312 -0.46258886865405285 139.2153444906457
    endloop
  endfacet
  facet normal 0 -0.7289686274213909 -0.6845471059287106
    outer loop
      vertex 8 -0.7134685058005239 139.4825041691466
      vertex 3.8535572993683957 -0.7134685058005239 139.4825041691466
      vertex 3.9430930250088565 -0.6452673699814822 139.40987733611203
    endloop
  endfacet
  facet normal -2.317851710139609e-15 -0.7289686274214555 -0.6845471059286419
    outer loop
      vertex 8 -0.7134685058005239 139.4825041691466
      vertex 3.9430930250088565 -0.6452673699814822 139.40987733611203
      vertex 4.029142811237583 -0.5593245157827386 139.31835749194155
    endloop
  endfacet
  facet normal 1 0 0
    outer loop
      vertex 8 2.301543337174193 136.65121959281336
      vertex 8 3.3978545500383532 142.7239582109872
      vertex 8 3.363475445375771 142.94101933512377
    endloop
  endfacet
  facet normal 0 -0.8090169943749453 -0.5877852522924758
    outer loop
      vertex 8 -1.9314107707832466 141.15885788284655
      vertex 3.260398145527166 -0.8727066218927891 139.7016766331859
      vertex 3.3859791845857945 -0.8727066218927891 139.7016766331859
    endloop
  endfacet
  facet normal 3.767399644361084e-15 -0.7289686274213895 -0.6845471059287123
    outer loop
      vertex -14.657999616410459 0.7049727521766389 137.9720176475467
      vertex 2.668245045511474 -0.6452673699814825 139.40987733611203
      vertex 2.7665018012627245 -0.7134685058005239 139.4825041691466
    endloop
  endfacet
  facet normal -7.827823196946473e-15 -0.7289686274214598 -0.6845471059286371
    outer loop
      vertex 2.571205556394756 -0.5593245157827387 139.31835749194155
      vertex 2.668245045511474 -0.6452673699814825 139.40987733611203
      vertex -14.657999616410459 0.7049727521766389 137.9720176475467
    endloop
  endfacet
  facet normal -7.854794987409994e-15 -0.7289686274214672 -0.6845471059286293
    outer loop
      vertex 2.4109051929999934 -0.35658600753771874 139.1024629087918
      vertex 2.48497228884342 -0.4625888686540529 139.2153444906457
      vertex -14.657999616410459 0.7049727521766389 137.9720176475467
    endloop
  endfacet
  facet normal 2.8025721854963415e-15 -0.7289686274213869 -0.6845471059287149
    outer loop
      vertex 2.3501723512114814 -0.2429876608765804 138.98149295635798
      vertex 2.4109051929999934 -0.35658600753771874 139.1024629087918
      vertex -14.657999616410459 0.7049727521766389 137.9720176475467
    endloop
  endfacet
  facet normal 6.513642034692688e-15 -0.7289686274213684 -0.6845471059287346
    outer loop
      vertex 2.48497228884342 -0.4625888686540529 139.2153444906457
      vertex 2.571205556394756 -0.5593245157827387 139.31835749194155
      vertex -14.657999616410459 0.7049727521766389 137.9720176475467
    endloop
  endfacet
  facet normal 3.7400161043555546e-15 -0.7289686274213388 -0.6845471059287661
    outer loop
      vertex -14.657999616410459 0.7049727521766389 137.9720176475467
      vertex 2.2719396433518595 0.37365972396465225 138.32483018788295
      vertex 2.2562929111965153 0.25033647967727535 138.45615610444693
    endloop
  endfacet
  facet normal 7.248314326064714e-16 -0.7289686274214113 -0.6845471059286888
    outer loop
      vertex 2.27231520845657 -0.000262098170470722 138.72301648519402
      vertex -14.657999616410459 0.7049727521766389 137.9720176475467
      vertex 2.2564187611410214 0.1250371907534023 138.5895862948205
    endloop
  endfacet
  facet normal 6.208412229592921e-16 -0.7289686274214123 -0.6845471059286876
    outer loop
      vertex 2.27231520845657 -0.000262098170470722 138.72301648519402
      vertex 2.3037315566729197 -0.12358534245784762 138.85434240175803
      vertex -14.657999616410459 0.7049727521766389 137.9720176475467
    endloop
  endfacet
  facet normal -4.590212795766275e-15 -0.7289686274214839 -0.6845471059286116
    outer loop
      vertex -14.657999616410459 0.7049727521766389 137.9720176475467
      vertex 2.2562929111965153 0.25033647967727535 138.45615610444693
      vertex 2.2564187611410214 0.1250371907534023 138.5895862948205
    endloop
  endfacet
  facet normal -1.0964107837676183e-15 -0.7289686274214673 -0.6845471059286294
    outer loop
      vertex -14.657999616410459 0.7049727521766389 137.9720176475467
      vertex 2.349318969194315 0.6066603890445235 138.07670968084912
      vertex 2.3031121992940573 0.493062042383385 138.19767963328297
    endloop
  endfacet
  facet normal 0 -0.7289686274213785 -0.6845471059287239
    outer loop
      vertex -14.657999616410459 0.7049727521766389 137.9720176475467
      vertex 2.4054410845759793 0.7049727521766389 137.9720176475467
      vertex 2.349318969194315 0.6066603890445235 138.07670968084912
    endloop
  endfacet
  facet normal 6.694211117822823e-15 -0.7289686274213543 -0.6845471059287497
    outer loop
      vertex 2.3037315566729197 -0.12358534245784762 138.85434240175803
      vertex 2.3501723512114814 -0.2429876608765804 138.98149295635798
      vertex -14.657999616410459 0.7049727521766389 137.9720176475467
    endloop
  endfacet
  facet normal 2.0180498055301415e-15 -0.6374239897486648 -0.7705132427758098
    outer loop
      vertex 2.4054410845759793 0.7049727521766389 137.9720176475467
      vertex -9.148441416869854 1.1903458950679608 137.5704820631042
      vertex -8.928346410042007 1.3113441489959694 137.47038360211792
    endloop
  endfacet
  facet normal 2.5709208077930136e-16 -0.6374239897486932 -0.7705132427757865
    outer loop
      vertex 2.4054410845759793 0.7049727521766389 137.9720176475467
      vertex -9.62523737082855 1.0354254985426228 137.69864336100855
      vertex -9.381966011250105 1.0978869674096927 137.6469707401106
    endloop
  endfacet
  facet normal 1.0439683883700975e-14 -0.6374239897487086 -0.7705132427757735
    outer loop
      vertex 8 2.301543337174193 136.65121959281336
      vertex 3.943121468732862 0.8094052085740857 137.8856236061201
      vertex 3.847307842408914 0.8953532569682735 137.8145211968725
    endloop
  endfacet
  facet normal 1.4064714300159455e-15 -0.7289686274214139 -0.6845471059286863
    outer loop
      vertex 4.240897878930181 -0.1235853424578472 138.854342401758
      vertex 4.256544611085526 -0.00026209817047072255 138.723016485194
      vertex 8 -0.7134685058005239 139.4825041691466
    endloop
  endfacet
  facet normal -8.230810934047443e-15 -0.7289686274213566 -0.6845471059287473
    outer loop
      vertex 4.209105965609122 0.3736597239646522 138.32483018788292
      vertex 4.16266517107056 0.49306204238338514 138.19767963328297
      vertex 8 0.7049727521766389 137.9720176475467
    endloop
  endfacet
  facet normal 1.5763295577659813e-14 -0.7289686274214853 -0.6845471059286102
    outer loop
      vertex 4.240522313825473 0.2503364796772755 138.45615610444696
      vertex 4.209105965609122 0.3736597239646522 138.32483018788292
      vertex 8 0.7049727521766389 137.9720176475467
    endloop
  endfacet
  facet normal -2.1868668422745402e-14 -0.7289686274213395 -0.6845471059287654
    outer loop
      vertex 4.256418761141021 0.12503719075340233 138.58958629482046
      vertex 4.240522313825473 0.2503364796772755 138.45615610444696
      vertex 8 0.7049727521766389 137.9720176475467
    endloop
  endfacet
  facet normal 4.789321586533479e-15 -0.7289686274214671 -0.6845471059286296
    outer loop
      vertex 4.16266517107056 0.49306204238338514 138.19767963328297
      vertex 4.101932329282047 0.6066603890445234 138.07670968084912
      vertex 8 0.7049727521766389 137.9720176475467
    endloop
  endfacet
  facet normal 0 -0.728968627421378 -0.6845471059287244
    outer loop
      vertex 4.101932329282047 0.6066603890445234 138.07670968084912
      vertex 4.033238794541425 0.7049727521766389 137.9720176475467
      vertex 8 0.7049727521766389 137.9720176475467
    endloop
  endfacet
  facet normal 2.430897645581577e-15 -0.7289686274214112 -0.684547105928689
    outer loop
      vertex 4.256544611085526 -0.00026209817047072255 138.723016485194
      vertex 4.256418761141021 0.12503719075340233 138.58958629482046
      vertex 8 -0.7134685058005239 139.4825041691466
    endloop
  endfacet
  facet normal 2.1039348437455863e-15 -0.7289686274214119 -0.6845471059286884
    outer loop
      vertex 4.256418761141021 0.12503719075340233 138.58958629482046
      vertex 8 0.7049727521766389 137.9720176475467
      vertex 8 -0.7134685058005239 139.4825041691466
    endloop
  endfacet
  facet normal 1 0 0
    outer loop
      vertex 8 2.301543337174193 136.65121959281336
      vertex 8 4.051064377321696 135.54093977927624
      vertex 8 3.546447466101517 142.31122550888696
    endloop
  endfacet
  facet normal 1 0 0
    outer loop
      vertex 8 2.301543337174193 136.65121959281336
      vertex 8 3.546447466101517 142.31122550888696
      vertex 8 3.4591675377612656 142.5129175230019
    endloop
  endfacet
  facet normal 1 0 0
    outer loop
      vertex 8 2.301543337174193 136.65121959281336
      vertex 8 3.4591675377612656 142.5129175230019
      vertex 8 3.3978545500383532 142.7239582109872
    endloop
  endfacet
  facet normal 1 0 0
    outer loop
      vertex 8 3.658317878450678 142.12206297218992
      vertex 8 3.546447466101517 142.31122550888696
      vertex 8 4.051064377321696 135.54093977927624
    endloop
  endfacet
  facet normal 0 -0.637423989748687 -0.7705132427757917
    outer loop
      vertex 8 2.301543337174193 136.65121959281336
      vertex 8 0.7049727521766389 137.9720176475467
      vertex 4.033238794541425 0.7049727521766389 137.9720176475467
    endloop
  endfacet
  facet normal -1.7425530443779163e-14 -0.6374239897486536 -0.7705132427758191
    outer loop
      vertex 8 2.301543337174193 136.65121959281336
      vertex 3.628993260590878 1.029638805192871 137.70343053007676
      vertex 3.5099352564668727 1.0758585417094804 137.66519423870633
    endloop
  endfacet
  facet normal -1.4962087964133403e-16 -0.7289686274214319 -0.6845471059286671
    outer loop
      vertex -14.657999616410459 0.7049727521766389 137.9720176475467
      vertex 2.3031121992940573 0.493062042383385 138.19767963328297
      vertex 2.2719396433518595 0.37365972396465225 138.32483018788295
    endloop
  endfacet
  facet normal -1.4831915283223864e-14 -0.6374239897486665 -0.7705132427758082
    outer loop
      vertex 8 2.301543337174193 136.65121959281336
      vertex 4.027974928368171 0.7126637149574944 137.96565512980058
      vertex 3.943121468732862 0.8094052085740857 137.8856236061201
    endloop
  endfacet
  facet normal -2.550121681809934e-13 -0.6374239897483114 -0.7705132427761022
    outer loop
      vertex 8 2.301543337174193 136.65121959281336
      vertex 4.033238794541425 0.7049727521766389 137.9720176475467
      vertex 4.027974928368171 0.7126637149574944 137.96565512980058
    endloop
  endfacet
  facet normal -2.898624029353888e-14 -0.637423989748639 -0.770513242775831
    outer loop
      vertex 8 2.301543337174193 136.65121959281336
      vertex 3.847307842408914 0.8953532569682735 137.8145211968725
      vertex 3.742045087519746 0.9691524080740065 137.75346922952616
    endloop
  endfacet
  facet normal 3.604704237093286e-14 -0.6374239897487621 -0.7705132427757294
    outer loop
      vertex 8 2.301543337174193 136.65121959281336
      vertex 3.742045087519746 0.9691524080740065 137.75346922952616
      vertex 3.628993260590878 1.029638805192871 137.70343053007676
    endloop
  endfacet
  facet normal 4.52418077467133e-14 -0.6374239897487899 -0.7705132427757063
    outer loop
      vertex 8 2.301543337174193 136.65121959281336
      vertex 3.5099352564668727 1.0758585417094804 137.66519423870633
      vertex 3.386748690994569 1.1070827047686356 137.639363364571
    endloop
  endfacet
  facet normal 8.464107806847167e-15 -0.6374239897487064 -0.7705132427757753
    outer loop
      vertex 8 2.301543337174193 136.65121959281336
      vertex 3.386748690994569 1.1070827047686356 137.639363364571
      vertex 3.2613762898995438 1.1228188706664826 137.62634527598655
    endloop
  endfacet
  facet normal 1.789815051529979e-16 -0.5358267949789977 -0.8443279255020143
    outer loop
      vertex -8.015770597371045 3.2506664671286085 136.04888773879878
      vertex 8 4.051064377321696 135.54093977927624
      vertex 8 2.301543337174193 136.65121959281336
    endloop
  endfacet
  facet normal 0 -0.8090169943749488 -0.5877852522924712
    outer loop
      vertex 3.8535572993683957 -0.7134685058005239 139.4825041691466
      vertex 8 -0.7134685058005239 139.4825041691466
      vertex 8 -1.9314107707832466 141.15885788284655
    endloop
  endfacet
  facet normal 1.8807805012730395e-13 -0.8090169943747274 -0.5877852522927758
    outer loop
      vertex 3.846318548735893 -0.7190616180044178 139.4902024276632
      vertex 3.8535572993683957 -0.7134685058005239 139.4825041691466
      vertex 8 -1.9314107707832466 141.15885788284655
    endloop
  endfacet
  facet normal 2.370497469586527e-15 -0.809016994374946 -0.5877852522924754
    outer loop
      vertex 3.6283254950721564 -0.8257528506959302 139.6370503114126
      vertex 3.7412688204128575 -0.7795395685196692 139.57344318533956
      vertex 8 -1.9314107707832466 141.15885788284655
    endloop
  endfacet
  facet normal -1.9897161847399338e-14 -0.8090169943749763 -0.5877852522924333
    outer loop
      vertex 3.5092697564234916 -0.8569726534668044 139.6800206835071
      vertex 3.6283254950721564 -0.8257528506959302 139.6370503114126
      vertex 8 -1.9314107707832466 141.15885788284655
    endloop
  endfacet
  facet normal -1.3057898363995023e-14 -0.8090169943749657 -0.5877852522924482
    outer loop
      vertex 3.7412688204128575 -0.7795395685196692 139.57344318533956
      vertex 3.846318548735893 -0.7190616180044178 139.4902024276632
      vertex 8 -1.9314107707832466 141.15885788284655
    endloop
  endfacet
  facet normal -3.902382991417331e-14 -0.809016994375004 -0.5877852522923953
    outer loop
      vertex 3.3859791845857945 -0.8727066218927891 139.7016766331859
      vertex 3.5092697564234916 -0.8569726534668044 139.6800206835071
      vertex 8 -1.9314107707832466 141.15885788284655
    endloop
  endfacet
  facet normal 7.304916858154728e-16 -0.42577929156508254 -0.9048270524660148
    outer loop
      vertex -8.928346410042007 4.688655851004031 135.24091200575586
      vertex -9.148441416869854 4.809654104932039 135.1839745493683
      vertex 8 5.925944880702815 134.65868798284384
    endloop
  endfacet
  facet normal 1 0 0
    outer loop
      vertex 8 -3.6924325188700333 144.90121959281336
      vertex 8 -2.9296463656893224 142.9746416891763
      vertex 8 -3.6924325188700333 155.09878040718664
    endloop
  endfacet
  facet normal 1 0 0
    outer loop
      vertex 8 -2.9296463656893224 142.9746416891763
      vertex 8 -1.9314107707832466 141.15885788284655
      vertex 8 -2.9296463656893224 157.0253583108237
    endloop
  endfacet
  facet normal 1 0 0
    outer loop
      vertex 8 -4.207739637023362 146.90820830933555
      vertex 8 -3.6924325188700333 144.90121959281336
      vertex 8 -4.207739637023362 153.09179169066445
    endloop
  endfacet
  facet normal 1 0 0
    outer loop
      vertex 8 -4.467441019066481 148.96395642776633
      vertex 8 -4.207739637023362 146.90820830933555
      vertex 8 -4.467441019066481 151.03604357223367
    endloop
  endfacet
  facet normal 1 0 0
    outer loop
      vertex 8 -1.9314107707832466 141.15885788284655
      vertex 8 -0.7134685058005239 139.4825041691466
      vertex 8 -1.931410770783252 158.84114211715342
    endloop
  endfacet
  facet normal 1 0 0
    outer loop
      vertex 8 0.7049727521766389 137.9720176475467
      vertex 8 2.301543337174193 136.65121959281336
      vertex 8 0.7049727521766389 162.0279823524533
    endloop
  endfacet
  facet normal 1 0 0
    outer loop
      vertex 8 -0.7134685058005239 139.4825041691466
      vertex 8 0.7049727521766389 137.9720176475467
      vertex 8 -0.7134685058005186 160.5174958308534
    endloop
  endfacet
  facet normal 1 0 0
    outer loop
      vertex 8 2.301543337174193 136.65121959281336
      vertex 8 3.363475445375771 142.94101933512377
      vertex 8 2.301543337174193 163.34878040718664
    endloop
  endfacet
  facet normal 1 0 0
    outer loop
      vertex 8 3.5994103361742606 143.9965313609943
      vertex 8 3.7229376117737036 144.17829622732387
      vertex 8 3.5994103361742606 156.0034686390057
    endloop
  endfacet
  facet normal 1 0 0
    outer loop
      vertex 8 2.301543337174193 163.34878040718664
      vertex 8 3.363475445375771 142.94101933512377
      vertex 8 3.35657240279113 143.1606777118179
    endloop
  endfacet
  facet normal 1 0 0
    outer loop
      vertex 8 2.301543337174193 163.34878040718664
      vertex 8 3.35657240279113 143.1606777118179
      vertex 8 3.37725428738967 143.37946919725155
    endloop
  endfacet
  facet normal 0 -0.4257792915650666 -0.9048270524660225
    outer loop
      vertex -9.381966011250105 4.902113032590307 135.1404666805331
      vertex -12.65822792521013 5.925944880702815 134.65868798284384
      vertex 8 5.925944880702815 134.65868798284384
    endloop
  endfacet
  facet normal 0 -0.5358267949789444 -0.8443279255020483
    outer loop
      vertex -8.247386639912273 3.9635073482034304 135.59650515959032
      vertex -8.302952020226359 4.051064377321696 135.54093977927624
      vertex 8 4.051064377321696 135.54093977927624
    endloop
  endfacet
  facet normal 1.2021042619423432e-14 -0.4257792915651577 -0.9048270524659795
    outer loop
      vertex -8.381966011250105 4.175570504584947 135.48235164299408
      vertex 8 5.925944880702815 134.65868798284384
      vertex -8.302952020226359 4.051064377321696 135.54093977927624
    endloop
  endfacet
  facet normal 5.138539433624171e-15 -0.42577929156513794 -0.9048270524659887
    outer loop
      vertex -9.148441416869854 4.809654104932039 135.1839745493683
      vertex -9.381966011250105 4.902113032590307 135.1404666805331
      vertex 8 5.925944880702815 134.65868798284384
    endloop
  endfacet
  facet normal -1.0111910707973267e-14 -0.6374239897489176 -0.7705132427756006
    outer loop
      vertex 2.4054410845759793 0.7049727521766389 137.9720176475467
      vertex -9.874418960941373 1.0039465431434569 137.72468501769882
      vertex -9.62523737082855 1.0354254985426228 137.69864336100855
    endloop
  endfacet
  facet normal -1.835250252572366e-15 -0.4257792915650538 -0.9048270524660283
    outer loop
      vertex -8.72515202050262 4.541026485551578 135.3103811119958
      vertex -8.928346410042007 4.688655851004031 135.24091200575586
      vertex 8 5.925944880702815 134.65868798284384
    endloop
  endfacet
  facet normal -6.856163409624144e-15 -0.4257792915650131 -0.9048270524660476
    outer loop
      vertex -8.381966011250105 4.175570504584947 135.48235164299408
      vertex -8.542062745157176 4.3690942118573775 135.3912862987839
      vertex 8 5.925944880702815 134.65868798284384
    endloop
  endfacet
  facet normal 6.179867589361503e-16 -0.42577929156507804 -0.904827052466017
    outer loop
      vertex -8.542062745157176 4.3690942118573775 135.3912862987839
      vertex -8.72515202050262 4.541026485551578 135.3103811119958
      vertex 8 5.925944880702815 134.65868798284384
    endloop
  endfacet
  facet normal 5.950948154816053e-16 -0.5358267949790231 -0.8443279255019982
    outer loop
      vertex -8.140447028223498 3.736249105369356 135.7407276260188
      vertex -8.247386639912273 3.9635073482034304 135.59650515959032
      vertex 8 4.051064377321696 135.54093977927624
    endloop
  endfacet
  facet normal 0 -0.3090169943749386 -0.9510565162951564
    outer loop
      vertex 8 5.925944880702815 134.65868798284384
      vertex -12.65822792521013 5.925944880702815 134.65868798284384
      vertex 8 7.896616861779895 134.0183778413776
    endloop
  endfacet
  facet normal 0 -0.06279051952930892 -0.9980267284282718
    outer loop
      vertex 8 12 133.5
      vertex 8 9.932001646188983 133.6301074283111
      vertex -25.49837447550731 9.932001646188983 133.6301074283111
    endloop
  endfacet
  facet normal 0 -0.18738131458573484 -0.9822872507286867
    outer loop
      vertex 8 7.896616861779895 134.0183778413776
      vertex -18.964378264656787 7.896616861779895 134.0183778413776
      vertex 8 9.932001646188983 133.6301074283111
    endloop
  endfacet
  facet normal 0 -0.4257792915650721 -0.9048270524660198
    outer loop
      vertex 8 5.925944880702815 134.65868798284384
      vertex 8 4.051064377321696 135.54093977927624
      vertex -8.302952020226359 4.051064377321696 135.54093977927624
    endloop
  endfacet
  facet normal 1 0 0
    outer loop
      vertex 8 4.051064377321696 135.54093977927624
      vertex 8 5.925944880702815 134.65868798284384
      vertex 8 5.379469197251566 141.37725428738966
    endloop
  endfacet
  facet normal 1 0 0
    outer loop
      vertex 8 5.925944880702815 134.65868798284384
      vertex 8 7.896616861779895 134.0183778413776
      vertex 8 6.343145750507619 141.8682720163547
    endloop
  endfacet
  facet normal 1 0 0
    outer loop
      vertex 8 4.122062972189933 141.65831787845067
      vertex 8 3.94841311911477 141.79301451157787
      vertex 8 4.051064377321696 135.54093977927624
    endloop
  endfacet
  facet normal 1 0 0
    outer loop
      vertex 8 4.122062972189933 141.65831787845067
      vertex 8 4.051064377321696 135.54093977927624
      vertex 8 4.311225508886954 141.5464474661015
    endloop
  endfacet
  facet normal 1 0 0
    outer loop
      vertex 8 4.311225508886954 141.5464474661015
      vertex 8 4.051064377321696 135.54093977927624
      vertex 8 4.512917523001901 141.45916753776126
    endloop
  endfacet
  facet normal 1 0 0
    outer loop
      vertex 8 4.512917523001901 141.45916753776126
      vertex 8 4.051064377321696 135.54093977927624
      vertex 8 4.723958210987211 141.39785455003835
    endloop
  endfacet
  facet normal 1 0 0
    outer loop
      vertex 8 4.723958210987211 141.39785455003835
      vertex 8 4.051064377321696 135.54093977927624
      vertex 8 4.941019335123761 141.36347544537577
    endloop
  endfacet
  facet normal 1.1221458084736505e-15 -0.6374239897486778 -0.7705132427757991
    outer loop
      vertex 2.4054410845759793 0.7049727521766389 137.9720176475467
      vertex -9.381966011250105 1.0978869674096927 137.6469707401106
      vertex -9.148441416869854 1.1903458950679608 137.5704820631042
    endloop
  endfacet
  facet normal -1.140752021953993e-18 -0.9921147013144774 -0.12533323356430717
    outer loop
      vertex -3.30106431181261 -4.4423892138678625 148.76565097018582
      vertex -3.4691658824150355 -4.416719097730832 148.56245107754975
      vertex 8 -4.467441019066481 148.96395642776633
    endloop
  endfacet
  facet normal 0 -0.9921147013144774 -0.1253332335643072
    outer loop
      vertex -3.30106431181261 -4.4423892138678625 148.76565097018582
      vertex 8 -4.467441019066481 148.96395642776633
      vertex -3.175215841623678 -4.467441019066481 148.96395642776633
    endloop
  endfacet
  facet normal 0 -1 0
    outer loop
      vertex -3.1597559719078867 -4.467441019066481 148.9883172843864
      vertex -3.175215841623678 -4.467441019066481 148.96395642776633
      vertex 8 -4.467441019066481 148.96395642776633
    endloop
  endfacet
  facet normal -1.8378546187641124e-17 -0.9921147013144777 -0.1253332335643048
    outer loop
      vertex 8 -4.207739637023362 146.90820830933555
      vertex 8 -4.467441019066481 148.96395642776633
      vertex -3.661409621527751 -4.393912995596689 148.38192219017085
    endloop
  endfacet
  facet normal 0 -1 0
    outer loop
      vertex -3.0474693796346726 -4.467441019066481 149.2269384393622
      vertex -3.1597559719078867 -4.467441019066481 148.9883172843864
      vertex 8 -4.467441019066481 148.96395642776633
    endloop
  endfacet
  facet normal 0 -1 0
    outer loop
      vertex -2.9659753616298743 -4.467441019066481 149.4777512369538
      vertex -3.0474693796346726 -4.467441019066481 149.2269384393622
      vertex 8 -4.467441019066481 148.96395642776633
    endloop
  endfacet
  facet normal 0 -1 0
    outer loop
      vertex -2.9659753616298743 -4.467441019066481 149.4777512369538
      vertex 8 -4.467441019066481 148.96395642776633
      vertex -2.9165591272395965 -4.467441019066481 149.73680020951497
    endloop
  endfacet
  facet normal 0 -1 0
    outer loop
      vertex 8 -4.467441019066481 148.96395642776633
      vertex -2.9 -4.467441019066481 150
      vertex -2.9165591272395965 -4.467441019066481 149.73680020951497
    endloop
  endfacet
  facet normal -6.26753750120092e-15 -0.4257792915650926 -0.9048270524660101
    outer loop
      vertex -47 5.925944880702815 134.65868798284384
      vertex -43.54904205417765 5.451102380111947 134.8821319028234
      vertex -43.76559476784742 4.9909044383729455 135.0986846164932
    endloop
  endfacet
  facet normal -1 0 0
    outer loop
      vertex -47 3.47711384175914 161.73074641843675
      vertex -47 5.014571725525127 162.70644686063602
      vertex -47 -0.7430197890473895 156.1
    endloop
  endfacet
  facet normal -1 0 0
    outer loop
      vertex -47 2.0740669640340172 160.57004509761046
      vertex -47 3.47711384175914 161.73074641843675
      vertex -47 -0.7430197890473895 156.1
    endloop
  endfacet
  facet normal -1 0 0
    outer loop
      vertex -47 0.8275579797510595 159.242647851356
      vertex -47 2.0740669640340172 160.57004509761046
      vertex -47 -0.7430197890473895 156.1
    endloop
  endfacet
  facet normal 5.597057513247482e-15 -0.0627905195294688 0.9980267284282618
    outer loop
      vertex -37.964766933261245 11.426709444797753 166.4639316154798
      vertex -42.533939353874565 11.29866343362026 166.4558756432934
      vertex -37.466060646125435 11.29866343362026 166.45587564329338
    endloop
  endfacet
  facet normal -1 0 0
    outer loop
      vertex -47 -0.24275491977922137 157.76948852719545
      vertex -47 0.8275579797510595 159.242647851356
      vertex -47 -0.7430197890473895 156.1
    endloop
  endfacet
  facet normal 0 -0.8763066800438618 0.4817536741017186
    outer loop
      vertex -45.977542744855576 -2.1132862686152443 158.51031181475116
      vertex -45.226876715939255 -2.818208590761472 157.2280628709095
      vertex -34.022457255144424 -2.1132862686152443 158.51031181475116
    endloop
  endfacet
  facet normal 5.174224161576969e-15 -0.8763066800438809 0.48175367410168385
    outer loop
      vertex -45.226876715939255 -2.818208590761472 157.2280628709095
      vertex -45.07349577727103 -2.9296463656893224 157.0253583108237
      vertex -34.022457255144424 -2.1132862686152443 158.51031181475116
    endloop
  endfacet
  facet normal -1 0 0
    outer loop
      vertex -47 -0.7430197890473895 156.85951010814472
      vertex -47 -0.24275491977922137 157.76948852719545
      vertex -47 -0.7430197890473895 156.1
    endloop
  endfacet
  facet normal -1 0 0
    outer loop
      vertex -47 3.47711384175914 138.26925358156325
      vertex -47 7.743019789047389 143.9
      vertex -47 5.014571725525127 137.29355313936398
    endloop
  endfacet
  facet normal -1 0 0
    outer loop
      vertex -47 5.014571725525127 137.29355313936398
      vertex -47 7.743019789047389 143.9
      vertex -47 6.662193986072171 136.51824095462035
    endloop
  endfacet
  facet normal 0 -0.4257792915650384 -0.9048270524660357
    outer loop
      vertex -31.83467003193453 4.051064377321696 135.54093977927624
      vertex -35.990226810162994 4.051064377321696 135.54093977927624
      vertex -31.86465944922128 4.527732515227296 135.31663677958593
    endloop
  endfacet
  facet normal -1 0 0
    outer loop
      vertex -47 6.662193986072171 136.51824095462035
      vertex -47 7.743019789047389 143.9
      vertex -47 7.743019789047389 136.16705936303694
    endloop
  endfacet
  facet normal -1 0 0
    outer loop
      vertex -47 -0.7430197890473895 143.14048989185528
      vertex -47 -0.7430197890473895 143.9
      vertex -47 -0.24275491977921781 142.23051147280455
    endloop
  endfacet
  facet normal 7.071737762715713e-15 -0.4257792915650629 -0.9048270524660241
    outer loop
      vertex -44.009773189837006 4.051064377321696 135.54093977927624
      vertex -47 5.925944880702815 134.65868798284384
      vertex -43.92276180257095 4.5071940430176625 135.32630145099844
    endloop
  endfacet
  facet normal -5.869562921375615e-16 -0.4257792915650765 -0.9048270524660178
    outer loop
      vertex -47 5.925944880702815 134.65868798284384
      vertex -43.76559476784742 4.9909044383729455 135.0986846164932
      vertex -43.92276180257095 4.5071940430176625 135.32630145099844
    endloop
  endfacet
  facet normal -6.784972388258372e-15 -0.4257792915650956 -0.9048270524660088
    outer loop
      vertex -47 5.925944880702815 134.65868798284384
      vertex -43.45013203453683 5.606959631890426 134.80879104716854
      vertex -43.54904205417765 5.451102380111947 134.8821319028234
    endloop
  endfacet
  facet normal 0 -0.4257792915650721 -0.9048270524660198
    outer loop
      vertex -44.009773189837006 4.051064377321696 135.54093977927624
      vertex -47 4.051064377321696 135.54093977927624
      vertex -47 5.925944880702815 134.65868798284384
    endloop
  endfacet
  facet normal -1 0 0
    outer loop
      vertex -47 0.8275579797510542 140.757352148644
      vertex -47 -0.24275491977921781 142.23051147280455
      vertex -47 7.743019789047389 143.9
    endloop
  endfacet
  facet normal -1 0 0
    outer loop
      vertex -47 -0.7430197890473895 143.9
      vertex -47 7.743019789047389 143.9
      vertex -47 -0.24275491977921781 142.23051147280455
    endloop
  endfacet
  facet normal -1 0 0
    outer loop
      vertex -47 6.662193986072164 163.48175904537965
      vertex -47 7.743019789047389 163.83294063696306
      vertex -47 7.743019789047389 156.1
    endloop
  endfacet
  facet normal -1 0 0
    outer loop
      vertex -47 5.014571725525127 162.70644686063602
      vertex -47 6.662193986072164 163.48175904537965
      vertex -47 -0.7430197890473895 156.1
    endloop
  endfacet
  facet normal 3.3167248996839353e-15 -0.4257792915650619 -0.9048270524660245
    outer loop
      vertex -35.990226810162994 4.051064377321696 135.54093977927624
      vertex -36.07723819742905 4.507194043017662 135.32630145099844
      vertex -31.86465944922128 4.527732515227296 135.31663677958593
    endloop
  endfacet
  facet normal 3.2220934738104455e-15 -0.42577929156504596 -0.904827052466032
    outer loop
      vertex -36.07723819742905 4.507194043017662 135.32630145099844
      vertex -36.2235819579114 4.957593825422528 135.11435940113296
      vertex -31.86465944922128 4.527732515227296 135.31663677958593
    endloop
  endfacet
  facet normal -4.248585715236953e-14 -0.4257792915654255 -0.9048270524658535
    outer loop
      vertex -31.86465944922128 4.527732515227296 135.31663677958593
      vertex -36.2235819579114 4.957593825422528 135.11435940113296
      vertex -31.87354013530305 4.566706280694374 135.29829711765277
    endloop
  endfacet
  facet normal -1 0 0
    outer loop
      vertex -47 6.662193986072164 163.48175904537965
      vertex -47 7.743019789047389 156.1
      vertex -47 -0.7430197890473895 156.1
    endloop
  endfacet
  facet normal 5.597139812322654e-15 -0.06279051952938043 0.9980267284282673
    outer loop
      vertex -42.533939353874565 11.29866343362026 166.4558756432934
      vertex -43.4913901908336 10.91958183022136 166.43202585035357
      vertex -37.466060646125435 11.29866343362026 166.45587564329338
    endloop
  endfacet
  facet normal 0 -0.18738131458577362 -0.9822872507286794
    outer loop
      vertex -33.09747566640234 7.896616861779895 134.0183778413776
      vertex -46.63393935387457 8.319839068798279 133.93764388758336
      vertex -33.36606064612543 8.319839068798279 133.93764388758336
    endloop
  endfacet
  facet normal -1 0 0
    outer loop
      vertex -47 2.0740669640340172 139.42995490238954
      vertex -47 7.743019789047389 143.9
      vertex -47 3.47711384175914 138.26925358156325
    endloop
  endfacet
  facet normal 5.434556589674466e-16 -0.8090169943749608 0.5877852522924546
    outer loop
      vertex -32.98124618538434 -0.7134685058005186 160.5174958308534
      vertex -46.63393935387457 -1.319839068798279 159.68289835083732
      vertex -33.36606064612567 -1.3198390687985593 159.68289835083692
    endloop
  endfacet
  facet normal -1 0 0
    outer loop
      vertex -47 0.8275579797510542 140.757352148644
      vertex -47 7.743019789047389 143.9
      vertex -47 2.0740669640340172 139.42995490238954
    endloop
  endfacet
  facet normal 0.9980267284282698 -0.06279051952934166 0
    outer loop
      vertex -31.801439875030436 3.47711384175914 161.73074641843675
      vertex -31.799999999999997 3.5 156.1
      vertex -31.799999999999997 3.5 161.74527041610304
    endloop
  endfacet
  facet normal 0.9980267284282716 0.0627905195293129 0
    outer loop
      vertex -31.86465944922128 4.527732515227295 137.60251069702014
      vertex -31.86465944922128 4.527732515227295 143.9
      vertex -31.799999999999997 3.5 143.9
    endloop
  endfacet
  facet normal 0.8443279255020142 0.5358267949789983 0
    outer loop
      vertex -32.81428522364032 7.450380127634065 136.26214375292906
      vertex -33.36606064612543 8.319839068798279 135.979639417879
      vertex -33.36606064612543 8.319839068798279 143.9
    endloop
  endfacet
  facet normal 0.587785252292475 0.8090169943749461 1.7316144699818443e-15
    outer loop
      vertex -34.773123284060745 9.81820859076147 156.1
      vertex -35.16634738456316 10.10390262281313 156.1
      vertex -35.58543104119055 10.408384722144929 156.19893223122324
    endloop
  endfacet
  facet normal -0.8443279255019458 -0.5358267949791059 8.551617158042322e-14
    outer loop
      vertex -46.76076599480999 -1.119992260757284 156.17379972769356
      vertex -47 -0.7430197890473895 156.85951010814472
      vertex -46.74222281288486 -1.1492116399928125 156.1
    endloop
  endfacet
  facet normal -0.8443279255020181 -0.5358267949789918 0
    outer loop
      vertex -46.74222281288486 -1.1492116399928125 156.1
      vertex -47 -0.7430197890473895 156.85951010814472
      vertex -47 -0.7430197890473895 156.1
    endloop
  endfacet
  facet normal 0.8443279255020147 -0.5358267949789972 -1.1814286548230117e-14
    outer loop
      vertex -32.81428522364032 -0.450380127634066 156.1
      vertex -33.23923400519001 -1.119992260757284 156.17379972769356
      vertex -33.25777718711514 -1.1492116399928074 156.1
    endloop
  endfacet
  facet normal 0.9980267284282716 -0.06279051952931307 1.1727688688641684e-16
    outer loop
      vertex -31.86465944922128 2.4722674847727077 156.1
      vertex -31.799999999999997 3.5 156.1
      vertex -31.801439875030436 3.47711384175914 161.73074641843675
    endloop
  endfacet
  facet normal 0.9822872507286886 -0.18738131458572493 9.949112771146607e-17
    outer loop
      vertex -32.05761807874522 1.4607429252481943 156.1
      vertex -31.86465944922128 2.4722674847727077 156.1
      vertex -31.94062026108093 2.0740669640340172 160.57004509761046
    endloop
  endfacet
  facet normal 0.951056516295152 -0.3090169943749526 -6.218055607694896e-16
    outer loop
      vertex -32.37583281571634 0.4813786679856378 156.1
      vertex -32.05761807874522 1.4607429252481943 156.1
      vertex -32.2633523388954 0.8275579797510595 159.242647851356
    endloop
  endfacet
  facet normal 0.9510565162951502 -0.3090169943749577 0
    outer loop
      vertex -32.37583281571634 0.4813786679856378 158.7661729054009
      vertex -32.37583281571634 0.4813786679856378 156.1
      vertex -32.2633523388954 0.8275579797510595 159.242647851356
    endloop
  endfacet
  facet normal 0.9048270524660205 -0.4257792915650706 0
    outer loop
      vertex -32.71658421694456 -0.24275491977922137 157.76948852719545
      vertex -32.37583281571634 0.4813786679856378 156.1
      vertex -32.37583281571634 0.4813786679856378 158.7661729054009
    endloop
  endfacet
  facet normal 0.9048270524660209 -0.42577929156506966 4.843397684520682e-16
    outer loop
      vertex -32.81428522364032 -0.450380127634066 156.1
      vertex -32.37583281571634 0.4813786679856378 156.1
      vertex -32.71658421694456 -0.24275491977922137 157.76948852719545
    endloop
  endfacet
  facet normal 0.9048270524660225 -0.4257792915650665 0
    outer loop
      vertex -32.81428522364032 -0.450380127634066 157.39181967614215
      vertex -32.81428522364032 -0.450380127634066 156.1
      vertex -32.71658421694456 -0.24275491977922137 157.76948852719545
    endloop
  endfacet
  facet normal 0.8443279255020153 -0.5358267949789962 0
    outer loop
      vertex -32.81428522364032 -0.450380127634066 156.1
      vertex -32.81428522364032 -0.450380127634066 157.39181967614215
      vertex -33.23923400519001 -1.119992260757284 156.17379972769356
    endloop
  endfacet
  facet normal 0.8443279255020142 0.5358267949789983 0
    outer loop
      vertex -33.36606064612543 8.319839068798279 156.1
      vertex -33.36606064612543 8.319839068798279 164.020360582121
      vertex -32.81428522364032 7.450380127634065 163.73785624707094
    endloop
  endfacet
  facet normal 0.587785252292479 0.8090169943749431 7.85115742254358e-14
    outer loop
      vertex -34.773123284060745 9.81820859076147 164.31613879683667
      vertex -35.60622028117223 10.423488989116523 164.40081433432857
      vertex -35.27475878165055 10.182668113317591 164.38566316905994
    endloop
  endfacet
  facet normal 0.5877852522924738 0.8090169943749468 0
    outer loop
      vertex -34.773123284060745 9.81820859076147 164.31613879683667
      vertex -34.773123284060745 9.81820859076147 156.1
      vertex -35.60622028117223 10.423488989116523 164.40081433432857
    endloop
  endfacet
  facet normal 0.4817536741017162 0.876306680043863 0
    outer loop
      vertex -36.5086098091664 10.91958183022136 164.4320258503536
      vertex -35.60622028117223 10.423488989116523 164.40081433432857
      vertex -36.5086098091664 10.91958183022136 156.29644829493344
    endloop
  endfacet
  facet normal 0.5877852522924748 0.809016994374946 1.618262933814352e-16
    outer loop
      vertex -34.773123284060745 9.81820859076147 156.1
      vertex -35.58543104119055 10.408384722144929 156.19893223122324
      vertex -35.60622028117223 10.423488989116523 164.40081433432857
    endloop
  endfacet
  facet normal 0.5877852522924333 0.8090169943749763 0
    outer loop
      vertex -35.60622028117223 10.423488989116523 156.2018135242451
      vertex -35.60622028117223 10.423488989116523 164.40081433432857
      vertex -35.58543104119055 10.408384722144929 156.19893223122324
    endloop
  endfacet
  facet normal 0.48175367410171627 0.876306680043863 0
    outer loop
      vertex -35.60622028117223 10.423488989116523 164.40081433432857
      vertex -35.60622028117223 10.423488989116523 156.2018135242451
      vertex -36.5086098091664 10.91958183022136 156.29644829493344
    endloop
  endfacet
  facet normal 0.6845471059286867 0.7289686274214134 0
    outer loop
      vertex -34.773123284060745 9.81820859076147 156.1
      vertex -34.773123284060745 9.81820859076147 164.31613879683667
      vertex -34.022457255144424 9.113286268615248 164.18166767211565
    endloop
  endfacet
  facet normal 0.7705132427757906 0.6374239897486881 0
    outer loop
      vertex -34.022457255144424 9.113286268615248 156.1
      vertex -34.022457255144424 9.113286268615248 164.18166767211565
      vertex -33.42740912114366 8.39399663610961 164.04445583636516
    endloop
  endfacet
  facet normal 0.9048270524660215 0.4257792915650685 2.0190023655109144e-14
    outer loop
      vertex -32.44339297847478 6.662193986072164 163.48175904537965
      vertex -32.375832815716336 6.518621332014359 163.4141988826212
      vertex -32.81428522364032 7.450380127634065 163.73785624707094
    endloop
  endfacet
  facet normal 0.9510565162951553 0.30901699437494223 0
    outer loop
      vertex -32.05761807874523 5.539257074751809 162.95334504485749
      vertex -32.05761807874523 5.539257074751809 156.1
      vertex -32.375832815716336 6.518621332014359 163.4141988826212
    endloop
  endfacet
  facet normal 0.9048270524660187 0.4257792915650743 0
    outer loop
      vertex -32.375832815716336 6.518621332014359 163.4141988826212
      vertex -32.375832815716336 6.518621332014359 156.1
      vertex -32.81428522364032 7.450380127634065 163.73785624707094
    endloop
  endfacet
  facet normal 0.8443279255020141 0.5358267949789982 0
    outer loop
      vertex -32.81428522364032 7.450380127634065 163.73785624707094
      vertex -32.81428522364032 7.450380127634065 156.1
      vertex -33.36606064612543 8.319839068798279 156.1
    endloop
  endfacet
  facet normal 0.9048270524660187 0.4257792915650743 0
    outer loop
      vertex -32.375832815716336 6.518621332014359 156.1
      vertex -32.81428522364032 7.450380127634065 156.1
      vertex -32.81428522364032 7.450380127634065 163.73785624707094
    endloop
  endfacet
  facet normal 0.9510565162951553 0.3090169943749422 0
    outer loop
      vertex -32.05761807874523 5.539257074751809 156.1
      vertex -32.375832815716336 6.518621332014359 156.1
      vertex -32.375832815716336 6.518621332014359 163.4141988826212
    endloop
  endfacet
  facet normal 0.9822872507286871 0.1873813145857333 0
    outer loop
      vertex -31.957528995425623 5.014571725525127 162.70644686063602
      vertex -32.05761807874523 5.539257074751809 156.1
      vertex -32.05761807874523 5.539257074751809 162.95334504485749
    endloop
  endfacet
  facet normal 0.9822872507286878 0.18738131458572946 0
    outer loop
      vertex -31.86465944922128 4.527732515227295 162.39748930297986
      vertex -31.86465944922128 4.527732515227295 156.1
      vertex -31.957528995425623 5.014571725525127 162.70644686063602
    endloop
  endfacet
  facet normal 0.9822872507286874 0.18738131458573143 -1.5299443554015432e-16
    outer loop
      vertex -31.86465944922128 4.527732515227295 156.1
      vertex -32.05761807874523 5.539257074751809 156.1
      vertex -31.957528995425623 5.014571725525127 162.70644686063602
    endloop
  endfacet
  facet normal 0.9980267284282717 0.06279051952931292 0
    outer loop
      vertex -31.799999999999997 3.5 161.74527041610304
      vertex -31.799999999999997 3.5 156.1
      vertex -31.86465944922128 4.527732515227295 162.39748930297986
    endloop
  endfacet
  facet normal 0.9980267284282716 0.0627905195293129 0
    outer loop
      vertex -31.799999999999997 3.5 156.1
      vertex -31.86465944922128 4.527732515227295 156.1
      vertex -31.86465944922128 4.527732515227295 162.39748930297986
    endloop
  endfacet
  facet normal 0.9510565162951529 -0.30901699437494984 0
    outer loop
      vertex -32.2633523388954 0.8275579797510595 159.242647851356
      vertex -32.05761807874522 1.4607429252481943 156.1
      vertex -32.05761807874522 1.4607429252481943 159.91692133323238
    endloop
  endfacet
  facet normal 0.9822872507286887 -0.18738131458572424 0
    outer loop
      vertex -32.05761807874522 1.4607429252481943 159.91692133323238
      vertex -32.05761807874522 1.4607429252481943 156.1
      vertex -31.94062026108093 2.0740669640340172 160.57004509761046
    endloop
  endfacet
  facet normal 0.9822872507286884 -0.187381314585726 0
    outer loop
      vertex -31.94062026108093 2.0740669640340172 160.57004509761046
      vertex -31.86465944922128 2.4722674847727077 156.1
      vertex -31.86465944922128 2.4722674847727077 160.89946521728922
    endloop
  endfacet
  facet normal 0.9980267284282716 -0.0627905195293124 0
    outer loop
      vertex -31.86465944922128 2.4722674847727077 160.89946521728922
      vertex -31.86465944922128 2.4722674847727077 156.1
      vertex -31.801439875030436 3.47711384175914 161.73074641843675
    endloop
  endfacet
  facet normal -0.5877852522924752 0.8090169943749459 4.807117006316516e-16
    outer loop
      vertex -44.72524121834945 10.182668113317591 164.38566316905994
      vertex -44.83365261543683 10.103902622813138 156.1
      vertex -45.226876715939255 9.818208590761472 156.1
    endloop
  endfacet
  facet normal -0.2486898871648561 0.9685831611286307 0
    outer loop
      vertex -41.536526779602944 11.554755455975247 164.47198758766618
      vertex -41.536526779602944 11.554755455975247 156.37198758766618
      vertex -42.533939353874565 11.29866343362026 156.3558756432934
    endloop
  endfacet
  facet normal -0.36812455268467653 0.9297764858882519 0
    outer loop
      vertex -42.78852131370581 11.197867305188455 156.34953408841267
      vertex -42.533939353874565 11.29866343362026 164.4558756432934
      vertex -42.533939353874565 11.29866343362026 156.3558756432934
    endloop
  endfacet
  facet normal -0.3681245526846764 0.9297764858882519 0
    outer loop
      vertex -42.78852131370581 11.197867305188455 156.34953408841267
      vertex -43.4913901908336 10.91958183022136 156.29644829493344
      vertex -43.4913901908336 10.91958183022136 164.43202585035357
    endloop
  endfacet
  facet normal -0.4817536741017176 0.8763066800438624 0
    outer loop
      vertex -44.39377971882777 10.423488989116521 164.40081433432854
      vertex -43.4913901908336 10.91958183022136 164.43202585035357
      vertex -43.4913901908336 10.91958183022136 156.29644829493344
    endloop
  endfacet
  facet normal -0.5877852522924739 0.8090169943749468 0
    outer loop
      vertex -44.72524121834945 10.182668113317591 164.38566316905994
      vertex -44.39377971882777 10.423488989116521 164.40081433432854
      vertex -44.39377971882777 10.423488989116521 156.2018135242451
    endloop
  endfacet
  facet normal -0.4817536741017176 0.8763066800438624 0
    outer loop
      vertex -44.39377971882777 10.423488989116521 164.40081433432854
      vertex -43.4913901908336 10.91958183022136 156.29644829493344
      vertex -44.39377971882777 10.423488989116521 156.2018135242451
    endloop
  endfacet
  facet normal -0.5877852522925192 0.8090169943749139 -2.8053477886394687e-15
    outer loop
      vertex -44.41456895880944 10.408384722144929 156.19893223122324
      vertex -44.72524121834945 10.182668113317591 164.38566316905994
      vertex -44.39377971882777 10.423488989116521 156.2018135242451
    endloop
  endfacet
  facet normal -0.5877852522924658 0.8090169943749527 2.9190121800393637e-16
    outer loop
      vertex -44.72524121834945 10.182668113317591 164.38566316905994
      vertex -44.41456895880944 10.408384722144929 156.19893223122324
      vertex -44.83365261543683 10.103902622813138 156.1
    endloop
  endfacet
  facet normal -0.12533323356430395 0.9921147013144779 0
    outer loop
      vertex -40.51488226014037 11.683819173111827 164.48010758848437
      vertex -40.51488226014037 11.683819173111827 156.38010758848435
      vertex -41.536526779602944 11.554755455975247 156.37198758766618
    endloop
  endfacet
  facet normal -0.58778525229247 0.8090169943749497 0
    outer loop
      vertex -45.226876715939255 9.818208590761472 164.31613879683664
      vertex -44.72524121834945 10.182668113317591 164.38566316905994
      vertex -45.226876715939255 9.818208590761472 156.1
    endloop
  endfacet
  facet normal -0.6845471059286895 0.7289686274214109 0
    outer loop
      vertex -45.977542744855576 9.113286268615244 164.18166767211565
      vertex -45.226876715939255 9.818208590761472 164.31613879683664
      vertex -45.977542744855576 9.113286268615244 156.1
    endloop
  endfacet
  facet normal -0.770513242775789 0.63742398974869 0
    outer loop
      vertex -46.57259087885634 8.39399663610961 164.04445583636516
      vertex -45.977542744855576 9.113286268615244 164.18166767211565
      vertex -45.977542744855576 9.113286268615244 156.1
    endloop
  endfacet
  facet normal -0.7705132427758005 0.6374239897486761 0
    outer loop
      vertex -46.63393935387457 8.319839068798279 164.020360582121
      vertex -46.57259087885634 8.39399663610961 164.04445583636516
      vertex -46.63393935387457 8.319839068798279 156.1
    endloop
  endfacet
  facet normal -0.844327925502014 0.5358267949789984 0
    outer loop
      vertex -47 7.743019789047389 163.83294063696306
      vertex -46.63393935387457 8.319839068798279 164.020360582121
      vertex -46.63393935387457 8.319839068798279 156.1
    endloop
  endfacet
  facet normal -0.6845471059286895 0.7289686274214109 0
    outer loop
      vertex -45.226876715939255 9.818208590761472 164.31613879683664
      vertex -45.226876715939255 9.818208590761472 156.1
      vertex -45.977542744855576 9.113286268615244 156.1
    endloop
  endfacet
  facet normal -0.7705132427757901 0.6374239897486887 -1.9677782340420624e-16
    outer loop
      vertex -46.57259087885634 8.39399663610961 164.04445583636516
      vertex -45.977542744855576 9.113286268615244 156.1
      vertex -46.63393935387457 8.319839068798279 156.1
    endloop
  endfacet
  facet normal -0.844327925502014 0.5358267949789984 0
    outer loop
      vertex -47 7.743019789047389 163.83294063696306
      vertex -46.63393935387457 8.319839068798279 156.1
      vertex -47 7.743019789047389 156.1
    endloop
  endfacet
  facet normal -0.3681245526846765 0.929776485888252 0
    outer loop
      vertex -42.78852131370581 11.197867305188455 156.34953408841267
      vertex -43.4913901908336 10.91958183022136 164.43202585035357
      vertex -42.533939353874565 11.29866343362026 164.4558756432934
    endloop
  endfacet
  facet normal -0.24868988716485604 0.9685831611286306 0
    outer loop
      vertex -42.533939353874565 11.29866343362026 164.4558756432934
      vertex -41.536526779602944 11.554755455975247 164.47198758766618
      vertex -42.533939353874565 11.29866343362026 156.3558756432934
    endloop
  endfacet
  facet normal -0.12533323356430398 0.9921147013144779 0
    outer loop
      vertex -41.536526779602944 11.554755455975247 164.47198758766618
      vertex -40.51488226014037 11.683819173111827 164.48010758848437
      vertex -41.536526779602944 11.554755455975247 156.37198758766618
    endloop
  endfacet
  facet normal 0 1 0
    outer loop
      vertex -40.51488226014037 11.683819173111827 164.48010758848437
      vertex -39.48511773985963 11.683819173111827 164.48010758848434
      vertex -40.51488226014037 11.683819173111827 156.38010758848435
    endloop
  endfacet
  facet normal 0 1 0
    outer loop
      vertex -39.48511773985963 11.683819173111827 164.48010758848434
      vertex -39.48511773985963 11.683819173111827 156.38010758848435
      vertex -40.51488226014037 11.683819173111827 156.38010758848435
    endloop
  endfacet
  facet normal 0.12533323356430398 0.9921147013144779 0
    outer loop
      vertex -38.463473220397056 11.554755455975247 164.47198758766618
      vertex -38.463473220397056 11.554755455975247 156.37198758766618
      vertex -39.48511773985963 11.683819173111827 156.38010758848435
    endloop
  endfacet
  facet normal 0.2486898871648561 0.9685831611286307 0
    outer loop
      vertex -37.466060646125435 11.29866343362026 164.4558756432934
      vertex -37.466060646125435 11.29866343362026 156.35587564329342
      vertex -38.463473220397056 11.554755455975247 156.37198758766618
    endloop
  endfacet
  facet normal 0.36812455268467653 0.929776485888252 0
    outer loop
      vertex -37.466060646125435 11.29866343362026 164.4558756432934
      vertex -37.21147868629419 11.197867305188455 156.34953408841267
      vertex -37.466060646125435 11.29866343362026 156.35587564329342
    endloop
  endfacet
  facet normal 0.3681245526846765 0.929776485888252 0
    outer loop
      vertex -36.5086098091664 10.91958183022136 164.4320258503536
      vertex -36.5086098091664 10.91958183022136 156.29644829493344
      vertex -37.21147868629419 11.197867305188455 156.34953408841267
    endloop
  endfacet
  facet normal 0.12533323356430398 0.9921147013144779 0
    outer loop
      vertex -39.48511773985963 11.683819173111827 164.48010758848434
      vertex -38.463473220397056 11.554755455975247 164.47198758766618
      vertex -39.48511773985963 11.683819173111827 156.38010758848435
    endloop
  endfacet
  facet normal 0.2486898871648561 0.9685831611286307 0
    outer loop
      vertex -38.463473220397056 11.554755455975247 164.47198758766618
      vertex -37.466060646125435 11.29866343362026 164.4558756432934
      vertex -38.463473220397056 11.554755455975247 156.37198758766618
    endloop
  endfacet
  facet normal 0.3681245526846765 0.929776485888252 -1.6637853635704171e-18
    outer loop
      vertex -37.466060646125435 11.29866343362026 164.4558756432934
      vertex -36.5086098091664 10.91958183022136 164.4320258503536
      vertex -37.21147868629419 11.197867305188455 156.34953408841267
    endloop
  endfacet
  facet normal 0.7705132427757915 0.637423989748687 -1.70484234932092e-16
    outer loop
      vertex -33.36606064612543 8.319839068798279 156.1
      vertex -34.022457255144424 9.113286268615248 156.1
      vertex -33.42740912114366 8.39399663610961 164.04445583636516
    endloop
  endfacet
  facet normal 0.6845471059286867 0.7289686274214133 0
    outer loop
      vertex -34.022457255144424 9.113286268615248 164.18166767211565
      vertex -34.022457255144424 9.113286268615248 156.1
      vertex -34.773123284060745 9.81820859076147 156.1
    endloop
  endfacet
  facet normal 0.7705132427758005 0.6374239897486761 0
    outer loop
      vertex -33.36606064612543 8.319839068798279 164.020360582121
      vertex -33.36606064612543 8.319839068798279 156.1
      vertex -33.42740912114366 8.39399663610961 164.04445583636516
    endloop
  endfacet
  facet normal 0.9980267284282717 0.06279051952931292 0
    outer loop
      vertex -31.799999999999997 3.5 138.25472958389696
      vertex -31.86465944922128 4.527732515227295 137.60251069702014
      vertex -31.799999999999997 3.5 143.9
    endloop
  endfacet
  facet normal 0.9822872507286883 -0.18738131458572618 -2.850914081666432e-16
    outer loop
      vertex -31.94062026108093 2.0740669640340172 139.42995490238954
      vertex -31.86465944922128 2.4722674847727077 139.10053478271078
      vertex -32.05761807874522 1.4607429252481943 143.9
    endloop
  endfacet
  facet normal 0.9980267284282717 -0.06279051952931308 0
    outer loop
      vertex -31.86465944922128 2.4722674847727077 139.10053478271078
      vertex -31.799999999999997 3.5 138.25472958389696
      vertex -31.86465944922128 2.4722674847727077 143.9
    endloop
  endfacet
  facet normal 0.8443279255020153 -0.5358267949789962 0
    outer loop
      vertex -32.81428522364032 -0.450380127634066 142.60818032385785
      vertex -32.81428522364032 -0.450380127634066 143.9
      vertex -33.23923400519001 -1.119992260757284 143.82620027230644
    endloop
  endfacet
  facet normal 0.8443279255020164 -0.5358267949789944 -2.362857309646011e-14
    outer loop
      vertex -32.81428522364032 -0.450380127634066 143.9
      vertex -33.25777718711514 -1.1492116399928125 143.9
      vertex -33.23923400519001 -1.119992260757284 143.82620027230644
    endloop
  endfacet
  facet normal 0.9048270524660024 -0.42577929156510896 -3.24558487199582e-14
    outer loop
      vertex -32.37583281571634 0.4813786679856378 141.23382709459906
      vertex -32.81428522364032 -0.450380127634066 142.60818032385785
      vertex -32.71658421694456 -0.24275491977921781 142.23051147280455
    endloop
  endfacet
  facet normal 0.904827052466021 -0.4257792915650697 0
    outer loop
      vertex -32.37583281571634 0.4813786679856378 141.23382709459906
      vertex -32.37583281571634 0.4813786679856378 143.9
      vertex -32.81428522364032 -0.450380127634066 142.60818032385785
    endloop
  endfacet
  facet normal 0.9510565162951488 -0.309016994374962 0
    outer loop
      vertex -32.37583281571634 0.4813786679856378 141.23382709459906
      vertex -32.2633523388954 0.8275579797510542 140.757352148644
      vertex -32.37583281571634 0.4813786679856378 143.9
    endloop
  endfacet
  facet normal 0.9048270524660209 -0.42577929156506966 0
    outer loop
      vertex -32.37583281571634 0.4813786679856378 143.9
      vertex -32.81428522364032 -0.450380127634066 143.9
      vertex -32.81428522364032 -0.450380127634066 142.60818032385785
    endloop
  endfacet
  facet normal 0.9510565162951519 -0.30901699437495256 0
    outer loop
      vertex -32.05761807874522 1.4607429252481943 140.0830786667676
      vertex -32.05761807874522 1.4607429252481943 143.9
      vertex -32.37583281571634 0.4813786679856378 143.9
    endloop
  endfacet
  facet normal 0.9822872507286887 -0.18738131458572496 0
    outer loop
      vertex -31.86465944922128 2.4722674847727077 139.10053478271078
      vertex -31.86465944922128 2.4722674847727077 143.9
      vertex -32.05761807874522 1.4607429252481943 143.9
    endloop
  endfacet
  facet normal 0.9980267284282717 -0.06279051952931307 0
    outer loop
      vertex -31.799999999999997 3.5 138.25472958389696
      vertex -31.799999999999997 3.5 143.9
      vertex -31.86465944922128 2.4722674847727077 143.9
    endloop
  endfacet
  facet normal 0.9822872507286878 0.18738131458572946 0
    outer loop
      vertex -31.86465944922128 4.527732515227295 137.60251069702014
      vertex -31.957528995425623 5.014571725525127 137.29355313936398
      vertex -31.86465944922128 4.527732515227295 143.9
    endloop
  endfacet
  facet normal 0.982287250728687 0.1873813145857334 3.0554859981832115e-16
    outer loop
      vertex -31.957528995425623 5.014571725525127 137.29355313936398
      vertex -32.05761807874523 5.539257074751809 137.04665495514254
      vertex -31.86465944922128 4.527732515227295 143.9
    endloop
  endfacet
  facet normal 0.9980267284282638 -0.06279051952943801 -1.5240158816130504e-13
    outer loop
      vertex -31.801439875030436 3.47711384175914 138.26925358156325
      vertex -31.799999999999997 3.5 138.25472958389696
      vertex -31.86465944922128 2.4722674847727077 139.10053478271078
    endloop
  endfacet
  facet normal 0.9822872507286874 0.1873813145857314 0
    outer loop
      vertex -32.05761807874523 5.539257074751809 137.04665495514254
      vertex -32.05761807874523 5.539257074751809 143.9
      vertex -31.86465944922128 4.527732515227295 143.9
    endloop
  endfacet
  facet normal 0.9048270524660259 0.42577929156505917 0
    outer loop
      vertex -32.44339297847478 6.662193986072171 136.51824095462035
      vertex -32.375832815716336 6.518621332014359 143.9
      vertex -32.375832815716336 6.518621332014359 136.5858011173788
    endloop
  endfacet
  facet normal 0.9048270524660175 0.4257792915650772 0
    outer loop
      vertex -32.44339297847478 6.662193986072171 136.51824095462035
      vertex -32.81428522364032 7.450380127634065 136.26214375292906
      vertex -32.81428522364032 7.450380127634065 143.9
    endloop
  endfacet
  facet normal 0.9510565162951553 0.3090169943749422 0
    outer loop
      vertex -32.375832815716336 6.518621332014359 136.5858011173788
      vertex -32.375832815716336 6.518621332014359 143.9
      vertex -32.05761807874523 5.539257074751809 143.9
    endloop
  endfacet
  facet normal 0.9048270524660187 0.4257792915650744 3.6056996970630547e-16
    outer loop
      vertex -32.44339297847478 6.662193986072171 136.51824095462035
      vertex -32.81428522364032 7.450380127634065 143.9
      vertex -32.375832815716336 6.518621332014359 143.9
    endloop
  endfacet
  facet normal 0.8443279255020141 0.5358267949789982 0
    outer loop
      vertex -32.81428522364032 7.450380127634065 136.26214375292906
      vertex -33.36606064612543 8.319839068798279 143.9
      vertex -32.81428522364032 7.450380127634065 143.9
    endloop
  endfacet
  facet normal -0.3681245526846765 0.929776485888252 0
    outer loop
      vertex -42.78852131370581 11.197867305188455 143.65046591158733
      vertex -43.4913901908336 10.91958183022136 135.5679741496464
      vertex -43.4913901908336 10.91958183022136 143.70355170506656
    endloop
  endfacet
  facet normal 0 1 0
    outer loop
      vertex -40.51488226014037 11.683819173111827 135.51989241151566
      vertex -40.51488226014037 11.683819173111827 143.61989241151565
      vertex -39.48511773985963 11.683819173111827 135.51989241151566
    endloop
  endfacet
  facet normal -0.12533323356430398 0.9921147013144779 0
    outer loop
      vertex -41.536526779602944 11.554755455975247 135.52801241233382
      vertex -41.536526779602944 11.554755455975247 143.62801241233382
      vertex -40.51488226014037 11.683819173111827 135.51989241151566
    endloop
  endfacet
  facet normal -0.2486898871648561 0.9685831611286307 0
    outer loop
      vertex -42.533939353874565 11.29866343362026 135.5441243567066
      vertex -42.533939353874565 11.29866343362026 143.64412435670658
      vertex -41.536526779602944 11.554755455975247 135.52801241233382
    endloop
  endfacet
  facet normal -0.3681245526846764 0.9297764858882519 0
    outer loop
      vertex -42.78852131370581 11.197867305188455 143.65046591158733
      vertex -42.533939353874565 11.29866343362026 135.5441243567066
      vertex -43.4913901908336 10.91958183022136 135.5679741496464
    endloop
  endfacet
  facet normal -0.4817536741017176 0.8763066800438623 0
    outer loop
      vertex -44.39377971882777 10.423488989116521 143.7981864757549
      vertex -43.4913901908336 10.91958183022136 143.70355170506656
      vertex -43.4913901908336 10.91958183022136 135.5679741496464
    endloop
  endfacet
  facet normal 0.7705132427757779 0.6374239897487033 0
    outer loop
      vertex -33.36606064612543 8.319839068798279 135.979639417879
      vertex -33.42740912114366 8.393996636109605 135.95554416363484
      vertex -33.36606064612543 8.319839068798279 143.9
    endloop
  endfacet
  facet normal -0.24868988716485604 0.9685831611286307 0
    outer loop
      vertex -42.533939353874565 11.29866343362026 143.64412435670658
      vertex -41.536526779602944 11.554755455975247 143.62801241233382
      vertex -41.536526779602944 11.554755455975247 135.52801241233382
    endloop
  endfacet
  facet normal -0.12533323356430395 0.9921147013144779 0
    outer loop
      vertex -41.536526779602944 11.554755455975247 143.62801241233382
      vertex -40.51488226014037 11.683819173111827 143.61989241151565
      vertex -40.51488226014037 11.683819173111827 135.51989241151566
    endloop
  endfacet
  facet normal -0.36812455268467653 0.929776485888252 0
    outer loop
      vertex -42.533939353874565 11.29866343362026 143.64412435670658
      vertex -42.533939353874565 11.29866343362026 135.5441243567066
      vertex -42.78852131370581 11.197867305188455 143.65046591158733
    endloop
  endfacet
  facet normal 0.5877852522924641 0.8090169943749539 1.4539180412095086e-13
    outer loop
      vertex -34.773123284060745 9.81820859076147 135.68386120316336
      vertex -35.27475878165054 10.182668113317591 135.61433683094006
      vertex -35.60622028117223 10.423488989116523 135.59918566567146
    endloop
  endfacet
  facet normal 0.12533323356430398 0.9921147013144779 0
    outer loop
      vertex -39.48511773985963 11.683819173111827 135.51989241151566
      vertex -39.48511773985963 11.683819173111827 143.61989241151565
      vertex -38.463473220397056 11.554755455975247 135.52801241233382
    endloop
  endfacet
  facet normal 0.2486898871648561 0.9685831611286307 0
    outer loop
      vertex -38.463473220397056 11.554755455975247 135.52801241233382
      vertex -38.463473220397056 11.554755455975247 143.62801241233382
      vertex -37.466060646125435 11.29866343362026 135.5441243567066
    endloop
  endfacet
  facet normal 0.3681245526846765 0.929776485888252 0
    outer loop
      vertex -37.21147868629419 11.197867305188455 143.65046591158733
      vertex -36.5086098091664 10.91958183022136 135.56797414964643
      vertex -37.466060646125435 11.29866343362026 135.5441243567066
    endloop
  endfacet
  facet normal 0 1 0
    outer loop
      vertex -40.51488226014037 11.683819173111827 143.61989241151565
      vertex -39.48511773985963 11.683819173111827 143.61989241151565
      vertex -39.48511773985963 11.683819173111827 135.51989241151566
    endloop
  endfacet
  facet normal 0.12533323356430398 0.9921147013144779 0
    outer loop
      vertex -39.48511773985963 11.683819173111827 143.61989241151565
      vertex -38.463473220397056 11.554755455975247 143.62801241233382
      vertex -38.463473220397056 11.554755455975247 135.52801241233382
    endloop
  endfacet
  facet normal 0.2486898871648561 0.9685831611286307 0
    outer loop
      vertex -38.463473220397056 11.554755455975247 143.62801241233382
      vertex -37.466060646125435 11.29866343362026 143.64412435670658
      vertex -37.466060646125435 11.29866343362026 135.5441243567066
    endloop
  endfacet
  facet normal 0.36812455268467653 0.929776485888252 0
    outer loop
      vertex -37.21147868629419 11.197867305188455 143.65046591158733
      vertex -37.466060646125435 11.29866343362026 135.5441243567066
      vertex -37.466060646125435 11.29866343362026 143.64412435670658
    endloop
  endfacet
  facet normal 0.3681245526846764 0.929776485888252 0
    outer loop
      vertex -37.21147868629419 11.197867305188455 143.65046591158733
      vertex -36.5086098091664 10.91958183022136 143.70355170506653
      vertex -36.5086098091664 10.91958183022136 135.56797414964643
    endloop
  endfacet
  facet normal 0.9510565162951553 0.3090169943749421 0
    outer loop
      vertex -32.05761807874523 5.539257074751809 137.04665495514254
      vertex -32.375832815716336 6.518621332014359 136.5858011173788
      vertex -32.05761807874523 5.539257074751809 143.9
    endloop
  endfacet
  facet normal 0.7705132427757928 0.6374239897486853 0
    outer loop
      vertex -33.42740912114366 8.393996636109605 135.95554416363484
      vertex -34.022457255144424 9.113286268615248 135.81833232788435
      vertex -34.022457255144424 9.113286268615248 143.9
    endloop
  endfacet
  facet normal 0.6845471059286866 0.7289686274214133 0
    outer loop
      vertex -34.773123284060745 9.81820859076147 135.68386120316336
      vertex -34.773123284060745 9.81820859076147 143.9
      vertex -34.022457255144424 9.113286268615248 135.81833232788435
    endloop
  endfacet
  facet normal 0.7705132427757915 0.637423989748687 -2.5784680308137296e-16
    outer loop
      vertex -33.42740912114366 8.393996636109605 135.95554416363484
      vertex -34.022457255144424 9.113286268615248 143.9
      vertex -33.36606064612543 8.319839068798279 143.9
    endloop
  endfacet
  facet normal 0.6845471059286867 0.7289686274214133 0
    outer loop
      vertex -34.022457255144424 9.113286268615248 143.9
      vertex -34.022457255144424 9.113286268615248 135.81833232788435
      vertex -34.773123284060745 9.81820859076147 143.9
    endloop
  endfacet
  facet normal 0.5877852522924726 0.8090169943749478 0
    outer loop
      vertex -35.16634738456316 10.103902622813129 143.9
      vertex -34.773123284060745 9.81820859076147 143.9
      vertex -34.773123284060745 9.81820859076147 135.68386120316336
    endloop
  endfacet
  facet normal 0.48175367410171627 0.8763066800438631 0
    outer loop
      vertex -36.5086098091664 10.91958183022136 135.56797414964643
      vertex -36.5086098091664 10.91958183022136 143.70355170506653
      vertex -35.60622028117223 10.423488989116523 135.59918566567146
    endloop
  endfacet
  facet normal 0.5877852522924739 0.809016994374947 0
    outer loop
      vertex -34.773123284060745 9.81820859076147 135.68386120316336
      vertex -35.60622028117223 10.423488989116523 135.59918566567146
      vertex -35.60622028117223 10.423488989116523 143.7981864757549
    endloop
  endfacet
  facet normal 0.4817536741017163 0.876306680043863 0
    outer loop
      vertex -36.5086098091664 10.91958183022136 143.70355170506653
      vertex -35.60622028117223 10.423488989116523 143.7981864757549
      vertex -35.60622028117223 10.423488989116523 135.59918566567146
    endloop
  endfacet
  facet normal 0.587785252292475 0.8090169943749461 1.676615600682492e-16
    outer loop
      vertex -35.58543104119056 10.408384722144932 143.80106776877676
      vertex -35.16634738456316 10.103902622813129 143.9
      vertex -34.773123284060745 9.81820859076147 135.68386120316336
    endloop
  endfacet
  facet normal 0.5877852522924741 0.8090169943749467 5.741939918268259e-17
    outer loop
      vertex -35.58543104119056 10.408384722144932 143.80106776877676
      vertex -34.773123284060745 9.81820859076147 135.68386120316336
      vertex -35.60622028117223 10.423488989116523 143.7981864757549
    endloop
  endfacet
  facet normal 0.9510565162951542 -0.3090169943749455 1.9988052903022054e-15
    outer loop
      vertex -32.05761807874522 1.4607429252481943 140.0830786667676
      vertex -32.37583281571634 0.4813786679856378 143.9
      vertex -32.2633523388954 0.8275579797510542 140.757352148644
    endloop
  endfacet
  facet normal 0.9822872507286888 -0.18738131458572424 0
    outer loop
      vertex -32.05761807874522 1.4607429252481943 140.0830786667676
      vertex -31.94062026108093 2.0740669640340172 139.42995490238954
      vertex -32.05761807874522 1.4607429252481943 143.9
    endloop
  endfacet
  facet normal -0.7705132427757914 0.6374239897486872 0
    outer loop
      vertex -45.977542744855576 9.113286268615244 143.9
      vertex -45.977542744855576 9.113286268615244 135.81833232788435
      vertex -46.57259087885634 8.393996636109605 135.95554416363484
    endloop
  endfacet
  facet normal -0.5877852522924739 0.8090169943749468 -2.311137538059137e-16
    outer loop
      vertex -44.833652615436854 10.10390262281312 143.9
      vertex -44.39377971882777 10.423488989116521 135.59918566567143
      vertex -44.72524121834945 10.182668113317591 135.61433683094006
    endloop
  endfacet
  facet normal -0.6845471059286895 0.7289686274214109 0
    outer loop
      vertex -45.977542744855576 9.113286268615244 143.9
      vertex -45.226876715939255 9.818208590761472 143.9
      vertex -45.226876715939255 9.818208590761472 135.68386120316336
    endloop
  endfacet
  facet normal -0.7705132427757901 0.6374239897486887 -2.2985685406267195e-16
    outer loop
      vertex -46.63393935387457 8.319839068798279 143.9
      vertex -45.977542744855576 9.113286268615244 143.9
      vertex -46.57259087885634 8.393996636109605 135.95554416363484
    endloop
  endfacet
  facet normal -0.844327925502014 0.5358267949789984 0
    outer loop
      vertex -47 7.743019789047389 136.16705936303694
      vertex -47 7.743019789047389 143.9
      vertex -46.63393935387457 8.319839068798279 143.9
    endloop
  endfacet
  facet normal -0.58778525229247 0.8090169943749497 0
    outer loop
      vertex -45.226876715939255 9.818208590761472 135.68386120316336
      vertex -45.226876715939255 9.818208590761472 143.9
      vertex -44.72524121834945 10.182668113317591 135.61433683094006
    endloop
  endfacet
  facet normal -0.6845471059286895 0.7289686274214109 0
    outer loop
      vertex -45.977542744855576 9.113286268615244 135.81833232788435
      vertex -45.977542744855576 9.113286268615244 143.9
      vertex -45.226876715939255 9.818208590761472 135.68386120316336
    endloop
  endfacet
  facet normal -0.844327925502014 0.5358267949789983 0
    outer loop
      vertex -46.63393935387457 8.319839068798279 143.9
      vertex -46.63393935387457 8.319839068798279 135.979639417879
      vertex -47 7.743019789047389 136.16705936303694
    endloop
  endfacet
  facet normal -0.7705132427757779 0.6374239897487033 0
    outer loop
      vertex -46.63393935387457 8.319839068798279 135.979639417879
      vertex -46.63393935387457 8.319839068798279 143.9
      vertex -46.57259087885634 8.393996636109605 135.95554416363484
    endloop
  endfacet
  facet normal -0.48175367410171754 0.8763066800438623 0
    outer loop
      vertex -44.39377971882777 10.423488989116521 135.59918566567143
      vertex -44.39377971882777 10.423488989116521 143.7981864757549
      vertex -43.4913901908336 10.91958183022136 135.5679741496464
    endloop
  endfacet
  facet normal -0.5877852522924732 0.8090169943749472 -1.7117787016574539e-16
    outer loop
      vertex -44.39377971882777 10.423488989116521 135.59918566567143
      vertex -44.833652615436854 10.10390262281312 143.9
      vertex -44.41456895880944 10.408384722144932 143.80106776877676
    endloop
  endfacet
  facet normal -0.5877852522924722 0.8090169943749481 -1.9297387265501092e-16
    outer loop
      vertex -45.226876715939255 9.818208590761472 143.9
      vertex -44.833652615436854 10.10390262281312 143.9
      vertex -44.72524121834945 10.182668113317591 135.61433683094006
    endloop
  endfacet
  facet normal -0.5877852522924291 0.8090169943749795 0
    outer loop
      vertex -44.39377971882777 10.423488989116521 143.7981864757549
      vertex -44.39377971882777 10.423488989116521 135.59918566567143
      vertex -44.41456895880944 10.408384722144932 143.80106776877676
    endloop
  endfacet
  facet normal -0.8443279255020161 -0.5358267949789949 0
    outer loop
      vertex -47 -0.7430197890473895 143.9
      vertex -47 -0.7430197890473895 143.14048989185528
      vertex -46.76076599480999 -1.119992260757284 143.82620027230644
    endloop
  endfacet
  facet normal -0.8443279255020143 -0.5358267949789981 2.1840519622963737e-14
    outer loop
      vertex -46.76076599480999 -1.119992260757284 143.82620027230644
      vertex -46.742222812884854 -1.1492116399928172 143.9
      vertex -47 -0.7430197890473895 143.9
    endloop
  endfacet
  facet normal 0.9980267284282714 0.06279051952931576 0
    outer loop
      vertex -27.984229402628955 1.749333532871392 139.7757608835153
      vertex -27.984229402628955 1.749333532871392 137.10804727220403
      vertex -28 2 139.50882820802698
    endloop
  endfacet
  facet normal 0.9822872507286892 0.18738131458572235 0
    outer loop
      vertex -27.937166322257262 1.5026202256702903 140.03848387125328
      vertex -27.937166322257262 1.5026202256702903 137.31214626994958
      vertex -27.984229402628955 1.749333532871392 139.7757608835153
    endloop
  endfacet
  facet normal 0.9048270524660238 0.4257792915650637 0
    outer loop
      vertex -27.75261336008773 1.0364926517965691 140.5348593212218
      vertex -27.75261336008773 1.0364926517965691 137.69776053505953
      vertex -27.859552971776502 1.2637508946306442 140.29285387278125
    endloop
  endfacet
  facet normal 0.7705132427757948 0.6374239897486829 9.837143271778974e-16
    outer loop
      vertex -27.45793725484282 0.6309057881426234 138.05089095318414
      vertex -27.519210776311514 0.7049727521766389 137.9720176475467
      vertex -27.618033988749893 0.8244294954150533 140.76165813792255
    endloop
  endfacet
  facet normal 0.7705132427757836 0.6374239897486965 0
    outer loop
      vertex -27.618033988749893 0.8244294954150533 137.8731944351083
      vertex -27.618033988749893 0.8244294954150533 140.76165813792255
      vertex -27.519210776311514 0.7049727521766389 137.9720176475467
    endloop
  endfacet
  facet normal 0.8443279255020093 0.5358267949790056 0
    outer loop
      vertex -27.75261336008773 1.0364926517965691 137.69776053505953
      vertex -27.75261336008773 1.0364926517965691 140.5348593212218
      vertex -27.618033988749893 0.8244294954150533 137.8731944351083
    endloop
  endfacet
  facet normal 0.9510565162951524 0.30901699437495095 0
    outer loop
      vertex -27.937166322257262 1.5026202256702903 137.31214626994958
      vertex -27.937166322257262 1.5026202256702903 140.03848387125328
      vertex -27.859552971776502 1.2637508946306442 137.5097561662719
    endloop
  endfacet
  facet normal 0.982287250728689 0.18738131458572238 0
    outer loop
      vertex -27.937166322257262 1.5026202256702903 137.31214626994958
      vertex -27.984229402628955 1.749333532871392 137.10804727220403
      vertex -27.984229402628955 1.749333532871392 139.7757608835153
    endloop
  endfacet
  facet normal 0.8443279255020097 -0.5358267949790049 0
    outer loop
      vertex -27.75261336008773 8.96350734820343 135.84690418503018
      vertex -27.75261336008773 8.96350734820343 133.81485759644235
      vertex -27.618033988749893 9.175570504584947 135.80645097443573
    endloop
  endfacet
  facet normal 0.6845471059286958 0.7289686274214049 0
    outer loop
      vertex -27.45793725484282 0.6309057881426234 138.05089095318414
      vertex -27.45793725484282 0.6309057881426234 141.0280206697949
      vertex -27.27484797949738 0.45897351444842105 138.2339802285296
    endloop
  endfacet
  facet normal 0.2486898871648541 -0.9685831611286313 0
    outer loop
      vertex -26.50162552449269 9.932001646188983 133.6301074283111
      vertex -26.618033988749893 9.902113032590307 135.66785557487304
      vertex -26.618033988749893 9.902113032590307 133.6358089862852
    endloop
  endfacet
  facet normal 0.36812455268467514 0.9297764858882525 0
    outer loop
      vertex -26.618033988749893 0.09788696740969272 138.6184983461222
      vertex -26.851558583130146 0.19034589506796085 138.52003958849372
      vertex -26.851558583130146 0.19034589506796085 141.63439934150756
    endloop
  endfacet
  facet normal 0.5877852522924686 0.8090169943749507 0
    outer loop
      vertex -27.27484797949738 0.45897351444842105 138.2339802285296
      vertex -27.27484797949738 0.45897351444842105 141.26466514285306
      vertex -27.071653589957993 0.3113441489959703 138.39118953519224
    endloop
  endfacet
  facet normal 0.9048270524660237 0.4257792915650637 0
    outer loop
      vertex -27.859552971776502 1.2637508946306442 137.5097561662719
      vertex -27.859552971776502 1.2637508946306442 140.29285387278125
      vertex -27.75261336008773 1.0364926517965691 137.69776053505953
    endloop
  endfacet
  facet normal 0.48175367410171793 0.8763066800438621 0
    outer loop
      vertex -27.071653589957993 0.3113441489959703 138.39118953519224
      vertex -27.071653589957993 0.3113441489959703 141.46785953239245
      vertex -26.851558583130146 0.19034589506796085 138.52003958849372
    endloop
  endfacet
  facet normal 0.9510565162951524 0.309016994374951 0
    outer loop
      vertex -27.937166322257262 1.5026202256702903 140.03848387125328
      vertex -27.859552971776502 1.2637508946306442 140.29285387278125
      vertex -27.859552971776502 1.2637508946306442 137.5097561662719
    endloop
  endfacet
  facet normal 0.6845471059286958 0.7289686274214049 0
    outer loop
      vertex -27.27484797949738 0.45897351444842105 141.26466514285306
      vertex -27.27484797949738 0.45897351444842105 138.2339802285296
      vertex -27.45793725484282 0.6309057881426234 141.0280206697949
    endloop
  endfacet
  facet normal 0.24868988716485743 0.9685831611286305 0
    outer loop
      vertex -26.618033988749893 0.09788696740969272 138.6184983461222
      vertex -26.618033988749893 0.09788696740969272 141.76165813792255
      vertex -26.37476262917145 0.035425498542622336 138.68501305465344
    endloop
  endfacet
  facet normal 0.3681245526846752 0.9297764858882526 0
    outer loop
      vertex -26.618033988749893 0.09788696740969272 141.76165813792255
      vertex -26.618033988749893 0.09788696740969272 138.6184983461222
      vertex -26.851558583130146 0.19034589506796085 141.63439934150756
    endloop
  endfacet
  facet normal 0.5877852522924686 0.8090169943749507 0
    outer loop
      vertex -27.27484797949738 0.45897351444842105 141.26466514285306
      vertex -27.071653589957993 0.3113441489959703 141.46785953239245
      vertex -27.071653589957993 0.3113441489959703 138.39118953519224
    endloop
  endfacet
  facet normal 0.48175367410171804 0.8763066800438621 0
    outer loop
      vertex -26.851558583130146 0.19034589506796085 141.63439934150756
      vertex -26.851558583130146 0.19034589506796085 138.52003958849372
      vertex -27.071653589957993 0.3113441489959703 141.46785953239245
    endloop
  endfacet
  facet normal 0.2486898871648574 0.9685831611286305 0
    outer loop
      vertex -26.37476262917145 0.035425498542622336 141.84762897439725
      vertex -26.37476262917145 0.035425498542622336 138.68501305465344
      vertex -26.618033988749893 0.09788696740969272 141.76165813792255
    endloop
  endfacet
  facet normal 0.8443279255020457 0.5358267949789481 0
    outer loop
      vertex -27.620019385281584 0.8275579797510542 140.757352148644
      vertex -27.618033988749893 0.8244294954150533 140.76165813792255
      vertex -27.618033988749893 0.8244294954150533 137.8731944351083
    endloop
  endfacet
  facet normal 0.8443279255020089 0.5358267949790064 -8.869008195474929e-17
    outer loop
      vertex -27.620019385281584 0.8275579797510542 140.757352148644
      vertex -27.618033988749893 0.8244294954150533 137.8731944351083
      vertex -27.75261336008773 1.0364926517965691 140.5348593212218
    endloop
  endfacet
  facet normal 0.770513242775788 0.6374239897486911 0
    outer loop
      vertex -27.618033988749893 0.8244294954150533 140.76165813792255
      vertex -27.45793725484282 0.6309057881426234 141.0280206697949
      vertex -27.45793725484282 0.6309057881426234 138.05089095318414
    endloop
  endfacet
  facet normal 0.9980267284282714 0.06279051952931576 0
    outer loop
      vertex -28 2 136.9006779361525
      vertex -28 2 139.50882820802698
      vertex -27.984229402628955 1.749333532871392 137.10804727220403
    endloop
  endfacet
  facet normal 1 0 0
    outer loop
      vertex -28 2.0740669640340172 139.42995490238954
      vertex -28 2 139.50882820802698
      vertex -28 2 136.9006779361525
    endloop
  endfacet
  facet normal 1 0 0
    outer loop
      vertex -28 2.0740669640340172 139.42995490238954
      vertex -28 2 136.9006779361525
      vertex -28 3.47711384175914 138.26925358156325
    endloop
  endfacet
  facet normal 0 1 0
    outer loop
      vertex -25.874418960941373 0.003946543143456438 138.71853473739995
      vertex -26.125581039058627 0.003946543143456438 141.890956039484
      vertex -25.874418960941373 0.003946543143456438 141.890956039484
    endloop
  endfacet
  facet normal 0.9822872507286892 -0.18738131458572235 0
    outer loop
      vertex -27.937166322257262 8.49737977432971 133.90377618669416
      vertex -27.937166322257262 8.49737977432971 135.935822775282
      vertex -27.984229402628955 8.250666467128609 133.95083926706587
    endloop
  endfacet
  facet normal -0.2982749931359471 -0.9544799780350296 0
    outer loop
      vertex -9.381966011250105 4.902113032590307 135.1404666805331
      vertex -9.381966011250105 4.902113032590307 137.364921596077
      vertex -9.741833828641528 5.014571725525127 137.29355313936398
    endloop
  endfacet
  facet normal -0.36812455268467753 -0.9297764858882516 0
    outer loop
      vertex -9.148441416869854 4.809654104932039 137.42359781579918
      vertex -9.381966011250105 4.902113032590307 135.1404666805331
      vertex -9.148441416869854 4.809654104932039 135.1839745493683
    endloop
  endfacet
  facet normal -0.29827499313594674 -0.9544799780350298 6.597879226946839e-17
    outer loop
      vertex -9.741833828641528 5.014571725525127 137.29355313936398
      vertex -12.65822792521013 5.925944880702815 134.65868798284384
      vertex -9.381966011250105 4.902113032590307 135.1404666805331
    endloop
  endfacet
  facet normal -0.36812455268467764 -0.9297764858882517 0
    outer loop
      vertex -9.381966011250105 4.902113032590307 137.364921596077
      vertex -9.381966011250105 4.902113032590307 135.1404666805331
      vertex -9.148441416869854 4.809654104932039 137.42359781579918
    endloop
  endfacet
  facet normal -0.8443279255020155 -0.5358267949789959 0
    outer loop
      vertex -8.302952020226359 4.051064377321696 135.54093977927624
      vertex -8.381966011250105 4.175570504584947 137.82599950483572
      vertex -8.381966011250105 4.175570504584947 135.48235164299408
    endloop
  endfacet
  facet normal -0.2982749931359469 -0.9544799780350298 1.6757807302818947e-16
    outer loop
      vertex -18.964378264656787 7.896616861779895 134.0183778413776
      vertex -9.741833828641528 5.014571725525127 137.29355313936398
      vertex -15.014225062392068 6.662193986072171 136.51824095462035
    endloop
  endfacet
  facet normal -0.7705132427757896 -0.6374239897486894 0
    outer loop
      vertex -8.381966011250105 4.175570504584947 137.82599950483572
      vertex -8.542062745157176 4.3690942118573775 135.3912862987839
      vertex -8.381966011250105 4.175570504584947 135.48235164299408
    endloop
  endfacet
  facet normal -0.29827499313594685 -0.9544799780350298 2.299219230053496e-16
    outer loop
      vertex -18.964378264656787 7.896616861779895 134.0183778413776
      vertex -12.65822792521013 5.925944880702815 134.65868798284384
      vertex -9.741833828641528 5.014571725525127 137.29355313936398
    endloop
  endfacet
  facet normal 0.9048270524660228 -0.4257792915650658 0
    outer loop
      vertex -27.75261336008773 8.96350734820343 133.81485759644235
      vertex -27.75261336008773 8.96350734820343 135.84690418503018
      vertex -27.859552971776502 8.736249105369357 133.85820942480123
    endloop
  endfacet
  facet normal 1 0 0
    outer loop
      vertex -28 7.896616861779895 134.0183778413776
      vertex -28 8 133.99865645302475
      vertex -28 8 136.08356143095637
    endloop
  endfacet
  facet normal 0.9980267284282714 -0.06279051952931566 0
    outer loop
      vertex -28 8 133.99865645302475
      vertex -27.984229402628955 8.250666467128609 133.95083926706587
      vertex -27.984229402628955 8.250666467128609 136.00211495860117
    endloop
  endfacet
  facet normal -0.2982749931359467 -0.9544799780350297 -7.288746045257993e-17
    outer loop
      vertex -15.014225062392068 6.662193986072171 136.51824095462035
      vertex -20.55599354251186 8.393996636109605 135.95554416363484
      vertex -18.964378264656787 7.896616861779895 134.0183778413776
    endloop
  endfacet
  facet normal 0.9980267284282713 -0.06279051952931565 0
    outer loop
      vertex -28 8 136.08356143095637
      vertex -28 8 133.99865645302475
      vertex -27.984229402628955 8.250666467128609 136.00211495860117
    endloop
  endfacet
  facet normal 0.982287250728688 -0.1873813145857274 0
    outer loop
      vertex -27.95688771061012 8.393996636109605 135.95554416363484
      vertex -27.984229402628955 8.250666467128609 136.00211495860117
      vertex -27.984229402628955 8.250666467128609 133.95083926706587
    endloop
  endfacet
  facet normal 0.9822872507286904 -0.18738131458571547 -8.820935710838484e-16
    outer loop
      vertex -27.95688771061012 8.393996636109605 135.95554416363484
      vertex -27.984229402628955 8.250666467128609 133.95083926706587
      vertex -27.937166322257262 8.49737977432971 135.935822775282
    endloop
  endfacet
  facet normal 0.3681245526846721 -0.9297764858882538 0
    outer loop
      vertex -26.618033988749893 9.902113032590307 133.6358089862852
      vertex -26.618033988749893 9.902113032590307 135.66785557487304
      vertex -26.851558583130146 9.80965410493204 133.65344647002223
    endloop
  endfacet
  facet normal 0.9510565162951524 -0.3090169943749504 0
    outer loop
      vertex -27.859552971776502 8.736249105369357 133.85820942480123
      vertex -27.859552971776502 8.736249105369357 135.89025601338906
      vertex -27.937166322257262 8.49737977432971 133.90377618669416
    endloop
  endfacet
  facet normal 0.9510565162951525 -0.30901699437495045 0
    outer loop
      vertex -27.859552971776502 8.736249105369357 135.89025601338906
      vertex -27.937166322257262 8.49737977432971 135.935822775282
      vertex -27.937166322257262 8.49737977432971 133.90377618669416
    endloop
  endfacet
  facet normal 0.9048270524660228 -0.4257792915650658 0
    outer loop
      vertex -27.859552971776502 8.736249105369357 135.89025601338906
      vertex -27.859552971776502 8.736249105369357 133.85820942480123
      vertex -27.75261336008773 8.96350734820343 135.84690418503018
    endloop
  endfacet
  facet normal 0.8443279255020097 -0.5358267949790049 0
    outer loop
      vertex -27.618033988749893 9.175570504584947 133.7744043858479
      vertex -27.618033988749893 9.175570504584947 135.80645097443573
      vertex -27.75261336008773 8.96350734820343 133.81485759644235
    endloop
  endfacet
  facet normal 0.7705132427757883 -0.6374239897486911 0
    outer loop
      vertex -27.618033988749893 9.175570504584947 133.7744043858479
      vertex -27.45793725484282 9.369094211857377 133.73748776431452
      vertex -27.45793725484282 9.369094211857377 135.76953435290235
    endloop
  endfacet
  facet normal 0.6845471059286978 -0.7289686274214032 0
    outer loop
      vertex -27.27484797949738 9.54102648555158 133.70468992901672
      vertex -27.27484797949738 9.54102648555158 135.73673651760456
      vertex -27.45793725484282 9.369094211857377 133.73748776431452
    endloop
  endfacet
  facet normal -0.4817536741017152 -0.8763066800438636 0
    outer loop
      vertex -8.928346410042007 4.688655851004031 137.50038564271105
      vertex -9.148441416869854 4.809654104932039 135.1839745493683
      vertex -8.928346410042007 4.688655851004031 135.24091200575586
    endloop
  endfacet
  facet normal -0.5877852522924732 -0.8090169943749475 0
    outer loop
      vertex -8.72515202050262 4.541026485551578 137.59407408691135
      vertex -8.928346410042007 4.688655851004031 135.24091200575586
      vertex -8.72515202050262 4.541026485551578 135.3103811119958
    endloop
  endfacet
  facet normal -0.6845471059286886 -0.7289686274214118 0
    outer loop
      vertex -8.542062745157176 4.3690942118573775 137.70318562566834
      vertex -8.72515202050262 4.541026485551578 135.3103811119958
      vertex -8.542062745157176 4.3690942118573775 135.3912862987839
    endloop
  endfacet
  facet normal -0.9048270524660206 -0.42577929156507016 0
    outer loop
      vertex -8.140447028223498 3.736249105369356 138.10480134260203
      vertex -8.247386639912273 3.9635073482034304 135.59650515959032
      vertex -8.140447028223498 3.736249105369356 135.7407276260188
    endloop
  endfacet
  facet normal 1 0 0
    outer loop
      vertex -28 2 136.9006779361525
      vertex -28 2.301543337174193 136.65121959281336
      vertex -28 3.47711384175914 138.26925358156325
    endloop
  endfacet
  facet normal 1 0 0
    outer loop
      vertex -28 2.301543337174193 136.65121959281336
      vertex -28 5.014571725525127 137.29355313936398
      vertex -28 3.47711384175914 138.26925358156325
    endloop
  endfacet
  facet normal -0.8443279255020173 -0.5358267949789931 0
    outer loop
      vertex -8.247386639912273 3.9635073482034304 137.96057887617354
      vertex -8.302952020226359 4.051064377321696 135.54093977927624
      vertex -8.247386639912273 3.9635073482034304 135.59650515959032
    endloop
  endfacet
  facet normal 0.5877852522924638 -0.809016994374954 0
    outer loop
      vertex -27.071653589957993 9.688655851004029 133.67652812140963
      vertex -27.071653589957993 9.688655851004029 135.70857470999746
      vertex -27.27484797949738 9.54102648555158 133.70468992901672
    endloop
  endfacet
  facet normal 0.48175367410172343 -0.8763066800438591 0
    outer loop
      vertex -26.851558583130146 9.80965410493204 133.65344647002223
      vertex -26.851558583130146 9.80965410493204 135.68549305861006
      vertex -27.071653589957993 9.688655851004029 133.67652812140963
    endloop
  endfacet
  facet normal -0.29827499313594674 -0.9544799780350298 -6.500721539895613e-17
    outer loop
      vertex -20.55599354251186 8.393996636109605 135.95554416363484
      vertex -25.381966011250107 9.902113032590307 133.6358089862852
      vertex -18.964378264656787 7.896616861779895 134.0183778413776
    endloop
  endfacet
  facet normal -0.3681245526846776 0.9297764858882516 0
    outer loop
      vertex -9.148441416869854 1.1903458950679608 137.5704820631042
      vertex -9.381966011250105 1.0978869674096927 140.46948101548307
      vertex -9.148441416869854 1.1903458950679608 140.37102225785458
    endloop
  endfacet
  facet normal -0.24868988716485405 0.9685831611286314 0
    outer loop
      vertex -9.381966011250105 1.0978869674096927 140.46948101548307
      vertex -9.381966011250105 1.0978869674096927 137.6469707401106
      vertex -9.62523737082855 1.0354254985426228 140.5359957240143
    endloop
  endfacet
  facet normal -0.1253332335643047 0.9921147013144778 0
    outer loop
      vertex -9.62523737082855 1.0354254985426228 137.69864336100855
      vertex -9.874418960941373 1.0039465431434569 140.5695174067608
      vertex -9.62523737082855 1.0354254985426228 140.5359957240143
    endloop
  endfacet
  facet normal -0.1253332335643047 0.9921147013144778 0
    outer loop
      vertex -9.874418960941373 1.0039465431434569 140.5695174067608
      vertex -9.62523737082855 1.0354254985426228 137.69864336100855
      vertex -9.874418960941373 1.0039465431434569 137.72468501769882
    endloop
  endfacet
  facet normal -0.062378286155180575 0.9980525784828885 0
    outer loop
      vertex -9.874418960941373 1.0039465431434569 137.72468501769882
      vertex -12.696635975219815 0.8275579797510542 140.757352148644
      vertex -9.874418960941373 1.0039465431434569 140.5695174067608
    endloop
  endfacet
  facet normal -0.3681245526846776 0.9297764858882516 0
    outer loop
      vertex -9.381966011250105 1.0978869674096927 140.46948101548307
      vertex -9.148441416869854 1.1903458950679608 137.5704820631042
      vertex -9.381966011250105 1.0978869674096927 137.6469707401106
    endloop
  endfacet
  facet normal -0.24868988716485407 0.9685831611286314 0
    outer loop
      vertex -9.62523737082855 1.0354254985426228 140.5359957240143
      vertex -9.381966011250105 1.0978869674096927 137.6469707401106
      vertex -9.62523737082855 1.0354254985426228 137.69864336100855
    endloop
  endfacet
  facet normal -0.062378286155180554 0.9980525784828885 1.6048409582597874e-17
    outer loop
      vertex -12.696635975219815 0.8275579797510542 140.757352148644
      vertex -9.874418960941373 1.0039465431434569 137.72468501769882
      vertex -14.657999616410459 0.7049727521766389 137.9720176475467
    endloop
  endfacet
  facet normal -0.7705132427757896 0.6374239897486894 0
    outer loop
      vertex -8.542062745157176 1.630905788142623 139.90187362254503
      vertex -8.381966011250105 1.8244294954150537 137.04592248913585
      vertex -8.542062745157176 1.630905788142623 137.20601922304292
    endloop
  endfacet
  facet normal -0.9510565162951524 -0.30901699437495095 0
    outer loop
      vertex -8.140447028223498 3.736249105369356 135.7407276260188
      vertex -8.062833677742738 3.4973797743297097 138.25639242967125
      vertex -8.140447028223498 3.736249105369356 138.10480134260203
    endloop
  endfacet
  facet normal -0.9822872507286969 -0.18738131458568189 0
    outer loop
      vertex -8.062833677742738 3.4973797743297097 135.89231871308803
      vertex -8.058967744347429 3.47711384175914 138.26925358156325
      vertex -8.062833677742738 3.4973797743297097 138.25639242967125
    endloop
  endfacet
  facet normal -0.9822872507286884 -0.18738131458572632 0
    outer loop
      vertex -8.015770597371045 3.2506664671286085 136.04888773879878
      vertex -8.015770597371045 3.2506664671286085 138.4565871418342
      vertex -8.058967744347429 3.47711384175914 138.26925358156325
    endloop
  endfacet
  facet normal -0.9510565162951524 -0.30901699437495095 0
    outer loop
      vertex -8.062833677742738 3.4973797743297097 138.25639242967125
      vertex -8.140447028223498 3.736249105369356 135.7407276260188
      vertex -8.062833677742738 3.4973797743297097 135.89231871308803
    endloop
  endfacet
  facet normal -0.9822872507286889 -0.18738131458572285 -3.626389386400239e-16
    outer loop
      vertex -8.058967744347429 3.47711384175914 138.26925358156325
      vertex -8.062833677742738 3.4973797743297097 135.89231871308803
      vertex -8.015770597371045 3.2506664671286085 136.04888773879878
    endloop
  endfacet
  facet normal -0.9980267284282714 0.06279051952931577 0
    outer loop
      vertex -8.015770597371045 2.749333532871392 138.8713258139373
      vertex -8 3 136.2079655160858
      vertex -8.015770597371045 2.749333532871392 136.36704329337286
    endloop
  endfacet
  facet normal -0.9980267284282714 -0.06279051952931566 0
    outer loop
      vertex -8 3 138.66395647788573
      vertex -8.015770597371045 3.2506664671286085 136.04888773879878
      vertex -8 3 136.2079655160858
    endloop
  endfacet
  facet normal -0.982287250728689 0.18738131458572302 0
    outer loop
      vertex -8.062833677742738 2.502620225670291 139.07542481168284
      vertex -8.015770597371045 2.749333532871392 136.36704329337286
      vertex -8.062833677742738 2.502620225670291 136.5236123190836
    endloop
  endfacet
  facet normal -0.9048270524660204 0.4257792915650708 -8.065095351541171e-17
    outer loop
      vertex -8.229705510682214 2.0740669640340172 139.42995490238954
      vertex -8.140447028223498 2.2637508946306433 136.68248422029941
      vertex -8.247386639912273 2.036492651796569 136.87048858908705
    endloop
  endfacet
  facet normal -0.9980267284282713 -0.06279051952931565 0
    outer loop
      vertex -8.015770597371045 3.2506664671286085 138.4565871418342
      vertex -8.015770597371045 3.2506664671286085 136.04888773879878
      vertex -8 3 138.66395647788573
    endloop
  endfacet
  facet normal -0.9980267284282714 0.06279051952931577 0
    outer loop
      vertex -8 3 136.2079655160858
      vertex -8.015770597371045 2.749333532871392 138.8713258139373
      vertex -8 3 138.66395647788573
    endloop
  endfacet
  facet normal -0.8443279255020153 0.5358267949789964 0
    outer loop
      vertex -8.247386639912273 2.036492651796569 139.46996748089703
      vertex -8.247386639912273 2.036492651796569 136.87048858908705
      vertex -8.381966011250105 1.8244294954150537 139.6957918057612
    endloop
  endfacet
  facet normal -0.7705132427757896 0.6374239897486893 0
    outer loop
      vertex -8.381966011250105 1.8244294954150537 137.04592248913585
      vertex -8.542062745157176 1.630905788142623 139.90187362254503
      vertex -8.381966011250105 1.8244294954150537 139.6957918057612
    endloop
  endfacet
  facet normal -0.9510565162951531 0.3090169943749491 2.546170598585707e-16
    outer loop
      vertex -8.128167519272349 2.301543337174193 136.65121959281336
      vertex -8.140447028223498 2.2637508946306433 139.27303470800516
      vertex -8.062833677742738 2.502620225670291 139.07542481168284
    endloop
  endfacet
  facet normal -0.9822872507286889 0.18738131458572302 0
    outer loop
      vertex -8.015770597371045 2.749333532871392 136.36704329337286
      vertex -8.062833677742738 2.502620225670291 139.07542481168284
      vertex -8.015770597371045 2.749333532871392 138.8713258139373
    endloop
  endfacet
  facet normal -0.9048270524660199 0.42577929156507177 0
    outer loop
      vertex -8.140447028223498 2.2637508946306433 136.68248422029941
      vertex -8.229705510682214 2.0740669640340172 139.42995490238954
      vertex -8.140447028223498 2.2637508946306433 139.27303470800516
    endloop
  endfacet
  facet normal -0.9048270524660225 0.4257792915650663 0
    outer loop
      vertex -8.247386639912273 2.036492651796569 136.87048858908705
      vertex -8.247386639912273 2.036492651796569 139.46996748089703
      vertex -8.229705510682214 2.0740669640340172 139.42995490238954
    endloop
  endfacet
  facet normal 0 1 0
    outer loop
      vertex -26.125581039058627 0.003946543143456438 141.890956039484
      vertex -25.874418960941373 0.003946543143456438 138.71853473739995
      vertex -26.125581039058627 0.003946543143456438 138.71853473739995
    endloop
  endfacet
  facet normal -0.8443279255020152 0.5358267949789963 0
    outer loop
      vertex -8.381966011250105 1.8244294954150537 137.04592248913585
      vertex -8.381966011250105 1.8244294954150537 139.6957918057612
      vertex -8.247386639912273 2.036492651796569 136.87048858908705
    endloop
  endfacet
  facet normal -0.5877852522924732 0.8090169943749475 0
    outer loop
      vertex -8.72515202050262 1.458973514448422 137.3482539696774
      vertex -8.928346410042007 1.3113441489959694 140.2421722045531
      vertex -8.72515202050262 1.458973514448422 140.08496289789045
    endloop
  endfacet
  facet normal -0.4817536741017152 0.8763066800438636 0
    outer loop
      vertex -8.928346410042007 1.3113441489959694 137.47038360211792
      vertex -9.148441416869854 1.1903458950679608 140.37102225785458
      vertex -8.928346410042007 1.3113441489959694 140.2421722045531
    endloop
  endfacet
  facet normal -0.6845471059286894 0.7289686274214108 0
    outer loop
      vertex -8.542062745157176 1.630905788142623 137.20601922304292
      vertex -8.72515202050262 1.458973514448422 140.08496289789045
      vertex -8.542062745157176 1.630905788142623 139.90187362254503
    endloop
  endfacet
  facet normal -0.6845471059286895 0.7289686274214108 0
    outer loop
      vertex -8.72515202050262 1.458973514448422 140.08496289789045
      vertex -8.542062745157176 1.630905788142623 137.20601922304292
      vertex -8.72515202050262 1.458973514448422 137.3482539696774
    endloop
  endfacet
  facet normal -0.4817536741017153 0.8763066800438636 0
    outer loop
      vertex -9.148441416869854 1.1903458950679608 140.37102225785458
      vertex -8.928346410042007 1.3113441489959694 137.47038360211792
      vertex -9.148441416869854 1.1903458950679608 137.5704820631042
    endloop
  endfacet
  facet normal -0.5877852522924732 0.8090169943749475 0
    outer loop
      vertex -8.928346410042007 1.3113441489959694 140.2421722045531
      vertex -8.72515202050262 1.458973514448422 137.3482539696774
      vertex -8.928346410042007 1.3113441489959694 137.47038360211792
    endloop
  endfacet
  facet normal 0.6845471059286978 -0.7289686274214032 0
    outer loop
      vertex -27.45793725484282 9.369094211857377 135.76953435290235
      vertex -27.45793725484282 9.369094211857377 133.73748776431452
      vertex -27.27484797949738 9.54102648555158 135.73673651760456
    endloop
  endfacet
  facet normal 1 0 0
    outer loop
      vertex -28 4.051064377321696 135.54093977927624
      vertex -28 5.925944880702815 134.65868798284384
      vertex -28 6.662193986072171 136.51824095462035
    endloop
  endfacet
  facet normal 1 0 0
    outer loop
      vertex -28 4.051064377321696 135.54093977927624
      vertex -28 6.662193986072171 136.51824095462035
      vertex -28 5.014571725525127 137.29355313936398
    endloop
  endfacet
  facet normal 1 0 0
    outer loop
      vertex -28 2.301543337174193 136.65121959281336
      vertex -28 4.051064377321696 135.54093977927624
      vertex -28 5.014571725525127 137.29355313936398
    endloop
  endfacet
  facet normal 0.2486898871648604 -0.9685831611286296 0
    outer loop
      vertex -26.37476262917145 9.964574501457378 133.6280581179604
      vertex -26.37476262917145 9.964574501457378 135.6559404124411
      vertex -26.50162552449269 9.932001646188983 133.6301074283111
    endloop
  endfacet
  facet normal 0.5877852522924638 -0.809016994374954 0
    outer loop
      vertex -27.27484797949738 9.54102648555158 135.73673651760456
      vertex -27.27484797949738 9.54102648555158 133.70468992901672
      vertex -27.071653589957993 9.688655851004029 135.70857470999746
    endloop
  endfacet
  facet normal 0.24868988716485743 -0.9685831611286305 2.0223647786620817e-16
    outer loop
      vertex -26.50162552449269 9.932001646188983 133.6301074283111
      vertex -26.37476262917145 9.964574501457378 135.6559404124411
      vertex -26.618033988749893 9.902113032590307 135.66785557487304
    endloop
  endfacet
  facet normal 0.3681245526846721 -0.9297764858882538 0
    outer loop
      vertex -26.618033988749893 9.902113032590307 135.66785557487304
      vertex -26.851558583130146 9.80965410493204 135.68549305861006
      vertex -26.851558583130146 9.80965410493204 133.65344647002223
    endloop
  endfacet
  facet normal 0.48175367410172343 -0.8763066800438591 0
    outer loop
      vertex -27.071653589957993 9.688655851004029 135.70857470999746
      vertex -27.071653589957993 9.688655851004029 133.67652812140963
      vertex -26.851558583130146 9.80965410493204 135.68549305861006
    endloop
  endfacet
  facet normal -0.9510565162951582 0.30901699437493313 0
    outer loop
      vertex -8.140447028223498 2.2637508946306433 139.27303470800516
      vertex -8.128167519272349 2.301543337174193 136.65121959281336
      vertex -8.140447028223498 2.2637508946306433 136.68248422029941
    endloop
  endfacet
  facet normal -0.7705132427757896 -0.6374239897486894 0
    outer loop
      vertex -8.542062745157176 4.3690942118573775 135.3912862987839
      vertex -8.381966011250105 4.175570504584947 137.82599950483572
      vertex -8.542062745157176 4.3690942118573775 137.70318562566834
    endloop
  endfacet
  facet normal -0.6845471059286886 -0.7289686274214117 0
    outer loop
      vertex -8.72515202050262 4.541026485551578 137.59407408691135
      vertex -8.72515202050262 4.541026485551578 135.3103811119958
      vertex -8.542062745157176 4.3690942118573775 137.70318562566834
    endloop
  endfacet
  facet normal -0.5877852522924732 -0.8090169943749475 0
    outer loop
      vertex -8.928346410042007 4.688655851004031 135.24091200575586
      vertex -8.72515202050262 4.541026485551578 137.59407408691135
      vertex -8.928346410042007 4.688655851004031 137.50038564271105
    endloop
  endfacet
  facet normal -0.4817536741017152 -0.8763066800438636 0
    outer loop
      vertex -9.148441416869854 4.809654104932039 135.1839745493683
      vertex -8.928346410042007 4.688655851004031 137.50038564271105
      vertex -9.148441416869854 4.809654104932039 137.42359781579918
    endloop
  endfacet
  facet normal 0.7705132427757883 -0.6374239897486911 0
    outer loop
      vertex -27.618033988749893 9.175570504584947 135.80645097443573
      vertex -27.618033988749893 9.175570504584947 133.7744043858479
      vertex -27.45793725484282 9.369094211857377 135.76953435290235
    endloop
  endfacet
  facet normal -0.06237828615518056 0.9980525784828885 0
    outer loop
      vertex -14.657999616410459 0.7049727521766389 137.9720176475467
      vertex -25.874418960941373 0.003946543143456438 138.71853473739995
      vertex -25.874418960941373 0.003946543143456438 141.890956039484
    endloop
  endfacet
  facet normal 0.12533323356430467 0.9921147013144778 0
    outer loop
      vertex -26.125581039058627 0.003946543143456438 141.890956039484
      vertex -26.125581039058627 0.003946543143456438 138.71853473739995
      vertex -26.37476262917145 0.035425498542622336 141.84762897439725
    endloop
  endfacet
  facet normal 0.12533323356430467 0.9921147013144778 0
    outer loop
      vertex -26.37476262917145 0.035425498542622336 138.68501305465344
      vertex -26.37476262917145 0.035425498542622336 141.84762897439725
      vertex -26.125581039058627 0.003946543143456438 138.71853473739995
    endloop
  endfacet
  facet normal 1 0 0
    outer loop
      vertex -28 5.925944880702815 134.65868798284384
      vertex -28 7.896616861779895 134.0183778413776
      vertex -28 8 136.08356143095637
    endloop
  endfacet
  facet normal -0.9510565162951522 0.30901699437495184 0
    outer loop
      vertex -8.128167519272349 2.301543337174193 136.65121959281336
      vertex -8.062833677742738 2.502620225670291 139.07542481168284
      vertex -8.062833677742738 2.502620225670291 136.5236123190836
    endloop
  endfacet
  facet normal -0.12533323356430467 -0.9921147013144779 0
    outer loop
      vertex -25.874418960941373 9.996053456856544 133.62607762995597
      vertex -25.62523737082855 9.964574501457378 135.65594041244108
      vertex -25.874418960941373 9.996053456856544 135.64993548054352
    endloop
  endfacet
  facet normal -0.062378286155180554 0.9980525784828885 0
    outer loop
      vertex -25.874418960941373 0.003946543143456438 141.890956039484
      vertex -12.696635975219815 0.8275579797510542 140.757352148644
      vertex -14.657999616410459 0.7049727521766389 137.9720176475467
    endloop
  endfacet
  facet normal -0.9048270524660206 -0.42577929156507016 0
    outer loop
      vertex -8.247386639912273 3.9635073482034304 135.59650515959032
      vertex -8.140447028223498 3.736249105369356 138.10480134260203
      vertex -8.247386639912273 3.9635073482034304 137.96057887617354
    endloop
  endfacet
  facet normal 0 -1 0
    outer loop
      vertex -26.125581039058627 9.996053456856544 133.62607762995597
      vertex -25.874418960941373 9.996053456856544 135.64993548054352
      vertex -26.125581039058627 9.996053456856544 135.64993548054352
    endloop
  endfacet
  facet normal 0.12533323356430467 -0.9921147013144779 0
    outer loop
      vertex -26.37476262917145 9.964574501457378 135.6559404124411
      vertex -26.37476262917145 9.964574501457378 133.6280581179604
      vertex -26.125581039058627 9.996053456856544 135.64993548054352
    endloop
  endfacet
  facet normal -0.24868988716486048 -0.9685831611286296 0
    outer loop
      vertex -25.49837447550731 9.932001646188983 133.6301074283111
      vertex -25.62523737082855 9.964574501457378 135.65594041244108
      vertex -25.62523737082855 9.964574501457378 133.6280581179604
    endloop
  endfacet
  facet normal -0.1253332335643047 -0.992114701314478 0
    outer loop
      vertex -25.62523737082855 9.964574501457378 135.65594041244108
      vertex -25.874418960941373 9.996053456856544 133.62607762995597
      vertex -25.62523737082855 9.964574501457378 133.6280581179604
    endloop
  endfacet
  facet normal 0 -1 0
    outer loop
      vertex -25.874418960941373 9.996053456856544 135.64993548054352
      vertex -26.125581039058627 9.996053456856544 133.62607762995597
      vertex -25.874418960941373 9.996053456856544 133.62607762995597
    endloop
  endfacet
  facet normal 0.12533323356430467 -0.9921147013144779 0
    outer loop
      vertex -26.125581039058627 9.996053456856544 133.62607762995597
      vertex -26.125581039058627 9.996053456856544 135.64993548054352
      vertex -26.37476262917145 9.964574501457378 133.6280581179604
    endloop
  endfacet
  facet normal -0.29827499313594674 -0.9544799780350299 0
    outer loop
      vertex -20.55599354251186 8.393996636109605 135.95554416363484
      vertex -25.381966011250107 9.902113032590307 135.66785557487307
      vertex -25.381966011250107 9.902113032590307 133.6358089862852
    endloop
  endfacet
  facet normal -0.24868988716485738 -0.9685831611286304 2.0223647786620802e-16
    outer loop
      vertex -25.49837447550731 9.932001646188983 133.6301074283111
      vertex -25.381966011250107 9.902113032590307 135.66785557487307
      vertex -25.62523737082855 9.964574501457378 135.65594041244108
    endloop
  endfacet
  facet normal -0.24868988716485407 -0.9685831611286313 0
    outer loop
      vertex -25.381966011250107 9.902113032590307 135.66785557487307
      vertex -25.49837447550731 9.932001646188983 133.6301074283111
      vertex -25.381966011250107 9.902113032590307 133.6358089862852
    endloop
  endfacet
  facet normal 1 0 0
    outer loop
      vertex -28 5.925944880702815 134.65868798284384
      vertex -28 8 136.08356143095637
      vertex -28 6.662193986072171 136.51824095462035
    endloop
  endfacet
  facet normal -0.8443279255020162 -0.5358267949789949 -8.472531094107255e-17
    outer loop
      vertex -8.302952020226359 4.051064377321696 135.54093977927624
      vertex -8.247386639912273 3.9635073482034304 137.96057887617354
      vertex -8.381966011250105 4.175570504584947 137.82599950483572
    endloop
  endfacet
  facet normal -0.3681245526848185 0 -0.9297764858881958
    outer loop
      vertex -4.644630456468811 -4.199999999999999 151.09371499373944
      vertex -4.644630456468811 -2.448237392768116 151.09371499373944
      vertex -4.510353814700166 -2.454953553114265 151.0405511103359
    endloop
  endfacet
  facet normal -0.5877852522925898 0 0.8090169943748627
    outer loop
      vertex -4.300508010351281 -2.4713875622099373 149.08953746682496
      vertex -4.383799185774154 -2.463742792786042 149.02902288567267
      vertex -4.383799185774154 -4.199999999999999 149.02902288567267
    endloop
  endfacet
  facet normal 0.12533323356432427 0 0.9921147013144752
    outer loop
      vertex -5.215488511773583 -2.4437002296083032 148.870369661662
      vertex -5.215488511773583 -4.199999999999999 148.870369661662
      vertex -5.07220909745871 -2.4414136174082204 148.8522692623075
    endloop
  endfacet
  facet normal 0.4817536741016117 0 0.8763066800439204
    outer loop
      vertex -5.616200814225846 -2.463742792786042 149.02902288567267
      vertex -5.616200814225846 -4.199999999999999 149.02902288567267
      vertex -5.489646185299833 -4.199999999999999 148.9594488896641
    endloop
  endfacet
  facet normal -0.4817536741016117 0 0.8763066800439204
    outer loop
      vertex -4.383799185774154 -4.199999999999999 149.02902288567267
      vertex -4.383799185774154 -2.463742792786042 149.02902288567267
      vertex -4.510353814700167 -4.199999999999999 148.9594488896641
    endloop
  endfacet
  facet normal -0.5877852522925496 -2.9619321232794324e-15 0.8090169943748918
    outer loop
      vertex -4.300508010351281 -2.4713875622099373 149.08953746682496
      vertex -4.383799185774154 -4.199999999999999 149.02902288567267
      vertex -4.266962411789007 -4.199999999999999 149.11390977080785
    endloop
  endfacet
  facet normal -0.6845471059286878 0 0.7289686274214123
    outer loop
      vertex -4.161686078465377 -4.199999999999999 149.21277082818202
      vertex -4.161686078465377 -2.4713875622099373 149.21277082818202
      vertex -4.266962411789007 -4.199999999999999 149.11390977080785
    endloop
  endfacet
  facet normal -0.6845471059286878 0 0.7289686274214123
    outer loop
      vertex -4.266962411789007 -2.4713875622099373 149.11390977080785
      vertex -4.266962411789007 -4.199999999999999 149.11390977080785
      vertex -4.161686078465377 -2.4713875622099373 149.21277082818202
    endloop
  endfacet
  facet normal -0.7705132427757914 0 0.6374239897486872
    outer loop
      vertex -4.06963045646881 -4.199999999999999 149.32404695986367
      vertex -4.06963045646881 -2.4713875622099373 149.32404695986367
      vertex -4.161686078465377 -4.199999999999999 149.21277082818202
    endloop
  endfacet
  facet normal -0.5877852522924496 0 0.8090169943749644
    outer loop
      vertex -4.300508010351281 -2.4713875622099373 149.08953746682496
      vertex -4.266962411789007 -4.199999999999999 149.11390977080785
      vertex -4.266962411789007 -2.4713875622099373 149.11390977080785
    endloop
  endfacet
  facet normal 0.3681245526848206 0 0.929776485888195
    outer loop
      vertex -5.355369543531189 -4.199999999999999 148.90628500626056
      vertex -5.355369543531189 -2.448237392768116 148.90628500626056
      vertex -5.489646185299833 -2.454953553114265 148.9594488896641
    endloop
  endfacet
  facet normal 0.24868988716475382 0 0.9685831611286572
    outer loop
      vertex -5.215488511773583 -4.199999999999999 148.870369661662
      vertex -5.215488511773583 -2.4437002296083032 148.870369661662
      vertex -5.355369543531189 -2.448237392768116 148.90628500626056
    endloop
  endfacet
  facet normal 0.5877852522925496 1.26468421451462e-15 0.8090169943748918
    outer loop
      vertex -5.616200814225846 -4.199999999999999 149.02902288567267
      vertex -5.699491989648731 -2.4713875622099373 149.08953746682496
      vertex -5.733037588210993 -4.199999999999999 149.11390977080785
    endloop
  endfacet
  facet normal 0 0 1
    outer loop
      vertex -5.07220909745871 -2.4414136174082204 148.8522692623075
      vertex -5.07220909745871 -4.199999999999999 148.8522692623075
      vertex -4.92779090254129 -2.4414136174082204 148.8522692623075
    endloop
  endfacet
  facet normal -0.12533323356432427 0 0.9921147013144753
    outer loop
      vertex -4.92779090254129 -2.4414136174082204 148.8522692623075
      vertex -4.92779090254129 -4.199999999999999 148.8522692623075
      vertex -4.784511488226417 -2.4437002296083037 148.870369661662
    endloop
  endfacet
  facet normal -0.24868988716475382 0 0.9685831611286572
    outer loop
      vertex -4.784511488226417 -2.4437002296083037 148.870369661662
      vertex -4.784511488226417 -4.199999999999999 148.870369661662
      vertex -4.644630456468811 -2.448237392768116 148.90628500626056
    endloop
  endfacet
  facet normal -0.3681245526848206 0 0.929776485888195
    outer loop
      vertex -4.644630456468811 -2.448237392768116 148.90628500626056
      vertex -4.644630456468811 -4.199999999999999 148.90628500626056
      vertex -4.510353814700167 -2.454953553114265 148.9594488896641
    endloop
  endfacet
  facet normal 0.5877852522925323 0 0.8090169943749044
    outer loop
      vertex -5.616200814225846 -4.199999999999999 149.02902288567267
      vertex -5.616200814225846 -2.463742792786042 149.02902288567267
      vertex -5.699491989648731 -2.4713875622099373 149.08953746682496
    endloop
  endfacet
  facet normal 0.5877852522925922 0 0.8090169943748607
    outer loop
      vertex -5.699491989648731 -2.4713875622099373 149.08953746682496
      vertex -5.733037588210993 -2.4713875622099373 149.11390977080785
      vertex -5.733037588210993 -4.199999999999999 149.11390977080785
    endloop
  endfacet
  facet normal 0.4817536741016117 0 0.8763066800439205
    outer loop
      vertex -5.489646185299833 -4.199999999999999 148.9594488896641
      vertex -5.489646185299833 -2.454953553114265 148.9594488896641
      vertex -5.616200814225846 -2.463742792786042 149.02902288567267
    endloop
  endfacet
  facet normal -0.4817536741016117 0 0.8763066800439205
    outer loop
      vertex -4.510353814700167 -2.454953553114265 148.9594488896641
      vertex -4.510353814700167 -4.199999999999999 148.9594488896641
      vertex -4.383799185774154 -2.463742792786042 149.02902288567267
    endloop
  endfacet
  facet normal 0.36812455268482064 0 0.9297764858881951
    outer loop
      vertex -5.489646185299833 -2.454953553114265 148.9594488896641
      vertex -5.489646185299833 -4.199999999999999 148.9594488896641
      vertex -5.355369543531189 -4.199999999999999 148.90628500626056
    endloop
  endfacet
  facet normal -0.9822872507286944 0 0.18738131458569435
    outer loop
      vertex -3.8861293647020743 -2.4713875622099373 149.7140066297604
      vertex -3.8861293647020743 -4.199999999999999 149.7140066297604
      vertex -3.8590680934883506 -2.4713875622099373 149.85586678140106
    endloop
  endfacet
  facet normal -0.9510565162951373 0 0.30901699437499763
    outer loop
      vertex -3.930757041228511 -2.4713875622099373 149.57665676441263
      vertex -3.930757041228511 -4.199999999999999 149.57665676441263
      vertex -3.8861293647020743 -2.4713875622099373 149.7140066297604
    endloop
  endfacet
  facet normal -0.9048270524660289 0 0.4257792915650527
    outer loop
      vertex -3.9922473179495572 -2.4713875622099373 149.44598327478303
      vertex -3.9922473179495572 -4.199999999999999 149.44598327478303
      vertex -3.930757041228511 -2.4713875622099373 149.57665676441263
    endloop
  endfacet
  facet normal -0.9980267284282712 0 0.06279051952931831
    outer loop
      vertex -3.85 -4.199999999999999 150
      vertex -3.85 -2.4713875622099373 150
      vertex -3.8590680934883506 -4.199999999999999 149.85586678140106
    endloop
  endfacet
  facet normal -0.9822872507286944 0 0.18738131458569435
    outer loop
      vertex -3.8590680934883506 -4.199999999999999 149.85586678140106
      vertex -3.8590680934883506 -2.4713875622099373 149.85586678140106
      vertex -3.8861293647020743 -4.199999999999999 149.7140066297604
    endloop
  endfacet
  facet normal -0.9510565162951373 0 0.30901699437499763
    outer loop
      vertex -3.8861293647020743 -4.199999999999999 149.7140066297604
      vertex -3.8861293647020743 -2.4713875622099373 149.7140066297604
      vertex -3.930757041228511 -4.199999999999999 149.57665676441263
    endloop
  endfacet
  facet normal -0.9048270524660289 0 0.4257792915650527
    outer loop
      vertex -3.930757041228511 -4.199999999999999 149.57665676441263
      vertex -3.930757041228511 -2.4713875622099373 149.57665676441263
      vertex -3.9922473179495572 -4.199999999999999 149.44598327478303
    endloop
  endfacet
  facet normal -0.8443279255020071 0 0.5358267949790092
    outer loop
      vertex -3.9922473179495572 -4.199999999999999 149.44598327478303
      vertex -3.9922473179495572 -2.4713875622099373 149.44598327478303
      vertex -4.06963045646881 -4.199999999999999 149.32404695986367
    endloop
  endfacet
  facet normal -0.9980267284282712 0 0.06279051952931831
    outer loop
      vertex -3.8590680934883506 -2.4713875622099373 149.85586678140106
      vertex -3.8590680934883506 -4.199999999999999 149.85586678140106
      vertex -3.85 -2.4713875622099373 150
    endloop
  endfacet
  facet normal 0.2486898871647538 0 0.9685831611286569
    outer loop
      vertex -5.355369543531189 -2.448237392768116 148.90628500626056
      vertex -5.355369543531189 -4.199999999999999 148.90628500626056
      vertex -5.215488511773583 -4.199999999999999 148.870369661662
    endloop
  endfacet
  facet normal 0.12533323356432427 0 0.9921147013144753
    outer loop
      vertex -5.07220909745871 -4.199999999999999 148.8522692623075
      vertex -5.07220909745871 -2.4414136174082204 148.8522692623075
      vertex -5.215488511773583 -4.199999999999999 148.870369661662
    endloop
  endfacet
  facet normal 0 0 1
    outer loop
      vertex -4.92779090254129 -4.199999999999999 148.8522692623075
      vertex -4.92779090254129 -2.4414136174082204 148.8522692623075
      vertex -5.07220909745871 -4.199999999999999 148.8522692623075
    endloop
  endfacet
  facet normal -0.8443279255020071 0 0.5358267949790092
    outer loop
      vertex -4.06963045646881 -2.4713875622099373 149.32404695986367
      vertex -4.06963045646881 -4.199999999999999 149.32404695986367
      vertex -3.9922473179495572 -2.4713875622099373 149.44598327478303
    endloop
  endfacet
  facet normal -0.7705132427757914 0 0.6374239897486872
    outer loop
      vertex -4.161686078465377 -2.4713875622099373 149.21277082818202
      vertex -4.161686078465377 -4.199999999999999 149.21277082818202
      vertex -4.06963045646881 -2.4713875622099373 149.32404695986367
    endloop
  endfacet
  facet normal -0.12533323356432427 0 0.9921147013144752
    outer loop
      vertex -4.784511488226417 -4.199999999999999 148.870369661662
      vertex -4.784511488226417 -2.4437002296083037 148.870369661662
      vertex -4.92779090254129 -4.199999999999999 148.8522692623075
    endloop
  endfacet
  facet normal -0.2486898871647538 0 0.9685831611286569
    outer loop
      vertex -4.644630456468811 -4.199999999999999 148.90628500626056
      vertex -4.644630456468811 -2.448237392768116 148.90628500626056
      vertex -4.784511488226417 -4.199999999999999 148.870369661662
    endloop
  endfacet
  facet normal -0.36812455268482064 0 0.9297764858881951
    outer loop
      vertex -4.510353814700167 -4.199999999999999 148.9594488896641
      vertex -4.510353814700167 -2.454953553114265 148.9594488896641
      vertex -4.644630456468811 -4.199999999999999 148.90628500626056
    endloop
  endfacet
  facet normal -0.9048270524660289 0 -0.4257792915650527
    outer loop
      vertex -3.930757041228511 -2.4713875622099373 150.42334323558737
      vertex -3.930757041228511 -4.199999999999999 150.42334323558737
      vertex -3.9922473179495572 -2.4713875622099373 150.55401672521697
    endloop
  endfacet
  facet normal 0.9048270524660289 0 -0.4257792915650527
    outer loop
      vertex -6.069242958771489 -4.199999999999999 150.42334323558737
      vertex -6.069242958771489 -2.4713875622099373 150.42334323558737
      vertex -6.007752682050443 -4.199999999999999 150.55401672521697
    endloop
  endfacet
  facet normal 0.9822872507286939 0 0.18738131458569734
    outer loop
      vertex -6.14093190651165 -2.4713875622099373 149.85586678140106
      vertex -6.14093190651165 -4.199999999999999 149.85586678140106
      vertex -6.113870635297926 -2.4713875622099373 149.7140066297604
    endloop
  endfacet
  facet normal 0.9510565162951373 0 0.30901699437499763
    outer loop
      vertex -6.113870635297926 -2.4713875622099373 149.7140066297604
      vertex -6.113870635297926 -4.199999999999999 149.7140066297604
      vertex -6.069242958771489 -2.4713875622099373 149.57665676441263
    endloop
  endfacet
  facet normal 0.9048270524660289 0 0.4257792915650527
    outer loop
      vertex -6.069242958771489 -2.4713875622099373 149.57665676441263
      vertex -6.069242958771489 -4.199999999999999 149.57665676441263
      vertex -6.007752682050443 -2.4713875622099373 149.44598327478303
    endloop
  endfacet
  facet normal 0.7705132427757914 0 0.6374239897486872
    outer loop
      vertex -5.93036954353119 -2.4713875622099373 149.32404695986367
      vertex -5.93036954353119 -4.199999999999999 149.32404695986367
      vertex -5.838313921534623 -2.4713875622099373 149.21277082818202
    endloop
  endfacet
  facet normal 0.8443279255020071 0 0.5358267949790092
    outer loop
      vertex -6.007752682050443 -2.4713875622099373 149.44598327478303
      vertex -6.007752682050443 -4.199999999999999 149.44598327478303
      vertex -5.93036954353119 -2.4713875622099373 149.32404695986367
    endloop
  endfacet
  facet normal 0.6845471059286878 0 0.7289686274214123
    outer loop
      vertex -5.838313921534623 -2.4713875622099373 149.21277082818202
      vertex -5.838313921534623 -4.199999999999999 149.21277082818202
      vertex -5.733037588210993 -2.4713875622099373 149.11390977080785
    endloop
  endfacet
  facet normal -0.9980267284282712 0 -0.06279051952931831
    outer loop
      vertex -3.85 -2.4713875622099373 150
      vertex -3.85 -4.199999999999999 150
      vertex -3.8590680934883506 -2.4713875622099373 150.14413321859894
    endloop
  endfacet
  facet normal -0.9822872507286944 0 -0.18738131458569435
    outer loop
      vertex -3.8590680934883506 -2.4713875622099373 150.14413321859894
      vertex -3.8590680934883506 -4.199999999999999 150.14413321859894
      vertex -3.8861293647020743 -2.4713875622099373 150.2859933702396
    endloop
  endfacet
  facet normal -0.9510565162951373 0 -0.30901699437499763
    outer loop
      vertex -3.8861293647020743 -2.4713875622099373 150.2859933702396
      vertex -3.8861293647020743 -4.199999999999999 150.2859933702396
      vertex -3.930757041228511 -2.4713875622099373 150.42334323558737
    endloop
  endfacet
  facet normal 0.9980267284282712 0 0.06279051952931831
    outer loop
      vertex -6.15 -2.4713875622099373 150
      vertex -6.15 -4.199999999999999 150
      vertex -6.14093190651165 -2.4713875622099373 149.85586678140106
    endloop
  endfacet
  facet normal 0.9510565162951373 0 -0.30901699437499763
    outer loop
      vertex -6.113870635297926 -4.199999999999999 150.2859933702396
      vertex -6.113870635297926 -2.4713875622099373 150.2859933702396
      vertex -6.069242958771489 -4.199999999999999 150.42334323558737
    endloop
  endfacet
  facet normal 0.9822872507286939 0 -0.18738131458569734
    outer loop
      vertex -6.14093190651165 -4.199999999999999 150.14413321859894
      vertex -6.14093190651165 -2.4713875622099373 150.14413321859894
      vertex -6.113870635297926 -4.199999999999999 150.2859933702396
    endloop
  endfacet
  facet normal 0.9980267284282712 0 -0.06279051952931831
    outer loop
      vertex -6.15 -4.199999999999999 150
      vertex -6.15 -2.4713875622099373 150
      vertex -6.14093190651165 -4.199999999999999 150.14413321859894
    endloop
  endfacet
  facet normal -0.8443279255020071 0 -0.5358267949790092
    outer loop
      vertex -3.9922473179495572 -2.4713875622099373 150.55401672521697
      vertex -3.9922473179495572 -4.199999999999999 150.55401672521697
      vertex -4.06963045646881 -2.4713875622099373 150.67595304013633
    endloop
  endfacet
  facet normal -0.12533323356432427 0 -0.9921147013144753
    outer loop
      vertex -4.92779090254129 -4.199999999999999 151.1477307376925
      vertex -4.92779090254129 -2.4414136174082204 151.1477307376925
      vertex -4.784511488226417 -4.199999999999999 151.129630338338
    endloop
  endfacet
  facet normal -0.2486898871647538 0 -0.9685831611286569
    outer loop
      vertex -4.644630456468811 -2.448237392768116 151.09371499373944
      vertex -4.644630456468811 -4.199999999999999 151.09371499373944
      vertex -4.784511488226417 -4.199999999999999 151.129630338338
    endloop
  endfacet
  facet normal -0.3681245526848185 0 -0.9297764858881957
    outer loop
      vertex -4.510353814700166 -2.454953553114265 151.0405511103359
      vertex -4.510353814700166 -4.199999999999999 151.0405511103359
      vertex -4.644630456468811 -4.199999999999999 151.09371499373944
    endloop
  endfacet
  facet normal 0.5877852522924496 0 -0.8090169943749644
    outer loop
      vertex -5.699491989648719 -2.4713875622099373 150.91046253317504
      vertex -5.733037588210993 -4.199999999999999 150.88609022919215
      vertex -5.733037588210993 -2.4713875622099373 150.88609022919215
    endloop
  endfacet
  facet normal 0.5877852522925898 0 -0.8090169943748627
    outer loop
      vertex -5.699491989648719 -2.4713875622099373 150.91046253317504
      vertex -5.616200814225846 -2.463742792786042 150.97097711432733
      vertex -5.616200814225846 -4.199999999999999 150.97097711432733
    endloop
  endfacet
  facet normal 0.48175367410161435 0 -0.8763066800439191
    outer loop
      vertex -5.489646185299834 -2.454953553114265 151.0405511103359
      vertex -5.489646185299834 -4.199999999999999 151.0405511103359
      vertex -5.616200814225846 -2.463742792786042 150.97097711432733
    endloop
  endfacet
  facet normal 0.9048270524660289 0 -0.4257792915650527
    outer loop
      vertex -6.007752682050443 -2.4713875622099373 150.55401672521697
      vertex -6.007752682050443 -4.199999999999999 150.55401672521697
      vertex -6.069242958771489 -2.4713875622099373 150.42334323558737
    endloop
  endfacet
  facet normal 0.9510565162951373 0 -0.30901699437499763
    outer loop
      vertex -6.069242958771489 -2.4713875622099373 150.42334323558737
      vertex -6.069242958771489 -4.199999999999999 150.42334323558737
      vertex -6.113870635297926 -2.4713875622099373 150.2859933702396
    endloop
  endfacet
  facet normal 0.9822872507286939 0 -0.18738131458569734
    outer loop
      vertex -6.113870635297926 -2.4713875622099373 150.2859933702396
      vertex -6.113870635297926 -4.199999999999999 150.2859933702396
      vertex -6.14093190651165 -2.4713875622099373 150.14413321859894
    endloop
  endfacet
  facet normal 0.9980267284282712 0 -0.06279051952931831
    outer loop
      vertex -6.14093190651165 -2.4713875622099373 150.14413321859894
      vertex -6.14093190651165 -4.199999999999999 150.14413321859894
      vertex -6.15 -2.4713875622099373 150
    endloop
  endfacet
  facet normal 0.5877852522925496 -2.9619321232794324e-15 -0.8090169943748918
    outer loop
      vertex -5.699491989648719 -2.4713875622099373 150.91046253317504
      vertex -5.616200814225846 -4.199999999999999 150.97097711432733
      vertex -5.733037588210993 -4.199999999999999 150.88609022919215
    endloop
  endfacet
  facet normal 0.48175367410161435 0 -0.8763066800439191
    outer loop
      vertex -5.616200814225846 -4.199999999999999 150.97097711432733
      vertex -5.616200814225846 -2.463742792786042 150.97097711432733
      vertex -5.489646185299834 -4.199999999999999 151.0405511103359
    endloop
  endfacet
  facet normal -0.8443279255020071 0 -0.5358267949790092
    outer loop
      vertex -4.06963045646881 -4.199999999999999 150.67595304013633
      vertex -4.06963045646881 -2.4713875622099373 150.67595304013633
      vertex -3.9922473179495572 -4.199999999999999 150.55401672521697
    endloop
  endfacet
  facet normal -0.7705132427757914 0 -0.6374239897486872
    outer loop
      vertex -4.161686078465377 -4.199999999999999 150.78722917181798
      vertex -4.161686078465377 -2.4713875622099373 150.78722917181798
      vertex -4.06963045646881 -4.199999999999999 150.67595304013633
    endloop
  endfacet
  facet normal -0.48175367410161435 0 -0.8763066800439191
    outer loop
      vertex -4.383799185774154 -2.463742792786042 150.97097711432733
      vertex -4.383799185774154 -4.199999999999999 150.97097711432733
      vertex -4.510353814700166 -4.199999999999999 151.0405511103359
    endloop
  endfacet
  facet normal -0.5877852522925496 1.26468421451462e-15 -0.8090169943748918
    outer loop
      vertex -4.383799185774154 -4.199999999999999 150.97097711432733
      vertex -4.300508010351269 -2.4713875622099373 150.91046253317504
      vertex -4.266962411789007 -4.199999999999999 150.88609022919215
    endloop
  endfacet
  facet normal -0.6845471059286878 0 -0.7289686274214123
    outer loop
      vertex -4.266962411789007 -4.199999999999999 150.88609022919215
      vertex -4.266962411789007 -2.4713875622099373 150.88609022919215
      vertex -4.161686078465377 -4.199999999999999 150.78722917181798
    endloop
  endfacet
  facet normal -0.24868988716475382 0 -0.9685831611286572
    outer loop
      vertex -4.784511488226417 -4.199999999999999 151.129630338338
      vertex -4.784511488226417 -2.4437002296083037 151.129630338338
      vertex -4.644630456468811 -2.448237392768116 151.09371499373944
    endloop
  endfacet
  facet normal 0.8443279255020071 0 -0.5358267949790092
    outer loop
      vertex -5.93036954353119 -2.4713875622099373 150.67595304013633
      vertex -5.93036954353119 -4.199999999999999 150.67595304013633
      vertex -6.007752682050443 -2.4713875622099373 150.55401672521697
    endloop
  endfacet
  facet normal 0.7705132427757914 0 -0.6374239897486872
    outer loop
      vertex -5.838313921534623 -2.4713875622099373 150.78722917181798
      vertex -5.838313921534623 -4.199999999999999 150.78722917181798
      vertex -5.93036954353119 -2.4713875622099373 150.67595304013633
    endloop
  endfacet
  facet normal 0.6845471059286878 0 -0.7289686274214123
    outer loop
      vertex -5.733037588210993 -2.4713875622099373 150.88609022919215
      vertex -5.733037588210993 -4.199999999999999 150.88609022919215
      vertex -5.838313921534623 -2.4713875622099373 150.78722917181798
    endloop
  endfacet
  facet normal 0.6845471059286878 0 -0.7289686274214123
    outer loop
      vertex -5.838313921534623 -4.199999999999999 150.78722917181798
      vertex -5.838313921534623 -2.4713875622099373 150.78722917181798
      vertex -5.733037588210993 -4.199999999999999 150.88609022919215
    endloop
  endfacet
  facet normal 0.7705132427757914 0 -0.6374239897486872
    outer loop
      vertex -5.93036954353119 -4.199999999999999 150.67595304013633
      vertex -5.93036954353119 -2.4713875622099373 150.67595304013633
      vertex -5.838313921534623 -4.199999999999999 150.78722917181798
    endloop
  endfacet
  facet normal 0.8443279255020071 0 -0.5358267949790092
    outer loop
      vertex -6.007752682050443 -4.199999999999999 150.55401672521697
      vertex -6.007752682050443 -2.4713875622099373 150.55401672521697
      vertex -5.93036954353119 -4.199999999999999 150.67595304013633
    endloop
  endfacet
  facet normal 0.3681245526848185 0 -0.9297764858881957
    outer loop
      vertex -5.489646185299834 -4.199999999999999 151.0405511103359
      vertex -5.489646185299834 -2.454953553114265 151.0405511103359
      vertex -5.355369543531189 -4.199999999999999 151.09371499373944
    endloop
  endfacet
  facet normal 0.2486898871647538 0 -0.9685831611286569
    outer loop
      vertex -5.355369543531189 -4.199999999999999 151.09371499373944
      vertex -5.355369543531189 -2.448237392768116 151.09371499373944
      vertex -5.215488511773583 -4.199999999999999 151.129630338338
    endloop
  endfacet
  facet normal 0.12533323356432427 0 -0.9921147013144752
    outer loop
      vertex -5.215488511773583 -4.199999999999999 151.129630338338
      vertex -5.215488511773583 -2.4437002296083032 151.129630338338
      vertex -5.07220909745871 -4.199999999999999 151.1477307376925
    endloop
  endfacet
  facet normal 0 0 -1
    outer loop
      vertex -5.07220909745871 -4.199999999999999 151.1477307376925
      vertex -5.07220909745871 -2.4414136174082204 151.1477307376925
      vertex -4.92779090254129 -4.199999999999999 151.1477307376925
    endloop
  endfacet
  facet normal 0.9048270524660289 0 0.4257792915650527
    outer loop
      vertex -6.007752682050443 -4.199999999999999 149.44598327478303
      vertex -6.007752682050443 -2.4713875622099373 149.44598327478303
      vertex -6.069242958771489 -4.199999999999999 149.57665676441263
    endloop
  endfacet
  facet normal 0.12533323356432427 0 -0.9921147013144753
    outer loop
      vertex -5.07220909745871 -2.4414136174082204 151.1477307376925
      vertex -5.07220909745871 -4.199999999999999 151.1477307376925
      vertex -5.215488511773583 -2.4437002296083032 151.129630338338
    endloop
  endfacet
  facet normal -0.9822872507286944 0 -0.18738131458569435
    outer loop
      vertex -3.8861293647020743 -4.199999999999999 150.2859933702396
      vertex -3.8861293647020743 -2.4713875622099373 150.2859933702396
      vertex -3.8590680934883506 -4.199999999999999 150.14413321859894
    endloop
  endfacet
  facet normal -0.9980267284282712 0 -0.06279051952931831
    outer loop
      vertex -3.8590680934883506 -4.199999999999999 150.14413321859894
      vertex -3.8590680934883506 -2.4713875622099373 150.14413321859894
      vertex -3.85 -4.199999999999999 150
    endloop
  endfacet
  facet normal -0.9510565162951373 0 -0.30901699437499763
    outer loop
      vertex -3.930757041228511 -4.199999999999999 150.42334323558737
      vertex -3.930757041228511 -2.4713875622099373 150.42334323558737
      vertex -3.8861293647020743 -4.199999999999999 150.2859933702396
    endloop
  endfacet
  facet normal -0.9048270524660289 0 -0.4257792915650527
    outer loop
      vertex -3.9922473179495572 -4.199999999999999 150.55401672521697
      vertex -3.9922473179495572 -2.4713875622099373 150.55401672521697
      vertex -3.930757041228511 -4.199999999999999 150.42334323558737
    endloop
  endfacet
  facet normal 0.24868988716475382 0 -0.9685831611286572
    outer loop
      vertex -5.215488511773583 -2.4437002296083032 151.129630338338
      vertex -5.215488511773583 -4.199999999999999 151.129630338338
      vertex -5.355369543531189 -2.448237392768116 151.09371499373944
    endloop
  endfacet
  facet normal -0.5877852522925323 0 -0.8090169943749044
    outer loop
      vertex -4.383799185774154 -4.199999999999999 150.97097711432733
      vertex -4.383799185774154 -2.463742792786042 150.97097711432733
      vertex -4.300508010351269 -2.4713875622099373 150.91046253317504
    endloop
  endfacet
  facet normal -0.5877852522925922 0 -0.8090169943748607
    outer loop
      vertex -4.300508010351269 -2.4713875622099373 150.91046253317504
      vertex -4.266962411789007 -2.4713875622099373 150.88609022919215
      vertex -4.266962411789007 -4.199999999999999 150.88609022919215
    endloop
  endfacet
  facet normal -0.7705132427757914 0 -0.6374239897486872
    outer loop
      vertex -4.06963045646881 -2.4713875622099373 150.67595304013633
      vertex -4.06963045646881 -4.199999999999999 150.67595304013633
      vertex -4.161686078465377 -2.4713875622099373 150.78722917181798
    endloop
  endfacet
  facet normal 0.3681245526848185 0 -0.9297764858881958
    outer loop
      vertex -5.355369543531189 -2.448237392768116 151.09371499373944
      vertex -5.355369543531189 -4.199999999999999 151.09371499373944
      vertex -5.489646185299834 -2.454953553114265 151.0405511103359
    endloop
  endfacet
  facet normal 0 0 -1
    outer loop
      vertex -4.92779090254129 -2.4414136174082204 151.1477307376925
      vertex -4.92779090254129 -4.199999999999999 151.1477307376925
      vertex -5.07220909745871 -2.4414136174082204 151.1477307376925
    endloop
  endfacet
  facet normal -0.12533323356432427 0 -0.9921147013144752
    outer loop
      vertex -4.784511488226417 -2.4437002296083037 151.129630338338
      vertex -4.784511488226417 -4.199999999999999 151.129630338338
      vertex -4.92779090254129 -2.4414136174082204 151.1477307376925
    endloop
  endfacet
  facet normal -0.6845471059286878 0 -0.7289686274214123
    outer loop
      vertex -4.161686078465377 -2.4713875622099373 150.78722917181798
      vertex -4.161686078465377 -4.199999999999999 150.78722917181798
      vertex -4.266962411789007 -2.4713875622099373 150.88609022919215
    endloop
  endfacet
  facet normal 0.9980267284282712 0 0.06279051952931831
    outer loop
      vertex -6.14093190651165 -4.199999999999999 149.85586678140106
      vertex -6.14093190651165 -2.4713875622099373 149.85586678140106
      vertex -6.15 -4.199999999999999 150
    endloop
  endfacet
  facet normal 0.9822872507286939 0 0.18738131458569734
    outer loop
      vertex -6.113870635297926 -4.199999999999999 149.7140066297604
      vertex -6.113870635297926 -2.4713875622099373 149.7140066297604
      vertex -6.14093190651165 -4.199999999999999 149.85586678140106
    endloop
  endfacet
  facet normal 0.9510565162951373 0 0.30901699437499763
    outer loop
      vertex -6.069242958771489 -4.199999999999999 149.57665676441263
      vertex -6.069242958771489 -2.4713875622099373 149.57665676441263
      vertex -6.113870635297926 -4.199999999999999 149.7140066297604
    endloop
  endfacet
  facet normal -0.48175367410161435 0 -0.8763066800439191
    outer loop
      vertex -4.510353814700166 -4.199999999999999 151.0405511103359
      vertex -4.510353814700166 -2.454953553114265 151.0405511103359
      vertex -4.383799185774154 -2.463742792786042 150.97097711432733
    endloop
  endfacet
  facet normal 0.6845471059286878 0 0.7289686274214123
    outer loop
      vertex -5.733037588210993 -4.199999999999999 149.11390977080785
      vertex -5.733037588210993 -2.4713875622099373 149.11390977080785
      vertex -5.838313921534623 -4.199999999999999 149.21277082818202
    endloop
  endfacet
  facet normal 0.7705132427757914 0 0.6374239897486872
    outer loop
      vertex -5.838313921534623 -4.199999999999999 149.21277082818202
      vertex -5.838313921534623 -2.4713875622099373 149.21277082818202
      vertex -5.93036954353119 -4.199999999999999 149.32404695986367
    endloop
  endfacet
  facet normal 0.8443279255020071 0 0.5358267949790092
    outer loop
      vertex -5.93036954353119 -4.199999999999999 149.32404695986367
      vertex -5.93036954353119 -2.4713875622099373 149.32404695986367
      vertex -6.007752682050443 -4.199999999999999 149.44598327478303
    endloop
  endfacet
  facet normal 0 -1 0
    outer loop
      vertex -4.92779090254129 -4.199999999999999 148.8522692623075
      vertex -4.868139908988441 -4.199999999999999 147.90414387030063
      vertex -4.784511488226417 -4.199999999999999 148.870369661662
    endloop
  endfacet
  facet normal 0 -1 0
    outer loop
      vertex -4.383799185774154 -4.199999999999999 150.97097711432733
      vertex -4.266962411789007 -4.199999999999999 150.88609022919215
      vertex -4.105863487713347 -4.199999999999999 151.90013681017865
    endloop
  endfacet
  facet normal 0 -1 0
    outer loop
      vertex -3.8747637305441067 -4.199999999999999 151.77308864355422
      vertex -4.161686078465377 -4.199999999999999 150.78722917181798
      vertex -4.06963045646881 -4.199999999999999 150.67595304013633
    endloop
  endfacet
  facet normal 0 -1 0
    outer loop
      vertex -4.105863487713348 -4.199999999999999 148.09986318982135
      vertex -4.266962411789007 -4.199999999999999 149.11390977080785
      vertex -4.35106431181261 -4.199999999999999 148.00278131578017
    endloop
  endfacet
  facet normal 0 -1 0
    outer loop
      vertex -4.644630456468811 -4.199999999999999 148.90628500626056
      vertex -4.6064992393699775 -4.199999999999999 147.93719677346976
      vertex -4.510353814700167 -4.199999999999999 148.9594488896641
    endloop
  endfacet
  facet normal 0 0 -1
    outer loop
      vertex -4.868139908988442 -4.199999999999999 152.09585612969937
      vertex -4.868139908988442 -4.333555557412458 152.09585612969937
      vertex -5.131860091011558 -4.199999999999999 152.09585612969937
    endloop
  endfacet
  facet normal -0.9980267284282714 0 0.06279051952931522
    outer loop
      vertex -2.9 -4.199999999999999 150
      vertex -2.9165591272395965 -4.467441019066481 149.73680020951497
      vertex -2.9 -4.467441019066481 150
    endloop
  endfacet
  facet normal -0.9980267284282714 0 0.06279051952931522
    outer loop
      vertex -2.9165591272395965 -4.467441019066481 149.73680020951497
      vertex -2.9 -4.199999999999999 150
      vertex -2.9165591272395965 -4.199999999999999 149.73680020951497
    endloop
  endfacet
  facet normal 0 -1 0
    outer loop
      vertex -3.1597559719078867 -4.199999999999999 148.9883172843864
      vertex -3.0474693796346726 -4.199999999999999 149.2269384393622
      vertex -3.047469379634672 -4.199999999999999 150.7730615606378
    endloop
  endfacet
  facet normal 0 -1 0
    outer loop
      vertex -3.0474693796346726 -4.199999999999999 149.2269384393622
      vertex -2.9659753616298743 -4.199999999999999 149.4777512369538
      vertex -2.9659753616298747 -4.199999999999999 150.5222487630462
    endloop
  endfacet
  facet normal 0.12533323356434722 0 -0.9921147013144724
    outer loop
      vertex -5.393500760630022 -4.337731110125653 152.06280322653024
      vertex -5.393500760630022 -4.199999999999999 152.06280322653024
      vertex -5.131860091011558 -4.333555557412457 152.09585612969937
    endloop
  endfacet
  facet normal -0.9510565162951446 0 0.3090169943749748
    outer loop
      vertex -2.9659753616298743 -4.199999999999999 149.4777512369538
      vertex -3.0474693796346726 -4.467441019066481 149.2269384393622
      vertex -2.9659753616298743 -4.467441019066481 149.4777512369538
    endloop
  endfacet
  facet normal 0.1253332335643472 0 -0.9921147013144723
    outer loop
      vertex -5.131860091011558 -4.199999999999999 152.09585612969937
      vertex -5.131860091011558 -4.333555557412457 152.09585612969937
      vertex -5.393500760630022 -4.199999999999999 152.06280322653024
    endloop
  endfacet
  facet normal 0 0 -1
    outer loop
      vertex -5.131860091011558 -4.333555557412457 152.09585612969937
      vertex -5.131860091011558 -4.199999999999999 152.09585612969937
      vertex -4.868139908988442 -4.333555557412458 152.09585612969937
    endloop
  endfacet
  facet normal 0 -1 0
    outer loop
      vertex -4.644630456468811 -4.199999999999999 148.90628500626056
      vertex -4.784511488226417 -4.199999999999999 148.870369661662
      vertex -4.6064992393699775 -4.199999999999999 147.93719677346976
    endloop
  endfacet
  facet normal 0 -1 0
    outer loop
      vertex -2.9659753616298743 -4.199999999999999 149.4777512369538
      vertex -2.9165591272395965 -4.199999999999999 149.73680020951497
      vertex -2.9165591272395965 -4.199999999999999 150.26319979048503
    endloop
  endfacet
  facet normal 0.1253332335643472 0 0.9921147013144723
    outer loop
      vertex -5.131860091011559 -4.333555557412457 147.90414387030063
      vertex -5.131860091011559 -4.199999999999999 147.90414387030063
      vertex -5.3935007606300225 -4.337731110125653 147.93719677346976
    endloop
  endfacet
  facet normal -0.1253332335643472 0 -0.9921147013144723
    outer loop
      vertex -4.868139908988442 -4.333555557412458 152.09585612969937
      vertex -4.868139908988442 -4.199999999999999 152.09585612969937
      vertex -4.606499239369978 -4.337731110125654 152.06280322653024
    endloop
  endfacet
  facet normal -0.1253332335643472 0 -0.9921147013144723
    outer loop
      vertex -4.606499239369978 -4.199999999999999 152.06280322653024
      vertex -4.606499239369978 -4.337731110125654 152.06280322653024
      vertex -4.868139908988442 -4.199999999999999 152.09585612969937
    endloop
  endfacet
  facet normal 0 -1 0
    outer loop
      vertex -4.383799185774154 -4.199999999999999 149.02902288567267
      vertex -4.35106431181261 -4.199999999999999 148.00278131578017
      vertex -4.266962411789007 -4.199999999999999 149.11390977080785
    endloop
  endfacet
  facet normal 0 -1 0
    outer loop
      vertex -4.383799185774154 -4.199999999999999 149.02902288567267
      vertex -4.510353814700167 -4.199999999999999 148.9594488896641
      vertex -4.35106431181261 -4.199999999999999 148.00278131578017
    endloop
  endfacet
  facet normal 0.12533323356434722 0 0.9921147013144724
    outer loop
      vertex -5.3935007606300225 -4.199999999999999 147.93719677346976
      vertex -5.3935007606300225 -4.337731110125653 147.93719677346976
      vertex -5.131860091011559 -4.199999999999999 147.90414387030063
    endloop
  endfacet
  facet normal -0.3681245526846731 0 -0.9297764858882533
    outer loop
      vertex -4.105863487713347 -4.199999999999999 151.90013681017865
      vertex -4.105863487713347 -4.3582806573974056 151.90013681017865
      vertex -4.35106431181261 -4.3460163645914 151.99721868421983
    endloop
  endfacet
  facet normal -0.1253332335643472 0 0.9921147013144723
    outer loop
      vertex -4.868139908988441 -4.199999999999999 147.90414387030063
      vertex -4.868139908988441 -4.333555557412458 147.90414387030063
      vertex -4.6064992393699775 -4.199999999999999 147.93719677346976
    endloop
  endfacet
  facet normal 0 -1 0
    outer loop
      vertex -4.868139908988442 -4.199999999999999 152.09585612969937
      vertex -4.92779090254129 -4.199999999999999 151.1477307376925
      vertex -4.606499239369978 -4.199999999999999 152.06280322653024
    endloop
  endfacet
  facet normal 0 -1 0
    outer loop
      vertex -4.606499239369978 -4.199999999999999 152.06280322653024
      vertex -4.644630456468811 -4.199999999999999 151.09371499373944
      vertex -4.35106431181261 -4.199999999999999 151.99721868421983
    endloop
  endfacet
  facet normal -0.24868988716478455 0 -0.9685831611286492
    outer loop
      vertex -4.35106431181261 -4.199999999999999 151.99721868421983
      vertex -4.35106431181261 -4.3460163645914 151.99721868421983
      vertex -4.606499239369978 -4.337731110125654 152.06280322653024
    endloop
  endfacet
  facet normal 0.3681245526846742 0 0.9297764858882528
    outer loop
      vertex -5.64893568818739 -4.346016364591399 148.00278131578017
      vertex -5.64893568818739 -4.199999999999999 148.00278131578017
      vertex -5.894136512286652 -4.199999999999999 148.09986318982135
    endloop
  endfacet
  facet normal 0.2486898871647853 0 0.9685831611286488
    outer loop
      vertex -5.64893568818739 -4.199999999999999 148.00278131578017
      vertex -5.64893568818739 -4.346016364591399 148.00278131578017
      vertex -5.3935007606300225 -4.337731110125653 147.93719677346976
    endloop
  endfacet
  facet normal 0.24868988716478532 0 0.968583161128649
    outer loop
      vertex -5.3935007606300225 -4.337731110125653 147.93719677346976
      vertex -5.3935007606300225 -4.199999999999999 147.93719677346976
      vertex -5.64893568818739 -4.199999999999999 148.00278131578017
    endloop
  endfacet
  facet normal -0.3681245526846731 0 -0.9297764858882533
    outer loop
      vertex -4.35106431181261 -4.3460163645914 151.99721868421983
      vertex -4.35106431181261 -4.199999999999999 151.99721868421983
      vertex -4.105863487713347 -4.199999999999999 151.90013681017865
    endloop
  endfacet
  facet normal -0.24868988716478457 0 -0.9685831611286493
    outer loop
      vertex -4.606499239369978 -4.337731110125654 152.06280322653024
      vertex -4.606499239369978 -4.199999999999999 152.06280322653024
      vertex -4.35106431181261 -4.199999999999999 151.99721868421983
    endloop
  endfacet
  facet normal 0 -1 0
    outer loop
      vertex -4.35106431181261 -4.199999999999999 151.99721868421983
      vertex -4.383799185774154 -4.199999999999999 150.97097711432733
      vertex -4.105863487713347 -4.199999999999999 151.90013681017865
    endloop
  endfacet
  facet normal 0 -1 0
    outer loop
      vertex -5.894136512286652 -4.199999999999999 148.09986318982135
      vertex -5.64893568818739 -4.199999999999999 148.00278131578017
      vertex -5.616200814225846 -4.199999999999999 149.02902288567267
    endloop
  endfacet
  facet normal 0 -1 0
    outer loop
      vertex -5.64893568818739 -4.199999999999999 148.00278131578017
      vertex -5.3935007606300225 -4.199999999999999 147.93719677346976
      vertex -5.355369543531189 -4.199999999999999 148.90628500626056
    endloop
  endfacet
  facet normal 0 -1 0
    outer loop
      vertex -5.3935007606300225 -4.199999999999999 147.93719677346976
      vertex -5.131860091011559 -4.199999999999999 147.90414387030063
      vertex -5.07220909745871 -4.199999999999999 148.8522692623075
    endloop
  endfacet
  facet normal 0 -1 0
    outer loop
      vertex -5.131860091011559 -4.199999999999999 147.90414387030063
      vertex -4.868139908988441 -4.199999999999999 147.90414387030063
      vertex -4.92779090254129 -4.199999999999999 148.8522692623075
    endloop
  endfacet
  facet normal 0 -1 0
    outer loop
      vertex -5.616200814225846 -4.199999999999999 149.02902288567267
      vertex -5.64893568818739 -4.199999999999999 148.00278131578017
      vertex -5.489646185299833 -4.199999999999999 148.9594488896641
    endloop
  endfacet
  facet normal 0 -1 0
    outer loop
      vertex -5.355369543531189 -4.199999999999999 148.90628500626056
      vertex -5.3935007606300225 -4.199999999999999 147.93719677346976
      vertex -5.215488511773583 -4.199999999999999 148.870369661662
    endloop
  endfacet
  facet normal 0 0 1
    outer loop
      vertex -5.131860091011559 -4.199999999999999 147.90414387030063
      vertex -5.131860091011559 -4.333555557412457 147.90414387030063
      vertex -4.868139908988441 -4.199999999999999 147.90414387030063
    endloop
  endfacet
  facet normal 0 -1 0
    outer loop
      vertex -5.64893568818739 -4.199999999999999 148.00278131578017
      vertex -5.355369543531189 -4.199999999999999 148.90628500626056
      vertex -5.489646185299833 -4.199999999999999 148.9594488896641
    endloop
  endfacet
  facet normal 0 -1 0
    outer loop
      vertex -4.161686078465377 -4.199999999999999 150.78722917181798
      vertex -3.8747637305441067 -4.199999999999999 151.77308864355422
      vertex -4.105863487713347 -4.199999999999999 151.90013681017865
    endloop
  endfacet
  facet normal 0 -1 0
    outer loop
      vertex -5.894136512286652 -4.199999999999999 148.09986318982135
      vertex -5.616200814225846 -4.199999999999999 149.02902288567267
      vertex -5.733037588210993 -4.199999999999999 149.11390977080785
    endloop
  endfacet
  facet normal 0 -1 0
    outer loop
      vertex -5.215488511773583 -4.199999999999999 148.870369661662
      vertex -5.3935007606300225 -4.199999999999999 147.93719677346976
      vertex -5.07220909745871 -4.199999999999999 148.8522692623075
    endloop
  endfacet
  facet normal 0 -1 0
    outer loop
      vertex -4.510353814700166 -4.199999999999999 151.0405511103359
      vertex -4.383799185774154 -4.199999999999999 150.97097711432733
      vertex -4.35106431181261 -4.199999999999999 151.99721868421983
    endloop
  endfacet
  facet normal 0 -1 0
    outer loop
      vertex -4.92779090254129 -4.199999999999999 148.8522692623075
      vertex -5.07220909745871 -4.199999999999999 148.8522692623075
      vertex -5.131860091011559 -4.199999999999999 147.90414387030063
    endloop
  endfacet
  facet normal 0 -1 0
    outer loop
      vertex -4.266962411789007 -4.199999999999999 150.88609022919215
      vertex -4.161686078465377 -4.199999999999999 150.78722917181798
      vertex -4.105863487713347 -4.199999999999999 151.90013681017865
    endloop
  endfacet
  facet normal -0.24868988716478535 0 0.968583161128649
    outer loop
      vertex -4.6064992393699775 -4.199999999999999 147.93719677346976
      vertex -4.6064992393699775 -4.337731110125655 147.93719677346976
      vertex -4.35106431181261 -4.199999999999999 148.00278131578017
    endloop
  endfacet
  facet normal 0 -1 0
    outer loop
      vertex -4.868139908988441 -4.199999999999999 147.90414387030063
      vertex -4.6064992393699775 -4.199999999999999 147.93719677346976
      vertex -4.784511488226417 -4.199999999999999 148.870369661662
    endloop
  endfacet
  facet normal 0 -1 0
    outer loop
      vertex -4.6064992393699775 -4.199999999999999 147.93719677346976
      vertex -4.35106431181261 -4.199999999999999 148.00278131578017
      vertex -4.510353814700167 -4.199999999999999 148.9594488896641
    endloop
  endfacet
  facet normal -0.24868988716478532 0 0.968583161128649
    outer loop
      vertex -4.35106431181261 -4.3460163645914 148.00278131578017
      vertex -4.35106431181261 -4.199999999999999 148.00278131578017
      vertex -4.6064992393699775 -4.337731110125655 147.93719677346976
    endloop
  endfacet
  facet normal -0.36812455268467426 0 0.9297764858882529
    outer loop
      vertex -4.35106431181261 -4.199999999999999 148.00278131578017
      vertex -4.35106431181261 -4.3460163645914 148.00278131578017
      vertex -4.105863487713348 -4.199999999999999 148.09986318982135
    endloop
  endfacet
  facet normal -0.36812455268467426 0 0.9297764858882529
    outer loop
      vertex -4.105863487713348 -4.358280657397405 148.09986318982135
      vertex -4.105863487713348 -4.199999999999999 148.09986318982135
      vertex -4.35106431181261 -4.3460163645914 148.00278131578017
    endloop
  endfacet
  facet normal -0.1253332335643472 0 0.9921147013144724
    outer loop
      vertex -4.6064992393699775 -4.337731110125655 147.93719677346976
      vertex -4.6064992393699775 -4.199999999999999 147.93719677346976
      vertex -4.868139908988441 -4.333555557412458 147.90414387030063
    endloop
  endfacet
  facet normal 0 0 1
    outer loop
      vertex -4.868139908988441 -4.333555557412458 147.90414387030063
      vertex -4.868139908988441 -4.199999999999999 147.90414387030063
      vertex -5.131860091011559 -4.333555557412457 147.90414387030063
    endloop
  endfacet
  facet normal 0.9822872507286907 0 0.18738131458571372
    outer loop
      vertex -7.083440872760404 -4.467441019066481 149.73680020951497
      vertex -7.034024638370125 -4.199999999999999 149.4777512369538
      vertex -7.083440872760404 -4.199999999999999 149.73680020951497
    endloop
  endfacet
  facet normal 0 -1 0
    outer loop
      vertex -6.952530620365328 -4.199999999999999 149.2269384393622
      vertex -6.840244028092114 -4.199999999999999 148.9883172843864
      vertex -6.840244028092114 -4.199999999999999 151.0116827156136
    endloop
  endfacet
  facet normal 0 -1 0
    outer loop
      vertex -7.034024638370125 -4.199999999999999 149.4777512369538
      vertex -6.952530620365328 -4.199999999999999 149.2269384393622
      vertex -6.952530620365328 -4.199999999999999 150.7730615606378
    endloop
  endfacet
  facet normal 0 -1 0
    outer loop
      vertex -6.840244028092114 -4.199999999999999 148.9883172843864
      vertex -6.69893568818739 -4.199999999999999 148.76565097018582
      vertex -6.69893568818739 -4.199999999999999 151.23434902981418
    endloop
  endfacet
  facet normal 0 -1 0
    outer loop
      vertex -7.083440872760404 -4.199999999999999 149.73680020951497
      vertex -7.034024638370125 -4.199999999999999 149.4777512369538
      vertex -7.034024638370125 -4.199999999999999 150.5222487630462
    endloop
  endfacet
  facet normal 0.9980267284282717 0 0.06279051952931186
    outer loop
      vertex -7.1 -4.467441019066481 150
      vertex -7.083440872760404 -4.199999999999999 149.73680020951497
      vertex -7.1 -4.199999999999999 150
    endloop
  endfacet
  facet normal -0.8443279255020039 0 0.5358267949790142
    outer loop
      vertex -3.30106431181261 -4.199999999999999 148.76565097018582
      vertex -3.30106431181261 -4.4423892138678625 148.76565097018582
      vertex -3.1597559719078867 -4.199999999999999 148.9883172843864
    endloop
  endfacet
  facet normal -0.8443279255019905 -2.746677912863291e-14 0.5358267949790356
    outer loop
      vertex -3.30106431181261 -4.4423892138678625 148.76565097018582
      vertex -3.175215841623678 -4.467441019066481 148.96395642776633
      vertex -3.1597559719078867 -4.199999999999999 148.9883172843864
    endloop
  endfacet
  facet normal -0.7705132427758071 0 0.6374239897486679
    outer loop
      vertex -3.30106431181261 -4.199999999999999 148.76565097018582
      vertex -3.4691658824150355 -4.416719097730832 148.56245107754975
      vertex -3.30106431181261 -4.4423892138678625 148.76565097018582
    endloop
  endfacet
  facet normal 0.9980267284282717 0 0.06279051952931186
    outer loop
      vertex -7.083440872760404 -4.199999999999999 149.73680020951497
      vertex -7.1 -4.467441019066481 150
      vertex -7.083440872760404 -4.467441019066481 149.73680020951497
    endloop
  endfacet
  facet normal 0 -1 0
    outer loop
      vertex -6.338590378472248 -4.199999999999999 148.38192219017085
      vertex -6.113870635297926 -4.199999999999999 149.7140066297604
      vertex -6.14093190651165 -4.199999999999999 149.85586678140106
    endloop
  endfacet
  facet normal 0.9822872507286907 0 0.18738131458571372
    outer loop
      vertex -7.034024638370125 -4.199999999999999 149.4777512369538
      vertex -7.083440872760404 -4.467441019066481 149.73680020951497
      vertex -7.034024638370125 -4.467441019066481 149.4777512369538
    endloop
  endfacet
  facet normal 0.9510565162951461 0 0.3090169943749702
    outer loop
      vertex -7.034024638370125 -4.467441019066481 149.4777512369538
      vertex -6.952530620365328 -4.199999999999999 149.2269384393622
      vertex -7.034024638370125 -4.199999999999999 149.4777512369538
    endloop
  endfacet
  facet normal 0.9510565162951461 0 0.3090169943749702
    outer loop
      vertex -6.952530620365328 -4.199999999999999 149.2269384393622
      vertex -7.034024638370125 -4.467441019066481 149.4777512369538
      vertex -6.952530620365328 -4.467441019066481 149.2269384393622
    endloop
  endfacet
  facet normal 0.9048270524660265 0 0.42577929156505784
    outer loop
      vertex -6.952530620365328 -4.467441019066481 149.2269384393622
      vertex -6.840244028092114 -4.199999999999999 148.9883172843864
      vertex -6.952530620365328 -4.199999999999999 149.2269384393622
    endloop
  endfacet
  facet normal 0.9048270524660265 0 0.42577929156505784
    outer loop
      vertex -6.840244028092114 -4.199999999999999 148.9883172843864
      vertex -6.952530620365328 -4.467441019066481 149.2269384393622
      vertex -6.840244028092114 -4.467441019066481 148.9883172843864
    endloop
  endfacet
  facet normal -0.7705132427758072 0 0.637423989748668
    outer loop
      vertex -3.4691658824150355 -4.199999999999999 148.56245107754975
      vertex -3.4691658824150355 -4.416719097730832 148.56245107754975
      vertex -3.30106431181261 -4.199999999999999 148.76565097018582
    endloop
  endfacet
  facet normal 0 -1 0
    outer loop
      vertex -5.93036954353119 -4.199999999999999 149.32404695986367
      vertex -6.125236269455893 -4.199999999999999 148.22691135644578
      vertex -5.838313921534623 -4.199999999999999 149.21277082818202
    endloop
  endfacet
  facet normal 0 -1 0
    outer loop
      vertex -5.838313921534623 -4.199999999999999 149.21277082818202
      vertex -5.894136512286652 -4.199999999999999 148.09986318982135
      vertex -5.733037588210993 -4.199999999999999 149.11390977080785
    endloop
  endfacet
  facet normal 0 -1 0
    outer loop
      vertex -6.125236269455893 -4.199999999999999 148.22691135644578
      vertex -5.894136512286652 -4.199999999999999 148.09986318982135
      vertex -5.838313921534623 -4.199999999999999 149.21277082818202
    endloop
  endfacet
  facet normal 0 -1 0
    outer loop
      vertex -3.8590680934883506 -4.199999999999999 149.85586678140106
      vertex -3.8861293647020743 -4.199999999999999 149.7140066297604
      vertex -3.8747637305441076 -4.199999999999999 148.22691135644575
    endloop
  endfacet
  facet normal -0.9048270524660272 0 0.42577929156505645
    outer loop
      vertex -3.1597559719078867 -4.467441019066481 148.9883172843864
      vertex -3.0474693796346726 -4.199999999999999 149.2269384393622
      vertex -3.1597559719078867 -4.199999999999999 148.9883172843864
    endloop
  endfacet
  facet normal -0.9048270524660272 0 0.42577929156505645
    outer loop
      vertex -3.0474693796346726 -4.199999999999999 149.2269384393622
      vertex -3.1597559719078867 -4.467441019066481 148.9883172843864
      vertex -3.0474693796346726 -4.467441019066481 149.2269384393622
    endloop
  endfacet
  facet normal -0.8443279255021268 0 0.5358267949788206
    outer loop
      vertex -3.1597559719078867 -4.199999999999999 148.9883172843864
      vertex -3.175215841623678 -4.467441019066481 148.96395642776633
      vertex -3.1597559719078867 -4.467441019066481 148.9883172843864
    endloop
  endfacet
  facet normal -0.9510565162951446 0 0.3090169943749748
    outer loop
      vertex -3.0474693796346726 -4.467441019066481 149.2269384393622
      vertex -2.9659753616298743 -4.199999999999999 149.4777512369538
      vertex -3.0474693796346726 -4.199999999999999 149.2269384393622
    endloop
  endfacet
  facet normal 0 -1 0
    outer loop
      vertex -3.30106431181261 -4.199999999999999 148.76565097018582
      vertex -3.1597559719078867 -4.199999999999999 148.9883172843864
      vertex -3.1597559719078863 -4.199999999999999 151.0116827156136
    endloop
  endfacet
  facet normal 0 -1 0
    outer loop
      vertex -3.4691658824150355 -4.199999999999999 148.56245107754975
      vertex -3.30106431181261 -4.199999999999999 148.76565097018582
      vertex -3.30106431181261 -4.199999999999999 151.23434902981418
    endloop
  endfacet
  facet normal 0 -1 0
    outer loop
      vertex -3.8747637305441076 -4.199999999999999 148.22691135644575
      vertex -3.6614096215277514 -4.199999999999999 151.61807780982915
      vertex -3.8590680934883506 -4.199999999999999 149.85586678140106
    endloop
  endfacet
  facet normal 0 -1 0
    outer loop
      vertex -3.661409621527751 -4.199999999999999 148.38192219017085
      vertex -3.4691658824150355 -4.199999999999999 148.56245107754975
      vertex -3.4691658824150355 -4.199999999999999 151.43754892245025
    endloop
  endfacet
  facet normal 0 -1 0
    outer loop
      vertex -3.8747637305441076 -4.199999999999999 148.22691135644575
      vertex -3.661409621527751 -4.199999999999999 148.38192219017085
      vertex -3.6614096215277514 -4.199999999999999 151.61807780982915
    endloop
  endfacet
  facet normal 0 -1 0
    outer loop
      vertex -6.338590378472248 -4.199999999999999 148.38192219017085
      vertex -6.125236269455893 -4.199999999999999 148.22691135644578
      vertex -6.113870635297926 -4.199999999999999 149.7140066297604
    endloop
  endfacet
  facet normal 0 -1 0
    outer loop
      vertex -3.930757041228511 -4.199999999999999 149.57665676441263
      vertex -3.8747637305441076 -4.199999999999999 148.22691135644575
      vertex -3.8861293647020743 -4.199999999999999 149.7140066297604
    endloop
  endfacet
  facet normal 0 -1 0
    outer loop
      vertex -3.9922473179495572 -4.199999999999999 149.44598327478303
      vertex -3.8747637305441076 -4.199999999999999 148.22691135644575
      vertex -3.930757041228511 -4.199999999999999 149.57665676441263
    endloop
  endfacet
  facet normal 0 -1 0
    outer loop
      vertex -6.338590378472248 -4.199999999999999 148.38192219017085
      vertex -6.15 -4.199999999999999 150
      vertex -6.14093190651165 -4.199999999999999 150.14413321859894
    endloop
  endfacet
  facet normal 0 -1 0
    outer loop
      vertex -6.5308341175849645 -4.199999999999999 148.56245107754975
      vertex -6.338590378472248 -4.199999999999999 148.38192219017085
      vertex -6.338590378472248 -4.199999999999999 151.61807780982915
    endloop
  endfacet
  facet normal 0 -1 0
    outer loop
      vertex -6.5308341175849645 -4.199999999999999 151.43754892245025
      vertex -6.69893568818739 -4.199999999999999 148.76565097018582
      vertex -6.5308341175849645 -4.199999999999999 148.56245107754975
    endloop
  endfacet
  facet normal 0 -1 0
    outer loop
      vertex -6.113870635297926 -4.199999999999999 149.7140066297604
      vertex -6.125236269455893 -4.199999999999999 148.22691135644578
      vertex -6.069242958771489 -4.199999999999999 149.57665676441263
    endloop
  endfacet
  facet normal 0 -1 0
    outer loop
      vertex -6.069242958771489 -4.199999999999999 149.57665676441263
      vertex -6.125236269455893 -4.199999999999999 148.22691135644578
      vertex -6.007752682050443 -4.199999999999999 149.44598327478303
    endloop
  endfacet
  facet normal 0 -1 0
    outer loop
      vertex -6.125236269455893 -4.199999999999999 148.22691135644578
      vertex -5.93036954353119 -4.199999999999999 149.32404695986367
      vertex -6.007752682050443 -4.199999999999999 149.44598327478303
    endloop
  endfacet
  facet normal 0 -1 0
    outer loop
      vertex -6.338590378472248 -4.199999999999999 148.38192219017085
      vertex -6.14093190651165 -4.199999999999999 149.85586678140106
      vertex -6.15 -4.199999999999999 150
    endloop
  endfacet
  facet normal 0 -1 0
    outer loop
      vertex -5.07220909745871 -4.199999999999999 151.1477307376925
      vertex -4.92779090254129 -4.199999999999999 151.1477307376925
      vertex -4.868139908988442 -4.199999999999999 152.09585612969937
    endloop
  endfacet
  facet normal 0 -1 0
    outer loop
      vertex -4.644630456468811 -4.199999999999999 151.09371499373944
      vertex -4.510353814700166 -4.199999999999999 151.0405511103359
      vertex -4.35106431181261 -4.199999999999999 151.99721868421983
    endloop
  endfacet
  facet normal 0 -1 0
    outer loop
      vertex -4.784511488226417 -4.199999999999999 151.129630338338
      vertex -4.644630456468811 -4.199999999999999 151.09371499373944
      vertex -4.606499239369978 -4.199999999999999 152.06280322653024
    endloop
  endfacet
  facet normal 0 -1 0
    outer loop
      vertex -4.92779090254129 -4.199999999999999 151.1477307376925
      vertex -4.784511488226417 -4.199999999999999 151.129630338338
      vertex -4.606499239369978 -4.199999999999999 152.06280322653024
    endloop
  endfacet
  facet normal 0 -1 0
    outer loop
      vertex -5.131860091011558 -4.199999999999999 152.09585612969937
      vertex -5.07220909745871 -4.199999999999999 151.1477307376925
      vertex -4.868139908988442 -4.199999999999999 152.09585612969937
    endloop
  endfacet
  facet normal 0 -1 0
    outer loop
      vertex -5.215488511773583 -4.199999999999999 151.129630338338
      vertex -5.131860091011558 -4.199999999999999 152.09585612969937
      vertex -5.393500760630022 -4.199999999999999 152.06280322653024
    endloop
  endfacet
  facet normal 0 -1 0
    outer loop
      vertex -5.64893568818739 -4.199999999999999 151.99721868421983
      vertex -5.489646185299834 -4.199999999999999 151.0405511103359
      vertex -5.393500760630022 -4.199999999999999 152.06280322653024
    endloop
  endfacet
  facet normal 0.24868988716478452 0 -0.9685831611286491
    outer loop
      vertex -5.393500760630022 -4.199999999999999 152.06280322653024
      vertex -5.393500760630022 -4.337731110125653 152.06280322653024
      vertex -5.64893568818739 -4.199999999999999 151.99721868421983
    endloop
  endfacet
  facet normal 0.24868988716478455 0 -0.9685831611286492
    outer loop
      vertex -5.64893568818739 -4.3460163645913985 151.99721868421983
      vertex -5.64893568818739 -4.199999999999999 151.99721868421983
      vertex -5.393500760630022 -4.337731110125653 152.06280322653024
    endloop
  endfacet
  facet normal 0.36812455268467315 0 -0.9297764858882533
    outer loop
      vertex -5.64893568818739 -4.199999999999999 151.99721868421983
      vertex -5.64893568818739 -4.3460163645913985 151.99721868421983
      vertex -5.894136512286653 -4.199999999999999 151.90013681017865
    endloop
  endfacet
  facet normal 0.7705132427758065 0 0.637423989748669
    outer loop
      vertex -6.69893568818739 -4.4423892138678625 148.76565097018582
      vertex -6.5308341175849645 -4.199999999999999 148.56245107754975
      vertex -6.69893568818739 -4.199999999999999 148.76565097018582
    endloop
  endfacet
  facet normal 0 -1 0
    outer loop
      vertex -5.215488511773583 -4.199999999999999 151.129630338338
      vertex -5.07220909745871 -4.199999999999999 151.1477307376925
      vertex -5.131860091011558 -4.199999999999999 152.09585612969937
    endloop
  endfacet
  facet normal 0 -1 0
    outer loop
      vertex -5.355369543531189 -4.199999999999999 151.09371499373944
      vertex -5.215488511773583 -4.199999999999999 151.129630338338
      vertex -5.393500760630022 -4.199999999999999 152.06280322653024
    endloop
  endfacet
  facet normal 0 -1 0
    outer loop
      vertex -5.489646185299834 -4.199999999999999 151.0405511103359
      vertex -5.355369543531189 -4.199999999999999 151.09371499373944
      vertex -5.393500760630022 -4.199999999999999 152.06280322653024
    endloop
  endfacet
  facet normal 0 -1 0
    outer loop
      vertex -5.616200814225846 -4.199999999999999 150.97097711432733
      vertex -5.489646185299834 -4.199999999999999 151.0405511103359
      vertex -5.64893568818739 -4.199999999999999 151.99721868421983
    endloop
  endfacet
  facet normal 0 -1 0
    outer loop
      vertex -5.733037588210993 -4.199999999999999 150.88609022919215
      vertex -5.616200814225846 -4.199999999999999 150.97097711432733
      vertex -5.64893568818739 -4.199999999999999 151.99721868421983
    endloop
  endfacet
  facet normal 0 -1 0
    outer loop
      vertex -4.105863487713348 -4.199999999999999 148.09986318982135
      vertex -3.9922473179495572 -4.199999999999999 149.44598327478303
      vertex -4.06963045646881 -4.199999999999999 149.32404695986367
    endloop
  endfacet
  facet normal 0 -1 0
    outer loop
      vertex -4.06963045646881 -4.199999999999999 149.32404695986367
      vertex -4.161686078465377 -4.199999999999999 149.21277082818202
      vertex -4.105863487713348 -4.199999999999999 148.09986318982135
    endloop
  endfacet
  facet normal 0 -1 0
    outer loop
      vertex -4.266962411789007 -4.199999999999999 149.11390977080785
      vertex -4.105863487713348 -4.199999999999999 148.09986318982135
      vertex -4.161686078465377 -4.199999999999999 149.21277082818202
    endloop
  endfacet
  facet normal -0.9822872507286913 0 0.18738131458571047
    outer loop
      vertex -2.9165591272395965 -4.199999999999999 149.73680020951497
      vertex -2.9659753616298743 -4.467441019066481 149.4777512369538
      vertex -2.9165591272395965 -4.467441019066481 149.73680020951497
    endloop
  endfacet
  facet normal -0.48175367410170283 0 0.8763066800438705
    outer loop
      vertex -3.8747637305441076 -4.374330573319785 148.22691135644575
      vertex -3.8747637305441076 -4.199999999999999 148.22691135644575
      vertex -4.105863487713348 -4.358280657397405 148.09986318982135
    endloop
  endfacet
  facet normal 0.6845471059286615 0 0.7289686274214371
    outer loop
      vertex -6.5308341175849645 -4.199999999999999 148.56245107754975
      vertex -6.5308341175849645 -4.41671909773083 148.56245107754975
      vertex -6.338590378472248 -4.39391299559669 148.38192219017085
    endloop
  endfacet
  facet normal 0.7705132427758065 0 0.637423989748669
    outer loop
      vertex -6.5308341175849645 -4.41671909773083 148.56245107754975
      vertex -6.5308341175849645 -4.199999999999999 148.56245107754975
      vertex -6.69893568818739 -4.4423892138678625 148.76565097018582
    endloop
  endfacet
  facet normal 0.3681245526846742 0 0.9297764858882528
    outer loop
      vertex -5.894136512286652 -4.199999999999999 148.09986318982135
      vertex -5.894136512286652 -4.358280657397406 148.09986318982135
      vertex -5.64893568818739 -4.346016364591399 148.00278131578017
    endloop
  endfacet
  facet normal -0.6845471059286632 0 0.7289686274214354
    outer loop
      vertex -3.661409621527751 -4.393912995596689 148.38192219017085
      vertex -3.4691658824150355 -4.416719097730832 148.56245107754975
      vertex -3.4691658824150355 -4.199999999999999 148.56245107754975
    endloop
  endfacet
  facet normal 0 -1 0
    outer loop
      vertex -3.9922473179495572 -4.199999999999999 149.44598327478303
      vertex -4.105863487713348 -4.199999999999999 148.09986318982135
      vertex -3.8747637305441076 -4.199999999999999 148.22691135644575
    endloop
  endfacet
  facet normal -0.6845471059286632 0 0.7289686274214354
    outer loop
      vertex -3.661409621527751 -4.199999999999999 148.38192219017085
      vertex -3.661409621527751 -4.393912995596689 148.38192219017085
      vertex -3.4691658824150355 -4.199999999999999 148.56245107754975
    endloop
  endfacet
  facet normal -0.5877852522925359 0 0.8090169943749018
    outer loop
      vertex -3.661409621527751 -4.393912995596689 148.38192219017085
      vertex -3.661409621527751 -4.199999999999999 148.38192219017085
      vertex -3.8747637305441076 -4.374330573319785 148.22691135644575
    endloop
  endfacet
  facet normal -0.5877852522925358 0 0.8090169943749019
    outer loop
      vertex -3.8747637305441076 -4.199999999999999 148.22691135644575
      vertex -3.8747637305441076 -4.374330573319785 148.22691135644575
      vertex -3.661409621527751 -4.199999999999999 148.38192219017085
    endloop
  endfacet
  facet normal -0.48175367410170283 0 0.8763066800438705
    outer loop
      vertex -4.105863487713348 -4.199999999999999 148.09986318982135
      vertex -4.105863487713348 -4.358280657397405 148.09986318982135
      vertex -3.8747637305441076 -4.199999999999999 148.22691135644575
    endloop
  endfacet
  facet normal -0.9822872507286913 0 0.18738131458571047
    outer loop
      vertex -2.9659753616298743 -4.467441019066481 149.4777512369538
      vertex -2.9165591272395965 -4.199999999999999 149.73680020951497
      vertex -2.9659753616298743 -4.199999999999999 149.4777512369538
    endloop
  endfacet
  facet normal 0.48175367410178427 0 0.8763066800438257
    outer loop
      vertex -5.894136512286652 -4.358280657397406 148.09986318982135
      vertex -5.894136512286652 -4.199999999999999 148.09986318982135
      vertex -6.125236269455893 -4.199999999999999 148.22691135644578
    endloop
  endfacet
  facet normal 0.48175367410178416 0 0.8763066800438256
    outer loop
      vertex -6.125236269455893 -4.199999999999999 148.22691135644578
      vertex -6.125236269455893 -4.374330573319787 148.22691135644578
      vertex -5.894136512286652 -4.358280657397406 148.09986318982135
    endloop
  endfacet
  facet normal 0.5877852522924685 0 0.8090169943749508
    outer loop
      vertex -6.338590378472248 -4.199999999999999 148.38192219017085
      vertex -6.338590378472248 -4.39391299559669 148.38192219017085
      vertex -6.125236269455893 -4.199999999999999 148.22691135644578
    endloop
  endfacet
  facet normal 0.5877852522924685 0 0.8090169943749508
    outer loop
      vertex -6.338590378472248 -4.39391299559669 148.38192219017085
      vertex -6.125236269455893 -4.374330573319787 148.22691135644578
      vertex -6.125236269455893 -4.199999999999999 148.22691135644578
    endloop
  endfacet
  facet normal 0.6845471059286615 0 0.728968627421437
    outer loop
      vertex -6.5308341175849645 -4.199999999999999 148.56245107754975
      vertex -6.338590378472248 -4.39391299559669 148.38192219017085
      vertex -6.338590378472248 -4.199999999999999 148.38192219017085
    endloop
  endfacet
  facet normal 0.844327925502004 0 0.5358267949790143
    outer loop
      vertex -6.840244028092114 -4.199999999999999 148.9883172843864
      vertex -6.840244028092114 -4.467441019066481 148.9883172843864
      vertex -6.69893568818739 -4.199999999999999 148.76565097018582
    endloop
  endfacet
  facet normal 0.8443279255019945 1.7310577647399914e-14 0.535826794979029
    outer loop
      vertex -6.840244028092114 -4.467441019066481 148.9883172843864
      vertex -6.824784158376314 -4.467441019066481 148.96395642776633
      vertex -6.69893568818739 -4.199999999999999 148.76565097018582
    endloop
  endfacet
  facet normal 0.844327925502005 0 0.5358267949790124
    outer loop
      vertex -6.69893568818739 -4.199999999999999 148.76565097018582
      vertex -6.824784158376314 -4.467441019066481 148.96395642776633
      vertex -6.69893568818739 -4.4423892138678625 148.76565097018582
    endloop
  endfacet
  facet normal 0.9510565162951461 0 -0.3090169943749702
    outer loop
      vertex -6.952530620365328 -4.467441019066481 150.7730615606378
      vertex -7.034024638370125 -4.199999999999999 150.5222487630462
      vertex -6.952530620365328 -4.199999999999999 150.7730615606378
    endloop
  endfacet
  facet normal -0.6845471059286623 0 -0.7289686274214363
    outer loop
      vertex -3.6614096215277514 -4.393912995596689 151.61807780982915
      vertex -3.6614096215277514 -4.199999999999999 151.61807780982915
      vertex -3.4691658824150355 -4.199999999999999 151.43754892245025
    endloop
  endfacet
  facet normal 0 -1 0
    outer loop
      vertex -6.5308341175849645 -4.199999999999999 148.56245107754975
      vertex -6.338590378472248 -4.199999999999999 151.61807780982915
      vertex -6.5308341175849645 -4.199999999999999 151.43754892245025
    endloop
  endfacet
  facet normal -0.7705132427758071 0 -0.6374239897486678
    outer loop
      vertex -3.30106431181261 -4.442389213867863 151.23434902981418
      vertex -3.4691658824150355 -4.199999999999999 151.43754892245025
      vertex -3.30106431181261 -4.199999999999999 151.23434902981418
    endloop
  endfacet
  facet normal 0 -1 0
    outer loop
      vertex -6.338590378472248 -4.199999999999999 148.38192219017085
      vertex -6.14093190651165 -4.199999999999999 150.14413321859894
      vertex -6.125236269455893 -4.199999999999999 151.77308864355422
    endloop
  endfacet
  facet normal 0.9048270524660265 0 -0.42577929156505784
    outer loop
      vertex -6.840244028092114 -4.467441019066481 151.0116827156136
      vertex -6.952530620365328 -4.199999999999999 150.7730615606378
      vertex -6.840244028092114 -4.199999999999999 151.0116827156136
    endloop
  endfacet
  facet normal 0.8443279255021338 0 -0.5358267949788096
    outer loop
      vertex -6.840244028092114 -4.199999999999999 151.0116827156136
      vertex -6.824784158376323 -4.467441019066481 151.03604357223367
      vertex -6.840244028092114 -4.467441019066481 151.0116827156136
    endloop
  endfacet
  facet normal 0.844327925501988 0 -0.5358267949790394
    outer loop
      vertex -6.69893568818739 -4.199999999999999 151.23434902981418
      vertex -6.69893568818739 -4.4423892138678625 151.23434902981418
      vertex -6.824784158376323 -4.467441019066481 151.03604357223367
    endloop
  endfacet
  facet normal 0.844327925502004 -2.6145210037435406e-14 -0.5358267949790143
    outer loop
      vertex -6.840244028092114 -4.199999999999999 151.0116827156136
      vertex -6.69893568818739 -4.199999999999999 151.23434902981418
      vertex -6.824784158376323 -4.467441019066481 151.03604357223367
    endloop
  endfacet
  facet normal 0.9048270524660265 0 -0.42577929156505784
    outer loop
      vertex -6.952530620365328 -4.199999999999999 150.7730615606378
      vertex -6.840244028092114 -4.467441019066481 151.0116827156136
      vertex -6.952530620365328 -4.467441019066481 150.7730615606378
    endloop
  endfacet
  facet normal -0.4817536741017856 0 -0.8763066800438251
    outer loop
      vertex -4.105863487713347 -4.3582806573974056 151.90013681017865
      vertex -4.105863487713347 -4.199999999999999 151.90013681017865
      vertex -3.8747637305441067 -4.199999999999999 151.77308864355422
    endloop
  endfacet
  facet normal 0.9510565162951461 0 -0.3090169943749702
    outer loop
      vertex -7.034024638370125 -4.199999999999999 150.5222487630462
      vertex -6.952530620365328 -4.467441019066481 150.7730615606378
      vertex -7.034024638370125 -4.467441019066481 150.5222487630462
    endloop
  endfacet
  facet normal 0 -1 0
    outer loop
      vertex -6.69893568818739 -4.199999999999999 148.76565097018582
      vertex -6.5308341175849645 -4.199999999999999 151.43754892245025
      vertex -6.69893568818739 -4.199999999999999 151.23434902981418
    endloop
  endfacet
  facet normal 0 -1 0
    outer loop
      vertex -6.840244028092114 -4.199999999999999 151.0116827156136
      vertex -6.840244028092114 -4.199999999999999 148.9883172843864
      vertex -6.69893568818739 -4.199999999999999 151.23434902981418
    endloop
  endfacet
  facet normal 0 -1 0
    outer loop
      vertex -6.952530620365328 -4.199999999999999 150.7730615606378
      vertex -6.952530620365328 -4.199999999999999 149.2269384393622
      vertex -6.840244028092114 -4.199999999999999 151.0116827156136
    endloop
  endfacet
  facet normal 0 -1 0
    outer loop
      vertex -7.034024638370125 -4.199999999999999 150.5222487630462
      vertex -7.034024638370125 -4.199999999999999 149.4777512369538
      vertex -6.952530620365328 -4.199999999999999 150.7730615606378
    endloop
  endfacet
  facet normal 0 -1 0
    outer loop
      vertex -7.083440872760404 -4.199999999999999 150.26319979048503
      vertex -7.083440872760404 -4.199999999999999 149.73680020951497
      vertex -7.034024638370125 -4.199999999999999 150.5222487630462
    endloop
  endfacet
  facet normal 0 -1 0
    outer loop
      vertex -7.1 -4.199999999999999 150
      vertex -7.083440872760404 -4.199999999999999 149.73680020951497
      vertex -7.083440872760404 -4.199999999999999 150.26319979048503
    endloop
  endfacet
  facet normal 0.7705132427758065 0 -0.637423989748669
    outer loop
      vertex -6.69893568818739 -4.199999999999999 151.23434902981418
      vertex -6.5308341175849645 -4.416719097730833 151.43754892245025
      vertex -6.69893568818739 -4.4423892138678625 151.23434902981418
    endloop
  endfacet
  facet normal 0.7705132427758065 0 -0.637423989748669
    outer loop
      vertex -6.5308341175849645 -4.199999999999999 151.43754892245025
      vertex -6.5308341175849645 -4.416719097730833 151.43754892245025
      vertex -6.69893568818739 -4.199999999999999 151.23434902981418
    endloop
  endfacet
  facet normal -0.9048270524660272 0 -0.42577929156505645
    outer loop
      vertex -3.1597559719078863 -4.199999999999999 151.0116827156136
      vertex -3.047469379634672 -4.467441019066481 150.7730615606378
      vertex -3.1597559719078863 -4.467441019066481 151.0116827156136
    endloop
  endfacet
  facet normal -0.48175367410178555 0 -0.8763066800438248
    outer loop
      vertex -3.8747637305441067 -4.199999999999999 151.77308864355422
      vertex -3.8747637305441067 -4.374330573319788 151.77308864355422
      vertex -4.105863487713347 -4.3582806573974056 151.90013681017865
    endloop
  endfacet
  facet normal -0.9048270524660272 0 -0.42577929156505645
    outer loop
      vertex -3.047469379634672 -4.467441019066481 150.7730615606378
      vertex -3.1597559719078863 -4.199999999999999 151.0116827156136
      vertex -3.047469379634672 -4.199999999999999 150.7730615606378
    endloop
  endfacet
  facet normal 0 -1 0
    outer loop
      vertex -3.8861293647020743 -4.199999999999999 150.2859933702396
      vertex -3.6614096215277514 -4.199999999999999 151.61807780982915
      vertex -3.8747637305441067 -4.199999999999999 151.77308864355422
    endloop
  endfacet
  facet normal -0.8443279255020051 0 -0.5358267949790124
    outer loop
      vertex -3.30106431181261 -4.199999999999999 151.23434902981418
      vertex -3.1752158416236864 -4.467441019066481 151.03604357223367
      vertex -3.30106431181261 -4.442389213867863 151.23434902981418
    endloop
  endfacet
  facet normal -0.8443279255020032 3.1482473046018145e-15 -0.5358267949790154
    outer loop
      vertex -3.30106431181261 -4.199999999999999 151.23434902981418
      vertex -3.1597559719078863 -4.199999999999999 151.0116827156136
      vertex -3.1752158416236864 -4.467441019066481 151.03604357223367
    endloop
  endfacet
  facet normal -0.7705132427758072 0 -0.637423989748668
    outer loop
      vertex -3.4691658824150355 -4.416719097730833 151.43754892245025
      vertex -3.4691658824150355 -4.199999999999999 151.43754892245025
      vertex -3.30106431181261 -4.442389213867863 151.23434902981418
    endloop
  endfacet
  facet normal -0.5877852522924677 0 -0.8090169943749513
    outer loop
      vertex -3.8747637305441067 -4.374330573319788 151.77308864355422
      vertex -3.8747637305441067 -4.199999999999999 151.77308864355422
      vertex -3.6614096215277514 -4.199999999999999 151.61807780982915
    endloop
  endfacet
  facet normal -0.5877852522924677 0 -0.8090169943749514
    outer loop
      vertex -3.6614096215277514 -4.199999999999999 151.61807780982915
      vertex -3.6614096215277514 -4.393912995596689 151.61807780982915
      vertex -3.8747637305441067 -4.374330573319788 151.77308864355422
    endloop
  endfacet
  facet normal -0.8443279255019875 0 -0.5358267949790401
    outer loop
      vertex -3.1597559719078863 -4.199999999999999 151.0116827156136
      vertex -3.1597559719078863 -4.467441019066481 151.0116827156136
      vertex -3.1752158416236864 -4.467441019066481 151.03604357223367
    endloop
  endfacet
  facet normal 0 -1 0
    outer loop
      vertex -3.8590680934883506 -4.199999999999999 149.85586678140106
      vertex -3.6614096215277514 -4.199999999999999 151.61807780982915
      vertex -3.85 -4.199999999999999 150
    endloop
  endfacet
  facet normal -0.9510565162951458 0 -0.30901699437497177
    outer loop
      vertex -2.9659753616298747 -4.467441019066481 150.5222487630462
      vertex -3.047469379634672 -4.199999999999999 150.7730615606378
      vertex -2.9659753616298747 -4.199999999999999 150.5222487630462
    endloop
  endfacet
  facet normal -0.6845471059286624 0 -0.7289686274214363
    outer loop
      vertex -3.4691658824150355 -4.199999999999999 151.43754892245025
      vertex -3.4691658824150355 -4.416719097730833 151.43754892245025
      vertex -3.6614096215277514 -4.393912995596689 151.61807780982915
    endloop
  endfacet
  facet normal -0.9510565162951458 0 -0.30901699437497177
    outer loop
      vertex -3.047469379634672 -4.199999999999999 150.7730615606378
      vertex -2.9659753616298747 -4.467441019066481 150.5222487630462
      vertex -3.047469379634672 -4.467441019066481 150.7730615606378
    endloop
  endfacet
  facet normal 0 -1 0
    outer loop
      vertex -2.9659753616298747 -4.199999999999999 150.5222487630462
      vertex -2.9659753616298743 -4.199999999999999 149.4777512369538
      vertex -2.9165591272395965 -4.199999999999999 150.26319979048503
    endloop
  endfacet
  facet normal 0 -1 0
    outer loop
      vertex -6.125236269455893 -4.199999999999999 151.77308864355422
      vertex -6.069242958771489 -4.199999999999999 150.42334323558737
      vertex -6.007752682050443 -4.199999999999999 150.55401672521697
    endloop
  endfacet
  facet normal 0 -1 0
    outer loop
      vertex -6.125236269455893 -4.199999999999999 151.77308864355422
      vertex -6.113870635297926 -4.199999999999999 150.2859933702396
      vertex -6.069242958771489 -4.199999999999999 150.42334323558737
    endloop
  endfacet
  facet normal 0 -1 0
    outer loop
      vertex -6.113870635297926 -4.199999999999999 150.2859933702396
      vertex -6.125236269455893 -4.199999999999999 151.77308864355422
      vertex -6.14093190651165 -4.199999999999999 150.14413321859894
    endloop
  endfacet
  facet normal 0 -1 0
    outer loop
      vertex -6.338590378472248 -4.199999999999999 151.61807780982915
      vertex -6.338590378472248 -4.199999999999999 148.38192219017085
      vertex -6.125236269455893 -4.199999999999999 151.77308864355422
    endloop
  endfacet
  facet normal -0.9980267284282714 0 -0.06279051952931522
    outer loop
      vertex -2.9165591272395965 -4.199999999999999 150.26319979048503
      vertex -2.9 -4.467441019066481 150
      vertex -2.9165591272395965 -4.467441019066481 150.26319979048503
    endloop
  endfacet
  facet normal 0.9980267284282717 0 -0.06279051952931186
    outer loop
      vertex -7.083440872760404 -4.467441019066481 150.26319979048503
      vertex -7.1 -4.199999999999999 150
      vertex -7.083440872760404 -4.199999999999999 150.26319979048503
    endloop
  endfacet
  facet normal 0.9980267284282717 0 -0.06279051952931186
    outer loop
      vertex -7.1 -4.199999999999999 150
      vertex -7.083440872760404 -4.467441019066481 150.26319979048503
      vertex -7.1 -4.467441019066481 150
    endloop
  endfacet
  facet normal 0 -1 0
    outer loop
      vertex -2.9165591272395965 -4.199999999999999 149.73680020951497
      vertex -2.9 -4.199999999999999 150
      vertex -2.9165591272395965 -4.199999999999999 150.26319979048503
    endloop
  endfacet
  facet normal 0 -1 0
    outer loop
      vertex -2.9659753616298747 -4.199999999999999 150.5222487630462
      vertex -3.047469379634672 -4.199999999999999 150.7730615606378
      vertex -3.0474693796346726 -4.199999999999999 149.2269384393622
    endloop
  endfacet
  facet normal 0 -1 0
    outer loop
      vertex -3.1597559719078863 -4.199999999999999 151.0116827156136
      vertex -3.1597559719078867 -4.199999999999999 148.9883172843864
      vertex -3.047469379634672 -4.199999999999999 150.7730615606378
    endloop
  endfacet
  facet normal 0.36812455268467303 0 -0.9297764858882532
    outer loop
      vertex -5.894136512286653 -4.358280657397405 151.90013681017865
      vertex -5.894136512286653 -4.199999999999999 151.90013681017865
      vertex -5.64893568818739 -4.3460163645913985 151.99721868421983
    endloop
  endfacet
  facet normal -0.982287250728691 0 -0.1873813145857121
    outer loop
      vertex -2.9165591272395965 -4.467441019066481 150.26319979048503
      vertex -2.9659753616298747 -4.199999999999999 150.5222487630462
      vertex -2.9165591272395965 -4.199999999999999 150.26319979048503
    endloop
  endfacet
  facet normal -0.982287250728691 0 -0.1873813145857121
    outer loop
      vertex -2.9659753616298747 -4.199999999999999 150.5222487630462
      vertex -2.9165591272395965 -4.467441019066481 150.26319979048503
      vertex -2.9659753616298747 -4.467441019066481 150.5222487630462
    endloop
  endfacet
  facet normal -0.9980267284282714 0 -0.06279051952931522
    outer loop
      vertex -2.9 -4.467441019066481 150
      vertex -2.9165591272395965 -4.199999999999999 150.26319979048503
      vertex -2.9 -4.199999999999999 150
    endloop
  endfacet
  facet normal 0 -1 0
    outer loop
      vertex -6.007752682050443 -4.199999999999999 150.55401672521697
      vertex -5.93036954353119 -4.199999999999999 150.67595304013633
      vertex -5.894136512286653 -4.199999999999999 151.90013681017865
    endloop
  endfacet
  facet normal 0 -1 0
    outer loop
      vertex -5.733037588210993 -4.199999999999999 150.88609022919215
      vertex -5.64893568818739 -4.199999999999999 151.99721868421983
      vertex -5.894136512286653 -4.199999999999999 151.90013681017865
    endloop
  endfacet
  facet normal 0 -1 0
    outer loop
      vertex -4.06963045646881 -4.199999999999999 150.67595304013633
      vertex -3.9922473179495572 -4.199999999999999 150.55401672521697
      vertex -3.8747637305441067 -4.199999999999999 151.77308864355422
    endloop
  endfacet
  facet normal 0 -1 0
    outer loop
      vertex -3.9922473179495572 -4.199999999999999 150.55401672521697
      vertex -3.930757041228511 -4.199999999999999 150.42334323558737
      vertex -3.8747637305441067 -4.199999999999999 151.77308864355422
    endloop
  endfacet
  facet normal 0 -1 0
    outer loop
      vertex -3.930757041228511 -4.199999999999999 150.42334323558737
      vertex -3.8861293647020743 -4.199999999999999 150.2859933702396
      vertex -3.8747637305441067 -4.199999999999999 151.77308864355422
    endloop
  endfacet
  facet normal 0 -1 0
    outer loop
      vertex -3.6614096215277514 -4.199999999999999 151.61807780982915
      vertex -3.8861293647020743 -4.199999999999999 150.2859933702396
      vertex -3.8590680934883506 -4.199999999999999 150.14413321859894
    endloop
  endfacet
  facet normal 0 -1 0
    outer loop
      vertex -3.85 -4.199999999999999 150
      vertex -3.6614096215277514 -4.199999999999999 151.61807780982915
      vertex -3.8590680934883506 -4.199999999999999 150.14413321859894
    endloop
  endfacet
  facet normal 0 -1 0
    outer loop
      vertex -3.30106431181261 -4.199999999999999 148.76565097018582
      vertex -3.1597559719078863 -4.199999999999999 151.0116827156136
      vertex -3.30106431181261 -4.199999999999999 151.23434902981418
    endloop
  endfacet
  facet normal 0 -1 0
    outer loop
      vertex -3.4691658824150355 -4.199999999999999 148.56245107754975
      vertex -3.30106431181261 -4.199999999999999 151.23434902981418
      vertex -3.4691658824150355 -4.199999999999999 151.43754892245025
    endloop
  endfacet
  facet normal 0 -1 0
    outer loop
      vertex -3.661409621527751 -4.199999999999999 148.38192219017085
      vertex -3.4691658824150355 -4.199999999999999 151.43754892245025
      vertex -3.6614096215277514 -4.199999999999999 151.61807780982915
    endloop
  endfacet
  facet normal 0 -1 0
    outer loop
      vertex -5.894136512286653 -4.199999999999999 151.90013681017865
      vertex -5.838313921534623 -4.199999999999999 150.78722917181798
      vertex -5.733037588210993 -4.199999999999999 150.88609022919215
    endloop
  endfacet
  facet normal 0 -1 0
    outer loop
      vertex -6.125236269455893 -4.199999999999999 151.77308864355422
      vertex -6.007752682050443 -4.199999999999999 150.55401672521697
      vertex -5.894136512286653 -4.199999999999999 151.90013681017865
    endloop
  endfacet
  facet normal 0.6845471059286615 0 -0.728968627421437
    outer loop
      vertex -6.338590378472248 -4.199999999999999 151.61807780982915
      vertex -6.338590378472248 -4.393912995596689 151.61807780982915
      vertex -6.5308341175849645 -4.199999999999999 151.43754892245025
    endloop
  endfacet
  facet normal 0.9822872507286907 0 -0.18738131458571372
    outer loop
      vertex -7.083440872760404 -4.199999999999999 150.26319979048503
      vertex -7.034024638370125 -4.467441019066481 150.5222487630462
      vertex -7.083440872760404 -4.467441019066481 150.26319979048503
    endloop
  endfacet
  facet normal 0 -1 0
    outer loop
      vertex -5.894136512286653 -4.199999999999999 151.90013681017865
      vertex -5.93036954353119 -4.199999999999999 150.67595304013633
      vertex -5.838313921534623 -4.199999999999999 150.78722917181798
    endloop
  endfacet
  facet normal 0.4817536741017856 0 -0.8763066800438248
    outer loop
      vertex -5.894136512286653 -4.199999999999999 151.90013681017865
      vertex -5.894136512286653 -4.358280657397405 151.90013681017865
      vertex -6.125236269455893 -4.199999999999999 151.77308864355422
    endloop
  endfacet
  facet normal 0.5877852522924685 0 -0.8090169943749508
    outer loop
      vertex -6.338590378472248 -4.393912995596689 151.61807780982915
      vertex -6.338590378472248 -4.199999999999999 151.61807780982915
      vertex -6.125236269455893 -4.374330573319788 151.77308864355422
    endloop
  endfacet
  facet normal 0.48175367410178555 0 -0.8763066800438248
    outer loop
      vertex -6.125236269455893 -4.374330573319788 151.77308864355422
      vertex -6.125236269455893 -4.199999999999999 151.77308864355422
      vertex -5.894136512286653 -4.358280657397405 151.90013681017865
    endloop
  endfacet
  facet normal 0.5877852522924685 0 -0.8090169943749508
    outer loop
      vertex -6.125236269455893 -4.199999999999999 151.77308864355422
      vertex -6.125236269455893 -4.374330573319788 151.77308864355422
      vertex -6.338590378472248 -4.199999999999999 151.61807780982915
    endloop
  endfacet
  facet normal 0.9822872507286907 0 -0.18738131458571372
    outer loop
      vertex -7.034024638370125 -4.467441019066481 150.5222487630462
      vertex -7.083440872760404 -4.199999999999999 150.26319979048503
      vertex -7.034024638370125 -4.199999999999999 150.5222487630462
    endloop
  endfacet
  facet normal 0.6845471059286614 0 -0.728968627421437
    outer loop
      vertex -6.5308341175849645 -4.416719097730833 151.43754892245025
      vertex -6.5308341175849645 -4.199999999999999 151.43754892245025
      vertex -6.338590378472248 -4.393912995596689 151.61807780982915
    endloop
  endfacet
  facet normal 0 0 1
    outer loop
      vertex -46.63393935387457 8.319839068798279 143.9
      vertex -43.76559476784742 4.9909044383729455 143.9
      vertex -43.54904205417765 5.451102380111947 143.9
    endloop
  endfacet
  facet normal 0 0 1
    outer loop
      vertex -47 7.743019789047389 143.9
      vertex -47 -0.7430197890473895 143.9
      vertex -43.92276180257095 4.5071940430176625 143.9
    endloop
  endfacet
  facet normal 0 0 1
    outer loop
      vertex -43.92276180257095 4.5071940430176625 143.9
      vertex -46.63393935387457 8.319839068798279 143.9
      vertex -47 7.743019789047389 143.9
    endloop
  endfacet
  facet normal 0 0 1
    outer loop
      vertex -46.63393935387457 8.319839068798279 143.9
      vertex -43.92276180257095 4.5071940430176625 143.9
      vertex -43.76559476784742 4.9909044383729455 143.9
    endloop
  endfacet
  facet normal 0 0 1
    outer loop
      vertex -47 -3.296021639118169 143.9
      vertex -46.77119413924084 -1.1492116399928143 143.9
      vertex -47 -1.1492116399928125 143.9
    endloop
  endfacet
  facet normal 0 0 1
    outer loop
      vertex -43.54904205417765 5.451102380111947 143.9
      vertex -43.27651882721854 5.880530271784516 143.9
      vertex -46.63393935387457 8.319839068798279 143.9
    endloop
  endfacet
  facet normal 0 0 1
    outer loop
      vertex -43.27651882721854 5.880530271784516 143.9
      vertex -42.952322941056714 6.2724157790111885 143.9
      vertex -46.63393935387457 8.319839068798279 143.9
    endloop
  endfacet
  facet normal 0 0 1
    outer loop
      vertex -42.581567158482194 6.620578633241947 143.9
      vertex -45.977542744855576 9.113286268615244 143.9
      vertex -42.952322941056714 6.2724157790111885 143.9
    endloop
  endfacet
  facet normal 0 0 1
    outer loop
      vertex -43.27651882721854 1.119469728215484 143.9
      vertex -43.54904205417765 1.5488976198880529 143.9
      vertex -47 -3.296021639118169 143.9
    endloop
  endfacet
  facet normal 0 0 1
    outer loop
      vertex -42.17009851966494 6.919528098283161 143.9
      vertex -45.977542744855576 9.113286268615244 143.9
      vertex -42.581567158482194 6.620578633241947 143.9
    endloop
  endfacet
  facet normal 0 0 1
    outer loop
      vertex -42.17009851966494 6.919528098283161 143.9
      vertex -41.724406130838545 7.1645495624873785 143.9
      vertex -45.977542744855576 9.113286268615244 143.9
    endloop
  endfacet
  facet normal 0 0 1
    outer loop
      vertex -41.724406130838545 7.1645495624873785 143.9
      vertex -41.25151882721854 7.351778890995371 143.9
      vertex -45.977542744855576 9.113286268615244 143.9
    endloop
  endfacet
  facet normal 0 0 -1
    outer loop
      vertex -44.83365261543683 10.103902622813138 156.1
      vertex -41.25151882721854 7.351778890995371 156.1
      vertex -45.226876715939255 9.818208590761472 156.1
    endloop
  endfacet
  facet normal 0 0 1
    outer loop
      vertex -44.05 3.5 143.9
      vertex -47 -0.7430197890473895 143.9
      vertex -46.742222812884854 -1.1492116399928172 143.9
    endloop
  endfacet
  facet normal 0 0 1
    outer loop
      vertex -47 -3.296021639118169 143.9
      vertex -41.25151882721854 -0.35177889099537163 143.9
      vertex -41.724406130838545 -0.16454956248737895 143.9
    endloop
  endfacet
  facet normal 0 0 1
    outer loop
      vertex -47 -3.296021639118169 143.9
      vertex -46.742222812884854 -1.1492116399928172 143.9
      vertex -46.77119413924084 -1.1492116399928143 143.9
    endloop
  endfacet
  facet normal 0 0 -1
    outer loop
      vertex -47 -2.9878649759051945 156.1
      vertex -47 -1.1492116399928127 156.1
      vertex -46.74222281288486 -1.1492116399928125 156.1
    endloop
  endfacet
  facet normal 0 0 -1
    outer loop
      vertex -43.27651882721854 1.119469728215484 156.1
      vertex -47 -3.296021639118169 156.1
      vertex -47 -2.9878649759051945 156.1
    endloop
  endfacet
  facet normal 0 0 1
    outer loop
      vertex -47 -3.296021639118169 143.9
      vertex -41.724406130838545 -0.16454956248737895 143.9
      vertex -42.17009851966494 0.0804719017168396 143.9
    endloop
  endfacet
  facet normal 0 0 -1
    outer loop
      vertex -43.76559476784742 2.0090955616270545 156.1
      vertex -47 -2.9878649759051945 156.1
      vertex -46.74222281288486 -1.1492116399928125 156.1
    endloop
  endfacet
  facet normal 0 0 -1
    outer loop
      vertex -44.502134188753 -3.2960216391181723 156.1
      vertex -47 -3.296021639118169 156.1
      vertex -43.27651882721854 1.119469728215484 156.1
    endloop
  endfacet
  facet normal 0 0 -1
    outer loop
      vertex -42.952322941056714 0.7275842209888115 156.1
      vertex -44.502134188753 -3.2960216391181723 156.1
      vertex -43.27651882721854 1.119469728215484 156.1
    endloop
  endfacet
  facet normal 0 0 1
    outer loop
      vertex -47 -3.296021639118169 143.9
      vertex -44.05 3.5 143.9
      vertex -46.742222812884854 -1.1492116399928172 143.9
    endloop
  endfacet
  facet normal 0 0 1
    outer loop
      vertex -41.25151882721854 -0.35177889099537163 143.9
      vertex -47 -3.296021639118169 143.9
      vertex -35.497865811247 -3.296021639118176 143.9
    endloop
  endfacet
  facet normal 0 0 1
    outer loop
      vertex -47 -3.296021639118169 143.9
      vertex -42.17009851966494 0.0804719017168396 143.9
      vertex -42.581567158482194 0.37942136675805305 143.9
    endloop
  endfacet
  facet normal 0 0 1
    outer loop
      vertex -47 -3.296021639118169 143.9
      vertex -42.581567158482194 0.37942136675805305 143.9
      vertex -42.952322941056714 0.7275842209888115 143.9
    endloop
  endfacet
  facet normal 0 0 1
    outer loop
      vertex -42.952322941056714 0.7275842209888115 143.9
      vertex -43.27651882721854 1.119469728215484 143.9
      vertex -47 -3.296021639118169 143.9
    endloop
  endfacet
  facet normal 0 0 1
    outer loop
      vertex -33.36606064612543 8.319839068798279 143.9
      vertex -38.275593869161455 7.1645495624873785 143.9
      vertex -37.82990148033507 6.919528098283161 143.9
    endloop
  endfacet
  facet normal 0 0 1
    outer loop
      vertex -35.497865811247 -3.296021639118176 143.9
      vertex -30.8 -1.1492116399928118 143.9
      vertex -33.25777718711514 -1.1492116399928125 143.9
    endloop
  endfacet
  facet normal -1 0 0
    outer loop
      vertex -30.8 -1.790319486279726 145.51925358156325
      vertex -30.8 -3.296021639118172 143.9
      vertex -30.8 -3.6924325188700333 144.90121959281336
    endloop
  endfacet
  facet normal 0 0 1
    outer loop
      vertex -35.497865811247 -3.296021639118176 143.9
      vertex -30.8 -3.296021639118172 143.9
      vertex -30.8 -1.1492116399928118 143.9
    endloop
  endfacet
  facet normal -1 0 0
    outer loop
      vertex -30.8 -2.4713875622099373 150.91046253317504
      vertex -30.8 -4.467441019066481 148.96395642776633
      vertex -30.8 -4.467441019066481 151.03604357223367
    endloop
  endfacet
  facet normal -1 0 0
    outer loop
      vertex -30.8 -2.2431651355659845 152.717029061493
      vertex -30.8 -2.4713875622099373 150.91046253317504
      vertex -30.8 -4.467441019066481 151.03604357223367
    endloop
  endfacet
  facet normal -1 0 0
    outer loop
      vertex -30.8 -2.2431651355659845 152.717029061493
      vertex -30.8 -4.467441019066481 151.03604357223367
      vertex -30.8 -4.207739637023362 153.09179169066445
    endloop
  endfacet
  facet normal -1 0 0
    outer loop
      vertex -30.8 -1.790319486279726 154.48074641843675
      vertex -30.8 -2.2431651355659845 152.717029061493
      vertex -30.8 -4.207739637023362 153.09179169066445
    endloop
  endfacet
  facet normal -1 0 0
    outer loop
      vertex -30.8 -3.6924325188700333 155.09878040718664
      vertex -30.8 -1.790319486279726 154.48074641843675
      vertex -30.8 -4.207739637023362 153.09179169066445
    endloop
  endfacet
  facet normal 0 0 -1
    outer loop
      vertex -32.04288481029874 -3.296021639118175 156.1
      vertex -30.8 -1.1492116399928118 156.1
      vertex -30.8 -3.296021639118175 156.1
    endloop
  endfacet
  facet normal -1 0 0
    outer loop
      vertex -30.8 -3.296021639118175 156.1
      vertex -30.8 -1.1492116399928118 156.1
      vertex -30.8 -3.6924325188700333 155.09878040718664
    endloop
  endfacet
  facet normal 0 0 -1
    outer loop
      vertex -32.04288481029874 -3.296021639118175 156.1
      vertex -33.25777718711514 -1.1492116399928074 156.1
      vertex -30.8 -1.1492116399928118 156.1
    endloop
  endfacet
  facet normal 0 0 1
    outer loop
      vertex -33.36606064612543 8.319839068798279 143.9
      vertex -37.82990148033507 6.919528098283161 143.9
      vertex -37.418432841517806 6.620578633241946 143.9
    endloop
  endfacet
  facet normal -1 0 0
    outer loop
      vertex -30.8 -1.1492116399928118 143.9
      vertex -30.8 -3.296021639118172 143.9
      vertex -30.8 -1.790319486279726 145.51925358156325
    endloop
  endfacet
  facet normal 0 0 1
    outer loop
      vertex -32.81428522364032 7.450380127634065 143.9
      vertex -33.36606064612543 8.319839068798279 143.9
      vertex -37.047677058943286 6.272415779011189 143.9
    endloop
  endfacet
  facet normal 0 0 1
    outer loop
      vertex -34.773123284060745 9.81820859076147 143.9
      vertex -41.25151882721854 7.351778890995371 143.9
      vertex -40.75889432407219 7.478263365451189 143.9
    endloop
  endfacet
  facet normal -1 0 0
    outer loop
      vertex -30.8 -1.1492116399928118 156.1
      vertex -30.8 -1.790319486279726 154.48074641843675
      vertex -30.8 -3.6924325188700333 155.09878040718664
    endloop
  endfacet
  facet normal 0 0 1
    outer loop
      vertex -34.773123284060745 9.81820859076147 143.9
      vertex -40.75889432407219 7.478263365451189 143.9
      vertex -40.25430160409372 7.5420082501345 143.9
    endloop
  endfacet
  facet normal 0 0 1
    outer loop
      vertex -34.773123284060745 9.81820859076147 143.9
      vertex -40.25430160409372 7.5420082501345 143.9
      vertex -39.74569839590628 7.5420082501345 143.9
    endloop
  endfacet
  facet normal 0 0 1
    outer loop
      vertex -39.74569839590628 7.5420082501345 143.9
      vertex -39.24110567592781 7.478263365451189 143.9
      vertex -34.022457255144424 9.113286268615248 143.9
    endloop
  endfacet
  facet normal 0 0 1
    outer loop
      vertex -35.16634738456316 10.103902622813129 143.9
      vertex -41.25151882721854 7.351778890995371 143.9
      vertex -34.773123284060745 9.81820859076147 143.9
    endloop
  endfacet
  facet normal 0 0 -1
    outer loop
      vertex -36.07723819742905 4.507194043017662 156.1
      vertex -31.799999999999997 3.5 156.1
      vertex -31.86465944922128 2.4722674847727077 156.1
    endloop
  endfacet
  facet normal 0 0 -1
    outer loop
      vertex -36.07723819742905 4.507194043017662 156.1
      vertex -31.86465944922128 4.527732515227295 156.1
      vertex -31.799999999999997 3.5 156.1
    endloop
  endfacet
  facet normal 0 0 1
    outer loop
      vertex -39.74569839590628 7.5420082501345 143.9
      vertex -34.022457255144424 9.113286268615248 143.9
      vertex -34.773123284060745 9.81820859076147 143.9
    endloop
  endfacet
  facet normal 0 0 1
    outer loop
      vertex -39.24110567592781 7.478263365451189 143.9
      vertex -33.36606064612543 8.319839068798279 143.9
      vertex -34.022457255144424 9.113286268615248 143.9
    endloop
  endfacet
  facet normal 0 0 1
    outer loop
      vertex -32.375832815716336 6.518621332014359 143.9
      vertex -32.81428522364032 7.450380127634065 143.9
      vertex -35.95 3.5 143.9
    endloop
  endfacet
  facet normal 0 0 1
    outer loop
      vertex -45.226876715939255 9.818208590761472 143.9
      vertex -45.977542744855576 9.113286268615244 143.9
      vertex -41.25151882721854 7.351778890995371 143.9
    endloop
  endfacet
  facet normal 0 0 1
    outer loop
      vertex -44.833652615436854 10.10390262281312 143.9
      vertex -45.226876715939255 9.818208590761472 143.9
      vertex -41.25151882721854 7.351778890995371 143.9
    endloop
  endfacet
  facet normal 0 0 1
    outer loop
      vertex -35.16634738456316 10.103902622813129 143.9
      vertex -44.833652615436854 10.10390262281312 143.9
      vertex -41.25151882721854 7.351778890995371 143.9
    endloop
  endfacet
  facet normal 0 0 1
    outer loop
      vertex -33.36606064612543 8.319839068798279 143.9
      vertex -39.24110567592781 7.478263365451189 143.9
      vertex -38.74848117278146 7.351778890995371 143.9
    endloop
  endfacet
  facet normal 0 0 1
    outer loop
      vertex -33.36606064612543 8.319839068798279 143.9
      vertex -38.74848117278146 7.351778890995371 143.9
      vertex -38.275593869161455 7.1645495624873785 143.9
    endloop
  endfacet
  facet normal 0 0 1
    outer loop
      vertex -36.07723819742905 4.507194043017662 143.9
      vertex -32.81428522364032 7.450380127634065 143.9
      vertex -36.23440523215258 4.9909044383729455 143.9
    endloop
  endfacet
  facet normal 0 0 1
    outer loop
      vertex -36.07723819742905 2.4928059569823393 143.9
      vertex -32.375832815716336 6.518621332014359 143.9
      vertex -35.981935459676365 2.9924004040645684 143.9
    endloop
  endfacet
  facet normal 0 0 1
    outer loop
      vertex -35.981935459676365 2.9924004040645684 143.9
      vertex -32.375832815716336 6.518621332014359 143.9
      vertex -35.95 3.5 143.9
    endloop
  endfacet
  facet normal 0 0 1
    outer loop
      vertex -31.86465944922128 4.527732515227295 143.9
      vertex -32.05761807874523 5.539257074751809 143.9
      vertex -36.07723819742905 2.4928059569823393 143.9
    endloop
  endfacet
  facet normal 0 0 1
    outer loop
      vertex -35.95 3.5 143.9
      vertex -32.81428522364032 7.450380127634065 143.9
      vertex -35.981935459676365 4.0075995959354325 143.9
    endloop
  endfacet
  facet normal 0 0 1
    outer loop
      vertex -35.981935459676365 4.0075995959354325 143.9
      vertex -32.81428522364032 7.450380127634065 143.9
      vertex -36.07723819742905 4.507194043017662 143.9
    endloop
  endfacet
  facet normal 0 0 1
    outer loop
      vertex -32.05761807874523 5.539257074751809 143.9
      vertex -32.375832815716336 6.518621332014359 143.9
      vertex -36.07723819742905 2.4928059569823393 143.9
    endloop
  endfacet
  facet normal 0 0 1
    outer loop
      vertex -42.952322941056714 6.2724157790111885 143.9
      vertex -45.977542744855576 9.113286268615244 143.9
      vertex -46.63393935387457 8.319839068798279 143.9
    endloop
  endfacet
  facet normal 0 0 1
    outer loop
      vertex -36.23440523215258 4.9909044383729455 143.9
      vertex -32.81428522364032 7.450380127634065 143.9
      vertex -36.45095794582235 5.451102380111947 143.9
    endloop
  endfacet
  facet normal 0 0 1
    outer loop
      vertex -36.45095794582235 5.451102380111947 143.9
      vertex -32.81428522364032 7.450380127634065 143.9
      vertex -36.72348117278146 5.880530271784516 143.9
    endloop
  endfacet
  facet normal 0 0 1
    outer loop
      vertex -36.72348117278146 5.880530271784516 143.9
      vertex -32.81428522364032 7.450380127634065 143.9
      vertex -37.047677058943286 6.272415779011189 143.9
    endloop
  endfacet
  facet normal 0 0 1
    outer loop
      vertex -37.047677058943286 6.272415779011189 143.9
      vertex -33.36606064612543 8.319839068798279 143.9
      vertex -37.418432841517806 6.620578633241946 143.9
    endloop
  endfacet
  facet normal 0 0 1
    outer loop
      vertex -36.07723819742905 2.4928059569823393 143.9
      vertex -31.799999999999997 3.5 143.9
      vertex -31.86465944922128 4.527732515227295 143.9
    endloop
  endfacet
  facet normal 0 0 1
    outer loop
      vertex -36.07723819742905 2.4928059569823393 143.9
      vertex -31.86465944922128 2.4722674847727077 143.9
      vertex -31.799999999999997 3.5 143.9
    endloop
  endfacet
  facet normal -1 0 0
    outer loop
      vertex -30.8 -2.4713875622099373 150.91046253317504
      vertex -30.8 -2.4713875622099373 149.08953746682496
      vertex -30.8 -4.467441019066481 148.96395642776633
    endloop
  endfacet
  facet normal -1 0 0
    outer loop
      vertex -30.8 -2.4713875622099373 149.08953746682496
      vertex -30.8 -4.207739637023362 146.90820830933555
      vertex -30.8 -4.467441019066481 148.96395642776633
    endloop
  endfacet
  facet normal -1 0 0
    outer loop
      vertex -30.8 -2.4713875622099373 149.08953746682496
      vertex -30.8 -2.2431651355659845 147.282970938507
      vertex -30.8 -4.207739637023362 146.90820830933555
    endloop
  endfacet
  facet normal -1 0 0
    outer loop
      vertex -30.8 -2.2431651355659845 147.282970938507
      vertex -30.8 -1.790319486279726 145.51925358156325
      vertex -30.8 -3.6924325188700333 144.90121959281336
    endloop
  endfacet
  facet normal -1 0 0
    outer loop
      vertex -30.8 -2.2431651355659845 147.282970938507
      vertex -30.8 -3.6924325188700333 144.90121959281336
      vertex -30.8 -4.207739637023362 146.90820830933555
    endloop
  endfacet
  facet normal 0 0 1
    outer loop
      vertex -39.74569839590628 -0.5420082501344998 143.9
      vertex -35.497865811247 -3.296021639118176 143.9
      vertex -39.24110567592781 -0.4782633654511885 143.9
    endloop
  endfacet
  facet normal 0 0 -1
    outer loop
      vertex -37.82990148033507 6.919528098283161 156.1
      vertex -38.275593869161455 7.1645495624873785 156.1
      vertex -34.022457255144424 9.113286268615248 156.1
    endloop
  endfacet
  facet normal 0 0 -1
    outer loop
      vertex -38.275593869161455 7.1645495624873785 156.1
      vertex -38.74848117278146 7.351778890995371 156.1
      vertex -34.022457255144424 9.113286268615248 156.1
    endloop
  endfacet
  facet normal 0 0 1
    outer loop
      vertex -35.497865811247 -3.296021639118176 143.9
      vertex -36.45095794582235 1.5488976198880529 143.9
      vertex -36.72348117278146 1.119469728215484 143.9
    endloop
  endfacet
  facet normal 0 0 -1
    outer loop
      vertex -44.83365261543683 10.103902622813138 156.1
      vertex -35.16634738456316 10.10390262281313 156.1
      vertex -41.25151882721854 7.351778890995371 156.1
    endloop
  endfacet
  facet normal 0 0 1
    outer loop
      vertex -36.07723819742905 2.4928059569823393 143.9
      vertex -35.497865811247 -3.296021639118176 143.9
      vertex -33.25777718711514 -1.1492116399928125 143.9
    endloop
  endfacet
  facet normal 0 0 1
    outer loop
      vertex -37.047677058943286 0.7275842209888115 143.9
      vertex -35.497865811247 -3.296021639118176 143.9
      vertex -36.72348117278146 1.119469728215484 143.9
    endloop
  endfacet
  facet normal 0 0 1
    outer loop
      vertex -37.418432841517806 0.3794213667580544 143.9
      vertex -35.497865811247 -3.296021639118176 143.9
      vertex -37.047677058943286 0.7275842209888115 143.9
    endloop
  endfacet
  facet normal 0 0 1
    outer loop
      vertex -37.82990148033507 0.08047190171683827 143.9
      vertex -35.497865811247 -3.296021639118176 143.9
      vertex -37.418432841517806 0.3794213667580544 143.9
    endloop
  endfacet
  facet normal 0 0 1
    outer loop
      vertex -38.275593869161455 -0.16454956248737895 143.9
      vertex -35.497865811247 -3.296021639118176 143.9
      vertex -37.82990148033507 0.08047190171683827 143.9
    endloop
  endfacet
  facet normal 0 0 1
    outer loop
      vertex -38.74848117278146 -0.35177889099537163 143.9
      vertex -35.497865811247 -3.296021639118176 143.9
      vertex -38.275593869161455 -0.16454956248737895 143.9
    endloop
  endfacet
  facet normal 0 0 -1
    outer loop
      vertex -47 -0.7430197890473895 156.1
      vertex -47 7.743019789047389 156.1
      vertex -43.92276180257095 4.5071940430176625 156.1
    endloop
  endfacet
  facet normal 0 0 1
    outer loop
      vertex -39.24110567592781 -0.4782633654511885 143.9
      vertex -35.497865811247 -3.296021639118176 143.9
      vertex -38.74848117278146 -0.35177889099537163 143.9
    endloop
  endfacet
  facet normal 0 0 1
    outer loop
      vertex -35.497865811247 -3.296021639118176 143.9
      vertex -36.23440523215258 2.0090955616270527 143.9
      vertex -36.45095794582235 1.5488976198880529 143.9
    endloop
  endfacet
  facet normal 0 0 1
    outer loop
      vertex -41.25151882721854 -0.35177889099537163 143.9
      vertex -35.497865811247 -3.296021639118176 143.9
      vertex -40.75889432407219 -0.4782633654511885 143.9
    endloop
  endfacet
  facet normal 0 0 1
    outer loop
      vertex -40.25430160409372 -0.5420082501344998 143.9
      vertex -35.497865811247 -3.296021639118176 143.9
      vertex -39.74569839590628 -0.5420082501344998 143.9
    endloop
  endfacet
  facet normal 0 0 1
    outer loop
      vertex -40.75889432407219 -0.4782633654511885 143.9
      vertex -35.497865811247 -3.296021639118176 143.9
      vertex -40.25430160409372 -0.5420082501344998 143.9
    endloop
  endfacet
  facet normal 0 0 1
    outer loop
      vertex -44.018064540323635 4.007599595935432 143.9
      vertex -43.92276180257095 4.5071940430176625 143.9
      vertex -47 -0.7430197890473895 143.9
    endloop
  endfacet
  facet normal 0 0 -1
    outer loop
      vertex -31.86465944922128 2.4722674847727077 156.1
      vertex -32.05761807874522 1.4607429252481943 156.1
      vertex -36.07723819742905 4.507194043017662 156.1
    endloop
  endfacet
  facet normal 0 0 -1
    outer loop
      vertex -32.05761807874522 1.4607429252481943 156.1
      vertex -32.37583281571634 0.4813786679856378 156.1
      vertex -36.07723819742905 4.507194043017662 156.1
    endloop
  endfacet
  facet normal 0 0 -1
    outer loop
      vertex -35.981935459676365 4.0075995959354325 156.1
      vertex -36.07723819742905 4.507194043017662 156.1
      vertex -32.81428522364032 -0.450380127634066 156.1
    endloop
  endfacet
  facet normal 0 0 -1
    outer loop
      vertex -35.95 3.5 156.1
      vertex -35.981935459676365 4.0075995959354325 156.1
      vertex -32.81428522364032 -0.450380127634066 156.1
    endloop
  endfacet
  facet normal 0 0 -1
    outer loop
      vertex -43.92276180257095 4.5071940430176625 156.1
      vertex -47 7.743019789047389 156.1
      vertex -43.76559476784742 4.9909044383729455 156.1
    endloop
  endfacet
  facet normal 0 0 -1
    outer loop
      vertex -32.37583281571634 0.4813786679856378 156.1
      vertex -32.81428522364032 -0.450380127634066 156.1
      vertex -36.07723819742905 4.507194043017662 156.1
    endloop
  endfacet
  facet normal 0 0 -1
    outer loop
      vertex -35.95 3.5 156.1
      vertex -32.04288481029874 -3.296021639118175 156.1
      vertex -35.981935459676365 2.9924004040645684 156.1
    endloop
  endfacet
  facet normal 0 0 -1
    outer loop
      vertex -37.418432841517806 6.620578633241946 156.1
      vertex -34.022457255144424 9.113286268615248 156.1
      vertex -37.047677058943286 6.272415779011189 156.1
    endloop
  endfacet
  facet normal 0 0 -1
    outer loop
      vertex -39.74569839590628 7.5420082501345 156.1
      vertex -34.773123284060745 9.81820859076147 156.1
      vertex -39.24110567592781 7.478263365451189 156.1
    endloop
  endfacet
  facet normal 0 0 -1
    outer loop
      vertex -39.24110567592781 7.478263365451189 156.1
      vertex -34.022457255144424 9.113286268615248 156.1
      vertex -38.74848117278146 7.351778890995371 156.1
    endloop
  endfacet
  facet normal 0 0 -1
    outer loop
      vertex -35.16634738456316 10.10390262281313 156.1
      vertex -34.773123284060745 9.81820859076147 156.1
      vertex -41.25151882721854 7.351778890995371 156.1
    endloop
  endfacet
  facet normal 0 0 -1
    outer loop
      vertex -34.773123284060745 9.81820859076147 156.1
      vertex -34.022457255144424 9.113286268615248 156.1
      vertex -39.24110567592781 7.478263365451189 156.1
    endloop
  endfacet
  facet normal 0 0 -1
    outer loop
      vertex -37.047677058943286 6.272415779011189 156.1
      vertex -34.022457255144424 9.113286268615248 156.1
      vertex -33.36606064612543 8.319839068798279 156.1
    endloop
  endfacet
  facet normal 0 0 -1
    outer loop
      vertex -40.25430160409372 7.5420082501345 156.1
      vertex -34.773123284060745 9.81820859076147 156.1
      vertex -39.74569839590628 7.5420082501345 156.1
    endloop
  endfacet
  facet normal 0 0 -1
    outer loop
      vertex -40.75889432407219 7.478263365451189 156.1
      vertex -34.773123284060745 9.81820859076147 156.1
      vertex -40.25430160409372 7.5420082501345 156.1
    endloop
  endfacet
  facet normal 0 0 -1
    outer loop
      vertex -41.25151882721854 7.351778890995371 156.1
      vertex -34.773123284060745 9.81820859076147 156.1
      vertex -40.75889432407219 7.478263365451189 156.1
    endloop
  endfacet
  facet normal 0 0 -1
    outer loop
      vertex -36.07723819742905 4.507194043017662 156.1
      vertex -33.36606064612543 8.319839068798279 156.1
      vertex -32.81428522364032 7.450380127634065 156.1
    endloop
  endfacet
  facet normal 0 0 -1
    outer loop
      vertex -36.07723819742905 4.507194043017662 156.1
      vertex -32.81428522364032 7.450380127634065 156.1
      vertex -32.375832815716336 6.518621332014359 156.1
    endloop
  endfacet
  facet normal 0 0 -1
    outer loop
      vertex -37.82990148033507 6.919528098283161 156.1
      vertex -34.022457255144424 9.113286268615248 156.1
      vertex -37.418432841517806 6.620578633241946 156.1
    endloop
  endfacet
  facet normal 0 0 -1
    outer loop
      vertex -42.17009851966494 0.0804719017168396 156.1
      vertex -41.724406130838545 -0.16454956248737895 156.1
      vertex -44.502134188753 -3.2960216391181723 156.1
    endloop
  endfacet
  facet normal 0 0 -1
    outer loop
      vertex -36.72348117278146 5.880530271784516 156.1
      vertex -37.047677058943286 6.272415779011189 156.1
      vertex -33.36606064612543 8.319839068798279 156.1
    endloop
  endfacet
  facet normal 0 0 -1
    outer loop
      vertex -33.36606064612543 8.319839068798279 156.1
      vertex -36.45095794582235 5.451102380111947 156.1
      vertex -36.72348117278146 5.880530271784516 156.1
    endloop
  endfacet
  facet normal 0 0 1
    outer loop
      vertex -36.07723819742905 2.4928059569823393 143.9
      vertex -32.05761807874522 1.4607429252481943 143.9
      vertex -31.86465944922128 2.4722674847727077 143.9
    endloop
  endfacet
  facet normal 0 0 -1
    outer loop
      vertex -36.23440523215258 4.9909044383729455 156.1
      vertex -36.45095794582235 5.451102380111947 156.1
      vertex -33.36606064612543 8.319839068798279 156.1
    endloop
  endfacet
  facet normal 0 0 -1
    outer loop
      vertex -33.36606064612543 8.319839068798279 156.1
      vertex -36.07723819742905 4.507194043017662 156.1
      vertex -36.23440523215258 4.9909044383729455 156.1
    endloop
  endfacet
  facet normal 0 0 -1
    outer loop
      vertex -36.07723819742905 4.507194043017662 156.1
      vertex -32.375832815716336 6.518621332014359 156.1
      vertex -32.05761807874523 5.539257074751809 156.1
    endloop
  endfacet
  facet normal 0 0 -1
    outer loop
      vertex -36.07723819742905 4.507194043017662 156.1
      vertex -32.05761807874523 5.539257074751809 156.1
      vertex -31.86465944922128 4.527732515227295 156.1
    endloop
  endfacet
  facet normal 0 0 1
    outer loop
      vertex -36.07723819742905 2.4928059569823393 143.9
      vertex -32.37583281571634 0.4813786679856378 143.9
      vertex -32.05761807874522 1.4607429252481943 143.9
    endloop
  endfacet
  facet normal 0 0 1
    outer loop
      vertex -36.07723819742905 2.4928059569823393 143.9
      vertex -32.81428522364032 -0.450380127634066 143.9
      vertex -32.37583281571634 0.4813786679856378 143.9
    endloop
  endfacet
  facet normal 0 0 1
    outer loop
      vertex -36.07723819742905 2.4928059569823393 143.9
      vertex -33.25777718711514 -1.1492116399928125 143.9
      vertex -32.81428522364032 -0.450380127634066 143.9
    endloop
  endfacet
  facet normal 0 0 1
    outer loop
      vertex -35.497865811247 -3.296021639118176 143.9
      vertex -36.07723819742905 2.4928059569823393 143.9
      vertex -36.23440523215258 2.0090955616270527 143.9
    endloop
  endfacet
  facet normal 0 0 -1
    outer loop
      vertex -35.981935459676365 2.9924004040645684 156.1
      vertex -32.04288481029874 -3.296021639118175 156.1
      vertex -36.07723819742905 2.4928059569823393 156.1
    endloop
  endfacet
  facet normal 0 0 -1
    outer loop
      vertex -40.25430160409372 -0.5420082501344998 156.1
      vertex -44.502134188753 -3.2960216391181723 156.1
      vertex -40.75889432407219 -0.4782633654511885 156.1
    endloop
  endfacet
  facet normal 0 0 -1
    outer loop
      vertex -39.74569839590628 -0.5420082501344998 156.1
      vertex -44.502134188753 -3.2960216391181723 156.1
      vertex -40.25430160409372 -0.5420082501344998 156.1
    endloop
  endfacet
  facet normal 0 0 -1
    outer loop
      vertex -39.24110567592781 -0.4782633654511885 156.1
      vertex -44.502134188753 -3.2960216391181723 156.1
      vertex -39.74569839590628 -0.5420082501344998 156.1
    endloop
  endfacet
  facet normal 0 0 -1
    outer loop
      vertex -38.74848117278146 -0.35177889099537163 156.1
      vertex -44.502134188753 -3.2960216391181723 156.1
      vertex -39.24110567592781 -0.4782633654511885 156.1
    endloop
  endfacet
  facet normal 0 0 -1
    outer loop
      vertex -41.25151882721854 7.351778890995371 156.1
      vertex -45.977542744855576 9.113286268615244 156.1
      vertex -45.226876715939255 9.818208590761472 156.1
    endloop
  endfacet
  facet normal 0 0 -1
    outer loop
      vertex -41.25151882721854 7.351778890995371 156.1
      vertex -46.63393935387457 8.319839068798279 156.1
      vertex -45.977542744855576 9.113286268615244 156.1
    endloop
  endfacet
  facet normal 0 0 -1
    outer loop
      vertex -32.04288481029874 -3.296021639118175 156.1
      vertex -38.275593869161455 -0.16454956248737895 156.1
      vertex -37.82990148033507 0.08047190171683827 156.1
    endloop
  endfacet
  facet normal 0 0 -1
    outer loop
      vertex -32.04288481029874 -3.296021639118175 156.1
      vertex -38.74848117278146 -0.35177889099537163 156.1
      vertex -38.275593869161455 -0.16454956248737895 156.1
    endloop
  endfacet
  facet normal 0 0 1
    outer loop
      vertex -44.018064540323635 2.9924004040645684 143.9
      vertex -44.05 3.5 143.9
      vertex -47 -3.296021639118169 143.9
    endloop
  endfacet
  facet normal 0 0 1
    outer loop
      vertex -44.018064540323635 2.9924004040645684 143.9
      vertex -47 -3.296021639118169 143.9
      vertex -43.92276180257095 2.492805956982338 143.9
    endloop
  endfacet
  facet normal 0 0 -1
    outer loop
      vertex -46.63393935387457 8.319839068798279 156.1
      vertex -41.25151882721854 7.351778890995371 156.1
      vertex -41.724406130838545 7.1645495624873785 156.1
    endloop
  endfacet
  facet normal 0 0 -1
    outer loop
      vertex -44.502134188753 -3.2960216391181723 156.1
      vertex -38.74848117278146 -0.35177889099537163 156.1
      vertex -32.04288481029874 -3.296021639118175 156.1
    endloop
  endfacet
  facet normal 0 0 -1
    outer loop
      vertex -33.25777718711514 -1.1492116399928074 156.1
      vertex -35.95 3.5 156.1
      vertex -32.81428522364032 -0.450380127634066 156.1
    endloop
  endfacet
  facet normal 0 0 1
    outer loop
      vertex -43.76559476784742 2.0090955616270545 143.9
      vertex -43.92276180257095 2.492805956982338 143.9
      vertex -47 -3.296021639118169 143.9
    endloop
  endfacet
  facet normal 0 0 -1
    outer loop
      vertex -43.76559476784742 2.0090955616270545 156.1
      vertex -46.74222281288486 -1.1492116399928125 156.1
      vertex -47 -0.7430197890473895 156.1
    endloop
  endfacet
  facet normal 0 0 -1
    outer loop
      vertex -47 -2.9878649759051945 156.1
      vertex -43.54904205417765 1.5488976198880529 156.1
      vertex -43.27651882721854 1.119469728215484 156.1
    endloop
  endfacet
  facet normal 0 0 -1
    outer loop
      vertex -47 -2.9878649759051945 156.1
      vertex -43.76559476784742 2.0090955616270545 156.1
      vertex -43.54904205417765 1.5488976198880529 156.1
    endloop
  endfacet
  facet normal 0 0 -1
    outer loop
      vertex -43.76559476784742 2.0090955616270545 156.1
      vertex -47 -0.7430197890473895 156.1
      vertex -43.92276180257095 2.492805956982338 156.1
    endloop
  endfacet
  facet normal 0 0 -1
    outer loop
      vertex -44.018064540323635 2.9924004040645684 156.1
      vertex -43.92276180257095 2.492805956982338 156.1
      vertex -47 -0.7430197890473895 156.1
    endloop
  endfacet
  facet normal 0 0 1
    outer loop
      vertex -43.54904205417765 1.5488976198880529 143.9
      vertex -43.76559476784742 2.0090955616270545 143.9
      vertex -47 -3.296021639118169 143.9
    endloop
  endfacet
  facet normal 0 0 -1
    outer loop
      vertex -46.63393935387457 8.319839068798279 156.1
      vertex -41.724406130838545 7.1645495624873785 156.1
      vertex -42.17009851966494 6.919528098283161 156.1
    endloop
  endfacet
  facet normal 0 0 -1
    outer loop
      vertex -44.018064540323635 2.9924004040645684 156.1
      vertex -47 -0.7430197890473895 156.1
      vertex -44.05 3.5 156.1
    endloop
  endfacet
  facet normal 0 0 -1
    outer loop
      vertex -46.63393935387457 8.319839068798279 156.1
      vertex -42.17009851966494 6.919528098283161 156.1
      vertex -42.581567158482194 6.620578633241947 156.1
    endloop
  endfacet
  facet normal 0 0 -1
    outer loop
      vertex -44.018064540323635 4.007599595935432 156.1
      vertex -47 -0.7430197890473895 156.1
      vertex -43.92276180257095 4.5071940430176625 156.1
    endloop
  endfacet
  facet normal 0 0 -1
    outer loop
      vertex -44.05 3.5 156.1
      vertex -47 -0.7430197890473895 156.1
      vertex -44.018064540323635 4.007599595935432 156.1
    endloop
  endfacet
  facet normal 0 0 1
    outer loop
      vertex -44.05 3.5 143.9
      vertex -44.018064540323635 4.007599595935432 143.9
      vertex -47 -0.7430197890473895 143.9
    endloop
  endfacet
  facet normal 0 0 -1
    outer loop
      vertex -43.54904205417765 5.451102380111947 156.1
      vertex -47 7.743019789047389 156.1
      vertex -43.27651882721854 5.880530271784516 156.1
    endloop
  endfacet
  facet normal 0 0 -1
    outer loop
      vertex -42.17009851966494 0.0804719017168396 156.1
      vertex -44.502134188753 -3.2960216391181723 156.1
      vertex -42.581567158482194 0.37942136675805305 156.1
    endloop
  endfacet
  facet normal 0 0 -1
    outer loop
      vertex -43.27651882721854 5.880530271784516 156.1
      vertex -47 7.743019789047389 156.1
      vertex -42.952322941056714 6.2724157790111885 156.1
    endloop
  endfacet
  facet normal 0 0 -1
    outer loop
      vertex -42.581567158482194 0.37942136675805305 156.1
      vertex -44.502134188753 -3.2960216391181723 156.1
      vertex -42.952322941056714 0.7275842209888115 156.1
    endloop
  endfacet
  facet normal 0 0 -1
    outer loop
      vertex -36.45095794582235 1.5488976198880529 156.1
      vertex -32.04288481029874 -3.296021639118175 156.1
      vertex -36.72348117278146 1.119469728215484 156.1
    endloop
  endfacet
  facet normal 0 0 -1
    outer loop
      vertex -43.76559476784742 4.9909044383729455 156.1
      vertex -47 7.743019789047389 156.1
      vertex -43.54904205417765 5.451102380111947 156.1
    endloop
  endfacet
  facet normal 0 0 -1
    outer loop
      vertex -47 7.743019789047389 156.1
      vertex -46.63393935387457 8.319839068798279 156.1
      vertex -42.952322941056714 6.2724157790111885 156.1
    endloop
  endfacet
  facet normal 0 0 -1
    outer loop
      vertex -36.23440523215258 2.0090955616270527 156.1
      vertex -32.04288481029874 -3.296021639118175 156.1
      vertex -36.45095794582235 1.5488976198880529 156.1
    endloop
  endfacet
  facet normal 0 0 -1
    outer loop
      vertex -36.07723819742905 2.4928059569823393 156.1
      vertex -32.04288481029874 -3.296021639118175 156.1
      vertex -36.23440523215258 2.0090955616270527 156.1
    endloop
  endfacet
  facet normal 0 0 -1
    outer loop
      vertex -32.04288481029874 -3.296021639118175 156.1
      vertex -37.047677058943286 0.7275842209888115 156.1
      vertex -36.72348117278146 1.119469728215484 156.1
    endloop
  endfacet
  facet normal 0 0 -1
    outer loop
      vertex -32.04288481029874 -3.296021639118175 156.1
      vertex -37.418432841517806 0.3794213667580544 156.1
      vertex -37.047677058943286 0.7275842209888115 156.1
    endloop
  endfacet
  facet normal 0 0 -1
    outer loop
      vertex -46.63393935387457 8.319839068798279 156.1
      vertex -42.581567158482194 6.620578633241947 156.1
      vertex -42.952322941056714 6.2724157790111885 156.1
    endloop
  endfacet
  facet normal 0 0 -1
    outer loop
      vertex -32.04288481029874 -3.296021639118175 156.1
      vertex -37.82990148033507 0.08047190171683827 156.1
      vertex -37.418432841517806 0.3794213667580544 156.1
    endloop
  endfacet
  facet normal 0 0 -1
    outer loop
      vertex -33.25777718711514 -1.1492116399928074 156.1
      vertex -32.04288481029874 -3.296021639118175 156.1
      vertex -35.95 3.5 156.1
    endloop
  endfacet
  facet normal 0 0 -1
    outer loop
      vertex -41.25151882721854 -0.35177889099537163 156.1
      vertex -44.502134188753 -3.2960216391181723 156.1
      vertex -41.724406130838545 -0.16454956248737895 156.1
    endloop
  endfacet
  facet normal 0 0 -1
    outer loop
      vertex -40.75889432407219 -0.4782633654511885 156.1
      vertex -44.502134188753 -3.2960216391181723 156.1
      vertex -41.25151882721854 -0.35177889099537163 156.1
    endloop
  endfacet
  facet normal 2.2712614874134675e-16 0.3090169943749512 -0.9510565162951522
    outer loop
      vertex -35.16634738456316 10.10390262281313 156.1
      vertex -44.83365261543683 10.103902622813138 156.1
      vertex -44.41456895880944 10.408384722144929 156.19893223122324
    endloop
  endfacet
  facet normal -9.988031118416367e-13 0.187381314583977 -0.9822872507290221
    outer loop
      vertex -36.5086098091664 10.91958183022136 156.29644829493344
      vertex -35.60622028117223 10.423488989116523 156.2018135242451
      vertex -35.58543104119055 10.408384722144929 156.19893223122324
    endloop
  endfacet
  facet normal 0 0.309016994374945 -0.9510565162951544
    outer loop
      vertex -44.41456895880944 10.408384722144929 156.19893223122324
      vertex -35.58543104119055 10.408384722144929 156.19893223122324
      vertex -35.16634738456316 10.10390262281313 156.1
    endloop
  endfacet
  facet normal 0 0.18738131458571672 -0.9822872507286902
    outer loop
      vertex -43.4913901908336 10.91958183022136 156.29644829493344
      vertex -36.5086098091664 10.91958183022136 156.29644829493344
      vertex -35.58543104119055 10.408384722144929 156.19893223122324
    endloop
  endfacet
  facet normal 5.5967240175963945e-15 0.06279051952929156 -0.9980267284282729
    outer loop
      vertex -38.463473220397056 11.554755455975247 156.37198758766618
      vertex -37.466060646125435 11.29866343362026 156.35587564329342
      vertex -42.533939353874565 11.29866343362026 156.3558756432934
    endloop
  endfacet
  facet normal 0 0.0627905195293109 -0.9980267284282717
    outer loop
      vertex -39.48511773985963 11.683819173111827 156.38010758848435
      vertex -38.463473220397056 11.554755455975247 156.37198758766618
      vertex -40.51488226014037 11.683819173111827 156.38010758848435
    endloop
  endfacet
  facet normal 0 0.18738131458577093 -0.9822872507286798
    outer loop
      vertex -37.21147868629419 11.197867305188455 156.34953408841267
      vertex -36.5086098091664 10.91958183022136 156.29644829493344
      vertex -43.4913901908336 10.91958183022136 156.29644829493344
    endloop
  endfacet
  facet normal 0 0.06279051952936521 -0.9980267284282682
    outer loop
      vertex -42.78852131370581 11.197867305188455 156.34953408841267
      vertex -37.466060646125435 11.29866343362026 156.35587564329342
      vertex -37.21147868629419 11.197867305188455 156.34953408841267
    endloop
  endfacet
  facet normal 9.474885743950055e-13 0.1873813145840657 -0.9822872507290051
    outer loop
      vertex -44.39377971882777 10.423488989116521 156.2018135242451
      vertex -43.4913901908336 10.91958183022136 156.29644829493344
      vertex -44.41456895880944 10.408384722144929 156.19893223122324
    endloop
  endfacet
  facet normal 8.478780017064007e-13 0.18738131458424048 0.9822872507289718
    outer loop
      vertex -44.39377971882777 10.423488989116521 143.7981864757549
      vertex -44.41456895880944 10.408384722144932 143.80106776877676
      vertex -43.4913901908336 10.91958183022136 143.70355170506656
    endloop
  endfacet
  facet normal 0 0.30901699437493196 0.9510565162951586
    outer loop
      vertex -44.833652615436854 10.10390262281312 143.9
      vertex -35.58543104119056 10.408384722144932 143.80106776877676
      vertex -44.41456895880944 10.408384722144932 143.80106776877676
    endloop
  endfacet
  facet normal 0 0.0627905195293109 0.9980267284282717
    outer loop
      vertex -40.51488226014037 11.683819173111827 143.61989241151565
      vertex -41.536526779602944 11.554755455975247 143.62801241233382
      vertex -39.48511773985963 11.683819173111827 143.61989241151565
    endloop
  endfacet
  facet normal 0 0.06279051952936521 0.9980267284282682
    outer loop
      vertex -42.78852131370581 11.197867305188455 143.65046591158733
      vertex -37.21147868629419 11.197867305188455 143.65046591158733
      vertex -37.466060646125435 11.29866343362026 143.64412435670658
    endloop
  endfacet
  facet normal 0 0.18738131458567417 0.9822872507286984
    outer loop
      vertex -42.78852131370581 11.197867305188455 143.65046591158733
      vertex -36.5086098091664 10.91958183022136 143.70355170506653
      vertex -37.21147868629419 11.197867305188455 143.65046591158733
    endloop
  endfacet
  facet normal 0 0.06279051952931089 0.9980267284282717
    outer loop
      vertex -41.536526779602944 11.554755455975247 143.62801241233382
      vertex -38.463473220397056 11.554755455975247 143.62801241233382
      vertex -39.48511773985963 11.683819173111827 143.61989241151565
    endloop
  endfacet
  facet normal 0 0.06279051952926985 0.9980267284282742
    outer loop
      vertex -41.536526779602944 11.554755455975247 143.62801241233382
      vertex -42.533939353874565 11.29866343362026 143.64412435670658
      vertex -37.466060646125435 11.29866343362026 143.64412435670658
    endloop
  endfacet
  facet normal 0 0.06279051952936521 0.9980267284282682
    outer loop
      vertex -42.533939353874565 11.29866343362026 143.64412435670658
      vertex -42.78852131370581 11.197867305188455 143.65046591158733
      vertex -37.466060646125435 11.29866343362026 143.64412435670658
    endloop
  endfacet
  facet normal 3.046586660282034e-15 0.1873813145857635 0.9822872507286813
    outer loop
      vertex -35.58543104119056 10.408384722144932 143.80106776877676
      vertex -42.78852131370581 11.197867305188455 143.65046591158733
      vertex -43.4913901908336 10.91958183022136 143.70355170506656
    endloop
  endfacet
  facet normal 0 0.18738131458571797 0.9822872507286899
    outer loop
      vertex -44.41456895880944 10.408384722144932 143.80106776877676
      vertex -35.58543104119056 10.408384722144932 143.80106776877676
      vertex -43.4913901908336 10.91958183022136 143.70355170506656
    endloop
  endfacet
  facet normal -2.839076859266723e-16 0.30901699437493974 0.951056516295156
    outer loop
      vertex -44.833652615436854 10.10390262281312 143.9
      vertex -35.16634738456316 10.103902622813129 143.9
      vertex -35.58543104119056 10.408384722144932 143.80106776877676
    endloop
  endfacet
  facet normal 0 0.06279051952926985 0.9980267284282742
    outer loop
      vertex -41.536526779602944 11.554755455975247 143.62801241233382
      vertex -37.466060646125435 11.29866343362026 143.64412435670658
      vertex -38.463473220397056 11.554755455975247 143.62801241233382
    endloop
  endfacet
  facet normal -5.2350347086906136e-14 0.1873813145852758 0.9822872507287743
    outer loop
      vertex -35.58543104119056 10.408384722144932 143.80106776877676
      vertex -35.60622028117223 10.423488989116523 143.7981864757549
      vertex -42.78852131370581 11.197867305188455 143.65046591158733
    endloop
  endfacet
  facet normal 0 0.18738131458571675 -0.9822872507286903
    outer loop
      vertex -43.4913901908336 10.91958183022136 156.29644829493344
      vertex -35.58543104119055 10.408384722144929 156.19893223122324
      vertex -44.41456895880944 10.408384722144929 156.19893223122324
    endloop
  endfacet
  facet normal 0 0.18738131458577095 -0.9822872507286798
    outer loop
      vertex -37.21147868629419 11.197867305188455 156.34953408841267
      vertex -43.4913901908336 10.91958183022136 156.29644829493344
      vertex -42.78852131370581 11.197867305188455 156.34953408841267
    endloop
  endfacet
  facet normal 5.597139812322764e-15 0.06279051952907083 -0.9980267284282868
    outer loop
      vertex -37.466060646125435 11.29866343362026 156.35587564329342
      vertex -42.78852131370581 11.197867305188455 156.34953408841267
      vertex -42.533939353874565 11.29866343362026 156.3558756432934
    endloop
  endfacet
  facet normal 0 0.06279051952938018 -0.9980267284282673
    outer loop
      vertex -38.463473220397056 11.554755455975247 156.37198758766618
      vertex -42.533939353874565 11.29866343362026 156.3558756432934
      vertex -41.536526779602944 11.554755455975247 156.37198758766618
    endloop
  endfacet
  facet normal 0 0.06279051952931089 -0.9980267284282717
    outer loop
      vertex -38.463473220397056 11.554755455975247 156.37198758766618
      vertex -41.536526779602944 11.554755455975247 156.37198758766618
      vertex -40.51488226014037 11.683819173111827 156.38010758848435
    endloop
  endfacet
  facet normal 5.468405280804307e-15 0.1873813145857932 0.9822872507286756
    outer loop
      vertex -35.60622028117223 10.423488989116523 143.7981864757549
      vertex -36.5086098091664 10.91958183022136 143.70355170506653
      vertex -42.78852131370581 11.197867305188455 143.65046591158733
    endloop
  endfacet
  facet normal 0.6839644435175887 0.728348154974155 -0.04125051695942142
    outer loop
      vertex 3.7270867499866993 -0.6407808721530598 157.04548200758484
      vertex 3.6449350231192112 -0.554774935897084 157.20192622486053
      vertex 3.8542047641329833 -0.5538882233368925 160.68743157152562
    endloop
  endfacet
  facet normal -0.1253299192016946 0.9920884654329302 0.007272421043263619
    outer loop
      vertex 3.6065068873981216 -0.871772207375876 143.3746896713659
      vertex 3.729379532112616 -0.8560400097803402 143.34607291017474
      vertex 3.5092697564234916 -0.8569726534668044 139.6800206835071
    endloop
  endfacet
  facet normal 0.24866124750862575 0.9684716170321623 -0.01517600047979099
    outer loop
      vertex 3.1345071272520397 -0.8569726534668045 139.6800206835071
      vertex 3.229572018725374 -0.8248237207433095 143.28929069121122
      vertex 3.354616902941166 -0.8560400097803402 143.34607291017474
    endloop
  endfacet
  facet normal 0.3680327364728436 0.9295445846087562 -0.022333161640153785
    outer loop
      vertex 3.1077632282143903 -0.778615639790605 143.20523850398843
      vertex 3.229572018725374 -0.8248237207433095 143.28929069121122
      vertex 3.010291506322266 -0.8257528506959301 139.6370503114126
    endloop
  endfacet
  facet normal 0.5874152979505279 0.8085077959073095 -0.03547409887222851
    outer loop
      vertex 2.8814565874651876 -0.6443639553200396 142.96103559650035
      vertex 2.9911115287996224 -0.7181444959622201 143.09524190170922
      vertex 2.7746649587779 -0.7190616180044175 139.4902024276632
    endloop
  endfacet
  facet normal 0.4815491621224475 0.8759346741345851 -0.02913504947493129
    outer loop
      vertex 2.9911115287996224 -0.7181444959622201 143.09524190170922
      vertex 3.1077632282143903 -0.778615639790605 143.20523850398843
      vertex 2.8897102372827144 -0.7795395685196692 139.57344318533956
    endloop
  endfacet
  facet normal -5.757622885843486e-17 0.9999999676403216 -0.0002543999917677295
    outer loop
      vertex 3.4809258483394943 -0.871772207375876 143.37468967136593
      vertex 3.6065068873981216 -0.871772207375876 143.3746896713659
      vertex 3.3859791845857945 -0.8727066218927891 139.7016766331859
    endloop
  endfacet
  facet normal 0.12532944315974015 0.9920846971728274 -0.007777166114271608
    outer loop
      vertex 3.354616902941166 -0.8560400097803402 143.34607291017474
      vertex 3.4809258483394943 -0.871772207375876 143.37468967136593
      vertex 3.260398145527166 -0.8727066218927891 139.7016766331859
    endloop
  endfacet
  facet normal -0.12532944315973357 -0.9920846971728281 0.0077771661142711675
    outer loop
      vertex 4 1.1259485487452559 149.92853898185692
      vertex 4 1.1096811580166535 147.85340915080405
      vertex 4.8713263794028725 1.1133731205569612 162.36584051993916
    endloop
  endfacet
  facet normal -0.4815491621224416 -0.8759346741345886 0.029135049474931195
    outer loop
      vertex 4 0.970245408236148 142.0498535146736
      vertex 5.212918059397238 0.9753847545770983 162.25168661589345
      vertex 4 1.031210825754258 143.88275663615804
    endloop
  endfacet
  facet normal -0.5874152979505369 -0.8085077959073033 0.03547409887222906
    outer loop
      vertex 4 0.9096977666061631 140.66988215985597
      vertex 5.310848150829896 0.9015545336914963 162.19060894538984
      vertex 4 0.970245408236148 142.0498535146736
    endloop
  endfacet
  facet normal -0.587415297950554 -0.8085077959072905 0.03547409887223012
    outer loop
      vertex 4 0.9096977666061631 140.66988215985597
      vertex 3.847307842408914 0.8953532569682735 137.8145211968725
      vertex 5.310848150829896 0.9015545336914963 162.19060894538984
    endloop
  endfacet
  facet normal -0.6839644435175812 -0.728348154974162 0.041250516959421
    outer loop
      vertex 5.39812200258766 0.815570300776162 162.119476601703
      vertex 3.847307842408914 0.8953532569682735 137.8145211968725
      vertex 3.943121468732862 0.8094052085740857 137.8856236061201
    endloop
  endfacet
  facet normal -0.7696842900940891 -0.6367382204505607 0.04637383098053174
    outer loop
      vertex 4.027974928368171 0.7126637149574944 137.96565512980058
      vertex 5.4733632538934405 0.7187880785486608 162.03941138438535
      vertex 3.943121468732862 0.8094052085740857 137.8856236061201
    endloop
  endfacet
  facet normal -0.8432393043500162 -0.5351359349882829 0.05076422641503593
    outer loop
      vertex 5.481442682349171 0.7049727521766389 162.0279823524533
      vertex 4.027974928368171 0.7126637149574944 137.96565512980058
      vertex 4.033238794541425 0.7049727521766389 137.9720176475467
    endloop
  endfacet
  facet normal -0.8432393043500259 -0.5351359349882675 0.05076422641503653
    outer loop
      vertex 5.534069008782662 0.6127286030895759 161.92975231077278
      vertex 4.033238794541425 0.7049727521766389 137.9720176475467
      vertex 4.101932329282047 0.6066603890445234 138.07670968084912
    endloop
  endfacet
  facet normal 0.12532944315974015 0.9920846971728272 -0.007777166114271533
    outer loop
      vertex 4.374164311474131 -0.8517200087688348 160.32720896168985
      vertex 4 -0.8695727992449228 152.02016188423244
      vertex 4 -0.8533054085163201 154.09529171528524
    endloop
  endfacet
  facet normal -0.9495140482980061 0.30851581614185997 0.056930337036185774
    outer loop
      vertex 4.240897878930181 -0.1235853424578472 138.854342401758
      vertex 5.533186185564667 -0.23737992530963373 161.02447867548995
      vertex 5.579631117519466 -0.11791289515776203 161.15169814108654
    endloop
  endfacet
  facet normal -0.9035000909009598 0.4251548708500019 0.05413798605854933
    outer loop
      vertex 5.533186185564667 -0.23737992530963373 161.02447867548995
      vertex 4.209725322987985 -0.2429876608765809 138.98149295635798
      vertex 5.472449407473661 -0.3510398381613733 160.90344316172212
    endloop
  endfacet
  facet normal -0.24866307685394679 0.9684787418617532 0.014683350142381322
    outer loop
      vertex 4.748926940645583 -0.8517200087688348 160.32720896168985
      vertex 4.873144368949044 -0.8204783350144798 160.3702094366106
      vertex 4 -0.8241780006950367 145.82749842813217
    endloop
  endfacet
  facet normal -0.12532991920169553 0.9920884654329301 0.007272421043263664
    outer loop
      vertex 4.623035011501137 -0.8674649996015289 160.30553784096975
      vertex 4.748926940645583 -0.8517200087688348 160.32720896168985
      vertex 4 -0.8548933434407241 147.85340915080405
    endloop
  endfacet
  facet normal -0.9035000909009585 0.42515487085000475 0.05413798605854929
    outer loop
      vertex 4.163518553087726 -0.35658600753771874 139.1024629087918
      vertex 5.472449407473661 -0.3510398381613733 160.90344316172212
      vertex 4.209725322987985 -0.2429876608765809 138.98149295635798
    endloop
  endfacet
  facet normal -0.248661247508632 -0.9684716170321608 0.015176000479791228
    outer loop
      vertex 4 1.0779350318952705 145.82749842813217
      vertex 4.9914105205790475 1.0821358119824673 162.3399987708878
      vertex 4 1.1096811580166535 147.85340915080405
    endloop
  endfacet
  facet normal 5.757622885842594e-17 0.9999999676403216 -0.0002543999917676963
    outer loop
      vertex 4.497453972442506 -0.8674649996015289 160.30553784096972
      vertex 4.623035011501137 -0.8674649996015289 160.30553784096975
      vertex 4 -0.8701049081112872 149.9285389818569
    endloop
  endfacet
  facet normal 0.24866124750862764 0.9684716170321619 -0.015176000479790982
    outer loop
      vertex 4.255110380199152 -0.8204783350144798 160.3702094366106
      vertex 4 -0.8533054085163201 154.09529171528524
      vertex 4 -0.8215592823949373 156.12120243795715
    endloop
  endfacet
  facet normal 0.12532944315973865 0.9920846971728274 -0.007777166114271467
    outer loop
      vertex 4 -0.8695727992449228 152.02016188423244
      vertex 4.374164311474131 -0.8517200087688348 160.32720896168985
      vertex 4.497453972442506 -0.8674649996015289 160.30553784096972
    endloop
  endfacet
  facet normal 0.36803273647284646 0.9295445846087551 -0.02233316164015415
    outer loop
      vertex 4.255110380199152 -0.8204783350144798 160.3702094366106
      vertex 4 -0.8215592823949373 156.12120243795715
      vertex 4 -0.8065993808663715 156.74385925996108
    endloop
  endfacet
  facet normal 0.5874152979505285 0.8085077959073093 -0.03547409887222893
    outer loop
      vertex 3.820618737264317 -0.7146297285765869 156.911151436431
      vertex 3.7270867499866993 -0.6407808721530598 157.04548200758484
      vertex 3.940251572351192 -0.6398776554507026 160.59586212691346
    endloop
  endfacet
  facet normal 0.36803273647284157 0.9295445846087571 -0.022333161640154232
    outer loop
      vertex 4 -0.8065993808663715 156.74385925996108
      vertex 3.9240559296393966 -0.7751568645866989 156.80105298475135
      vertex 4.142169730233146 -0.7742326781964416 160.43386112255524
    endloop
  endfacet
  facet normal 0.48154916212244275 0.8759346741345879 -0.029135049474931382
    outer loop
      vertex 3.820618737264317 -0.7146297285765869 156.911151436431
      vertex 4.037123503093546 -0.7137123599485563 160.5171601944128
      vertex 3.9240559296393966 -0.7751568645866989 156.80105298475135
    endloop
  endfacet
  facet normal -0.4815553672278374 0.87594596117938 0.02868974359583529
    outer loop
      vertex 5.108777093051538 -0.7137123599485568 160.5171601944128
      vertex 4 -0.7548358839187264 143.16198328863547
      vertex 4.993728313363287 -0.7742326781964416 160.43386112255524
    endloop
  endfacet
  facet normal -0.3680327364728456 -0.9295445846087554 0.022333161640154062
    outer loop
      vertex 4 1.031210825754258 143.88275663615804
      vertex 5.105876144332182 1.0358966167455657 162.30174638186398
      vertex 4 1.0779350318952705 145.82749842813217
    endloop
  endfacet
  facet normal -0.3680365827247187 0.9295542991320793 0.02186043781309289
    outer loop
      vertex 4.873144368949044 -0.8204783350144798 160.3702094366106
      vertex 4.993728313363287 -0.7742326781964416 160.43386112255524
      vertex 4 -0.778443279177781 143.88275663615804
    endloop
  endfacet
  facet normal -0.5874238205476114 0.8085195262557519 0.03506323881819917
    outer loop
      vertex 3.846318548735893 -0.7190616180044178 139.4902024276632
      vertex 5.108777093051538 -0.7137123599485568 160.5171601944128
      vertex 5.109132763580399 -0.7134685058005186 160.5174958308534
    endloop
  endfacet
  facet normal -0.24866307685394523 0.9684787418617535 0.014683350142381252
    outer loop
      vertex 3.729379532112616 -0.8560400097803402 143.34607291017474
      vertex 3.8476060074752647 -0.8248237207433093 143.2892906912112
      vertex 3.6283254950721564 -0.8257528506959302 139.6370503114126
    endloop
  endfacet
  facet normal -0.36803658272472006 0.9295542991320789 0.021860437813093058
    outer loop
      vertex 3.7412688204128575 -0.7795395685196692 139.57344318533956
      vertex 3.8476060074752647 -0.8248237207433093 143.2892906912112
      vertex 3.959321811344536 -0.778615639790605 143.20523850398843
    endloop
  endfacet
  facet normal -0.8432509285363926 0.5351433119212573 0.05049264529077226
    outer loop
      vertex 4.103006277593312 -0.46258886865405285 139.2153444906457
      vertex 5.398378638519323 -0.45710014899016915 160.7905004021382
      vertex 4.163518553087726 -0.35658600753771874 139.1024629087918
    endloop
  endfacet
  facet normal -0.5874238205475626 0.8085195262557876 0.03506323881819615
    outer loop
      vertex 3.846318548735893 -0.7190616180044178 139.4902024276632
      vertex 5.109132763580399 -0.7134685058005186 160.5174958308534
      vertex 3.9430930250088565 -0.6452673699814822 139.40987733611203
    endloop
  endfacet
  facet normal -0.6839748523921407 0.7283592392997468 0.040880555547146306
    outer loop
      vertex 3.9430930250088565 -0.6452673699814822 139.40987733611203
      vertex 5.215099551848575 -0.6398776554507022 160.59586212691346
      vertex 4.029142811237583 -0.5593245157827386 139.31835749194155
    endloop
  endfacet
  facet normal -0.7696958135754447 0.6367477535033971 0.046050548018578386
    outer loop
      vertex 4.029142811237583 -0.5593245157827386 139.31835749194155
      vertex 5.312142018975811 -0.5538882233368924 160.68743157152565
      vertex 4.103006277593312 -0.46258886865405285 139.2153444906457
    endloop
  endfacet
  facet normal -0.4815553672278406 0.8759459611793782 0.02868974359583549
    outer loop
      vertex 5.108777093051538 -0.7137123599485568 160.5171601944128
      vertex 3.846318548735893 -0.7190616180044178 139.4902024276632
      vertex 4 -0.7548358839187264 143.16198328863547
    endloop
  endfacet
  facet normal -0.4815553672278356 0.875945961179381 0.028689743595835183
    outer loop
      vertex 4.993728313363287 -0.7742326781964416 160.43386112255524
      vertex 4 -0.7548358839187264 143.16198328863547
      vertex 4 -0.778443279177781 143.88275663615804
    endloop
  endfacet
  facet normal -0.3680365827247182 0.9295542991320795 0.021860437813092864
    outer loop
      vertex 4 -0.778443279177781 143.88275663615804
      vertex 4 -0.8241780006950367 145.82749842813217
      vertex 4.873144368949044 -0.8204783350144798 160.3702094366106
    endloop
  endfacet
  facet normal -0.24866307685394576 0.9684787418617535 0.01468335014238127
    outer loop
      vertex 4 -0.8241780006950367 145.82749842813217
      vertex 4 -0.8548933434407241 147.85340915080405
      vertex 4.748926940645583 -0.8517200087688348 160.32720896168985
    endloop
  endfacet
  facet normal -0.12532991920169437 0.9920884654329301 0.0072724210432636065
    outer loop
      vertex 4 -0.8548933434407241 147.85340915080405
      vertex 4 -0.8701049081112872 149.9285389818569
      vertex 4.623035011501137 -0.8674649996015289 160.30553784096975
    endloop
  endfacet
  facet normal 1.4338126285765893e-16 0.9999999676403216 -0.0002543999917677004
    outer loop
      vertex 4 -0.8695727992449228 152.02016188423244
      vertex 4.497453972442506 -0.8674649996015289 160.30553784096972
      vertex 4 -0.8701049081112872 149.9285389818569
    endloop
  endfacet
  facet normal -0.48155536722783004 0.875945961179384 0.028689743595835104
    outer loop
      vertex 3.846318548735893 -0.7190616180044178 139.4902024276632
      vertex 3.959321811344536 -0.778615639790605 143.20523850398843
      vertex 4 -0.7548358839187264 143.16198328863547
    endloop
  endfacet
  facet normal -0.5874238205475552 0.808519526255793 0.035063238818195765
    outer loop
      vertex 5.215099551848575 -0.6398776554507022 160.59586212691346
      vertex 3.9430930250088565 -0.6452673699814822 139.40987733611203
      vertex 5.109132763580399 -0.7134685058005186 160.5174958308534
    endloop
  endfacet
  facet normal -0.9034894890009979 -0.42514988197455467 0.05435366704959424
    outer loop
      vertex 4.16266517107056 0.49306204238338514 138.19767963328297
      vertex 5.580271842380428 0.499068690237836 161.80871679700496
      vertex 4.101932329282047 0.6066603890445234 138.07670968084912
    endloop
  endfacet
  facet normal -0.9962388368626233 -0.06267803492638735 0.05983012505731715
    outer loop
      vertex 5.6269525280842965 0.13084438246410135 161.41659773624744
      vertex 4.240522313825473 0.2503364796772755 138.45615610444696
      vertex 4.256418761141021 0.12503719075340233 138.58958629482046
    endloop
  endfacet
  facet normal -0.9805806350932921 -0.18705576024200266 0.05892164831640682
    outer loop
      vertex 4.240522313825473 0.2503364796772755 138.45615610444696
      vertex 5.627082719781282 0.2562115790656026 161.5501002409528
      vertex 4.209105965609122 0.3736597239646522 138.32483018788292
    endloop
  endfacet
  facet normal -0.9495055513652914 -0.308513055321076 0.057086799025245764
    outer loop
      vertex 4.209105965609122 0.3736597239646522 138.32483018788292
      vertex 5.611440260906391 0.3796016600859651 161.6814973314084
      vertex 4.16266517107056 0.49306204238338514 138.19767963328297
    endloop
  endfacet
  facet normal -0.6839748523921498 0.7283592392997383 0.04088055554714678
    outer loop
      vertex 5.215099551848575 -0.6398776554507022 160.59586212691346
      vertex 5.312142018975811 -0.5538882233368924 160.68743157152565
      vertex 4.029142811237583 -0.5593245157827386 139.31835749194155
    endloop
  endfacet
  facet normal -0.7696958135754369 0.6367477535034063 0.04605054801857799
    outer loop
      vertex 5.398378638519323 -0.45710014899016915 160.7905004021382
      vertex 4.103006277593312 -0.46258886865405285 139.2153444906457
      vertex 5.312142018975811 -0.5538882233368924 160.68743157152565
    endloop
  endfacet
  facet normal -0.8432509285363973 0.53514331192125 0.05049264529077251
    outer loop
      vertex 5.472449407473661 -0.3510398381613733 160.90344316172212
      vertex 4.163518553087726 -0.35658600753771874 139.1024629087918
      vertex 5.398378638519323 -0.45710014899016915 160.7905004021382
    endloop
  endfacet
  facet normal -0.9962407372027428 0.06267815448564071 0.05979834853915152
    outer loop
      vertex 4.256544611085526 -0.00026209817047072255 138.723016485194
      vertex 5.611051739016266 0.005477185862600233 161.2830952315421
      vertex 4.256418761141021 0.12503719075340233 138.58958629482046
    endloop
  endfacet
  facet normal -0.9805861296055615 0.1870568083762869 0.058826803969466955
    outer loop
      vertex 4.240897878930181 -0.1235853424578472 138.854342401758
      vertex 5.579631117519466 -0.11791289515776203 161.15169814108654
      vertex 4.256544611085526 -0.00026209817047072255 138.723016485194
    endloop
  endfacet
  facet normal -0.9495140482980073 0.308515816141856 0.05693033703618584
    outer loop
      vertex 4.209725322987985 -0.2429876608765809 138.98149295635798
      vertex 5.533186185564667 -0.23737992530963373 161.02447867548995
      vertex 4.240897878930181 -0.1235853424578472 138.854342401758
    endloop
  endfacet
  facet normal -0.3680365827247212 0.9295542991320783 0.021860437813093082
    outer loop
      vertex 3.7412688204128575 -0.7795395685196692 139.57344318533956
      vertex 3.6283254950721564 -0.8257528506959302 139.6370503114126
      vertex 3.8476060074752647 -0.8248237207433093 143.2892906912112
    endloop
  endfacet
  facet normal 0.9805806350932907 0.18705576024200937 -0.05892164831640699
    outer loop
      vertex 2.4627993945378877 0.000545016701932464 141.89563783898012
      vertex 2.49652131004976 -0.12276845849283982 142.06536427678867
      vertex 2.3037315566729197 -0.12358534245784762 138.85434240175803
    endloop
  endfacet
  facet normal 0.9034894890009978 0.42514988197455444 -0.05435366704959417
    outer loop
      vertex 2.4109051929999934 -0.35658600753771874 139.1024629087918
      vertex 2.5455228483445302 -0.24275491977921781 142.23051147280455
      vertex 2.6110523714168075 -0.35573794887367416 142.43602683978472
    endloop
  endfacet
  facet normal 0.7696958135754439 -0.6367477535033981 -0.046050548018578545
    outer loop
      vertex 2.6590420271676436 0.8101418745917041 140.78132336091036
      vertex 2.5869870645179267 0.7134138904101004 140.91445800954153
      vertex 2.4099409396182794 0.7126637149574944 137.96565512980058
    endloop
  endfacet
  facet normal 0.6839748523921324 -0.7283592392997548 -0.040880555547145654
    outer loop
      vertex 2.6761555578623812 0.8275579797510542 140.757352148644
      vertex 2.6590420271676436 0.8101418745917041 140.78132336091036
      vertex 2.4851842138900353 0.8094052085740854 137.88562360612008
    endloop
  endfacet
  facet normal 0.6839748523921514 -0.7283592392997369 -0.040880555547147035
    outer loop
      vertex 2.6761555578623812 0.8275579797510542 140.757352148644
      vertex 2.4851842138900353 0.8094052085740854 137.88562360612008
      vertex 2.744766187973784 0.8960833490584775 140.6843800420133
    endloop
  endfacet
  facet normal 0.5874238205475654 -0.8085195262557856 -0.03506323881819607
    outer loop
      vertex 2.8416452375430303 0.9698780401767919 140.6057966775821
      vertex 2.744766187973784 0.8960833490584775 140.6843800420133
      vertex 2.5724598629115327 0.8953532569682737 137.8145211968725
    endloop
  endfacet
  facet normal 0.7696958135754399 -0.636747753503403 -0.04605054801857802
    outer loop
      vertex 2.4099409396182794 0.7126637149574944 137.96565512980058
      vertex 2.4851842138900353 0.8094052085740854 137.88562360612008
      vertex 2.6590420271676436 0.8101418745917041 140.78132336091036
    endloop
  endfacet
  facet normal 0.9495140482980023 -0.3085158161418714 -0.05693033703618594
    outer loop
      vertex 2.2719396433518595 0.37365972396465225 138.32483018788295
      vertex 2.3031121992940573 0.493062042383385 138.19767963328297
      vertex 2.4843735335835238 0.49383007841675014 141.21668919839732
    endloop
  endfacet
  facet normal 0.9962407372027425 -0.06267815448564379 -0.05979834853915162
    outer loop
      vertex 2.2564187611410214 0.1250371907534023 138.5895862948205
      vertex 2.2562929111965153 0.25033647967727535 138.45615610444693
      vertex 2.442092077120208 0.2511237432983778 141.55074581003808
    endloop
  endfacet
  facet normal 0.9805861296055646 -0.18705680837627045 -0.05882680396946777
    outer loop
      vertex 2.2719396433518595 0.37365972396465225 138.32483018788295
      vertex 2.455433241980028 0.37443721849315 141.3810193722295
      vertex 2.2562929111965153 0.25033647967727535 138.45615610444693
    endloop
  endfacet
  facet normal 0.8432509285364009 -0.5351433119212441 -0.05049264529077291
    outer loop
      vertex 2.4099409396182794 0.7126637149574944 137.96565512980058
      vertex 2.5869870645179267 0.7134138904101004 140.91445800954153
      vertex 2.349318969194315 0.6066603890445235 138.07670968084912
    endloop
  endfacet
  facet normal 0.903500090900961 -0.4251548708499996 -0.05413798605854949
    outer loop
      vertex 2.3031121992940573 0.493062042383385 138.19767963328297
      vertex 2.349318969194315 0.6066603890445235 138.07670968084912
      vertex 2.5284565462440094 0.6074194263463463 141.0603468735489
    endloop
  endfacet
  facet normal 0.996238836862624 0.06267803492637289 -0.059830125057317635
    outer loop
      vertex 2.27231520845657 -0.000262098170470722 138.72301648519402
      vertex 2.2564187611410214 0.1250371907534023 138.5895862948205
      vertex 2.444560437143526 0.1258343800001551 141.7231918245091
    endloop
  endfacet
  facet normal 0.8432509285365722 -0.5351433119210045 -0.05049264529045087
    outer loop
      vertex 2.4054410845759793 0.7049727521766389 137.9720176475467
      vertex 2.4099409396182794 0.7126637149574944 137.96565512980058
      vertex 2.349318969194315 0.6066603890445235 138.07670968084912
    endloop
  endfacet
  facet normal -0.48155536722783354 0.8759459611793821 0.02868974359583518
    outer loop
      vertex 3.7412688204128575 -0.7795395685196692 139.57344318533956
      vertex 3.959321811344536 -0.778615639790605 143.20523850398843
      vertex 3.846318548735893 -0.7190616180044178 139.4902024276632
    endloop
  endfacet
  facet normal 0.9495055513652926 0.30851305532107204 -0.05708679902524591
    outer loop
      vertex 2.5451943689270244 -0.24216131841643992 142.22969445062085
      vertex 2.3501723512114814 -0.2429876608765804 138.98149295635798
      vertex 2.49652131004976 -0.12276845849283982 142.06536427678867
    endloop
  endfacet
  facet normal -0.24866307685394534 0.9684787418617535 0.014683350142381256
    outer loop
      vertex 3.6283254950721564 -0.8257528506959302 139.6370503114126
      vertex 3.5092697564234916 -0.8569726534668044 139.6800206835071
      vertex 3.729379532112616 -0.8560400097803402 143.34607291017474
    endloop
  endfacet
  facet normal 0.1253294431597395 0.9920846971728275 -0.0077771661142715925
    outer loop
      vertex 3.1345071272520397 -0.8569726534668045 139.6800206835071
      vertex 3.354616902941166 -0.8560400097803402 143.34607291017474
      vertex 3.260398145527166 -0.8727066218927891 139.7016766331859
    endloop
  endfacet
  facet normal 0.24866124750863344 0.9684716170321604 -0.015176000479791178
    outer loop
      vertex 3.010291506322266 -0.8257528506959301 139.6370503114126
      vertex 3.229572018725374 -0.8248237207433095 143.28929069121122
      vertex 3.1345071272520397 -0.8569726534668045 139.6800206835071
    endloop
  endfacet
  facet normal 0.36803273647284424 0.9295445846087559 -0.022333161640153802
    outer loop
      vertex 3.010291506322266 -0.8257528506959301 139.6370503114126
      vertex 2.8897102372827144 -0.7795395685196692 139.57344318533956
      vertex 3.1077632282143903 -0.778615639790605 143.20523850398843
    endloop
  endfacet
  facet normal 0.48154916212244037 0.8759346741345893 -0.029135049474931153
    outer loop
      vertex 2.7746649587779 -0.7190616180044175 139.4902024276632
      vertex 2.9911115287996224 -0.7181444959622201 143.09524190170922
      vertex 2.8897102372827144 -0.7795395685196692 139.57344318533956
    endloop
  endfacet
  facet normal -0.1253299192016953 0.9920884654329301 0.007272421043263637
    outer loop
      vertex 3.5092697564234916 -0.8569726534668044 139.6800206835071
      vertex 3.3859791845857945 -0.8727066218927891 139.7016766331859
      vertex 3.6065068873981216 -0.871772207375876 143.3746896713659
    endloop
  endfacet
  facet normal 0 0.9999999676403216 -0.00025439999176773097
    outer loop
      vertex 3.260398145527166 -0.8727066218927891 139.7016766331859
      vertex 3.4809258483394943 -0.871772207375876 143.37468967136593
      vertex 3.3859791845857945 -0.8727066218927891 139.7016766331859
    endloop
  endfacet
  facet normal 0.7696842900940943 0.6367382204505546 -0.04637383098053199
    outer loop
      vertex 2.571205556394756 -0.5593245157827387 139.31835749194155
      vertex 2.6899166592294423 -0.46172048344708744 142.6288083545035
      vertex 2.780527728140618 -0.5584375810643484 142.80473610196591
    endloop
  endfacet
  facet normal 0.8432393043500304 0.5351359349882606 -0.050764226415036896
    outer loop
      vertex 2.6110523714168075 -0.35573794887367416 142.43602683978472
      vertex 2.6899166592294423 -0.46172048344708744 142.6288083545035
      vertex 2.48497228884342 -0.4625888686540529 139.2153444906457
    endloop
  endfacet
  facet normal 0.6839644435175837 0.7283481549741598 -0.041250516959420974
    outer loop
      vertex 2.780527728140618 -0.5584375810643484 142.80473610196591
      vertex 2.8814565874651876 -0.6443639553200396 142.96103559650035
      vertex 2.668245045511474 -0.6452673699814825 139.40987733611203
    endloop
  endfacet
  facet normal 0.6839644435175811 0.728348154974162 -0.04125051695942093
    outer loop
      vertex 2.571205556394756 -0.5593245157827387 139.31835749194155
      vertex 2.780527728140618 -0.5584375810643484 142.80473610196591
      vertex 2.668245045511474 -0.6452673699814825 139.40987733611203
    endloop
  endfacet
  facet normal 0.8432393043500319 0.535135934988258 -0.050764226415036875
    outer loop
      vertex 2.48497228884342 -0.4625888686540529 139.2153444906457
      vertex 2.4109051929999934 -0.35658600753771874 139.1024629087918
      vertex 2.6110523714168075 -0.35573794887367416 142.43602683978472
    endloop
  endfacet
  facet normal 0.7696842900940922 0.6367382204505571 -0.04637383098053198
    outer loop
      vertex 2.571205556394756 -0.5593245157827387 139.31835749194155
      vertex 2.48497228884342 -0.4625888686540529 139.2153444906457
      vertex 2.6899166592294423 -0.46172048344708744 142.6288083545035
    endloop
  endfacet
  facet normal 0.5874152979505314 0.808507795907307 -0.03547409887222858
    outer loop
      vertex 2.7665018012627245 -0.7134685058005239 139.4825041691466
      vertex 2.668245045511474 -0.6452673699814825 139.40987733611203
      vertex 2.8814565874651876 -0.6443639553200396 142.96103559650035
    endloop
  endfacet
  facet normal 0.5874152979505287 0.8085077959073091 -0.03547409887222852
    outer loop
      vertex 2.7665018012627245 -0.7134685058005239 139.4825041691466
      vertex 2.8814565874651876 -0.6443639553200396 142.96103559650035
      vertex 2.7746649587779 -0.7190616180044175 139.4902024276632
    endloop
  endfacet
  facet normal -0.587415297950534 -0.8085077959073051 0.035474098872229076
    outer loop
      vertex 3.742045087519746 0.9691524080740065 137.75346922952616
      vertex 4 0.9096977666061631 140.66988215985597
      vertex 3.913298827501026 0.9698780401767919 140.6057966775821
    endloop
  endfacet
  facet normal -0.24866124750863353 -0.9684716170321603 0.015176000479791516
    outer loop
      vertex 3.5099352564668727 1.0758585417094804 137.66519423870633
      vertex 3.679667064520343 1.0765777251200204 140.49217305372082
      vertex 3.386748690994569 1.1070827047686356 137.639363364571
    endloop
  endfacet
  facet normal 0.36803658272471923 -0.9295542991320791 -0.021860437813092787
    outer loop
      vertex 3.0616330757704513 1.0765777251200201 140.49217305372082
      vertex 2.9478257099683485 1.03036078185293 140.54138909949071
      vertex 2.7774346774607355 1.0296388051928709 137.70343053007676
    endloop
  endfacet
  facet normal 0.24866307685394368 -0.968478741861754 -0.014683350142381221
    outer loop
      vertex 3.181272524805413 1.107800001174077 140.4589247067145
      vertex 3.0616330757704513 1.0765777251200201 140.49217305372082
      vertex 2.8919012677169813 1.0758585417094806 137.66519423870633
    endloop
  endfacet
  facet normal 0.12532991920169437 -0.9920884654329302 -0.007272421043263655
    outer loop
      vertex 3.0119860618231176 1.1070827047686358 137.639363364571
      vertex 3.3048572714928137 1.123535216070444 140.44216840476562
      vertex 3.181272524805413 1.107800001174077 140.4589247067145
    endloop
  endfacet
  facet normal 5.764195000960658e-17 -0.9999999676403216 0.00025439999176768565
    outer loop
      vertex 3.135795250840918 1.1228188706664826 137.62634527598655
      vertex 3.430438310551438 1.123535216070444 140.4421684047656
      vertex 3.3048572714928137 1.123535216070444 140.44216840476562
    endloop
  endfacet
  facet normal -0.12532944315973382 -0.992084697172828 0.007777166114271197
    outer loop
      vertex 3.5560351539768638 1.1078000011740772 140.4589247067145
      vertex 3.430438310551438 1.123535216070444 140.4421684047656
      vertex 3.2613762898995438 1.1228188706664826 137.62634527598655
    endloop
  endfacet
  facet normal -0.36803273647284845 -0.9295445846087542 0.022333161640154496
    outer loop
      vertex 3.5099352564668727 1.0758585417094804 137.66519423870633
      vertex 3.799384293098494 1.03036078185293 140.54138909949071
      vertex 3.679667064520343 1.0765777251200204 140.49217305372082
    endloop
  endfacet
  facet normal -0.2486612475086315 -0.9684716170321608 0.015176000479791304
    outer loop
      vertex 3.386748690994569 1.1070827047686356 137.639363364571
      vertex 3.679667064520343 1.0765777251200204 140.49217305372082
      vertex 3.5560351539768638 1.1078000011740772 140.4589247067145
    endloop
  endfacet
  facet normal -0.12532944315973568 -0.9920846971728279 0.007777166114271395
    outer loop
      vertex 3.2613762898995438 1.1228188706664826 137.62634527598655
      vertex 3.386748690994569 1.1070827047686356 137.639363364571
      vertex 3.5560351539768638 1.1078000011740772 140.4589247067145
    endloop
  endfacet
  facet normal 0 -0.9999999676403216 0.0002543999917676916
    outer loop
      vertex 3.135795250840918 1.1228188706664826 137.62634527598655
      vertex 3.2613762898995438 1.1228188706664826 137.62634527598655
      vertex 3.430438310551438 1.123535216070444 140.4421684047656
    endloop
  endfacet
  facet normal 0.12532991920169326 -0.9920884654329303 -0.007272421043263536
    outer loop
      vertex 3.135795250840918 1.1228188706664826 137.62634527598655
      vertex 3.3048572714928137 1.123535216070444 140.44216840476562
      vertex 3.0119860618231176 1.1070827047686358 137.639363364571
    endloop
  endfacet
  facet normal 0.24866307685394368 -0.9684787418617541 -0.014683350142381217
    outer loop
      vertex 3.0119860618231176 1.1070827047686358 137.639363364571
      vertex 3.181272524805413 1.107800001174077 140.4589247067145
      vertex 2.8919012677169813 1.0758585417094806 137.66519423870633
    endloop
  endfacet
  facet normal -0.5874152979505347 -0.8085077959073046 0.03547409887222915
    outer loop
      vertex 4 0.9096977666061631 140.66988215985597
      vertex 3.742045087519746 0.9691524080740065 137.75346922952616
      vertex 3.847307842408914 0.8953532569682735 137.8145211968725
    endloop
  endfacet
  facet normal -0.48154916212244053 -0.875934674134589 0.029135049474931327
    outer loop
      vertex 3.742045087519746 0.9691524080740065 137.75346922952616
      vertex 3.913298827501026 0.9698780401767919 140.6057966775821
      vertex 3.628993260590878 1.029638805192871 137.70343053007676
    endloop
  endfacet
  facet normal -0.48154916212244253 -0.875934674134588 0.029135049474931545
    outer loop
      vertex 3.913298827501026 0.9698780401767919 140.6057966775821
      vertex 3.799384293098494 1.03036078185293 140.54138909949071
      vertex 3.628993260590878 1.029638805192871 137.70343053007676
    endloop
  endfacet
  facet normal -0.996240737202743 0.06267815448563761 0.05979834853915152
    outer loop
      vertex 4.256418761141021 0.12503719075340233 138.58958629482046
      vertex 5.611051739016266 0.005477185862600233 161.2830952315421
      vertex 5.6269525280842965 0.13084438246410135 161.41659773624744
    endloop
  endfacet
  facet normal 0.3680365827247243 -0.929554299132077 -0.021860437813093325
    outer loop
      vertex 2.7774346774607355 1.0296388051928709 137.70343053007676
      vertex 2.8919012677169813 1.0758585417094806 137.66519423870633
      vertex 3.0616330757704513 1.0765777251200201 140.49217305372082
    endloop
  endfacet
  facet normal 0.48155536722782893 -0.8759459611793848 -0.02868974359583458
    outer loop
      vertex 2.9478257099683485 1.03036078185293 140.54138909949071
      vertex 2.8416452375430303 0.9698780401767919 140.6057966775821
      vertex 2.670391497561751 0.9691524080740064 137.75346922952613
    endloop
  endfacet
  facet normal 0.4815553672278295 -0.8759459611793844 -0.028689743595834656
    outer loop
      vertex 2.670391497561751 0.9691524080740064 137.75346922952613
      vertex 2.7774346774607355 1.0296388051928709 137.70343053007676
      vertex 2.9478257099683485 1.03036078185293 140.54138909949071
    endloop
  endfacet
  facet normal 0.5874238205475657 -0.8085195262557854 -0.03506323881819609
    outer loop
      vertex 2.5724598629115327 0.8953532569682737 137.8145211968725
      vertex 2.670391497561751 0.9691524080740064 137.75346922952613
      vertex 2.8416452375430303 0.9698780401767919 140.6057966775821
    endloop
  endfacet
  facet normal 0.6839748523921442 -0.7283592392997437 -0.04088055554714614
    outer loop
      vertex 2.4851842138900353 0.8094052085740854 137.88562360612008
      vertex 2.5724598629115327 0.8953532569682737 137.8145211968725
      vertex 2.744766187973784 0.8960833490584775 140.6843800420133
    endloop
  endfacet
  facet normal 0.9495055513652912 0.30851305532107604 -0.05708679902524599
    outer loop
      vertex 2.3501723512114814 -0.2429876608765804 138.98149295635798
      vertex 2.3037315566729197 -0.12358534245784762 138.85434240175803
      vertex 2.49652131004976 -0.12276845849283982 142.06536427678867
    endloop
  endfacet
  facet normal 0.9805806350932917 0.18705576024200513 -0.05892164831640686
    outer loop
      vertex 2.3037315566729197 -0.12358534245784762 138.85434240175803
      vertex 2.27231520845657 -0.000262098170470722 138.72301648519402
      vertex 2.4627993945378877 0.000545016701932464 141.89563783898012
    endloop
  endfacet
  facet normal 0.9034894890009968 0.4251498819745568 -0.05435366704959423
    outer loop
      vertex 2.4109051929999934 -0.35658600753771874 139.1024629087918
      vertex 2.3501723512114814 -0.2429876608765804 138.98149295635798
      vertex 2.5451943689270244 -0.24216131841643992 142.22969445062085
    endloop
  endfacet
  facet normal 0.9035000909009637 -0.4251548708499932 -0.05413798605854997
    outer loop
      vertex 2.5284565462440094 0.6074194263463463 141.0603468735489
      vertex 2.4843735335835238 0.49383007841675014 141.21668919839732
      vertex 2.3031121992940573 0.493062042383385 138.19767963328297
    endloop
  endfacet
  facet normal 0.8432509285363994 -0.5351433119212464 -0.05049264529077269
    outer loop
      vertex 2.5869870645179267 0.7134138904101004 140.91445800954153
      vertex 2.5284565462440094 0.6074194263463463 141.0603468735489
      vertex 2.349318969194315 0.6066603890445235 138.07670968084912
    endloop
  endfacet
  facet normal 0.949514048298004 -0.30851581614186685 -0.05693033703618623
    outer loop
      vertex 2.2719396433518595 0.37365972396465225 138.32483018788295
      vertex 2.4843735335835238 0.49383007841675014 141.21668919839732
      vertex 2.455433241980028 0.37443721849315 141.3810193722295
    endloop
  endfacet
  facet normal 0.9805861296055626 -0.1870568083762816 -0.05882680396946716
    outer loop
      vertex 2.2562929111965153 0.25033647967727535 138.45615610444693
      vertex 2.455433241980028 0.37443721849315 141.3810193722295
      vertex 2.442092077120208 0.2511237432983778 141.55074581003808
    endloop
  endfacet
  facet normal 0.9962407372027429 -0.06267815448563656 -0.05979834853915196
    outer loop
      vertex 2.442092077120208 0.2511237432983778 141.55074581003808
      vertex 2.444560437143526 0.1258343800001551 141.7231918245091
      vertex 2.2564187611410214 0.1250371907534023 138.5895862948205
    endloop
  endfacet
  facet normal 0.9962388368626246 0.0626780349263646 -0.059830125057317315
    outer loop
      vertex 2.27231520845657 -0.000262098170470722 138.72301648519402
      vertex 2.444560437143526 0.1258343800001551 141.7231918245091
      vertex 2.4627993945378877 0.000545016701932464 141.89563783898012
    endloop
  endfacet
  facet normal 0.9034894890010311 0.42514988197448383 -0.05435366704959303
    outer loop
      vertex 2.5455228483445302 -0.24275491977921781 142.23051147280455
      vertex 2.4109051929999934 -0.35658600753771874 139.1024629087918
      vertex 2.5451943689270244 -0.24216131841643992 142.22969445062085
    endloop
  endfacet
  facet normal 0.90350009090097 -0.42515487084998 -0.05413798605855036
    outer loop
      vertex 3.781455648694931 0.612728603089576 161.92975231077278
      vertex 3.539442928835228 0.4983005923100219 158.7894639361006
      vertex 3.602306103766636 0.6119695150777547 158.94591578631753
    endloop
  endfacet
  facet normal 0.7696842900940967 0.6367382204505518 -0.046373830980532146
    outer loop
      vertex 3.6449350231192112 -0.554774935897084 157.20192622486053
      vertex 3.7803446497694315 -0.4571001489901692 160.7905004021382
      vertex 3.8542047641329833 -0.5538882233368925 160.68743157152562
    endloop
  endfacet
  facet normal 0.9034894890009978 0.42514988197455483 -0.054353667049593955
    outer loop
      vertex 3.673633213788165 -0.23737992530963323 161.02447867548997
      vertex 3.5197547722417157 -0.35188761758170456 157.57097688683515
      vertex 3.4803432257675553 -0.24275491977922137 157.76948852719545
    endloop
  endfacet
  facet normal 0.903489489001023 0.4251498819745009 -0.05435366704959536
    outer loop
      vertex 3.4785794855516694 -0.2382064021328072 157.77574902464892
      vertex 3.673633213788165 -0.23737992530963323 161.02447867548997
      vertex 3.4803432257675553 -0.24275491977922137 157.76948852719545
    endloop
  endfacet
  facet normal 0.9495055513652929 0.30851305532107093 -0.05708679902524597
    outer loop
      vertex 3.642464795262203 -0.11791289515776246 161.1516981410865
      vertex 3.4785794855516694 -0.2382064021328072 157.77574902464892
      vertex 3.449646105827634 -0.11872990172991692 157.9401943197246
    endloop
  endfacet
  facet normal 0.980580635093292 0.1870557602420032 -0.058921648316406276
    outer loop
      vertex 3.449646105827634 -0.11872990172991692 157.9401943197246
      vertex 3.4363120798191393 0.004669960524976273 158.11003965912087
      vertex 3.6268223363873093 0.0054771858626002316 161.28309523154212
    endloop
  endfacet
  facet normal 0.9962388368626243 0.06267803492637217 -0.05983012505731691
    outer loop
      vertex 3.4363120798191393 0.004669960524976273 158.11003965912087
      vertex 3.4387876930816996 0.13004709508860732 158.28260648037474
      vertex 3.6269525280842956 0.13084438246410132 161.41659773624744
    endloop
  endfacet
  facet normal 0.9034894890009971 0.42514988197455594 -0.05435366704959396
    outer loop
      vertex 3.5197547722417157 -0.35188761758170456 157.57097688683515
      vertex 3.673633213788165 -0.23737992530963323 161.02447867548997
      vertex 3.7198360473859284 -0.3510398381613733 160.90344316172212
    endloop
  endfacet
  facet normal 0.949505551365297 0.30851305532105844 -0.05708679902524572
    outer loop
      vertex 3.642464795262203 -0.11791289515776246 161.1516981410865
      vertex 3.673633213788165 -0.23737992530963323 161.02447867548997
      vertex 3.4785794855516694 -0.2382064021328072 157.77574902464892
    endloop
  endfacet
  facet normal 0.9805806350932889 0.18705576024201997 -0.05892164831640675
    outer loop
      vertex 3.6268223363873093 0.0054771858626002316 161.28309523154212
      vertex 3.642464795262203 -0.11791289515776246 161.1516981410865
      vertex 3.449646105827634 -0.11872990172991692 157.9401943197246
    endloop
  endfacet
  facet normal 0.9962388368626246 0.06267803492636621 -0.0598301250573167
    outer loop
      vertex 3.4363120798191393 0.004669960524976273 158.11003965912087
      vertex 3.6269525280842956 0.13084438246410132 161.41659773624744
      vertex 3.6268223363873093 0.0054771858626002316 161.28309523154212
    endloop
  endfacet
  facet normal 0.9962407372027434 -0.06267815448563101 -0.05979834853915151
    outer loop
      vertex 3.4387876930816996 0.13004709508860732 158.28260648037474
      vertex 3.4570339037153026 0.2554242296522384 158.4551733016286
      vertex 3.6428533171523263 0.25621157906560244 161.5501002409528
    endloop
  endfacet
  facet normal 0.9805861296055624 -0.18705680837628194 -0.05882680396946658
    outer loop
      vertex 3.490762958078503 0.37882409190713157 158.6250186410249
      vertex 3.6742739386491268 0.37960166008596513 161.6814973314084
      vertex 3.4570339037153026 0.2554242296522384 158.4551733016286
    endloop
  endfacet
  facet normal 0.9495140482980026 -0.3085158161418708 -0.05693033703618524
    outer loop
      vertex 3.490762958078503 0.37882409190713157 158.6250186410249
      vertex 3.539442928835228 0.4983005923100219 158.7894639361006
      vertex 3.720718870603924 0.4990686902378359 161.80871679700493
    endloop
  endfacet
  facet normal 0.5874152979505313 0.8085077959073073 -0.03547409887222898
    outer loop
      vertex 3.820618737264317 -0.7146297285765869 156.911151436431
      vertex 3.940251572351192 -0.6398776554507026 160.59586212691346
      vertex 4.036808135788472 -0.7134685058005186 160.5174958308534
    endloop
  endfacet
  facet normal 0.8432509285363977 -0.5351433119212493 -0.050492645290773096
    outer loop
      vertex 3.8458774385334187 0.7049727521766389 162.0279823524533
      vertex 3.602306103766636 0.6119695150777547 158.94591578631753
      vertex 3.6783610930514326 0.7180382333957588 159.091906852538
    endloop
  endfacet
  facet normal 0.3680365827247189 -0.9295542991320792 -0.021860437813092954
    outer loop
      vertex 4 1.034819028678114 158.0659442299313
      vertex 4 1.08055375019537 156.12120243795715
      vertex 4.373376531829157 1.0821358119824676 162.3399987708878
    endloop
  endfacet
  facet normal 5.867505402427742e-17 -0.9999999676403216 0.0002543999917677124
    outer loop
      vertex 4 1.1264806576116202 152.0201618842324
      vertex 4.747517519444783 1.1291159114525637 162.3788640891984
      vertex 4.621936480386158 1.1291159114525637 162.37886408919843
    endloop
  endfacet
  facet normal 0.1253299192016932 -0.9920884654329302 -0.007272421043263479
    outer loop
      vertex 4 1.1112690929410574 154.09529171528524
      vertex 4.621936480386158 1.1291159114525637 162.37886408919843
      vertex 4.496563750231421 1.1133731205569615 162.36584051993918
    endloop
  endfacet
  facet normal 0.7696958135754368 -0.6367477535034066 -0.04605054801857779
    outer loop
      vertex 3.6783610930514326 0.7180382333957588 159.091906852538
      vertex 3.7664084640755306 0.8148339802137788 159.2251347684368
      vertex 3.9401847477448357 0.8155703007761617 162.11947660170304
    endloop
  endfacet
  facet normal 0.6839748523921728 -0.7283592392997167 -0.040880555547148055
    outer loop
      vertex 3.9401847477448357 0.8155703007761617 162.11947660170304
      vertex 3.7664084640755306 0.8148339802137788 159.2251347684368
      vertex 3.7810048884147984 0.8275579797510595 159.242647851356
    endloop
  endfacet
  facet normal 0.6839748523921455 -0.7283592392997423 -0.040880555547147014
    outer loop
      vertex 4.036000171332514 0.9015545336914965 162.19060894538984
      vertex 3.7810048884147984 0.8275579797510595 159.242647851356
      vertex 3.863688958200423 0.9008244208896844 159.32066868669415
    endloop
  endfacet
  facet normal 0.48155536722782916 -0.8759459611793844 -0.028689743595835086
    outer loop
      vertex 4 0.9905922563176416 159.416261722165
      vertex 4 1.034819028678114 158.0659442299313
      vertex 4.254317561202041 1.0358966167455657 162.30174638186398
    endloop
  endfacet
  facet normal 0.24866307685394753 -0.9684787418617529 -0.014683350142381401
    outer loop
      vertex 4.496563750231421 1.1133731205569615 162.36584051993918
      vertex 4.373376531829157 1.0821358119824676 162.3399987708878
      vertex 4 1.08055375019537 156.12120243795715
    endloop
  endfacet
  facet normal 0.9962407372027429 -0.06267815448563753 -0.05979834853915122
    outer loop
      vertex 3.6428533171523263 0.25621157906560244 161.5501002409528
      vertex 3.6269525280842956 0.13084438246410132 161.41659773624744
      vertex 3.4387876930816996 0.13004709508860732 158.28260648037474
    endloop
  endfacet
  facet normal 0.9805861296055643 -0.18705680837627153 -0.0588268039694671
    outer loop
      vertex 3.4570339037153026 0.2554242296522384 158.4551733016286
      vertex 3.6742739386491268 0.37960166008596513 161.6814973314084
      vertex 3.6428533171523263 0.25621157906560244 161.5501002409528
    endloop
  endfacet
  facet normal 0.9495140482980017 -0.30851581614187346 -0.056930337036185066
    outer loop
      vertex 3.490762958078503 0.37882409190713157 158.6250186410249
      vertex 3.720718870603924 0.4990686902378359 161.80871679700493
      vertex 3.6742739386491268 0.37960166008596513 161.6814973314084
    endloop
  endfacet
  facet normal 0.9035000909009628 -0.4251548708499952 -0.05413798605854925
    outer loop
      vertex 3.781455648694931 0.612728603089576 161.92975231077278
      vertex 3.720718870603924 0.4990686902378359 161.80871679700493
      vertex 3.539442928835228 0.4983005923100219 158.7894639361006
    endloop
  endfacet
  facet normal -0.5874152979505302 -0.8085077959073079 0.03547409887222861
    outer loop
      vertex 4 0.970245408236148 142.0498535146736
      vertex 5.310848150829896 0.9015545336914963 162.19060894538984
      vertex 5.212918059397238 0.9753847545770983 162.25168661589345
    endloop
  endfacet
  facet normal -0.9805861296055606 0.18705680837629177 0.05882680396946693
    outer loop
      vertex 4.256544611085526 -0.00026209817047072255 138.723016485194
      vertex 5.579631117519466 -0.11791289515776203 161.15169814108654
      vertex 5.611051739016266 0.005477185862600233 161.2830952315421
    endloop
  endfacet
  facet normal -0.9962388368626235 -0.06267803492638382 0.059830125057317184
    outer loop
      vertex 5.627082719781282 0.2562115790656026 161.5501002409528
      vertex 4.240522313825473 0.2503364796772755 138.45615610444696
      vertex 5.6269525280842965 0.13084438246410135 161.41659773624744
    endloop
  endfacet
  facet normal -0.980580635093292 -0.18705576024200335 0.05892164831640681
    outer loop
      vertex 4.209105965609122 0.3736597239646522 138.32483018788292
      vertex 5.627082719781282 0.2562115790656026 161.5501002409528
      vertex 5.611440260906391 0.3796016600859651 161.6814973314084
    endloop
  endfacet
  facet normal -0.9495055513652925 -0.3085130553210724 0.05708679902524585
    outer loop
      vertex 4.16266517107056 0.49306204238338514 138.19767963328297
      vertex 5.611440260906391 0.3796016600859651 161.6814973314084
      vertex 5.580271842380428 0.499068690237836 161.80871679700496
    endloop
  endfacet
  facet normal -0.9034894890009935 -0.42514988197456394 0.05435366704959394
    outer loop
      vertex 4.101932329282047 0.6066603890445234 138.07670968084912
      vertex 5.580271842380428 0.499068690237836 161.80871679700496
      vertex 5.534069008782662 0.6127286030895759 161.92975231077278
    endloop
  endfacet
  facet normal -0.8432393043500247 -0.5351359349882694 0.05076422641503646
    outer loop
      vertex 5.534069008782662 0.6127286030895759 161.92975231077278
      vertex 5.481442682349171 0.7049727521766389 162.0279823524533
      vertex 4.033238794541425 0.7049727521766389 137.9720176475467
    endloop
  endfacet
  facet normal -0.7696842900940891 -0.636738220450561 0.04637383098053174
    outer loop
      vertex 5.39812200258766 0.815570300776162 162.119476601703
      vertex 3.943121468732862 0.8094052085740857 137.8856236061201
      vertex 5.4733632538934405 0.7187880785486608 162.03941138438535
    endloop
  endfacet
  facet normal -0.6839644435175867 -0.7283481549741568 0.04125051695942136
    outer loop
      vertex 3.847307842408914 0.8953532569682735 137.8145211968725
      vertex 5.39812200258766 0.815570300776162 162.119476601703
      vertex 5.310848150829896 0.9015545336914963 162.19060894538984
    endloop
  endfacet
  facet normal -0.8432393043500589 -0.5351359349882154 0.05076422641503855
    outer loop
      vertex 5.481442682349171 0.7049727521766389 162.0279823524533
      vertex 5.4733632538934405 0.7187880785486608 162.03941138438535
      vertex 4.027974928368171 0.7126637149574944 137.96565512980058
    endloop
  endfacet
  facet normal 1.2592771968573988e-16 -0.9999999676403216 0.00025439999176770734
    outer loop
      vertex 4 1.1264806576116202 152.0201618842324
      vertex 4 1.1259485487452559 149.92853898185692
      vertex 4.747517519444783 1.1291159114525637 162.3788640891984
    endloop
  endfacet
  facet normal 0.12532991920169348 -0.9920884654329303 -0.007272421043263501
    outer loop
      vertex 4 1.1264806576116202 152.0201618842324
      vertex 4.621936480386158 1.1291159114525637 162.37886408919843
      vertex 4 1.1112690929410574 154.09529171528524
    endloop
  endfacet
  facet normal 0.2486630768539435 -0.9684787418617541 -0.014683350142381072
    outer loop
      vertex 4 1.08055375019537 156.12120243795715
      vertex 4 1.1112690929410574 154.09529171528524
      vertex 4.496563750231421 1.1133731205569615 162.36584051993918
    endloop
  endfacet
  facet normal -0.1253294431597362 -0.9920846971728278 0.007777166114271351
    outer loop
      vertex 4.8713263794028725 1.1133731205569612 162.36584051993916
      vertex 4.747517519444783 1.1291159114525637 162.3788640891984
      vertex 4 1.1259485487452559 149.92853898185692
    endloop
  endfacet
  facet normal 0.3680365827247241 -0.9295542991320772 -0.021860437813093433
    outer loop
      vertex 4.373376531829157 1.0821358119824676 162.3399987708878
      vertex 4.254317561202041 1.0358966167455657 162.30174638186398
      vertex 4 1.034819028678114 158.0659442299313
    endloop
  endfacet
  facet normal -0.48154916212243665 -0.8759346741345913 0.02913504947493086
    outer loop
      vertex 5.212918059397238 0.9753847545770983 162.25168661589345
      vertex 5.105876144332182 1.0358966167455657 162.30174638186398
      vertex 4 1.031210825754258 143.88275663615804
    endloop
  endfacet
  facet normal -0.36803273647284923 -0.9295445846087541 0.02233316164015431
    outer loop
      vertex 4 1.0779350318952705 145.82749842813217
      vertex 5.105876144332182 1.0358966167455657 162.30174638186398
      vertex 4.9914105205790475 1.0821358119824673 162.3399987708878
    endloop
  endfacet
  facet normal -0.24866124750863491 -0.9684716170321601 0.015176000479791427
    outer loop
      vertex 4 1.1096811580166535 147.85340915080405
      vertex 4.9914105205790475 1.0821358119824673 162.3399987708878
      vertex 4.8713263794028725 1.1133731205569612 162.36584051993916
    endloop
  endfacet
  facet normal 0.7696842900940915 0.6367382204505581 -0.04637383098053213
    outer loop
      vertex 3.6449350231192112 -0.554774935897084 157.20192622486053
      vertex 3.5754591384696184 -0.45796828480087326 157.37801686949643
      vertex 3.7803446497694315 -0.4571001489901692 160.7905004021382
    endloop
  endfacet
  facet normal 0.8432393043500314 0.535135934988259 -0.050764226415036674
    outer loop
      vertex 3.5754591384696184 -0.45796828480087326 157.37801686949643
      vertex 3.5197547722417157 -0.35188761758170456 157.57097688683515
      vertex 3.7198360473859284 -0.3510398381613733 160.90344316172212
    endloop
  endfacet
  facet normal -0.3680327364728481 -0.9295445846087544 0.022333161640154454
    outer loop
      vertex 3.628993260590878 1.029638805192871 137.70343053007676
      vertex 3.799384293098494 1.03036078185293 140.54138909949071
      vertex 3.5099352564668727 1.0758585417094804 137.66519423870633
    endloop
  endfacet
  facet normal 0.2486612475086301 0.9684716170321613 -0.015176000479791077
    outer loop
      vertex 4.374164311474131 -0.8517200087688348 160.32720896168985
      vertex 4 -0.8533054085163201 154.09529171528524
      vertex 4.255110380199152 -0.8204783350144798 160.3702094366106
    endloop
  endfacet
  facet normal 0.36803273647285334 0.9295445846087524 -0.022333161640154645
    outer loop
      vertex 4 -0.8065993808663715 156.74385925996108
      vertex 4.142169730233146 -0.7742326781964416 160.43386112255524
      vertex 4.255110380199152 -0.8204783350144798 160.3702094366106
    endloop
  endfacet
  facet normal 0.4815491621224326 0.8759346741345936 -0.029135049474931167
    outer loop
      vertex 4.142169730233146 -0.7742326781964416 160.43386112255524
      vertex 3.9240559296393966 -0.7751568645866989 156.80105298475135
      vertex 4.037123503093546 -0.7137123599485563 160.5171601944128
    endloop
  endfacet
  facet normal 0.8432393043500238 0.5351359349882707 -0.050764226415036716
    outer loop
      vertex 3.7198360473859284 -0.3510398381613733 160.90344316172212
      vertex 3.7803446497694315 -0.4571001489901692 160.7905004021382
      vertex 3.5754591384696184 -0.45796828480087326 157.37801686949643
    endloop
  endfacet
  facet normal 0.6839644435175786 0.7283481549741646 -0.04125051695942129
    outer loop
      vertex 3.8542047641329833 -0.5538882233368925 160.68743157152562
      vertex 3.940251572351192 -0.6398776554507026 160.59586212691346
      vertex 3.7270867499866993 -0.6407808721530598 157.04548200758484
    endloop
  endfacet
  facet normal 0.5874152979517739 0.8085077959064012 -0.03547409887230319
    outer loop
      vertex 4.037123503093546 -0.7137123599485563 160.5171601944128
      vertex 3.820618737264317 -0.7146297285765869 156.911151436431
      vertex 4.036808135788472 -0.7134685058005186 160.5174958308534
    endloop
  endfacet
  facet normal -0.587423820547513 0.8085195262558198 0.03506323881828523
    outer loop
      vertex 3.8535572993683957 -0.7134685058005239 139.4825041691466
      vertex 3.846318548735893 -0.7190616180044178 139.4902024276632
      vertex 3.9430930250088565 -0.6452673699814822 139.40987733611203
    endloop
  endfacet
  facet normal 0.5874238205475647 -0.8085195262557858 -0.03506323881819654
    outer loop
      vertex 3.863688958200423 0.9008244208896844 159.32066868669415
      vertex 3.970006855234424 0.9746591060585489 159.3992946404634
      vertex 4.141264469439244 0.9753847545770983 162.25168661589345
    endloop
  endfacet
  facet normal 0.4815553672278276 -0.8759459611793854 -0.028689743595834927
    outer loop
      vertex 4.141264469439244 0.9753847545770983 162.25168661589345
      vertex 4 0.9905922563176416 159.416261722165
      vertex 4.254317561202041 1.0358966167455657 162.30174638186398
    endloop
  endfacet
  facet normal 0.6839748523921394 -0.7283592392997482 -0.04088055554714635
    outer loop
      vertex 3.7810048884147984 0.8275579797510595 159.242647851356
      vertex 4.036000171332514 0.9015545336914965 162.19060894538984
      vertex 3.9401847477448357 0.8155703007761617 162.11947660170304
    endloop
  endfacet
  facet normal 0.7696958135754493 -0.6367477535033914 -0.04605054801857934
    outer loop
      vertex 3.9401847477448357 0.8155703007761617 162.11947660170304
      vertex 3.8553292651435487 0.7187880785486608 162.03941138438532
      vertex 3.6783610930514326 0.7180382333957588 159.091906852538
    endloop
  endfacet
  facet normal 0.48155536722782827 -0.875945961179385 -0.02868974359583495
    outer loop
      vertex 4.141264469439244 0.9753847545770983 162.25168661589345
      vertex 3.970006855234424 0.9746591060585489 159.3992946404634
      vertex 4 0.9905922563176416 159.416261722165
    endloop
  endfacet
  facet normal 0.8432509285363943 -0.5351433119212545 -0.05049264529077268
    outer loop
      vertex 3.781455648694931 0.612728603089576 161.92975231077278
      vertex 3.602306103766636 0.6119695150777547 158.94591578631753
      vertex 3.8458774385334187 0.7049727521766389 162.0279823524533
    endloop
  endfacet
  facet normal 0.5874238205475679 -0.8085195262557837 -0.0350632388181969
    outer loop
      vertex 4.141264469439244 0.9753847545770983 162.25168661589345
      vertex 4.036000171332514 0.9015545336914965 162.19060894538984
      vertex 3.863688958200423 0.9008244208896844 159.32066868669415
    endloop
  endfacet
  facet normal 0.8432509285363825 -0.5351433119212732 -0.05049264529077233
    outer loop
      vertex 3.8458774385334187 0.7049727521766389 162.0279823524533
      vertex 3.6783610930514326 0.7180382333957588 159.091906852538
      vertex 3.8553292651435487 0.7187880785486608 162.03941138438532
    endloop
  endfacet
  facet normal -0.998026728428272 0.06279051952930739 0
    outer loop
      vertex -35.981935459676365 2.9924004040645684 143.9
      vertex -35.95 3.5 135.89065586731374
      vertex -35.981935459676365 2.9924004040645684 136.21278836631998
    endloop
  endfacet
  facet normal -0.5877852522924691 -0.8090169943749503 0
    outer loop
      vertex -37.418432841517806 6.620578633241946 156.1
      vertex -37.418432841517806 6.620578633241946 165.5670122050243
      vertex -37.82990148033507 6.919528098283161 156.1
    endloop
  endfacet
  facet normal -0.9048270524660191 0.42577929156507327 0
    outer loop
      vertex -36.23440523215258 2.0090955616270527 136.89315343318557
      vertex -36.45095794582235 1.5488976198880529 143.9
      vertex -36.23440523215258 2.0090955616270527 143.9
    endloop
  endfacet
  facet normal -0.9510565162951555 0.30901699437494157 -3.8583362152742684e-16
    outer loop
      vertex -36.23440523215258 2.0090955616270527 143.9
      vertex -36.07723819742905 2.4928059569823393 143.9
      vertex -36.139383189757815 2.301543337174193 136.65121959281336
    endloop
  endfacet
  facet normal -0.9822872507286875 0.18738131458573073 0
    outer loop
      vertex -36.07723819742905 2.4928059569823393 143.9
      vertex -35.981935459676365 2.9924004040645684 143.9
      vertex -35.981935459676365 2.9924004040645684 136.21278836631998
    endloop
  endfacet
  facet normal -0.998026728428272 0.06279051952930738 0
    outer loop
      vertex -35.95 3.5 135.89065586731374
      vertex -35.981935459676365 2.9924004040645684 143.9
      vertex -35.95 3.5 143.9
    endloop
  endfacet
  facet normal -0.7705132427757874 -0.6374239897486921 0
    outer loop
      vertex -37.047677058943286 6.272415779011189 156.1
      vertex -36.76105140467688 5.925944880702807 165.34131201715616
      vertex -37.047677058943286 6.272415779011189 165.45388723618805
    endloop
  endfacet
  facet normal -0.7705132427757736 -0.6374239897487085 -1.0484092909040535e-15
    outer loop
      vertex -36.72348117278146 5.880530271784516 165.319941524354
      vertex -36.76105140467688 5.925944880702807 165.34131201715616
      vertex -37.047677058943286 6.272415779011189 156.1
    endloop
  endfacet
  facet normal -0.48175367410171877 -0.8763066800438617 0
    outer loop
      vertex -37.82990148033507 6.919528098283161 156.1
      vertex -37.82990148033507 6.919528098283161 165.66414677439448
      vertex -38.275593869161455 7.1645495624873785 156.1
    endloop
  endfacet
  facet normal -0.6845471059286915 -0.7289686274214089 0
    outer loop
      vertex -37.047677058943286 6.272415779011189 156.1
      vertex -37.047677058943286 6.272415779011189 165.45388723618805
      vertex -37.418432841517806 6.620578633241946 156.1
    endloop
  endfacet
  facet normal -0.7705132427757858 -0.637423989748694 0
    outer loop
      vertex -36.72348117278146 5.880530271784516 156.1
      vertex -36.72348117278146 5.880530271784516 165.319941524354
      vertex -37.047677058943286 6.272415779011189 156.1
    endloop
  endfacet
  facet normal -0.8443279255020162 0.5358267949789949 0
    outer loop
      vertex -36.72348117278146 1.119469728215484 143.9
      vertex -36.45095794582235 1.5488976198880529 137.2738622799805
      vertex -36.72348117278146 1.119469728215484 137.62911592757933
    endloop
  endfacet
  facet normal -0.998026728428272 -0.06279051952930728 0
    outer loop
      vertex -35.95 3.5 143.9
      vertex -35.981935459676365 4.0075995959354325 135.5685233683075
      vertex -35.95 3.5 135.89065586731374
    endloop
  endfacet
  facet normal -0.9822872507286875 0.1873813145857307 0
    outer loop
      vertex -36.07723819742905 2.4928059569823393 143.9
      vertex -35.981935459676365 2.9924004040645684 136.21278836631998
      vertex -36.07723819742905 2.4928059569823393 136.52984064338426
    endloop
  endfacet
  facet normal -0.9510565162951597 0.30901699437492836 0
    outer loop
      vertex -36.07723819742905 2.4928059569823393 143.9
      vertex -36.07723819742905 2.4928059569823393 136.52984064338426
      vertex -36.139383189757815 2.301543337174193 136.65121959281336
    endloop
  endfacet
  facet normal -0.9510565162951525 0.30901699437495017 0
    outer loop
      vertex -36.23440523215258 2.0090955616270527 136.89315343318557
      vertex -36.23440523215258 2.0090955616270527 143.9
      vertex -36.139383189757815 2.301543337174193 136.65121959281336
    endloop
  endfacet
  facet normal -0.8443279255020163 0.5358267949789949 0
    outer loop
      vertex -36.45095794582235 1.5488976198880529 137.2738622799805
      vertex -36.72348117278146 1.119469728215484 143.9
      vertex -36.45095794582235 1.5488976198880529 143.9
    endloop
  endfacet
  facet normal -0.6845471059286916 -0.7289686274214089 0
    outer loop
      vertex -37.418432841517806 6.620578633241946 165.5670122050243
      vertex -37.418432841517806 6.620578633241946 156.1
      vertex -37.047677058943286 6.272415779011189 165.45388723618805
    endloop
  endfacet
  facet normal -0.9822872507286876 -0.18738131458573073 0
    outer loop
      vertex -35.981935459676365 4.0075995959354325 156.1
      vertex -35.981935459676365 4.0075995959354325 164.4314766316925
      vertex -36.07723819742905 4.507194043017662 156.1
    endloop
  endfacet
  facet normal -0.9510565162951551 -0.3090169943749431 0
    outer loop
      vertex -36.07723819742905 4.507194043017662 156.1
      vertex -36.07723819742905 4.507194043017662 164.67369854900156
      vertex -36.23440523215258 4.9909044383729455 156.1
    endloop
  endfacet
  facet normal -0.9048270524660198 -0.4257792915650722 0
    outer loop
      vertex -36.23440523215258 4.9909044383729455 156.1
      vertex -36.23440523215258 4.9909044383729455 164.9013153835068
      vertex -36.45095794582235 5.451102380111947 156.1
    endloop
  endfacet
  facet normal -0.8443279255020164 -0.5358267949789947 0
    outer loop
      vertex -36.72348117278146 5.880530271784516 156.1
      vertex -36.45095794582235 5.451102380111947 156.1
      vertex -36.45095794582235 5.451102380111947 165.1178680971766
    endloop
  endfacet
  facet normal -0.9980267284282719 -0.06279051952930727 0
    outer loop
      vertex -35.981935459676365 4.0075995959354325 156.1
      vertex -35.95 3.5 164.10934413268626
      vertex -35.981935459676365 4.0075995959354325 164.4314766316925
    endloop
  endfacet
  facet normal -0.9822872507286873 -0.18738131458573246 -1.0652631018247651e-16
    outer loop
      vertex -35.981935459676365 4.0075995959354325 164.4314766316925
      vertex -35.990226810162994 4.051064377321696 164.45906022072376
      vertex -36.07723819742905 4.507194043017662 156.1
    endloop
  endfacet
  facet normal -0.9048270524660192 0.42577929156507327 0
    outer loop
      vertex -36.45095794582235 1.5488976198880529 143.9
      vertex -36.23440523215258 2.0090955616270527 136.89315343318557
      vertex -36.45095794582235 1.5488976198880529 137.2738622799805
    endloop
  endfacet
  facet normal 0.6845471059286935 0.7289686274214072 0
    outer loop
      vertex -42.952322941056714 0.7275842209888115 143.9
      vertex -42.581567158482194 0.37942136675805305 143.9
      vertex -42.581567158482194 0.37942136675805305 138.31869466148538
    endloop
  endfacet
  facet normal -0.125333233564303 -0.992114701314478 0
    outer loop
      vertex -39.24110567592781 7.478263365451189 134.1543091323227
      vertex -39.24110567592781 7.478263365451189 143.9
      vertex -39.74569839590628 7.5420082501345 143.9
    endloop
  endfacet
  facet normal 0.8443279255020162 0.5358267949789949 0
    outer loop
      vertex -43.27651882721854 1.119469728215484 143.9
      vertex -43.27651882721854 1.119469728215484 137.62911592757933
      vertex -43.54904205417765 1.5488976198880529 143.9
    endloop
  endfacet
  facet normal -0.2486898871648543 0.9685831611286314 0
    outer loop
      vertex -39.24110567592781 -0.4782633654511885 156.1
      vertex -39.24110567592781 -0.4782633654511885 160.76796386561384
      vertex -38.74848117278146 -0.35177889099537163 156.1
    endloop
  endfacet
  facet normal 0.5877852522924747 -0.8090169943749465 0
    outer loop
      vertex -42.581567158482194 6.620578633241947 156.1
      vertex -42.17009851966494 6.919528098283161 165.66414677439448
      vertex -42.581567158482194 6.620578633241947 165.5670122050243
    endloop
  endfacet
  facet normal 0.4817536741017128 -0.8763066800438649 0
    outer loop
      vertex -42.17009851966494 6.919528098283161 156.1
      vertex -41.724406130838545 7.1645495624873785 165.74375907411425
      vertex -42.17009851966494 6.919528098283161 165.66414677439448
    endloop
  endfacet
  facet normal 0.3681245526846786 -0.929776485888251 0
    outer loop
      vertex -41.724406130838545 7.1645495624873785 156.1
      vertex -41.25151882721854 7.351778890995371 165.80459357065897
      vertex -41.724406130838545 7.1645495624873785 165.74375907411425
    endloop
  endfacet
  facet normal 0.24868988716485668 -0.9685831611286305 0
    outer loop
      vertex -41.25151882721854 7.351778890995371 156.1
      vertex -40.75889432407219 7.478263365451189 165.84569086767735
      vertex -41.25151882721854 7.351778890995371 165.80459357065897
    endloop
  endfacet
  facet normal 0.125333233564303 -0.992114701314478 0
    outer loop
      vertex -40.75889432407219 7.478263365451189 156.1
      vertex -40.25430160409372 7.5420082501345 165.86640283624502
      vertex -40.75889432407219 7.478263365451189 165.84569086767735
    endloop
  endfacet
  facet normal -0.12533323356430473 0.9921147013144778 0
    outer loop
      vertex -39.74569839590628 -0.5420082501344998 156.1
      vertex -39.74569839590628 -0.5420082501344998 160.70008245805212
      vertex -39.24110567592781 -0.4782633654511885 156.1
    endloop
  endfacet
  facet normal -0.7705132427757694 -0.6374239897487138 0
    outer loop
      vertex -36.72348117278146 5.880530271784516 143.9
      vertex -36.761051404676884 5.925944880702815 134.65868798284384
      vertex -36.72348117278146 5.880530271784516 134.680058475646
    endloop
  endfacet
  facet normal -0.7705132427757878 -0.6374239897486913 0
    outer loop
      vertex -37.047677058943286 6.272415779011189 143.9
      vertex -37.047677058943286 6.272415779011189 134.54611276381195
      vertex -36.761051404676884 5.925944880702815 134.65868798284384
    endloop
  endfacet
  facet normal -0.6845471059286915 -0.7289686274214089 0
    outer loop
      vertex -37.047677058943286 6.272415779011189 143.9
      vertex -37.418432841517806 6.620578633241946 134.43298779497573
      vertex -37.047677058943286 6.272415779011189 134.54611276381195
    endloop
  endfacet
  facet normal 0 -1 0
    outer loop
      vertex -40.25430160409372 7.5420082501345 143.9
      vertex -40.25430160409372 7.5420082501345 134.13359716375498
      vertex -39.74569839590628 7.5420082501345 143.9
    endloop
  endfacet
  facet normal -0.24868988716485668 -0.9685831611286305 0
    outer loop
      vertex -38.74848117278146 7.351778890995371 156.1
      vertex -38.74848117278146 7.351778890995371 165.80459357065897
      vertex -39.24110567592781 7.478263365451189 156.1
    endloop
  endfacet
  facet normal -0.3681245526846787 -0.9297764858882512 0
    outer loop
      vertex -38.275593869161455 7.1645495624873785 134.25624092588578
      vertex -38.275593869161455 7.1645495624873785 143.9
      vertex -38.74848117278146 7.351778890995371 143.9
    endloop
  endfacet
  facet normal 0.12533323356430476 0.9921147013144778 0
    outer loop
      vertex -40.25430160409372 -0.5420082501344998 143.9
      vertex -40.25430160409372 -0.5420082501344998 139.29991754194785
      vertex -40.75889432407219 -0.4782633654511885 143.9
    endloop
  endfacet
  facet normal 0.2486898871648543 0.9685831611286314 0
    outer loop
      vertex -40.75889432407219 -0.4782633654511885 143.9
      vertex -40.75889432407219 -0.4782633654511885 139.23203613438616
      vertex -41.25151882721854 -0.35177889099537163 143.9
    endloop
  endfacet
  facet normal -0.2486898871648567 -0.9685831611286306 0
    outer loop
      vertex -38.74848117278146 7.351778890995371 134.19540642934106
      vertex -38.74848117278146 7.351778890995371 143.9
      vertex -39.24110567592781 7.478263365451189 143.9
    endloop
  endfacet
  facet normal -0.587785252292469 -0.8090169943749503 0
    outer loop
      vertex -37.82990148033507 6.919528098283161 134.33585322560555
      vertex -37.418432841517806 6.620578633241946 143.9
      vertex -37.82990148033507 6.919528098283161 143.9
    endloop
  endfacet
  facet normal -0.7705132427757857 -0.637423989748694 1.6460854855764878e-16
    outer loop
      vertex -36.72348117278146 5.880530271784516 143.9
      vertex -37.047677058943286 6.272415779011189 143.9
      vertex -36.761051404676884 5.925944880702815 134.65868798284384
    endloop
  endfacet
  facet normal -0.6845471059286915 -0.7289686274214089 0
    outer loop
      vertex -37.418432841517806 6.620578633241946 134.43298779497573
      vertex -37.047677058943286 6.272415779011189 143.9
      vertex -37.418432841517806 6.620578633241946 143.9
    endloop
  endfacet
  facet normal -0.4817536741017187 -0.8763066800438617 0
    outer loop
      vertex -37.82990148033507 6.919528098283161 134.33585322560555
      vertex -37.82990148033507 6.919528098283161 143.9
      vertex -38.275593869161455 7.1645495624873785 143.9
    endloop
  endfacet
  facet normal -0.9822872507286872 -0.1873813145857325 0
    outer loop
      vertex -35.981935459676365 4.0075995959354325 143.9
      vertex -35.990226810162994 4.051064377321696 135.54093977927624
      vertex -35.981935459676365 4.0075995959354325 135.5685233683075
    endloop
  endfacet
  facet normal 0 -1 0
    outer loop
      vertex -39.74569839590628 7.5420082501345 165.86640283624502
      vertex -40.25430160409372 7.5420082501345 156.1
      vertex -39.74569839590628 7.5420082501345 156.1
    endloop
  endfacet
  facet normal -0.125333233564303 -0.992114701314478 0
    outer loop
      vertex -39.24110567592781 7.478263365451189 156.1
      vertex -39.24110567592781 7.478263365451189 165.84569086767735
      vertex -39.74569839590628 7.5420082501345 156.1
    endloop
  endfacet
  facet normal -0.3681245526846786 -0.929776485888251 0
    outer loop
      vertex -38.275593869161455 7.1645495624873785 156.1
      vertex -38.275593869161455 7.1645495624873785 165.74375907411425
      vertex -38.74848117278146 7.351778890995371 156.1
    endloop
  endfacet
  facet normal -0.9822872507286875 -0.1873813145857307 9.690748451363757e-18
    outer loop
      vertex -35.990226810162994 4.051064377321696 135.54093977927624
      vertex -35.981935459676365 4.0075995959354325 143.9
      vertex -36.07723819742905 4.507194043017662 143.9
    endloop
  endfacet
  facet normal 0.9510565162951592 0.3090169943749303 0
    outer loop
      vertex -43.92276180257095 2.492805956982338 143.9
      vertex -43.860616810242185 2.301543337174193 136.65121959281336
      vertex -43.92276180257095 2.492805956982338 136.52984064338426
    endloop
  endfacet
  facet normal 0.9510565162951523 0.30901699437495145 -6.153991439484267e-16
    outer loop
      vertex -43.76559476784742 2.0090955616270545 136.89315343318557
      vertex -43.860616810242185 2.301543337174193 136.65121959281336
      vertex -43.92276180257095 2.492805956982338 143.9
    endloop
  endfacet
  facet normal 0.9048270524660198 0.42577929156507194 0
    outer loop
      vertex -43.76559476784742 2.0090955616270545 143.9
      vertex -43.54904205417765 1.5488976198880529 137.2738622799805
      vertex -43.76559476784742 2.0090955616270545 136.89315343318557
    endloop
  endfacet
  facet normal -0.24868988716485668 -0.9685831611286306 0
    outer loop
      vertex -39.24110567592781 7.478263365451189 156.1
      vertex -38.74848117278146 7.351778890995371 165.80459357065897
      vertex -39.24110567592781 7.478263365451189 165.84569086767735
    endloop
  endfacet
  facet normal -0.5877852522924691 -0.8090169943749503 0
    outer loop
      vertex -37.82990148033507 6.919528098283161 165.66414677439448
      vertex -37.82990148033507 6.919528098283161 156.1
      vertex -37.418432841517806 6.620578633241946 165.5670122050243
    endloop
  endfacet
  facet normal 0.9048270524660198 0.42577929156507194 0
    outer loop
      vertex -43.54904205417765 1.5488976198880529 143.9
      vertex -43.54904205417765 1.5488976198880529 137.2738622799805
      vertex -43.76559476784742 2.0090955616270545 143.9
    endloop
  endfacet
  facet normal -0.48175367410171865 -0.8763066800438617 0
    outer loop
      vertex -38.275593869161455 7.1645495624873785 156.1
      vertex -37.82990148033507 6.919528098283161 165.66414677439448
      vertex -38.275593869161455 7.1645495624873785 165.74375907411425
    endloop
  endfacet
  facet normal -0.951056516295156 -0.3090169943749404 0
    outer loop
      vertex -36.07723819742905 4.507194043017662 143.9
      vertex -36.2235819579114 4.957593825422528 135.11435940113296
      vertex -36.07723819742905 4.507194043017662 135.32630145099844
    endloop
  endfacet
  facet normal -0.9822872507286876 -0.18738131458573054 0
    outer loop
      vertex -36.07723819742905 4.507194043017662 143.9
      vertex -36.07723819742905 4.507194043017662 135.32630145099844
      vertex -35.990226810162994 4.051064377321696 135.54093977927624
    endloop
  endfacet
  facet normal -0.9048270524660198 -0.4257792915650722 0
    outer loop
      vertex -36.23440523215258 4.9909044383729455 143.9
      vertex -36.45095794582235 5.451102380111947 134.88213190282343
      vertex -36.23440523215258 4.9909044383729455 135.0986846164932
    endloop
  endfacet
  facet normal -0.951056516295143 -0.3090169943749801 0
    outer loop
      vertex -36.23440523215258 4.9909044383729455 143.9
      vertex -36.23440523215258 4.9909044383729455 135.0986846164932
      vertex -36.2235819579114 4.957593825422528 135.11435940113296
    endloop
  endfacet
  facet normal -0.8443279255020164 -0.5358267949789947 0
    outer loop
      vertex -36.45095794582235 5.451102380111947 143.9
      vertex -36.72348117278146 5.880530271784516 134.680058475646
      vertex -36.45095794582235 5.451102380111947 134.88213190282343
    endloop
  endfacet
  facet normal -0.9980267284282719 -0.06279051952930727 0
    outer loop
      vertex -35.95 3.5 143.9
      vertex -35.981935459676365 4.0075995959354325 143.9
      vertex -35.981935459676365 4.0075995959354325 135.5685233683075
    endloop
  endfacet
  facet normal 0.9822872507286876 0.18738131458573024 0
    outer loop
      vertex -44.018064540323635 2.9924004040645684 143.9
      vertex -43.92276180257095 2.492805956982338 136.52984064338426
      vertex -44.018064540323635 2.9924004040645684 136.21278836631998
    endloop
  endfacet
  facet normal -0.9048270524660197 -0.42577929156507216 0
    outer loop
      vertex -36.45095794582235 5.451102380111947 134.88213190282343
      vertex -36.23440523215258 4.9909044383729455 143.9
      vertex -36.45095794582235 5.451102380111947 143.9
    endloop
  endfacet
  facet normal -0.9510565162951549 -0.309016994374943 -1.5509382643148484e-16
    outer loop
      vertex -36.2235819579114 4.957593825422528 135.11435940113296
      vertex -36.07723819742905 4.507194043017662 143.9
      vertex -36.23440523215258 4.9909044383729455 143.9
    endloop
  endfacet
  facet normal -0.8443279255020163 -0.5358267949789945 0
    outer loop
      vertex -36.72348117278146 5.880530271784516 134.680058475646
      vertex -36.45095794582235 5.451102380111947 143.9
      vertex -36.72348117278146 5.880530271784516 143.9
    endloop
  endfacet
  facet normal 0 1 0
    outer loop
      vertex -40.25430160409372 -0.5420082501344998 156.1
      vertex -40.25430160409372 -0.5420082501344998 160.70008245805215
      vertex -39.74569839590628 -0.5420082501344998 156.1
    endloop
  endfacet
  facet normal 0.3681245526846787 0.9297764858882511 0
    outer loop
      vertex -41.25151882721854 -0.35177889099537163 160.90265615038962
      vertex -41.25151882721854 -0.35177889099537163 156.1
      vertex -41.724406130838545 -0.16454956248737895 156.1
    endloop
  endfacet
  facet normal 0.770513242775785 0.6374239897486949 0
    outer loop
      vertex -43.27651882721854 1.119469728215484 162.37088407242067
      vertex -42.952322941056714 0.7275842209888115 156.1
      vertex -43.27651882721854 1.119469728215484 156.1
    endloop
  endfacet
  facet normal 0.5877852522924739 0.8090169943749467 0
    outer loop
      vertex -42.17009851966494 0.0804719017168396 156.1
      vertex -42.581567158482194 0.37942136675805305 156.1
      vertex -42.581567158482194 0.37942136675805305 161.68130533851462
    endloop
  endfacet
  facet normal 0.48175367410171416 0.8763066800438643 0
    outer loop
      vertex -42.17009851966494 0.0804719017168396 161.36295649252276
      vertex -41.724406130838545 -0.16454956248737895 156.1
      vertex -42.17009851966494 0.0804719017168396 156.1
    endloop
  endfacet
  facet normal 0.6845471059286935 0.7289686274214072 0
    outer loop
      vertex -42.581567158482194 0.37942136675805305 156.1
      vertex -42.952322941056714 0.7275842209888115 156.1
      vertex -42.581567158482194 0.37942136675805305 161.68130533851462
    endloop
  endfacet
  facet normal 0.12533323356430476 0.9921147013144779 0
    outer loop
      vertex -40.75889432407219 -0.4782633654511885 143.9
      vertex -40.25430160409372 -0.5420082501344998 139.29991754194785
      vertex -40.75889432407219 -0.4782633654511885 139.23203613438616
    endloop
  endfacet
  facet normal 0.2486898871648542 0.9685831611286313 0
    outer loop
      vertex -41.25151882721854 -0.35177889099537163 143.9
      vertex -40.75889432407219 -0.4782633654511885 139.23203613438616
      vertex -41.25151882721854 -0.35177889099537163 139.09734384961038
    endloop
  endfacet
  facet normal 0.12533323356430476 0.9921147013144778 0
    outer loop
      vertex -40.25430160409372 -0.5420082501344998 160.70008245805215
      vertex -40.25430160409372 -0.5420082501344998 156.1
      vertex -40.75889432407219 -0.4782633654511885 156.1
    endloop
  endfacet
  facet normal 0.24868988716485424 0.9685831611286312 0
    outer loop
      vertex -40.75889432407219 -0.4782633654511885 160.76796386561386
      vertex -40.75889432407219 -0.4782633654511885 156.1
      vertex -41.25151882721854 -0.35177889099537163 156.1
    endloop
  endfacet
  facet normal 0 1 0
    outer loop
      vertex -40.25430160409372 -0.5420082501344998 143.9
      vertex -39.74569839590628 -0.5420082501344998 139.29991754194785
      vertex -40.25430160409372 -0.5420082501344998 139.29991754194785
    endloop
  endfacet
  facet normal -0.6845471059287233 0.728968627421379 0
    outer loop
      vertex -37.047677058943286 0.7275842209888115 143.9
      vertex -37.047677058943286 0.7275842209888115 137.95331181374115
      vertex -37.071755827579125 0.7049727521766389 137.9720176475467
    endloop
  endfacet
  facet normal -0.6845471059286898 0.7289686274214104 0
    outer loop
      vertex -37.418432841517806 0.3794213667580544 143.9
      vertex -37.071755827579125 0.7049727521766389 137.9720176475467
      vertex -37.418432841517806 0.3794213667580544 138.31869466148538
    endloop
  endfacet
  facet normal -0.5877852522924709 0.8090169943749491 0
    outer loop
      vertex -37.82990148033507 0.08047190171683827 143.9
      vertex -37.418432841517806 0.3794213667580544 138.31869466148538
      vertex -37.82990148033507 0.08047190171683827 138.63704350747724
    endloop
  endfacet
  facet normal -0.4817536741017181 0.876306680043862 0
    outer loop
      vertex -38.275593869161455 -0.16454956248737895 143.9
      vertex -37.82990148033507 0.08047190171683827 138.63704350747724
      vertex -38.275593869161455 -0.16454956248737895 138.89796486541272
    endloop
  endfacet
  facet normal -0.3681245526846787 0.9297764858882511 0
    outer loop
      vertex -38.74848117278146 -0.35177889099537163 143.9
      vertex -38.275593869161455 -0.16454956248737895 138.89796486541272
      vertex -38.74848117278146 -0.35177889099537163 139.09734384961038
    endloop
  endfacet
  facet normal -0.9822872507286876 -0.18738131458573054 0
    outer loop
      vertex -36.07723819742905 4.507194043017662 156.1
      vertex -35.990226810162994 4.051064377321696 164.45906022072376
      vertex -36.07723819742905 4.507194043017662 164.67369854900156
    endloop
  endfacet
  facet normal -0.9048270524660198 -0.42577929156507216 0
    outer loop
      vertex -36.45095794582235 5.451102380111947 156.1
      vertex -36.23440523215258 4.9909044383729455 164.9013153835068
      vertex -36.45095794582235 5.451102380111947 165.1178680971766
    endloop
  endfacet
  facet normal -0.9510565162951551 -0.30901699437494307 0
    outer loop
      vertex -36.23440523215258 4.9909044383729455 156.1
      vertex -36.07723819742905 4.507194043017662 164.67369854900156
      vertex -36.23440523215258 4.9909044383729455 164.9013153835068
    endloop
  endfacet
  facet normal -0.8443279255020163 -0.5358267949789945 0
    outer loop
      vertex -36.72348117278146 5.880530271784516 156.1
      vertex -36.45095794582235 5.451102380111947 165.1178680971766
      vertex -36.72348117278146 5.880530271784516 165.319941524354
    endloop
  endfacet
  facet normal 0 -1 0
    outer loop
      vertex -40.25430160409372 7.5420082501345 156.1
      vertex -39.74569839590628 7.5420082501345 165.86640283624502
      vertex -40.25430160409372 7.5420082501345 165.86640283624502
    endloop
  endfacet
  facet normal -0.12533323356430304 -0.992114701314478 0
    outer loop
      vertex -39.74569839590628 7.5420082501345 156.1
      vertex -39.24110567592781 7.478263365451189 165.84569086767735
      vertex -39.74569839590628 7.5420082501345 165.86640283624502
    endloop
  endfacet
  facet normal -0.2486898871648543 0.9685831611286314 0
    outer loop
      vertex -39.24110567592781 -0.4782633654511885 143.9
      vertex -38.74848117278146 -0.35177889099537163 139.09734384961038
      vertex -39.24110567592781 -0.4782633654511885 139.23203613438616
    endloop
  endfacet
  facet normal -0.12533323356430476 0.9921147013144778 0
    outer loop
      vertex -39.74569839590628 -0.5420082501344998 143.9
      vertex -39.24110567592781 -0.4782633654511885 139.23203613438616
      vertex -39.74569839590628 -0.5420082501344998 139.29991754194785
    endloop
  endfacet
  facet normal -0.770513242775785 0.6374239897486949 0
    outer loop
      vertex -37.047677058943286 0.7275842209888115 143.9
      vertex -36.72348117278146 1.119469728215484 137.62911592757933
      vertex -37.047677058943286 0.7275842209888115 137.95331181374115
    endloop
  endfacet
  facet normal 0.36812455268467864 0.9297764858882511 0
    outer loop
      vertex -41.724406130838545 -0.16454956248737895 143.9
      vertex -41.25151882721854 -0.35177889099537163 139.09734384961038
      vertex -41.724406130838545 -0.16454956248737895 138.89796486541272
    endloop
  endfacet
  facet normal 0.6845471059287233 0.728968627421379 0
    outer loop
      vertex -42.952322941056714 0.7275842209888115 143.9
      vertex -42.928244172420875 0.7049727521766389 137.9720176475467
      vertex -42.952322941056714 0.7275842209888115 137.95331181374115
    endloop
  endfacet
  facet normal 0.770513242775785 0.6374239897486949 0
    outer loop
      vertex -43.27651882721854 1.119469728215484 143.9
      vertex -42.952322941056714 0.7275842209888115 137.95331181374115
      vertex -43.27651882721854 1.119469728215484 137.62911592757933
    endloop
  endfacet
  facet normal 0.5877852522924739 0.8090169943749467 0
    outer loop
      vertex -42.581567158482194 0.37942136675805305 138.31869466148538
      vertex -42.581567158482194 0.37942136675805305 143.9
      vertex -42.17009851966494 0.0804719017168396 138.63704350747724
    endloop
  endfacet
  facet normal 0.48175367410171416 0.8763066800438643 0
    outer loop
      vertex -42.17009851966494 0.0804719017168396 138.63704350747724
      vertex -42.17009851966494 0.0804719017168396 143.9
      vertex -41.724406130838545 -0.16454956248737895 138.89796486541272
    endloop
  endfacet
  facet normal 0.6845471059286914 0.7289686274214089 -2.4513575191902633e-16
    outer loop
      vertex -42.581567158482194 0.37942136675805305 138.31869466148538
      vertex -42.928244172420875 0.7049727521766389 137.9720176475467
      vertex -42.952322941056714 0.7275842209888115 143.9
    endloop
  endfacet
  facet normal 0.8443279255020163 0.5358267949789949 0
    outer loop
      vertex -43.54904205417765 1.5488976198880529 143.9
      vertex -43.27651882721854 1.119469728215484 137.62911592757933
      vertex -43.54904205417765 1.5488976198880529 137.2738622799805
    endloop
  endfacet
  facet normal 0.998026728428272 -0.06279051952930738 0
    outer loop
      vertex -44.05 3.5 143.9
      vertex -44.05 3.5 135.89065586731374
      vertex -44.018064540323635 4.007599595935432 143.9
    endloop
  endfacet
  facet normal 0.998026728428272 0.06279051952930739 0
    outer loop
      vertex -44.018064540323635 2.9924004040645684 143.9
      vertex -44.018064540323635 2.9924004040645684 136.21278836631998
      vertex -44.05 3.5 143.9
    endloop
  endfacet
  facet normal 0.9822872507286876 0.1873813145857302 0
    outer loop
      vertex -44.018064540323635 2.9924004040645684 143.9
      vertex -43.92276180257095 2.492805956982338 143.9
      vertex -43.92276180257095 2.492805956982338 136.52984064338426
    endloop
  endfacet
  facet normal 0.951056516295155 0.30901699437494334 0
    outer loop
      vertex -43.76559476784742 2.0090955616270545 143.9
      vertex -43.76559476784742 2.0090955616270545 136.89315343318557
      vertex -43.92276180257095 2.492805956982338 143.9
    endloop
  endfacet
  facet normal -0.36812455268467864 -0.9297764858882512 0
    outer loop
      vertex -38.74848117278146 7.351778890995371 156.1
      vertex -38.275593869161455 7.1645495624873785 165.74375907411425
      vertex -38.74848117278146 7.351778890995371 165.80459357065897
    endloop
  endfacet
  facet normal 0.998026728428272 0.06279051952930738 0
    outer loop
      vertex -44.05 3.5 143.9
      vertex -44.018064540323635 2.9924004040645684 136.21278836631998
      vertex -44.05 3.5 135.89065586731374
    endloop
  endfacet
  facet normal 0.8443279255020157 -0.5358267949789958 0
    outer loop
      vertex -43.27651882721854 5.880530271784516 143.9
      vertex -43.45013203453683 5.606959631890426 134.80879104716854
      vertex -43.27651882721854 5.880530271784516 134.680058475646
    endloop
  endfacet
  facet normal -0.6845471059288404 0.7289686274212692 2.824202312978833e-13
    outer loop
      vertex -37.418432841517806 0.3794213667580544 161.68130533851462
      vertex -37.071755827579125 0.7049727521766389 162.0279823524533
      vertex -37.047677058943286 0.7275842209888115 162.04668818625885
    endloop
  endfacet
  facet normal -0.9048270524660191 0.4257792915650733 0
    outer loop
      vertex -36.23440523215258 2.0090955616270527 156.1
      vertex -36.45095794582235 1.5488976198880529 156.1
      vertex -36.45095794582235 1.5488976198880529 162.72613772001947
    endloop
  endfacet
  facet normal 0.125333233564303 -0.992114701314478 0
    outer loop
      vertex -40.75889432407219 7.478263365451189 143.9
      vertex -40.75889432407219 7.478263365451189 134.15430913232268
      vertex -40.25430160409372 7.5420082501345 143.9
    endloop
  endfacet
  facet normal 0.2486898871648567 -0.9685831611286306 0
    outer loop
      vertex -41.25151882721854 7.351778890995371 143.9
      vertex -41.25151882721854 7.351778890995371 134.19540642934106
      vertex -40.75889432407219 7.478263365451189 143.9
    endloop
  endfacet
  facet normal 0.3681245526846786 -0.929776485888251 0
    outer loop
      vertex -41.724406130838545 7.1645495624873785 143.9
      vertex -41.724406130838545 7.1645495624873785 134.25624092588575
      vertex -41.25151882721854 7.351778890995371 143.9
    endloop
  endfacet
  facet normal 0.48175367410171277 -0.8763066800438649 0
    outer loop
      vertex -42.17009851966494 6.919528098283161 143.9
      vertex -42.17009851966494 6.919528098283161 134.33585322560555
      vertex -41.724406130838545 7.1645495624873785 143.9
    endloop
  endfacet
  facet normal 0.5877852522924746 -0.8090169943749463 0
    outer loop
      vertex -42.581567158482194 6.620578633241947 143.9
      vertex -42.581567158482194 6.620578633241947 134.43298779497573
      vertex -42.17009851966494 6.919528098283161 143.9
    endloop
  endfacet
  facet normal 0.6845471059286934 -0.7289686274214071 0
    outer loop
      vertex -42.581567158482194 6.620578633241947 143.9
      vertex -42.952322941056714 6.2724157790111885 143.9
      vertex -42.952322941056714 6.2724157790111885 134.54611276381195
    endloop
  endfacet
  facet normal 0.7705132427757851 -0.6374239897486949 0
    outer loop
      vertex -43.27651882721854 5.880530271784516 143.9
      vertex -43.27651882721854 5.880530271784516 134.680058475646
      vertex -42.952322941056714 6.2724157790111885 143.9
    endloop
  endfacet
  facet normal 0.6845471059286934 -0.728968627421407 0
    outer loop
      vertex -42.952322941056714 6.2724157790111885 134.54611276381195
      vertex -42.581567158482194 6.620578633241947 134.43298779497573
      vertex -42.581567158482194 6.620578633241947 143.9
    endloop
  endfacet
  facet normal 0.7705132427757871 -0.6374239897486924 0
    outer loop
      vertex -42.952322941056714 6.2724157790111885 143.9
      vertex -43.238948595323116 5.925944880702815 134.65868798284384
      vertex -42.952322941056714 6.2724157790111885 134.54611276381195
    endloop
  endfacet
  facet normal 0.7705132427757696 -0.6374239897487135 1.3363306484058248e-15
    outer loop
      vertex -43.27651882721854 5.880530271784516 134.680058475646
      vertex -43.238948595323116 5.925944880702815 134.65868798284384
      vertex -42.952322941056714 6.2724157790111885 143.9
    endloop
  endfacet
  facet normal 0.8443279255020164 -0.5358267949789947 0
    outer loop
      vertex -43.27651882721854 5.880530271784516 143.9
      vertex -43.54904205417765 5.451102380111947 143.9
      vertex -43.54904205417765 5.451102380111947 134.8821319028234
    endloop
  endfacet
  facet normal -0.770513242775785 0.6374239897486949 0
    outer loop
      vertex -36.72348117278146 1.119469728215484 156.1
      vertex -37.047677058943286 0.7275842209888115 162.04668818625885
      vertex -36.72348117278146 1.119469728215484 162.37088407242067
    endloop
  endfacet
  facet normal 0.8443279255020176 -0.5358267949789928 -1.263886030623983e-16
    outer loop
      vertex -43.54904205417765 5.451102380111947 134.8821319028234
      vertex -43.45013203453683 5.606959631890426 134.80879104716854
      vertex -43.27651882721854 5.880530271784516 143.9
    endloop
  endfacet
  facet normal -0.12533323356430304 -0.992114701314478 0
    outer loop
      vertex -39.74569839590628 7.5420082501345 143.9
      vertex -39.74569839590628 7.5420082501345 134.13359716375498
      vertex -39.24110567592781 7.478263365451189 134.1543091323227
    endloop
  endfacet
  facet normal -0.8443279255020162 0.5358267949789948 0
    outer loop
      vertex -36.45095794582235 1.5488976198880529 156.1
      vertex -36.72348117278146 1.119469728215484 162.37088407242067
      vertex -36.45095794582235 1.5488976198880529 162.72613772001947
    endloop
  endfacet
  facet normal 0.9048270524660198 -0.4257792915650722 0
    outer loop
      vertex -43.76559476784742 4.9909044383729455 143.9
      vertex -43.76559476784742 4.9909044383729455 135.0986846164932
      vertex -43.54904205417765 5.451102380111947 143.9
    endloop
  endfacet
  facet normal 0.9510565162951548 -0.3090169943749436 0
    outer loop
      vertex -43.92276180257095 4.5071940430176625 143.9
      vertex -43.92276180257095 4.5071940430176625 135.32630145099844
      vertex -43.76559476784742 4.9909044383729455 143.9
    endloop
  endfacet
  facet normal 0.9822872507286876 -0.18738131458573007 0
    outer loop
      vertex -43.92276180257095 4.5071940430176625 143.9
      vertex -44.018064540323635 4.007599595935432 143.9
      vertex -44.018064540323635 4.007599595935432 135.5685233683075
    endloop
  endfacet
  facet normal -0.9510565162951555 0.30901699437494157 0
    outer loop
      vertex -36.23440523215258 2.0090955616270527 156.1
      vertex -36.23440523215258 2.0090955616270527 163.10684656681443
      vertex -36.07723819742905 2.4928059569823393 156.1
    endloop
  endfacet
  facet normal -0.9822872507286875 0.1873813145857307 0
    outer loop
      vertex -36.07723819742905 2.4928059569823393 156.1
      vertex -36.07723819742905 2.4928059569823393 163.47015935661574
      vertex -35.981935459676365 2.9924004040645684 156.1
    endloop
  endfacet
  facet normal 0.9048270524660198 -0.42577929156507216 0
    outer loop
      vertex -43.54904205417765 5.451102380111947 143.9
      vertex -43.76559476784742 4.9909044383729455 135.0986846164932
      vertex -43.54904205417765 5.451102380111947 134.8821319028234
    endloop
  endfacet
  facet normal 0.9510565162951549 -0.30901699437494357 0
    outer loop
      vertex -43.76559476784742 4.9909044383729455 143.9
      vertex -43.92276180257095 4.5071940430176625 135.32630145099844
      vertex -43.76559476784742 4.9909044383729455 135.0986846164932
    endloop
  endfacet
  facet normal 0.9822872507286876 -0.18738131458573018 0
    outer loop
      vertex -43.92276180257095 4.5071940430176625 143.9
      vertex -44.009773189837006 4.051064377321696 135.54093977927624
      vertex -43.92276180257095 4.5071940430176625 135.32630145099844
    endloop
  endfacet
  facet normal 0.9822872507286879 -0.18738131458572888 -7.479506885152461e-17
    outer loop
      vertex -44.009773189837006 4.051064377321696 135.54093977927624
      vertex -43.92276180257095 4.5071940430176625 143.9
      vertex -44.018064540323635 4.007599595935432 135.5685233683075
    endloop
  endfacet
  facet normal 0.9980267284282719 -0.06279051952930738 0
    outer loop
      vertex -44.018064540323635 4.007599595935432 143.9
      vertex -44.05 3.5 135.89065586731374
      vertex -44.018064540323635 4.007599595935432 135.5685233683075
    endloop
  endfacet
  facet normal 0.8443279255020163 0.5358267949789949 0
    outer loop
      vertex -43.54904205417765 1.5488976198880529 162.7261377200195
      vertex -43.27651882721854 1.119469728215484 156.1
      vertex -43.54904205417765 1.5488976198880529 156.1
    endloop
  endfacet
  facet normal 0.9048270524660198 0.42577929156507194 0
    outer loop
      vertex -43.54904205417765 1.5488976198880529 156.1
      vertex -43.76559476784742 2.0090955616270545 163.10684656681443
      vertex -43.54904205417765 1.5488976198880529 162.7261377200195
    endloop
  endfacet
  facet normal 0.9048270524660198 0.42577929156507194 0
    outer loop
      vertex -43.76559476784742 2.0090955616270545 163.10684656681443
      vertex -43.54904205417765 1.5488976198880529 156.1
      vertex -43.76559476784742 2.0090955616270545 156.1
    endloop
  endfacet
  facet normal 0.9510565162951549 0.3090169943749434 3.801872758465399e-16
    outer loop
      vertex -43.860616810242185 2.301543337174193 163.34878040718664
      vertex -43.76559476784742 2.0090955616270545 156.1
      vertex -43.92276180257095 2.492805956982338 156.1
    endloop
  endfacet
  facet normal 0.9822872507286876 0.18738131458573024 0
    outer loop
      vertex -44.018064540323635 2.9924004040645684 163.78721163368002
      vertex -43.92276180257095 2.492805956982338 156.1
      vertex -44.018064540323635 2.9924004040645684 156.1
    endloop
  endfacet
  facet normal 0.998026728428272 0.06279051952930738 0
    outer loop
      vertex -44.05 3.5 164.10934413268626
      vertex -44.018064540323635 2.9924004040645684 156.1
      vertex -44.05 3.5 156.1
    endloop
  endfacet
  facet normal 0.9510565162951521 0.3090169943749519 0
    outer loop
      vertex -43.76559476784742 2.0090955616270545 156.1
      vertex -43.860616810242185 2.301543337174193 163.34878040718664
      vertex -43.76559476784742 2.0090955616270545 163.10684656681443
    endloop
  endfacet
  facet normal 0.9510565162951592 0.3090169943749303 0
    outer loop
      vertex -43.92276180257095 2.492805956982338 156.1
      vertex -43.92276180257095 2.492805956982338 163.47015935661574
      vertex -43.860616810242185 2.301543337174193 163.34878040718664
    endloop
  endfacet
  facet normal 0.9822872507286876 0.1873813145857302 0
    outer loop
      vertex -43.92276180257095 2.492805956982338 156.1
      vertex -44.018064540323635 2.9924004040645684 163.78721163368002
      vertex -43.92276180257095 2.492805956982338 163.47015935661574
    endloop
  endfacet
  facet normal 0.998026728428272 0.06279051952930739 0
    outer loop
      vertex -44.018064540323635 2.9924004040645684 156.1
      vertex -44.05 3.5 164.10934413268626
      vertex -44.018064540323635 2.9924004040645684 163.78721163368002
    endloop
  endfacet
  facet normal 0.998026728428272 -0.06279051952930738 0
    outer loop
      vertex -44.05 3.5 156.1
      vertex -44.018064540323635 4.007599595935432 164.43147663169248
      vertex -44.05 3.5 164.10934413268626
    endloop
  endfacet
  facet normal 0.6845471059286915 0.7289686274214089 2.4329723377963364e-16
    outer loop
      vertex -42.952322941056714 0.7275842209888115 156.1
      vertex -42.928244172420875 0.7049727521766389 162.0279823524533
      vertex -42.581567158482194 0.37942136675805305 161.68130533851462
    endloop
  endfacet
  facet normal 0.4817536741017141 0.8763066800438643 0
    outer loop
      vertex -41.724406130838545 -0.16454956248737895 156.1
      vertex -42.17009851966494 0.0804719017168396 161.36295649252276
      vertex -41.724406130838545 -0.16454956248737895 161.10203513458725
    endloop
  endfacet
  facet normal 0.587785252292474 0.8090169943749468 0
    outer loop
      vertex -42.17009851966494 0.0804719017168396 156.1
      vertex -42.581567158482194 0.37942136675805305 161.68130533851462
      vertex -42.17009851966494 0.0804719017168396 161.36295649252276
    endloop
  endfacet
  facet normal 0.12533323356430304 -0.992114701314478 0
    outer loop
      vertex -40.25430160409372 7.5420082501345 134.13359716375498
      vertex -40.25430160409372 7.5420082501345 143.9
      vertex -40.75889432407219 7.478263365451189 134.15430913232268
    endloop
  endfacet
  facet normal 0.6845471059287233 0.728968627421379 0
    outer loop
      vertex -42.952322941056714 0.7275842209888115 156.1
      vertex -42.952322941056714 0.7275842209888115 162.04668818625885
      vertex -42.928244172420875 0.7049727521766389 162.0279823524533
    endloop
  endfacet
  facet normal 0.770513242775785 0.6374239897486949 0
    outer loop
      vertex -42.952322941056714 0.7275842209888115 156.1
      vertex -43.27651882721854 1.119469728215484 162.37088407242067
      vertex -42.952322941056714 0.7275842209888115 162.04668818625885
    endloop
  endfacet
  facet normal 0.3681245526846786 0.9297764858882511 0
    outer loop
      vertex -41.724406130838545 -0.16454956248737895 156.1
      vertex -41.724406130838545 -0.16454956248737895 161.10203513458725
      vertex -41.25151882721854 -0.35177889099537163 160.90265615038962
    endloop
  endfacet
  facet normal 0.8443279255020162 0.5358267949789949 0
    outer loop
      vertex -43.27651882721854 1.119469728215484 156.1
      vertex -43.54904205417765 1.5488976198880529 162.7261377200195
      vertex -43.27651882721854 1.119469728215484 162.37088407242067
    endloop
  endfacet
  facet normal 0 1 0
    outer loop
      vertex -39.74569839590628 -0.5420082501344998 160.70008245805212
      vertex -39.74569839590628 -0.5420082501344998 156.1
      vertex -40.25430160409372 -0.5420082501344998 160.70008245805215
    endloop
  endfacet
  facet normal -0.12533323356430476 0.9921147013144779 0
    outer loop
      vertex -39.24110567592781 -0.4782633654511885 160.76796386561384
      vertex -39.24110567592781 -0.4782633654511885 156.1
      vertex -39.74569839590628 -0.5420082501344998 160.70008245805212
    endloop
  endfacet
  facet normal -0.2486898871648542 0.9685831611286313 0
    outer loop
      vertex -38.74848117278146 -0.35177889099537163 160.90265615038962
      vertex -38.74848117278146 -0.35177889099537163 156.1
      vertex -39.24110567592781 -0.4782633654511885 160.76796386561384
    endloop
  endfacet
  facet normal 0 -1 0
    outer loop
      vertex -39.74569839590628 7.5420082501345 134.13359716375498
      vertex -39.74569839590628 7.5420082501345 143.9
      vertex -40.25430160409372 7.5420082501345 134.13359716375498
    endloop
  endfacet
  facet normal -0.3681245526846786 0.9297764858882511 0
    outer loop
      vertex -38.275593869161455 -0.16454956248737895 161.10203513458725
      vertex -38.275593869161455 -0.16454956248737895 156.1
      vertex -38.74848117278146 -0.35177889099537163 160.90265615038962
    endloop
  endfacet
  facet normal -0.481753674101718 0.8763066800438621 0
    outer loop
      vertex -38.275593869161455 -0.16454956248737895 161.10203513458725
      vertex -37.82990148033507 0.08047190171683827 161.36295649252278
      vertex -37.82990148033507 0.08047190171683827 156.1
    endloop
  endfacet
  facet normal -0.5877852522924708 0.8090169943749491 0
    outer loop
      vertex -37.418432841517806 0.3794213667580544 156.1
      vertex -37.82990148033507 0.08047190171683827 161.36295649252278
      vertex -37.418432841517806 0.3794213667580544 161.68130533851462
    endloop
  endfacet
  facet normal -0.684547105928692 0.7289686274214084 0
    outer loop
      vertex -37.418432841517806 0.3794213667580544 161.68130533851462
      vertex -37.047677058943286 0.7275842209888115 162.04668818625885
      vertex -37.047677058943286 0.7275842209888115 156.1
    endloop
  endfacet
  facet normal 0.12533323356430473 0.9921147013144777 0
    outer loop
      vertex -40.75889432407219 -0.4782633654511885 156.1
      vertex -40.75889432407219 -0.4782633654511885 160.76796386561386
      vertex -40.25430160409372 -0.5420082501344998 160.70008245805215
    endloop
  endfacet
  facet normal 0.4817536741017127 -0.8763066800438649 0
    outer loop
      vertex -41.724406130838545 7.1645495624873785 165.74375907411425
      vertex -42.17009851966494 6.919528098283161 156.1
      vertex -41.724406130838545 7.1645495624873785 156.1
    endloop
  endfacet
  facet normal 0.36812455268467864 -0.9297764858882512 0
    outer loop
      vertex -41.25151882721854 7.351778890995371 165.80459357065897
      vertex -41.724406130838545 7.1645495624873785 156.1
      vertex -41.25151882721854 7.351778890995371 156.1
    endloop
  endfacet
  facet normal 0.24868988716485668 -0.9685831611286306 0
    outer loop
      vertex -40.75889432407219 7.478263365451189 165.84569086767735
      vertex -41.25151882721854 7.351778890995371 156.1
      vertex -40.75889432407219 7.478263365451189 156.1
    endloop
  endfacet
  facet normal 0.12533323356430304 -0.992114701314478 0
    outer loop
      vertex -40.25430160409372 7.5420082501345 165.86640283624502
      vertex -40.75889432407219 7.478263365451189 156.1
      vertex -40.25430160409372 7.5420082501345 156.1
    endloop
  endfacet
  facet normal 0.7705132427757734 -0.6374239897487088 0
    outer loop
      vertex -43.27651882721854 5.880530271784516 156.1
      vertex -43.23894859532312 5.925944880702807 165.34131201715616
      vertex -43.27651882721854 5.880530271784516 165.319941524354
    endloop
  endfacet
  facet normal 0.7705132427757865 -0.6374239897486929 0
    outer loop
      vertex -42.952322941056714 6.2724157790111885 156.1
      vertex -42.952322941056714 6.2724157790111885 165.45388723618805
      vertex -43.23894859532312 5.925944880702807 165.34131201715616
    endloop
  endfacet
  facet normal 0.6845471059286934 -0.7289686274214071 0
    outer loop
      vertex -42.952322941056714 6.2724157790111885 156.1
      vertex -42.581567158482194 6.620578633241947 165.5670122050243
      vertex -42.952322941056714 6.2724157790111885 165.45388723618805
    endloop
  endfacet
  facet normal -0.770513242775785 0.6374239897486949 0
    outer loop
      vertex -36.72348117278146 1.119469728215484 137.62911592757933
      vertex -37.047677058943286 0.7275842209888115 143.9
      vertex -36.72348117278146 1.119469728215484 143.9
    endloop
  endfacet
  facet normal -0.6845471059286921 0.7289686274214084 -2.39352291166262e-16
    outer loop
      vertex -37.071755827579125 0.7049727521766389 137.9720176475467
      vertex -37.418432841517806 0.3794213667580544 143.9
      vertex -37.047677058943286 0.7275842209888115 143.9
    endloop
  endfacet
  facet normal -0.5877852522924708 0.8090169943749491 0
    outer loop
      vertex -37.418432841517806 0.3794213667580544 138.31869466148538
      vertex -37.82990148033507 0.08047190171683827 143.9
      vertex -37.418432841517806 0.3794213667580544 143.9
    endloop
  endfacet
  facet normal -0.4817536741017181 0.8763066800438621 0
    outer loop
      vertex -37.82990148033507 0.08047190171683827 138.63704350747724
      vertex -38.275593869161455 -0.16454956248737895 143.9
      vertex -37.82990148033507 0.08047190171683827 143.9
    endloop
  endfacet
  facet normal -0.36812455268467864 0.9297764858882511 0
    outer loop
      vertex -38.275593869161455 -0.16454956248737895 138.89796486541272
      vertex -38.74848117278146 -0.35177889099537163 143.9
      vertex -38.275593869161455 -0.16454956248737895 143.9
    endloop
  endfacet
  facet normal -0.48175367410171877 -0.8763066800438617 0
    outer loop
      vertex -38.275593869161455 7.1645495624873785 143.9
      vertex -38.275593869161455 7.1645495624873785 134.25624092588578
      vertex -37.82990148033507 6.919528098283161 134.33585322560555
    endloop
  endfacet
  facet normal 0.5877852522924746 -0.8090169943749462 0
    outer loop
      vertex -42.17009851966494 6.919528098283161 165.66414677439448
      vertex -42.581567158482194 6.620578633241947 156.1
      vertex -42.17009851966494 6.919528098283161 156.1
    endloop
  endfacet
  facet normal 0.2486898871648542 0.9685831611286313 0
    outer loop
      vertex -41.25151882721854 -0.35177889099537163 156.1
      vertex -41.25151882721854 -0.35177889099537163 160.90265615038962
      vertex -40.75889432407219 -0.4782633654511885 160.76796386561386
    endloop
  endfacet
  facet normal -0.8443279255020162 0.5358267949789949 0
    outer loop
      vertex -36.72348117278146 1.119469728215484 156.1
      vertex -36.72348117278146 1.119469728215484 162.37088407242067
      vertex -36.45095794582235 1.5488976198880529 156.1
    endloop
  endfacet
  facet normal -0.770513242775785 0.6374239897486949 0
    outer loop
      vertex -37.047677058943286 0.7275842209888115 156.1
      vertex -37.047677058943286 0.7275842209888115 162.04668818625885
      vertex -36.72348117278146 1.119469728215484 156.1
    endloop
  endfacet
  facet normal -0.684547105928692 0.7289686274214084 0
    outer loop
      vertex -37.418432841517806 0.3794213667580544 156.1
      vertex -37.418432841517806 0.3794213667580544 161.68130533851462
      vertex -37.047677058943286 0.7275842209888115 156.1
    endloop
  endfacet
  facet normal -0.5877852522924708 0.8090169943749492 0
    outer loop
      vertex -37.82990148033507 0.08047190171683827 156.1
      vertex -37.82990148033507 0.08047190171683827 161.36295649252278
      vertex -37.418432841517806 0.3794213667580544 156.1
    endloop
  endfacet
  facet normal -0.481753674101718 0.8763066800438621 0
    outer loop
      vertex -37.82990148033507 0.08047190171683827 156.1
      vertex -38.275593869161455 -0.16454956248737895 156.1
      vertex -38.275593869161455 -0.16454956248737895 161.10203513458725
    endloop
  endfacet
  facet normal -0.2486898871648542 0.9685831611286313 0
    outer loop
      vertex -38.74848117278146 -0.35177889099537163 139.09734384961038
      vertex -39.24110567592781 -0.4782633654511885 143.9
      vertex -38.74848117278146 -0.35177889099537163 143.9
    endloop
  endfacet
  facet normal -0.12533323356430476 0.9921147013144779 0
    outer loop
      vertex -39.24110567592781 -0.4782633654511885 139.23203613438616
      vertex -39.74569839590628 -0.5420082501344998 143.9
      vertex -39.24110567592781 -0.4782633654511885 143.9
    endloop
  endfacet
  facet normal 0 1 0
    outer loop
      vertex -39.74569839590628 -0.5420082501344998 139.29991754194785
      vertex -40.25430160409372 -0.5420082501344998 143.9
      vertex -39.74569839590628 -0.5420082501344998 143.9
    endloop
  endfacet
  facet normal -0.3681245526846787 0.9297764858882511 0
    outer loop
      vertex -38.74848117278146 -0.35177889099537163 156.1
      vertex -38.74848117278146 -0.35177889099537163 160.90265615038962
      vertex -38.275593869161455 -0.16454956248737895 156.1
    endloop
  endfacet
  facet normal 0.3681245526846787 0.9297764858882511 0
    outer loop
      vertex -41.25151882721854 -0.35177889099537163 143.9
      vertex -41.25151882721854 -0.35177889099537163 139.09734384961038
      vertex -41.724406130838545 -0.16454956248737895 143.9
    endloop
  endfacet
  facet normal 0.770513242775785 0.6374239897486949 0
    outer loop
      vertex -43.27651882721854 1.119469728215484 143.9
      vertex -42.952322941056714 0.7275842209888115 143.9
      vertex -42.952322941056714 0.7275842209888115 137.95331181374115
    endloop
  endfacet
  facet normal 0.587785252292474 0.8090169943749468 0
    outer loop
      vertex -42.17009851966494 0.0804719017168396 143.9
      vertex -42.17009851966494 0.0804719017168396 138.63704350747724
      vertex -42.581567158482194 0.37942136675805305 143.9
    endloop
  endfacet
  facet normal 0.9980267284282721 -0.0627905195293074 0
    outer loop
      vertex -44.018064540323635 4.007599595935432 164.43147663169248
      vertex -44.05 3.5 156.1
      vertex -44.018064540323635 4.007599595935432 156.1
    endloop
  endfacet
  facet normal 0.2486898871648567 -0.9685831611286307 0
    outer loop
      vertex -40.75889432407219 7.478263365451189 134.15430913232268
      vertex -40.75889432407219 7.478263365451189 143.9
      vertex -41.25151882721854 7.351778890995371 134.19540642934106
    endloop
  endfacet
  facet normal 0.36812455268467864 -0.9297764858882511 0
    outer loop
      vertex -41.25151882721854 7.351778890995371 134.19540642934106
      vertex -41.25151882721854 7.351778890995371 143.9
      vertex -41.724406130838545 7.1645495624873785 134.25624092588575
    endloop
  endfacet
  facet normal 0.4817536741017127 -0.8763066800438649 0
    outer loop
      vertex -41.724406130838545 7.1645495624873785 134.25624092588575
      vertex -41.724406130838545 7.1645495624873785 143.9
      vertex -42.17009851966494 6.919528098283161 134.33585322560555
    endloop
  endfacet
  facet normal 0.5877852522924747 -0.8090169943749463 0
    outer loop
      vertex -42.17009851966494 6.919528098283161 134.33585322560555
      vertex -42.17009851966494 6.919528098283161 143.9
      vertex -42.581567158482194 6.620578633241947 134.43298779497573
    endloop
  endfacet
  facet normal -0.998026728428272 0.06279051952930739 0
    outer loop
      vertex -35.981935459676365 2.9924004040645684 156.1
      vertex -35.981935459676365 2.9924004040645684 163.78721163368002
      vertex -35.95 3.5 156.1
    endloop
  endfacet
  facet normal -0.998026728428272 -0.06279051952930728 0
    outer loop
      vertex -35.981935459676365 4.0075995959354325 156.1
      vertex -35.95 3.5 156.1
      vertex -35.95 3.5 164.10934413268626
    endloop
  endfacet
  facet normal -0.9048270524660191 0.42577929156507327 0
    outer loop
      vertex -36.23440523215258 2.0090955616270527 156.1
      vertex -36.45095794582235 1.5488976198880529 162.72613772001947
      vertex -36.23440523215258 2.0090955616270527 163.10684656681443
    endloop
  endfacet
  facet normal -0.9510565162951528 0.30901699437494967 6.24538735195182e-16
    outer loop
      vertex -36.23440523215258 2.0090955616270527 163.10684656681443
      vertex -36.139383189757815 2.301543337174193 163.34878040718664
      vertex -36.07723819742905 2.4928059569823393 156.1
    endloop
  endfacet
  facet normal -0.9510565162951597 0.30901699437492836 0
    outer loop
      vertex -36.07723819742905 2.4928059569823393 156.1
      vertex -36.139383189757815 2.301543337174193 163.34878040718664
      vertex -36.07723819742905 2.4928059569823393 163.47015935661574
    endloop
  endfacet
  facet normal -0.9822872507286875 0.18738131458573073 0
    outer loop
      vertex -35.981935459676365 2.9924004040645684 156.1
      vertex -36.07723819742905 2.4928059569823393 163.47015935661574
      vertex -35.981935459676365 2.9924004040645684 163.78721163368002
    endloop
  endfacet
  facet normal -0.998026728428272 0.06279051952930738 0
    outer loop
      vertex -35.95 3.5 156.1
      vertex -35.981935459676365 2.9924004040645684 163.78721163368002
      vertex -35.95 3.5 164.10934413268626
    endloop
  endfacet
  facet normal -0.36812455268467864 -0.9297764858882511 0
    outer loop
      vertex -38.74848117278146 7.351778890995371 143.9
      vertex -38.74848117278146 7.351778890995371 134.19540642934106
      vertex -38.275593869161455 7.1645495624873785 134.25624092588578
    endloop
  endfacet
  facet normal -0.2486898871648567 -0.9685831611286306 0
    outer loop
      vertex -39.24110567592781 7.478263365451189 143.9
      vertex -39.24110567592781 7.478263365451189 134.1543091323227
      vertex -38.74848117278146 7.351778890995371 134.19540642934106
    endloop
  endfacet
  facet normal 0.4817536741017142 0.8763066800438643 0
    outer loop
      vertex -41.724406130838545 -0.16454956248737895 143.9
      vertex -41.724406130838545 -0.16454956248737895 138.89796486541272
      vertex -42.17009851966494 0.0804719017168396 143.9
    endloop
  endfacet
  facet normal 0.9822872507286875 -0.18738131458573004 6.732519976736902e-18
    outer loop
      vertex -44.018064540323635 4.007599595935432 156.1
      vertex -43.92276180257095 4.5071940430176625 156.1
      vertex -44.009773189837006 4.051064377321696 164.45906022072376
    endloop
  endfacet
  facet normal 0.9510565162951549 -0.30901699437494357 0
    outer loop
      vertex -43.76559476784742 4.9909044383729455 164.9013153835068
      vertex -43.92276180257095 4.5071940430176625 156.1
      vertex -43.76559476784742 4.9909044383729455 156.1
    endloop
  endfacet
  facet normal 0.9048270524660198 -0.42577929156507216 0
    outer loop
      vertex -43.54904205417765 5.451102380111947 165.1178680971766
      vertex -43.76559476784742 4.9909044383729455 156.1
      vertex -43.54904205417765 5.451102380111947 156.1
    endloop
  endfacet
  facet normal 0.9822872507286879 -0.1873813145857288 0
    outer loop
      vertex -44.018064540323635 4.007599595935432 156.1
      vertex -44.009773189837006 4.051064377321696 164.45906022072376
      vertex -44.018064540323635 4.007599595935432 164.43147663169248
    endloop
  endfacet
  facet normal 0.9822872507286876 -0.18738131458573018 0
    outer loop
      vertex -43.92276180257095 4.5071940430176625 156.1
      vertex -43.92276180257095 4.5071940430176625 164.67369854900156
      vertex -44.009773189837006 4.051064377321696 164.45906022072376
    endloop
  endfacet
  facet normal 0.9510565162951548 -0.3090169943749436 0
    outer loop
      vertex -43.92276180257095 4.5071940430176625 156.1
      vertex -43.76559476784742 4.9909044383729455 164.9013153835068
      vertex -43.92276180257095 4.5071940430176625 164.67369854900156
    endloop
  endfacet
  facet normal 0.9048270524660198 -0.4257792915650722 0
    outer loop
      vertex -43.76559476784742 4.9909044383729455 156.1
      vertex -43.54904205417765 5.451102380111947 165.1178680971766
      vertex -43.76559476784742 4.9909044383729455 164.9013153835068
    endloop
  endfacet
  facet normal -0.5877852522924691 -0.8090169943749503 0
    outer loop
      vertex -37.418432841517806 6.620578633241946 143.9
      vertex -37.82990148033507 6.919528098283161 134.33585322560555
      vertex -37.418432841517806 6.620578633241946 134.43298779497573
    endloop
  endfacet
  facet normal 0.8443279255020163 -0.5358267949789945 0
    outer loop
      vertex -43.27651882721854 5.880530271784516 165.319941524354
      vertex -43.54904205417765 5.451102380111947 156.1
      vertex -43.27651882721854 5.880530271784516 156.1
    endloop
  endfacet
  facet normal 0.8443279255020164 -0.5358267949789947 0
    outer loop
      vertex -43.54904205417765 5.451102380111947 156.1
      vertex -43.27651882721854 5.880530271784516 165.319941524354
      vertex -43.54904205417765 5.451102380111947 165.1178680971766
    endloop
  endfacet
  facet normal 0.7705132427757849 -0.6374239897486947 -1.162594008871288e-16
    outer loop
      vertex -43.27651882721854 5.880530271784516 156.1
      vertex -42.952322941056714 6.2724157790111885 156.1
      vertex -43.23894859532312 5.925944880702807 165.34131201715616
    endloop
  endfacet
  facet normal 0.6845471059286935 -0.7289686274214071 0
    outer loop
      vertex -42.581567158482194 6.620578633241947 165.5670122050243
      vertex -42.952322941056714 6.2724157790111885 156.1
      vertex -42.581567158482194 6.620578633241947 156.1
    endloop
  endfacet
endsolid OpenSCAD_Model
