solid OpenSCAD_Model
  facet normal 0 0 -1
    outer loop
      vertex -120.86119956076145 9.410003736615183 -370
      vertex -122.0973871786014 7.100882096222509 -370
      vertex -129.52054803947345 -3.930630768734899 -370
    endloop
  endfacet
  facet normal -0.13756443619604322 0.9899994585832236 -0.03125856521001831
    outer loop
      vertex -136.33738747274876 10.088584287762641 -280.4
      vertex -130.52279723445704 8.067485591567928 -370
      vertex -146.69570880967422 8.649253566621839 -280.4
    endloop
  endfacet
  facet normal 0 0 -1
    outer loop
      vertex -129.52054803947345 -3.930630768734899 -370
      vertex -123.01987840088808 -0.2013878399840413 -370
      vertex -122.61141836242074 -1.0694096061390879 -370
    endloop
  endfacet
  facet normal 0 0 -1
    outer loop
      vertex -148.11577233055965 -2.5489296076669032 -370
      vertex -146.95258316112862 -0.36026561201504337 -370
      vertex -146.91377648588823 -0.4797002775348664 -370
    endloop
  endfacet
  facet normal -0.1375644361960431 0.9899994585832235 -0.03125856521001831
    outer loop
      vertex -130.195811715208 8.176070205516748 -368
      vertex -136.33738747274876 10.088584287762641 -280.4
      vertex -121.20665018379688 9.425150623917581 -368
    endloop
  endfacet
  facet normal 0 0 -1
    outer loop
      vertex -130.52279723445704 8.067485591567928 -370
      vertex -130.2550520426186 8.10468987086336 -370
      vertex -129.52054803947345 -3.930630768734899 -370
    endloop
  endfacet
  facet normal 0 0 -1
    outer loop
      vertex -129.52054803947345 -3.930630768734899 -370
      vertex -130.2550520426186 8.10468987086336 -370
      vertex -120.86119956076145 9.410003736615183 -370
    endloop
  endfacet
  facet normal 0 0 -1
    outer loop
      vertex -123.01987840088808 5.422876792206993 -370
      vertex -129.52054803947345 -3.930630768734899 -370
      vertex -122.61141836242074 6.29089855836204 -370
    endloop
  endfacet
  facet normal 0 0 -1
    outer loop
      vertex -122.61141836242074 6.29089855836204 -370
      vertex -129.52054803947345 -3.930630768734899 -370
      vertex -122.0973871786014 7.100882096222509 -370
    endloop
  endfacet
  facet normal -0.14608709599534977 0.9887282053451714 -0.03278866173789511
    outer loop
      vertex -146.69570880967422 8.649253566621839 -280.4
      vertex -139.79050592800243 6.698158164423023 -370
      vertex -156.63173677802175 7.181180274308176 -280.4
    endloop
  endfacet
  facet normal -0.1375644361960358 0.9899994585832246 -0.03125856521001902
    outer loop
      vertex -130.52279723445704 8.067485591567928 -370
      vertex -130.195811715208 8.176070205516748 -368
      vertex -130.2550520426186 8.10468987086336 -370
    endloop
  endfacet
  facet normal 0 0 -1
    outer loop
      vertex -120.86119956076145 9.410003736615183 -370
      vertex -121.74833355509 7.522815446205848 -370
      vertex -122.0973871786014 7.100882096222509 -370
    endloop
  endfacet
  facet normal 0 0 -1
    outer loop
      vertex -120.86119956076145 9.410003736615183 -370
      vertex -121.48589142826624 7.840053481535628 -370
      vertex -121.74833355509 7.522815446205848 -370
    endloop
  endfacet
  facet normal 0 0 -1
    outer loop
      vertex -120.86119956076145 9.410003736615183 -370
      vertex -120.7865747646879 8.496755539995426 -370
      vertex -121.48589142826624 7.840053481535628 -370
    endloop
  endfacet
  facet normal 0 0 -1
    outer loop
      vertex -120.86119956076145 9.410003736615183 -370
      vertex -120.01046582940255 9.060631687845204 -370
      vertex -120.7865747646879 8.496755539995426 -370
    endloop
  endfacet
  facet normal 0 0 -1
    outer loop
      vertex -148.11577233055965 -2.5489296076669032 -370
      vertex -146.91377648588823 -0.4797002775348664 -370
      vertex -146.86030668004383 -0.593329398951904 -370
    endloop
  endfacet
  facet normal 0 0 -1
    outer loop
      vertex -148.11577233055965 -2.5489296076669032 -370
      vertex -146.86030668004383 -0.593329398951904 -370
      vertex -146.79301699437494 -0.6993609771426617 -370
    endloop
  endfacet
  facet normal 0 0 -1
    outer loop
      vertex -146.7129686274214 -0.796122830778877 -370
      vertex -146.62142398974868 -0.8820889676259779 -370
      vertex -148.11577233055965 -2.5489296076669032 -370
    endloop
  endfacet
  facet normal 0 0 -1
    outer loop
      vertex -145.25503137257857 0.5729713810785002 -370
      vertex -139.79050592800243 6.698158164423023 -370
      vertex -145.17498300562502 0.4762095274422846 -370
    endloop
  endfacet
  facet normal 0 0 -1
    outer loop
      vertex -148.5550297139062 5.351514945823637 -370
      vertex -146.40977929156506 0.793251327615831 -370
      vertex -146.51982679497897 0.7327522006518264 -370
    endloop
  endfacet
  facet normal 0 0 -1
    outer loop
      vertex -148.5550297139062 5.351514945823637 -370
      vertex -146.29301699437494 0.839480791444965 -370
      vertex -146.40977929156506 0.793251327615831 -370
    endloop
  endfacet
  facet normal 0 0 -1
    outer loop
      vertex -148.5550297139062 5.351514945823637 -370
      vertex -146.17138131458572 0.8707115258785002 -370
      vertex -146.29301699437494 0.839480791444965 -370
    endloop
  endfacet
  facet normal 0 0 -1
    outer loop
      vertex -148.5550297139062 5.351514945823637 -370
      vertex -146.04679051952928 0.886451003578083 -370
      vertex -146.17138131458572 0.8707115258785002 -370
    endloop
  endfacet
  facet normal 0 0 -1
    outer loop
      vertex -148.5550297139062 5.351514945823637 -370
      vertex -145.92120948047068 0.886451003578083 -370
      vertex -146.04679051952928 0.886451003578083 -370
    endloop
  endfacet
  facet normal 0 0 -1
    outer loop
      vertex -145.79661868541424 0.8707115258785002 -370
      vertex -148.5550297139062 5.351514945823637 -370
      vertex -145.67498300562502 0.839480791444965 -370
    endloop
  endfacet
  facet normal 0 0 -1
    outer loop
      vertex -145.92120948047068 0.886451003578083 -370
      vertex -148.5550297139062 5.351514945823637 -370
      vertex -145.79661868541424 0.8707115258785002 -370
    endloop
  endfacet
  facet normal 0 0 -1
    outer loop
      vertex -145.67498300562502 0.839480791444965 -370
      vertex -148.5550297139062 5.351514945823637 -370
      vertex -145.5582207084349 0.793251327615831 -370
    endloop
  endfacet
  facet normal 0 0 -1
    outer loop
      vertex -148.11577233055965 -2.5489296076669032 -370
      vertex -146.51982679497897 -0.9559036503522035 -370
      vertex -146.40977929156506 -1.016402777316208 -370
    endloop
  endfacet
  facet normal 0 0 -1
    outer loop
      vertex -145.448173205021 0.7327522006518266 -370
      vertex -139.79050592800243 6.698158164423023 -370
      vertex -145.34657601025128 0.6589375179256006 -370
    endloop
  endfacet
  facet normal 0 0 -1
    outer loop
      vertex -145.34657601025128 0.6589375179256006 -370
      vertex -139.79050592800243 6.698158164423023 -370
      vertex -145.25503137257857 0.5729713810785002 -370
    endloop
  endfacet
  facet normal 0 0 -1
    outer loop
      vertex -145.5582207084349 0.793251327615831 -370
      vertex -139.79050592800243 6.698158164423023 -370
      vertex -145.448173205021 0.7327522006518266 -370
    endloop
  endfacet
  facet normal 0 0 -1
    outer loop
      vertex -148.5550297139062 5.351514945823637 -370
      vertex -139.79050592800243 6.698158164423023 -370
      vertex -145.5582207084349 0.793251327615831 -370
    endloop
  endfacet
  facet normal -0.06668835705724345 -0.9976589873324927 -0.015139617819184562
    outer loop
      vertex -129.52054803947345 -3.930630768734899 -370
      vertex -120.12716692826658 -4.5645998991466055 -369.6
      vertex -135.61228253277838 -4.883122555685339 -280.4
    endloop
  endfacet
  facet normal -0.05872810323089891 -0.9981789665164693 -0.013775365512907228
    outer loop
      vertex -131.96025725340849 -5.1039235271330465 -280.4
      vertex -116.55723525644464 -4.779159783636077 -369.6
      vertex -116.32663756823713 -4.792727054929239 -369.6
    endloop
  endfacet
  facet normal 0 0 -1
    outer loop
      vertex -119.7364223239693 9.225757216084418 -370
      vertex -119.73008136437426 9.214774351897084 -370
      vertex -119.75078472238907 9.203392584512432 -370
    endloop
  endfacet
  facet normal -0.07256494630683107 -0.9972322069306754 -0.016194259095787724
    outer loop
      vertex -139.0996560873614 -3.23359405418498 -370
      vertex -129.52054803947345 -3.930630768734899 -370
      vertex -145.62118474316506 -4.2140790720577535 -280.4
    endloop
  endfacet
  facet normal 0 0 -1
    outer loop
      vertex -146.04679051952928 -1.10960245327846 -370
      vertex -145.92120948047068 -1.10960245327846 -370
      vertex -139.0996560873614 -3.23359405418498 -370
    endloop
  endfacet
  facet normal 0 0 -1
    outer loop
      vertex -146.17138131458572 -1.0938629755788771 -370
      vertex -146.04679051952928 -1.10960245327846 -370
      vertex -139.0996560873614 -3.23359405418498 -370
    endloop
  endfacet
  facet normal 0 0 -1
    outer loop
      vertex -129.52054803947345 -3.930630768734899 -370
      vertex -123.01987840088808 5.422876792206993 -370
      vertex -123.31632563519459 4.510506019540694 -370
    endloop
  endfacet
  facet normal 0 0 -1
    outer loop
      vertex -146.29301699437494 -1.0626322411453422 -370
      vertex -146.17138131458572 -1.0938629755788771 -370
      vertex -139.0996560873614 -3.23359405418498 -370
    endloop
  endfacet
  facet normal 0 0 -1
    outer loop
      vertex -148.11577233055965 -2.5489296076669032 -370
      vertex -146.29301699437494 -1.0626322411453422 -370
      vertex -139.0996560873614 -3.23359405418498 -370
    endloop
  endfacet
  facet normal 0 0 -1
    outer loop
      vertex -129.52054803947345 -3.930630768734899 -370
      vertex -123.31632563519459 4.510506019540694 -370
      vertex -123.49608491536627 3.5681748724719853 -370
    endloop
  endfacet
  facet normal 0 0 -1
    outer loop
      vertex -129.52054803947345 -3.930630768734899 -370
      vertex -123.49608491536627 3.5681748724719853 -370
      vertex -123.50870040071416 3.3676574748827526 -370
    endloop
  endfacet
  facet normal 0 0 -1
    outer loop
      vertex -129.52054803947345 -3.930630768734899 -370
      vertex -123.50870040071416 3.3676574748827526 -370
      vertex -123.55632133017181 2.610744476111476 -370
    endloop
  endfacet
  facet normal 0 0 -1
    outer loop
      vertex -145.92120948047068 -1.10960245327846 -370
      vertex -145.79661868541424 -1.0938629755788771 -370
      vertex -139.0996560873614 -3.23359405418498 -370
    endloop
  endfacet
  facet normal 0 0 -1
    outer loop
      vertex -129.52054803947345 -3.930630768734899 -370
      vertex -123.55632133017181 2.610744476111476 -370
      vertex -123.49608491536627 1.6533140797509667 -370
    endloop
  endfacet
  facet normal 0 0 -1
    outer loop
      vertex -129.52054803947345 -3.930630768734899 -370
      vertex -123.49608491536627 1.6533140797509667 -370
      vertex -123.31632563519459 0.7109829326822582 -370
    endloop
  endfacet
  facet normal -0.07570917389385846 -0.9969886942063012 -0.016782866653938276
    outer loop
      vertex -148.11577233055965 -2.5489296076669032 -370
      vertex -139.0996560873614 -3.23359405418498 -370
      vertex -155.891067906619 -3.466777174712122 -280.4
    endloop
  endfacet
  facet normal 0 0 -1
    outer loop
      vertex -129.52054803947345 -3.930630768734899 -370
      vertex -123.31632563519459 0.7109829326822582 -370
      vertex -123.01987840088808 -0.2013878399840413 -370
    endloop
  endfacet
  facet normal 0 0 -1
    outer loop
      vertex -129.52054803947345 -3.930630768734899 -370
      vertex -122.0973871786014 -1.8793931439995573 -370
      vertex -121.75019503308009 -2.299076353628019 -370
    endloop
  endfacet
  facet normal 0 0 -1
    outer loop
      vertex -129.52054803947345 -3.930630768734899 -370
      vertex -121.48589142826624 -2.618564529312676 -370
      vertex -120.7865747646879 -3.2752665877724745 -370
    endloop
  endfacet
  facet normal 0 0 -1
    outer loop
      vertex -129.52054803947345 -3.930630768734899 -370
      vertex -122.61141836242074 -1.0694096061390879 -370
      vertex -122.0973871786014 -1.8793931439995573 -370
    endloop
  endfacet
  facet normal 0 0 -1
    outer loop
      vertex -121.75019503308009 -2.299076353628019 -370
      vertex -121.48589142826624 -2.618564529312676 -370
      vertex -129.52054803947345 -3.930630768734899 -370
    endloop
  endfacet
  facet normal 0 0 -1
    outer loop
      vertex -146.29301699437494 -1.0626322411453422 -370
      vertex -148.11577233055965 -2.5489296076669032 -370
      vertex -146.40977929156506 -1.016402777316208 -370
    endloop
  endfacet
  facet normal 0 0 -1
    outer loop
      vertex -146.51982679497897 -0.9559036503522035 -370
      vertex -148.11577233055965 -2.5489296076669032 -370
      vertex -146.62142398974868 -0.8820889676259779 -370
    endloop
  endfacet
  facet normal -0.05872810323089459 -0.9981789665164695 -0.013775365512906458
    outer loop
      vertex -131.3490108470301 -5.139886358706809 -280.4
      vertex -131.96025725340849 -5.1039235271330465 -280.4
      vertex -116.32663756823713 -4.792727054929239 -369.6
    endloop
  endfacet
  facet normal 0 0 -1
    outer loop
      vertex -148.11577233055965 -2.5489296076669032 -370
      vertex -146.79301699437494 -0.6993609771426617 -370
      vertex -146.7129686274214 -0.796122830778877 -370
    endloop
  endfacet
  facet normal -0.06668835705724332 -0.9976589873324926 -0.015139617819187259
    outer loop
      vertex -120.12716692826658 -4.5645998991466055 -369.6
      vertex -129.52054803947345 -3.930630768734899 -370
      vertex -120.0590540672449 -4.563082835349368 -370
    endloop
  endfacet
  facet normal 0 0 -1
    outer loop
      vertex -129.52054803947345 -3.930630768734899 -370
      vertex -119.73008136437424 -3.993285399674122 -370
      vertex -120.0590540672449 -4.563082835349368 -370
    endloop
  endfacet
  facet normal 0 0 -1
    outer loop
      vertex -129.52054803947345 -3.930630768734899 -370
      vertex -120.01046582940255 -3.839142735622251 -370
      vertex -119.73008136437424 -3.993285399674122 -370
    endloop
  endfacet
  facet normal 0 0 -1
    outer loop
      vertex -129.52054803947345 -3.930630768734899 -370
      vertex -120.7865747646879 -3.2752665877724745 -370
      vertex -120.01046582940255 -3.839142735622251 -370
    endloop
  endfacet
  facet normal 0 0 -1
    outer loop
      vertex -139.79050592800243 6.698158164423023 -370
      vertex -130.52279723445704 8.067485591567928 -370
      vertex -139.0996560873614 -3.23359405418498 -370
    endloop
  endfacet
  facet normal 0 0 -1
    outer loop
      vertex -156.4534109803067 -1.9013863698654507 -370
      vertex -148.5550297139062 5.351514945823637 -370
      vertex -148.11577233055965 -2.5489296076669032 -370
    endloop
  endfacet
  facet normal 0 0 -1
    outer loop
      vertex -145.25503137257857 -0.796122830778877 -370
      vertex -145.17498300562502 -0.6993609771426617 -370
      vertex -139.0996560873614 -3.23359405418498 -370
    endloop
  endfacet
  facet normal 0 0 -1
    outer loop
      vertex -145.34657601025128 -0.8820889676259775 -370
      vertex -145.25503137257857 -0.796122830778877 -370
      vertex -139.0996560873614 -3.23359405418498 -370
    endloop
  endfacet
  facet normal 0 0 -1
    outer loop
      vertex -145.448173205021 -0.9559036503522038 -370
      vertex -145.34657601025128 -0.8820889676259775 -370
      vertex -139.0996560873614 -3.23359405418498 -370
    endloop
  endfacet
  facet normal 0 0 -1
    outer loop
      vertex -145.5582207084349 -1.016402777316208 -370
      vertex -145.448173205021 -0.9559036503522038 -370
      vertex -139.0996560873614 -3.23359405418498 -370
    endloop
  endfacet
  facet normal 0 0 -1
    outer loop
      vertex -145.67498300562502 -1.0626322411453422 -370
      vertex -145.5582207084349 -1.016402777316208 -370
      vertex -139.0996560873614 -3.23359405418498 -370
    endloop
  endfacet
  facet normal 0 0 -1
    outer loop
      vertex -145.79661868541424 -1.0938629755788771 -370
      vertex -145.67498300562502 -1.0626322411453422 -370
      vertex -139.0996560873614 -3.23359405418498 -370
    endloop
  endfacet
  facet normal -0.07373663755760922 -0.9971436729561319 -0.016352484987072313
    outer loop
      vertex -170.67049845894047 -0.8228344229831034 -370
      vertex -164.0053364366293 -1.315708869896955 -370
      vertex -182.59276351487637 -1.4105881574162846 -280.4
    endloop
  endfacet
  facet normal -0.15291603101080445 0.9876518805913671 -0.03406538161005416
    outer loop
      vertex -174.7726169931288 4.371056341172159 -280.4
      vertex -164.14350640614697 2.926319773394552 -370
      vertex -182.7408972906466 3.137344523250609 -280.4
    endloop
  endfacet
  facet normal -0.1542935530605164 0.9874280247913934 -0.03434232578799904
    outer loop
      vertex -166.02829382848648 5.7374270095224675 -280.4
      vertex -156.71119031151005 4.077049398623533 -370
      vertex -174.7726169931288 4.371056341172159 -280.4
    endloop
  endfacet
  facet normal -0.15177788840719056 0.9878347098518397 -0.033853487303174
    outer loop
      vertex -156.63173677802175 7.181180274308176 -280.4
      vertex -148.5550297139062 5.351514945823637 -370
      vertex -166.02829382848648 5.7374270095224675 -280.4
    endloop
  endfacet
  facet normal -0.9766444667046317 0 -0.21486178267720288
    outer loop
      vertex -179.60000000277896 0.7470856251345344 -370
      vertex -179.60000000277896 -0.2585984170436859 -370
      vertex -199.31200000297932 -0.27724664092063905 -280.4
    endloop
  endfacet
  facet normal -0.05591495189251443 -0.9983571711554792 -0.012509074997246853
    outer loop
      vertex -179.60000000277896 -0.2585984170436859 -370
      vertex -176.3375348730869 -0.4413191767559714 -370
      vertex -195.8142697822447 -0.4731438835868245 -280.4
    endloop
  endfacet
  facet normal -0.12420788457195046 0.9918632752135318 -0.0279221183445462
    outer loop
      vertex -176.36022055447103 1.1527929053716992 -370
      vertex -179.60000000277896 0.7470856251345344 -370
      vertex -195.83859138882158 1.2359238867168132 -280.4
    endloop
  endfacet
  facet normal -0.06716227443858831 -0.9976299994936028 -0.01495369528343793
    outer loop
      vertex -176.3375348730869 -0.4413191767559714 -370
      vertex -170.67049845894047 -0.8228344229831034 -370
      vertex -189.73856820696548 -0.8821712151756878 -280.4
    endloop
  endfacet
  facet normal -0.13855952676067054 0.9898675482720417 -0.03104020653533481
    outer loop
      vertex -170.7323656765594 1.9405679061002403 -370
      vertex -176.36022055447103 1.1527929053716992 -370
      vertex -189.80489683520705 2.080507450878173 -280.4
    endloop
  endfacet
  facet normal 0 0 -1
    outer loop
      vertex -179.60000000277896 0.7470856251345344 -370
      vertex -176.3375348730869 -0.4413191767559714 -370
      vertex -179.60000000277896 -0.2585984170436859 -370
    endloop
  endfacet
  facet normal 0 0 -1
    outer loop
      vertex -176.36022055447103 1.1527929053716992 -370
      vertex -176.3375348730869 -0.4413191767559714 -370
      vertex -179.60000000277896 0.7470856251345344 -370
    endloop
  endfacet
  facet normal 0 0 -1
    outer loop
      vertex -119.91248485394608 9.530706463313338 -370
      vertex -119.75078472238907 9.203392584512432 -370
      vertex -120.01046582940255 9.060631687845204 -370
    endloop
  endfacet
  facet normal -0.07730992681519967 -0.9968605663928518 -0.017093460350419736
    outer loop
      vertex -164.0053364366293 -1.315708869896955 -370
      vertex -156.4534109803067 -1.9013863698654507 -370
      vertex -174.49624850452034 -2.0385004292134945 -280.4
    endloop
  endfacet
  facet normal -0.07742054309567582 -0.9968515995789553 -0.017115721534570555
    outer loop
      vertex -156.4534109803067 -1.9013863698654507 -370
      vertex -148.11577233055965 -2.5489296076669032 -370
      vertex -165.5573604197493 -2.7327397427549953 -280.4
    endloop
  endfacet
  facet normal 0 0 -1
    outer loop
      vertex -176.36022055447103 1.1527929053716992 -370
      vertex -170.67049845894047 -0.8228344229831034 -370
      vertex -176.3375348730869 -0.4413191767559714 -370
    endloop
  endfacet
  facet normal 0 0 -1
    outer loop
      vertex -148.5550297139062 5.351514945823637 -370
      vertex -146.51982679497897 0.7327522006518264 -370
      vertex -146.62142398974868 0.6589375179256008 -370
    endloop
  endfacet
  facet normal 0 0 -1
    outer loop
      vertex -170.67049845894047 -0.8228344229831034 -370
      vertex -170.7323656765594 1.9405679061002403 -370
      vertex -164.0053364366293 -1.315708869896955 -370
    endloop
  endfacet
  facet normal 0 0 -1
    outer loop
      vertex -164.14350640614697 2.926319773394552 -370
      vertex -164.0053364366293 -1.315708869896955 -370
      vertex -170.7323656765594 1.9405679061002403 -370
    endloop
  endfacet
  facet normal 0 0 -1
    outer loop
      vertex -164.14350640614697 2.926319773394552 -370
      vertex -156.4534109803067 -1.9013863698654507 -370
      vertex -164.0053364366293 -1.315708869896955 -370
    endloop
  endfacet
  facet normal 0 0 -1
    outer loop
      vertex -164.14350640614697 2.926319773394552 -370
      vertex -156.71119031151005 4.077049398623533 -370
      vertex -156.4534109803067 -1.9013863698654507 -370
    endloop
  endfacet
  facet normal -0.14788144434874287 0.9884536442153963 -0.03302229026933939
    outer loop
      vertex -182.7408972906466 3.137344523250609 -280.4
      vertex -164.14350640614697 2.926319773394552 -370
      vertex -170.7323656765594 1.9405679061002403 -370
    endloop
  endfacet
  facet normal -0.06716227443858842 -0.9976299994936028 -0.01495369528343795
    outer loop
      vertex -189.73856820696548 -0.8821712151756878 -280.4
      vertex -195.8142697822447 -0.4731438835868245 -280.4
      vertex -176.3375348730869 -0.4413191767559714 -370
    endloop
  endfacet
  facet normal 0 0 -1
    outer loop
      vertex -148.5550297139062 5.351514945823637 -370
      vertex -146.95258316112862 -0.36026561201504337 -370
      vertex -148.11577233055965 -2.5489296076669032 -370
    endloop
  endfacet
  facet normal 0 0 -1
    outer loop
      vertex -145.05422351411173 0.25654882783448946 -370
      vertex -145.10769331995613 0.3701779492515268 -370
      vertex -139.0996560873614 -3.23359405418498 -370
    endloop
  endfacet
  facet normal 0 0 -1
    outer loop
      vertex -145.10769331995613 0.3701779492515268 -370
      vertex -145.17498300562502 0.4762095274422846 -370
      vertex -139.0996560873614 -3.23359405418498 -370
    endloop
  endfacet
  facet normal 0 0 -1
    outer loop
      vertex -145.01541683887135 0.13711416231466628 -370
      vertex -145.05422351411173 0.25654882783448946 -370
      vertex -139.0996560873614 -3.23359405418498 -370
    endloop
  endfacet
  facet normal 0 0 -1
    outer loop
      vertex -144.9918852986855 0.01375750871411574 -370
      vertex -145.01541683887135 0.13711416231466628 -370
      vertex -139.0996560873614 -3.23359405418498 -370
    endloop
  endfacet
  facet normal 0 0 -1
    outer loop
      vertex -144.98399999999998 -0.11157572485018852 -370
      vertex -144.9918852986855 0.01375750871411574 -370
      vertex -139.0996560873614 -3.23359405418498 -370
    endloop
  endfacet
  facet normal 0 0 -1
    outer loop
      vertex -144.9918852986855 -0.23690895841449258 -370
      vertex -144.98399999999998 -0.11157572485018852 -370
      vertex -139.0996560873614 -3.23359405418498 -370
    endloop
  endfacet
  facet normal -0.055914951892514934 -0.9983571711554792 -0.012509074997246945
    outer loop
      vertex -195.8142697822447 -0.4731438835868245 -280.4
      vertex -199.31200000297932 -0.27724664092063905 -280.4
      vertex -179.60000000277896 -0.2585984170436859 -370
    endloop
  endfacet
  facet normal -0.9766444667046318 0 -0.2148617826772029
    outer loop
      vertex -199.31200000297932 0.8009599688062078 -280.4
      vertex -179.60000000277896 0.7470856251345344 -370
      vertex -199.31200000297932 -0.27724664092063905 -280.4
    endloop
  endfacet
  facet normal -0.12420788457195066 0.9918632752135318 -0.027922118344546235
    outer loop
      vertex -195.83859138882158 1.2359238867168132 -280.4
      vertex -179.60000000277896 0.7470856251345344 -370
      vertex -199.31200000297932 0.8009599688062078 -280.4
    endloop
  endfacet
  facet normal 0 0 -1
    outer loop
      vertex -170.7323656765594 1.9405679061002403 -370
      vertex -170.67049845894047 -0.8228344229831034 -370
      vertex -176.36022055447103 1.1527929053716992 -370
    endloop
  endfacet
  facet normal -0.1385595267606709 0.9898675482720417 -0.03104020653533486
    outer loop
      vertex -189.80489683520705 2.080507450878173 -280.4
      vertex -176.36022055447103 1.1527929053716992 -370
      vertex -195.83859138882158 1.2359238867168132 -280.4
    endloop
  endfacet
  facet normal -0.07373663755760902 -0.9971436729561319 -0.016352484987072292
    outer loop
      vertex -189.73856820696548 -0.8821712151756878 -280.4
      vertex -170.67049845894047 -0.8228344229831034 -370
      vertex -182.59276351487637 -1.4105881574162846 -280.4
    endloop
  endfacet
  facet normal -0.14788144434874323 0.9884536442153962 -0.03302229026933944
    outer loop
      vertex -182.7408972906466 3.137344523250609 -280.4
      vertex -170.7323656765594 1.9405679061002403 -370
      vertex -189.80489683520705 2.080507450878173 -280.4
    endloop
  endfacet
  facet normal 0 0 -1
    outer loop
      vertex -145.01541683887135 -0.3602656120150429 -370
      vertex -144.9918852986855 -0.23690895841449258 -370
      vertex -139.0996560873614 -3.23359405418498 -370
    endloop
  endfacet
  facet normal 0 0 -1
    outer loop
      vertex -145.05422351411173 -0.4797002775348669 -370
      vertex -145.01541683887135 -0.3602656120150429 -370
      vertex -139.0996560873614 -3.23359405418498 -370
    endloop
  endfacet
  facet normal -0.07730992681519949 -0.9968605663928516 -0.017093460350419715
    outer loop
      vertex -174.49624850452034 -2.0385004292134945 -280.4
      vertex -182.59276351487637 -1.4105881574162846 -280.4
      vertex -164.0053364366293 -1.315708869896955 -370
    endloop
  endfacet
  facet normal -0.07742054309567602 -0.9968515995789552 -0.01711572153457057
    outer loop
      vertex -165.5573604197493 -2.7327397427549953 -280.4
      vertex -174.49624850452034 -2.0385004292134945 -280.4
      vertex -156.4534109803067 -1.9013863698654507 -370
    endloop
  endfacet
  facet normal -0.07570917389385841 -0.9969886942063012 -0.016782866653938272
    outer loop
      vertex -155.891067906619 -3.466777174712122 -280.4
      vertex -165.5573604197493 -2.7327397427549953 -280.4
      vertex -148.11577233055965 -2.5489296076669032 -370
    endloop
  endfacet
  facet normal 0 0 -1
    outer loop
      vertex -119.91248485394608 9.530706463313338 -370
      vertex -119.7364223239693 9.225757216084418 -370
      vertex -119.75078472238907 9.203392584512432 -370
    endloop
  endfacet
  facet normal -0.13756443619604045 0.989999458583224 -0.03125856521001814
    outer loop
      vertex -136.33738747274876 10.088584287762641 -280.4
      vertex -130.195811715208 8.176070205516748 -368
      vertex -130.52279723445704 8.067485591567928 -370
    endloop
  endfacet
  facet normal 0 0 -1
    outer loop
      vertex -148.5550297139062 5.351514945823637 -370
      vertex -146.95258316112862 0.13711416231466633 -370
      vertex -146.97611470131446 0.013757508714115546 -370
    endloop
  endfacet
  facet normal 0 0 -1
    outer loop
      vertex -148.5550297139062 5.351514945823637 -370
      vertex -146.91377648588823 0.25654882783448935 -370
      vertex -146.95258316112862 0.13711416231466633 -370
    endloop
  endfacet
  facet normal 0 0 -1
    outer loop
      vertex -148.5550297139062 5.351514945823637 -370
      vertex -146.86030668004383 0.37017794925152686 -370
      vertex -146.91377648588823 0.25654882783448935 -370
    endloop
  endfacet
  facet normal 0 0 -1
    outer loop
      vertex -145.17498300562502 0.4762095274422846 -370
      vertex -139.79050592800243 6.698158164423023 -370
      vertex -139.0996560873614 -3.23359405418498 -370
    endloop
  endfacet
  facet normal 0 0 -1
    outer loop
      vertex -139.0996560873614 -3.23359405418498 -370
      vertex -130.52279723445704 8.067485591567928 -370
      vertex -129.52054803947345 -3.930630768734899 -370
    endloop
  endfacet
  facet normal -0.12615607232634474 0.9915776092562468 -0.02930000404191244
    outer loop
      vertex -121.20665018379688 9.425150623917581 -368
      vertex -135.44890019498962 10.201624421210282 -280.4
      vertex -120.25804240215 9.545839746779624 -368
    endloop
  endfacet
  facet normal -0.15177788840719067 0.9878347098518395 -0.033853487303174
    outer loop
      vertex -139.79050592800243 6.698158164423023 -370
      vertex -148.5550297139062 5.351514945823637 -370
      vertex -156.63173677802175 7.181180274308176 -280.4
    endloop
  endfacet
  facet normal -0.14608709599534986 0.9887282053451714 -0.03278866173789512
    outer loop
      vertex -130.52279723445704 8.067485591567928 -370
      vertex -139.79050592800243 6.698158164423023 -370
      vertex -146.69570880967422 8.649253566621839 -280.4
    endloop
  endfacet
  facet normal -0.15429355306051631 0.9874280247913934 -0.03434232578799903
    outer loop
      vertex -148.5550297139062 5.351514945823637 -370
      vertex -156.71119031151005 4.077049398623533 -370
      vertex -166.02829382848648 5.7374270095224675 -280.4
    endloop
  endfacet
  facet normal 0 0 -1
    outer loop
      vertex -156.71119031151005 4.077049398623533 -370
      vertex -148.5550297139062 5.351514945823637 -370
      vertex -156.4534109803067 -1.9013863698654507 -370
    endloop
  endfacet
  facet normal 0 0 -1
    outer loop
      vertex -148.5550297139062 5.351514945823637 -370
      vertex -146.79301699437494 0.4762095274422846 -370
      vertex -146.86030668004383 0.37017794925152686 -370
    endloop
  endfacet
  facet normal -0.12615607232634674 0.9915776092562465 -0.02930000404191279
    outer loop
      vertex -131.20650174979085 10.741374734341216 -280.4
      vertex -117.63387086993727 9.832428677887764 -369.6
      vertex -133.13448914312102 10.4960814615134 -280.4
    endloop
  endfacet
  facet normal 0 0 -1
    outer loop
      vertex -148.5550297139062 5.351514945823637 -370
      vertex -146.7129686274214 0.5729713810785 -370
      vertex -146.79301699437494 0.4762095274422846 -370
    endloop
  endfacet
  facet normal 0 0 -1
    outer loop
      vertex -148.5550297139062 5.351514945823637 -370
      vertex -146.62142398974868 0.6589375179256008 -370
      vertex -146.7129686274214 0.5729713810785 -370
    endloop
  endfacet
  facet normal -0.0725649463068311 -0.9972322069306753 -0.016194259095787724
    outer loop
      vertex -145.62118474316506 -4.2140790720577535 -280.4
      vertex -155.891067906619 -3.466777174712122 -280.4
      vertex -139.0996560873614 -3.23359405418498 -370
    endloop
  endfacet
  facet normal -0.06668835705724344 -0.9976589873324927 -0.01513961781918456
    outer loop
      vertex -145.62118474316506 -4.2140790720577535 -280.4
      vertex -129.52054803947345 -3.930630768734899 -370
      vertex -135.61228253277838 -4.883122555685339 -280.4
    endloop
  endfacet
  facet normal -0.1261560723263437 0.9915776092562469 -0.029300004041912277
    outer loop
      vertex -136.33738747274876 10.088584287762641 -280.4
      vertex -135.44890019498962 10.201624421210282 -280.4
      vertex -121.20665018379688 9.425150623917581 -368
    endloop
  endfacet
  facet normal -0.15291603101080478 0.987651880591367 -0.0340653816100542
    outer loop
      vertex -156.71119031151005 4.077049398623533 -370
      vertex -164.14350640614697 2.926319773394552 -370
      vertex -174.7726169931288 4.371056341172159 -280.4
    endloop
  endfacet
  facet normal -0.12615607232634643 0.9915776092562465 -0.02930000404191275
    outer loop
      vertex -131.20650174979085 10.741374734341216 -280.4
      vertex -116.19196849247106 10.015878504629615 -369.6
      vertex -117.63387086993727 9.832428677887764 -369.6
    endloop
  endfacet
  facet normal 0 0 -1
    outer loop
      vertex -148.5550297139062 5.351514945823637 -370
      vertex -146.97611470131446 0.013757508714115546 -370
      vertex -146.98399999999998 -0.11157572485018852 -370
    endloop
  endfacet
  facet normal 0 0 -1
    outer loop
      vertex -148.5550297139062 5.351514945823637 -370
      vertex -146.98399999999998 -0.11157572485018852 -370
      vertex -146.97611470131446 -0.23690895841449258 -370
    endloop
  endfacet
  facet normal 0 0 -1
    outer loop
      vertex -148.5550297139062 5.351514945823637 -370
      vertex -146.97611470131446 -0.23690895841449258 -370
      vertex -146.95258316112862 -0.36026561201504337 -370
    endloop
  endfacet
  facet normal 0 0 -1
    outer loop
      vertex -145.17498300562502 -0.6993609771426617 -370
      vertex -145.10769331995613 -0.593329398951904 -370
      vertex -139.0996560873614 -3.23359405418498 -370
    endloop
  endfacet
  facet normal 0 0 -1
    outer loop
      vertex -145.10769331995613 -0.593329398951904 -370
      vertex -145.05422351411173 -0.4797002775348669 -370
      vertex -139.0996560873614 -3.23359405418498 -370
    endloop
  endfacet
  facet normal 0 0 -1
    outer loop
      vertex -120.86119956076145 9.410003736615183 -370
      vertex -119.91248485394608 9.530706463313338 -370
      vertex -120.01046582940255 9.060631687845204 -370
    endloop
  endfacet
  facet normal -0.894573464864688 -0.42095431948586814 -0.1501192088514209
    outer loop
      vertex -130.21792701004273 3.2775949071909034 -280.4
      vertex -115.16096701004271 3.0901079416724833 -369.6
      vertex -130.16487882958805 3.164861785335613 -280.4
    endloop
  endfacet
  facet normal -0.764207954857569 -0.6322078019426632 -0.1276694830225215
    outer loop
      vertex -130.36410325811252 3.478789252236459 -280.4
      vertex -115.30714325811252 3.291302286718039 -369.6
      vertex -130.2846860964417 3.38279039471753 -280.4
    endloop
  endfacet
  facet normal -0.6801403296236705 -0.7242758872919537 -0.11328535256977454
    outer loop
      vertex -130.45492603897412 3.5640775204176793 -280.4
      vertex -115.39796603897412 3.376590554899259 -369.6
      vertex -130.36410325811252 3.478789252236459 -280.4
    endloop
  endfacet
  facet normal -0.5850101978642848 -0.8051974596317921 -0.09705729955700819
    outer loop
      vertex -130.55572210951746 3.637310152323232 -280.4
      vertex -115.49876210951743 3.4498231868048115 -369.6
      vertex -130.45492603897412 3.5640775204176793 -280.4
    endloop
  endfacet
  facet normal 0.8357491239121473 -0.5303825219403073 0.14218924818817205
    outer loop
      vertex -116.94793734804824 3.1415047663620754 -369.375780039287
      vertex -116.87531390355828 3.1958302979802666 -369.6
      vertex -116.91316223292665 3.1963015795950955 -369.37578003928695
    endloop
  endfacet
  facet normal 0.48009638471753174 -0.8732920818451723 0.08287581774969609
    outer loop
      vertex -131.6612378904825 3.6378370211043882 -280.4
      vertex -116.87435789048253 3.45371305048316 -368
      vertex -131.5520581445026 3.6978590943820686 -280.4
    endloop
  endfacet
  facet normal -0.8943345178409028 0.4208418795511473 -0.15184822229495368
    outer loop
      vertex -130.16487882958808 2.434418224069042 -280.4
      vertex -115.10791882958807 2.2469312585506223 -369.6
      vertex -130.21792701004273 2.3216851022137517 -280.4
    endloop
  endfacet
  facet normal -0.8357491239121247 0.5303825219403502 -0.14218924818814468
    outer loop
      vertex -130.21792701004273 2.3216851022137517 -280.4
      vertex -115.16096701004273 2.134198136695332 -369.6
      vertex -130.2846860964417 2.2164896146871254 -280.4
    endloop
  endfacet
  facet normal -0.7639460953429121 0.6319911729124016 -0.1302824653248675
    outer loop
      vertex -130.2846860964417 2.2164896146871254 -280.4
      vertex -115.2277260964417 2.0290026491687057 -369.6
      vertex -130.36410325811252 2.1204907571681963 -280.4
    endloop
  endfacet
  facet normal -0.9389372208528105 0.30507919658118715 -0.15913384024329313
    outer loop
      vertex -130.12637815657297 2.5529111115778362 -280.4
      vertex -115.06941815657295 2.3654241460594165 -369.6
      vertex -130.16487882958808 2.434418224069042 -280.4
    endloop
  endfacet
  facet normal -0.2484917387814917 -0.9678114241285134 -0.039911189955823496
    outer loop
      vertex -130.92109868541428 3.782190689821595 -280.4
      vertex -115.86413868541426 3.5947037243031748 -369.6
      vertex -130.79946300562503 3.7509599553880593 -280.4
    endloop
  endfacet
  facet normal -0.9841799545153905 -0.061919354356144186 -0.1659994297767372
    outer loop
      vertex -130.10303216961 2.923984948284755 -280.4
      vertex -115.04607216961 2.7364979827663354 -369.6
      vertex -130.09520904885983 2.7996400047023275 -280.4
    endloop
  endfacet
  facet normal -0.96911796863351 -0.18486913967051544 -0.16319854187198685
    outer loop
      vertex -130.126378156573 3.046368897826819 -280.4
      vertex -115.06941815657295 2.858881932308399 -369.6
      vertex -130.10303216961 2.923984948284755 -280.4
    endloop
  endfacet
  facet normal -0.9391281300306857 -0.30514122673281996 -0.15788346060641367
    outer loop
      vertex -130.16487882958805 3.164861785335613 -280.4
      vertex -115.10791882958807 2.977374819817193 -369.6
      vertex -130.126378156573 3.046368897826819 -280.4
    endloop
  endfacet
  facet normal -0.8360121232712985 -0.5305494264089213 -0.14000369952461963
    outer loop
      vertex -130.2846860964417 3.38279039471753 -280.4
      vertex -115.22772609644169 3.19530342919911 -369.6
      vertex -130.21792701004273 3.2775949071909034 -280.4
    endloop
  endfacet
  facet normal -0.1253104478553583 -0.9919343338559861 -0.01906748478354289
    outer loop
      vertex -131.0456894804707 3.797930167521178 -280.4
      vertex -115.98872948047067 3.6104432020027573 -369.6
      vertex -130.92109868541428 3.782190689821595 -280.4
    endloop
  endfacet
  facet normal -0.4802392803379423 -0.873552008013765 -0.07922829618018114
    outer loop
      vertex -130.66490185549736 3.6973322256009125 -280.4
      vertex -115.60794185549736 3.509845260082492 -369.6
      vertex -130.55572210951746 3.637310152323232 -280.4
    endloop
  endfacet
  facet normal 0.1252993966742636 -0.9918468547497068 0.023235273103189787
    outer loop
      vertex -131.2958613145857 3.782190689821595 -280.4
      vertex -116.50898131458571 3.598066719200366 -368
      vertex -131.1712705195293 3.797930167521178 -280.4
    endloop
  endfacet
  facet normal 0.24844934402306468 -0.9676463074458309 0.043972117767484734
    outer loop
      vertex -131.41749699437491 3.7509599553880597 -280.4
      vertex -116.63061699437495 3.566835984766831 -368
      vertex -131.2958613145857 3.782190689821595 -280.4
    endloop
  endfacet
  facet normal 0 -0.9999977910747646 0.002101867167866935
    outer loop
      vertex -131.1712705195293 3.797930167521178 -280.4
      vertex -116.1143105195293 3.6104432020027577 -369.6
      vertex -131.0456894804707 3.797930167521178 -280.4
    endloop
  endfacet
  facet normal -0.3674596384280695 -0.9280971041778212 -0.06007644582575305
    outer loop
      vertex -130.79946300562503 3.7509599553880593 -280.4
      vertex -115.74250300562503 3.5634729898696396 -369.6
      vertex -130.6827007084349 3.704730491558925 -280.4
    endloop
  endfacet
  facet normal 0.35983620358211305 -0.9309065437036244 0.06269699738730901
    outer loop
      vertex -131.43621655290104 3.7437240250808386 -280.4
      vertex -116.64933655290105 3.55960005445961 -368
      vertex -131.41749699437491 3.7509599553880597 -280.4
    endloop
  endfacet
  facet normal -0.3830671594544726 -0.921588393148936 -0.06272467585124578
    outer loop
      vertex -130.6827007084349 3.704730491558925 -280.4
      vertex -115.6257407084349 3.5172435260405055 -369.6
      vertex -130.66490185549736 3.6973322256009125 -280.4
    endloop
  endfacet
  facet normal 0.3673707462074825 -0.9278725880571518 0.063962451196623
    outer loop
      vertex -131.5520581445026 3.6978590943820686 -280.4
      vertex -116.76517814450261 3.51373512376084 -368
      vertex -131.43621655290104 3.7437240250808386 -280.4
    endloop
  endfacet
  facet normal -0.9841373989911926 0.06191667698949968 -0.16625253386769218
    outer loop
      vertex -130.09520904885983 2.7996400047023275 -280.4
      vertex -115.03824904885985 2.6121530391839074 -369.6
      vertex -130.10303216961 2.6752950611199005 -280.4
    endloop
  endfacet
  facet normal 0.4802392803379435 0.8735520080137641 0.07922829618018322
    outer loop
      vertex -116.69812308597056 1.7761783063807133 -369.04404505042623
      vertex -116.4950981445026 1.7149876870664795 -369.6
      vertex -116.6042778904825 1.7750097603441601 -369.6
    endloop
  endfacet
  facet normal -0.9689947876783973 0.1848456416463829 -0.16395484200362892
    outer loop
      vertex -130.10303216961 2.6752950611199005 -280.4
      vertex -115.04607216961 2.4878080956014808 -369.6
      vertex -130.12637815657297 2.5529111115778362 -280.4
    endloop
  endfacet
  facet normal -0.367370746207481 0.9278725880571524 -0.06396245119662264
    outer loop
      vertex -115.60794185549736 1.7144608182853232 -369.6
      vertex -115.72378344709892 1.6685958875865534 -369.6
      vertex -130.7807434470989 1.8560828531049736 -280.4
    endloop
  endfacet
  facet normal 0.9389372208527762 -0.3050791965813063 0.15913384024326685
    outer loop
      vertex -117.019202195008 2.9782015418375227 -369.4573399016818
      vertex -117.04944147724149 2.885134600731529 -369.45733990168185
      vertex -116.99512117041189 2.9779016885983496 -369.6
    endloop
  endfacet
  facet normal 0.3830671594547561 0.9215883931488149 0.06272467585129392
    outer loop
      vertex -131.5520581445026 1.9024746525848995 -280.4
      vertex -116.74737929156507 1.7109524160056577 -368
      vertex -116.7651781445026 1.718350681963671 -368
    endloop
  endfacet
  facet normal 0.48023928033789587 0.8735520080137911 0.0792282961801734
    outer loop
      vertex -116.7651781445026 1.718350681963671 -368
      vertex -116.87435789048251 1.7783727552413515 -368
      vertex -131.66123789048254 1.96249672586258 -280.4
    endloop
  endfacet
  facet normal 0.12531044785538561 0.9919343338559826 0.01906748478354719
    outer loop
      vertex -131.29586131458572 1.8176161883642172 -280.4
      vertex -116.47614645732847 1.6293442106343146 -368
      vertex -116.50898131458571 1.6334922177429887 -368
    endloop
  endfacet
  facet normal 0.36745963842806806 0.928097104177822 0.06007644582575277
    outer loop
      vertex -116.63061699437495 1.6647229521765239 -368
      vertex -116.74737929156507 1.7109524160056577 -368
      vertex -131.53425929156506 1.8950763866268863 -280.4
    endloop
  endfacet
  facet normal 0.24849173878151726 0.9678114241285065 0.039911189955827805
    outer loop
      vertex -131.41749699437494 1.8488469227977522 -280.4
      vertex -116.50898131458571 1.6334922177429887 -368
      vertex -116.63061699437495 1.6647229521765239 -368
    endloop
  endfacet
  facet normal 0.5850101978642771 0.8051974596317979 0.09705729955700666
    outer loop
      vertex -131.76203396102585 2.035729357768132 -280.4
      vertex -116.87435789048251 1.7783727552413515 -368
      vertex -116.97515396102585 1.8516053871469036 -368
    endloop
  endfacet
  facet normal 0.6801403296236742 0.72427588729195 0.11328535256977516
    outer loop
      vertex -116.97515396102585 1.8516053871469036 -368
      vertex -117.06597674188745 1.9368936553281246 -368
      vertex -131.85285674188745 2.121017625949353 -280.4
    endloop
  endfacet
  facet normal 0.12531044785536644 0.9919343338559852 0.01906748478354422
    outer loop
      vertex -116.11431051952928 1.6143897451462141 -369.6
      vertex -116.47614645732847 1.6293442106343146 -368
      vertex -131.29586131458572 1.8176161883642172 -280.4
    endloop
  endfacet
  facet normal -1.7681340758893052e-15 0.9999977910747646 -0.0021018671678672313
    outer loop
      vertex -115.98872948047068 1.6143897451462144 -369.6
      vertex -116.11431051952928 1.6143897451462141 -369.6
      vertex -131.1712705195293 1.801876710664634 -280.4
    endloop
  endfacet
  facet normal -0.12529939667424952 0.9918468547497086 -0.02323527310318744
    outer loop
      vertex -115.86413868541426 1.6301292228457973 -369.6
      vertex -115.98872948047068 1.6143897451462144 -369.6
      vertex -131.04568948047068 1.8018767106646343 -280.4
    endloop
  endfacet
  facet normal -0.248449344023063 0.9676463074458312 -0.0439721177674845
    outer loop
      vertex -115.74250300562504 1.6613599572793323 -369.6
      vertex -115.86413868541426 1.6301292228457973 -369.6
      vertex -130.92109868541425 1.8176161883642172 -280.4
    endloop
  endfacet
  facet normal -0.35983620358234986 0.9309065437035301 -0.06269699738734873
    outer loop
      vertex -115.72378344709892 1.6685958875865534 -369.6
      vertex -115.74250300562504 1.6613599572793323 -369.6
      vertex -130.79946300562503 1.8488469227977522 -280.4
    endloop
  endfacet
  facet normal 0.8357491239121236 -0.5303825219403495 0.14218924818815412
    outer loop
      vertex -116.87531390355828 3.1958302979802666 -369.6
      vertex -116.94793734804824 3.1415047663620754 -369.375780039287
      vertex -116.94207298995725 3.0906348104536403 -369.6
    endloop
  endfacet
  facet normal -0.4800963847174323 0.8732920818452283 -0.08287581774967953
    outer loop
      vertex -115.49876210951743 1.7744828915630029 -369.6
      vertex -115.60794185549736 1.7144608182853232 -369.6
      vertex -130.66490185549736 1.9019477838037433 -280.4
    endloop
  endfacet
  facet normal -0.584814754804275 0.8049284553372836 -0.10040858704090123
    outer loop
      vertex -115.39796603897412 1.8477155234685558 -369.6
      vertex -115.49876210951743 1.7744828915630029 -369.6
      vertex -130.55572210951743 1.9619698570814228 -280.4
    endloop
  endfacet
  facet normal -0.6799027101081581 0.7240228482087807 -0.1162893806812421
    outer loop
      vertex -115.30714325811252 1.9330037916497762 -369.6
      vertex -115.39796603897412 1.8477155234685558 -369.6
      vertex -130.45492603897412 2.0352024889869758 -280.4
    endloop
  endfacet
  facet normal -0.7639460953429134 0.6319911729123998 -0.13028246532486773
    outer loop
      vertex -115.2277260964417 2.0290026491687057 -369.6
      vertex -115.30714325811252 1.9330037916497762 -369.6
      vertex -130.36410325811252 2.1204907571681963 -280.4
    endloop
  endfacet
  facet normal 0.9389372208527793 -0.3050791965812908 0.1591338402432781
    outer loop
      vertex -116.99512117041189 2.9779016885983496 -369.6
      vertex -117.04944147724149 2.885134600731529 -369.45733990168185
      vertex -117.03362184342701 2.8594088010895558 -369.6
    endloop
  endfacet
  facet normal 0.9389372208528379 -0.3050791965811231 0.15913384024325436
    outer loop
      vertex -117.03362184342701 2.8594088010895558 -369.6
      vertex -117.04944147724149 2.885134600731529 -369.45733990168185
      vertex -117.05429981923815 2.859666280085176 -369.4775001432989
    endloop
  endfacet
  facet normal 0.9689947876784342 -0.1848456416462236 0.16395484200359015
    outer loop
      vertex -117.07532617144592 2.749442281770923 -369.47750014329887
      vertex -117.03362184342701 2.8594088010895558 -369.6
      vertex -117.05429981923815 2.859666280085176 -369.4775001432989
    endloop
  endfacet
  facet normal 0.9689947876784363 -0.1848456416461653 0.1639548420036432
    outer loop
      vertex -117.03362184342701 2.8594088010895558 -369.6
      vertex -117.07532617144592 2.749442281770923 -369.47750014329887
      vertex -117.05696783038995 2.7370248515474915 -369.6
    endloop
  endfacet
  facet normal 0.8943345178409675 -0.42084187955101277 0.15184822229494468
    outer loop
      vertex -116.99512117041189 2.9779016885983496 -369.6
      vertex -117.00675413447708 3.016512732803334 -369.42447666939967
      vertex -117.019202195008 2.9782015418375227 -369.4573399016818
    endloop
  endfacet
  facet normal 0.894334517840947 -0.4208418795510537 0.15184822229495232
    outer loop
      vertex -116.94207298995725 3.0906348104536403 -369.6
      vertex -117.00675413447708 3.016512732803334 -369.42447666939967
      vertex -116.99512117041189 2.9779016885983496 -369.6
    endloop
  endfacet
  facet normal 0.8357491239120783 -0.530382521940417 0.14218924818816828
    outer loop
      vertex -116.94207298995725 3.0906348104536403 -369.6
      vertex -116.94793734804824 3.1415047663620754 -369.375780039287
      vertex -116.97170132816258 3.091003737994357 -369.4244766693998
    endloop
  endfacet
  facet normal 0.8943345178409786 -0.42084187955096947 0.15184822229499967
    outer loop
      vertex -117.00675413447708 3.016512732803334 -369.42447666939967
      vertex -116.94207298995725 3.0906348104536403 -369.6
      vertex -116.97170132816258 3.091003737994357 -369.4244766693998
    endloop
  endfacet
  facet normal -0.8945734648648154 -0.4209543194855897 -0.15011920885144256
    outer loop
      vertex -115.16096701004271 3.0901079416724833 -369.6
      vertex -115.10791882958807 2.977374819817193 -369.6
      vertex -130.16487882958805 3.164861785335613 -280.4
    endloop
  endfacet
  facet normal -0.9841373989912063 0.06191667698927583 -0.16625253386769434
    outer loop
      vertex -115.03824904885985 2.6121530391839074 -369.6
      vertex -115.04607216961 2.4878080956014808 -369.6
      vertex -130.10303216961 2.6752950611199005 -280.4
    endloop
  endfacet
  facet normal -0.9841799545154047 -0.0619193543559128 -0.16599942977673976
    outer loop
      vertex -130.09520904885983 2.7996400047023275 -280.4
      vertex -115.04607216961 2.7364979827663354 -369.6
      vertex -115.03824904885985 2.6121530391839074 -369.6
    endloop
  endfacet
  facet normal -0.9691179686335717 -0.18486913967018298 -0.16319854187199748
    outer loop
      vertex -130.10303216961 2.923984948284755 -280.4
      vertex -115.06941815657295 2.858881932308399 -369.6
      vertex -115.04607216961 2.7364979827663354 -369.6
    endloop
  endfacet
  facet normal 0.9389372208527779 -0.3050791965812903 0.15913384024328778
    outer loop
      vertex -117.303701843427 2.862771795986747 -368
      vertex -117.26520117041188 2.981264683495541 -368
      vertex -132.0520811704119 3.1653886541167693 -280.4
    endloop
  endfacet
  facet normal 0.8943345178409883 -0.4208418795509605 0.15184822229496725
    outer loop
      vertex -117.26520117041188 2.981264683495541 -368
      vertex -117.21215298995726 3.0939978053508317 -368
      vertex -131.99903298995721 3.27812177597206 -280.4
    endloop
  endfacet
  facet normal 0.8357491239121249 -0.5303825219403502 0.14218924818814452
    outer loop
      vertex -117.21215298995726 3.0939978053508317 -368
      vertex -117.14539390355829 3.199193292877458 -368
      vertex -131.93227390355827 3.3833172634986863 -280.4
    endloop
  endfacet
  facet normal 0.7639460953429106 -0.6319911729124034 0.13028246532486712
    outer loop
      vertex -117.14539390355829 3.199193292877458 -368
      vertex -117.06597674188747 3.2951921503963866 -368
      vertex -131.85285674188745 3.479316121017615 -280.4
    endloop
  endfacet
  facet normal 0.679902710108042 -0.7240228482088927 0.11628938068122281
    outer loop
      vertex -131.76203396102585 3.5646043891988364 -280.4
      vertex -117.06597674188747 3.2951921503963866 -368
      vertex -116.97515396102584 3.380480418577608 -368
    endloop
  endfacet
  facet normal 0.5848147548042655 -0.8049284553372908 0.10040858704089953
    outer loop
      vertex -131.6612378904825 3.6378370211043882 -280.4
      vertex -116.97515396102584 3.380480418577608 -368
      vertex -116.87435789048253 3.45371305048316 -368
    endloop
  endfacet
  facet normal 0.48009638471748506 -0.8732920818451986 0.0828758177496884
    outer loop
      vertex -131.5520581445026 3.6978590943820686 -280.4
      vertex -116.87435789048253 3.45371305048316 -368
      vertex -116.76517814450261 3.51373512376084 -368
    endloop
  endfacet
  facet normal 0.36737074620748533 -0.9278725880571508 0.06396245119662351
    outer loop
      vertex -131.43621655290104 3.7437240250808386 -280.4
      vertex -116.76517814450261 3.51373512376084 -368
      vertex -116.64933655290105 3.55960005445961 -368
    endloop
  endfacet
  facet normal 0.35983620358258445 -0.9309065437034367 0.0626969973873879
    outer loop
      vertex -131.41749699437491 3.7509599553880597 -280.4
      vertex -116.64933655290105 3.55960005445961 -368
      vertex -116.63061699437495 3.566835984766831 -368
    endloop
  endfacet
  facet normal 0.2484493440230342 -0.9676463074458389 0.04397211776747964
    outer loop
      vertex -131.2958613145857 3.782190689821595 -280.4
      vertex -116.63061699437495 3.566835984766831 -368
      vertex -116.50898131458571 3.598066719200366 -368
    endloop
  endfacet
  facet normal 0.12529939667427623 -0.9918468547497051 0.023235273103191897
    outer loop
      vertex -116.45629056358696 3.604723109023898 -368
      vertex -131.1712705195293 3.797930167521178 -280.4
      vertex -116.50898131458571 3.598066719200366 -368
    endloop
  endfacet
  facet normal -0.9391281300305242 -0.3051412267333317 -0.15788346060638606
    outer loop
      vertex -115.10791882958807 2.977374819817193 -369.6
      vertex -115.06941815657295 2.858881932308399 -369.6
      vertex -130.126378156573 3.046368897826819 -280.4
    endloop
  endfacet
  facet normal -0.9689947876784173 0.1848456416462742 -0.16395484200363225
    outer loop
      vertex -115.04607216961 2.4878080956014808 -369.6
      vertex -115.06941815657295 2.3654241460594165 -369.6
      vertex -130.12637815657297 2.5529111115778362 -280.4
    endloop
  endfacet
  facet normal -0.7642079548575145 -0.6322078019427313 -0.1276694830225123
    outer loop
      vertex -115.30714325811252 3.291302286718039 -369.6
      vertex -115.22772609644169 3.19530342919911 -369.6
      vertex -130.2846860964417 3.38279039471753 -280.4
    endloop
  endfacet
  facet normal -0.6801403296236705 -0.7242758872919537 -0.11328535256977455
    outer loop
      vertex -115.39796603897412 3.376590554899259 -369.6
      vertex -115.30714325811252 3.291302286718039 -369.6
      vertex -130.36410325811252 3.478789252236459 -280.4
    endloop
  endfacet
  facet normal -0.8360121232712985 -0.5305494264089213 -0.14000369952461963
    outer loop
      vertex -115.22772609644169 3.19530342919911 -369.6
      vertex -115.16096701004271 3.0901079416724833 -369.6
      vertex -130.21792701004273 3.2775949071909034 -280.4
    endloop
  endfacet
  facet normal -0.3830671594545116 -0.9215883931489193 -0.0627246758512524
    outer loop
      vertex -115.6257407084349 3.5172435260405055 -369.6
      vertex -115.60794185549736 3.509845260082492 -369.6
      vertex -130.66490185549736 3.6973322256009125 -280.4
    endloop
  endfacet
  facet normal -0.3674596384280695 -0.9280971041778212 -0.06007644582575305
    outer loop
      vertex -115.74250300562503 3.5634729898696396 -369.6
      vertex -115.6257407084349 3.5172435260405055 -369.6
      vertex -130.6827007084349 3.704730491558925 -280.4
    endloop
  endfacet
  facet normal 0.12529939667424878 -0.9918468547497087 0.02323527310318729
    outer loop
      vertex -116.45629056358696 3.604723109023898 -368
      vertex -116.1143105195293 3.6104432020027577 -369.6
      vertex -131.1712705195293 3.797930167521178 -280.4
    endloop
  endfacet
  facet normal -3.53626815177781e-15 -0.9999977910747646 0.0021018671678663435
    outer loop
      vertex -116.1143105195293 3.6104432020027577 -369.6
      vertex -115.98872948047067 3.6104432020027573 -369.6
      vertex -131.0456894804707 3.797930167521178 -280.4
    endloop
  endfacet
  facet normal -0.12531044785538292 -0.9919343338559828 -0.01906748478354702
    outer loop
      vertex -115.98872948047067 3.6104432020027573 -369.6
      vertex -115.86413868541426 3.5947037243031748 -369.6
      vertex -130.92109868541428 3.782190689821595 -280.4
    endloop
  endfacet
  facet normal -0.24849173878151556 -0.967811424128507 -0.03991118995582751
    outer loop
      vertex -115.86413868541426 3.5947037243031748 -369.6
      vertex -115.74250300562503 3.5634729898696396 -369.6
      vertex -130.79946300562503 3.7509599553880593 -280.4
    endloop
  endfacet
  facet normal -0.5850101978643895 -0.805197459631714 -0.09705729955702583
    outer loop
      vertex -115.49876210951743 3.4498231868048115 -369.6
      vertex -115.39796603897412 3.376590554899259 -369.6
      vertex -130.45492603897412 3.5640775204176793 -280.4
    endloop
  endfacet
  facet normal -0.48023928033784685 -0.8735520080138188 -0.07922829618016507
    outer loop
      vertex -115.60794185549736 3.509845260082492 -369.6
      vertex -115.49876210951743 3.4498231868048115 -369.6
      vertex -130.55572210951746 3.637310152323232 -280.4
    endloop
  endfacet
  facet normal 0.9841799545151234 0.061919354360455356 0.16599942977671334
    outer loop
      vertex -117.0839155484041 2.6129180445283398 -369.48670262284384
      vertex -117.08399999999999 2.6115757248501885 -369.4857012270207
      vertex -117.06479095114013 2.612679907965064 -369.6
    endloop
  endfacet
  facet normal 0.9841373989911852 -0.061916676989538316 0.1662525338677215
    outer loop
      vertex -117.06479095114013 2.612679907965064 -369.6
      vertex -117.07609242765393 2.7372629881107677 -369.4867026228437
      vertex -117.0839155484041 2.6129180445283398 -369.48670262284384
    endloop
  endfacet
  facet normal 0.836012123271265 0.5305494264089824 0.14000369952458763
    outer loop
      vertex -116.87531390355828 2.0295295179498622 -369.6
      vertex -116.94793734804824 2.0816466833383016 -369.363839470409
      vertex -116.91517780095324 2.03002589710982 -369.36383947040895
    endloop
  endfacet
  facet normal 0.8360121232713025 0.5305494264089162 0.14000369952461372
    outer loop
      vertex -116.94793734804824 2.0816466833383016 -369.363839470409
      vertex -116.87531390355828 2.0295295179498622 -369.6
      vertex -116.9730958859404 2.1351112978375943 -369.4162150711899
    endloop
  endfacet
  facet normal 0.764207954857469 0.6322078019427926 0.12766948302248105
    outer loop
      vertex -116.79589674188746 1.9335306604309332 -369.6
      vertex -116.87391869381244 1.9650119473284682 -369.28886628047394
      vertex -116.84841611374345 1.9341846236253772 -369.28886628047394
    endloop
  endfacet
  facet normal 0.5850101978642812 0.8051974596317946 0.0970572995570097
    outer loop
      vertex -116.6042778904825 1.7750097603441601 -369.6
      vertex -116.70507396102585 1.8482423922497122 -369.6
      vertex -116.69812308597056 1.7761783063807133 -369.04404505042623
    endloop
  endfacet
  facet normal 0.36745963842806956 0.9280971041778213 0.06007644582575413
    outer loop
      vertex -116.6097790341466 1.7092390386228433 -368.8151674017682
      vertex -116.36053699437494 1.6613599572793323 -369.6
      vertex -116.47729929156506 1.7075894211084663 -369.6
    endloop
  endfacet
  facet normal 0.38306715945449227 0.921588393148928 0.06272467585124267
    outer loop
      vertex -116.47729929156506 1.7075894211084663 -369.6
      vertex -116.4950981445026 1.7149876870664795 -369.6
      vertex -116.61982907058265 1.716540817501644 -368.8610727127959
    endloop
  endfacet
  facet normal 0.5850101978642429 0.8051974596318221 0.09705729955701374
    outer loop
      vertex -116.69812308597056 1.7761783063807133 -369.04404505042623
      vertex -116.70507396102585 1.8482423922497122 -369.6
      vertex -116.7758013794015 1.8491230792575943 -369.18099870630545
    endloop
  endfacet
  facet normal 0.48023928033793406 0.8735520080137695 0.07922829618017917
    outer loop
      vertex -116.69812308597056 1.7761783063807133 -369.04404505042623
      vertex -116.68516638872356 1.76401115779682 -368.98842954020773
      vertex -116.4950981445026 1.7149876870664795 -369.6
    endloop
  endfacet
  facet normal 0.480239280337894 0.8735520080137931 0.07922829618016483
    outer loop
      vertex -116.4950981445026 1.7149876870664795 -369.6
      vertex -116.68516638872356 1.76401115779682 -368.98842954020773
      vertex -116.61982907058265 1.716540817501644 -368.8610727127959
    endloop
  endfacet
  facet normal 0.3830671594547593 0.9215883931488135 0.06272467585129556
    outer loop
      vertex -116.47729929156506 1.7075894211084663 -369.6
      vertex -116.61982907058265 1.716540817501644 -368.8610727127959
      vertex -116.6097790341466 1.7092390386228433 -368.8151674017682
    endloop
  endfacet
  facet normal 0.6801403296238574 0.7242758872917708 0.11328535256982143
    outer loop
      vertex -116.70507396102585 1.8482423922497122 -369.6
      vertex -116.78586549016354 1.8585739083286312 -369.18099870630545
      vertex -116.7758013794015 1.8491230792575943 -369.18099870630545
    endloop
  endfacet
  facet normal 0.3674596384280718 0.9280971041778203 0.060076445825754894
    outer loop
      vertex -116.6097790341466 1.7092390386228433 -368.8151674017682
      vertex -116.57340947447689 1.6828150067979721 -368.62940870685946
      vertex -116.36053699437494 1.6613599572793323 -369.6
    endloop
  endfacet
  facet normal 0.24849173878151387 0.9678114241285074 0.03991118995582865
    outer loop
      vertex -116.2389013145857 1.6301292228457973 -369.6
      vertex -116.36053699437494 1.6613599572793323 -369.6
      vertex -116.53841171577356 1.6635748261344971 -368.5462398021409
    endloop
  endfacet
  facet normal 0.3674596384280839 0.9280971041778153 0.06007644582575767
    outer loop
      vertex -116.36053699437494 1.6613599572793323 -369.6
      vertex -116.57340947447689 1.6828150067979721 -368.62940870685946
      vertex -116.53841171577356 1.6635748261344971 -368.5462398021409
    endloop
  endfacet
  facet normal 0.24849173878150205 0.9678114241285106 0.0399111899558252
    outer loop
      vertex -116.2389013145857 1.6301292228457973 -369.6
      vertex -116.53841171577356 1.6635748261344971 -368.5462398021409
      vertex -116.48310557320876 1.6331700169646575 -368.15329230673547
    endloop
  endfacet
  facet normal 0.12531044785539017 0.991934333855982 0.01906748478354962
    outer loop
      vertex -116.48310557320876 1.6331700169646575 -368.15329230673547
      vertex -116.47614645732847 1.6293442106343146 -368
      vertex -116.11431051952928 1.6143897451462141 -369.6
    endloop
  endfacet
  facet normal 0.6801403296236662 0.7242758872919568 0.11328535256977998
    outer loop
      vertex -116.84841611374345 1.9341846236253772 -369.28886628047394
      vertex -116.78586549016354 1.8585739083286312 -369.18099870630545
      vertex -116.70507396102585 1.8482423922497122 -369.6
    endloop
  endfacet
  facet normal 0.68014032962362 0.7242758872920056 0.11328535256974517
    outer loop
      vertex -116.84841611374345 1.9341846236253772 -369.28886628047394
      vertex -116.70507396102585 1.8482423922497122 -369.6
      vertex -116.79589674188746 1.9335306604309332 -369.6
    endloop
  endfacet
  facet normal 0.6799027101081627 -0.7240228482087763 0.11628938068124275
    outer loop
      vertex -131.85285674188745 3.479316121017615 -280.4
      vertex -117.06597674188747 3.2951921503963866 -368
      vertex -131.76203396102585 3.5646043891988364 -280.4
    endloop
  endfacet
  facet normal 0.7642079548576022 0.632207801942621 0.12766948302253178
    outer loop
      vertex -116.87391869381244 1.9650119473284682 -369.28886628047394
      vertex -116.79589674188746 1.9335306604309332 -369.6
      vertex -116.91517780095324 2.03002589710982 -369.36383947040895
    endloop
  endfacet
  facet normal 0.7642079548575714 0.6322078019426651 0.12766948302249823
    outer loop
      vertex -116.91517780095324 2.03002589710982 -369.36383947040895
      vertex -116.79589674188746 1.9335306604309332 -369.6
      vertex -116.87531390355828 2.0295295179498622 -369.6
    endloop
  endfacet
  facet normal 0.12531044785537407 0.9919343338559841 0.019067484783545488
    outer loop
      vertex -116.48310557320876 1.6331700169646575 -368.15329230673547
      vertex -116.11431051952928 1.6143897451462141 -369.6
      vertex -116.2389013145857 1.6301292228457973 -369.6
    endloop
  endfacet
  facet normal 0.7642079548575678 0.6322078019426651 0.12766948302252126
    outer loop
      vertex -117.06597674188745 1.9368936553281246 -368
      vertex -117.14539390355827 2.032892512847053 -368
      vertex -131.93227390355827 2.2170164834682824 -280.4
    endloop
  endfacet
  facet normal 0.8360121232712484 0.5305494264090026 0.14000369952461073
    outer loop
      vertex -117.14539390355827 2.032892512847053 -368
      vertex -117.21215298995726 2.13808800037368 -368
      vertex -131.99903298995724 2.3222119709949087 -280.4
    endloop
  endfacet
  facet normal 0.8945734648648583 0.4209543194854956 0.15011920885145044
    outer loop
      vertex -117.21215298995726 2.13808800037368 -368
      vertex -117.26520117041188 2.2508211222289707 -368
      vertex -132.0520811704119 2.434945092850199 -280.4
    endloop
  endfacet
  facet normal 0.9391281300305243 0.30514122673333177 0.1578834606063856
    outer loop
      vertex -117.26520117041188 2.2508211222289707 -368
      vertex -117.303701843427 2.3693140097377645 -368
      vertex -132.090581843427 2.553437980358993 -280.4
    endloop
  endfacet
  facet normal 0.9691179686335504 0.18486913967029744 0.1631985418719933
    outer loop
      vertex -117.303701843427 2.3693140097377645 -368
      vertex -117.32704783038997 2.4916979592798287 -368
      vertex -132.11392783038994 2.675821929901057 -280.4
    endloop
  endfacet
  facet normal 0.9841799545153974 0.061919354356032595 0.1659994297767384
    outer loop
      vertex -117.32704783038997 2.4916979592798287 -368
      vertex -117.33487095114013 2.6160429028622554 -368
      vertex -132.12175095114011 2.800166873483484 -280.4
    endloop
  endfacet
  facet normal 0.9841373989911927 -0.06191667698949925 0.1662525338676923
    outer loop
      vertex -117.33487095114013 2.6160429028622554 -368
      vertex -117.32704783038996 2.7403878464446834 -368
      vertex -132.11392783038994 2.9245118170659117 -280.4
    endloop
  endfacet
  facet normal 0.9689947876784173 -0.18484564164627487 0.16395484200363208
    outer loop
      vertex -117.32704783038996 2.7403878464446834 -368
      vertex -117.303701843427 2.862771795986747 -368
      vertex -132.090581843427 3.0468957666079755 -280.4
    endloop
  endfacet
  facet normal -0.8357491239121247 0.5303825219403502 -0.14218924818814468
    outer loop
      vertex -115.16096701004273 2.134198136695332 -369.6
      vertex -115.2277260964417 2.0290026491687057 -369.6
      vertex -130.2846860964417 2.2164896146871254 -280.4
    endloop
  endfacet
  facet normal -0.8943345178409028 0.4208418795511473 -0.1518482222949537
    outer loop
      vertex -115.10791882958807 2.2469312585506223 -369.6
      vertex -115.16096701004273 2.134198136695332 -369.6
      vertex -130.21792701004273 2.3216851022137517 -280.4
    endloop
  endfacet
  facet normal -0.9389372208527782 0.3050791965812893 -0.15913384024328775
    outer loop
      vertex -115.06941815657295 2.3654241460594165 -369.6
      vertex -115.10791882958807 2.2469312585506223 -369.6
      vertex -130.16487882958808 2.434418224069042 -280.4
    endloop
  endfacet
  facet normal 0.7639460953429115 -0.631991172912404 0.13028246532485904
    outer loop
      vertex -116.79589674188746 3.291829155499195 -369.6
      vertex -116.87391869381244 3.258139502371909 -369.30592357126756
      vertex -116.87531390355828 3.1958302979802666 -369.6
    endloop
  endfacet
  facet normal 0.3673707462074585 -0.9278725880571617 0.06396245119661875
    outer loop
      vertex -116.57340947447689 3.540336442902405 -368.7155380025737
      vertex -116.37925655290104 3.5562370595624184 -369.6
      vertex -116.54082682166883 3.5582489078644177 -368.6428301613283
    endloop
  endfacet
  facet normal 0.35983620358259066 -0.9309065437034344 0.06269699738738901
    outer loop
      vertex -116.37925655290104 3.5562370595624184 -369.6
      vertex -116.52754162593058 3.5655525060268114 -368.6106360689832
      vertex -116.54082682166883 3.5582489078644177 -368.6428301613283
    endloop
  endfacet
  facet normal 0.3673707462075541 -0.9278725880571231 0.06396245119662956
    outer loop
      vertex -116.4950981445026 3.5103721288636485 -369.6
      vertex -116.57340947447689 3.540336442902405 -368.7155380025737
      vertex -116.61263736888877 3.5118357093280683 -368.90367758065065
    endloop
  endfacet
  facet normal 0.24844934402305247 -0.9676463074458341 0.04397211776748269
    outer loop
      vertex -116.36053699437494 3.5634729898696396 -369.6
      vertex -116.46929732713828 3.597572580251588 -368.23509471236633
      vertex -116.52754162593058 3.5655525060268114 -368.6106360689832
    endloop
  endfacet
  facet normal 0.12529939667427073 -0.9918468547497057 0.023235273103190325
    outer loop
      vertex -116.23890131458572 3.5947037243031748 -369.6
      vertex -116.45629056358696 3.604723109023898 -368
      vertex -116.46929732713828 3.597572580251588 -368.23509471236633
    endloop
  endfacet
  facet normal 0.4800963847174585 -0.8732920818452142 0.0828758177496768
    outer loop
      vertex -116.68516638872356 3.459140291903557 -369.0387902212329
      vertex -116.4950981445026 3.5103721288636485 -369.6
      vertex -116.61263736888877 3.5118357093280683 -368.90367758065065
    endloop
  endfacet
  facet normal 0.48009638471712035 -0.873292081845404 0.08287581774963691
    outer loop
      vertex -116.60427789048252 3.4503500555859685 -369.6
      vertex -116.68516638872356 3.459140291903557 -369.0387902212329
      vertex -116.69334600794926 3.451459118176842 -369.07234527567107
    endloop
  endfacet
  facet normal 0.5848147548042713 -0.804928455337285 0.10040858704091221
    outer loop
      vertex -116.70507396102583 3.3771174236804162 -369.6
      vertex -116.69334600794926 3.451459118176842 -369.07234527567107
      vertex -116.77162935589723 3.3779461612890254 -369.20571448535907
    endloop
  endfacet
  facet normal 0.9841799545154011 0.06191935435603281 0.1659994297767173
    outer loop
      vertex -117.06479095114013 2.612679907965064 -369.6
      vertex -117.08399999999999 2.6115757248501885 -369.4857012270207
      vertex -117.05696783038997 2.4883349643826373 -369.6
    endloop
  endfacet
  facet normal 0.6799027101081606 -0.7240228482087763 0.11628938068125583
    outer loop
      vertex -116.78586549016354 3.364577541371746 -369.20571448535907
      vertex -116.70507396102583 3.3771174236804162 -369.6
      vertex -116.77162935589723 3.3779461612890254 -369.20571448535907
    endloop
  endfacet
  facet normal 0.6799027101080488 -0.7240228482088853 0.11628938068122946
    outer loop
      vertex -116.70507396102583 3.3771174236804162 -369.6
      vertex -116.78586549016354 3.364577541371746 -369.20571448535907
      vertex -116.79589674188746 3.291829155499195 -369.6
    endloop
  endfacet
  facet normal 0.9841373989911947 -0.0619166769894996 0.16625253386767988
    outer loop
      vertex -117.05696783038995 2.7370248515474915 -369.6
      vertex -117.07609242765393 2.7372629881107677 -369.4867026228437
      vertex -117.06479095114013 2.612679907965064 -369.6
    endloop
  endfacet
  facet normal 0.6799027101079954 -0.7240228482089338 0.11628938068123978
    outer loop
      vertex -116.79589674188746 3.291829155499195 -369.6
      vertex -116.78586549016354 3.364577541371746 -369.20571448535907
      vertex -116.8455368430575 3.2924472664549524 -369.3059235712676
    endloop
  endfacet
  facet normal 0.9689947876784772 -0.18484564164596365 0.1639548420036289
    outer loop
      vertex -117.05696783038995 2.7370248515474915 -369.6
      vertex -117.07532617144592 2.749442281770923 -369.47750014329887
      vertex -117.07609242765393 2.7372629881107677 -369.4867026228437
    endloop
  endfacet
  facet normal 0.8360121232712988 0.5305494264089239 0.14000369952460748
    outer loop
      vertex -116.9730958859404 2.1351112978375943 -369.4162150711899
      vertex -116.87531390355828 2.0295295179498622 -369.6
      vertex -116.94207298995725 2.1347250054764886 -369.6
    endloop
  endfacet
  facet normal 0.89457346486482 0.42095431948559037 0.1501192088514127
    outer loop
      vertex -117.0201182995613 2.2477693877648877 -369.45191274200585
      vertex -116.94207298995725 2.1347250054764886 -369.6
      vertex -116.99512117041189 2.2474581273317793 -369.6
    endloop
  endfacet
  facet normal 0.7639460953430576 -0.6319911729122148 0.13028246532491947
    outer loop
      vertex -116.87391869381244 3.258139502371909 -369.30592357126756
      vertex -116.79589674188746 3.291829155499195 -369.6
      vertex -116.8455368430575 3.2924472664549524 -369.3059235712676
    endloop
  endfacet
  facet normal 0.7639460953428397 -0.631991172912487 0.130282465324877
    outer loop
      vertex -116.87531390355828 3.1958302979802666 -369.6
      vertex -116.87391869381244 3.258139502371909 -369.30592357126756
      vertex -116.91316223292665 3.1963015795950955 -369.37578003928695
    endloop
  endfacet
  facet normal 0.8360121232712975 0.5305494264089229 0.14000369952461927
    outer loop
      vertex -131.93227390355827 2.2170164834682824 -280.4
      vertex -117.14539390355827 2.032892512847053 -368
      vertex -131.99903298995724 2.3222119709949087 -280.4
    endloop
  endfacet
  facet normal 0.8945734648647728 0.4209543194856825 0.1501192088514353
    outer loop
      vertex -131.99903298995724 2.3222119709949087 -280.4
      vertex -117.21215298995726 2.13808800037368 -368
      vertex -132.0520811704119 2.434945092850199 -280.4
    endloop
  endfacet
  facet normal 0.9391281300305565 0.3051412267332296 0.15788346060639138
    outer loop
      vertex -132.0520811704119 2.434945092850199 -280.4
      vertex -117.26520117041188 2.2508211222289707 -368
      vertex -132.090581843427 2.553437980358993 -280.4
    endloop
  endfacet
  facet normal 0.9691179686335908 0.18486913967008003 0.1631985418720009
    outer loop
      vertex -132.090581843427 2.553437980358993 -280.4
      vertex -117.303701843427 2.3693140097377645 -368
      vertex -132.11392783038994 2.675821929901057 -280.4
    endloop
  endfacet
  facet normal 0.9841799545153908 0.06191935435614443 0.16599942977673685
    outer loop
      vertex -132.11392783038994 2.675821929901057 -280.4
      vertex -117.32704783038997 2.4916979592798287 -368
      vertex -132.12175095114011 2.800166873483484 -280.4
    endloop
  endfacet
  facet normal 0.9841373989911926 -0.06191667698949947 0.1662525338676923
    outer loop
      vertex -132.12175095114011 2.800166873483484 -280.4
      vertex -117.33487095114013 2.6160429028622554 -368
      vertex -132.11392783038994 2.9245118170659117 -280.4
    endloop
  endfacet
  facet normal 0.9689947876784376 -0.18484564164616624 0.16395484200363508
    outer loop
      vertex -132.11392783038994 2.9245118170659117 -280.4
      vertex -117.32704783038996 2.7403878464446834 -368
      vertex -132.090581843427 3.0468957666079755 -280.4
    endloop
  endfacet
  facet normal 0.7642079548575705 0.6322078019426616 0.12766948302252173
    outer loop
      vertex -131.85285674188745 2.121017625949353 -280.4
      vertex -117.06597674188745 1.9368936553281246 -368
      vertex -131.93227390355827 2.2170164834682824 -280.4
    endloop
  endfacet
  facet normal 0.9389372208528102 -0.3050791965811882 0.15913384024329288
    outer loop
      vertex -132.090581843427 3.0468957666079755 -280.4
      vertex -117.303701843427 2.862771795986747 -368
      vertex -132.0520811704119 3.1653886541167693 -280.4
    endloop
  endfacet
  facet normal 0.8943345178408184 -0.42084187955133145 0.15184822229493994
    outer loop
      vertex -132.0520811704119 3.1653886541167693 -280.4
      vertex -117.26520117041188 2.981264683495541 -368
      vertex -131.99903298995721 3.27812177597206 -280.4
    endloop
  endfacet
  facet normal 0.835749123912225 -0.530382521940188 0.14218924818816084
    outer loop
      vertex -131.99903298995721 3.27812177597206 -280.4
      vertex -117.21215298995726 3.0939978053508317 -368
      vertex -131.93227390355827 3.3833172634986863 -280.4
    endloop
  endfacet
  facet normal 0.7639460953429106 -0.6319911729124034 0.13028246532486712
    outer loop
      vertex -131.93227390355827 3.3833172634986863 -280.4
      vertex -117.14539390355829 3.199193292877458 -368
      vertex -131.85285674188745 3.479316121017615 -280.4
    endloop
  endfacet
  facet normal 0.5848147548041623 -0.8049284553373679 0.10040858704088249
    outer loop
      vertex -131.76203396102585 3.5646043891988364 -280.4
      vertex -116.97515396102584 3.380480418577608 -368
      vertex -131.6612378904825 3.6378370211043882 -280.4
    endloop
  endfacet
  facet normal 0.9841799545153981 0.06191935435600702 0.16599942977674437
    outer loop
      vertex -117.05696783038997 2.4883349643826373 -369.6
      vertex -117.08399999999999 2.6115757248501885 -369.4857012270207
      vertex -117.07626146326888 2.488575205751565 -369.4857012270207
    endloop
  endfacet
  facet normal 0.894573464864839 0.4209543194855301 0.15011920885146865
    outer loop
      vertex -117.00675413447708 2.206638716897043 -369.41621507118987
      vertex -116.94207298995725 2.1347250054764886 -369.6
      vertex -117.0201182995613 2.2477693877648877 -369.45191274200585
    endloop
  endfacet
  facet normal 0.8945734648648103 0.42095431948560524 0.1501192088514291
    outer loop
      vertex -116.94207298995725 2.1347250054764886 -369.6
      vertex -117.00675413447708 2.206638716897043 -369.41621507118987
      vertex -116.9730958859404 2.1351112978375943 -369.4162150711899
    endloop
  endfacet
  facet normal 0.9391281300305354 0.3051412267333132 0.15788346060635502
    outer loop
      vertex -116.99512117041189 2.2474581273317793 -369.6
      vertex -117.04944147724149 2.338016848968848 -369.45191274200585
      vertex -117.0201182995613 2.2477693877648877 -369.45191274200585
    endloop
  endfacet
  facet normal 0.939128130030531 0.30514122673333394 0.15788346060634167
    outer loop
      vertex -117.05482055803692 2.366214977996157 -369.4744151978086
      vertex -116.99512117041189 2.2474581273317793 -369.6
      vertex -117.03362184342701 2.365951014840573 -369.6
    endloop
  endfacet
  facet normal 0.9391281300305305 0.30514122673333705 0.15788346060633862
    outer loop
      vertex -117.04944147724149 2.338016848968848 -369.45191274200585
      vertex -116.99512117041189 2.2474581273317793 -369.6
      vertex -117.05482055803692 2.366214977996157 -369.4744151978086
    endloop
  endfacet
  facet normal 0.9691179686335728 0.18486913967021718 0.16319854187195107
    outer loop
      vertex -117.03362184342701 2.365951014840573 -369.6
      vertex -117.07532617144592 2.473709167929454 -369.4744151978086
      vertex -117.05482055803692 2.366214977996157 -369.4744151978086
    endloop
  endfacet
  facet normal 0.9691179686335742 0.18486913967018945 0.16319854187197533
    outer loop
      vertex -117.05696783038997 2.4883349643826373 -369.6
      vertex -117.07532617144592 2.473709167929454 -369.4744151978086
      vertex -117.03362184342701 2.365951014840573 -369.6
    endloop
  endfacet
  facet normal 0.9691179686335268 0.18486913967041982 0.1631985418719952
    outer loop
      vertex -117.07626146326888 2.488575205751565 -369.4857012270207
      vertex -117.07532617144592 2.473709167929454 -369.4744151978086
      vertex -117.05696783038997 2.4883349643826373 -369.6
    endloop
  endfacet
  facet normal 0.3674596384280696 0.9280971041778213 0.060076445825753035
    outer loop
      vertex -131.41749699437494 1.8488469227977522 -280.4
      vertex -116.63061699437495 1.6647229521765239 -368
      vertex -131.53425929156506 1.8950763866268863 -280.4
    endloop
  endfacet
  facet normal 0.2484917387815411 0.9678114241285002 0.03991118995583186
    outer loop
      vertex -131.29586131458572 1.8176161883642172 -280.4
      vertex -116.50898131458571 1.6334922177429887 -368
      vertex -131.41749699437494 1.8488469227977522 -280.4
    endloop
  endfacet
  facet normal 0.4802392803378482 0.873552008013818 0.0792282961801652
    outer loop
      vertex -131.5520581445026 1.9024746525848995 -280.4
      vertex -116.7651781445026 1.718350681963671 -368
      vertex -131.66123789048254 1.96249672586258 -280.4
    endloop
  endfacet
  facet normal 0.5850101978643871 0.8051974596317157 0.09705729955702559
    outer loop
      vertex -131.66123789048254 1.96249672586258 -280.4
      vertex -116.87435789048251 1.7783727552413515 -368
      vertex -131.76203396102585 2.035729357768132 -280.4
    endloop
  endfacet
  facet normal 0.6801403296236742 0.72427588729195 0.11328535256977516
    outer loop
      vertex -131.76203396102585 2.035729357768132 -280.4
      vertex -116.97515396102585 1.8516053871469036 -368
      vertex -131.85285674188745 2.121017625949353 -280.4
    endloop
  endfacet
  facet normal 0.3830671594544921 0.9215883931489276 0.06272467585124906
    outer loop
      vertex -131.53425929156506 1.8950763866268863 -280.4
      vertex -116.74737929156507 1.7109524160056577 -368
      vertex -131.5520581445026 1.9024746525848995 -280.4
    endloop
  endfacet
  facet normal 0.12531044785536002 0.9919343338559858 0.01906748478354313
    outer loop
      vertex -131.1712705195293 1.801876710664634 -280.4
      vertex -116.11431051952928 1.6143897451462141 -369.6
      vertex -131.29586131458572 1.8176161883642172 -280.4
    endloop
  endfacet
  facet normal -0.480096384717431 0.8732920818452292 -0.0828758177496793
    outer loop
      vertex -130.55572210951743 1.9619698570814228 -280.4
      vertex -115.49876210951743 1.7744828915630029 -369.6
      vertex -130.66490185549736 1.9019477838037433 -280.4
    endloop
  endfacet
  facet normal 0.3598362035825866 -0.930906543703436 0.06269699738738842
    outer loop
      vertex -116.37925655290104 3.5562370595624184 -369.6
      vertex -116.36053699437494 3.5634729898696396 -369.6
      vertex -116.52754162593058 3.5655525060268114 -368.6106360689832
    endloop
  endfacet
  facet normal 0.5848147548042709 -0.8049284553372852 0.10040858704091227
    outer loop
      vertex -116.60427789048252 3.4503500555859685 -369.6
      vertex -116.69334600794926 3.451459118176842 -369.07234527567107
      vertex -116.70507396102583 3.3771174236804162 -369.6
    endloop
  endfacet
  facet normal 0.48009638471748145 -0.8732920818452008 0.08287581774968576
    outer loop
      vertex -116.60427789048252 3.4503500555859685 -369.6
      vertex -116.4950981445026 3.5103721288636485 -369.6
      vertex -116.68516638872356 3.459140291903557 -369.0387902212329
    endloop
  endfacet
  facet normal 0.36737074620748256 -0.9278725880571519 0.06396245119662419
    outer loop
      vertex -116.37925655290104 3.5562370595624184 -369.6
      vertex -116.57340947447689 3.540336442902405 -368.7155380025737
      vertex -116.4950981445026 3.5103721288636485 -369.6
    endloop
  endfacet
  facet normal 0.12529939667424952 -0.9918468547497085 0.023235273103187456
    outer loop
      vertex -116.1143105195293 3.6104432020027577 -369.6
      vertex -116.45629056358696 3.604723109023898 -368
      vertex -116.23890131458572 3.5947037243031748 -369.6
    endloop
  endfacet
  facet normal 0.24844934402306468 -0.9676463074458308 0.043972117767483575
    outer loop
      vertex -116.36053699437494 3.5634729898696396 -369.6
      vertex -116.23890131458572 3.5947037243031748 -369.6
      vertex -116.46929732713828 3.597572580251588 -368.23509471236633
    endloop
  endfacet
  facet normal -1.7681340758893052e-15 0.9999977910747646 -0.0021018671678672313
    outer loop
      vertex -131.04568948047068 1.8018767106646343 -280.4
      vertex -115.98872948047068 1.6143897451462144 -369.6
      vertex -131.1712705195293 1.801876710664634 -280.4
    endloop
  endfacet
  facet normal -0.12529939667423548 0.9918468547497105 -0.023235273103185048
    outer loop
      vertex -130.92109868541425 1.8176161883642172 -280.4
      vertex -115.86413868541426 1.6301292228457973 -369.6
      vertex -131.04568948047068 1.8018767106646343 -280.4
    endloop
  endfacet
  facet normal -0.248449344023063 0.9676463074458312 -0.0439721177674845
    outer loop
      vertex -130.79946300562503 1.8488469227977522 -280.4
      vertex -115.74250300562504 1.6613599572793323 -369.6
      vertex -130.92109868541425 1.8176161883642172 -280.4
    endloop
  endfacet
  facet normal -0.35983620358212265 0.9309065437036206 -0.06269699738731052
    outer loop
      vertex -130.7807434470989 1.8560828531049736 -280.4
      vertex -115.72378344709892 1.6685958875865534 -369.6
      vertex -130.79946300562503 1.8488469227977522 -280.4
    endloop
  endfacet
  facet normal -0.3673707462075586 0.9278725880571209 -0.0639624511966358
    outer loop
      vertex -130.66490185549736 1.9019477838037433 -280.4
      vertex -115.60794185549736 1.7144608182853232 -369.6
      vertex -130.7807434470989 1.8560828531049736 -280.4
    endloop
  endfacet
  facet normal -0.6799027101081591 0.7240228482087799 -0.1162893806812423
    outer loop
      vertex -130.36410325811252 2.1204907571681963 -280.4
      vertex -115.30714325811252 1.9330037916497762 -369.6
      vertex -130.45492603897412 2.0352024889869758 -280.4
    endloop
  endfacet
  facet normal -0.584814754804275 0.8049284553372836 -0.10040858704090123
    outer loop
      vertex -130.45492603897412 2.0352024889869758 -280.4
      vertex -115.39796603897412 1.8477155234685558 -369.6
      vertex -130.55572210951743 1.9619698570814228 -280.4
    endloop
  endfacet
  facet normal -0.24868988716485738 -0.9685831611286303 0
    outer loop
      vertex -145.79661868541424 0.8707115258785002 -365
      vertex -145.67498300562502 0.839480791444965 -370
      vertex -145.67498300562502 0.839480791444965 -365
    endloop
  endfacet
  facet normal -0.48175367410176373 -0.876306680043837 0
    outer loop
      vertex -145.5582207084349 0.793251327615831 -365
      vertex -145.448173205021 0.7327522006518266 -370
      vertex -145.448173205021 0.7327522006518266 -365
    endloop
  endfacet
  facet normal -0.36812455268468963 -0.9297764858882467 0
    outer loop
      vertex -145.67498300562502 0.839480791444965 -365
      vertex -145.5582207084349 0.793251327615831 -370
      vertex -145.5582207084349 0.793251327615831 -365
    endloop
  endfacet
  facet normal 0.12533323356428094 -0.9921147013144807 0
    outer loop
      vertex -146.04679051952928 0.886451003578083 -365
      vertex -146.17138131458572 0.8707115258785002 -365
      vertex -146.04679051952928 0.886451003578083 -370
    endloop
  endfacet
  facet normal 0.90482705246598 -0.42577929156515637 0
    outer loop
      vertex -146.91377648588823 0.25654882783448935 -370
      vertex -146.86030668004383 0.37017794925152686 -370
      vertex -146.91377648588823 0.25654882783448935 -365
    endloop
  endfacet
  facet normal -0.951056516295153 0.30901699437494884 0
    outer loop
      vertex -145.01541683887135 -0.3602656120150429 -370
      vertex -145.05422351411173 -0.4797002775348669 -370
      vertex -145.01541683887135 -0.3602656120150429 -365
    endloop
  endfacet
  facet normal 0.9980267284282713 0.06279051952931575 0
    outer loop
      vertex -146.97611470131446 -0.23690895841449258 -370
      vertex -146.98399999999998 -0.11157572485018852 -370
      vertex -146.97611470131446 -0.23690895841449258 -365
    endloop
  endfacet
  facet normal -0.12533323356428094 -0.9921147013144807 0
    outer loop
      vertex -145.92120948047068 0.886451003578083 -365
      vertex -145.79661868541424 0.8707115258785002 -370
      vertex -145.79661868541424 0.8707115258785002 -365
    endloop
  endfacet
  facet normal 0 -1 0
    outer loop
      vertex -145.92120948047068 0.886451003578083 -365
      vertex -146.04679051952928 0.886451003578083 -365
      vertex -145.92120948047068 0.886451003578083 -370
    endloop
  endfacet
  facet normal -0.9980267284282713 0.06279051952931575 0
    outer loop
      vertex -144.98399999999998 -0.11157572485018852 -365
      vertex -144.98399999999998 -0.11157572485018852 -370
      vertex -144.9918852986855 -0.23690895841449258 -370
    endloop
  endfacet
  facet normal 0.24868988716485738 -0.9685831611286303 0
    outer loop
      vertex -146.17138131458572 0.8707115258785002 -365
      vertex -146.29301699437494 0.839480791444965 -365
      vertex -146.17138131458572 0.8707115258785002 -370
    endloop
  endfacet
  facet normal 0.36812455268468963 -0.9297764858882467 0
    outer loop
      vertex -146.29301699437494 0.839480791444965 -370
      vertex -146.29301699437494 0.839480791444965 -365
      vertex -146.40977929156506 0.793251327615831 -365
    endloop
  endfacet
  facet normal 0.4817536741017644 -0.8763066800438365 0
    outer loop
      vertex -146.40977929156506 0.793251327615831 -365
      vertex -146.51982679497897 0.7327522006518264 -365
      vertex -146.40977929156506 0.793251327615831 -370
    endloop
  endfacet
  facet normal 0.5877852522924093 -0.809016994374994 0
    outer loop
      vertex -146.51982679497897 0.7327522006518264 -365
      vertex -146.62142398974868 0.6589375179256008 -365
      vertex -146.51982679497897 0.7327522006518264 -370
    endloop
  endfacet
  facet normal -0.9822872507286942 0.18738131458569574 0
    outer loop
      vertex -144.9918852986855 -0.23690895841449258 -370
      vertex -145.01541683887135 -0.3602656120150429 -370
      vertex -144.9918852986855 -0.23690895841449258 -365
    endloop
  endfacet
  facet normal 0.6845471059287296 -0.7289686274213729 0
    outer loop
      vertex -146.62142398974868 0.6589375179256008 -365
      vertex -146.7129686274214 0.5729713810785 -365
      vertex -146.62142398974868 0.6589375179256008 -370
    endloop
  endfacet
  facet normal 0.7705132427757408 -0.6374239897487481 0
    outer loop
      vertex -146.79301699437494 0.4762095274422846 -365
      vertex -146.7129686274214 0.5729713810785 -370
      vertex -146.7129686274214 0.5729713810785 -365
    endloop
  endfacet
  facet normal 0.8443279255020858 -0.5358267949788853 0
    outer loop
      vertex -146.86030668004383 0.37017794925152686 -365
      vertex -146.79301699437494 0.4762095274422846 -370
      vertex -146.79301699437494 0.4762095274422846 -365
    endloop
  endfacet
  facet normal 0.90482705246598 -0.42577929156515637 0
    outer loop
      vertex -146.86030668004383 0.37017794925152686 -370
      vertex -146.86030668004383 0.37017794925152686 -365
      vertex -146.91377648588823 0.25654882783448935 -365
    endloop
  endfacet
  facet normal -0.9510565162951525 -0.3090169943749507 0
    outer loop
      vertex -145.05422351411173 0.25654882783448946 -370
      vertex -145.01541683887135 0.13711416231466628 -370
      vertex -145.05422351411173 0.25654882783448946 -365
    endloop
  endfacet
  facet normal -0.9822872507286942 -0.18738131458569543 0
    outer loop
      vertex -145.01541683887135 0.13711416231466628 -370
      vertex -144.9918852986855 0.01375750871411574 -370
      vertex -145.01541683887135 0.13711416231466628 -365
    endloop
  endfacet
  facet normal -0.9980267284282713 -0.06279051952931565 0
    outer loop
      vertex -144.9918852986855 0.01375750871411574 -370
      vertex -144.98399999999998 -0.11157572485018852 -370
      vertex -144.9918852986855 0.01375750871411574 -365
    endloop
  endfacet
  facet normal -0.24868988716485738 -0.9685831611286303 0
    outer loop
      vertex -145.79661868541424 0.8707115258785002 -370
      vertex -145.67498300562502 0.839480791444965 -370
      vertex -145.79661868541424 0.8707115258785002 -365
    endloop
  endfacet
  facet normal -0.587785252292411 -0.8090169943749926 0
    outer loop
      vertex -145.448173205021 0.7327522006518266 -370
      vertex -145.34657601025128 0.6589375179256006 -370
      vertex -145.448173205021 0.7327522006518266 -365
    endloop
  endfacet
  facet normal -0.6845471059287278 -0.7289686274213748 0
    outer loop
      vertex -145.34657601025128 0.6589375179256006 -370
      vertex -145.25503137257857 0.5729713810785002 -370
      vertex -145.34657601025128 0.6589375179256006 -365
    endloop
  endfacet
  facet normal -0.7705132427757415 -0.6374239897487473 0
    outer loop
      vertex -145.25503137257857 0.5729713810785002 -370
      vertex -145.17498300562502 0.4762095274422846 -370
      vertex -145.25503137257857 0.5729713810785002 -365
    endloop
  endfacet
  facet normal -0.8443279255020859 -0.5358267949788851 0
    outer loop
      vertex -145.17498300562502 0.4762095274422846 -370
      vertex -145.10769331995613 0.3701779492515268 -370
      vertex -145.17498300562502 0.4762095274422846 -365
    endloop
  endfacet
  facet normal -0.9048270524659798 -0.42577929156515687 0
    outer loop
      vertex -145.10769331995613 0.3701779492515268 -365
      vertex -145.10769331995613 0.3701779492515268 -370
      vertex -145.05422351411173 0.25654882783448946 -370
    endloop
  endfacet
  facet normal -0.587785252292411 -0.8090169943749926 0
    outer loop
      vertex -145.448173205021 0.7327522006518266 -365
      vertex -145.34657601025128 0.6589375179256006 -370
      vertex -145.34657601025128 0.6589375179256006 -365
    endloop
  endfacet
  facet normal -0.6845471059287278 -0.7289686274213748 0
    outer loop
      vertex -145.34657601025128 0.6589375179256006 -365
      vertex -145.25503137257857 0.5729713810785002 -370
      vertex -145.25503137257857 0.5729713810785002 -365
    endloop
  endfacet
  facet normal -0.7705132427757415 -0.6374239897487473 0
    outer loop
      vertex -145.25503137257857 0.5729713810785002 -365
      vertex -145.17498300562502 0.4762095274422846 -370
      vertex -145.17498300562502 0.4762095274422846 -365
    endloop
  endfacet
  facet normal -0.9048270524659798 -0.42577929156515687 0
    outer loop
      vertex -145.10769331995613 0.3701779492515268 -365
      vertex -145.05422351411173 0.25654882783448946 -370
      vertex -145.05422351411173 0.25654882783448946 -365
    endloop
  endfacet
  facet normal -0.8443279255020859 -0.5358267949788851 0
    outer loop
      vertex -145.17498300562502 0.4762095274422846 -365
      vertex -145.10769331995613 0.3701779492515268 -370
      vertex -145.10769331995613 0.3701779492515268 -365
    endloop
  endfacet
  facet normal -0.36812455268468963 -0.9297764858882467 0
    outer loop
      vertex -145.67498300562502 0.839480791444965 -365
      vertex -145.67498300562502 0.839480791444965 -370
      vertex -145.5582207084349 0.793251327615831 -370
    endloop
  endfacet
  facet normal 0.8443279255020858 -0.5358267949788853 0
    outer loop
      vertex -146.86030668004383 0.37017794925152686 -370
      vertex -146.79301699437494 0.4762095274422846 -370
      vertex -146.86030668004383 0.37017794925152686 -365
    endloop
  endfacet
  facet normal -0.48175367410176373 -0.876306680043837 0
    outer loop
      vertex -145.5582207084349 0.793251327615831 -370
      vertex -145.448173205021 0.7327522006518266 -370
      vertex -145.5582207084349 0.793251327615831 -365
    endloop
  endfacet
  facet normal -0.12533323356428094 -0.9921147013144807 0
    outer loop
      vertex -145.92120948047068 0.886451003578083 -370
      vertex -145.79661868541424 0.8707115258785002 -370
      vertex -145.92120948047068 0.886451003578083 -365
    endloop
  endfacet
  facet normal 0 -1 0
    outer loop
      vertex -146.04679051952928 0.886451003578083 -370
      vertex -145.92120948047068 0.886451003578083 -370
      vertex -146.04679051952928 0.886451003578083 -365
    endloop
  endfacet
  facet normal 0.12533323356428094 -0.9921147013144807 0
    outer loop
      vertex -146.17138131458572 0.8707115258785002 -370
      vertex -146.04679051952928 0.886451003578083 -370
      vertex -146.17138131458572 0.8707115258785002 -365
    endloop
  endfacet
  facet normal 0.24868988716485738 -0.9685831611286303 0
    outer loop
      vertex -146.29301699437494 0.839480791444965 -370
      vertex -146.17138131458572 0.8707115258785002 -370
      vertex -146.29301699437494 0.839480791444965 -365
    endloop
  endfacet
  facet normal 0.36812455268468963 -0.9297764858882467 0
    outer loop
      vertex -146.40977929156506 0.793251327615831 -370
      vertex -146.29301699437494 0.839480791444965 -370
      vertex -146.40977929156506 0.793251327615831 -365
    endloop
  endfacet
  facet normal 0.4817536741017644 -0.8763066800438365 0
    outer loop
      vertex -146.51982679497897 0.7327522006518264 -370
      vertex -146.40977929156506 0.793251327615831 -370
      vertex -146.51982679497897 0.7327522006518264 -365
    endloop
  endfacet
  facet normal 0.5877852522924093 -0.809016994374994 0
    outer loop
      vertex -146.62142398974868 0.6589375179256008 -370
      vertex -146.51982679497897 0.7327522006518264 -370
      vertex -146.62142398974868 0.6589375179256008 -365
    endloop
  endfacet
  facet normal 0.6845471059287296 -0.7289686274213729 0
    outer loop
      vertex -146.7129686274214 0.5729713810785 -370
      vertex -146.62142398974868 0.6589375179256008 -370
      vertex -146.7129686274214 0.5729713810785 -365
    endloop
  endfacet
  facet normal 0.7705132427757408 -0.6374239897487481 0
    outer loop
      vertex -146.79301699437494 0.4762095274422846 -370
      vertex -146.7129686274214 0.5729713810785 -370
      vertex -146.79301699437494 0.4762095274422846 -365
    endloop
  endfacet
  facet normal 0.9510565162951523 -0.30901699437495106 0
    outer loop
      vertex -146.95258316112862 0.13711416231466633 -365
      vertex -146.91377648588823 0.25654882783448935 -370
      vertex -146.91377648588823 0.25654882783448935 -365
    endloop
  endfacet
  facet normal 0.9048270524659803 0.42577929156515626 0
    outer loop
      vertex -146.86030668004383 -0.593329398951904 -365
      vertex -146.91377648588823 -0.4797002775348664 -370
      vertex -146.91377648588823 -0.4797002775348664 -365
    endloop
  endfacet
  facet normal 0.9510565162951523 0.30901699437495106 0
    outer loop
      vertex -146.91377648588823 -0.4797002775348664 -365
      vertex -146.95258316112862 -0.36026561201504337 -370
      vertex -146.95258316112862 -0.36026561201504337 -365
    endloop
  endfacet
  facet normal 0.9822872507286942 0.18738131458569507 0
    outer loop
      vertex -146.95258316112862 -0.36026561201504337 -365
      vertex -146.97611470131446 -0.23690895841449258 -370
      vertex -146.97611470131446 -0.23690895841449258 -365
    endloop
  endfacet
  facet normal 0 0 -1
    outer loop
      vertex -146.97611470131446 -0.23690895841449258 -365
      vertex -146.95258316112862 0.13711416231466633 -365
      vertex -146.95258316112862 -0.36026561201504337 -365
    endloop
  endfacet
  facet normal 0 0 -1
    outer loop
      vertex -146.91377648588823 -0.4797002775348664 -365
      vertex -146.95258316112862 -0.36026561201504337 -365
      vertex -146.91377648588823 0.25654882783448935 -365
    endloop
  endfacet
  facet normal 0 0 -1
    outer loop
      vertex -146.97611470131446 -0.23690895841449258 -365
      vertex -146.98399999999998 -0.11157572485018852 -365
      vertex -146.97611470131446 0.013757508714115546 -365
    endloop
  endfacet
  facet normal 0 0 -1
    outer loop
      vertex -146.97611470131446 0.013757508714115546 -365
      vertex -146.95258316112862 0.13711416231466633 -365
      vertex -146.97611470131446 -0.23690895841449258 -365
    endloop
  endfacet
  facet normal 0 0 -1
    outer loop
      vertex -146.95258316112862 0.13711416231466633 -365
      vertex -146.91377648588823 0.25654882783448935 -365
      vertex -146.95258316112862 -0.36026561201504337 -365
    endloop
  endfacet
  facet normal 0 0 -1
    outer loop
      vertex -146.91377648588823 0.25654882783448935 -365
      vertex -146.86030668004383 0.37017794925152686 -365
      vertex -146.91377648588823 -0.4797002775348664 -365
    endloop
  endfacet
  facet normal 0.9980267284282713 0.06279051952931575 0
    outer loop
      vertex -146.98399999999998 -0.11157572485018852 -370
      vertex -146.98399999999998 -0.11157572485018852 -365
      vertex -146.97611470131446 -0.23690895841449258 -365
    endloop
  endfacet
  facet normal 0.9980267284282713 -0.06279051952931575 0
    outer loop
      vertex -146.98399999999998 -0.11157572485018852 -365
      vertex -146.97611470131446 0.013757508714115546 -370
      vertex -146.97611470131446 0.013757508714115546 -365
    endloop
  endfacet
  facet normal 0.9822872507286942 -0.18738131458569507 0
    outer loop
      vertex -146.97611470131446 0.013757508714115546 -365
      vertex -146.95258316112862 0.13711416231466633 -370
      vertex -146.95258316112862 0.13711416231466633 -365
    endloop
  endfacet
  facet normal 0 0 -1
    outer loop
      vertex -146.91377648588823 -0.4797002775348664 -365
      vertex -146.86030668004383 0.37017794925152686 -365
      vertex -146.86030668004383 -0.593329398951904 -365
    endloop
  endfacet
  facet normal 0 0 -1
    outer loop
      vertex -146.29301699437494 -1.0626322411453422 -365
      vertex -146.17138131458572 0.8707115258785002 -365
      vertex -146.17138131458572 -1.0938629755788771 -365
    endloop
  endfacet
  facet normal 0 0 -1
    outer loop
      vertex -146.62142398974868 -0.8820889676259779 -365
      vertex -146.51982679497897 0.7327522006518264 -365
      vertex -146.51982679497897 -0.9559036503522035 -365
    endloop
  endfacet
  facet normal 0 0 -1
    outer loop
      vertex -146.7129686274214 -0.796122830778877 -365
      vertex -146.62142398974868 0.6589375179256008 -365
      vertex -146.62142398974868 -0.8820889676259779 -365
    endloop
  endfacet
  facet normal 0 0 -1
    outer loop
      vertex -146.86030668004383 -0.593329398951904 -365
      vertex -146.79301699437494 0.4762095274422846 -365
      vertex -146.79301699437494 -0.6993609771426617 -365
    endloop
  endfacet
  facet normal 0 0 -1
    outer loop
      vertex -146.79301699437494 -0.6993609771426617 -365
      vertex -146.7129686274214 0.5729713810785 -365
      vertex -146.7129686274214 -0.796122830778877 -365
    endloop
  endfacet
  facet normal 0 0 -1
    outer loop
      vertex -146.51982679497897 -0.9559036503522035 -365
      vertex -146.40977929156506 0.793251327615831 -365
      vertex -146.40977929156506 -1.016402777316208 -365
    endloop
  endfacet
  facet normal 0 0 -1
    outer loop
      vertex -146.40977929156506 -1.016402777316208 -365
      vertex -146.29301699437494 0.839480791444965 -365
      vertex -146.29301699437494 -1.0626322411453422 -365
    endloop
  endfacet
  facet normal 0 0 -1
    outer loop
      vertex -146.17138131458572 -1.0938629755788771 -365
      vertex -146.04679051952928 0.886451003578083 -365
      vertex -146.04679051952928 -1.10960245327846 -365
    endloop
  endfacet
  facet normal 0 0 -1
    outer loop
      vertex -146.04679051952928 -1.10960245327846 -365
      vertex -145.92120948047068 0.886451003578083 -365
      vertex -145.92120948047068 -1.10960245327846 -365
    endloop
  endfacet
  facet normal 0 0 -1
    outer loop
      vertex -145.92120948047068 -1.10960245327846 -365
      vertex -145.79661868541424 0.8707115258785002 -365
      vertex -145.79661868541424 -1.0938629755788771 -365
    endloop
  endfacet
  facet normal 0 0 -1
    outer loop
      vertex -145.79661868541424 -1.0938629755788771 -365
      vertex -145.67498300562502 0.839480791444965 -365
      vertex -145.67498300562502 -1.0626322411453422 -365
    endloop
  endfacet
  facet normal 0 0 -1
    outer loop
      vertex -145.67498300562502 -1.0626322411453422 -365
      vertex -145.5582207084349 0.793251327615831 -365
      vertex -145.5582207084349 -1.016402777316208 -365
    endloop
  endfacet
  facet normal 0.1253332335642818 0.9921147013144807 0
    outer loop
      vertex -146.04679051952928 -1.10960245327846 -370
      vertex -146.17138131458572 -1.0938629755788771 -370
      vertex -146.04679051952928 -1.10960245327846 -365
    endloop
  endfacet
  facet normal 0.1253332335642818 0.9921147013144807 0
    outer loop
      vertex -146.17138131458572 -1.0938629755788771 -365
      vertex -146.04679051952928 -1.10960245327846 -365
      vertex -146.17138131458572 -1.0938629755788771 -370
    endloop
  endfacet
  facet normal 0 1 0
    outer loop
      vertex -146.04679051952928 -1.10960245327846 -365
      vertex -145.92120948047068 -1.10960245327846 -365
      vertex -146.04679051952928 -1.10960245327846 -370
    endloop
  endfacet
  facet normal -0.1253332335642818 0.9921147013144807 0
    outer loop
      vertex -145.92120948047068 -1.10960245327846 -365
      vertex -145.79661868541424 -1.0938629755788771 -365
      vertex -145.92120948047068 -1.10960245327846 -370
    endloop
  endfacet
  facet normal 0.5877852522924093 0.809016994374994 0
    outer loop
      vertex -146.62142398974868 -0.8820889676259779 -365
      vertex -146.51982679497897 -0.9559036503522035 -365
      vertex -146.62142398974868 -0.8820889676259779 -370
    endloop
  endfacet
  facet normal 0.36812455268468963 0.9297764858882467 0
    outer loop
      vertex -146.40977929156506 -1.016402777316208 -365
      vertex -146.29301699437494 -1.0626322411453422 -365
      vertex -146.40977929156506 -1.016402777316208 -370
    endloop
  endfacet
  facet normal 0.24868988716485574 0.9685831611286309 0
    outer loop
      vertex -146.29301699437494 -1.0626322411453422 -365
      vertex -146.17138131458572 -1.0938629755788771 -365
      vertex -146.29301699437494 -1.0626322411453422 -370
    endloop
  endfacet
  facet normal 0.48175367410176506 0.8763066800438363 0
    outer loop
      vertex -146.51982679497897 -0.9559036503522035 -365
      vertex -146.40977929156506 -1.016402777316208 -365
      vertex -146.51982679497897 -0.9559036503522035 -370
    endloop
  endfacet
  facet normal 0.6845471059287296 0.7289686274213729 0
    outer loop
      vertex -146.7129686274214 -0.796122830778877 -365
      vertex -146.62142398974868 -0.8820889676259779 -365
      vertex -146.7129686274214 -0.796122830778877 -370
    endloop
  endfacet
  facet normal 0.7705132427757408 0.6374239897487481 0
    outer loop
      vertex -146.7129686274214 -0.796122830778877 -365
      vertex -146.79301699437494 -0.6993609771426617 -370
      vertex -146.79301699437494 -0.6993609771426617 -365
    endloop
  endfacet
  facet normal -0.24868988716485574 0.9685831611286309 0
    outer loop
      vertex -145.79661868541424 -1.0938629755788771 -365
      vertex -145.67498300562502 -1.0626322411453422 -365
      vertex -145.79661868541424 -1.0938629755788771 -370
    endloop
  endfacet
  facet normal -0.36812455268468963 0.9297764858882467 0
    outer loop
      vertex -145.67498300562502 -1.0626322411453422 -365
      vertex -145.5582207084349 -1.016402777316208 -365
      vertex -145.67498300562502 -1.0626322411453422 -370
    endloop
  endfacet
  facet normal -0.481753674101763 0.8763066800438373 0
    outer loop
      vertex -145.5582207084349 -1.016402777316208 -365
      vertex -145.448173205021 -0.9559036503522038 -365
      vertex -145.5582207084349 -1.016402777316208 -370
    endloop
  endfacet
  facet normal -0.8443279255020856 0.5358267949788854 0
    outer loop
      vertex -145.10769331995613 -0.593329398951904 -365
      vertex -145.10769331995613 -0.593329398951904 -370
      vertex -145.17498300562502 -0.6993609771426617 -370
    endloop
  endfacet
  facet normal 0 1 0
    outer loop
      vertex -145.92120948047068 -1.10960245327846 -370
      vertex -146.04679051952928 -1.10960245327846 -370
      vertex -145.92120948047068 -1.10960245327846 -365
    endloop
  endfacet
  facet normal -0.1253332335642818 0.9921147013144807 0
    outer loop
      vertex -145.79661868541424 -1.0938629755788771 -370
      vertex -145.92120948047068 -1.10960245327846 -370
      vertex -145.79661868541424 -1.0938629755788771 -365
    endloop
  endfacet
  facet normal 0.5877852522924093 0.809016994374994 0
    outer loop
      vertex -146.62142398974868 -0.8820889676259779 -370
      vertex -146.51982679497897 -0.9559036503522035 -365
      vertex -146.51982679497897 -0.9559036503522035 -370
    endloop
  endfacet
  facet normal 0.36812455268468963 0.9297764858882467 0
    outer loop
      vertex -146.40977929156506 -1.016402777316208 -370
      vertex -146.29301699437494 -1.0626322411453422 -365
      vertex -146.29301699437494 -1.0626322411453422 -370
    endloop
  endfacet
  facet normal 0.48175367410176506 0.8763066800438363 0
    outer loop
      vertex -146.40977929156506 -1.016402777316208 -370
      vertex -146.51982679497897 -0.9559036503522035 -370
      vertex -146.40977929156506 -1.016402777316208 -365
    endloop
  endfacet
  facet normal 0.24868988716485574 0.9685831611286309 0
    outer loop
      vertex -146.29301699437494 -1.0626322411453422 -370
      vertex -146.17138131458572 -1.0938629755788771 -365
      vertex -146.17138131458572 -1.0938629755788771 -370
    endloop
  endfacet
  facet normal 0.7705132427757408 0.6374239897487481 0
    outer loop
      vertex -146.79301699437494 -0.6993609771426617 -370
      vertex -146.7129686274214 -0.796122830778877 -365
      vertex -146.7129686274214 -0.796122830778877 -370
    endloop
  endfacet
  facet normal 0.6845471059287296 0.7289686274213729 0
    outer loop
      vertex -146.7129686274214 -0.796122830778877 -370
      vertex -146.62142398974868 -0.8820889676259779 -365
      vertex -146.62142398974868 -0.8820889676259779 -370
    endloop
  endfacet
  facet normal 0.8443279255020856 0.5358267949788854 0
    outer loop
      vertex -146.86030668004383 -0.593329398951904 -370
      vertex -146.79301699437494 -0.6993609771426617 -365
      vertex -146.79301699437494 -0.6993609771426617 -370
    endloop
  endfacet
  facet normal -0.24868988716485574 0.9685831611286309 0
    outer loop
      vertex -145.67498300562502 -1.0626322411453422 -370
      vertex -145.79661868541424 -1.0938629755788771 -370
      vertex -145.67498300562502 -1.0626322411453422 -365
    endloop
  endfacet
  facet normal -0.36812455268468963 0.9297764858882467 0
    outer loop
      vertex -145.5582207084349 -1.016402777316208 -370
      vertex -145.67498300562502 -1.0626322411453422 -370
      vertex -145.5582207084349 -1.016402777316208 -365
    endloop
  endfacet
  facet normal -0.481753674101763 0.8763066800438373 0
    outer loop
      vertex -145.448173205021 -0.9559036503522038 -365
      vertex -145.448173205021 -0.9559036503522038 -370
      vertex -145.5582207084349 -1.016402777316208 -370
    endloop
  endfacet
  facet normal 0 0 -1
    outer loop
      vertex -145.10769331995613 0.3701779492515268 -365
      vertex -145.05422351411173 0.25654882783448946 -365
      vertex -145.10769331995613 -0.593329398951904 -365
    endloop
  endfacet
  facet normal -0.8443279255020856 0.5358267949788854 0
    outer loop
      vertex -145.17498300562502 -0.6993609771426617 -365
      vertex -145.10769331995613 -0.593329398951904 -365
      vertex -145.17498300562502 -0.6993609771426617 -370
    endloop
  endfacet
  facet normal -0.5877852522924127 0.8090169943749913 0
    outer loop
      vertex -145.34657601025128 -0.8820889676259775 -365
      vertex -145.34657601025128 -0.8820889676259775 -370
      vertex -145.448173205021 -0.9559036503522038 -370
    endloop
  endfacet
  facet normal -0.6845471059287284 0.7289686274213744 0
    outer loop
      vertex -145.25503137257857 -0.796122830778877 -370
      vertex -145.34657601025128 -0.8820889676259775 -370
      vertex -145.25503137257857 -0.796122830778877 -365
    endloop
  endfacet
  facet normal -0.7705132427757408 0.6374239897487481 0
    outer loop
      vertex -145.17498300562502 -0.6993609771426617 -365
      vertex -145.17498300562502 -0.6993609771426617 -370
      vertex -145.25503137257857 -0.796122830778877 -370
    endloop
  endfacet
  facet normal 0 0 -1
    outer loop
      vertex -145.448173205021 -0.9559036503522038 -365
      vertex -145.34657601025128 0.6589375179256006 -365
      vertex -145.34657601025128 -0.8820889676259775 -365
    endloop
  endfacet
  facet normal 0 0 -1
    outer loop
      vertex -145.34657601025128 -0.8820889676259775 -365
      vertex -145.25503137257857 0.5729713810785002 -365
      vertex -145.25503137257857 -0.796122830778877 -365
    endloop
  endfacet
  facet normal 0 0 -1
    outer loop
      vertex -145.25503137257857 -0.796122830778877 -365
      vertex -145.17498300562502 0.4762095274422846 -365
      vertex -145.17498300562502 -0.6993609771426617 -365
    endloop
  endfacet
  facet normal 0 0 -1
    outer loop
      vertex -145.17498300562502 -0.6993609771426617 -365
      vertex -145.10769331995613 0.3701779492515268 -365
      vertex -145.10769331995613 -0.593329398951904 -365
    endloop
  endfacet
  facet normal 0 0 -1
    outer loop
      vertex -145.10769331995613 -0.593329398951904 -365
      vertex -145.05422351411173 0.25654882783448946 -365
      vertex -145.05422351411173 -0.4797002775348669 -365
    endloop
  endfacet
  facet normal 0 0 -1
    outer loop
      vertex -145.05422351411173 -0.4797002775348669 -365
      vertex -145.01541683887135 0.13711416231466628 -365
      vertex -145.01541683887135 -0.3602656120150429 -365
    endloop
  endfacet
  facet normal -0.9048270524659796 0.42577929156515776 0
    outer loop
      vertex -145.10769331995613 -0.593329398951904 -365
      vertex -145.05422351411173 -0.4797002775348669 -365
      vertex -145.10769331995613 -0.593329398951904 -370
    endloop
  endfacet
  facet normal -0.951056516295153 0.30901699437494884 0
    outer loop
      vertex -145.05422351411173 -0.4797002775348669 -365
      vertex -145.01541683887135 -0.3602656120150429 -365
      vertex -145.05422351411173 -0.4797002775348669 -370
    endloop
  endfacet
  facet normal -0.9822872507286942 0.18738131458569574 0
    outer loop
      vertex -144.9918852986855 -0.23690895841449258 -365
      vertex -145.01541683887135 -0.3602656120150429 -370
      vertex -145.01541683887135 -0.3602656120150429 -365
    endloop
  endfacet
  facet normal 0.8443279255020856 0.5358267949788854 0
    outer loop
      vertex -146.79301699437494 -0.6993609771426617 -365
      vertex -146.86030668004383 -0.593329398951904 -370
      vertex -146.86030668004383 -0.593329398951904 -365
    endloop
  endfacet
  facet normal 0 0 -1
    outer loop
      vertex -145.01541683887135 -0.3602656120150429 -365
      vertex -144.9918852986855 0.01375750871411574 -365
      vertex -144.9918852986855 -0.23690895841449258 -365
    endloop
  endfacet
  facet normal 0 0 -1
    outer loop
      vertex -144.9918852986855 0.01375750871411574 -365
      vertex -144.98399999999998 -0.11157572485018852 -365
      vertex -144.9918852986855 -0.23690895841449258 -365
    endloop
  endfacet
  facet normal 0 0 -1
    outer loop
      vertex -145.01541683887135 0.13711416231466628 -365
      vertex -144.9918852986855 0.01375750871411574 -365
      vertex -145.01541683887135 -0.3602656120150429 -365
    endloop
  endfacet
  facet normal 0 0 -1
    outer loop
      vertex -145.05422351411173 0.25654882783448946 -365
      vertex -145.01541683887135 0.13711416231466628 -365
      vertex -145.05422351411173 -0.4797002775348669 -365
    endloop
  endfacet
  facet normal 0 0 -1
    outer loop
      vertex -145.34657601025128 0.6589375179256006 -365
      vertex -145.25503137257857 0.5729713810785002 -365
      vertex -145.34657601025128 -0.8820889676259775 -365
    endloop
  endfacet
  facet normal 0 0 -1
    outer loop
      vertex -145.17498300562502 0.4762095274422846 -365
      vertex -145.10769331995613 0.3701779492515268 -365
      vertex -145.17498300562502 -0.6993609771426617 -365
    endloop
  endfacet
  facet normal 0 0 -1
    outer loop
      vertex -145.25503137257857 0.5729713810785002 -365
      vertex -145.17498300562502 0.4762095274422846 -365
      vertex -145.25503137257857 -0.796122830778877 -365
    endloop
  endfacet
  facet normal 0 0 -1
    outer loop
      vertex -145.448173205021 0.7327522006518266 -365
      vertex -145.34657601025128 0.6589375179256006 -365
      vertex -145.448173205021 -0.9559036503522038 -365
    endloop
  endfacet
  facet normal -0.9980267284282713 0.06279051952931575 0
    outer loop
      vertex -144.9918852986855 -0.23690895841449258 -365
      vertex -144.98399999999998 -0.11157572485018852 -365
      vertex -144.9918852986855 -0.23690895841449258 -370
    endloop
  endfacet
  facet normal -0.9980267284282713 -0.06279051952931565 0
    outer loop
      vertex -144.9918852986855 0.01375750871411574 -365
      vertex -144.98399999999998 -0.11157572485018852 -370
      vertex -144.98399999999998 -0.11157572485018852 -365
    endloop
  endfacet
  facet normal -0.9822872507286942 -0.18738131458569543 0
    outer loop
      vertex -145.01541683887135 0.13711416231466628 -365
      vertex -144.9918852986855 0.01375750871411574 -370
      vertex -144.9918852986855 0.01375750871411574 -365
    endloop
  endfacet
  facet normal -0.9510565162951525 -0.3090169943749507 0
    outer loop
      vertex -145.05422351411173 0.25654882783448946 -365
      vertex -145.01541683887135 0.13711416231466628 -370
      vertex -145.01541683887135 0.13711416231466628 -365
    endloop
  endfacet
  facet normal -0.9048270524659796 0.42577929156515776 0
    outer loop
      vertex -145.05422351411173 -0.4797002775348669 -370
      vertex -145.10769331995613 -0.593329398951904 -370
      vertex -145.05422351411173 -0.4797002775348669 -365
    endloop
  endfacet
  facet normal 0 0 -1
    outer loop
      vertex -146.51982679497897 0.7327522006518264 -365
      vertex -146.40977929156506 0.793251327615831 -365
      vertex -146.51982679497897 -0.9559036503522035 -365
    endloop
  endfacet
  facet normal 0 0 -1
    outer loop
      vertex -146.62142398974868 0.6589375179256008 -365
      vertex -146.51982679497897 0.7327522006518264 -365
      vertex -146.62142398974868 -0.8820889676259779 -365
    endloop
  endfacet
  facet normal 0 0 -1
    outer loop
      vertex -146.7129686274214 0.5729713810785 -365
      vertex -146.62142398974868 0.6589375179256008 -365
      vertex -146.7129686274214 -0.796122830778877 -365
    endloop
  endfacet
  facet normal 0 0 -1
    outer loop
      vertex -146.79301699437494 0.4762095274422846 -365
      vertex -146.7129686274214 0.5729713810785 -365
      vertex -146.79301699437494 -0.6993609771426617 -365
    endloop
  endfacet
  facet normal 0 0 -1
    outer loop
      vertex -146.17138131458572 0.8707115258785002 -365
      vertex -146.04679051952928 0.886451003578083 -365
      vertex -146.17138131458572 -1.0938629755788771 -365
    endloop
  endfacet
  facet normal 0 0 -1
    outer loop
      vertex -146.04679051952928 0.886451003578083 -365
      vertex -145.92120948047068 0.886451003578083 -365
      vertex -146.04679051952928 -1.10960245327846 -365
    endloop
  endfacet
  facet normal 0 0 -1
    outer loop
      vertex -145.92120948047068 0.886451003578083 -365
      vertex -145.79661868541424 0.8707115258785002 -365
      vertex -145.92120948047068 -1.10960245327846 -365
    endloop
  endfacet
  facet normal 0 0 -1
    outer loop
      vertex -145.67498300562502 0.839480791444965 -365
      vertex -145.5582207084349 0.793251327615831 -365
      vertex -145.67498300562502 -1.0626322411453422 -365
    endloop
  endfacet
  facet normal 0 0 -1
    outer loop
      vertex -145.79661868541424 0.8707115258785002 -365
      vertex -145.67498300562502 0.839480791444965 -365
      vertex -145.79661868541424 -1.0938629755788771 -365
    endloop
  endfacet
  facet normal 0 0 -1
    outer loop
      vertex -145.5582207084349 0.793251327615831 -365
      vertex -145.448173205021 0.7327522006518266 -365
      vertex -145.5582207084349 -1.016402777316208 -365
    endloop
  endfacet
  facet normal 0.9048270524659803 0.42577929156515626 0
    outer loop
      vertex -146.91377648588823 -0.4797002775348664 -370
      vertex -146.86030668004383 -0.593329398951904 -365
      vertex -146.86030668004383 -0.593329398951904 -370
    endloop
  endfacet
  facet normal 0.9510565162951523 0.30901699437495106 0
    outer loop
      vertex -146.95258316112862 -0.36026561201504337 -370
      vertex -146.91377648588823 -0.4797002775348664 -365
      vertex -146.91377648588823 -0.4797002775348664 -370
    endloop
  endfacet
  facet normal 0.9822872507286942 0.18738131458569507 0
    outer loop
      vertex -146.95258316112862 -0.36026561201504337 -370
      vertex -146.97611470131446 -0.23690895841449258 -370
      vertex -146.95258316112862 -0.36026561201504337 -365
    endloop
  endfacet
  facet normal 0.9980267284282713 -0.06279051952931575 0
    outer loop
      vertex -146.98399999999998 -0.11157572485018852 -370
      vertex -146.97611470131446 0.013757508714115546 -370
      vertex -146.98399999999998 -0.11157572485018852 -365
    endloop
  endfacet
  facet normal 0.9822872507286942 -0.18738131458569507 0
    outer loop
      vertex -146.97611470131446 0.013757508714115546 -370
      vertex -146.95258316112862 0.13711416231466633 -370
      vertex -146.97611470131446 0.013757508714115546 -365
    endloop
  endfacet
  facet normal 0.9510565162951523 -0.30901699437495106 0
    outer loop
      vertex -146.95258316112862 0.13711416231466633 -370
      vertex -146.91377648588823 0.25654882783448935 -370
      vertex -146.95258316112862 0.13711416231466633 -365
    endloop
  endfacet
  facet normal -0.5877852522924127 0.8090169943749913 0
    outer loop
      vertex -145.448173205021 -0.9559036503522038 -365
      vertex -145.34657601025128 -0.8820889676259775 -365
      vertex -145.448173205021 -0.9559036503522038 -370
    endloop
  endfacet
  facet normal -0.6845471059287284 0.7289686274213744 0
    outer loop
      vertex -145.34657601025128 -0.8820889676259775 -365
      vertex -145.25503137257857 -0.796122830778877 -365
      vertex -145.34657601025128 -0.8820889676259775 -370
    endloop
  endfacet
  facet normal 0 0 -1
    outer loop
      vertex -146.40977929156506 0.793251327615831 -365
      vertex -146.29301699437494 0.839480791444965 -365
      vertex -146.40977929156506 -1.016402777316208 -365
    endloop
  endfacet
  facet normal -0.7705132427757408 0.6374239897487481 0
    outer loop
      vertex -145.25503137257857 -0.796122830778877 -365
      vertex -145.17498300562502 -0.6993609771426617 -365
      vertex -145.25503137257857 -0.796122830778877 -370
    endloop
  endfacet
  facet normal 0 0 -1
    outer loop
      vertex -146.86030668004383 0.37017794925152686 -365
      vertex -146.79301699437494 0.4762095274422846 -365
      vertex -146.86030668004383 -0.593329398951904 -365
    endloop
  endfacet
  facet normal 0 0 -1
    outer loop
      vertex -146.29301699437494 0.839480791444965 -365
      vertex -146.17138131458572 0.8707115258785002 -365
      vertex -146.29301699437494 -1.0626322411453422 -365
    endloop
  endfacet
  facet normal 0 0 -1
    outer loop
      vertex -145.5582207084349 -1.016402777316208 -365
      vertex -145.448173205021 0.7327522006518266 -365
      vertex -145.448173205021 -0.9559036503522038 -365
    endloop
  endfacet
  facet normal 0 0 1
    outer loop
      vertex -133.63464135201372 10.367664200728232 -280.4
      vertex -134.5636407839331 9.999847305474177 -280.4
      vertex -135.14718622002448 9.679040487217076 -280.4
    endloop
  endfacet
  facet normal 0 0 -1
    outer loop
      vertex -110.5758237651926 7.690191251811029 -369.6
      vertex -110.79096653849906 6.384535383985506 -369.6
      vertex -111.25498815617189 8.327969066666048 -369.6
    endloop
  endfacet
  facet normal 0 0 -1
    outer loop
      vertex -113.25094726602141 8.419608427497709 -369.6
      vertex -112.82516797445635 9.324435479963729 -369.6
      vertex -112.54455868388207 8.031268018210755 -369.6
    endloop
  endfacet
  facet normal 0 0 -1
    outer loop
      vertex -112.00873188890309 8.875595943712769 -369.6
      vertex -112.54455868388207 8.031268018210755 -369.6
      vertex -112.82516797445635 9.324435479963729 -369.6
    endloop
  endfacet
  facet normal 0 0 -1
    outer loop
      vertex -113.6914207280472 9.667409207808502 -369.6
      vertex -112.82516797445635 9.324435479963729 -369.6
      vertex -113.25094726602141 8.419608427497709 -369.6
    endloop
  endfacet
  facet normal 0 0 -1
    outer loop
      vertex -114.00043772242216 8.71635269151335 -369.6
      vertex -113.6914207280472 9.667409207808502 -369.6
      vertex -113.25094726602141 8.419608427497709 -369.6
    endloop
  endfacet
  facet normal 0 0 -1
    outer loop
      vertex -110.01581832210475 0.2486054369780799 -369.6
      vertex -109.48273124419595 -0.962527018808593 -369.6
      vertex -109.98194954412412 -1.749169186577602 -369.6
    endloop
  endfacet
  facet normal 0.8568868318724012 0.4947238430465574 0.1448905672738032
    outer loop
      vertex -135.14718622002448 9.679040487217076 -280.4
      vertex -119.96427692280113 9.037023011037574 -368
      vertex -135.44890019498962 10.201624421210282 -280.4
    endloop
  endfacet
  facet normal -0.47981775376739677 0.8727852540284556 -0.08955905046445051
    outer loop
      vertex -135.14718622002448 9.679040487217076 -280.4
      vertex -134.5636407839331 9.999847305474177 -280.4
      vertex -119.96427692280113 9.037023011037574 -368
    endloop
  endfacet
  facet normal -0.3672084403791736 0.9274626503293898 -0.07050527326575584
    outer loop
      vertex -133.63464135201372 10.367664200728232 -280.4
      vertex -119.14283202554364 9.324435479963729 -369.6
      vertex -134.5636407839331 9.999847305474177 -280.4
    endloop
  endfacet
  facet normal -0.2483743557730161 0.9673542474947643 -0.05035811005367079
    outer loop
      vertex -133.13448914312102 10.4960814615134 -280.4
      vertex -117.63387086993727 9.832428677887764 -369.6
      vertex -133.63464135201372 10.367664200728232 -280.4
    endloop
  endfacet
  facet normal 0 0.999966925821274 -0.008133096799547462
    outer loop
      vertex -130.67641787138123 10.741374734341216 -280.4
      vertex -115.5181607543649 10.015878504629615 -369.6
      vertex -131.20650174979085 10.741374734341216 -280.4
    endloop
  endfacet
  facet normal 0.36757480824393546 0.9283879899280566 0.054630582110908286
    outer loop
      vertex -127.78835921606682 9.999847305474177 -280.4
      vertex -113.6914207280472 9.667409207808502 -369.6
      vertex -128.7173586479862 10.367664200728232 -280.4
    endloop
  endfacet
  facet normal 0.12532226736398236 0.9920278949005076 0.013228191184659807
    outer loop
      vertex -129.685132322748 10.616146247119769 -280.4
      vertex -115.5181607543649 10.015878504629615 -369.6
      vertex -130.67641787138123 10.741374734341216 -280.4
    endloop
  endfacet
  facet normal 0.24854382254622595 0.9680142769988672 0.03426846656141126
    outer loop
      vertex -128.7173586479862 10.367664200728232 -280.4
      vertex -114.59382882627725 9.89910822667641 -369.6
      vertex -129.685132322748 10.616146247119769 -280.4
    endloop
  endfacet
  facet normal 0 0 -1
    outer loop
      vertex -109.0860418362165 -0.1195191157065949 -369.6
      vertex -109.0860418362165 5.342670565406972 -369.6
      vertex -108.7981373491204 0.7665597845079586 -369.6
    endloop
  endfacet
  facet normal 0 0 -1
    outer loop
      vertex -109.48273124419595 -0.962527018808593 -369.6
      vertex -109.48273124419595 6.18567846850897 -369.6
      vertex -109.0860418362165 -0.1195191157065949 -369.6
    endloop
  endfacet
  facet normal 0 0 -1
    outer loop
      vertex -109.61567290996942 1.807068921825115 -369.6
      vertex -109.56505763215381 2.6115757248501885 -369.6
      vertex -109.48273124419595 -0.962527018808593 -369.6
    endloop
  endfacet
  facet normal 0 0 -1
    outer loop
      vertex -109.61567290996942 1.807068921825115 -369.6
      vertex -109.48273124419595 -0.962527018808593 -369.6
      vertex -109.76672051024903 1.015249671672816 -369.6
    endloop
  endfacet
  facet normal 0 0 -1
    outer loop
      vertex -110.01581832210475 0.2486054369780799 -369.6
      vertex -109.76672051024903 1.015249671672816 -369.6
      vertex -109.48273124419595 -0.962527018808593 -369.6
    endloop
  endfacet
  facet normal 0 0 -1
    outer loop
      vertex -115.51564277927841 1.6162659671375668 -369.6
      vertex -115.64408130618756 1.5654135569255196 -369.6
      vertex -115.72378344709892 1.6685958875865534 -369.6
    endloop
  endfacet
  facet normal 0 0 -1
    outer loop
      vertex -119.68696351097971 9.025296664440688 -369.6
      vertex -118.27657927195278 9.667409207808502 -369.6
      vertex -117.96756227757783 8.71635269151335 -369.6
    endloop
  endfacet
  facet normal 0 0 -1
    outer loop
      vertex -108.7981373491204 4.456591665192418 -369.6
      vertex -108.62355820865494 3.5414157614395663 -369.6
      vertex -108.62355820865494 1.681735688260811 -369.6
    endloop
  endfacet
  facet normal 0 0 -1
    outer loop
      vertex -109.0860418362165 5.342670565406972 -369.6
      vertex -108.7981373491204 4.456591665192418 -369.6
      vertex -108.7981373491204 0.7665597845079586 -369.6
    endloop
  endfacet
  facet normal 0 0 -1
    outer loop
      vertex -109.48273124419595 6.18567846850897 -369.6
      vertex -109.0860418362165 5.342670565406972 -369.6
      vertex -109.0860418362165 -0.1195191157065949 -369.6
    endloop
  endfacet
  facet normal 0 0 -1
    outer loop
      vertex -109.48273124419595 6.18567846850897 -369.6
      vertex -109.56505763215381 2.6115757248501885 -369.6
      vertex -109.61567290996942 3.4160825278752633 -369.6
    endloop
  endfacet
  facet normal 0 0 -1
    outer loop
      vertex -109.48273124419595 6.18567846850897 -369.6
      vertex -109.61567290996942 3.4160825278752633 -369.6
      vertex -109.76672051024903 4.207901778027563 -369.6
    endloop
  endfacet
  facet normal 0 0 -1
    outer loop
      vertex -110.01581832210475 4.9745460127222945 -369.6
      vertex -109.98194954412412 6.9723206362779795 -369.6
      vertex -109.76672051024903 4.207901778027563 -369.6
    endloop
  endfacet
  facet normal 0 0 -1
    outer loop
      vertex -119.68696351097971 9.025296664440688 -369.6
      vertex -117.96756227757783 8.71635269151335 -369.6
      vertex -120.59653264988016 7.886423075084004 -369.6
    endloop
  endfacet
  facet normal 0.856886831872369 0.494723843046616 0.14489056727379376
    outer loop
      vertex -119.68696351097971 9.025296664440688 -369.6
      vertex -119.77132284838261 9.171411322915342 -369.6
      vertex -119.86044559967095 9.03263244775886 -368.5990698968259
    endloop
  endfacet
  facet normal -0.4798177537674056 0.8727852540284499 -0.0895590504644592
    outer loop
      vertex -119.86044559967095 9.03263244775886 -368.5990698968259
      vertex -119.79942549525047 9.127650850254179 -368
      vertex -119.14283202554364 9.324435479963729 -369.6
    endloop
  endfacet
  facet normal -0.47981775376739244 0.8727852540284584 -0.08955905046444723
    outer loop
      vertex -119.86044559967095 9.03263244775886 -368.5990698968259
      vertex -119.14283202554364 9.324435479963729 -369.6
      vertex -119.68696351097971 9.025296664440688 -369.6
    endloop
  endfacet
  facet normal 0 0 -1
    outer loop
      vertex -111.25498815617189 8.327969066666048 -369.6
      vertex -111.89241214592057 7.557455823890258 -369.6
      vertex -112.00873188890309 8.875595943712769 -369.6
    endloop
  endfacet
  facet normal 0 0 -1
    outer loop
      vertex -118.27657927195278 9.667409207808502 -369.6
      vertex -117.18678985913702 8.91682097594772 -369.6
      vertex -117.96756227757783 8.71635269151335 -369.6
    endloop
  endfacet
  facet normal 0 0 -1
    outer loop
      vertex -114.78121014086297 8.91682097594772 -369.6
      vertex -114.59382882627725 9.89910822667641 -369.6
      vertex -114.00043772242216 8.71635269151335 -369.6
    endloop
  endfacet
  facet normal 0 0 -1
    outer loop
      vertex -109.98194954412412 6.9723206362779795 -369.6
      vertex -110.01581832210475 4.9745460127222945 -369.6
      vertex -110.3590379242398 5.703924794407254 -369.6
    endloop
  endfacet
  facet normal 0 0 -1
    outer loop
      vertex -109.48273124419595 6.18567846850897 -369.6
      vertex -109.76672051024903 4.207901778027563 -369.6
      vertex -109.98194954412412 6.9723206362779795 -369.6
    endloop
  endfacet
  facet normal 0 0 -1
    outer loop
      vertex -110.79096653849906 6.384535383985506 -369.6
      vertex -110.5758237651926 7.690191251811029 -369.6
      vertex -110.3590379242398 5.703924794407254 -369.6
    endloop
  endfacet
  facet normal 0 0 -1
    outer loop
      vertex -109.98194954412412 6.9723206362779795 -369.6
      vertex -110.3590379242398 5.703924794407254 -369.6
      vertex -110.5758237651926 7.690191251811029 -369.6
    endloop
  endfacet
  facet normal 0 0 -1
    outer loop
      vertex -110.79096653849906 6.384535383985506 -369.6
      vertex -111.30479239261402 7.005644145882343 -369.6
      vertex -111.25498815617189 8.327969066666048 -369.6
    endloop
  endfacet
  facet normal 0 0 -1
    outer loop
      vertex -111.25498815617189 8.327969066666048 -369.6
      vertex -111.30479239261402 7.005644145882343 -369.6
      vertex -111.89241214592057 7.557455823890258 -369.6
    endloop
  endfacet
  facet normal 0 0 -1
    outer loop
      vertex -112.54455868388207 8.031268018210755 -369.6
      vertex -112.00873188890309 8.875595943712769 -369.6
      vertex -111.89241214592057 7.557455823890258 -369.6
    endloop
  endfacet
  facet normal 0 0 -1
    outer loop
      vertex -116.70507396102585 1.8482423922497122 -369.6
      vertex -116.68516638872356 1.76401115779682 -369.6
      vertex -116.79589674188746 1.9335306604309332 -369.6
    endloop
  endfacet
  facet normal 0 0 -1
    outer loop
      vertex -116.87531390355828 2.0295295179498622 -369.6
      vertex -116.87391869381244 1.9650119473284682 -369.6
      vertex -116.94207298995725 2.1347250054764886 -369.6
    endloop
  endfacet
  facet normal 0 0 -1
    outer loop
      vertex -114.59382882627725 9.89910822667641 -369.6
      vertex -113.6914207280472 9.667409207808502 -369.6
      vertex -114.00043772242216 8.71635269151335 -369.6
    endloop
  endfacet
  facet normal -0.36720844037917466 0.9274626503293895 -0.07050527326575602
    outer loop
      vertex -133.63464135201372 10.367664200728232 -280.4
      vertex -118.27657927195278 9.667409207808502 -369.6
      vertex -119.14283202554364 9.324435479963729 -369.6
    endloop
  endfacet
  facet normal -0.24837435577301736 0.967354247494764 -0.05035811005367102
    outer loop
      vertex -117.63387086993727 9.832428677887764 -369.6
      vertex -118.27657927195278 9.667409207808502 -369.6
      vertex -133.63464135201372 10.367664200728232 -280.4
    endloop
  endfacet
  facet normal 0 0.999966925821274 -0.008133096799547462
    outer loop
      vertex -115.5181607543649 10.015878504629615 -369.6
      vertex -116.19196849247106 10.015878504629615 -369.6
      vertex -131.20650174979085 10.741374734341216 -280.4
    endloop
  endfacet
  facet normal 0 0 -1
    outer loop
      vertex -116.79589674188746 1.9335306604309332 -369.6
      vertex -116.68516638872356 1.76401115779682 -369.6
      vertex -116.78586549016354 1.8585739083286312 -369.6
    endloop
  endfacet
  facet normal 0.1253222673639823 0.9920278949005076 0.013228191184659793
    outer loop
      vertex -114.59382882627725 9.89910822667641 -369.6
      vertex -115.5181607543649 10.015878504629615 -369.6
      vertex -129.685132322748 10.616146247119769 -280.4
    endloop
  endfacet
  facet normal 0.24854382254622553 0.9680142769988673 0.0342684665614112
    outer loop
      vertex -113.6914207280472 9.667409207808502 -369.6
      vertex -114.59382882627725 9.89910822667641 -369.6
      vertex -128.7173586479862 10.367664200728232 -280.4
    endloop
  endfacet
  facet normal 0.36757480824393696 0.9283879899280562 0.05463058211090853
    outer loop
      vertex -112.82516797445635 9.324435479963729 -369.6
      vertex -113.6914207280472 9.667409207808502 -369.6
      vertex -127.78835921606682 9.999847305474177 -280.4
    endloop
  endfacet
  facet normal 0.48043371323273254 0.8739056801365116 0.07397505940889539
    outer loop
      vertex -112.00873188890309 8.875595943712769 -369.6
      vertex -112.82516797445635 9.324435479963729 -369.6
      vertex -126.91278490298858 9.518496253518922 -280.4
    endloop
  endfacet
  facet normal -0.47981775376738267 0.8727852540284636 -0.0895590504644481
    outer loop
      vertex -119.14283202554364 9.324435479963729 -369.6
      vertex -119.79942549525047 9.127650850254179 -368
      vertex -134.5636407839331 9.999847305474177 -280.4
    endloop
  endfacet
  facet normal 0 0 -1
    outer loop
      vertex -119.14283202554364 9.324435479963729 -369.6
      vertex -118.27657927195278 9.667409207808502 -369.6
      vertex -119.68696351097971 9.025296664440688 -369.6
    endloop
  endfacet
  facet normal 0 0 -1
    outer loop
      vertex -118.27657927195278 9.667409207808502 -369.6
      vertex -117.63387086993727 9.832428677887764 -369.6
      vertex -117.18678985913702 8.91682097594772 -369.6
    endloop
  endfacet
  facet normal 0 0 -1
    outer loop
      vertex -116.38704872610577 9.017851776201343 -369.6
      vertex -117.18678985913702 8.91682097594772 -369.6
      vertex -117.63387086993727 9.832428677887764 -369.6
    endloop
  endfacet
  facet normal 0 0 -1
    outer loop
      vertex -116.6042778904825 1.7750097603441601 -369.6
      vertex -116.57340947447689 1.6828150067979721 -369.6
      vertex -116.68516638872356 1.76401115779682 -369.6
    endloop
  endfacet
  facet normal 0 0 -1
    outer loop
      vertex -116.38704872610577 9.017851776201343 -369.6
      vertex -117.63387086993727 9.832428677887764 -369.6
      vertex -116.19196849247106 10.015878504629615 -369.6
    endloop
  endfacet
  facet normal 0 0 -1
    outer loop
      vertex -116.38704872610577 9.017851776201343 -369.6
      vertex -116.19196849247106 10.015878504629615 -369.6
      vertex -115.58095127389421 9.017851776201343 -369.6
    endloop
  endfacet
  facet normal 0 0 -1
    outer loop
      vertex -115.5181607543649 10.015878504629615 -369.6
      vertex -114.59382882627725 9.89910822667641 -369.6
      vertex -114.78121014086297 8.91682097594772 -369.6
    endloop
  endfacet
  facet normal 0 0 -1
    outer loop
      vertex -116.19196849247106 10.015878504629615 -369.6
      vertex -115.5181607543649 10.015878504629615 -369.6
      vertex -115.58095127389421 9.017851776201343 -369.6
    endloop
  endfacet
  facet normal 0 0 -1
    outer loop
      vertex -116.6042778904825 1.7750097603441601 -369.6
      vertex -116.68516638872356 1.76401115779682 -369.6
      vertex -116.70507396102585 1.8482423922497122 -369.6
    endloop
  endfacet
  facet normal 0 0 -1
    outer loop
      vertex -115.51564277927841 1.6162659671375668 -369.6
      vertex -115.72378344709892 1.6685958875865534 -369.6
      vertex -115.60794185549736 1.7144608182853232 -369.6
    endloop
  endfacet
  facet normal 0 0 -1
    outer loop
      vertex -110.79096653849906 -1.1613839342851286 -369.6
      vertex -110.3590379242398 -0.4807733447068778 -369.6
      vertex -109.98194954412412 -1.749169186577602 -369.6
    endloop
  endfacet
  facet normal 0 0 -1
    outer loop
      vertex -115.09408130618755 1.9650119473284682 -369.6
      vertex -115.2277260964417 2.0290026491687057 -369.6
      vertex -115.16096701004273 2.134198136695332 -369.6
    endloop
  endfacet
  facet normal 0 0 -1
    outer loop
      vertex -115.09408130618755 1.9650119473284682 -369.6
      vertex -115.18213450983644 1.8585739083286312 -369.6
      vertex -115.2277260964417 2.0290026491687057 -369.6
    endloop
  endfacet
  facet normal 0 0 -1
    outer loop
      vertex -115.30714325811252 1.9330037916497762 -369.6
      vertex -115.2277260964417 2.0290026491687057 -369.6
      vertex -115.28283361127643 1.7640111577968205 -369.6
    endloop
  endfacet
  facet normal 0 0 -1
    outer loop
      vertex -115.28283361127643 1.7640111577968205 -369.6
      vertex -115.2277260964417 2.0290026491687057 -369.6
      vertex -115.18213450983644 1.8585739083286312 -369.6
    endloop
  endfacet
  facet normal 0 0 -1
    outer loop
      vertex -115.28283361127643 1.7640111577968205 -369.6
      vertex -115.39796603897412 1.8477155234685558 -369.6
      vertex -115.30714325811252 1.9330037916497762 -369.6
    endloop
  endfacet
  facet normal 0 0 -1
    outer loop
      vertex -115.49876210951743 1.7744828915630029 -369.6
      vertex -115.39796603897412 1.8477155234685558 -369.6
      vertex -115.3945905255231 1.6828150067979717 -369.6
    endloop
  endfacet
  facet normal 0 0 -1
    outer loop
      vertex -115.3945905255231 1.6828150067979717 -369.6
      vertex -115.39796603897412 1.8477155234685558 -369.6
      vertex -115.28283361127643 1.7640111577968205 -369.6
    endloop
  endfacet
  facet normal 0 0 -1
    outer loop
      vertex -115.51564277927841 1.6162659671375668 -369.6
      vertex -115.49876210951743 1.7744828915630029 -369.6
      vertex -115.3945905255231 1.6828150067979717 -369.6
    endloop
  endfacet
  facet normal 0 0 -1
    outer loop
      vertex -115.60794185549736 1.7144608182853232 -369.6
      vertex -115.49876210951743 1.7744828915630029 -369.6
      vertex -115.51564277927841 1.6162659671375668 -369.6
    endloop
  endfacet
  facet normal 0 0 -1
    outer loop
      vertex -110.3590379242398 -0.4807733447068778 -369.6
      vertex -110.01581832210475 0.2486054369780799 -369.6
      vertex -109.98194954412412 -1.749169186577602 -369.6
    endloop
  endfacet
  facet normal 0 0 -1
    outer loop
      vertex -114.78121014086297 8.91682097594772 -369.6
      vertex -115.58095127389421 9.017851776201343 -369.6
      vertex -115.5181607543649 10.015878504629615 -369.6
    endloop
  endfacet
  facet normal 0 0 -1
    outer loop
      vertex -115.74250300562504 1.6613599572793323 -369.6
      vertex -115.72378344709892 1.6685958875865534 -369.6
      vertex -115.64408130618756 1.5654135569255196 -369.6
    endloop
  endfacet
  facet normal 0 0 -1
    outer loop
      vertex -115.86413868541426 1.6301292228457973 -369.6
      vertex -115.74250300562504 1.6613599572793323 -369.6
      vertex -115.7778805539557 1.531059749048631 -369.6
    endloop
  endfacet
  facet normal 0 0 -1
    outer loop
      vertex -116.2389013145857 1.6301292228457973 -369.6
      vertex -116.32391869381243 1.5654135569255196 -369.6
      vertex -116.36053699437494 1.6613599572793323 -369.6
    endloop
  endfacet
  facet normal 0.4804337132327334 0.8739056801365112 0.07397505940889552
    outer loop
      vertex -126.91278490298858 9.518496253518922 -280.4
      vertex -112.82516797445635 9.324435479963729 -369.6
      vertex -127.78835921606682 9.999847305474177 -280.4
    endloop
  endfacet
  facet normal 0.8568868318723902 0.494723843046577 0.14489056727380098
    outer loop
      vertex -119.96427692280113 9.037023011037574 -368
      vertex -120.25804240215 9.545839746779624 -368
      vertex -135.44890019498962 10.201624421210282 -280.4
    endloop
  endfacet
  facet normal 0 0 -1
    outer loop
      vertex -116.78586549016354 1.8585739083286312 -369.6
      vertex -116.87531390355828 2.0295295179498622 -369.6
      vertex -116.79589674188746 1.9335306604309332 -369.6
    endloop
  endfacet
  facet normal 0 0 -1
    outer loop
      vertex -116.87391869381244 1.9650119473284682 -369.6
      vertex -116.87531390355828 2.0295295179498622 -369.6
      vertex -116.78586549016354 1.8585739083286312 -369.6
    endloop
  endfacet
  facet normal -0.4798177537674384 0.872785254028432 -0.08955905046445718
    outer loop
      vertex -119.96427692280113 9.037023011037574 -368
      vertex -134.5636407839331 9.999847305474177 -280.4
      vertex -119.79942549525047 9.127650850254179 -368
    endloop
  endfacet
  facet normal 0 0 -1
    outer loop
      vertex -117.05696783038997 2.4883349643826373 -369.6
      vertex -117.04944147724149 2.338016848968848 -369.6
      vertex -117.06479095114013 2.612679907965064 -369.6
    endloop
  endfacet
  facet normal 0 0 -1
    outer loop
      vertex -116.94207298995725 3.0906348104536403 -369.6
      vertex -117.00675413447708 3.016512732803334 -369.6
      vertex -116.94793734804824 3.1415047663620754 -369.6
    endloop
  endfacet
  facet normal 0 0 -1
    outer loop
      vertex -116.94207298995725 3.0906348104536403 -369.6
      vertex -116.94793734804824 3.1415047663620754 -369.6
      vertex -116.87531390355828 3.1958302979802666 -369.6
    endloop
  endfacet
  facet normal 0 0 -1
    outer loop
      vertex -116.87531390355828 3.1958302979802666 -369.6
      vertex -116.94793734804824 3.1415047663620754 -369.6
      vertex -116.87391869381244 3.258139502371909 -369.6
    endloop
  endfacet
  facet normal 0 0 -1
    outer loop
      vertex -116.87391869381244 3.258139502371909 -369.6
      vertex -116.79589674188746 3.291829155499195 -369.6
      vertex -116.87531390355828 3.1958302979802666 -369.6
    endloop
  endfacet
  facet normal 0 0 -1
    outer loop
      vertex -117.05696783038995 2.7370248515474915 -369.6
      vertex -117.08399999999999 2.6115757248501885 -369.6
      vertex -117.07532617144592 2.749442281770923 -369.6
    endloop
  endfacet
  facet normal 0 0 -1
    outer loop
      vertex -116.87391869381244 3.258139502371909 -369.6
      vertex -116.78586549016354 3.364577541371746 -369.6
      vertex -116.79589674188746 3.291829155499195 -369.6
    endloop
  endfacet
  facet normal 0 0 -1
    outer loop
      vertex -117.06479095114013 2.612679907965064 -369.6
      vertex -117.08399999999999 2.6115757248501885 -369.6
      vertex -117.05696783038995 2.7370248515474915 -369.6
    endloop
  endfacet
  facet normal 0 0 -1
    outer loop
      vertex -116.79589674188746 3.291829155499195 -369.6
      vertex -116.78586549016354 3.364577541371746 -369.6
      vertex -116.70507396102583 3.3771174236804162 -369.6
    endloop
  endfacet
  facet normal 0 0 -1
    outer loop
      vertex -116.78586549016354 3.364577541371746 -369.6
      vertex -116.68516638872356 3.459140291903557 -369.6
      vertex -116.70507396102583 3.3771174236804162 -369.6
    endloop
  endfacet
  facet normal 0 0 -1
    outer loop
      vertex -117.04944147724149 2.338016848968848 -369.6
      vertex -117.07532617144592 2.473709167929454 -369.6
      vertex -117.06479095114013 2.612679907965064 -369.6
    endloop
  endfacet
  facet normal 0 0 -1
    outer loop
      vertex -116.99512117041189 2.9779016885983496 -369.6
      vertex -117.00675413447708 3.016512732803334 -369.6
      vertex -116.94207298995725 3.0906348104536403 -369.6
    endloop
  endfacet
  facet normal 0 0 -1
    outer loop
      vertex -116.70507396102583 3.3771174236804162 -369.6
      vertex -116.68516638872356 3.459140291903557 -369.6
      vertex -116.60427789048252 3.4503500555859685 -369.6
    endloop
  endfacet
  facet normal 0 0 -1
    outer loop
      vertex -116.60427789048252 3.4503500555859685 -369.6
      vertex -116.68516638872356 3.459140291903557 -369.6
      vertex -116.4950981445026 3.5103721288636485 -369.6
    endloop
  endfacet
  facet normal 0 0 -1
    outer loop
      vertex -116.4950981445026 3.5103721288636485 -369.6
      vertex -116.68516638872356 3.459140291903557 -369.6
      vertex -116.57340947447689 3.540336442902405 -369.6
    endloop
  endfacet
  facet normal 0 0 -1
    outer loop
      vertex -116.4950981445026 3.5103721288636485 -369.6
      vertex -116.57340947447689 3.540336442902405 -369.6
      vertex -116.45235722072158 3.6068854825628103 -369.6
    endloop
  endfacet
  facet normal 0 0 -1
    outer loop
      vertex -116.4950981445026 3.5103721288636485 -369.6
      vertex -116.45235722072158 3.6068854825628103 -369.6
      vertex -116.37925655290104 3.5562370595624184 -369.6
    endloop
  endfacet
  facet normal 0 0 -1
    outer loop
      vertex -116.37925655290104 3.5562370595624184 -369.6
      vertex -116.45235722072158 3.6068854825628103 -369.6
      vertex -116.36053699437494 3.5634729898696396 -369.6
    endloop
  endfacet
  facet normal 0 0 -1
    outer loop
      vertex -116.36053699437494 3.5634729898696396 -369.6
      vertex -116.45235722072158 3.6068854825628103 -369.6
      vertex -116.23890131458572 3.5947037243031748 -369.6
    endloop
  endfacet
  facet normal 0 0 -1
    outer loop
      vertex -115.7778805539557 3.692091700651746 -369.6
      vertex -115.74250300562503 3.5634729898696396 -369.6
      vertex -115.86413868541426 3.5947037243031748 -369.6
    endloop
  endfacet
  facet normal 0 0 -1
    outer loop
      vertex -115.74250300562503 3.5634729898696396 -369.6
      vertex -115.7778805539557 3.692091700651746 -369.6
      vertex -115.6257407084349 3.5172435260405055 -369.6
    endloop
  endfacet
  facet normal 0 0 -1
    outer loop
      vertex -116.23890131458572 3.5947037243031748 -369.6
      vertex -116.45235722072158 3.6068854825628103 -369.6
      vertex -116.32391869381243 3.6577378927748576 -369.6
    endloop
  endfacet
  facet normal 0 0 -1
    outer loop
      vertex -114.89267382855407 2.473709167929454 -369.6
      vertex -114.96124586552291 2.206638716897042 -369.6
      vertex -115.03824904885985 2.6121530391839074 -369.6
    endloop
  endfacet
  facet normal 0 0 1
    outer loop
      vertex -195.8142697822447 -0.4731438835868245 -280.4
      vertex -189.73856820696548 -0.8821712151756878 -280.4
      vertex -199.31200000297932 0.8009599688062078 -280.4
    endloop
  endfacet
  facet normal 0 0 -1
    outer loop
      vertex -116.99512117041189 2.9779016885983496 -369.6
      vertex -117.04944147724149 2.885134600731529 -369.6
      vertex -117.00675413447708 3.016512732803334 -369.6
    endloop
  endfacet
  facet normal 0 0 -1
    outer loop
      vertex -114.884 2.6115757248501885 -369.6
      vertex -115.03824904885985 2.6121530391839074 -369.6
      vertex -114.89267382855407 2.749442281770923 -369.6
    endloop
  endfacet
  facet normal 0 0 -1
    outer loop
      vertex -114.89267382855407 2.473709167929454 -369.6
      vertex -115.03824904885985 2.6121530391839074 -369.6
      vertex -114.884 2.6115757248501885 -369.6
    endloop
  endfacet
  facet normal 0 0 -1
    outer loop
      vertex -114.96124586552291 3.016512732803334 -369.6
      vertex -115.03824904885985 2.6121530391839074 -369.6
      vertex -115.02006265195175 3.1415047663620754 -369.6
    endloop
  endfacet
  facet normal 0 0 -1
    outer loop
      vertex -115.04607216961 2.7364979827663354 -369.6
      vertex -115.06941815657295 2.858881932308399 -369.6
      vertex -115.03486638279891 3.1648317135640407 -369.6
    endloop
  endfacet
  facet normal 0 0 -1
    outer loop
      vertex -114.9185585227585 2.885134600731529 -369.6
      vertex -115.03824904885985 2.6121530391839074 -369.6
      vertex -114.96124586552291 3.016512732803334 -369.6
    endloop
  endfacet
  facet normal 0 0 -1
    outer loop
      vertex -115.03824904885985 2.6121530391839074 -369.6
      vertex -115.04607216961 2.7364979827663354 -369.6
      vertex -115.02006265195175 3.1415047663620754 -369.6
    endloop
  endfacet
  facet normal 0 0 -1
    outer loop
      vertex -114.89267382855407 2.749442281770923 -369.6
      vertex -115.03824904885985 2.6121530391839074 -369.6
      vertex -114.9185585227585 2.885134600731529 -369.6
    endloop
  endfacet
  facet normal 0 0 -1
    outer loop
      vertex -114.89267382855407 2.473709167929454 -369.6
      vertex -114.9185585227585 2.3380168489688486 -369.6
      vertex -114.96124586552291 2.206638716897042 -369.6
    endloop
  endfacet
  facet normal 0 0 -1
    outer loop
      vertex -117.05696783038997 2.4883349643826373 -369.6
      vertex -117.00675413447708 2.206638716897043 -369.6
      vertex -117.04944147724149 2.338016848968848 -369.6
    endloop
  endfacet
  facet normal 0 0 -1
    outer loop
      vertex -115.04607216961 2.4878080956014808 -369.6
      vertex -115.03824904885985 2.6121530391839074 -369.6
      vertex -115.02006265195175 2.0816466833383016 -369.6
    endloop
  endfacet
  facet normal 0 0 -1
    outer loop
      vertex -115.02006265195175 2.0816466833383016 -369.6
      vertex -115.03824904885985 2.6121530391839074 -369.6
      vertex -114.96124586552291 2.206638716897042 -369.6
    endloop
  endfacet
  facet normal 0 0 -1
    outer loop
      vertex -115.06941815657295 2.3654241460594165 -369.6
      vertex -115.04607216961 2.4878080956014808 -369.6
      vertex -115.02006265195175 2.0816466833383016 -369.6
    endloop
  endfacet
  facet normal 0 0 -1
    outer loop
      vertex -115.02006265195175 2.0816466833383016 -369.6
      vertex -115.10791882958807 2.2469312585506223 -369.6
      vertex -115.06941815657295 2.3654241460594165 -369.6
    endloop
  endfacet
  facet normal 0 0 -1
    outer loop
      vertex -115.16096701004273 2.134198136695332 -369.6
      vertex -115.10791882958807 2.2469312585506223 -369.6
      vertex -115.09408130618755 1.9650119473284682 -369.6
    endloop
  endfacet
  facet normal 0 0 -1
    outer loop
      vertex -115.09408130618755 1.9650119473284682 -369.6
      vertex -115.10791882958807 2.2469312585506223 -369.6
      vertex -115.02006265195175 2.0816466833383016 -369.6
    endloop
  endfacet
  facet normal 0 0 -1
    outer loop
      vertex -117.03362184342701 2.8594088010895558 -369.6
      vertex -117.04944147724149 2.885134600731529 -369.6
      vertex -116.99512117041189 2.9779016885983496 -369.6
    endloop
  endfacet
  facet normal 0 0 -1
    outer loop
      vertex -117.03362184342701 2.8594088010895558 -369.6
      vertex -117.07532617144592 2.749442281770923 -369.6
      vertex -117.04944147724149 2.885134600731529 -369.6
    endloop
  endfacet
  facet normal 0 0 -1
    outer loop
      vertex -117.05696783038995 2.7370248515474915 -369.6
      vertex -117.07532617144592 2.749442281770923 -369.6
      vertex -117.03362184342701 2.8594088010895558 -369.6
    endloop
  endfacet
  facet normal 0.7646696158501585 0.6325897211303754 0.1229252753332883
    outer loop
      vertex -109.98194954412412 6.9723206362779795 -369.6
      vertex -110.5758237651926 7.690191251811029 -369.6
      vertex -124.73919337428197 7.477357945948012 -280.4
    endloop
  endfacet
  facet normal 0 0 -1
    outer loop
      vertex -115.16096701004271 3.0901079416724833 -369.6
      vertex -115.22772609644169 3.19530342919911 -369.6
      vertex -115.18213450983644 3.3645775413717462 -369.6
    endloop
  endfacet
  facet normal 0 0 -1
    outer loop
      vertex -115.22772609644169 3.19530342919911 -369.6
      vertex -115.28283361127643 3.4591402919035565 -369.6
      vertex -115.18213450983644 3.3645775413717462 -369.6
    endloop
  endfacet
  facet normal 0 0 -1
    outer loop
      vertex -115.22772609644169 3.19530342919911 -369.6
      vertex -115.3945905255231 3.5403364429024053 -369.6
      vertex -115.28283361127643 3.4591402919035565 -369.6
    endloop
  endfacet
  facet normal 0 0 -1
    outer loop
      vertex -115.30714325811252 3.291302286718039 -369.6
      vertex -115.39796603897412 3.376590554899259 -369.6
      vertex -115.3945905255231 3.5403364429024053 -369.6
    endloop
  endfacet
  facet normal 0 0 -1
    outer loop
      vertex -115.49876210951743 3.4498231868048115 -369.6
      vertex -115.51564277927841 3.6068854825628103 -369.6
      vertex -115.39796603897412 3.376590554899259 -369.6
    endloop
  endfacet
  facet normal 0 0 -1
    outer loop
      vertex -115.60794185549736 3.509845260082492 -369.6
      vertex -115.6257407084349 3.5172435260405055 -369.6
      vertex -115.51564277927841 3.6068854825628103 -369.6
    endloop
  endfacet
  facet normal 0 0 -1
    outer loop
      vertex -115.49876210951743 3.4498231868048115 -369.6
      vertex -115.60794185549736 3.509845260082492 -369.6
      vertex -115.51564277927841 3.6068854825628103 -369.6
    endloop
  endfacet
  facet normal 0.8951821258810403 0.4212407336192803 0.14562007362651533
    outer loop
      vertex -109.0860418362165 5.342670565406972 -369.6
      vertex -109.48273124419595 6.18567846850897 -369.6
      vertex -123.77839094306515 5.729664811593391 -280.4
    endloop
  endfacet
  facet normal 0.5852931120413262 0.8055868575899883 0.0919879767973389
    outer loop
      vertex -111.25498815617189 8.327969066666048 -369.6
      vertex -112.00873188890309 8.875595943712769 -369.6
      vertex -126.10444403871146 8.93120223849699 -280.4
    endloop
  endfacet
  facet normal 0.6805142863180823 0.7246741107245855 0.10838698889867844
    outer loop
      vertex -110.5758237651926 7.690191251811029 -369.6
      vertex -111.25498815617189 8.327969066666048 -369.6
      vertex -125.37608464154455 8.247227237857702 -280.4
    endloop
  endfacet
  facet normal 0 0 -1
    outer loop
      vertex -115.30714325811252 3.291302286718039 -369.6
      vertex -115.3945905255231 3.5403364429024053 -369.6
      vertex -115.22772609644169 3.19530342919911 -369.6
    endloop
  endfacet
  facet normal 0.8365532745609197 0.5308928514601065 0.13539349722183852
    outer loop
      vertex -109.48273124419595 6.18567846850897 -369.6
      vertex -109.98194954412412 6.9723206362779795 -369.6
      vertex -124.20381439266885 6.633735661398955 -280.4
    endloop
  endfacet
  facet normal 0.9397896059159864 0.305356153277064 0.15347024554651958
    outer loop
      vertex -108.7981373491204 4.456591665192418 -369.6
      vertex -109.0860418362165 5.342670565406972 -369.6
      vertex -123.46963220740676 4.779403133898509 -280.4
    endloop
  endfacet
  facet normal 0.9698157578583948 0.18500225008382037 0.15884446252063936
    outer loop
      vertex -108.62355820865494 3.5414157614395663 -369.6
      vertex -108.7981373491204 4.456591665192418 -369.6
      vertex -123.28240749539853 3.7979368226303585 -280.4
    endloop
  endfacet
  facet normal 0.9848964826431053 0.06196443448476988 0.1616766134486437
    outer loop
      vertex -108.62355820865494 3.5414157614395663 -369.6
      vertex -123.21966945259148 2.8007441878172035 -280.4
      vertex -108.56505763215381 2.6115757248501885 -369.6
    endloop
  endfacet
  facet normal 0.9848546014252183 -0.061961799541882356 0.16193254598475817
    outer loop
      vertex -108.62355820865494 1.681735688260811 -369.6
      vertex -108.56505763215381 2.6115757248501885 -369.6
      vertex -123.21966945259148 2.8007441878172035 -280.4
    endloop
  endfacet
  facet normal 0 0 -1
    outer loop
      vertex -115.51564277927841 3.6068854825628103 -369.6
      vertex -115.6257407084349 3.5172435260405055 -369.6
      vertex -115.64408130618756 3.6577378927748576 -369.6
    endloop
  endfacet
  facet normal 0 0 -1
    outer loop
      vertex -115.3945905255231 3.5403364429024053 -369.6
      vertex -115.39796603897412 3.376590554899259 -369.6
      vertex -115.51564277927841 3.6068854825628103 -369.6
    endloop
  endfacet
  facet normal 0 0 -1
    outer loop
      vertex -108.7981373491204 0.7665597845079586 -369.6
      vertex -108.7981373491204 4.456591665192418 -369.6
      vertex -108.62355820865494 1.681735688260811 -369.6
    endloop
  endfacet
  facet normal 0 0 -1
    outer loop
      vertex -109.48273124419595 -0.962527018808593 -369.6
      vertex -109.56505763215381 2.6115757248501885 -369.6
      vertex -109.48273124419595 6.18567846850897 -369.6
    endloop
  endfacet
  facet normal 0 0 -1
    outer loop
      vertex -116.99512117041189 2.2474581273317793 -369.6
      vertex -116.87391869381244 1.9650119473284682 -369.6
      vertex -116.94793734804824 2.0816466833383016 -369.6
    endloop
  endfacet
  facet normal 0 0 -1
    outer loop
      vertex -117.03362184342701 2.365951014840573 -369.6
      vertex -117.00675413447708 2.206638716897043 -369.6
      vertex -117.05696783038997 2.4883349643826373 -369.6
    endloop
  endfacet
  facet normal 0 0 -1
    outer loop
      vertex -116.23890131458572 3.5947037243031748 -369.6
      vertex -116.32391869381243 3.6577378927748576 -369.6
      vertex -116.19011944604429 3.692091700651746 -369.6
    endloop
  endfacet
  facet normal 0 0 -1
    outer loop
      vertex -116.23890131458572 3.5947037243031748 -369.6
      vertex -116.19011944604429 3.692091700651746 -369.6
      vertex -116.1143105195293 3.6104432020027577 -369.6
    endloop
  endfacet
  facet normal 0 0 -1
    outer loop
      vertex -116.99512117041189 2.2474581273317793 -369.6
      vertex -117.00675413447708 2.206638716897043 -369.6
      vertex -117.03362184342701 2.365951014840573 -369.6
    endloop
  endfacet
  facet normal 0 0 -1
    outer loop
      vertex -116.1143105195293 3.6104432020027577 -369.6
      vertex -116.19011944604429 3.692091700651746 -369.6
      vertex -116.05306957148224 3.709405126121287 -369.6
    endloop
  endfacet
  facet normal 0 0 -1
    outer loop
      vertex -116.99512117041189 2.2474581273317793 -369.6
      vertex -116.94793734804824 2.0816466833383016 -369.6
      vertex -117.00675413447708 2.206638716897043 -369.6
    endloop
  endfacet
  facet normal 0 0 -1
    outer loop
      vertex -116.05306957148224 3.709405126121287 -369.6
      vertex -115.98872948047067 3.6104432020027573 -369.6
      vertex -116.1143105195293 3.6104432020027577 -369.6
    endloop
  endfacet
  facet normal 0 0 -1
    outer loop
      vertex -115.91493042851775 3.709405126121287 -369.6
      vertex -115.86413868541426 3.5947037243031748 -369.6
      vertex -115.98872948047067 3.6104432020027573 -369.6
    endloop
  endfacet
  facet normal 0 0 -1
    outer loop
      vertex -115.7778805539557 3.692091700651746 -369.6
      vertex -115.86413868541426 3.5947037243031748 -369.6
      vertex -115.91493042851775 3.709405126121287 -369.6
    endloop
  endfacet
  facet normal 0 0 -1
    outer loop
      vertex -116.94207298995725 2.1347250054764886 -369.6
      vertex -116.87391869381244 1.9650119473284682 -369.6
      vertex -116.99512117041189 2.2474581273317793 -369.6
    endloop
  endfacet
  facet normal 0 0 -1
    outer loop
      vertex -108.62355820865494 1.681735688260811 -369.6
      vertex -108.62355820865494 3.5414157614395663 -369.6
      vertex -108.56505763215381 2.6115757248501885 -369.6
    endloop
  endfacet
  facet normal 0 0 -1
    outer loop
      vertex -115.91493042851775 3.709405126121287 -369.6
      vertex -115.98872948047067 3.6104432020027573 -369.6
      vertex -116.05306957148224 3.709405126121287 -369.6
    endloop
  endfacet
  facet normal 0 0 -1
    outer loop
      vertex -115.6257407084349 3.5172435260405055 -369.6
      vertex -115.7778805539557 3.692091700651746 -369.6
      vertex -115.64408130618756 3.6577378927748576 -369.6
    endloop
  endfacet
  facet normal 0 0 -1
    outer loop
      vertex -115.02006265195175 3.1415047663620754 -369.6
      vertex -115.04607216961 2.7364979827663354 -369.6
      vertex -115.03486638279891 3.1648317135640407 -369.6
    endloop
  endfacet
  facet normal 0 0 -1
    outer loop
      vertex -115.10791882958807 2.977374819817193 -369.6
      vertex -115.16096701004271 3.0901079416724833 -369.6
      vertex -115.18213450983644 3.3645775413717462 -369.6
    endloop
  endfacet
  facet normal 0 0 -1
    outer loop
      vertex -115.10791882958807 2.977374819817193 -369.6
      vertex -115.18213450983644 3.3645775413717462 -369.6
      vertex -115.06941815657295 2.858881932308399 -369.6
    endloop
  endfacet
  facet normal 0 0 -1
    outer loop
      vertex -117.06479095114013 2.612679907965064 -369.6
      vertex -117.07532617144592 2.473709167929454 -369.6
      vertex -117.08399999999999 2.6115757248501885 -369.6
    endloop
  endfacet
  facet normal 0 0 -1
    outer loop
      vertex -115.03486638279891 3.1648317135640407 -369.6
      vertex -115.06941815657295 2.858881932308399 -369.6
      vertex -115.09408130618755 3.258139502371909 -369.6
    endloop
  endfacet
  facet normal 0 0 -1
    outer loop
      vertex -120.59653264988016 7.886423075084004 -369.6
      vertex -119.77132284838261 9.171411322915342 -369.6
      vertex -119.68696351097971 9.025296664440688 -369.6
    endloop
  endfacet
  facet normal 0 0 -1
    outer loop
      vertex -115.18213450983644 3.3645775413717462 -369.6
      vertex -115.09408130618755 3.258139502371909 -369.6
      vertex -115.06941815657295 2.858881932308399 -369.6
    endloop
  endfacet
  facet normal 0.8362962299856199 -0.5307297260122928 0.13760295650441348
    outer loop
      vertex -109.98194954412412 -1.749169186577602 -369.6
      vertex -109.48273124419595 -0.962527018808593 -369.6
      vertex -124.20381439266885 -1.032247285764548 -280.4
    endloop
  endfacet
  facet normal 0 -0.9999924265636575 -0.0038918909707251316
    outer loop
      vertex -116.32663756823713 -4.792727054929239 -369.6
      vertex -115.5181607543649 -4.792727054929239 -369.6
      vertex -130.67641787138123 -5.139886358706809 -280.4
    endloop
  endfacet
  facet normal 0.12531418342555578 -0.9919639039387229 0.01743469859315775
    outer loop
      vertex -115.5181607543649 -4.792727054929239 -369.6
      vertex -114.59382882627725 -4.675956776976031 -369.6
      vertex -129.685132322748 -5.014657871485362 -280.4
    endloop
  endfacet
  facet normal 0.24850676611970898 -0.9678699517464701 0.03836852484797959
    outer loop
      vertex -114.59382882627725 -4.675956776976031 -369.6
      vertex -113.6914207280472 -4.444257758108126 -369.6
      vertex -128.7173586479862 -4.766175825093825 -280.4
    endloop
  endfacet
  facet normal 0.36749291349210716 -0.9281811473960505 0.05855524017228255
    outer loop
      vertex -113.6914207280472 -4.444257758108126 -369.6
      vertex -112.82516797445635 -4.101284030263351 -369.6
      vertex -127.78835921606682 -4.3983589298397705 -280.4
    endloop
  endfacet
  facet normal 0.4802987359787658 -0.8736601574230104 0.07765985802717137
    outer loop
      vertex -112.82516797445635 -4.101284030263351 -369.6
      vertex -112.00873188890309 -3.6524444940123915 -369.6
      vertex -126.91278490298858 -3.917007877884516 -280.4
    endloop
  endfacet
  facet normal 0.5851058222587423 -0.8053290753193522 0.09537430054369146
    outer loop
      vertex -112.00873188890309 -3.6524444940123915 -369.6
      vertex -111.25498815617189 -3.1048176169656716 -369.6
      vertex -126.10444403871146 -3.329713862862582 -280.4
    endloop
  endfacet
  facet normal 0.6802844780473113 -0.7244293897722014 0.11142301450855223
    outer loop
      vertex -111.25498815617189 -3.1048176169656716 -369.6
      vertex -110.5758237651926 -2.467039802110652 -369.6
      vertex -125.37608464154455 -2.645738862223295 -280.4
    endloop
  endfacet
  facet normal 0.7644147874085917 -0.6323789087096314 0.1255665107036636
    outer loop
      vertex -110.5758237651926 -2.467039802110652 -369.6
      vertex -109.98194954412412 -1.749169186577602 -369.6
      vertex -124.73919337428197 -1.875869570313605 -280.4
    endloop
  endfacet
  facet normal -0.12529328411872406 -0.9917984688903678 -0.025246585144663058
    outer loop
      vertex -117.37417117372274 -4.675956776976031 -369.6
      vertex -116.55723525644464 -4.779159783636077 -369.6
      vertex -131.96025725340849 -5.1039235271330465 -280.4
    endloop
  endfacet
  facet normal 0.8949478850916907 -0.42113050827060916 0.14736817150812595
    outer loop
      vertex -109.48273124419595 -0.962527018808593 -369.6
      vertex -109.0860418362165 -0.1195191157065949 -369.6
      vertex -123.77839094306515 -0.1281764359589843 -280.4
    endloop
  endfacet
  facet normal 0.9396020744957072 -0.30529522062495296 0.15473451414252995
    outer loop
      vertex -109.0860418362165 -0.1195191157065949 -369.6
      vertex -108.7981373491204 0.7665597845079586 -369.6
      vertex -123.46963220740676 0.8220852417358988 -280.4
    endloop
  endfacet
  facet normal 0.9696946026247288 -0.18497913848694628 0.15960919762061496
    outer loop
      vertex -108.7981373491204 0.7665597845079586 -369.6
      vertex -108.62355820865494 1.681735688260811 -369.6
      vertex -123.28240749539853 1.8035515530040482 -280.4
    endloop
  endfacet
  facet normal 0 0 -1
    outer loop
      vertex -120.07852615442981 -3.8403651005782717 -369.6
      vertex -120.85488219914295 -3.2763094172201455 -369.6
      vertex -119.68696351097971 -3.8021452147403143 -369.6
    endloop
  endfacet
  facet normal 0 0 -1
    outer loop
      vertex -118.27657927195278 -4.444257758108126 -369.6
      vertex -119.68696351097971 -3.8021452147403143 -369.6
      vertex -121.84388198134958 -2.269500678732283 -369.6
    endloop
  endfacet
  facet normal 0 0 1
    outer loop
      vertex -131.43621655290104 3.7437240250808386 -280.4
      vertex -131.41749699437491 3.7509599553880597 -280.4
      vertex -133.13448914312102 10.4960814615134 -280.4
    endloop
  endfacet
  facet normal 0 0 -1
    outer loop
      vertex -120.85488219914295 -3.2763094172201455 -369.6
      vertex -121.55442152185161 -2.6193982679194776 -369.6
      vertex -119.68696351097971 -3.8021452147403143 -369.6
    endloop
  endfacet
  facet normal 0 0 -1
    outer loop
      vertex -119.68696351097971 -3.8021452147403143 -369.6
      vertex -121.55442152185161 -2.6193982679194776 -369.6
      vertex -121.84388198134958 -2.269500678732283 -369.6
    endloop
  endfacet
  facet normal 0 0 1
    outer loop
      vertex -130.67641787138123 -5.139886358706809 -280.4
      vertex -129.685132322748 -5.014657871485362 -280.4
      vertex -130.21792701004273 2.3216851022137517 -280.4
    endloop
  endfacet
  facet normal 0.9848964826431048 0.06196443448477631 0.1616766134486437
    outer loop
      vertex -123.21966945259148 2.8007441878172035 -280.4
      vertex -108.62355820865494 3.5414157614395663 -369.6
      vertex -123.28240749539853 3.7979368226303585 -280.4
    endloop
  endfacet
  facet normal 0.9698157578583936 0.18500225008382723 0.1588444625206392
    outer loop
      vertex -123.28240749539853 3.7979368226303585 -280.4
      vertex -108.7981373491204 4.456591665192418 -369.6
      vertex -123.46963220740676 4.779403133898509 -280.4
    endloop
  endfacet
  facet normal 0.9397896059159879 0.3053561532770591 0.15347024554651978
    outer loop
      vertex -123.46963220740676 4.779403133898509 -280.4
      vertex -109.0860418362165 5.342670565406972 -369.6
      vertex -123.77839094306515 5.729664811593391 -280.4
    endloop
  endfacet
  facet normal 0.8951821258810475 0.4212407336192646 0.14562007362651638
    outer loop
      vertex -123.77839094306515 5.729664811593391 -280.4
      vertex -109.48273124419595 6.18567846850897 -369.6
      vertex -124.20381439266885 6.633735661398955 -280.4
    endloop
  endfacet
  facet normal 0.8365532745609151 0.5308928514601139 0.13539349722183783
    outer loop
      vertex -124.20381439266885 6.633735661398955 -280.4
      vertex -109.98194954412412 6.9723206362779795 -369.6
      vertex -124.73919337428197 7.477357945948012 -280.4
    endloop
  endfacet
  facet normal -0.24842359848505563 -0.9675460351956424 -0.04626430041542011
    outer loop
      vertex -118.27657927195278 -4.444257758108126 -369.6
      vertex -117.37417117372274 -4.675956776976031 -369.6
      vertex -132.66686767725193 -5.014657871485362 -280.4
    endloop
  endfacet
  facet normal -0.3673074853643998 -0.9277128094063476 -0.06658944705178794
    outer loop
      vertex -119.14283202554364 -4.101284030263351 -369.6
      vertex -118.27657927195278 -4.444257758108126 -369.6
      vertex -133.63464135201372 -4.766175825093825 -280.4
    endloop
  endfacet
  facet normal 0 0 1
    outer loop
      vertex -130.67641787138123 -5.139886358706809 -280.4
      vertex -131.04568948047068 1.8018767106646343 -280.4
      vertex -131.1712705195293 1.801876710664634 -280.4
    endloop
  endfacet
  facet normal 0 0 1
    outer loop
      vertex -131.5520581445026 3.6978590943820686 -280.4
      vertex -131.43621655290104 3.7437240250808386 -280.4
      vertex -133.13448914312102 10.4960814615134 -280.4
    endloop
  endfacet
  facet normal 0 0 1
    outer loop
      vertex -131.3490108470301 -5.139886358706809 -280.4
      vertex -130.67641787138123 -5.139886358706809 -280.4
      vertex -131.1712705195293 1.801876710664634 -280.4
    endloop
  endfacet
  facet normal 0 0 1
    outer loop
      vertex -131.0456894804707 3.797930167521178 -280.4
      vertex -131.20650174979085 10.741374734341216 -280.4
      vertex -133.13448914312102 10.4960814615134 -280.4
    endloop
  endfacet
  facet normal 0 0 1
    outer loop
      vertex -131.1712705195293 3.797930167521178 -280.4
      vertex -131.0456894804707 3.797930167521178 -280.4
      vertex -133.13448914312102 10.4960814615134 -280.4
    endloop
  endfacet
  facet normal 0 0 1
    outer loop
      vertex -131.2958613145857 3.782190689821595 -280.4
      vertex -131.1712705195293 3.797930167521178 -280.4
      vertex -133.13448914312102 10.4960814615134 -280.4
    endloop
  endfacet
  facet normal 0.8566245463513193 -0.49457241243038497 0.1469439194086833
    outer loop
      vertex -120.12716692826658 -4.5645998991466055 -369.6
      vertex -119.79805241630909 -3.994556842928018 -369.6
      vertex -135.14718622002448 -4.077552111582671 -280.4
    endloop
  endfacet
  facet normal 0 0 1
    outer loop
      vertex -131.41749699437491 3.7509599553880597 -280.4
      vertex -131.2958613145857 3.782190689821595 -280.4
      vertex -133.13448914312102 10.4960814615134 -280.4
    endloop
  endfacet
  facet normal 0.8566245463513291 -0.49457241243036737 0.146943919408685
    outer loop
      vertex -119.79805241630909 -3.994556842928018 -369.6
      vertex -119.68696351097971 -3.8021452147403143 -369.6
      vertex -135.14718622002448 -4.077552111582671 -280.4
    endloop
  endfacet
  facet normal -0.4799736188890406 -0.8730687716322348 -0.085885069547264
    outer loop
      vertex -119.68696351097971 -3.8021452147403143 -369.6
      vertex -119.14283202554364 -4.101284030263351 -369.6
      vertex -134.5636407839331 -4.3983589298397705 -280.4
    endloop
  endfacet
  facet normal 0 0 1
    outer loop
      vertex -136.33738747274876 10.088584287762641 -280.4
      vertex -146.69570880967422 8.649253566621839 -280.4
      vertex -145.62118474316506 -4.2140790720577535 -280.4
    endloop
  endfacet
  facet normal 0 0 1
    outer loop
      vertex -132.090581843427 3.0468957666079755 -280.4
      vertex -132.0520811704119 3.1653886541167693 -280.4
      vertex -133.13448914312102 10.4960814615134 -280.4
    endloop
  endfacet
  facet normal 0 0 1
    outer loop
      vertex -132.11392783038994 2.9245118170659117 -280.4
      vertex -132.090581843427 3.0468957666079755 -280.4
      vertex -133.13448914312102 10.4960814615134 -280.4
    endloop
  endfacet
  facet normal 0 0 1
    outer loop
      vertex -132.11392783038994 2.9245118170659117 -280.4
      vertex -133.13448914312102 10.4960814615134 -280.4
      vertex -132.12175095114011 2.800166873483484 -280.4
    endloop
  endfacet
  facet normal 0 0 1
    outer loop
      vertex -133.13448914312102 10.4960814615134 -280.4
      vertex -133.63464135201372 10.367664200728232 -280.4
      vertex -133.63464135201372 -4.766175825093825 -280.4
    endloop
  endfacet
  facet normal 0 0 1
    outer loop
      vertex -133.63464135201372 10.367664200728232 -280.4
      vertex -135.14718622002448 9.679040487217076 -280.4
      vertex -135.14718622002448 -4.077552111582671 -280.4
    endloop
  endfacet
  facet normal 0 0 1
    outer loop
      vertex -135.14718622002448 9.679040487217076 -280.4
      vertex -135.44890019498962 10.201624421210282 -280.4
      vertex -135.61228253277838 -4.883122555685339 -280.4
    endloop
  endfacet
  facet normal 0 0 1
    outer loop
      vertex -135.61228253277838 -4.883122555685339 -280.4
      vertex -135.44890019498962 10.201624421210282 -280.4
      vertex -136.33738747274876 10.088584287762641 -280.4
    endloop
  endfacet
  facet normal 0 0 1
    outer loop
      vertex -132.12175095114011 2.800166873483484 -280.4
      vertex -133.13448914312102 10.4960814615134 -280.4
      vertex -132.66686767725193 -5.014657871485362 -280.4
    endloop
  endfacet
  facet normal 0 0 1
    outer loop
      vertex -132.0520811704119 3.1653886541167693 -280.4
      vertex -131.99903298995721 3.27812177597206 -280.4
      vertex -133.13448914312102 10.4960814615134 -280.4
    endloop
  endfacet
  facet normal 0 0 1
    outer loop
      vertex -146.69570880967422 8.649253566621839 -280.4
      vertex -156.63173677802175 7.181180274308176 -280.4
      vertex -155.891067906619 -3.466777174712122 -280.4
    endloop
  endfacet
  facet normal 0 0 -1
    outer loop
      vertex -114.59382882627725 -4.675956776976031 -369.6
      vertex -115.58095127389421 -3.794700326500967 -369.6
      vertex -114.78121014086297 -3.693669526247344 -369.6
    endloop
  endfacet
  facet normal 0 0 1
    outer loop
      vertex -133.63464135201372 -4.766175825093825 -280.4
      vertex -133.63464135201372 10.367664200728232 -280.4
      vertex -135.14718622002448 -4.077552111582671 -280.4
    endloop
  endfacet
  facet normal 0 0 1
    outer loop
      vertex -132.11392783038994 2.675821929901057 -280.4
      vertex -132.12175095114011 2.800166873483484 -280.4
      vertex -132.66686767725193 -5.014657871485362 -280.4
    endloop
  endfacet
  facet normal 0 0 1
    outer loop
      vertex -132.090581843427 2.553437980358993 -280.4
      vertex -132.11392783038994 2.675821929901057 -280.4
      vertex -132.66686767725193 -5.014657871485362 -280.4
    endloop
  endfacet
  facet normal 0 0 1
    outer loop
      vertex -132.0520811704119 2.434945092850199 -280.4
      vertex -132.090581843427 2.553437980358993 -280.4
      vertex -132.66686767725193 -5.014657871485362 -280.4
    endloop
  endfacet
  facet normal 0 0 1
    outer loop
      vertex -131.99903298995724 2.3222119709949087 -280.4
      vertex -132.0520811704119 2.434945092850199 -280.4
      vertex -132.66686767725193 -5.014657871485362 -280.4
    endloop
  endfacet
  facet normal 0 0 1
    outer loop
      vertex -131.93227390355827 2.2170164834682824 -280.4
      vertex -131.99903298995724 2.3222119709949087 -280.4
      vertex -132.66686767725193 -5.014657871485362 -280.4
    endloop
  endfacet
  facet normal 0 0 1
    outer loop
      vertex -131.93227390355827 3.3833172634986863 -280.4
      vertex -131.85285674188745 3.479316121017615 -280.4
      vertex -133.13448914312102 10.4960814615134 -280.4
    endloop
  endfacet
  facet normal 0 0 1
    outer loop
      vertex -131.6612378904825 3.6378370211043882 -280.4
      vertex -131.5520581445026 3.6978590943820686 -280.4
      vertex -133.13448914312102 10.4960814615134 -280.4
    endloop
  endfacet
  facet normal 0 0 -1
    outer loop
      vertex -119.68696351097971 -3.8021452147403143 -369.6
      vertex -119.79805241630909 -3.994556842928018 -369.6
      vertex -120.07852615442981 -3.8403651005782717 -369.6
    endloop
  endfacet
  facet normal 0 0 -1
    outer loop
      vertex -119.14283202554364 -4.101284030263351 -369.6
      vertex -119.68696351097971 -3.8021452147403143 -369.6
      vertex -118.27657927195278 -4.444257758108126 -369.6
    endloop
  endfacet
  facet normal 0 0 -1
    outer loop
      vertex -117.96756227757783 -3.4932012418129728 -369.6
      vertex -118.27657927195278 -4.444257758108126 -369.6
      vertex -121.84388198134958 -2.269500678732283 -369.6
    endloop
  endfacet
  facet normal 0 0 -1
    outer loop
      vertex -117.37417117372274 -4.675956776976031 -369.6
      vertex -118.27657927195278 -4.444257758108126 -369.6
      vertex -117.96756227757783 -3.4932012418129728 -369.6
    endloop
  endfacet
  facet normal 0 0 -1
    outer loop
      vertex -117.18678985913702 -3.693669526247344 -369.6
      vertex -117.37417117372274 -4.675956776976031 -369.6
      vertex -117.96756227757783 -3.4932012418129728 -369.6
    endloop
  endfacet
  facet normal 0 0 1
    outer loop
      vertex -131.76203396102585 3.5646043891988364 -280.4
      vertex -131.6612378904825 3.6378370211043882 -280.4
      vertex -133.13448914312102 10.4960814615134 -280.4
    endloop
  endfacet
  facet normal 0 0 1
    outer loop
      vertex -131.85285674188745 3.479316121017615 -280.4
      vertex -131.76203396102585 3.5646043891988364 -280.4
      vertex -133.13448914312102 10.4960814615134 -280.4
    endloop
  endfacet
  facet normal 0.984854601425218 -0.06196179954188876 0.1619325459847582
    outer loop
      vertex -123.28240749539853 1.8035515530040482 -280.4
      vertex -108.62355820865494 1.681735688260811 -369.6
      vertex -123.21966945259148 2.8007441878172035 -280.4
    endloop
  endfacet
  facet normal 0 0 -1
    outer loop
      vertex -116.55723525644464 -4.779159783636077 -369.6
      vertex -117.37417117372274 -4.675956776976031 -369.6
      vertex -117.18678985913702 -3.693669526247344 -369.6
    endloop
  endfacet
  facet normal 0 0 -1
    outer loop
      vertex -116.55723525644464 -4.779159783636077 -369.6
      vertex -116.38704872610577 -3.794700326500967 -369.6
      vertex -116.32663756823713 -4.792727054929239 -369.6
    endloop
  endfacet
  facet normal 0 0 -1
    outer loop
      vertex -116.38704872610577 -3.794700326500967 -369.6
      vertex -115.5181607543649 -4.792727054929239 -369.6
      vertex -116.32663756823713 -4.792727054929239 -369.6
    endloop
  endfacet
  facet normal 0 0 -1
    outer loop
      vertex -115.5181607543649 -4.792727054929239 -369.6
      vertex -115.58095127389421 -3.794700326500967 -369.6
      vertex -114.59382882627725 -4.675956776976031 -369.6
    endloop
  endfacet
  facet normal 0 0 -1
    outer loop
      vertex -113.6914207280472 -4.444257758108126 -369.6
      vertex -114.59382882627725 -4.675956776976031 -369.6
      vertex -114.78121014086297 -3.693669526247344 -369.6
    endloop
  endfacet
  facet normal 0 0 -1
    outer loop
      vertex -117.18678985913702 -3.693669526247344 -369.6
      vertex -116.38704872610577 -3.794700326500967 -369.6
      vertex -116.55723525644464 -4.779159783636077 -369.6
    endloop
  endfacet
  facet normal 0 0 -1
    outer loop
      vertex -115.58095127389421 -3.794700326500967 -369.6
      vertex -115.5181607543649 -4.792727054929239 -369.6
      vertex -116.38704872610577 -3.794700326500967 -369.6
    endloop
  endfacet
  facet normal 0 0 1
    outer loop
      vertex -131.99903298995721 3.27812177597206 -280.4
      vertex -131.93227390355827 3.3833172634986863 -280.4
      vertex -133.13448914312102 10.4960814615134 -280.4
    endloop
  endfacet
  facet normal 0.8362962299856157 -0.5307297260122998 0.13760295650441284
    outer loop
      vertex -124.73919337428197 -1.875869570313605 -280.4
      vertex -109.98194954412412 -1.749169186577602 -369.6
      vertex -124.20381439266885 -1.032247285764548 -280.4
    endloop
  endfacet
  facet normal 0 -0.9999924265636575 -0.003891890970725142
    outer loop
      vertex -116.32663756823713 -4.792727054929239 -369.6
      vertex -130.67641787138123 -5.139886358706809 -280.4
      vertex -131.3490108470301 -5.139886358706809 -280.4
    endloop
  endfacet
  facet normal 0.12531418342555395 -0.991963903938723 0.017434698593157463
    outer loop
      vertex -130.67641787138123 -5.139886358706809 -280.4
      vertex -115.5181607543649 -4.792727054929239 -369.6
      vertex -129.685132322748 -5.014657871485362 -280.4
    endloop
  endfacet
  facet normal 0.24850676611971115 -0.9678699517464694 0.03836852484797994
    outer loop
      vertex -129.685132322748 -5.014657871485362 -280.4
      vertex -114.59382882627725 -4.675956776976031 -369.6
      vertex -128.7173586479862 -4.766175825093825 -280.4
    endloop
  endfacet
  facet normal 0.36749291349210333 -0.9281811473960521 0.05855524017228194
    outer loop
      vertex -128.7173586479862 -4.766175825093825 -280.4
      vertex -113.6914207280472 -4.444257758108126 -369.6
      vertex -127.78835921606682 -4.3983589298397705 -280.4
    endloop
  endfacet
  facet normal 0.48029873597876704 -0.8736601574230098 0.07765985802717158
    outer loop
      vertex -127.78835921606682 -4.3983589298397705 -280.4
      vertex -112.82516797445635 -4.101284030263351 -369.6
      vertex -126.91278490298858 -3.917007877884516 -280.4
    endloop
  endfacet
  facet normal 0.5851058222587431 -0.8053290753193515 0.09537430054369157
    outer loop
      vertex -126.91278490298858 -3.917007877884516 -280.4
      vertex -112.00873188890309 -3.6524444940123915 -369.6
      vertex -126.10444403871146 -3.329713862862582 -280.4
    endloop
  endfacet
  facet normal 0.6802844780473205 -0.7244293897721926 0.11142301450855366
    outer loop
      vertex -126.10444403871146 -3.329713862862582 -280.4
      vertex -111.25498815617189 -3.1048176169656716 -369.6
      vertex -125.37608464154455 -2.645738862223295 -280.4
    endloop
  endfacet
  facet normal 0.7644147874085854 -0.6323789087096393 0.12556651070366262
    outer loop
      vertex -125.37608464154455 -2.645738862223295 -280.4
      vertex -110.5758237651926 -2.467039802110652 -369.6
      vertex -124.73919337428197 -1.875869570313605 -280.4
    endloop
  endfacet
  facet normal -0.12529328411872398 -0.9917984688903678 -0.025246585144663047
    outer loop
      vertex -131.96025725340849 -5.1039235271330465 -280.4
      vertex -132.66686767725193 -5.014657871485362 -280.4
      vertex -117.37417117372274 -4.675956776976031 -369.6
    endloop
  endfacet
  facet normal 0.8949478850916978 -0.4211305082705937 0.14736817150812695
    outer loop
      vertex -124.20381439266885 -1.032247285764548 -280.4
      vertex -109.48273124419595 -0.962527018808593 -369.6
      vertex -123.77839094306515 -0.1281764359589843 -280.4
    endloop
  endfacet
  facet normal 0.9396020744957088 -0.30529522062494774 0.15473451414253012
    outer loop
      vertex -123.77839094306515 -0.1281764359589843 -280.4
      vertex -109.0860418362165 -0.1195191157065949 -369.6
      vertex -123.46963220740676 0.8220852417358988 -280.4
    endloop
  endfacet
  facet normal 0 0 1
    outer loop
      vertex -130.21792701004273 2.3216851022137517 -280.4
      vertex -130.2846860964417 2.2164896146871254 -280.4
      vertex -130.67641787138123 -5.139886358706809 -280.4
    endloop
  endfacet
  facet normal 0 0 1
    outer loop
      vertex -130.36410325811252 2.1204907571681963 -280.4
      vertex -130.67641787138123 -5.139886358706809 -280.4
      vertex -130.2846860964417 2.2164896146871254 -280.4
    endloop
  endfacet
  facet normal 0 0 1
    outer loop
      vertex -130.45492603897412 2.0352024889869758 -280.4
      vertex -130.67641787138123 -5.139886358706809 -280.4
      vertex -130.36410325811252 2.1204907571681963 -280.4
    endloop
  endfacet
  facet normal 0.9696946026247275 -0.18497913848695335 0.1596091976206148
    outer loop
      vertex -123.46963220740676 0.8220852417358988 -280.4
      vertex -108.7981373491204 0.7665597845079586 -369.6
      vertex -123.28240749539853 1.8035515530040482 -280.4
    endloop
  endfacet
  facet normal 0 0 1
    outer loop
      vertex -130.09520904885983 2.7996400047023275 -280.4
      vertex -129.685132322748 -5.014657871485362 -280.4
      vertex -129.685132322748 10.616146247119769 -280.4
    endloop
  endfacet
  facet normal 0 0 1
    outer loop
      vertex -129.685132322748 10.616146247119769 -280.4
      vertex -130.10303216961 2.923984948284755 -280.4
      vertex -130.09520904885983 2.7996400047023275 -280.4
    endloop
  endfacet
  facet normal 0 0 1
    outer loop
      vertex -125.37608464154455 -2.645738862223295 -280.4
      vertex -125.37608464154455 8.247227237857702 -280.4
      vertex -126.10444403871146 -3.329713862862582 -280.4
    endloop
  endfacet
  facet normal 0 0 1
    outer loop
      vertex -129.685132322748 -5.014657871485362 -280.4
      vertex -130.16487882958808 2.434418224069042 -280.4
      vertex -130.21792701004273 2.3216851022137517 -280.4
    endloop
  endfacet
  facet normal 0 0 1
    outer loop
      vertex -129.685132322748 -5.014657871485362 -280.4
      vertex -130.12637815657297 2.5529111115778362 -280.4
      vertex -130.16487882958808 2.434418224069042 -280.4
    endloop
  endfacet
  facet normal 0 0 1
    outer loop
      vertex -129.685132322748 -5.014657871485362 -280.4
      vertex -130.10303216961 2.6752950611199005 -280.4
      vertex -130.12637815657297 2.5529111115778362 -280.4
    endloop
  endfacet
  facet normal 0 0 1
    outer loop
      vertex -129.685132322748 -5.014657871485362 -280.4
      vertex -130.09520904885983 2.7996400047023275 -280.4
      vertex -130.10303216961 2.6752950611199005 -280.4
    endloop
  endfacet
  facet normal 0 0 1
    outer loop
      vertex -128.7173586479862 -4.766175825093825 -280.4
      vertex -128.7173586479862 10.367664200728232 -280.4
      vertex -129.685132322748 -5.014657871485362 -280.4
    endloop
  endfacet
  facet normal 0 0 1
    outer loop
      vertex -127.78835921606682 -4.3983589298397705 -280.4
      vertex -127.78835921606682 9.999847305474177 -280.4
      vertex -128.7173586479862 -4.766175825093825 -280.4
    endloop
  endfacet
  facet normal 0 0 1
    outer loop
      vertex -126.91278490298858 -3.917007877884516 -280.4
      vertex -126.91278490298858 9.518496253518922 -280.4
      vertex -127.78835921606682 -4.3983589298397705 -280.4
    endloop
  endfacet
  facet normal 0 0 1
    outer loop
      vertex -126.10444403871146 -3.329713862862582 -280.4
      vertex -126.10444403871146 8.93120223849699 -280.4
      vertex -126.91278490298858 -3.917007877884516 -280.4
    endloop
  endfacet
  facet normal 0 0 1
    outer loop
      vertex -129.685132322748 10.616146247119769 -280.4
      vertex -130.126378156573 3.046368897826819 -280.4
      vertex -130.10303216961 2.923984948284755 -280.4
    endloop
  endfacet
  facet normal 0 0 1
    outer loop
      vertex -124.73919337428197 -1.875869570313605 -280.4
      vertex -124.73919337428197 7.477357945948012 -280.4
      vertex -125.37608464154455 -2.645738862223295 -280.4
    endloop
  endfacet
  facet normal 0 0 1
    outer loop
      vertex -124.20381439266885 -1.032247285764548 -280.4
      vertex -124.20381439266885 6.633735661398955 -280.4
      vertex -124.73919337428197 -1.875869570313605 -280.4
    endloop
  endfacet
  facet normal 0 0 1
    outer loop
      vertex -124.20381439266885 -1.032247285764548 -280.4
      vertex -123.77839094306515 -0.1281764359589843 -280.4
      vertex -123.77839094306515 5.729664811593391 -280.4
    endloop
  endfacet
  facet normal 0 0 1
    outer loop
      vertex -123.77839094306515 -0.1281764359589843 -280.4
      vertex -123.46963220740676 0.8220852417358988 -280.4
      vertex -123.46963220740676 4.779403133898509 -280.4
    endloop
  endfacet
  facet normal 0.856624546351315 -0.49457241243039246 0.14694391940868262
    outer loop
      vertex -135.61228253277838 -4.883122555685339 -280.4
      vertex -120.12716692826658 -4.5645998991466055 -369.6
      vertex -135.14718622002448 -4.077552111582671 -280.4
    endloop
  endfacet
  facet normal -0.367307485364396 -0.9277128094063493 -0.06658944705178733
    outer loop
      vertex -134.5636407839331 -4.3983589298397705 -280.4
      vertex -119.14283202554364 -4.101284030263351 -369.6
      vertex -133.63464135201372 -4.766175825093825 -280.4
    endloop
  endfacet
  facet normal -0.47997361888904905 -0.8730687716322302 -0.0858850695472654
    outer loop
      vertex -135.14718622002448 -4.077552111582671 -280.4
      vertex -119.68696351097971 -3.8021452147403143 -369.6
      vertex -134.5636407839331 -4.3983589298397705 -280.4
    endloop
  endfacet
  facet normal -0.2484235984850578 -0.967546035195642 -0.046264300415420456
    outer loop
      vertex -133.63464135201372 -4.766175825093825 -280.4
      vertex -118.27657927195278 -4.444257758108126 -369.6
      vertex -132.66686767725193 -5.014657871485362 -280.4
    endloop
  endfacet
  facet normal 0 0 1
    outer loop
      vertex -131.04568948047068 1.8018767106646343 -280.4
      vertex -130.67641787138123 -5.139886358706809 -280.4
      vertex -130.92109868541425 1.8176161883642172 -280.4
    endloop
  endfacet
  facet normal 0 0 1
    outer loop
      vertex -130.67641787138123 10.741374734341216 -280.4
      vertex -130.79946300562503 3.7509599553880593 -280.4
      vertex -130.6827007084349 3.704730491558925 -280.4
    endloop
  endfacet
  facet normal 0 0 1
    outer loop
      vertex -130.79946300562503 1.8488469227977522 -280.4
      vertex -130.67641787138123 -5.139886358706809 -280.4
      vertex -130.7807434470989 1.8560828531049736 -280.4
    endloop
  endfacet
  facet normal 0 0 1
    outer loop
      vertex -130.92109868541425 1.8176161883642172 -280.4
      vertex -130.67641787138123 -5.139886358706809 -280.4
      vertex -130.79946300562503 1.8488469227977522 -280.4
    endloop
  endfacet
  facet normal 0 0 1
    outer loop
      vertex -129.685132322748 10.616146247119769 -280.4
      vertex -130.21792701004273 3.2775949071909034 -280.4
      vertex -130.16487882958805 3.164861785335613 -280.4
    endloop
  endfacet
  facet normal 0 0 1
    outer loop
      vertex -129.685132322748 10.616146247119769 -280.4
      vertex -130.2846860964417 3.38279039471753 -280.4
      vertex -130.21792701004273 3.2775949071909034 -280.4
    endloop
  endfacet
  facet normal 0 0 1
    outer loop
      vertex -129.685132322748 10.616146247119769 -280.4
      vertex -130.36410325811252 3.478789252236459 -280.4
      vertex -130.2846860964417 3.38279039471753 -280.4
    endloop
  endfacet
  facet normal 0 0 1
    outer loop
      vertex -129.685132322748 10.616146247119769 -280.4
      vertex -130.55572210951746 3.637310152323232 -280.4
      vertex -130.45492603897412 3.5640775204176793 -280.4
    endloop
  endfacet
  facet normal 0 0 1
    outer loop
      vertex -129.685132322748 10.616146247119769 -280.4
      vertex -130.66490185549736 3.6973322256009125 -280.4
      vertex -130.55572210951746 3.637310152323232 -280.4
    endloop
  endfacet
  facet normal 0 0 1
    outer loop
      vertex -130.7807434470989 1.8560828531049736 -280.4
      vertex -130.67641787138123 -5.139886358706809 -280.4
      vertex -130.66490185549736 1.9019477838037433 -280.4
    endloop
  endfacet
  facet normal 0 0 1
    outer loop
      vertex -129.685132322748 10.616146247119769 -280.4
      vertex -130.45492603897412 3.5640775204176793 -280.4
      vertex -130.36410325811252 3.478789252236459 -280.4
    endloop
  endfacet
  facet normal 0 0 1
    outer loop
      vertex -131.0456894804707 3.797930167521178 -280.4
      vertex -130.92109868541428 3.782190689821595 -280.4
      vertex -130.67641787138123 10.741374734341216 -280.4
    endloop
  endfacet
  facet normal 0 0 1
    outer loop
      vertex -130.67641787138123 10.741374734341216 -280.4
      vertex -130.92109868541428 3.782190689821595 -280.4
      vertex -130.79946300562503 3.7509599553880593 -280.4
    endloop
  endfacet
  facet normal 0 0 1
    outer loop
      vertex -130.67641787138123 10.741374734341216 -280.4
      vertex -131.20650174979085 10.741374734341216 -280.4
      vertex -131.0456894804707 3.797930167521178 -280.4
    endloop
  endfacet
  facet normal 0 0 1
    outer loop
      vertex -129.685132322748 10.616146247119769 -280.4
      vertex -130.67641787138123 10.741374734341216 -280.4
      vertex -130.66490185549736 3.6973322256009125 -280.4
    endloop
  endfacet
  facet normal 0.7646696158501521 0.6325897211303835 0.1229252753332873
    outer loop
      vertex -124.73919337428197 7.477357945948012 -280.4
      vertex -110.5758237651926 7.690191251811029 -369.6
      vertex -125.37608464154455 8.247227237857702 -280.4
    endloop
  endfacet
  facet normal 0.5852931120413252 0.8055868575899889 0.09198797679733875
    outer loop
      vertex -126.10444403871146 8.93120223849699 -280.4
      vertex -112.00873188890309 8.875595943712769 -369.6
      vertex -126.91278490298858 9.518496253518922 -280.4
    endloop
  endfacet
  facet normal 0.6805142863180924 0.7246741107245758 0.10838698889868001
    outer loop
      vertex -125.37608464154455 8.247227237857702 -280.4
      vertex -111.25498815617189 8.327969066666048 -369.6
      vertex -126.10444403871146 8.93120223849699 -280.4
    endloop
  endfacet
  facet normal 0 0 1
    outer loop
      vertex -123.46963220740676 0.8220852417358988 -280.4
      vertex -123.28240749539853 1.8035515530040482 -280.4
      vertex -123.28240749539853 3.7979368226303585 -280.4
    endloop
  endfacet
  facet normal 0 0 1
    outer loop
      vertex -130.55572210951743 1.9619698570814228 -280.4
      vertex -130.67641787138123 -5.139886358706809 -280.4
      vertex -130.45492603897412 2.0352024889869758 -280.4
    endloop
  endfacet
  facet normal 0 0 1
    outer loop
      vertex -129.685132322748 10.616146247119769 -280.4
      vertex -130.16487882958805 3.164861785335613 -280.4
      vertex -130.126378156573 3.046368897826819 -280.4
    endloop
  endfacet
  facet normal 0 0 1
    outer loop
      vertex -128.7173586479862 10.367664200728232 -280.4
      vertex -129.685132322748 10.616146247119769 -280.4
      vertex -129.685132322748 -5.014657871485362 -280.4
    endloop
  endfacet
  facet normal 0 0 1
    outer loop
      vertex -125.37608464154455 8.247227237857702 -280.4
      vertex -126.10444403871146 8.93120223849699 -280.4
      vertex -126.10444403871146 -3.329713862862582 -280.4
    endloop
  endfacet
  facet normal 0 0 1
    outer loop
      vertex -126.91278490298858 9.518496253518922 -280.4
      vertex -127.78835921606682 9.999847305474177 -280.4
      vertex -127.78835921606682 -4.3983589298397705 -280.4
    endloop
  endfacet
  facet normal 0 0 1
    outer loop
      vertex -127.78835921606682 9.999847305474177 -280.4
      vertex -128.7173586479862 10.367664200728232 -280.4
      vertex -128.7173586479862 -4.766175825093825 -280.4
    endloop
  endfacet
  facet normal 0 0 1
    outer loop
      vertex -130.66490185549736 1.9019477838037433 -280.4
      vertex -130.67641787138123 -5.139886358706809 -280.4
      vertex -130.55572210951743 1.9619698570814228 -280.4
    endloop
  endfacet
  facet normal 0 0 1
    outer loop
      vertex -126.10444403871146 8.93120223849699 -280.4
      vertex -126.91278490298858 9.518496253518922 -280.4
      vertex -126.91278490298858 -3.917007877884516 -280.4
    endloop
  endfacet
  facet normal 0 0 1
    outer loop
      vertex -199.31200000297932 0.8009599688062078 -280.4
      vertex -199.31200000297932 -0.27724664092063905 -280.4
      vertex -195.8142697822447 -0.4731438835868245 -280.4
    endloop
  endfacet
  facet normal 0 0 1
    outer loop
      vertex -123.21966945259148 2.8007441878172035 -280.4
      vertex -123.28240749539853 3.7979368226303585 -280.4
      vertex -123.28240749539853 1.8035515530040482 -280.4
    endloop
  endfacet
  facet normal 0 0 1
    outer loop
      vertex -123.28240749539853 3.7979368226303585 -280.4
      vertex -123.46963220740676 4.779403133898509 -280.4
      vertex -123.46963220740676 0.8220852417358988 -280.4
    endloop
  endfacet
  facet normal 0 0 1
    outer loop
      vertex -123.46963220740676 4.779403133898509 -280.4
      vertex -123.77839094306515 5.729664811593391 -280.4
      vertex -123.77839094306515 -0.1281764359589843 -280.4
    endloop
  endfacet
  facet normal 0 0 1
    outer loop
      vertex -123.77839094306515 5.729664811593391 -280.4
      vertex -124.20381439266885 6.633735661398955 -280.4
      vertex -124.20381439266885 -1.032247285764548 -280.4
    endloop
  endfacet
  facet normal 0 0 1
    outer loop
      vertex -124.20381439266885 6.633735661398955 -280.4
      vertex -124.73919337428197 7.477357945948012 -280.4
      vertex -124.73919337428197 -1.875869570313605 -280.4
    endloop
  endfacet
  facet normal 0 0 1
    outer loop
      vertex -124.73919337428197 7.477357945948012 -280.4
      vertex -125.37608464154455 8.247227237857702 -280.4
      vertex -125.37608464154455 -2.645738862223295 -280.4
    endloop
  endfacet
  facet normal 0 0 1
    outer loop
      vertex -130.66490185549736 3.6973322256009125 -280.4
      vertex -130.67641787138123 10.741374734341216 -280.4
      vertex -130.6827007084349 3.704730491558925 -280.4
    endloop
  endfacet
  facet normal 0 0 -1
    outer loop
      vertex -114.00043772242216 -3.4932012418129728 -369.6
      vertex -112.82516797445635 -4.101284030263351 -369.6
      vertex -113.6914207280472 -4.444257758108126 -369.6
    endloop
  endfacet
  facet normal 0 0 1
    outer loop
      vertex -182.59276351487637 -1.4105881574162846 -280.4
      vertex -189.80489683520705 2.080507450878173 -280.4
      vertex -195.83859138882158 1.2359238867168132 -280.4
    endloop
  endfacet
  facet normal 0 0 1
    outer loop
      vertex -182.7408972906466 3.137344523250609 -280.4
      vertex -189.80489683520705 2.080507450878173 -280.4
      vertex -182.59276351487637 -1.4105881574162846 -280.4
    endloop
  endfacet
  facet normal 0 0 1
    outer loop
      vertex -182.59276351487637 -1.4105881574162846 -280.4
      vertex -174.49624850452034 -2.0385004292134945 -280.4
      vertex -182.7408972906466 3.137344523250609 -280.4
    endloop
  endfacet
  facet normal 0 0 -1
    outer loop
      vertex -111.30479239261402 -1.7824926961819636 -369.6
      vertex -110.5758237651926 -2.467039802110652 -369.6
      vertex -111.25498815617189 -3.1048176169656716 -369.6
    endloop
  endfacet
  facet normal 0 0 -1
    outer loop
      vertex -116.19011944604429 1.531059749048631 -369.6
      vertex -116.11431051952928 1.6143897451462141 -369.6
      vertex -116.05306957148224 1.5137463235790898 -369.6
    endloop
  endfacet
  facet normal 0 0 -1
    outer loop
      vertex -116.32391869381243 1.5654135569255196 -369.6
      vertex -116.2389013145857 1.6301292228457973 -369.6
      vertex -116.19011944604429 1.531059749048631 -369.6
    endloop
  endfacet
  facet normal 0 0 1
    outer loop
      vertex -131.66123789048254 1.96249672586258 -280.4
      vertex -131.76203396102585 2.035729357768132 -280.4
      vertex -131.3490108470301 -5.139886358706809 -280.4
    endloop
  endfacet
  facet normal 0 0 1
    outer loop
      vertex -131.96025725340849 -5.1039235271330465 -280.4
      vertex -131.3490108470301 -5.139886358706809 -280.4
      vertex -131.76203396102585 2.035729357768132 -280.4
    endloop
  endfacet
  facet normal 0 0 1
    outer loop
      vertex -174.49624850452034 -2.0385004292134945 -280.4
      vertex -174.7726169931288 4.371056341172159 -280.4
      vertex -182.7408972906466 3.137344523250609 -280.4
    endloop
  endfacet
  facet normal 0 0 1
    outer loop
      vertex -165.5573604197493 -2.7327397427549953 -280.4
      vertex -166.02829382848648 5.7374270095224675 -280.4
      vertex -174.49624850452034 -2.0385004292134945 -280.4
    endloop
  endfacet
  facet normal 0 0 1
    outer loop
      vertex -155.891067906619 -3.466777174712122 -280.4
      vertex -156.63173677802175 7.181180274308176 -280.4
      vertex -165.5573604197493 -2.7327397427549953 -280.4
    endloop
  endfacet
  facet normal 0 0 -1
    outer loop
      vertex -113.6914207280472 -4.444257758108126 -369.6
      vertex -114.78121014086297 -3.693669526247344 -369.6
      vertex -114.00043772242216 -3.4932012418129728 -369.6
    endloop
  endfacet
  facet normal 0 0 -1
    outer loop
      vertex -115.91493042851775 1.5137463235790898 -369.6
      vertex -115.86413868541426 1.6301292228457973 -369.6
      vertex -115.7778805539557 1.531059749048631 -369.6
    endloop
  endfacet
  facet normal 0 0 1
    outer loop
      vertex -166.02829382848648 5.7374270095224675 -280.4
      vertex -174.7726169931288 4.371056341172159 -280.4
      vertex -174.49624850452034 -2.0385004292134945 -280.4
    endloop
  endfacet
  facet normal 0 0 -1
    outer loop
      vertex -111.89241214592057 -2.334304374189881 -369.6
      vertex -111.30479239261402 -1.7824926961819636 -369.6
      vertex -111.25498815617189 -3.1048176169656716 -369.6
    endloop
  endfacet
  facet normal 0 0 -1
    outer loop
      vertex -112.82516797445635 -4.101284030263351 -369.6
      vertex -114.00043772242216 -3.4932012418129728 -369.6
      vertex -113.25094726602141 -3.196456977797331 -369.6
    endloop
  endfacet
  facet normal 0 0 -1
    outer loop
      vertex -112.00873188890309 -3.6524444940123915 -369.6
      vertex -112.82516797445635 -4.101284030263351 -369.6
      vertex -113.25094726602141 -3.196456977797331 -369.6
    endloop
  endfacet
  facet normal 0 0 1
    outer loop
      vertex -156.63173677802175 7.181180274308176 -280.4
      vertex -166.02829382848648 5.7374270095224675 -280.4
      vertex -165.5573604197493 -2.7327397427549953 -280.4
    endloop
  endfacet
  facet normal 0 0 -1
    outer loop
      vertex -115.7778805539557 1.531059749048631 -369.6
      vertex -115.74250300562504 1.6613599572793323 -369.6
      vertex -115.64408130618756 1.5654135569255196 -369.6
    endloop
  endfacet
  facet normal 0 0 -1
    outer loop
      vertex -111.89241214592057 -2.334304374189881 -369.6
      vertex -111.25498815617189 -3.1048176169656716 -369.6
      vertex -112.54455868388209 -2.808116568510379 -369.6
    endloop
  endfacet
  facet normal 0 0 -1
    outer loop
      vertex -112.54455868388209 -2.808116568510379 -369.6
      vertex -111.25498815617189 -3.1048176169656716 -369.6
      vertex -112.00873188890309 -3.6524444940123915 -369.6
    endloop
  endfacet
  facet normal 0 0 1
    outer loop
      vertex -132.66686767725193 -5.014657871485362 -280.4
      vertex -131.96025725340849 -5.1039235271330465 -280.4
      vertex -131.76203396102585 2.035729357768132 -280.4
    endloop
  endfacet
  facet normal 0 0 -1
    outer loop
      vertex -112.00873188890309 -3.6524444940123915 -369.6
      vertex -113.25094726602141 -3.196456977797331 -369.6
      vertex -112.54455868388209 -2.808116568510379 -369.6
    endloop
  endfacet
  facet normal 0 0 1
    outer loop
      vertex -134.5636407839331 -4.3983589298397705 -280.4
      vertex -133.63464135201372 -4.766175825093825 -280.4
      vertex -135.14718622002448 -4.077552111582671 -280.4
    endloop
  endfacet
  facet normal 0 0 1
    outer loop
      vertex -145.62118474316506 -4.2140790720577535 -280.4
      vertex -146.69570880967422 8.649253566621839 -280.4
      vertex -155.891067906619 -3.466777174712122 -280.4
    endloop
  endfacet
  facet normal 0 0 -1
    outer loop
      vertex -111.30479239261402 -1.7824926961819636 -369.6
      vertex -110.79096653849906 -1.1613839342851286 -369.6
      vertex -110.5758237651926 -2.467039802110652 -369.6
    endloop
  endfacet
  facet normal 0 0 1
    outer loop
      vertex -131.85285674188745 2.121017625949353 -280.4
      vertex -131.93227390355827 2.2170164834682824 -280.4
      vertex -132.66686767725193 -5.014657871485362 -280.4
    endloop
  endfacet
  facet normal 0 0 1
    outer loop
      vertex -133.63464135201372 -4.766175825093825 -280.4
      vertex -132.66686767725193 -5.014657871485362 -280.4
      vertex -133.13448914312102 10.4960814615134 -280.4
    endloop
  endfacet
  facet normal 0 0 -1
    outer loop
      vertex -116.47729929156506 1.7075894211084663 -369.6
      vertex -116.36053699437494 1.6613599572793323 -369.6
      vertex -116.45235722072158 1.6162659671375668 -369.6
    endloop
  endfacet
  facet normal 0 0 -1
    outer loop
      vertex -116.4950981445026 1.7149876870664795 -369.6
      vertex -116.45235722072158 1.6162659671375668 -369.6
      vertex -116.6042778904825 1.7750097603441601 -369.6
    endloop
  endfacet
  facet normal 0 0 1
    outer loop
      vertex -135.61228253277838 -4.883122555685339 -280.4
      vertex -135.14718622002448 -4.077552111582671 -280.4
      vertex -135.14718622002448 9.679040487217076 -280.4
    endloop
  endfacet
  facet normal 0 0 -1
    outer loop
      vertex -116.47729929156506 1.7075894211084663 -369.6
      vertex -116.45235722072158 1.6162659671375668 -369.6
      vertex -116.4950981445026 1.7149876870664795 -369.6
    endloop
  endfacet
  facet normal 0 0 -1
    outer loop
      vertex -116.45235722072158 1.6162659671375668 -369.6
      vertex -116.36053699437494 1.6613599572793323 -369.6
      vertex -116.32391869381243 1.5654135569255196 -369.6
    endloop
  endfacet
  facet normal 0 0 -1
    outer loop
      vertex -116.6042778904825 1.7750097603441601 -369.6
      vertex -116.45235722072158 1.6162659671375668 -369.6
      vertex -116.57340947447689 1.6828150067979721 -369.6
    endloop
  endfacet
  facet normal 0 0 1
    outer loop
      vertex -135.61228253277838 -4.883122555685339 -280.4
      vertex -136.33738747274876 10.088584287762641 -280.4
      vertex -145.62118474316506 -4.2140790720577535 -280.4
    endloop
  endfacet
  facet normal 0 0 -1
    outer loop
      vertex -115.86413868541426 1.6301292228457973 -369.6
      vertex -115.91493042851775 1.5137463235790898 -369.6
      vertex -115.98872948047068 1.6143897451462144 -369.6
    endloop
  endfacet
  facet normal 0 0 -1
    outer loop
      vertex -110.79096653849906 -1.1613839342851286 -369.6
      vertex -109.98194954412412 -1.749169186577602 -369.6
      vertex -110.5758237651926 -2.467039802110652 -369.6
    endloop
  endfacet
  facet normal 0 0 -1
    outer loop
      vertex -116.05306957148224 1.5137463235790898 -369.6
      vertex -115.98872948047068 1.6143897451462144 -369.6
      vertex -115.91493042851775 1.5137463235790898 -369.6
    endloop
  endfacet
  facet normal 0 0 1
    outer loop
      vertex -131.76203396102585 2.035729357768132 -280.4
      vertex -131.85285674188745 2.121017625949353 -280.4
      vertex -132.66686767725193 -5.014657871485362 -280.4
    endloop
  endfacet
  facet normal 0 0 1
    outer loop
      vertex -131.41749699437494 1.8488469227977522 -280.4
      vertex -131.53425929156506 1.8950763866268863 -280.4
      vertex -131.3490108470301 -5.139886358706809 -280.4
    endloop
  endfacet
  facet normal 0 0 1
    outer loop
      vertex -131.53425929156506 1.8950763866268863 -280.4
      vertex -131.5520581445026 1.9024746525848995 -280.4
      vertex -131.3490108470301 -5.139886358706809 -280.4
    endloop
  endfacet
  facet normal 0 0 1
    outer loop
      vertex -189.73856820696548 -0.8821712151756878 -280.4
      vertex -195.83859138882158 1.2359238867168132 -280.4
      vertex -199.31200000297932 0.8009599688062078 -280.4
    endloop
  endfacet
  facet normal 0 0 1
    outer loop
      vertex -131.3490108470301 -5.139886358706809 -280.4
      vertex -131.29586131458572 1.8176161883642172 -280.4
      vertex -131.41749699437494 1.8488469227977522 -280.4
    endloop
  endfacet
  facet normal 0 0 1
    outer loop
      vertex -131.3490108470301 -5.139886358706809 -280.4
      vertex -131.1712705195293 1.801876710664634 -280.4
      vertex -131.29586131458572 1.8176161883642172 -280.4
    endloop
  endfacet
  facet normal 0 0 -1
    outer loop
      vertex -116.11431051952928 1.6143897451462141 -369.6
      vertex -115.98872948047068 1.6143897451462144 -369.6
      vertex -116.05306957148224 1.5137463235790898 -369.6
    endloop
  endfacet
  facet normal 0 0 -1
    outer loop
      vertex -116.11431051952928 1.6143897451462141 -369.6
      vertex -116.19011944604429 1.531059749048631 -369.6
      vertex -116.2389013145857 1.6301292228457973 -369.6
    endloop
  endfacet
  facet normal 0 0 1
    outer loop
      vertex -131.5520581445026 1.9024746525848995 -280.4
      vertex -131.66123789048254 1.96249672586258 -280.4
      vertex -131.3490108470301 -5.139886358706809 -280.4
    endloop
  endfacet
  facet normal 0 0 1
    outer loop
      vertex -182.59276351487637 -1.4105881574162846 -280.4
      vertex -195.83859138882158 1.2359238867168132 -280.4
      vertex -189.73856820696548 -0.8821712151756878 -280.4
    endloop
  endfacet
  facet normal 0.5847225857944096 0.8048015955785672 0.10195042626733818
    outer loop
      vertex -120.7865747646879 -3.2752665877724745 -370
      vertex -120.07852615442981 -3.8403651005782717 -369.6
      vertex -120.01046582940255 -3.839142735622251 -370
    endloop
  endfacet
  facet normal 0.7637538598063481 0.6318321418459995 0.13216726584598035
    outer loop
      vertex -121.55442152185161 -2.6193982679194776 -369.6
      vertex -121.75019503308009 -2.299076353628019 -370
      vertex -121.84388198134958 -2.269500678732283 -369.6
    endloop
  endfacet
  facet normal 0.48003691527471565 0.8731839073304595 0.08434704471792334
    outer loop
      vertex -119.79805241630909 -3.994556842928018 -369.6
      vertex -119.73008136437424 -3.993285399674122 -370
      vertex -120.01046582940255 -3.839142735622251 -370
    endloop
  endfacet
  facet normal 0.8569926106614919 -0.4947849144589422 0.14405399576359468
    outer loop
      vertex -119.73008136437424 -3.993285399674122 -370
      vertex -119.79805241630909 -3.994556842928018 -369.6
      vertex -120.12716692826658 -4.5645998991466055 -369.6
    endloop
  endfacet
  facet normal 0.5847225857944014 0.8048015955785706 0.1019504262673574
    outer loop
      vertex -120.7865747646879 -3.2752665877724745 -370
      vertex -120.85488219914295 -3.2763094172201455 -369.6
      vertex -120.07852615442981 -3.8403651005782717 -369.6
    endloop
  endfacet
  facet normal 0.7637538598063487 0.6318321418459988 0.13216726584597946
    outer loop
      vertex -121.75019503308009 -2.299076353628019 -370
      vertex -121.55442152185161 -2.6193982679194776 -369.6
      vertex -121.48589142826624 -2.618564529312676 -370
    endloop
  endfacet
  facet normal 0.6797670180729194 0.7238783508677775 0.11797005673135048
    outer loop
      vertex -121.48589142826624 -2.618564529312676 -370
      vertex -120.85488219914295 -3.2763094172201455 -369.6
      vertex -120.7865747646879 -3.2752665877724745 -370
    endloop
  endfacet
  facet normal 0.6797670180729276 0.7238783508677731 0.11797005673132999
    outer loop
      vertex -121.48589142826624 -2.618564529312676 -370
      vertex -121.55442152185161 -2.6193982679194776 -369.6
      vertex -120.85488219914295 -3.2763094172201455 -369.6
    endloop
  endfacet
  facet normal 0.4800369152747281 0.8731839073304534 0.08434704471791443
    outer loop
      vertex -120.07852615442981 -3.8403651005782717 -369.6
      vertex -119.79805241630909 -3.994556842928018 -369.6
      vertex -120.01046582940255 -3.839142735622251 -370
    endloop
  endfacet
  facet normal 0.8572447847671745 0.4949305072471995 0.14203933252979817
    outer loop
      vertex -119.73008136437426 9.214774351897084 -370
      vertex -119.7364223239693 9.225757216084418 -370
      vertex -119.74311416808959 9.215336907169885 -369.9233037986358
    endloop
  endfacet
  facet normal 0.47988688061007745 -0.8729109952888343 0.08794871302177207
    outer loop
      vertex -119.75078472238907 9.203392584512432 -370
      vertex -119.73008136437426 9.214774351897084 -370
      vertex -119.74311416808959 9.215336907169885 -369.9233037986358
    endloop
  endfacet
  facet normal 0.8569926106614957 -0.49478491445892897 0.14405399576361727
    outer loop
      vertex -120.0590540672449 -4.563082835349368 -370
      vertex -119.73008136437424 -3.993285399674122 -370
      vertex -120.12716692826658 -4.5645998991466055 -369.6
    endloop
  endfacet
  facet normal 0 0 1
    outer loop
      vertex -116.87391869381244 3.258139502371909 -368
      vertex -116.78586549016354 3.364577541371746 -368
      vertex -117.14539390355829 3.199193292877458 -368
    endloop
  endfacet
  facet normal 0.9510565162951548 -0.30901699437494384 0
    outer loop
      vertex -109.76672051024903 1.015249671672816 -370
      vertex -110.01581832210475 0.2486054369780799 -369.6
      vertex -110.01581832210475 0.2486054369780799 -370
    endloop
  endfacet
  facet normal 0.8443279255020122 -0.5358267949790011 0
    outer loop
      vertex -110.3590379242398 -0.4807733447068778 -369.6
      vertex -110.79096653849906 -1.1613839342851286 -369.6
      vertex -110.3590379242398 -0.4807733447068778 -370
    endloop
  endfacet
  facet normal 0 0 -1
    outer loop
      vertex -115.91493042851775 1.5137463235790898 -370
      vertex -109.76672051024903 1.015249671672816 -370
      vertex -116.05306957148224 1.5137463235790898 -370
    endloop
  endfacet
  facet normal 0 0 1
    outer loop
      vertex -117.14539390355829 3.199193292877458 -368
      vertex -116.78586549016354 3.364577541371746 -368
      vertex -117.06597674188747 3.2951921503963866 -368
    endloop
  endfacet
  facet normal 0.9510565162951541 0.3090169943749455 0
    outer loop
      vertex -109.76672051024903 4.207901778027563 -369.6
      vertex -110.01581832210475 4.9745460127222945 -370
      vertex -110.01581832210475 4.9745460127222945 -369.6
    endloop
  endfacet
  facet normal 0 0 1
    outer loop
      vertex -117.06597674188747 3.2951921503963866 -368
      vertex -116.68516638872356 3.459140291903557 -368
      vertex -116.97515396102584 3.380480418577608 -368
    endloop
  endfacet
  facet normal 0 0 1
    outer loop
      vertex -116.78586549016354 3.364577541371746 -368
      vertex -116.68516638872356 3.459140291903557 -368
      vertex -117.06597674188747 3.2951921503963866 -368
    endloop
  endfacet
  facet normal -0.3010417975377612 0.9536109458973474 0
    outer loop
      vertex -117.96756227757783 8.71635269151335 -369.6
      vertex -117.96756227757783 8.71635269151335 -370
      vertex -120.59653264988016 7.886423075084004 -370
    endloop
  endfacet
  facet normal 0 0 -1
    outer loop
      vertex -109.61567290996942 1.807068921825115 -370
      vertex -109.76672051024903 1.015249671672816 -370
      vertex -115.28283361127643 1.7640111577968205 -370
    endloop
  endfacet
  facet normal 0 0 -1
    outer loop
      vertex -122.61141836242074 6.29089855836204 -370
      vertex -116.38704872610577 9.017851776201343 -370
      vertex -115.58095127389421 9.017851776201343 -370
    endloop
  endfacet
  facet normal 0 0 -1
    outer loop
      vertex -123.01987840088808 5.422876792206993 -370
      vertex -114.78121014086297 8.91682097594772 -370
      vertex -114.00043772242216 8.71635269151335 -370
    endloop
  endfacet
  facet normal 0.9048270524660191 -0.42577929156507355 0
    outer loop
      vertex -110.01581832210475 0.2486054369780799 -370
      vertex -110.3590379242398 -0.4807733447068778 -369.6
      vertex -110.3590379242398 -0.4807733447068778 -370
    endloop
  endfacet
  facet normal 0 0 -1
    outer loop
      vertex -123.01987840088808 5.422876792206993 -370
      vertex -115.58095127389421 9.017851776201343 -370
      vertex -114.78121014086297 8.91682097594772 -370
    endloop
  endfacet
  facet normal 0.9048270524660191 -0.42577929156507355 0
    outer loop
      vertex -110.3590379242398 -0.4807733447068778 -369.6
      vertex -110.01581832210475 0.2486054369780799 -370
      vertex -110.01581832210475 0.2486054369780799 -369.6
    endloop
  endfacet
  facet normal 0 0 -1
    outer loop
      vertex -114.96124586552291 2.206638716897042 -370
      vertex -109.61567290996942 1.807068921825115 -370
      vertex -115.02006265195175 2.0816466833383016 -370
    endloop
  endfacet
  facet normal 0 0 -1
    outer loop
      vertex -115.02006265195175 2.0816466833383016 -370
      vertex -109.61567290996942 1.807068921825115 -370
      vertex -115.09408130618755 1.9650119473284682 -370
    endloop
  endfacet
  facet normal 0 0 -1
    outer loop
      vertex -115.09408130618755 1.9650119473284682 -370
      vertex -109.61567290996942 1.807068921825115 -370
      vertex -115.18213450983644 1.8585739083286312 -370
    endloop
  endfacet
  facet normal 0 0 -1
    outer loop
      vertex -115.18213450983644 1.8585739083286312 -370
      vertex -109.61567290996942 1.807068921825115 -370
      vertex -115.28283361127643 1.7640111577968205 -370
    endloop
  endfacet
  facet normal 0 0 -1
    outer loop
      vertex -115.28283361127643 1.7640111577968205 -370
      vertex -109.76672051024903 1.015249671672816 -370
      vertex -115.3945905255231 1.6828150067979717 -370
    endloop
  endfacet
  facet normal 0 0 -1
    outer loop
      vertex -123.49608491536627 3.5681748724719853 -370
      vertex -111.30479239261402 7.005644145882343 -370
      vertex -110.79096653849906 6.384535383985506 -370
    endloop
  endfacet
  facet normal 0 0 -1
    outer loop
      vertex -122.61141836242074 6.29089855836204 -370
      vertex -117.18678985913702 8.91682097594772 -370
      vertex -116.38704872610577 9.017851776201343 -370
    endloop
  endfacet
  facet normal 0 0 -1
    outer loop
      vertex -123.49608491536627 3.5681748724719853 -370
      vertex -111.89241214592057 7.557455823890258 -370
      vertex -111.30479239261402 7.005644145882343 -370
    endloop
  endfacet
  facet normal 0 0 -1
    outer loop
      vertex -123.31632563519459 4.510506019540694 -370
      vertex -113.25094726602141 8.419608427497709 -370
      vertex -112.54455868388207 8.031268018210755 -370
    endloop
  endfacet
  facet normal 0 0 -1
    outer loop
      vertex -115.3945905255231 1.6828150067979717 -370
      vertex -109.76672051024903 1.015249671672816 -370
      vertex -115.51564277927841 1.6162659671375668 -370
    endloop
  endfacet
  facet normal 0 0 -1
    outer loop
      vertex -123.31632563519459 4.510506019540694 -370
      vertex -112.54455868388207 8.031268018210755 -370
      vertex -111.89241214592057 7.557455823890258 -370
    endloop
  endfacet
  facet normal 0 0 -1
    outer loop
      vertex -115.51564277927841 1.6162659671375668 -370
      vertex -109.76672051024903 1.015249671672816 -370
      vertex -115.64408130618756 1.5654135569255196 -370
    endloop
  endfacet
  facet normal 0 0 -1
    outer loop
      vertex -115.64408130618756 1.5654135569255196 -370
      vertex -109.76672051024903 1.015249671672816 -370
      vertex -115.7778805539557 1.531059749048631 -370
    endloop
  endfacet
  facet normal 0 0 -1
    outer loop
      vertex -122.61141836242074 6.29089855836204 -370
      vertex -117.96756227757783 8.71635269151335 -370
      vertex -117.18678985913702 8.91682097594772 -370
    endloop
  endfacet
  facet normal 0 0 -1
    outer loop
      vertex -115.7778805539557 1.531059749048631 -370
      vertex -109.76672051024903 1.015249671672816 -370
      vertex -115.91493042851775 1.5137463235790898 -370
    endloop
  endfacet
  facet normal -0.3010417975377612 0.9536109458973474 0
    outer loop
      vertex -120.59653264988016 7.886423075084004 -369.6
      vertex -117.96756227757783 8.71635269151335 -369.6
      vertex -120.59653264988016 7.886423075084004 -370
    endloop
  endfacet
  facet normal 0 0 -1
    outer loop
      vertex -115.02006265195175 3.1415047663620754 -370
      vertex -109.76672051024903 4.207901778027563 -370
      vertex -114.96124586552291 3.016512732803334 -370
    endloop
  endfacet
  facet normal 0 0 1
    outer loop
      vertex -116.78586549016354 1.8585739083286312 -368
      vertex -117.06597674188745 1.9368936553281246 -368
      vertex -116.97515396102585 1.8516053871469036 -368
    endloop
  endfacet
  facet normal 0 0 1
    outer loop
      vertex -116.87391869381244 1.9650119473284682 -368
      vertex -117.06597674188745 1.9368936553281246 -368
      vertex -116.78586549016354 1.8585739083286312 -368
    endloop
  endfacet
  facet normal 0 0 1
    outer loop
      vertex -116.78586549016354 1.8585739083286312 -368
      vertex -116.97515396102585 1.8516053871469036 -368
      vertex -116.87435789048251 1.7783727552413515 -368
    endloop
  endfacet
  facet normal 0 0 1
    outer loop
      vertex -116.87391869381244 1.9650119473284682 -368
      vertex -117.14539390355827 2.032892512847053 -368
      vertex -117.06597674188745 1.9368936553281246 -368
    endloop
  endfacet
  facet normal 0 0 1
    outer loop
      vertex -116.94793734804824 2.0816466833383016 -368
      vertex -117.14539390355827 2.032892512847053 -368
      vertex -116.87391869381244 1.9650119473284682 -368
    endloop
  endfacet
  facet normal 0.9980267284282724 -0.06279051952930005 0
    outer loop
      vertex -109.56505763215381 2.6115757248501885 -369.6
      vertex -109.61567290996942 1.807068921825115 -369.6
      vertex -109.56505763215381 2.6115757248501885 -370
    endloop
  endfacet
  facet normal 0.9980267284282724 -0.06279051952930005 0
    outer loop
      vertex -109.61567290996942 1.807068921825115 -369.6
      vertex -109.61567290996942 1.807068921825115 -370
      vertex -109.56505763215381 2.6115757248501885 -370
    endloop
  endfacet
  facet normal 0 0 -1
    outer loop
      vertex -109.61567290996942 3.4160825278752633 -370
      vertex -109.56505763215381 2.6115757248501885 -370
      vertex -114.884 2.6115757248501885 -370
    endloop
  endfacet
  facet normal 0 0 -1
    outer loop
      vertex -109.56505763215381 2.6115757248501885 -370
      vertex -109.61567290996942 1.807068921825115 -370
      vertex -114.89267382855407 2.473709167929454 -370
    endloop
  endfacet
  facet normal 0 0 -1
    outer loop
      vertex -109.76672051024903 4.207901778027563 -370
      vertex -109.61567290996942 3.4160825278752633 -370
      vertex -114.96124586552291 3.016512732803334 -370
    endloop
  endfacet
  facet normal 0 0 -1
    outer loop
      vertex -115.3945905255231 3.5403364429024053 -370
      vertex -109.76672051024903 4.207901778027563 -370
      vertex -115.28283361127643 3.4591402919035565 -370
    endloop
  endfacet
  facet normal 0 0 -1
    outer loop
      vertex -115.28283361127643 3.4591402919035565 -370
      vertex -109.76672051024903 4.207901778027563 -370
      vertex -115.18213450983644 3.3645775413717462 -370
    endloop
  endfacet
  facet normal 0 0 -1
    outer loop
      vertex -109.76672051024903 4.207901778027563 -370
      vertex -115.09408130618755 3.258139502371909 -370
      vertex -115.18213450983644 3.3645775413717462 -370
    endloop
  endfacet
  facet normal 0 0 -1
    outer loop
      vertex -109.76672051024903 4.207901778027563 -370
      vertex -115.02006265195175 3.1415047663620754 -370
      vertex -115.09408130618755 3.258139502371909 -370
    endloop
  endfacet
  facet normal 0.9980267284282724 0.06279051952929994 0
    outer loop
      vertex -109.56505763215381 2.6115757248501885 -370
      vertex -109.61567290996942 3.4160825278752633 -370
      vertex -109.56505763215381 2.6115757248501885 -369.6
    endloop
  endfacet
  facet normal 0 0 -1
    outer loop
      vertex -115.64408130618756 3.6577378927748576 -370
      vertex -109.76672051024903 4.207901778027563 -370
      vertex -115.51564277927841 3.6068854825628103 -370
    endloop
  endfacet
  facet normal 0 0 -1
    outer loop
      vertex -109.76672051024903 4.207901778027563 -370
      vertex -115.3945905255231 3.5403364429024053 -370
      vertex -115.51564277927841 3.6068854825628103 -370
    endloop
  endfacet
  facet normal 0 0 -1
    outer loop
      vertex -114.96124586552291 3.016512732803334 -370
      vertex -109.61567290996942 3.4160825278752633 -370
      vertex -114.9185585227585 2.885134600731529 -370
    endloop
  endfacet
  facet normal 0 0 -1
    outer loop
      vertex -114.9185585227585 2.885134600731529 -370
      vertex -109.61567290996942 3.4160825278752633 -370
      vertex -114.89267382855407 2.749442281770923 -370
    endloop
  endfacet
  facet normal 0 0 -1
    outer loop
      vertex -114.89267382855407 2.749442281770923 -370
      vertex -109.61567290996942 3.4160825278752633 -370
      vertex -114.884 2.6115757248501885 -370
    endloop
  endfacet
  facet normal 0 0 -1
    outer loop
      vertex -114.884 2.6115757248501885 -370
      vertex -109.56505763215381 2.6115757248501885 -370
      vertex -114.89267382855407 2.473709167929454 -370
    endloop
  endfacet
  facet normal 0 0 -1
    outer loop
      vertex -114.89267382855407 2.473709167929454 -370
      vertex -109.61567290996942 1.807068921825115 -370
      vertex -114.9185585227585 2.3380168489688486 -370
    endloop
  endfacet
  facet normal 0 0 -1
    outer loop
      vertex -114.9185585227585 2.3380168489688486 -370
      vertex -109.61567290996942 1.807068921825115 -370
      vertex -114.96124586552291 2.206638716897042 -370
    endloop
  endfacet
  facet normal 0 0 -1
    outer loop
      vertex -123.49608491536627 3.5681748724719853 -370
      vertex -110.79096653849906 6.384535383985506 -370
      vertex -110.3590379242398 5.703924794407254 -370
    endloop
  endfacet
  facet normal 0 0 -1
    outer loop
      vertex -123.50870040071416 3.3676574748827526 -370
      vertex -110.3590379242398 5.703924794407254 -370
      vertex -110.01581832210475 4.9745460127222945 -370
    endloop
  endfacet
  facet normal 0 0 -1
    outer loop
      vertex -110.01581832210475 4.9745460127222945 -370
      vertex -116.05306957148224 3.709405126121287 -370
      vertex -123.50870040071416 3.3676574748827526 -370
    endloop
  endfacet
  facet normal 0 0 -1
    outer loop
      vertex -123.31632563519459 4.510506019540694 -370
      vertex -111.89241214592057 7.557455823890258 -370
      vertex -123.49608491536627 3.5681748724719853 -370
    endloop
  endfacet
  facet normal 0 0 -1
    outer loop
      vertex -123.49608491536627 3.5681748724719853 -370
      vertex -110.3590379242398 5.703924794407254 -370
      vertex -123.50870040071416 3.3676574748827526 -370
    endloop
  endfacet
  facet normal 0.9822872507286877 0.18738131458573 0
    outer loop
      vertex -109.76672051024903 4.207901778027563 -369.6
      vertex -109.61567290996942 3.4160825278752633 -369.6
      vertex -109.76672051024903 4.207901778027563 -370
    endloop
  endfacet
  facet normal 0.8443279255020122 -0.5358267949790011 0
    outer loop
      vertex -110.79096653849906 -1.1613839342851286 -369.6
      vertex -110.79096653849906 -1.1613839342851286 -370
      vertex -110.3590379242398 -0.4807733447068778 -370
    endloop
  endfacet
  facet normal 0.7705132427757858 -0.637423989748694 0
    outer loop
      vertex -110.79096653849906 -1.1613839342851286 -369.6
      vertex -111.30479239261402 -1.7824926961819636 -369.6
      vertex -110.79096653849906 -1.1613839342851286 -370
    endloop
  endfacet
  facet normal 0.9048270524660196 0.42577929156507244 0
    outer loop
      vertex -110.3590379242398 5.703924794407254 -369.6
      vertex -110.01581832210475 4.9745460127222945 -369.6
      vertex -110.3590379242398 5.703924794407254 -370
    endloop
  endfacet
  facet normal 0.9048270524660196 0.42577929156507244 0
    outer loop
      vertex -110.01581832210475 4.9745460127222945 -370
      vertex -110.3590379242398 5.703924794407254 -370
      vertex -110.01581832210475 4.9745460127222945 -369.6
    endloop
  endfacet
  facet normal 0 0 1
    outer loop
      vertex -116.87435789048253 3.45371305048316 -368
      vertex -116.97515396102584 3.380480418577608 -368
      vertex -116.68516638872356 3.459140291903557 -368
    endloop
  endfacet
  facet normal 0 0 1
    outer loop
      vertex -116.87435789048253 3.45371305048316 -368
      vertex -116.68516638872356 3.459140291903557 -368
      vertex -116.76517814450261 3.51373512376084 -368
    endloop
  endfacet
  facet normal 0 0 1
    outer loop
      vertex -116.76517814450261 3.51373512376084 -368
      vertex -116.68516638872356 3.459140291903557 -368
      vertex -116.57340947447689 3.540336442902405 -368
    endloop
  endfacet
  facet normal -0.3010417975377616 -0.9536109458973473 0
    outer loop
      vertex -121.84388198134958 -2.269500678732283 -369.6
      vertex -117.96756227757783 -3.4932012418129728 -370
      vertex -117.96756227757783 -3.4932012418129728 -369.6
    endloop
  endfacet
  facet normal 0 0 1
    outer loop
      vertex -116.57340947447689 3.540336442902405 -368
      vertex -116.64933655290105 3.55960005445961 -368
      vertex -116.76517814450261 3.51373512376084 -368
    endloop
  endfacet
  facet normal 0 0 1
    outer loop
      vertex -116.63061699437495 3.566835984766831 -368
      vertex -116.64933655290105 3.55960005445961 -368
      vertex -116.57340947447689 3.540336442902405 -368
    endloop
  endfacet
  facet normal 0 0 1
    outer loop
      vertex -116.63061699437495 3.566835984766831 -368
      vertex -116.57340947447689 3.540336442902405 -368
      vertex -116.50898131458571 3.598066719200366 -368
    endloop
  endfacet
  facet normal 0.9510565162951541 0.3090169943749455 0
    outer loop
      vertex -109.76672051024903 4.207901778027563 -369.6
      vertex -109.76672051024903 4.207901778027563 -370
      vertex -110.01581832210475 4.9745460127222945 -370
    endloop
  endfacet
  facet normal 0 0 1
    outer loop
      vertex -116.50898131458571 3.598066719200366 -368
      vertex -116.57340947447689 3.540336442902405 -368
      vertex -116.45629056358696 3.604723109023898 -368
    endloop
  endfacet
  facet normal 0 0 -1
    outer loop
      vertex -123.01987840088808 5.422876792206993 -370
      vertex -113.25094726602141 8.419608427497709 -370
      vertex -123.31632563519459 4.510506019540694 -370
    endloop
  endfacet
  facet normal 0 0 -1
    outer loop
      vertex -110.01581832210475 4.9745460127222945 -370
      vertex -109.76672051024903 4.207901778027563 -370
      vertex -115.64408130618756 3.6577378927748576 -370
    endloop
  endfacet
  facet normal 0 0 -1
    outer loop
      vertex -110.01581832210475 4.9745460127222945 -370
      vertex -115.64408130618756 3.6577378927748576 -370
      vertex -115.7778805539557 3.692091700651746 -370
    endloop
  endfacet
  facet normal 0 0 -1
    outer loop
      vertex -115.91493042851775 3.709405126121287 -370
      vertex -110.01581832210475 4.9745460127222945 -370
      vertex -115.7778805539557 3.692091700651746 -370
    endloop
  endfacet
  facet normal 0 0 -1
    outer loop
      vertex -110.01581832210475 4.9745460127222945 -370
      vertex -115.91493042851775 3.709405126121287 -370
      vertex -116.05306957148224 3.709405126121287 -370
    endloop
  endfacet
  facet normal 0 0 1
    outer loop
      vertex -116.74737929156507 1.7109524160056577 -368
      vertex -116.68516638872356 1.76401115779682 -368
      vertex -116.7651781445026 1.718350681963671 -368
    endloop
  endfacet
  facet normal 0 0 1
    outer loop
      vertex -116.78586549016354 1.8585739083286312 -368
      vertex -116.87435789048251 1.7783727552413515 -368
      vertex -116.7651781445026 1.718350681963671 -368
    endloop
  endfacet
  facet normal 0 0 1
    outer loop
      vertex -116.78586549016354 1.8585739083286312 -368
      vertex -116.7651781445026 1.718350681963671 -368
      vertex -116.68516638872356 1.76401115779682 -368
    endloop
  endfacet
  facet normal 0.9822872507286877 0.18738131458573 0
    outer loop
      vertex -109.61567290996942 3.4160825278752633 -369.6
      vertex -109.61567290996942 3.4160825278752633 -370
      vertex -109.76672051024903 4.207901778027563 -370
    endloop
  endfacet
  facet normal 0 0 1
    outer loop
      vertex -116.68516638872356 1.76401115779682 -368
      vertex -116.63061699437495 1.6647229521765239 -368
      vertex -116.57340947447689 1.6828150067979721 -368
    endloop
  endfacet
  facet normal 0 0 1
    outer loop
      vertex -116.57340947447689 1.6828150067979721 -368
      vertex -116.63061699437495 1.6647229521765239 -368
      vertex -116.50898131458571 1.6334922177429887 -368
    endloop
  endfacet
  facet normal 0 0 1
    outer loop
      vertex -116.57340947447689 1.6828150067979721 -368
      vertex -116.50898131458571 1.6334922177429887 -368
      vertex -116.47614645732847 1.6293442106343146 -368
    endloop
  endfacet
  facet normal 0 0 1
    outer loop
      vertex -116.68516638872356 1.76401115779682 -368
      vertex -116.74737929156507 1.7109524160056577 -368
      vertex -116.63061699437495 1.6647229521765239 -368
    endloop
  endfacet
  facet normal 0.9980267284282724 0.06279051952929994 0
    outer loop
      vertex -109.61567290996942 3.4160825278752633 -369.6
      vertex -109.56505763215381 2.6115757248501885 -369.6
      vertex -109.61567290996942 3.4160825278752633 -370
    endloop
  endfacet
  facet normal 0 0 -1
    outer loop
      vertex -116.78586549016354 3.364577541371746 -370
      vertex -116.87391869381244 3.258139502371909 -370
      vertex -123.50870040071416 3.3676574748827526 -370
    endloop
  endfacet
  facet normal 0 -1 0
    outer loop
      vertex -115.58095127389421 -3.794700326500967 -369.6
      vertex -116.38704872610577 -3.794700326500967 -369.6
      vertex -115.58095127389421 -3.794700326500967 -370
    endloop
  endfacet
  facet normal 0.36812455268467525 -0.9297764858882525 0
    outer loop
      vertex -113.25094726602141 -3.196456977797331 -369.6
      vertex -114.00043772242216 -3.4932012418129728 -369.6
      vertex -113.25094726602141 -3.196456977797331 -370
    endloop
  endfacet
  facet normal 0.36812455268467525 0.9297764858882525 0
    outer loop
      vertex -113.25094726602141 8.419608427497709 -369.6
      vertex -113.25094726602141 8.419608427497709 -370
      vertex -114.00043772242216 8.71635269151335 -370
    endloop
  endfacet
  facet normal 0 0 -1
    outer loop
      vertex -116.38704872610577 -3.794700326500967 -370
      vertex -122.0973871786014 -1.8793931439995573 -370
      vertex -115.58095127389421 -3.794700326500967 -370
    endloop
  endfacet
  facet normal 0.36812455268467525 0.9297764858882525 0
    outer loop
      vertex -114.00043772242216 8.71635269151335 -369.6
      vertex -113.25094726602141 8.419608427497709 -369.6
      vertex -114.00043772242216 8.71635269151335 -370
    endloop
  endfacet
  facet normal 0.12533323356430337 -0.9921147013144779 0
    outer loop
      vertex -114.78121014086297 -3.693669526247344 -369.6
      vertex -115.58095127389421 -3.794700326500967 -369.6
      vertex -114.78121014086297 -3.693669526247344 -370
    endloop
  endfacet
  facet normal 0 0 -1
    outer loop
      vertex -117.04944147724149 2.885134600731529 -370
      vertex -123.50870040071416 3.3676574748827526 -370
      vertex -117.00675413447708 3.016512732803334 -370
    endloop
  endfacet
  facet normal 0 0 -1
    outer loop
      vertex -117.18678985913702 -3.693669526247344 -370
      vertex -117.96756227757783 -3.4932012418129728 -370
      vertex -122.0973871786014 -1.8793931439995573 -370
    endloop
  endfacet
  facet normal 0 0 -1
    outer loop
      vertex -116.94793734804824 3.1415047663620754 -370
      vertex -117.00675413447708 3.016512732803334 -370
      vertex -123.50870040071416 3.3676574748827526 -370
    endloop
  endfacet
  facet normal 0 0 -1
    outer loop
      vertex -123.55632133017181 2.610744476111476 -370
      vertex -117.04944147724149 2.885134600731529 -370
      vertex -123.49608491536627 1.6533140797509667 -370
    endloop
  endfacet
  facet normal 0 0 -1
    outer loop
      vertex -122.61141836242074 6.29089855836204 -370
      vertex -120.59653264988016 7.886423075084004 -370
      vertex -117.96756227757783 8.71635269151335 -370
    endloop
  endfacet
  facet normal 0 0 -1
    outer loop
      vertex -123.55632133017181 2.610744476111476 -370
      vertex -123.50870040071416 3.3676574748827526 -370
      vertex -117.04944147724149 2.885134600731529 -370
    endloop
  endfacet
  facet normal 0.24868988716485743 -0.9685831611286304 0
    outer loop
      vertex -114.78121014086297 -3.693669526247344 -369.6
      vertex -114.78121014086297 -3.693669526247344 -370
      vertex -114.00043772242216 -3.4932012418129728 -370
    endloop
  endfacet
  facet normal 0 0 -1
    outer loop
      vertex -116.87391869381244 3.258139502371909 -370
      vertex -116.94793734804824 3.1415047663620754 -370
      vertex -123.50870040071416 3.3676574748827526 -370
    endloop
  endfacet
  facet normal -0.12533323356430337 -0.9921147013144779 0
    outer loop
      vertex -116.38704872610577 -3.794700326500967 -370
      vertex -117.18678985913702 -3.693669526247344 -369.6
      vertex -117.18678985913702 -3.693669526247344 -370
    endloop
  endfacet
  facet normal 0 0 -1
    outer loop
      vertex -116.68516638872356 3.459140291903557 -370
      vertex -116.78586549016354 3.364577541371746 -370
      vertex -123.50870040071416 3.3676574748827526 -370
    endloop
  endfacet
  facet normal 0.24868988716485743 -0.9685831611286304 0
    outer loop
      vertex -114.00043772242216 -3.4932012418129728 -369.6
      vertex -114.78121014086297 -3.693669526247344 -369.6
      vertex -114.00043772242216 -3.4932012418129728 -370
    endloop
  endfacet
  facet normal 0 0 -1
    outer loop
      vertex -116.57340947447689 3.540336442902405 -370
      vertex -116.68516638872356 3.459140291903557 -370
      vertex -123.50870040071416 3.3676574748827526 -370
    endloop
  endfacet
  facet normal 0 0 -1
    outer loop
      vertex -122.61141836242074 6.29089855836204 -370
      vertex -115.58095127389421 9.017851776201343 -370
      vertex -123.01987840088808 5.422876792206993 -370
    endloop
  endfacet
  facet normal 0 0 -1
    outer loop
      vertex -116.45235722072158 3.6068854825628103 -370
      vertex -116.57340947447689 3.540336442902405 -370
      vertex -123.50870040071416 3.3676574748827526 -370
    endloop
  endfacet
  facet normal 0 0 -1
    outer loop
      vertex -122.61141836242074 6.29089855836204 -370
      vertex -121.74833355509 7.522815446205848 -370
      vertex -120.59653264988016 7.886423075084004 -370
    endloop
  endfacet
  facet normal 0 0 -1
    outer loop
      vertex -122.61141836242074 6.29089855836204 -370
      vertex -122.0973871786014 7.100882096222509 -370
      vertex -121.74833355509 7.522815446205848 -370
    endloop
  endfacet
  facet normal 0 0 -1
    outer loop
      vertex -116.38704872610577 -3.794700326500967 -370
      vertex -117.18678985913702 -3.693669526247344 -370
      vertex -122.0973871786014 -1.8793931439995573 -370
    endloop
  endfacet
  facet normal 0 0 -1
    outer loop
      vertex -116.32391869381243 3.6577378927748576 -370
      vertex -116.45235722072158 3.6068854825628103 -370
      vertex -123.50870040071416 3.3676574748827526 -370
    endloop
  endfacet
  facet normal 0 0 -1
    outer loop
      vertex -116.19011944604429 3.692091700651746 -370
      vertex -116.32391869381243 3.6577378927748576 -370
      vertex -123.50870040071416 3.3676574748827526 -370
    endloop
  endfacet
  facet normal 0 0 1
    outer loop
      vertex -117.14539390355829 3.199193292877458 -368
      vertex -116.94793734804824 3.1415047663620754 -368
      vertex -116.87391869381244 3.258139502371909 -368
    endloop
  endfacet
  facet normal 0 0 1
    outer loop
      vertex -117.303701843427 2.862771795986747 -368
      vertex -117.00675413447708 3.016512732803334 -368
      vertex -117.26520117041188 2.981264683495541 -368
    endloop
  endfacet
  facet normal 0 0 1
    outer loop
      vertex -117.00675413447708 3.016512732803334 -368
      vertex -117.21215298995726 3.0939978053508317 -368
      vertex -117.26520117041188 2.981264683495541 -368
    endloop
  endfacet
  facet normal 0 0 1
    outer loop
      vertex -117.04944147724149 2.338016848968848 -368
      vertex -117.07532617144592 2.473709167929454 -368
      vertex -117.26520117041188 2.2508211222289707 -368
    endloop
  endfacet
  facet normal 0 0 -1
    outer loop
      vertex -122.0973871786014 -1.8793931439995573 -370
      vertex -122.61141836242074 -1.0694096061390879 -370
      vertex -114.00043772242216 -3.4932012418129728 -370
    endloop
  endfacet
  facet normal 0 0 -1
    outer loop
      vertex -114.00043772242216 -3.4932012418129728 -370
      vertex -114.78121014086297 -3.693669526247344 -370
      vertex -122.0973871786014 -1.8793931439995573 -370
    endloop
  endfacet
  facet normal 0 0 -1
    outer loop
      vertex -123.49608491536627 1.6533140797509667 -370
      vertex -117.07532617144592 2.473709167929454 -370
      vertex -117.04944147724149 2.338016848968848 -370
    endloop
  endfacet
  facet normal 0 0 -1
    outer loop
      vertex -114.78121014086297 -3.693669526247344 -370
      vertex -115.58095127389421 -3.794700326500967 -370
      vertex -122.0973871786014 -1.8793931439995573 -370
    endloop
  endfacet
  facet normal 0.12533323356430337 -0.9921147013144779 0
    outer loop
      vertex -115.58095127389421 -3.794700326500967 -370
      vertex -114.78121014086297 -3.693669526247344 -370
      vertex -115.58095127389421 -3.794700326500967 -369.6
    endloop
  endfacet
  facet normal 0 0 -1
    outer loop
      vertex -123.49608491536627 1.6533140797509667 -370
      vertex -117.08399999999999 2.6115757248501885 -370
      vertex -117.07532617144592 2.473709167929454 -370
    endloop
  endfacet
  facet normal 0 0 -1
    outer loop
      vertex -117.07532617144592 2.749442281770923 -370
      vertex -117.08399999999999 2.6115757248501885 -370
      vertex -123.49608491536627 1.6533140797509667 -370
    endloop
  endfacet
  facet normal 0 0 -1
    outer loop
      vertex -117.04944147724149 2.885134600731529 -370
      vertex -117.07532617144592 2.749442281770923 -370
      vertex -123.49608491536627 1.6533140797509667 -370
    endloop
  endfacet
  facet normal 0 0 -1
    outer loop
      vertex -123.49608491536627 1.6533140797509667 -370
      vertex -117.04944147724149 2.338016848968848 -370
      vertex -117.00675413447708 2.206638716897043 -370
    endloop
  endfacet
  facet normal 0 0 1
    outer loop
      vertex -117.00675413447708 2.206638716897043 -368
      vertex -117.21215298995726 2.13808800037368 -368
      vertex -117.14539390355827 2.032892512847053 -368
    endloop
  endfacet
  facet normal 0 0 1
    outer loop
      vertex -117.00675413447708 2.206638716897043 -368
      vertex -117.26520117041188 2.2508211222289707 -368
      vertex -117.21215298995726 2.13808800037368 -368
    endloop
  endfacet
  facet normal 0 0 1
    outer loop
      vertex -117.04944147724149 2.338016848968848 -368
      vertex -117.26520117041188 2.2508211222289707 -368
      vertex -117.00675413447708 2.206638716897043 -368
    endloop
  endfacet
  facet normal 0 0 1
    outer loop
      vertex -117.26520117041188 2.2508211222289707 -368
      vertex -117.07532617144592 2.473709167929454 -368
      vertex -117.303701843427 2.3693140097377645 -368
    endloop
  endfacet
  facet normal 0 0 -1
    outer loop
      vertex -116.05306957148224 3.709405126121287 -370
      vertex -116.19011944604429 3.692091700651746 -370
      vertex -123.50870040071416 3.3676574748827526 -370
    endloop
  endfacet
  facet normal 0 0 1
    outer loop
      vertex -117.32704783038997 2.4916979592798287 -368
      vertex -117.303701843427 2.3693140097377645 -368
      vertex -117.07532617144592 2.473709167929454 -368
    endloop
  endfacet
  facet normal 0 0 1
    outer loop
      vertex -117.32704783038997 2.4916979592798287 -368
      vertex -117.07532617144592 2.473709167929454 -368
      vertex -117.08399999999999 2.6115757248501885 -368
    endloop
  endfacet
  facet normal 0 0 -1
    outer loop
      vertex -114.00043772242216 -3.4932012418129728 -370
      vertex -122.61141836242074 -1.0694096061390879 -370
      vertex -113.25094726602141 -3.196456977797331 -370
    endloop
  endfacet
  facet normal 0 0 1
    outer loop
      vertex -117.08399999999999 2.6115757248501885 -368
      vertex -117.07532617144592 2.749442281770923 -368
      vertex -117.32704783038997 2.4916979592798287 -368
    endloop
  endfacet
  facet normal 0 0 1
    outer loop
      vertex -117.32704783038997 2.4916979592798287 -368
      vertex -117.07532617144592 2.749442281770923 -368
      vertex -117.33487095114013 2.6160429028622554 -368
    endloop
  endfacet
  facet normal 0 0 1
    outer loop
      vertex -117.07532617144592 2.749442281770923 -368
      vertex -117.32704783038996 2.7403878464446834 -368
      vertex -117.33487095114013 2.6160429028622554 -368
    endloop
  endfacet
  facet normal 0 0 -1
    outer loop
      vertex -112.54455868388209 -2.808116568510379 -370
      vertex -113.25094726602141 -3.196456977797331 -370
      vertex -122.61141836242074 -1.0694096061390879 -370
    endloop
  endfacet
  facet normal 0 0 1
    outer loop
      vertex -117.07532617144592 2.749442281770923 -368
      vertex -117.303701843427 2.862771795986747 -368
      vertex -117.32704783038996 2.7403878464446834 -368
    endloop
  endfacet
  facet normal 0 0 1
    outer loop
      vertex -117.303701843427 2.862771795986747 -368
      vertex -117.07532617144592 2.749442281770923 -368
      vertex -117.04944147724149 2.885134600731529 -368
    endloop
  endfacet
  facet normal 0 0 1
    outer loop
      vertex -117.04944147724149 2.885134600731529 -368
      vertex -117.00675413447708 3.016512732803334 -368
      vertex -117.303701843427 2.862771795986747 -368
    endloop
  endfacet
  facet normal 0 0 -1
    outer loop
      vertex -111.89241214592057 -2.334304374189881 -370
      vertex -112.54455868388209 -2.808116568510379 -370
      vertex -122.61141836242074 -1.0694096061390879 -370
    endloop
  endfacet
  facet normal 0.36812455268467525 -0.9297764858882525 0
    outer loop
      vertex -114.00043772242216 -3.4932012418129728 -369.6
      vertex -114.00043772242216 -3.4932012418129728 -370
      vertex -113.25094726602141 -3.196456977797331 -370
    endloop
  endfacet
  facet normal -0.12533323356430337 -0.9921147013144779 0
    outer loop
      vertex -117.18678985913702 -3.693669526247344 -369.6
      vertex -116.38704872610577 -3.794700326500967 -370
      vertex -116.38704872610577 -3.794700326500967 -369.6
    endloop
  endfacet
  facet normal 0.2486898871648564 0.9685831611286307 0
    outer loop
      vertex -114.78121014086297 8.91682097594772 -370
      vertex -114.00043772242216 8.71635269151335 -369.6
      vertex -114.00043772242216 8.71635269151335 -370
    endloop
  endfacet
  facet normal 0 0 1
    outer loop
      vertex -116.94793734804824 3.1415047663620754 -368
      vertex -117.14539390355829 3.199193292877458 -368
      vertex -117.21215298995726 3.0939978053508317 -368
    endloop
  endfacet
  facet normal -0.3010417975377616 -0.9536109458973472 -5.597798660892161e-16
    outer loop
      vertex -117.96756227757783 -3.4932012418129728 -370
      vertex -121.84388198134958 -2.269500678732283 -369.6
      vertex -121.75019503308009 -2.299076353628019 -370
    endloop
  endfacet
  facet normal 0 0 -1
    outer loop
      vertex -123.49608491536627 1.6533140797509667 -370
      vertex -116.32391869381243 1.5654135569255196 -370
      vertex -116.19011944604429 1.531059749048631 -370
    endloop
  endfacet
  facet normal 0 0 -1
    outer loop
      vertex -123.49608491536627 1.6533140797509667 -370
      vertex -116.19011944604429 1.531059749048631 -370
      vertex -116.05306957148224 1.5137463235790898 -370
    endloop
  endfacet
  facet normal 0.6845471059286921 0.7289686274214082 0
    outer loop
      vertex -111.89241214592057 7.557455823890258 -369.6
      vertex -111.30479239261402 7.005644145882343 -369.6
      vertex -111.89241214592057 7.557455823890258 -370
    endloop
  endfacet
  facet normal 0.6845471059286921 0.7289686274214082 0
    outer loop
      vertex -111.30479239261402 7.005644145882343 -369.6
      vertex -111.30479239261402 7.005644145882343 -370
      vertex -111.89241214592057 7.557455823890258 -370
    endloop
  endfacet
  facet normal 0 0 -1
    outer loop
      vertex -123.49608491536627 1.6533140797509667 -370
      vertex -116.68516638872356 1.76401115779682 -370
      vertex -116.57340947447689 1.6828150067979721 -370
    endloop
  endfacet
  facet normal 0 0 -1
    outer loop
      vertex -123.49608491536627 1.6533140797509667 -370
      vertex -116.78586549016354 1.8585739083286312 -370
      vertex -116.68516638872356 1.76401115779682 -370
    endloop
  endfacet
  facet normal 0 0 -1
    outer loop
      vertex -123.49608491536627 1.6533140797509667 -370
      vertex -116.45235722072158 1.6162659671375668 -370
      vertex -116.32391869381243 1.5654135569255196 -370
    endloop
  endfacet
  facet normal 0.2486898871648564 0.9685831611286307 0
    outer loop
      vertex -114.00043772242216 8.71635269151335 -369.6
      vertex -114.78121014086297 8.91682097594772 -370
      vertex -114.78121014086297 8.91682097594772 -369.6
    endloop
  endfacet
  facet normal 0 0 -1
    outer loop
      vertex -123.49608491536627 1.6533140797509667 -370
      vertex -116.57340947447689 1.6828150067979721 -370
      vertex -116.45235722072158 1.6162659671375668 -370
    endloop
  endfacet
  facet normal 0.12533323356430337 0.9921147013144779 0
    outer loop
      vertex -114.78121014086297 8.91682097594772 -369.6
      vertex -114.78121014086297 8.91682097594772 -370
      vertex -115.58095127389421 9.017851776201343 -370
    endloop
  endfacet
  facet normal 0.12533323356430337 0.9921147013144779 0
    outer loop
      vertex -114.78121014086297 8.91682097594772 -369.6
      vertex -115.58095127389421 9.017851776201343 -370
      vertex -115.58095127389421 9.017851776201343 -369.6
    endloop
  endfacet
  facet normal 0 0 -1
    outer loop
      vertex -123.49608491536627 1.6533140797509667 -370
      vertex -116.87391869381244 1.9650119473284682 -370
      vertex -116.78586549016354 1.8585739083286312 -370
    endloop
  endfacet
  facet normal 0 0 -1
    outer loop
      vertex -123.49608491536627 1.6533140797509667 -370
      vertex -116.94793734804824 2.0816466833383016 -370
      vertex -116.87391869381244 1.9650119473284682 -370
    endloop
  endfacet
  facet normal 0.8443279255020125 0.5358267949790007 0
    outer loop
      vertex -110.79096653849906 6.384535383985506 -370
      vertex -110.3590379242398 5.703924794407254 -369.6
      vertex -110.3590379242398 5.703924794407254 -370
    endloop
  endfacet
  facet normal 0 0 -1
    outer loop
      vertex -123.49608491536627 1.6533140797509667 -370
      vertex -117.00675413447708 2.206638716897043 -370
      vertex -116.94793734804824 2.0816466833383016 -370
    endloop
  endfacet
  facet normal 0 1 0
    outer loop
      vertex -116.38704872610577 9.017851776201343 -370
      vertex -115.58095127389421 9.017851776201343 -369.6
      vertex -115.58095127389421 9.017851776201343 -370
    endloop
  endfacet
  facet normal 0 1 0
    outer loop
      vertex -115.58095127389421 9.017851776201343 -369.6
      vertex -116.38704872610577 9.017851776201343 -370
      vertex -116.38704872610577 9.017851776201343 -369.6
    endloop
  endfacet
  facet normal 0 0 -1
    outer loop
      vertex -123.31632563519459 0.7109829326822582 -370
      vertex -116.05306957148224 1.5137463235790898 -370
      vertex -109.76672051024903 1.015249671672816 -370
    endloop
  endfacet
  facet normal 0 0 -1
    outer loop
      vertex -109.76672051024903 1.015249671672816 -370
      vertex -110.01581832210475 0.2486054369780799 -370
      vertex -123.31632563519459 0.7109829326822582 -370
    endloop
  endfacet
  facet normal -0.12533323356430337 0.9921147013144779 0
    outer loop
      vertex -116.38704872610577 9.017851776201343 -369.6
      vertex -116.38704872610577 9.017851776201343 -370
      vertex -117.18678985913702 8.91682097594772 -370
    endloop
  endfacet
  facet normal -0.12533323356430337 0.9921147013144779 0
    outer loop
      vertex -117.18678985913702 8.91682097594772 -369.6
      vertex -116.38704872610577 9.017851776201343 -369.6
      vertex -117.18678985913702 8.91682097594772 -370
    endloop
  endfacet
  facet normal 0 0 -1
    outer loop
      vertex -123.01987840088808 5.422876792206993 -370
      vertex -114.00043772242216 8.71635269151335 -370
      vertex -113.25094726602141 8.419608427497709 -370
    endloop
  endfacet
  facet normal -0.2486898871648564 0.9685831611286307 0
    outer loop
      vertex -117.96756227757783 8.71635269151335 -370
      vertex -117.18678985913702 8.91682097594772 -369.6
      vertex -117.18678985913702 8.91682097594772 -370
    endloop
  endfacet
  facet normal 0.9822872507286877 -0.18738131458573018 0
    outer loop
      vertex -109.76672051024903 1.015249671672816 -369.6
      vertex -109.61567290996942 1.807068921825115 -370
      vertex -109.61567290996942 1.807068921825115 -369.6
    endloop
  endfacet
  facet normal -0.2486898871648564 0.9685831611286307 0
    outer loop
      vertex -117.18678985913702 8.91682097594772 -369.6
      vertex -117.96756227757783 8.71635269151335 -370
      vertex -117.96756227757783 8.71635269151335 -369.6
    endloop
  endfacet
  facet normal 0.9822872507286877 -0.18738131458573018 0
    outer loop
      vertex -109.61567290996942 1.807068921825115 -370
      vertex -109.76672051024903 1.015249671672816 -369.6
      vertex -109.76672051024903 1.015249671672816 -370
    endloop
  endfacet
  facet normal 0.9510565162951548 -0.30901699437494384 0
    outer loop
      vertex -109.76672051024903 1.015249671672816 -369.6
      vertex -110.01581832210475 0.2486054369780799 -369.6
      vertex -109.76672051024903 1.015249671672816 -370
    endloop
  endfacet
  facet normal 0 0 1
    outer loop
      vertex -117.21215298995726 3.0939978053508317 -368
      vertex -117.00675413447708 3.016512732803334 -368
      vertex -116.94793734804824 3.1415047663620754 -368
    endloop
  endfacet
  facet normal 0.6845471059286934 -0.7289686274214072 0
    outer loop
      vertex -111.89241214592057 -2.334304374189881 -369.6
      vertex -111.89241214592057 -2.334304374189881 -370
      vertex -111.30479239261402 -1.7824926961819636 -370
    endloop
  endfacet
  facet normal 0 0 1
    outer loop
      vertex -117.00675413447708 2.206638716897043 -368
      vertex -117.14539390355827 2.032892512847053 -368
      vertex -116.94793734804824 2.0816466833383016 -368
    endloop
  endfacet
  facet normal 0.48175367410171843 -0.8763066800438619 0
    outer loop
      vertex -112.54455868388209 -2.808116568510379 -370
      vertex -113.25094726602141 -3.196456977797331 -369.6
      vertex -113.25094726602141 -3.196456977797331 -370
    endloop
  endfacet
  facet normal 0.4817536741017126 0.876306680043865 0
    outer loop
      vertex -112.54455868388207 8.031268018210755 -369.6
      vertex -112.54455868388207 8.031268018210755 -370
      vertex -113.25094726602141 8.419608427497709 -370
    endloop
  endfacet
  facet normal 0.5877852522924768 0.8090169943749449 0
    outer loop
      vertex -112.54455868388207 8.031268018210755 -370
      vertex -111.89241214592057 7.557455823890258 -369.6
      vertex -111.89241214592057 7.557455823890258 -370
    endloop
  endfacet
  facet normal 0.48175367410171843 -0.8763066800438619 0
    outer loop
      vertex -113.25094726602141 -3.196456977797331 -369.6
      vertex -112.54455868388209 -2.808116568510379 -370
      vertex -112.54455868388209 -2.808116568510379 -369.6
    endloop
  endfacet
  facet normal 0 -1 0
    outer loop
      vertex -115.58095127389421 -3.794700326500967 -370
      vertex -116.38704872610577 -3.794700326500967 -369.6
      vertex -116.38704872610577 -3.794700326500967 -370
    endloop
  endfacet
  facet normal 0.5877852522924698 -0.80901699437495 0
    outer loop
      vertex -111.89241214592057 -2.334304374189881 -370
      vertex -112.54455868388209 -2.808116568510379 -369.6
      vertex -112.54455868388209 -2.808116568510379 -370
    endloop
  endfacet
  facet normal 0.5877852522924768 0.8090169943749449 0
    outer loop
      vertex -112.54455868388207 8.031268018210755 -369.6
      vertex -111.89241214592057 7.557455823890258 -369.6
      vertex -112.54455868388207 8.031268018210755 -370
    endloop
  endfacet
  facet normal 0.5877852522924698 -0.80901699437495 0
    outer loop
      vertex -111.89241214592057 -2.334304374189881 -369.6
      vertex -112.54455868388209 -2.808116568510379 -369.6
      vertex -111.89241214592057 -2.334304374189881 -370
    endloop
  endfacet
  facet normal 0.4817536741017126 0.876306680043865 0
    outer loop
      vertex -112.54455868388207 8.031268018210755 -369.6
      vertex -113.25094726602141 8.419608427497709 -370
      vertex -113.25094726602141 8.419608427497709 -369.6
    endloop
  endfacet
  facet normal 0 0 -1
    outer loop
      vertex -110.01581832210475 0.2486054369780799 -370
      vertex -110.3590379242398 -0.4807733447068778 -370
      vertex -123.31632563519459 0.7109829326822582 -370
    endloop
  endfacet
  facet normal 0.6845471059286934 -0.7289686274214072 0
    outer loop
      vertex -111.89241214592057 -2.334304374189881 -369.6
      vertex -111.30479239261402 -1.7824926961819636 -370
      vertex -111.30479239261402 -1.7824926961819636 -369.6
    endloop
  endfacet
  facet normal -0.24868988716485743 -0.9685831611286304 0
    outer loop
      vertex -117.18678985913702 -3.693669526247344 -370
      vertex -117.96756227757783 -3.4932012418129728 -369.6
      vertex -117.96756227757783 -3.4932012418129728 -370
    endloop
  endfacet
  facet normal 0.7705132427757867 0.6374239897486929 0
    outer loop
      vertex -110.79096653849906 6.384535383985506 -369.6
      vertex -111.30479239261402 7.005644145882343 -370
      vertex -111.30479239261402 7.005644145882343 -369.6
    endloop
  endfacet
  facet normal 0 0 -1
    outer loop
      vertex -121.75019503308009 -2.299076353628019 -370
      vertex -122.0973871786014 -1.8793931439995573 -370
      vertex -117.96756227757783 -3.4932012418129728 -370
    endloop
  endfacet
  facet normal 0 0 -1
    outer loop
      vertex -123.31632563519459 0.7109829326822582 -370
      vertex -123.49608491536627 1.6533140797509667 -370
      vertex -116.05306957148224 1.5137463235790898 -370
    endloop
  endfacet
  facet normal 0.8443279255020125 0.5358267949790007 0
    outer loop
      vertex -110.79096653849906 6.384535383985506 -369.6
      vertex -110.3590379242398 5.703924794407254 -369.6
      vertex -110.79096653849906 6.384535383985506 -370
    endloop
  endfacet
  facet normal 0 0 -1
    outer loop
      vertex -110.79096653849906 -1.1613839342851286 -370
      vertex -123.31632563519459 0.7109829326822582 -370
      vertex -110.3590379242398 -0.4807733447068778 -370
    endloop
  endfacet
  facet normal 0.7705132427757867 0.6374239897486929 0
    outer loop
      vertex -111.30479239261402 7.005644145882343 -370
      vertex -110.79096653849906 6.384535383985506 -369.6
      vertex -110.79096653849906 6.384535383985506 -370
    endloop
  endfacet
  facet normal 0 0 -1
    outer loop
      vertex -110.79096653849906 -1.1613839342851286 -370
      vertex -111.30479239261402 -1.7824926961819636 -370
      vertex -123.01987840088808 -0.2013878399840413 -370
    endloop
  endfacet
  facet normal 0 0 -1
    outer loop
      vertex -111.89241214592057 -2.334304374189881 -370
      vertex -123.01987840088808 -0.2013878399840413 -370
      vertex -111.30479239261402 -1.7824926961819636 -370
    endloop
  endfacet
  facet normal 0 0 -1
    outer loop
      vertex -123.01987840088808 -0.2013878399840413 -370
      vertex -123.31632563519459 0.7109829326822582 -370
      vertex -110.79096653849906 -1.1613839342851286 -370
    endloop
  endfacet
  facet normal 0 0 -1
    outer loop
      vertex -122.61141836242074 -1.0694096061390879 -370
      vertex -123.01987840088808 -0.2013878399840413 -370
      vertex -111.89241214592057 -2.334304374189881 -370
    endloop
  endfacet
  facet normal -0.24868988716485743 -0.9685831611286304 0
    outer loop
      vertex -117.96756227757783 -3.4932012418129728 -369.6
      vertex -117.18678985913702 -3.693669526247344 -370
      vertex -117.18678985913702 -3.693669526247344 -369.6
    endloop
  endfacet
  facet normal 0.7705132427757858 -0.637423989748694 0
    outer loop
      vertex -110.79096653849906 -1.1613839342851286 -370
      vertex -111.30479239261402 -1.7824926961819636 -369.6
      vertex -111.30479239261402 -1.7824926961819636 -370
    endloop
  endfacet
  facet normal -0.4817536741017198 0.8763066800438611 0
    outer loop
      vertex -117.26133787469522 23.326056882248245 -368
      vertex -117.26133787469522 23.326056882248245 -370
      vertex -117.59148038493699 23.14455950135623 -370
    endloop
  endfacet
  facet normal 0 0 1
    outer loop
      vertex -120.25804240215 9.545839746779624 -368
      vertex -118.17090588226424 22.665217042636254 -368
      vertex -121.20665018379688 9.425150623917581 -368
    endloop
  endfacet
  facet normal 0 0 1
    outer loop
      vertex -119.96427692280113 9.037023011037574 -368
      vertex -116.79301699437494 20.023790472557714 -368
      vertex -116.86030668004386 20.129822050748473 -368
    endloop
  endfacet
  facet normal 0 0 1
    outer loop
      vertex -119.96427692280113 9.037023011037574 -368
      vertex -116.40977929156507 19.70674867238417 -368
      vertex -116.519826794979 19.767247799348173 -368
    endloop
  endfacet
  facet normal 0 0 1
    outer loop
      vertex -119.96427692280113 9.037023011037574 -368
      vertex -116.86030668004386 20.129822050748473 -368
      vertex -116.91377648588825 20.24345117216551 -368
    endloop
  endfacet
  facet normal 0 0 1
    outer loop
      vertex -119.96427692280113 9.037023011037574 -368
      vertex -116.7129686274214 19.927028618921497 -368
      vertex -116.79301699437494 20.023790472557714 -368
    endloop
  endfacet
  facet normal 0 0 1
    outer loop
      vertex -115.44817320502099 19.767247799348173 -368
      vertex -115.55822070843492 19.70674867238417 -368
      vertex -119.96427692280113 9.037023011037574 -368
    endloop
  endfacet
  facet normal -0.7695095781321379 0.6386352708415807 0
    outer loop
      vertex -130.195811715208 8.176070205516748 -368
      vertex -118.17090588226424 22.665217042636254 -368
      vertex -118.17090588226424 22.665217042636254 -370
    endloop
  endfacet
  facet normal 0 0 -1
    outer loop
      vertex -130.2550520426186 8.10468987086336 -370
      vertex -118.17090588226424 22.665217042636254 -370
      vertex -116.79301699437494 21.19936097714266 -370
    endloop
  endfacet
  facet normal 0 0 -1
    outer loop
      vertex -116.79301699437494 21.19936097714266 -370
      vertex -116.86030668004386 21.0933293989519 -370
      vertex -130.2550520426186 8.10468987086336 -370
    endloop
  endfacet
  facet normal 0 0 -1
    outer loop
      vertex -116.86030668004386 21.0933293989519 -370
      vertex -116.91377648588825 20.979700277534864 -370
      vertex -130.2550520426186 8.10468987086336 -370
    endloop
  endfacet
  facet normal 0 0 -1
    outer loop
      vertex -116.91377648588825 20.979700277534864 -370
      vertex -116.95258316112863 20.86026561201504 -370
      vertex -130.2550520426186 8.10468987086336 -370
    endloop
  endfacet
  facet normal 0 0 -1
    outer loop
      vertex -116.95258316112863 20.86026561201504 -370
      vertex -116.97611470131447 20.736908958414492 -370
      vertex -130.2550520426186 8.10468987086336 -370
    endloop
  endfacet
  facet normal 0 0 -1
    outer loop
      vertex -116.97611470131447 20.736908958414492 -370
      vertex -116.984 20.611575724850187 -370
      vertex -130.2550520426186 8.10468987086336 -370
    endloop
  endfacet
  facet normal 0.8414327755452021 -0.5403618086414854 0
    outer loop
      vertex -113.55694901687515 18.848219967972767 -368
      vertex -119.7364223239693 9.225757216084418 -370
      vertex -113.55694901687515 18.848219967972767 -370
    endloop
  endfacet
  facet normal 0 0 1
    outer loop
      vertex -115.34657601025131 19.8410624820744 -368
      vertex -115.44817320502099 19.767247799348173 -368
      vertex -119.96427692280113 9.037023011037574 -368
    endloop
  endfacet
  facet normal 0 0 1
    outer loop
      vertex -119.96427692280113 9.037023011037574 -368
      vertex -116.29301699437494 19.660519208555034 -368
      vertex -116.40977929156507 19.70674867238417 -368
    endloop
  endfacet
  facet normal 0 0 1
    outer loop
      vertex -115.55822070843492 19.70674867238417 -368
      vertex -115.67498300562505 19.660519208555034 -368
      vertex -119.96427692280113 9.037023011037574 -368
    endloop
  endfacet
  facet normal 0 0 1
    outer loop
      vertex -115.34657601025131 19.8410624820744 -368
      vertex -119.79942549525047 9.127650850254179 -368
      vertex -113.55694901687515 18.848219967972767 -368
    endloop
  endfacet
  facet normal 0 0 1
    outer loop
      vertex -119.96427692280113 9.037023011037574 -368
      vertex -116.62142398974868 19.8410624820744 -368
      vertex -116.7129686274214 19.927028618921497 -368
    endloop
  endfacet
  facet normal 0 0 1
    outer loop
      vertex -119.96427692280113 9.037023011037574 -368
      vertex -116.519826794979 19.767247799348173 -368
      vertex -116.62142398974868 19.8410624820744 -368
    endloop
  endfacet
  facet normal 0 0 1
    outer loop
      vertex -115.67498300562505 19.660519208555034 -368
      vertex -115.79661868541427 19.6292884741215 -368
      vertex -119.96427692280113 9.037023011037574 -368
    endloop
  endfacet
  facet normal 0 0 1
    outer loop
      vertex -115.79661868541427 19.6292884741215 -368
      vertex -115.92120948047068 19.613548996421915 -368
      vertex -119.96427692280113 9.037023011037574 -368
    endloop
  endfacet
  facet normal 0 0 1
    outer loop
      vertex -116.04679051952931 19.613548996421915 -368
      vertex -119.96427692280113 9.037023011037574 -368
      vertex -115.92120948047068 19.613548996421915 -368
    endloop
  endfacet
  facet normal 0 0 1
    outer loop
      vertex -116.17138131458572 19.6292884741215 -368
      vertex -119.96427692280113 9.037023011037574 -368
      vertex -116.04679051952931 19.613548996421915 -368
    endloop
  endfacet
  facet normal 0 0 1
    outer loop
      vertex -116.17138131458572 19.6292884741215 -368
      vertex -116.29301699437494 19.660519208555034 -368
      vertex -119.96427692280113 9.037023011037574 -368
    endloop
  endfacet
  facet normal 0.12533323356430526 0.9921147013144777 0
    outer loop
      vertex -115.42185605624282 23.558437477036254 -368
      vertex -115.42185605624282 23.558437477036254 -370
      vertex -115.79562844141205 23.605655910135003 -368
    endloop
  endfacet
  facet normal 0.12533323356430526 0.9921147013144777 0
    outer loop
      vertex -115.42185605624282 23.558437477036254 -370
      vertex -115.79562844141205 23.605655910135003 -370
      vertex -115.79562844141205 23.605655910135003 -368
    endloop
  endfacet
  facet normal 0 0 -1
    outer loop
      vertex -116.17237155858794 23.605655910135003 -370
      vertex -114.70666212530477 23.326056882248245 -370
      vertex -116.54614394375717 23.558437477036254 -370
    endloop
  endfacet
  facet normal 0 0 1
    outer loop
      vertex -114.376519615063 23.14455950135623 -368
      vertex -114.70666212530477 23.326056882248245 -368
      vertex -114.07172803075393 22.923115453177555 -368
    endloop
  endfacet
  facet normal 0.5877852522924782 0.8090169943749437 0
    outer loop
      vertex -114.07172803075393 22.923115453177555 -368
      vertex -114.376519615063 23.14455950135623 -370
      vertex -114.376519615063 23.14455950135623 -368
    endloop
  endfacet
  facet normal 0 0 -1
    outer loop
      vertex -114.07172803075393 22.923115453177555 -370
      vertex -114.70666212530477 23.326056882248245 -370
      vertex -114.376519615063 23.14455950135623 -370
    endloop
  endfacet
  facet normal 0 0 1
    outer loop
      vertex -114.07172803075393 22.923115453177555 -368
      vertex -116.17237155858794 23.605655910135003 -368
      vertex -116.54614394375717 23.558437477036254 -368
    endloop
  endfacet
  facet normal 0 0 1
    outer loop
      vertex -114.07172803075393 22.923115453177555 -368
      vertex -115.79562844141205 23.605655910135003 -368
      vertex -116.17237155858794 23.605655910135003 -368
    endloop
  endfacet
  facet normal 0 0 1
    outer loop
      vertex -114.07172803075393 22.923115453177555 -368
      vertex -115.42185605624282 23.558437477036254 -368
      vertex -115.79562844141205 23.605655910135003 -368
    endloop
  endfacet
  facet normal 0 0 1
    outer loop
      vertex -114.07172803075393 22.923115453177555 -368
      vertex -114.70666212530477 23.326056882248245 -368
      vertex -115.05694901687515 23.464745273735648 -368
    endloop
  endfacet
  facet normal 0 0 1
    outer loop
      vertex -114.07172803075393 22.923115453177555 -368
      vertex -115.05694901687515 23.464745273735648 -368
      vertex -115.42185605624282 23.558437477036254 -368
    endloop
  endfacet
  facet normal 0 1 0
    outer loop
      vertex -115.79562844141205 23.605655910135003 -368
      vertex -115.79562844141205 23.605655910135003 -370
      vertex -116.17237155858794 23.605655910135003 -370
    endloop
  endfacet
  facet normal 0.2486898871648574 0.9685831611286304 0
    outer loop
      vertex -115.05694901687515 23.464745273735648 -368
      vertex -115.42185605624282 23.558437477036254 -370
      vertex -115.42185605624282 23.558437477036254 -368
    endloop
  endfacet
  facet normal 0 0 -1
    outer loop
      vertex -115.79562844141205 23.605655910135003 -370
      vertex -114.70666212530477 23.326056882248245 -370
      vertex -116.17237155858794 23.605655910135003 -370
    endloop
  endfacet
  facet normal 0 0 -1
    outer loop
      vertex -115.42185605624282 23.558437477036254 -370
      vertex -114.70666212530477 23.326056882248245 -370
      vertex -115.79562844141205 23.605655910135003 -370
    endloop
  endfacet
  facet normal 0 0 -1
    outer loop
      vertex -115.05694901687515 23.464745273735648 -370
      vertex -114.70666212530477 23.326056882248245 -370
      vertex -115.42185605624282 23.558437477036254 -370
    endloop
  endfacet
  facet normal 0.2486898871648574 0.9685831611286304 0
    outer loop
      vertex -115.05694901687515 23.464745273735648 -368
      vertex -115.05694901687515 23.464745273735648 -370
      vertex -115.42185605624282 23.558437477036254 -370
    endloop
  endfacet
  facet normal 0.4817536741017198 0.8763066800438611 0
    outer loop
      vertex -114.376519615063 23.14455950135623 -368
      vertex -114.70666212530477 23.326056882248245 -370
      vertex -114.70666212530477 23.326056882248245 -368
    endloop
  endfacet
  facet normal 0.36812455268467775 0.9297764858882516 0
    outer loop
      vertex -114.70666212530477 23.326056882248245 -368
      vertex -114.70666212530477 23.326056882248245 -370
      vertex -115.05694901687515 23.464745273735648 -368
    endloop
  endfacet
  facet normal 0.4817536741017198 0.8763066800438611 0
    outer loop
      vertex -114.376519615063 23.14455950135623 -370
      vertex -114.70666212530477 23.326056882248245 -370
      vertex -114.376519615063 23.14455950135623 -368
    endloop
  endfacet
  facet normal 0.36812455268467775 0.9297764858882516 0
    outer loop
      vertex -114.70666212530477 23.326056882248245 -370
      vertex -115.05694901687515 23.464745273735648 -370
      vertex -115.05694901687515 23.464745273735648 -368
    endloop
  endfacet
  facet normal 0 0 1
    outer loop
      vertex -114.07172803075393 22.923115453177555 -368
      vertex -116.54614394375717 23.558437477036254 -368
      vertex -116.91105098312484 23.464745273735648 -368
    endloop
  endfacet
  facet normal 0 0 -1
    outer loop
      vertex -114.70666212530477 23.326056882248245 -370
      vertex -115.79661868541427 21.593862975578876 -370
      vertex -115.92120948047068 21.60960245327846 -370
    endloop
  endfacet
  facet normal 0 0 -1
    outer loop
      vertex -114.70666212530477 23.326056882248245 -370
      vertex -115.34657601025131 21.382088967625975 -370
      vertex -115.44817320502099 21.4559036503522 -370
    endloop
  endfacet
  facet normal 0 0 -1
    outer loop
      vertex -115.55822070843492 21.516402777316205 -370
      vertex -114.70666212530477 23.326056882248245 -370
      vertex -115.44817320502099 21.4559036503522 -370
    endloop
  endfacet
  facet normal 0 0 1
    outer loop
      vertex -114.07172803075393 22.923115453177555 -368
      vertex -117.89627196924606 22.923115453177555 -368
      vertex -118.17090588226424 22.665217042636254 -368
    endloop
  endfacet
  facet normal 0 0 1
    outer loop
      vertex -114.07172803075393 22.923115453177555 -368
      vertex -117.59148038493699 23.14455950135623 -368
      vertex -117.89627196924606 22.923115453177555 -368
    endloop
  endfacet
  facet normal 0 0 1
    outer loop
      vertex -114.07172803075393 22.923115453177555 -368
      vertex -117.26133787469522 23.326056882248245 -368
      vertex -117.59148038493699 23.14455950135623 -368
    endloop
  endfacet
  facet normal 0 0 -1
    outer loop
      vertex -117.89627196924606 22.923115453177555 -370
      vertex -114.70666212530477 23.326056882248245 -370
      vertex -118.17090588226424 22.665217042636254 -370
    endloop
  endfacet
  facet normal 0 0 -1
    outer loop
      vertex -117.59148038493699 23.14455950135623 -370
      vertex -114.70666212530477 23.326056882248245 -370
      vertex -117.89627196924606 22.923115453177555 -370
    endloop
  endfacet
  facet normal 0 0 1
    outer loop
      vertex -114.07172803075393 22.923115453177555 -368
      vertex -116.91105098312484 23.464745273735648 -368
      vertex -117.26133787469522 23.326056882248245 -368
    endloop
  endfacet
  facet normal 0 0 1
    outer loop
      vertex -113.55694901687515 18.848219967972767 -368
      vertex -113.3550799598684 19.16631470254504 -368
      vertex -114.07172803075393 22.923115453177555 -368
    endloop
  endfacet
  facet normal 0 0 -1
    outer loop
      vertex -117.26133787469522 23.326056882248245 -370
      vertex -114.70666212530477 23.326056882248245 -370
      vertex -117.59148038493699 23.14455950135623 -370
    endloop
  endfacet
  facet normal -0.36812455268467775 0.9297764858882516 0
    outer loop
      vertex -116.91105098312484 23.464745273735648 -368
      vertex -116.91105098312484 23.464745273735648 -370
      vertex -117.26133787469522 23.326056882248245 -368
    endloop
  endfacet
  facet normal -0.2486898871648574 0.9685831611286304 0
    outer loop
      vertex -116.91105098312484 23.464745273735648 -368
      vertex -116.54614394375717 23.558437477036254 -368
      vertex -116.91105098312484 23.464745273735648 -370
    endloop
  endfacet
  facet normal -0.2486898871648574 0.9685831611286304 0
    outer loop
      vertex -116.54614394375717 23.558437477036254 -368
      vertex -116.54614394375717 23.558437477036254 -370
      vertex -116.91105098312484 23.464745273735648 -370
    endloop
  endfacet
  facet normal -0.12533323356430526 0.9921147013144777 0
    outer loop
      vertex -116.17237155858794 23.605655910135003 -370
      vertex -116.54614394375717 23.558437477036254 -370
      vertex -116.54614394375717 23.558437477036254 -368
    endloop
  endfacet
  facet normal 0 0 -1
    outer loop
      vertex -116.91105098312484 23.464745273735648 -370
      vertex -114.70666212530477 23.326056882248245 -370
      vertex -117.26133787469522 23.326056882248245 -370
    endloop
  endfacet
  facet normal -0.12533323356430526 0.9921147013144777 0
    outer loop
      vertex -116.54614394375717 23.558437477036254 -368
      vertex -116.17237155858794 23.605655910135003 -368
      vertex -116.17237155858794 23.605655910135003 -370
    endloop
  endfacet
  facet normal 0 1 0
    outer loop
      vertex -116.17237155858794 23.605655910135003 -368
      vertex -115.79562844141205 23.605655910135003 -368
      vertex -116.17237155858794 23.605655910135003 -370
    endloop
  endfacet
  facet normal 0 0 -1
    outer loop
      vertex -116.54614394375717 23.558437477036254 -370
      vertex -114.70666212530477 23.326056882248245 -370
      vertex -116.91105098312484 23.464745273735648 -370
    endloop
  endfacet
  facet normal 0 0 1
    outer loop
      vertex -113.55694901687515 22.374931481727607 -368
      vertex -113.79709411773575 22.665217042636254 -368
      vertex -114.07172803075393 22.923115453177555 -368
    endloop
  endfacet
  facet normal 0.9510565162951519 0.3090169943749525 0
    outer loop
      vertex -113.0782505166141 21.357645386344753 -368
      vertex -113.0782505166141 21.357645386344753 -370
      vertex -113.19467054233525 21.71594938290422 -368
    endloop
  endfacet
  facet normal 0.9510565162951519 0.3090169943749525 0
    outer loop
      vertex -113.0782505166141 21.357645386344753 -370
      vertex -113.19467054233525 21.71594938290422 -370
      vertex -113.19467054233525 21.71594938290422 -368
    endloop
  endfacet
  facet normal 0 0 1
    outer loop
      vertex -113.19467054233525 21.71594938290422 -368
      vertex -113.3550799598684 22.056836747155334 -368
      vertex -114.07172803075393 22.923115453177555 -368
    endloop
  endfacet
  facet normal 0 0 1
    outer loop
      vertex -114.07172803075393 22.923115453177555 -368
      vertex -113.0782505166141 21.357645386344753 -368
      vertex -113.19467054233525 21.71594938290422 -368
    endloop
  endfacet
  facet normal 0 0 -1
    outer loop
      vertex -114.70666212530477 23.326056882248245 -370
      vertex -113.0782505166141 21.357645386344753 -370
      vertex -113.00765589605656 20.9875754255431 -370
    endloop
  endfacet
  facet normal 0 0 -1
    outer loop
      vertex -113.0782505166141 21.357645386344753 -370
      vertex -114.70666212530477 23.326056882248245 -370
      vertex -113.19467054233525 21.71594938290422 -370
    endloop
  endfacet
  facet normal 0.904827052466024 0.42577929156506306 0
    outer loop
      vertex -113.19467054233525 21.71594938290422 -368
      vertex -113.3550799598684 22.056836747155334 -370
      vertex -113.3550799598684 22.056836747155334 -368
    endloop
  endfacet
  facet normal 0.904827052466024 0.42577929156506306 0
    outer loop
      vertex -113.19467054233525 21.71594938290422 -370
      vertex -113.3550799598684 22.056836747155334 -370
      vertex -113.19467054233525 21.71594938290422 -368
    endloop
  endfacet
  facet normal 0.8443279255020177 0.5358267949789924 0
    outer loop
      vertex -113.3550799598684 22.056836747155334 -370
      vertex -113.55694901687515 22.374931481727607 -370
      vertex -113.3550799598684 22.056836747155334 -368
    endloop
  endfacet
  facet normal 0 0 1
    outer loop
      vertex -113.3550799598684 22.056836747155334 -368
      vertex -113.55694901687515 22.374931481727607 -368
      vertex -114.07172803075393 22.923115453177555 -368
    endloop
  endfacet
  facet normal 0 0 -1
    outer loop
      vertex -114.70666212530477 23.326056882248245 -370
      vertex -113.00765589605656 20.9875754255431 -370
      vertex -112.984 20.611575724850187 -370
    endloop
  endfacet
  facet normal 0.770513242775797 0.6374239897486804 0
    outer loop
      vertex -113.55694901687515 22.374931481727607 -368
      vertex -113.55694901687515 22.374931481727607 -370
      vertex -113.79709411773575 22.665217042636254 -368
    endloop
  endfacet
  facet normal 0 0 -1
    outer loop
      vertex -113.19467054233525 21.71594938290422 -370
      vertex -114.70666212530477 23.326056882248245 -370
      vertex -113.3550799598684 22.056836747155334 -370
    endloop
  endfacet
  facet normal 0.770513242775797 0.6374239897486804 0
    outer loop
      vertex -113.55694901687515 22.374931481727607 -370
      vertex -113.79709411773575 22.665217042636254 -370
      vertex -113.79709411773575 22.665217042636254 -368
    endloop
  endfacet
  facet normal 0 0 -1
    outer loop
      vertex -113.3550799598684 22.056836747155334 -370
      vertex -114.70666212530477 23.326056882248245 -370
      vertex -113.55694901687515 22.374931481727607 -370
    endloop
  endfacet
  facet normal 0.8443279255020177 0.5358267949789924 0
    outer loop
      vertex -113.3550799598684 22.056836747155334 -368
      vertex -113.55694901687515 22.374931481727607 -370
      vertex -113.55694901687515 22.374931481727607 -368
    endloop
  endfacet
  facet normal 0.6845471059286715 0.7289686274214277 0
    outer loop
      vertex -113.79709411773575 22.665217042636254 -368
      vertex -113.79709411773575 22.665217042636254 -370
      vertex -114.07172803075393 22.923115453177555 -368
    endloop
  endfacet
  facet normal 0 0 -1
    outer loop
      vertex -113.55694901687515 22.374931481727607 -370
      vertex -114.70666212530477 23.326056882248245 -370
      vertex -113.79709411773575 22.665217042636254 -370
    endloop
  endfacet
  facet normal 0.6845471059286715 0.7289686274214277 0
    outer loop
      vertex -113.79709411773575 22.665217042636254 -370
      vertex -114.07172803075393 22.923115453177555 -370
      vertex -114.07172803075393 22.923115453177555 -368
    endloop
  endfacet
  facet normal 0.5877852522924782 0.8090169943749437 0
    outer loop
      vertex -114.07172803075393 22.923115453177555 -368
      vertex -114.07172803075393 22.923115453177555 -370
      vertex -114.376519615063 23.14455950135623 -370
    endloop
  endfacet
  facet normal 0.9980267284282713 0.0627905195293158 0
    outer loop
      vertex -113.00765589605656 20.9875754255431 -368
      vertex -112.984 20.611575724850187 -368
      vertex -113.00765589605656 20.9875754255431 -370
    endloop
  endfacet
  facet normal 0 0 -1
    outer loop
      vertex -114.70666212530477 23.326056882248245 -370
      vertex -113.3550799598684 19.16631470254504 -370
      vertex -113.55694901687515 18.848219967972767 -370
    endloop
  endfacet
  facet normal 0.9822872507286873 -0.18738131458573232 0
    outer loop
      vertex -113.0782505166141 19.865506063355625 -370
      vertex -113.00765589605656 20.235576024157275 -370
      vertex -113.00765589605656 20.235576024157275 -368
    endloop
  endfacet
  facet normal 0.9980267284282713 -0.0627905195293158 0
    outer loop
      vertex -113.00765589605656 20.235576024157275 -370
      vertex -112.984 20.611575724850187 -370
      vertex -113.00765589605656 20.235576024157275 -368
    endloop
  endfacet
  facet normal 0 0 1
    outer loop
      vertex -113.3550799598684 19.16631470254504 -368
      vertex -113.19467054233525 19.50720206679615 -368
      vertex -114.07172803075393 22.923115453177555 -368
    endloop
  endfacet
  facet normal 0 0 1
    outer loop
      vertex -115.01541683887136 20.86026561201504 -368
      vertex -113.55694901687515 18.848219967972767 -368
      vertex -114.07172803075393 22.923115453177555 -368
    endloop
  endfacet
  facet normal 0 0 1
    outer loop
      vertex -113.19467054233525 19.50720206679615 -368
      vertex -113.0782505166141 19.865506063355625 -368
      vertex -114.07172803075393 22.923115453177555 -368
    endloop
  endfacet
  facet normal 0 0 -1
    outer loop
      vertex -114.70666212530477 23.326056882248245 -370
      vertex -113.19467054233525 19.50720206679615 -370
      vertex -113.3550799598684 19.16631470254504 -370
    endloop
  endfacet
  facet normal 0 0 -1
    outer loop
      vertex -114.70666212530477 23.326056882248245 -370
      vertex -113.0782505166141 19.865506063355625 -370
      vertex -113.19467054233525 19.50720206679615 -370
    endloop
  endfacet
  facet normal 0.9980267284282713 -0.0627905195293158 0
    outer loop
      vertex -113.00765589605656 20.235576024157275 -368
      vertex -112.984 20.611575724850187 -370
      vertex -112.984 20.611575724850187 -368
    endloop
  endfacet
  facet normal 0 0 -1
    outer loop
      vertex -114.70666212530477 23.326056882248245 -370
      vertex -115.67498300562505 21.56263224114534 -370
      vertex -115.79661868541427 21.593862975578876 -370
    endloop
  endfacet
  facet normal 0.9980267284282713 0.0627905195293158 0
    outer loop
      vertex -112.984 20.611575724850187 -370
      vertex -113.00765589605656 20.9875754255431 -370
      vertex -112.984 20.611575724850187 -368
    endloop
  endfacet
  facet normal 0 0 1
    outer loop
      vertex -113.0782505166141 19.865506063355625 -368
      vertex -113.00765589605656 20.235576024157275 -368
      vertex -114.07172803075393 22.923115453177555 -368
    endloop
  endfacet
  facet normal 0 0 1
    outer loop
      vertex -113.00765589605656 20.235576024157275 -368
      vertex -112.984 20.611575724850187 -368
      vertex -114.07172803075393 22.923115453177555 -368
    endloop
  endfacet
  facet normal 0 0 -1
    outer loop
      vertex -114.70666212530477 23.326056882248245 -370
      vertex -113.00765589605656 20.235576024157275 -370
      vertex -113.0782505166141 19.865506063355625 -370
    endloop
  endfacet
  facet normal 0.9822872507286876 0.1873813145857306 0
    outer loop
      vertex -113.00765589605656 20.9875754255431 -370
      vertex -113.0782505166141 21.357645386344753 -368
      vertex -113.00765589605656 20.9875754255431 -368
    endloop
  endfacet
  facet normal 0.9822872507286876 0.1873813145857306 0
    outer loop
      vertex -113.00765589605656 20.9875754255431 -370
      vertex -113.0782505166141 21.357645386344753 -370
      vertex -113.0782505166141 21.357645386344753 -368
    endloop
  endfacet
  facet normal 0 0 1
    outer loop
      vertex -112.984 20.611575724850187 -368
      vertex -113.00765589605656 20.9875754255431 -368
      vertex -114.07172803075393 22.923115453177555 -368
    endloop
  endfacet
  facet normal 0 0 1
    outer loop
      vertex -113.00765589605656 20.9875754255431 -368
      vertex -113.0782505166141 21.357645386344753 -368
      vertex -114.07172803075393 22.923115453177555 -368
    endloop
  endfacet
  facet normal 0 0 -1
    outer loop
      vertex -114.70666212530477 23.326056882248245 -370
      vertex -112.984 20.611575724850187 -370
      vertex -113.00765589605656 20.235576024157275 -370
    endloop
  endfacet
  facet normal 0.9822872507286873 -0.18738131458573232 0
    outer loop
      vertex -113.0782505166141 19.865506063355625 -368
      vertex -113.0782505166141 19.865506063355625 -370
      vertex -113.00765589605656 20.235576024157275 -368
    endloop
  endfacet
  facet normal 0 0 -1
    outer loop
      vertex -115.10769331995613 20.129822050748473 -370
      vertex -113.55694901687515 18.848219967972767 -370
      vertex -115.17498300562505 20.023790472557714 -370
    endloop
  endfacet
  facet normal 0 0 -1
    outer loop
      vertex -115.05422351411174 20.24345117216551 -370
      vertex -113.55694901687515 18.848219967972767 -370
      vertex -115.10769331995613 20.129822050748473 -370
    endloop
  endfacet
  facet normal 0 0 -1
    outer loop
      vertex -115.01541683887136 20.362885837685333 -370
      vertex -113.55694901687515 18.848219967972767 -370
      vertex -115.05422351411174 20.24345117216551 -370
    endloop
  endfacet
  facet normal 0 0 -1
    outer loop
      vertex -114.99188529868552 20.486242491285882 -370
      vertex -113.55694901687515 18.848219967972767 -370
      vertex -115.01541683887136 20.362885837685333 -370
    endloop
  endfacet
  facet normal 0.8443279255020177 -0.5358267949789924 0
    outer loop
      vertex -113.55694901687515 18.848219967972767 -368
      vertex -113.55694901687515 18.848219967972767 -370
      vertex -113.3550799598684 19.16631470254504 -368
    endloop
  endfacet
  facet normal 0.8443279255020177 -0.5358267949789924 0
    outer loop
      vertex -113.55694901687515 18.848219967972767 -370
      vertex -113.3550799598684 19.16631470254504 -370
      vertex -113.3550799598684 19.16631470254504 -368
    endloop
  endfacet
  facet normal 0.9048270524660224 -0.42577929156506666 0
    outer loop
      vertex -113.3550799598684 19.16631470254504 -370
      vertex -113.19467054233525 19.50720206679615 -370
      vertex -113.3550799598684 19.16631470254504 -368
    endloop
  endfacet
  facet normal 0.9048270524660224 -0.42577929156506666 0
    outer loop
      vertex -113.3550799598684 19.16631470254504 -368
      vertex -113.19467054233525 19.50720206679615 -370
      vertex -113.19467054233525 19.50720206679615 -368
    endloop
  endfacet
  facet normal 0.9510565162951536 -0.30901699437494695 0
    outer loop
      vertex -113.19467054233525 19.50720206679615 -370
      vertex -113.0782505166141 19.865506063355625 -368
      vertex -113.19467054233525 19.50720206679615 -368
    endloop
  endfacet
  facet normal 0.9510565162951536 -0.30901699437494695 0
    outer loop
      vertex -113.19467054233525 19.50720206679615 -370
      vertex -113.0782505166141 19.865506063355625 -370
      vertex -113.0782505166141 19.865506063355625 -368
    endloop
  endfacet
  facet normal 0 0 -1
    outer loop
      vertex -115.17498300562505 20.023790472557714 -370
      vertex -113.55694901687515 18.848219967972767 -370
      vertex -115.25503137257859 19.927028618921497 -370
    endloop
  endfacet
  facet normal 0 0 1
    outer loop
      vertex -116.95258316112863 20.86026561201504 -368
      vertex -116.91377648588825 20.979700277534864 -368
      vertex -118.17090588226424 22.665217042636254 -368
    endloop
  endfacet
  facet normal 0 0 1
    outer loop
      vertex -116.91377648588825 20.979700277534864 -368
      vertex -116.86030668004386 21.0933293989519 -368
      vertex -118.17090588226424 22.665217042636254 -368
    endloop
  endfacet
  facet normal 0 0 1
    outer loop
      vertex -116.86030668004386 21.0933293989519 -368
      vertex -116.79301699437494 21.19936097714266 -368
      vertex -118.17090588226424 22.665217042636254 -368
    endloop
  endfacet
  facet normal 0 0 1
    outer loop
      vertex -116.79301699437494 21.19936097714266 -368
      vertex -116.7129686274214 21.296122830778877 -368
      vertex -118.17090588226424 22.665217042636254 -368
    endloop
  endfacet
  facet normal 0 0 1
    outer loop
      vertex -116.7129686274214 21.296122830778877 -368
      vertex -116.62142398974868 21.382088967625975 -368
      vertex -118.17090588226424 22.665217042636254 -368
    endloop
  endfacet
  facet normal 0 0 -1
    outer loop
      vertex -118.17090588226424 22.665217042636254 -370
      vertex -116.7129686274214 21.296122830778877 -370
      vertex -116.79301699437494 21.19936097714266 -370
    endloop
  endfacet
  facet normal 0 0 -1
    outer loop
      vertex -118.17090588226424 22.665217042636254 -370
      vertex -116.62142398974868 21.382088967625975 -370
      vertex -116.7129686274214 21.296122830778877 -370
    endloop
  endfacet
  facet normal 0 0 1
    outer loop
      vertex -114.984 20.611575724850187 -368
      vertex -113.55694901687515 18.848219967972767 -368
      vertex -114.99188529868552 20.736908958414492 -368
    endloop
  endfacet
  facet normal 0 0 1
    outer loop
      vertex -114.99188529868552 20.736908958414492 -368
      vertex -113.55694901687515 18.848219967972767 -368
      vertex -115.01541683887136 20.86026561201504 -368
    endloop
  endfacet
  facet normal 0 0 -1
    outer loop
      vertex -115.55822070843492 19.70674867238417 -370
      vertex -113.55694901687515 18.848219967972767 -370
      vertex -115.67498300562505 19.660519208555034 -370
    endloop
  endfacet
  facet normal 0 0 1
    outer loop
      vertex -119.96427692280113 9.037023011037574 -368
      vertex -116.91377648588825 20.24345117216551 -368
      vertex -116.95258316112863 20.362885837685333 -368
    endloop
  endfacet
  facet normal 0 0 1
    outer loop
      vertex -119.96427692280113 9.037023011037574 -368
      vertex -116.97611470131447 20.486242491285882 -368
      vertex -116.984 20.611575724850187 -368
    endloop
  endfacet
  facet normal 0 0 1
    outer loop
      vertex -119.96427692280113 9.037023011037574 -368
      vertex -116.984 20.611575724850187 -368
      vertex -116.97611470131447 20.736908958414492 -368
    endloop
  endfacet
  facet normal 0 0 1
    outer loop
      vertex -119.96427692280113 9.037023011037574 -368
      vertex -116.97611470131447 20.736908958414492 -368
      vertex -116.95258316112863 20.86026561201504 -368
    endloop
  endfacet
  facet normal 0 0 1
    outer loop
      vertex -120.25804240215 9.545839746779624 -368
      vertex -116.95258316112863 20.86026561201504 -368
      vertex -118.17090588226424 22.665217042636254 -368
    endloop
  endfacet
  facet normal 0 0 1
    outer loop
      vertex -113.55694901687515 18.848219967972767 -368
      vertex -115.25503137257859 19.927028618921497 -368
      vertex -115.34657601025131 19.8410624820744 -368
    endloop
  endfacet
  facet normal 0 0 -1
    outer loop
      vertex -115.92120948047068 19.613548996421915 -370
      vertex -113.55694901687515 18.848219967972767 -370
      vertex -116.04679051952931 19.613548996421915 -370
    endloop
  endfacet
  facet normal 0 0 -1
    outer loop
      vertex -115.79661868541427 19.6292884741215 -370
      vertex -113.55694901687515 18.848219967972767 -370
      vertex -115.92120948047068 19.613548996421915 -370
    endloop
  endfacet
  facet normal 0 0 -1
    outer loop
      vertex -115.67498300562505 19.660519208555034 -370
      vertex -113.55694901687515 18.848219967972767 -370
      vertex -115.79661868541427 19.6292884741215 -370
    endloop
  endfacet
  facet normal 0 0 -1
    outer loop
      vertex -114.99188529868552 20.486242491285882 -370
      vertex -114.70666212530477 23.326056882248245 -370
      vertex -113.55694901687515 18.848219967972767 -370
    endloop
  endfacet
  facet normal 0 0 -1
    outer loop
      vertex -115.44817320502099 19.767247799348173 -370
      vertex -113.55694901687515 18.848219967972767 -370
      vertex -115.55822070843492 19.70674867238417 -370
    endloop
  endfacet
  facet normal 0 0 -1
    outer loop
      vertex -115.34657601025131 19.8410624820744 -370
      vertex -113.55694901687515 18.848219967972767 -370
      vertex -115.44817320502099 19.767247799348173 -370
    endloop
  endfacet
  facet normal 0 0 -1
    outer loop
      vertex -115.25503137257859 19.927028618921497 -370
      vertex -113.55694901687515 18.848219967972767 -370
      vertex -115.34657601025131 19.8410624820744 -370
    endloop
  endfacet
  facet normal 0 0 1
    outer loop
      vertex -113.55694901687515 18.848219967972767 -368
      vertex -115.17498300562505 20.023790472557714 -368
      vertex -115.25503137257859 19.927028618921497 -368
    endloop
  endfacet
  facet normal 0 0 1
    outer loop
      vertex -113.55694901687515 18.848219967972767 -368
      vertex -115.10769331995613 20.129822050748473 -368
      vertex -115.17498300562505 20.023790472557714 -368
    endloop
  endfacet
  facet normal 0 0 1
    outer loop
      vertex -113.55694901687515 18.848219967972767 -368
      vertex -115.05422351411174 20.24345117216551 -368
      vertex -115.10769331995613 20.129822050748473 -368
    endloop
  endfacet
  facet normal 0 0 1
    outer loop
      vertex -113.55694901687515 18.848219967972767 -368
      vertex -115.01541683887136 20.362885837685333 -368
      vertex -115.05422351411174 20.24345117216551 -368
    endloop
  endfacet
  facet normal 0 0 1
    outer loop
      vertex -113.55694901687515 18.848219967972767 -368
      vertex -114.99188529868552 20.486242491285882 -368
      vertex -115.01541683887136 20.362885837685333 -368
    endloop
  endfacet
  facet normal 0 0 1
    outer loop
      vertex -114.99188529868552 20.486242491285882 -368
      vertex -113.55694901687515 18.848219967972767 -368
      vertex -114.984 20.611575724850187 -368
    endloop
  endfacet
  facet normal 0 0 1
    outer loop
      vertex -115.79661868541427 21.593862975578876 -368
      vertex -115.67498300562505 21.56263224114534 -368
      vertex -114.07172803075393 22.923115453177555 -368
    endloop
  endfacet
  facet normal 0 0 1
    outer loop
      vertex -116.29301699437494 21.56263224114534 -368
      vertex -116.17138131458572 21.593862975578876 -368
      vertex -118.17090588226424 22.665217042636254 -368
    endloop
  endfacet
  facet normal 0 0 1
    outer loop
      vertex -116.17138131458572 21.593862975578876 -368
      vertex -116.04679051952931 21.60960245327846 -368
      vertex -118.17090588226424 22.665217042636254 -368
    endloop
  endfacet
  facet normal 0 0 1
    outer loop
      vertex -116.04679051952931 21.60960245327846 -368
      vertex -115.92120948047068 21.60960245327846 -368
      vertex -118.17090588226424 22.665217042636254 -368
    endloop
  endfacet
  facet normal 0 0 1
    outer loop
      vertex -115.92120948047068 21.60960245327846 -368
      vertex -115.79661868541427 21.593862975578876 -368
      vertex -118.17090588226424 22.665217042636254 -368
    endloop
  endfacet
  facet normal 0 0 -1
    outer loop
      vertex -114.70666212530477 23.326056882248245 -370
      vertex -116.40977929156507 21.516402777316205 -370
      vertex -116.519826794979 21.4559036503522 -370
    endloop
  endfacet
  facet normal 0 0 -1
    outer loop
      vertex -114.70666212530477 23.326056882248245 -370
      vertex -116.29301699437494 21.56263224114534 -370
      vertex -116.40977929156507 21.516402777316205 -370
    endloop
  endfacet
  facet normal 0 0 -1
    outer loop
      vertex -114.70666212530477 23.326056882248245 -370
      vertex -116.17138131458572 21.593862975578876 -370
      vertex -116.29301699437494 21.56263224114534 -370
    endloop
  endfacet
  facet normal 0 0 1
    outer loop
      vertex -115.79661868541427 21.593862975578876 -368
      vertex -114.07172803075393 22.923115453177555 -368
      vertex -118.17090588226424 22.665217042636254 -368
    endloop
  endfacet
  facet normal 0 0 -1
    outer loop
      vertex -114.70666212530477 23.326056882248245 -370
      vertex -116.519826794979 21.4559036503522 -370
      vertex -118.17090588226424 22.665217042636254 -370
    endloop
  endfacet
  facet normal 0 0 1
    outer loop
      vertex -114.07172803075393 22.923115453177555 -368
      vertex -115.44817320502099 21.4559036503522 -368
      vertex -115.34657601025131 21.382088967625975 -368
    endloop
  endfacet
  facet normal 0 0 1
    outer loop
      vertex -116.40977929156507 21.516402777316205 -368
      vertex -116.29301699437494 21.56263224114534 -368
      vertex -118.17090588226424 22.665217042636254 -368
    endloop
  endfacet
  facet normal 0 0 1
    outer loop
      vertex -115.55822070843492 21.516402777316205 -368
      vertex -115.44817320502099 21.4559036503522 -368
      vertex -114.07172803075393 22.923115453177555 -368
    endloop
  endfacet
  facet normal 0 0 1
    outer loop
      vertex -115.67498300562505 21.56263224114534 -368
      vertex -115.55822070843492 21.516402777316205 -368
      vertex -114.07172803075393 22.923115453177555 -368
    endloop
  endfacet
  facet normal 0 0 1
    outer loop
      vertex -115.34657601025131 21.382088967625975 -368
      vertex -115.25503137257859 21.296122830778877 -368
      vertex -114.07172803075393 22.923115453177555 -368
    endloop
  endfacet
  facet normal 0 0 -1
    outer loop
      vertex -115.10769331995613 21.0933293989519 -370
      vertex -115.17498300562505 21.19936097714266 -370
      vertex -114.70666212530477 23.326056882248245 -370
    endloop
  endfacet
  facet normal 0 0 -1
    outer loop
      vertex -115.25503137257859 21.296122830778877 -370
      vertex -114.70666212530477 23.326056882248245 -370
      vertex -115.17498300562505 21.19936097714266 -370
    endloop
  endfacet
  facet normal 0 0 -1
    outer loop
      vertex -114.70666212530477 23.326056882248245 -370
      vertex -115.25503137257859 21.296122830778877 -370
      vertex -115.34657601025131 21.382088967625975 -370
    endloop
  endfacet
  facet normal 0 0 -1
    outer loop
      vertex -114.70666212530477 23.326056882248245 -370
      vertex -115.55822070843492 21.516402777316205 -370
      vertex -115.67498300562505 21.56263224114534 -370
    endloop
  endfacet
  facet normal 0 0 -1
    outer loop
      vertex -114.70666212530477 23.326056882248245 -370
      vertex -116.04679051952931 21.60960245327846 -370
      vertex -116.17138131458572 21.593862975578876 -370
    endloop
  endfacet
  facet normal 0 0 -1
    outer loop
      vertex -114.70666212530477 23.326056882248245 -370
      vertex -115.92120948047068 21.60960245327846 -370
      vertex -116.04679051952931 21.60960245327846 -370
    endloop
  endfacet
  facet normal 0 0 1
    outer loop
      vertex -116.62142398974868 21.382088967625975 -368
      vertex -116.519826794979 21.4559036503522 -368
      vertex -118.17090588226424 22.665217042636254 -368
    endloop
  endfacet
  facet normal 0 0 1
    outer loop
      vertex -115.05422351411174 20.979700277534864 -368
      vertex -115.01541683887136 20.86026561201504 -368
      vertex -114.07172803075393 22.923115453177555 -368
    endloop
  endfacet
  facet normal 0 0 1
    outer loop
      vertex -115.05422351411174 20.979700277534864 -368
      vertex -114.07172803075393 22.923115453177555 -368
      vertex -115.10769331995613 21.0933293989519 -368
    endloop
  endfacet
  facet normal 0 0 1
    outer loop
      vertex -114.07172803075393 22.923115453177555 -368
      vertex -115.17498300562505 21.19936097714266 -368
      vertex -115.10769331995613 21.0933293989519 -368
    endloop
  endfacet
  facet normal 0 0 1
    outer loop
      vertex -115.17498300562505 21.19936097714266 -368
      vertex -114.07172803075393 22.923115453177555 -368
      vertex -115.25503137257859 21.296122830778877 -368
    endloop
  endfacet
  facet normal 0 0 -1
    outer loop
      vertex -115.10769331995613 21.0933293989519 -370
      vertex -114.70666212530477 23.326056882248245 -370
      vertex -115.05422351411174 20.979700277534864 -370
    endloop
  endfacet
  facet normal 0 0 -1
    outer loop
      vertex -114.984 20.611575724850187 -370
      vertex -114.70666212530477 23.326056882248245 -370
      vertex -114.99188529868552 20.486242491285882 -370
    endloop
  endfacet
  facet normal 0 0 -1
    outer loop
      vertex -114.99188529868552 20.736908958414492 -370
      vertex -114.70666212530477 23.326056882248245 -370
      vertex -114.984 20.611575724850187 -370
    endloop
  endfacet
  facet normal 0 0 -1
    outer loop
      vertex -115.01541683887136 20.86026561201504 -370
      vertex -114.70666212530477 23.326056882248245 -370
      vertex -114.99188529868552 20.736908958414492 -370
    endloop
  endfacet
  facet normal 0 0 -1
    outer loop
      vertex -114.70666212530477 23.326056882248245 -370
      vertex -115.01541683887136 20.86026561201504 -370
      vertex -115.05422351411174 20.979700277534864 -370
    endloop
  endfacet
  facet normal 0 0 1
    outer loop
      vertex -119.96427692280113 9.037023011037574 -368
      vertex -116.95258316112863 20.362885837685333 -368
      vertex -116.97611470131447 20.486242491285882 -368
    endloop
  endfacet
  facet normal 0 0 -1
    outer loop
      vertex -116.62142398974868 21.382088967625975 -370
      vertex -118.17090588226424 22.665217042636254 -370
      vertex -116.519826794979 21.4559036503522 -370
    endloop
  endfacet
  facet normal -0.6845471059286715 0.7289686274214277 0
    outer loop
      vertex -117.89627196924606 22.923115453177555 -368
      vertex -117.89627196924606 22.923115453177555 -370
      vertex -118.17090588226424 22.665217042636254 -368
    endloop
  endfacet
  facet normal -0.6845471059286715 0.7289686274214277 0
    outer loop
      vertex -117.89627196924606 22.923115453177555 -370
      vertex -118.17090588226424 22.665217042636254 -370
      vertex -118.17090588226424 22.665217042636254 -368
    endloop
  endfacet
  facet normal -0.5877852522924782 0.8090169943749437 0
    outer loop
      vertex -117.59148038493699 23.14455950135623 -368
      vertex -117.89627196924606 22.923115453177555 -370
      vertex -117.89627196924606 22.923115453177555 -368
    endloop
  endfacet
  facet normal -0.5877852522924782 0.8090169943749437 0
    outer loop
      vertex -117.59148038493699 23.14455950135623 -370
      vertex -117.89627196924606 22.923115453177555 -370
      vertex -117.59148038493699 23.14455950135623 -368
    endloop
  endfacet
  facet normal -0.4817536741017198 0.8763066800438611 0
    outer loop
      vertex -117.26133787469522 23.326056882248245 -368
      vertex -117.59148038493699 23.14455950135623 -370
      vertex -117.59148038493699 23.14455950135623 -368
    endloop
  endfacet
  facet normal 0 0 -1
    outer loop
      vertex -114.07172803075393 22.923115453177555 -370
      vertex -113.79709411773575 22.665217042636254 -370
      vertex -114.70666212530477 23.326056882248245 -370
    endloop
  endfacet
  facet normal -0.36812455268467775 0.9297764858882516 0
    outer loop
      vertex -116.91105098312484 23.464745273735648 -370
      vertex -117.26133787469522 23.326056882248245 -370
      vertex -117.26133787469522 23.326056882248245 -368
    endloop
  endfacet
  facet normal 0 0 1
    outer loop
      vertex -116.519826794979 21.4559036503522 -368
      vertex -116.40977929156507 21.516402777316205 -368
      vertex -118.17090588226424 22.665217042636254 -368
    endloop
  endfacet
  facet normal 0 0 -1
    outer loop
      vertex -119.91248485394608 9.530706463313338 -370
      vertex -113.55694901687515 18.848219967972767 -370
      vertex -119.7364223239693 9.225757216084418 -370
    endloop
  endfacet
  facet normal 0 0 -1
    outer loop
      vertex -121.48589142826624 7.840053481535628 -370
      vertex -120.59653264988016 7.886423075084004 -370
      vertex -121.74833355509 7.522815446205848 -370
    endloop
  endfacet
  facet normal 0 0 -1
    outer loop
      vertex -120.7865747646879 8.496755539995426 -370
      vertex -120.59653264988016 7.886423075084004 -370
      vertex -121.48589142826624 7.840053481535628 -370
    endloop
  endfacet
  facet normal 0.8414327755452043 -0.5403618086414821 0
    outer loop
      vertex -120.59653264988016 7.886423075084004 -369.6
      vertex -120.59653264988016 7.886423075084004 -370
      vertex -119.77132284838261 9.171411322915342 -369.6
    endloop
  endfacet
  facet normal 0 0 -1
    outer loop
      vertex -120.01046582940255 9.060631687845204 -370
      vertex -120.59653264988016 7.886423075084004 -370
      vertex -120.7865747646879 8.496755539995426 -370
    endloop
  endfacet
  facet normal 0 0 -1
    outer loop
      vertex -120.01046582940255 9.060631687845204 -370
      vertex -119.75078472238907 9.203392584512432 -370
      vertex -120.59653264988016 7.886423075084004 -370
    endloop
  endfacet
  facet normal 0.8414327755452041 -0.5403618086414824 -4.335322007368374e-14
    outer loop
      vertex -119.75078472238907 9.203392584512432 -370
      vertex -119.74311416808959 9.215336907169885 -369.9233037986358
      vertex -120.59653264988016 7.886423075084004 -370
    endloop
  endfacet
  facet normal 0 0 1
    outer loop
      vertex -116.95258316112863 20.86026561201504 -368
      vertex -120.25804240215 9.545839746779624 -368
      vertex -119.96427692280113 9.037023011037574 -368
    endloop
  endfacet
  facet normal 0 0 -1
    outer loop
      vertex -113.55694901687515 18.848219967972767 -370
      vertex -120.86119956076145 9.410003736615183 -370
      vertex -130.2550520426186 8.10468987086336 -370
    endloop
  endfacet
  facet normal -0.769509578132138 0.6386352708415804 -2.253089195422456e-15
    outer loop
      vertex -118.17090588226424 22.665217042636254 -370
      vertex -130.2550520426186 8.10468987086336 -370
      vertex -130.195811715208 8.176070205516748 -368
    endloop
  endfacet
  facet normal 0 0 1
    outer loop
      vertex -121.20665018379688 9.425150623917581 -368
      vertex -118.17090588226424 22.665217042636254 -368
      vertex -130.195811715208 8.176070205516748 -368
    endloop
  endfacet
  facet normal 0 0 -1
    outer loop
      vertex -130.2550520426186 8.10468987086336 -370
      vertex -116.91377648588825 20.24345117216551 -370
      vertex -116.86030668004386 20.129822050748473 -370
    endloop
  endfacet
  facet normal 0 0 -1
    outer loop
      vertex -116.95258316112863 20.362885837685333 -370
      vertex -116.91377648588825 20.24345117216551 -370
      vertex -130.2550520426186 8.10468987086336 -370
    endloop
  endfacet
  facet normal 0 0 -1
    outer loop
      vertex -116.97611470131447 20.486242491285882 -370
      vertex -116.95258316112863 20.362885837685333 -370
      vertex -130.2550520426186 8.10468987086336 -370
    endloop
  endfacet
  facet normal 0 0 -1
    outer loop
      vertex -116.984 20.611575724850187 -370
      vertex -116.97611470131447 20.486242491285882 -370
      vertex -130.2550520426186 8.10468987086336 -370
    endloop
  endfacet
  facet normal 0 0 -1
    outer loop
      vertex -130.2550520426186 8.10468987086336 -370
      vertex -116.40977929156507 19.70674867238417 -370
      vertex -116.29301699437494 19.660519208555034 -370
    endloop
  endfacet
  facet normal 0 0 -1
    outer loop
      vertex -130.2550520426186 8.10468987086336 -370
      vertex -116.7129686274214 19.927028618921497 -370
      vertex -116.62142398974868 19.8410624820744 -370
    endloop
  endfacet
  facet normal 0 0 1
    outer loop
      vertex -119.79942549525047 9.127650850254179 -368
      vertex -115.34657601025131 19.8410624820744 -368
      vertex -119.96427692280113 9.037023011037574 -368
    endloop
  endfacet
  facet normal 0.841432775545203 -0.5403618086414842 -1.127667800994592e-14
    outer loop
      vertex -119.77132284838261 9.171411322915342 -369.6
      vertex -113.55694901687515 18.848219967972767 -368
      vertex -119.86044559967095 9.03263244775886 -368.5990698968259
    endloop
  endfacet
  facet normal 0.8414327755452033 -0.5403618086414839 -9.870796047729404e-15
    outer loop
      vertex -120.59653264988016 7.886423075084004 -370
      vertex -119.74311416808959 9.215336907169885 -369.9233037986358
      vertex -113.55694901687515 18.848219967972767 -368
    endloop
  endfacet
  facet normal 0 0 -1
    outer loop
      vertex -119.91248485394608 9.530706463313338 -370
      vertex -120.86119956076145 9.410003736615183 -370
      vertex -113.55694901687515 18.848219967972767 -370
    endloop
  endfacet
  facet normal 0.8414327755452052 -0.5403618086414809 -3.151486288323618e-14
    outer loop
      vertex -113.55694901687515 18.848219967972767 -368
      vertex -119.74311416808959 9.215336907169885 -369.9233037986358
      vertex -119.7364223239693 9.225757216084418 -370
    endloop
  endfacet
  facet normal 0.8414327755451996 -0.5403618086414893 3.2945391694485806e-14
    outer loop
      vertex -119.77132284838261 9.171411322915342 -369.6
      vertex -120.59653264988016 7.886423075084004 -370
      vertex -113.55694901687515 18.848219967972767 -368
    endloop
  endfacet
  facet normal 0.8414327755452021 -0.5403618086414858 2.2715574146909716e-14
    outer loop
      vertex -119.86044559967095 9.03263244775886 -368.5990698968259
      vertex -113.55694901687515 18.848219967972767 -368
      vertex -119.79942549525047 9.127650850254179 -368
    endloop
  endfacet
  facet normal 0 0 -1
    outer loop
      vertex -130.2550520426186 8.10468987086336 -370
      vertex -116.86030668004386 20.129822050748473 -370
      vertex -116.79301699437494 20.023790472557714 -370
    endloop
  endfacet
  facet normal 0 0 -1
    outer loop
      vertex -130.2550520426186 8.10468987086336 -370
      vertex -116.79301699437494 20.023790472557714 -370
      vertex -116.7129686274214 19.927028618921497 -370
    endloop
  endfacet
  facet normal 0 0 -1
    outer loop
      vertex -130.2550520426186 8.10468987086336 -370
      vertex -116.04679051952931 19.613548996421915 -370
      vertex -113.55694901687515 18.848219967972767 -370
    endloop
  endfacet
  facet normal 0 0 -1
    outer loop
      vertex -130.2550520426186 8.10468987086336 -370
      vertex -116.17138131458572 19.6292884741215 -370
      vertex -116.04679051952931 19.613548996421915 -370
    endloop
  endfacet
  facet normal 0 0 -1
    outer loop
      vertex -130.2550520426186 8.10468987086336 -370
      vertex -116.29301699437494 19.660519208555034 -370
      vertex -116.17138131458572 19.6292884741215 -370
    endloop
  endfacet
  facet normal 0 0 -1
    outer loop
      vertex -130.2550520426186 8.10468987086336 -370
      vertex -116.62142398974868 19.8410624820744 -370
      vertex -116.519826794979 19.767247799348173 -370
    endloop
  endfacet
  facet normal 0 0 -1
    outer loop
      vertex -130.2550520426186 8.10468987086336 -370
      vertex -116.519826794979 19.767247799348173 -370
      vertex -116.40977929156507 19.70674867238417 -370
    endloop
  endfacet
  facet normal 0.9822872507286828 0.18738131458575497 0
    outer loop
      vertex -117.04944147724149 2.338016848968848 -369.45191274200585
      vertex -117.07532617144592 2.473709167929454 -369.4744151978086
      vertex -117.04944147724149 2.338016848968848 -368
    endloop
  endfacet
  facet normal 0.9510565162951705 0.3090169943748953 0
    outer loop
      vertex -117.04944147724149 2.338016848968848 -370
      vertex -117.04944147724149 2.338016848968848 -369.6
      vertex -117.00675413447708 2.206638716897043 -369.6
    endloop
  endfacet
  facet normal 0.9822872507286828 0.18738131458575497 0
    outer loop
      vertex -117.07532617144592 2.473709167929454 -370
      vertex -117.04944147724149 2.338016848968848 -369.6
      vertex -117.04944147724149 2.338016848968848 -370
    endloop
  endfacet
  facet normal 0.982287250728683 0.18738131458575413 -5.10730578892303e-15
    outer loop
      vertex -117.05482055803692 2.366214977996157 -369.4744151978086
      vertex -117.07532617144592 2.473709167929454 -369.4744151978086
      vertex -117.04944147724149 2.338016848968848 -369.45191274200585
    endloop
  endfacet
  facet normal 0.9822872507286828 0.18738131458575497 0
    outer loop
      vertex -117.07532617144592 2.473709167929454 -369.6
      vertex -117.04944147724149 2.338016848968848 -369.6
      vertex -117.07532617144592 2.473709167929454 -370
    endloop
  endfacet
  facet normal -0.9048270524659948 0.42577929156512495 0
    outer loop
      vertex -115.02006265195175 2.0816466833383016 -369.6
      vertex -114.96124586552291 2.206638716897042 -369.6
      vertex -115.02006265195175 2.0816466833383016 -370
    endloop
  endfacet
  facet normal 0.982287250728683 -0.18738131458575497 1.4236419550332375e-16
    outer loop
      vertex -117.07532617144592 2.749442281770923 -368
      vertex -117.05429981923815 2.859666280085176 -369.4775001432989
      vertex -117.04944147724149 2.885134600731529 -368
    endloop
  endfacet
  facet normal 0.9822872507286825 -0.1873813145857568 0
    outer loop
      vertex -117.07532617144592 2.749442281770923 -369.47750014329887
      vertex -117.05429981923815 2.859666280085176 -369.4775001432989
      vertex -117.07532617144592 2.749442281770923 -368
    endloop
  endfacet
  facet normal 0.9822872507286844 -0.18738131458574703 0
    outer loop
      vertex -117.04944147724149 2.885134600731529 -368
      vertex -117.05429981923815 2.859666280085176 -369.4775001432989
      vertex -117.04944147724149 2.885134600731529 -369.45733990168185
    endloop
  endfacet
  facet normal 0.9510565162951667 -0.3090169943749069 0
    outer loop
      vertex -117.019202195008 2.9782015418375227 -369.4573399016818
      vertex -117.04944147724149 2.885134600731529 -368
      vertex -117.04944147724149 2.885134600731529 -369.45733990168185
    endloop
  endfacet
  facet normal 0.9822872507286828 -0.18738131458575497 0
    outer loop
      vertex -117.04944147724149 2.885134600731529 -370
      vertex -117.07532617144592 2.749442281770923 -369.6
      vertex -117.07532617144592 2.749442281770923 -370
    endloop
  endfacet
  facet normal 0.9822872507286828 -0.18738131458575497 0
    outer loop
      vertex -117.04944147724149 2.885134600731529 -370
      vertex -117.04944147724149 2.885134600731529 -369.6
      vertex -117.07532617144592 2.749442281770923 -369.6
    endloop
  endfacet
  facet normal 0.9510565162951705 -0.3090169943748953 0
    outer loop
      vertex -117.00675413447708 3.016512732803334 -370
      vertex -117.04944147724149 2.885134600731529 -369.6
      vertex -117.04944147724149 2.885134600731529 -370
    endloop
  endfacet
  facet normal 0.9980267284282728 -0.06279051952929675 -2.895499758655751e-12
    outer loop
      vertex -117.07609242765393 2.7372629881107677 -369.4867026228437
      vertex -117.08399999999999 2.6115757248501885 -369.4857012270207
      vertex -117.0839155484041 2.6129180445283398 -369.48670262284384
    endloop
  endfacet
  facet normal 0.9510565162951705 0.3090169943748953 0
    outer loop
      vertex -117.04944147724149 2.338016848968848 -370
      vertex -117.00675413447708 2.206638716897043 -369.6
      vertex -117.00675413447708 2.206638716897043 -370
    endloop
  endfacet
  facet normal 0.904827052465996 0.4257792915651225 0
    outer loop
      vertex -117.00675413447708 2.206638716897043 -369.6
      vertex -116.94793734804824 2.0816466833383016 -370
      vertex -117.00675413447708 2.206638716897043 -370
    endloop
  endfacet
  facet normal 0.9510565162951493 0.3090169943749604 2.6463189873212734e-13
    outer loop
      vertex -117.0201182995613 2.2477693877648877 -369.45191274200585
      vertex -117.04944147724149 2.338016848968848 -369.45191274200585
      vertex -117.00675413447708 2.206638716897043 -369.41621507118987
    endloop
  endfacet
  facet normal 0.904827052465996 0.4257792915651225 0
    outer loop
      vertex -117.00675413447708 2.206638716897043 -369.6
      vertex -116.94793734804824 2.0816466833383016 -369.6
      vertex -116.94793734804824 2.0816466833383016 -370
    endloop
  endfacet
  facet normal 0.9048270524659954 0.42577929156512384 3.927946253298845e-15
    outer loop
      vertex -116.9730958859404 2.1351112978375943 -369.4162150711899
      vertex -117.00675413447708 2.206638716897043 -369.41621507118987
      vertex -116.94793734804824 2.0816466833383016 -369.363839470409
    endloop
  endfacet
  facet normal 0.9510565162951705 0.3090169943748953 0
    outer loop
      vertex -117.00675413447708 2.206638716897043 -369.41621507118987
      vertex -117.04944147724149 2.338016848968848 -369.45191274200585
      vertex -117.00675413447708 2.206638716897043 -368
    endloop
  endfacet
  facet normal 0.904827052465996 0.42577929156512245 0
    outer loop
      vertex -116.94793734804824 2.0816466833383016 -369.363839470409
      vertex -117.00675413447708 2.206638716897043 -369.41621507118987
      vertex -116.94793734804824 2.0816466833383016 -368
    endloop
  endfacet
  facet normal 0.982287250728683 0.18738131458575497 0
    outer loop
      vertex -117.07532617144592 2.473709167929454 -368
      vertex -117.04944147724149 2.338016848968848 -368
      vertex -117.07532617144592 2.473709167929454 -369.4744151978086
    endloop
  endfacet
  facet normal 0.9510565162951706 0.3090169943748954 0
    outer loop
      vertex -117.04944147724149 2.338016848968848 -368
      vertex -117.00675413447708 2.206638716897043 -368
      vertex -117.04944147724149 2.338016848968848 -369.45191274200585
    endloop
  endfacet
  facet normal 0.904827052465996 0.4257792915651225 0
    outer loop
      vertex -117.00675413447708 2.206638716897043 -369.41621507118987
      vertex -117.00675413447708 2.206638716897043 -368
      vertex -116.94793734804824 2.0816466833383016 -368
    endloop
  endfacet
  facet normal 0.9980267284282752 -0.06279051952925417 0
    outer loop
      vertex -117.07532617144592 2.749442281770923 -369.6
      vertex -117.08399999999999 2.6115757248501885 -369.6
      vertex -117.07532617144592 2.749442281770923 -370
    endloop
  endfacet
  facet normal 0.9980267284282752 -0.06279051952925417 0
    outer loop
      vertex -117.08399999999999 2.6115757248501885 -370
      vertex -117.07532617144592 2.749442281770923 -370
      vertex -117.08399999999999 2.6115757248501885 -369.6
    endloop
  endfacet
  facet normal 0.6845471059287203 -0.7289686274213818 -3.1150175112109744e-15
    outer loop
      vertex -116.78586549016354 3.364577541371746 -368
      vertex -116.69334600794926 3.451459118176842 -369.07234527567107
      vertex -116.68516638872356 3.459140291903557 -368
    endloop
  endfacet
  facet normal 0.9048270524659979 -0.4257792915651186 0
    outer loop
      vertex -116.97170132816258 3.091003737994357 -369.4244766693998
      vertex -117.00675413447708 3.016512732803334 -368
      vertex -117.00675413447708 3.016512732803334 -369.42447666939967
    endloop
  endfacet
  facet normal 0.36812455268464517 0.9297764858882643 0
    outer loop
      vertex -116.32391869381243 1.5654135569255196 -369.6
      vertex -116.45235722072158 1.6162659671375668 -370
      vertex -116.45235722072158 1.6162659671375668 -369.6
    endloop
  endfacet
  facet normal 0.7705132427757613 -0.6374239897487235 0
    outer loop
      vertex -116.87391869381244 3.258139502371909 -369.6
      vertex -116.87391869381244 3.258139502371909 -370
      vertex -116.78586549016354 3.364577541371746 -370
    endloop
  endfacet
  facet normal 0.7705132427757613 -0.6374239897487235 0
    outer loop
      vertex -116.87391869381244 3.258139502371909 -369.6
      vertex -116.78586549016354 3.364577541371746 -370
      vertex -116.78586549016354 3.364577541371746 -369.6
    endloop
  endfacet
  facet normal 0.8443279255020391 -0.535826794978959 0
    outer loop
      vertex -116.94793734804824 3.1415047663620754 -369.6
      vertex -116.94793734804824 3.1415047663620754 -370
      vertex -116.87391869381244 3.258139502371909 -370
    endloop
  endfacet
  facet normal 0.8443279255020391 -0.535826794978959 0
    outer loop
      vertex -116.87391869381244 3.258139502371909 -370
      vertex -116.87391869381244 3.258139502371909 -369.6
      vertex -116.94793734804824 3.1415047663620754 -369.6
    endloop
  endfacet
  facet normal 0.684547105928747 -0.7289686274213566 0
    outer loop
      vertex -116.77162935589723 3.3779461612890254 -369.20571448535907
      vertex -116.78586549016354 3.364577541371746 -368
      vertex -116.78586549016354 3.364577541371746 -369.20571448535907
    endloop
  endfacet
  facet normal 0.7705132427757293 -0.6374239897487619 -5.701927944042105e-15
    outer loop
      vertex -116.78586549016354 3.364577541371746 -369.20571448535907
      vertex -116.87391869381244 3.258139502371909 -368
      vertex -116.8455368430575 3.2924472664549524 -369.3059235712676
    endloop
  endfacet
  facet normal 0.7705132427758362 -0.6374239897486329 0
    outer loop
      vertex -116.8455368430575 3.2924472664549524 -369.3059235712676
      vertex -116.87391869381244 3.258139502371909 -368
      vertex -116.87391869381244 3.258139502371909 -369.30592357126756
    endloop
  endfacet
  facet normal 0.8443279255020198 -0.535826794978989 -3.77275888486365e-15
    outer loop
      vertex -116.87391869381244 3.258139502371909 -369.30592357126756
      vertex -116.94793734804824 3.1415047663620754 -368
      vertex -116.91316223292665 3.1963015795950955 -369.37578003928695
    endloop
  endfacet
  facet normal 0.904827052465996 -0.4257792915651225 0
    outer loop
      vertex -116.94793734804824 3.1415047663620754 -370
      vertex -117.00675413447708 3.016512732803334 -369.6
      vertex -117.00675413447708 3.016512732803334 -370
    endloop
  endfacet
  facet normal 0.904827052465996 -0.4257792915651225 0
    outer loop
      vertex -116.94793734804824 3.1415047663620754 -370
      vertex -116.94793734804824 3.1415047663620754 -369.6
      vertex -117.00675413447708 3.016512732803334 -369.6
    endloop
  endfacet
  facet normal 0.9510565162951705 -0.3090169943748953 0
    outer loop
      vertex -117.00675413447708 3.016512732803334 -370
      vertex -117.00675413447708 3.016512732803334 -369.6
      vertex -117.04944147724149 2.885134600731529 -369.6
    endloop
  endfacet
  facet normal 0.8443279255020626 -0.5358267949789215 0
    outer loop
      vertex -116.91316223292665 3.1963015795950955 -369.37578003928695
      vertex -116.94793734804824 3.1415047663620754 -368
      vertex -116.94793734804824 3.1415047663620754 -369.375780039287
    endloop
  endfacet
  facet normal 0.9048270524659936 -0.4257792915651277 -5.816117754925078e-16
    outer loop
      vertex -116.94793734804824 3.1415047663620754 -369.375780039287
      vertex -117.00675413447708 3.016512732803334 -368
      vertex -116.97170132816258 3.091003737994357 -369.4244766693998
    endloop
  endfacet
  facet normal 0.951056516295179 -0.3090169943748694 2.647403514368699e-15
    outer loop
      vertex -117.00675413447708 3.016512732803334 -369.42447666939967
      vertex -117.04944147724149 2.885134600731529 -368
      vertex -117.019202195008 2.9782015418375227 -369.4573399016818
    endloop
  endfacet
  facet normal -0.9048270524659948 0.42577929156512495 0
    outer loop
      vertex -115.02006265195175 2.0816466833383016 -370
      vertex -114.96124586552291 2.206638716897042 -369.6
      vertex -114.96124586552291 2.206638716897042 -370
    endloop
  endfacet
  facet normal 0.7705132427757612 -0.6374239897487236 0
    outer loop
      vertex -116.87391869381244 3.258139502371909 -368
      vertex -116.78586549016354 3.364577541371746 -369.20571448535907
      vertex -116.78586549016354 3.364577541371746 -368
    endloop
  endfacet
  facet normal 0.8443279255020391 -0.535826794978959 0
    outer loop
      vertex -116.94793734804824 3.1415047663620754 -368
      vertex -116.87391869381244 3.258139502371909 -369.30592357126756
      vertex -116.87391869381244 3.258139502371909 -368
    endloop
  endfacet
  facet normal 0.904827052465996 -0.42577929156512245 0
    outer loop
      vertex -117.00675413447708 3.016512732803334 -368
      vertex -116.94793734804824 3.1415047663620754 -369.375780039287
      vertex -116.94793734804824 3.1415047663620754 -368
    endloop
  endfacet
  facet normal 0.9510565162951705 -0.3090169943748954 0
    outer loop
      vertex -117.04944147724149 2.885134600731529 -368
      vertex -117.00675413447708 3.016512732803334 -369.42447666939967
      vertex -117.00675413447708 3.016512732803334 -368
    endloop
  endfacet
  facet normal -0.9510565162951705 -0.3090169943748953 0
    outer loop
      vertex -114.9185585227585 2.885134600731529 -369.6
      vertex -114.96124586552291 3.016512732803334 -369.6
      vertex -114.9185585227585 2.885134600731529 -370
    endloop
  endfacet
  facet normal -0.9822872507286828 -0.18738131458575497 0
    outer loop
      vertex -114.9185585227585 2.885134600731529 -369.6
      vertex -114.9185585227585 2.885134600731529 -370
      vertex -114.89267382855407 2.749442281770923 -370
    endloop
  endfacet
  facet normal -0.9822872507286828 -0.18738131458575497 0
    outer loop
      vertex -114.89267382855407 2.749442281770923 -369.6
      vertex -114.9185585227585 2.885134600731529 -369.6
      vertex -114.89267382855407 2.749442281770923 -370
    endloop
  endfacet
  facet normal -0.9980267284282752 -0.06279051952925417 0
    outer loop
      vertex -114.89267382855407 2.749442281770923 -369.6
      vertex -114.89267382855407 2.749442281770923 -370
      vertex -114.884 2.6115757248501885 -370
    endloop
  endfacet
  facet normal -0.9980267284282752 -0.06279051952925417 0
    outer loop
      vertex -114.884 2.6115757248501885 -369.6
      vertex -114.89267382855407 2.749442281770923 -369.6
      vertex -114.884 2.6115757248501885 -370
    endloop
  endfacet
  facet normal -0.9980267284282752 0.06279051952925417 0
    outer loop
      vertex -114.884 2.6115757248501885 -369.6
      vertex -114.884 2.6115757248501885 -370
      vertex -114.89267382855407 2.473709167929454 -370
    endloop
  endfacet
  facet normal -0.9980267284282752 0.06279051952925417 0
    outer loop
      vertex -114.89267382855407 2.473709167929454 -369.6
      vertex -114.884 2.6115757248501885 -369.6
      vertex -114.89267382855407 2.473709167929454 -370
    endloop
  endfacet
  facet normal -0.9822872507286828 0.18738131458575558 0
    outer loop
      vertex -114.89267382855407 2.473709167929454 -369.6
      vertex -114.89267382855407 2.473709167929454 -370
      vertex -114.9185585227585 2.3380168489688486 -370
    endloop
  endfacet
  facet normal -0.9822872507286828 0.18738131458575558 0
    outer loop
      vertex -114.9185585227585 2.3380168489688486 -369.6
      vertex -114.89267382855407 2.473709167929454 -369.6
      vertex -114.9185585227585 2.3380168489688486 -370
    endloop
  endfacet
  facet normal -0.9510565162951713 0.30901699437489244 0
    outer loop
      vertex -114.9185585227585 2.3380168489688486 -369.6
      vertex -114.9185585227585 2.3380168489688486 -370
      vertex -114.96124586552291 2.206638716897042 -370
    endloop
  endfacet
  facet normal -0.9510565162951713 0.30901699437489244 0
    outer loop
      vertex -114.96124586552291 2.206638716897042 -369.6
      vertex -114.9185585227585 2.3380168489688486 -369.6
      vertex -114.96124586552291 2.206638716897042 -370
    endloop
  endfacet
  facet normal 0.8443279255020391 0.535826794978959 0
    outer loop
      vertex -116.94793734804824 2.0816466833383016 -368
      vertex -116.87391869381244 1.9650119473284682 -368
      vertex -116.94793734804824 2.0816466833383016 -369.363839470409
    endloop
  endfacet
  facet normal -0.36812455268464517 0.9297764858882643 0
    outer loop
      vertex -115.51564277927841 1.6162659671375668 -369.6
      vertex -115.51564277927841 1.6162659671375668 -370
      vertex -115.64408130618756 1.5654135569255196 -370
    endloop
  endfacet
  facet normal 0.48175367410176945 0.8763066800438338 1.790306279364363e-14
    outer loop
      vertex -116.48310557320876 1.6331700169646575 -368.15329230673547
      vertex -116.57340947447689 1.6828150067979721 -368
      vertex -116.47614645732847 1.6293442106343146 -368
    endloop
  endfacet
  facet normal -0.36812455268464517 0.9297764858882643 0
    outer loop
      vertex -115.51564277927841 1.6162659671375668 -369.6
      vertex -115.64408130618756 1.5654135569255196 -370
      vertex -115.64408130618756 1.5654135569255196 -369.6
    endloop
  endfacet
  facet normal 0.48175367410174613 0.8763066800438466 0
    outer loop
      vertex -116.48310557320876 1.6331700169646575 -368.15329230673547
      vertex -116.57340947447689 1.6828150067979721 -368.62940870685946
      vertex -116.57340947447689 1.6828150067979721 -368
    endloop
  endfacet
  facet normal 0.48175367410173237 0.8763066800438543 3.4048584572499376e-15
    outer loop
      vertex -116.53841171577356 1.6635748261344971 -368.5462398021409
      vertex -116.57340947447689 1.6828150067979721 -368.62940870685946
      vertex -116.48310557320876 1.6331700169646575 -368.15329230673547
    endloop
  endfacet
  facet normal 0.5877852522924472 0.8090169943749662 0
    outer loop
      vertex -116.57340947447689 1.6828150067979721 -368.62940870685946
      vertex -116.68516638872356 1.76401115779682 -368
      vertex -116.57340947447689 1.6828150067979721 -368
    endloop
  endfacet
  facet normal 0.8443279255020391 0.535826794978959 0
    outer loop
      vertex -116.87391869381244 1.9650119473284682 -369.6
      vertex -116.87391869381244 1.9650119473284682 -370
      vertex -116.94793734804824 2.0816466833383016 -370
    endloop
  endfacet
  facet normal 0.8443279255020391 0.535826794978959 0
    outer loop
      vertex -116.94793734804824 2.0816466833383016 -369.6
      vertex -116.87391869381244 1.9650119473284682 -369.6
      vertex -116.94793734804824 2.0816466833383016 -370
    endloop
  endfacet
  facet normal 0.5877852522924473 0.8090169943749663 0
    outer loop
      vertex -116.57340947447689 1.6828150067979721 -368.62940870685946
      vertex -116.68516638872356 1.76401115779682 -368.98842954020773
      vertex -116.68516638872356 1.76401115779682 -368
    endloop
  endfacet
  facet normal 0.7705132427757612 0.6374239897487235 3.662259193698142e-15
    outer loop
      vertex -116.84841611374345 1.9341846236253772 -369.28886628047394
      vertex -116.87391869381244 1.9650119473284682 -368
      vertex -116.78586549016354 1.8585739083286312 -368
    endloop
  endfacet
  facet normal 0.8443279255020031 0.5358267949790156 1.2365919106060754e-13
    outer loop
      vertex -116.91517780095324 2.03002589710982 -369.36383947040895
      vertex -116.94793734804824 2.0816466833383016 -369.363839470409
      vertex -116.87391869381244 1.9650119473284682 -369.28886628047394
    endloop
  endfacet
  facet normal 0.7705132427757613 0.6374239897487235 0
    outer loop
      vertex -116.78586549016354 1.8585739083286312 -369.6
      vertex -116.78586549016354 1.8585739083286312 -370
      vertex -116.87391869381244 1.9650119473284682 -370
    endloop
  endfacet
  facet normal 0.7705132427757613 0.6374239897487235 0
    outer loop
      vertex -116.87391869381244 1.9650119473284682 -369.6
      vertex -116.78586549016354 1.8585739083286312 -369.6
      vertex -116.87391869381244 1.9650119473284682 -370
    endloop
  endfacet
  facet normal 0.6845471059287204 0.7289686274213818 0
    outer loop
      vertex -116.78586549016354 1.8585739083286312 -369.6
      vertex -116.68516638872356 1.76401115779682 -369.6
      vertex -116.78586549016354 1.8585739083286312 -370
    endloop
  endfacet
  facet normal -0.4817536741017382 0.876306680043851 0
    outer loop
      vertex -115.3945905255231 1.6828150067979717 -369.6
      vertex -115.51564277927841 1.6162659671375668 -370
      vertex -115.51564277927841 1.6162659671375668 -369.6
    endloop
  endfacet
  facet normal 0.684547105928725 0.7289686274213775 9.016756459080875e-16
    outer loop
      vertex -116.68516638872356 1.76401115779682 -368.98842954020773
      vertex -116.69812308597056 1.7761783063807133 -369.04404505042623
      vertex -116.78586549016354 1.8585739083286312 -368
    endloop
  endfacet
  facet normal 0.5877852522922585 0.8090169943751033 1.1985859540040236e-13
    outer loop
      vertex -116.61982907058265 1.716540817501644 -368.8610727127959
      vertex -116.68516638872356 1.76401115779682 -368.98842954020773
      vertex -116.6097790341466 1.7092390386228433 -368.8151674017682
    endloop
  endfacet
  facet normal 0.5877852522924183 0.8090169943749872 1.3756546116070565e-14
    outer loop
      vertex -116.6097790341466 1.7092390386228433 -368.8151674017682
      vertex -116.68516638872356 1.76401115779682 -368.98842954020773
      vertex -116.57340947447689 1.6828150067979721 -368.62940870685946
    endloop
  endfacet
  facet normal 0.770513242775686 0.6374239897488144 0
    outer loop
      vertex -116.87391869381244 1.9650119473284682 -368
      vertex -116.84841611374345 1.9341846236253772 -369.28886628047394
      vertex -116.87391869381244 1.9650119473284682 -369.28886628047394
    endloop
  endfacet
  facet normal 0.844327925502039 0.5358267949789588 0
    outer loop
      vertex -116.87391869381244 1.9650119473284682 -369.28886628047394
      vertex -116.94793734804824 2.0816466833383016 -369.363839470409
      vertex -116.87391869381244 1.9650119473284682 -368
    endloop
  endfacet
  facet normal 0.6845471059287204 0.7289686274213818 0
    outer loop
      vertex -116.78586549016354 1.8585739083286312 -370
      vertex -116.68516638872356 1.76401115779682 -369.6
      vertex -116.68516638872356 1.76401115779682 -370
    endloop
  endfacet
  facet normal 0.6845471059289344 0.7289686274211807 -2.593562159889486e-13
    outer loop
      vertex -116.7758013794015 1.8491230792575943 -369.18099870630545
      vertex -116.78586549016354 1.8585739083286312 -369.18099870630545
      vertex -116.69812308597056 1.7761783063807133 -369.04404505042623
    endloop
  endfacet
  facet normal 0.7705132427757919 0.6374239897486865 0
    outer loop
      vertex -116.78586549016354 1.8585739083286312 -369.18099870630545
      vertex -116.84841611374345 1.9341846236253772 -369.28886628047394
      vertex -116.78586549016354 1.8585739083286312 -368
    endloop
  endfacet
  facet normal 0.6845471059287193 0.7289686274213829 0
    outer loop
      vertex -116.69812308597056 1.7761783063807133 -369.04404505042623
      vertex -116.78586549016354 1.8585739083286312 -369.18099870630545
      vertex -116.78586549016354 1.8585739083286312 -368
    endloop
  endfacet
  facet normal 0.5877852522924472 0.8090169943749663 0
    outer loop
      vertex -116.68516638872356 1.76401115779682 -369.6
      vertex -116.57340947447689 1.6828150067979721 -370
      vertex -116.68516638872356 1.76401115779682 -370
    endloop
  endfacet
  facet normal 0.5877852522924472 0.8090169943749663 0
    outer loop
      vertex -116.68516638872356 1.76401115779682 -369.6
      vertex -116.57340947447689 1.6828150067979721 -369.6
      vertex -116.57340947447689 1.6828150067979721 -370
    endloop
  endfacet
  facet normal 0.4817536741017407 0.8763066800438497 0
    outer loop
      vertex -116.45235722072158 1.6162659671375668 -369.6
      vertex -116.57340947447689 1.6828150067979721 -370
      vertex -116.57340947447689 1.6828150067979721 -369.6
    endloop
  endfacet
  facet normal 0.4817536741017407 0.8763066800438497 0
    outer loop
      vertex -116.45235722072158 1.6162659671375668 -369.6
      vertex -116.45235722072158 1.6162659671375668 -370
      vertex -116.57340947447689 1.6828150067979721 -370
    endloop
  endfacet
  facet normal 0 1 0
    outer loop
      vertex -115.91493042851775 1.5137463235790898 -369.6
      vertex -115.91493042851775 1.5137463235790898 -370
      vertex -116.05306957148224 1.5137463235790898 -370
    endloop
  endfacet
  facet normal 0.9980267284282752 0.06279051952925417 0
    outer loop
      vertex -117.07532617144592 2.473709167929454 -370
      vertex -117.08399999999999 2.6115757248501885 -370
      vertex -117.07532617144592 2.473709167929454 -369.6
    endloop
  endfacet
  facet normal 0.9980267284282743 0.06279051952927157 2.1338233297165212e-13
    outer loop
      vertex -117.07626146326888 2.488575205751565 -369.4857012270207
      vertex -117.08399999999999 2.6115757248501885 -369.4857012270207
      vertex -117.07532617144592 2.473709167929454 -369.4744151978086
    endloop
  endfacet
  facet normal 0.9980267284282873 -0.0627905195290652 1.770379013137287e-14
    outer loop
      vertex -117.07532617144592 2.749442281770923 -369.47750014329887
      vertex -117.08399999999999 2.6115757248501885 -368
      vertex -117.07609242765393 2.7372629881107677 -369.4867026228437
    endloop
  endfacet
  facet normal 0.998026728428274 -0.06279051952927378 0
    outer loop
      vertex -117.08399999999999 2.6115757248501885 -368
      vertex -117.08399999999999 2.6115757248501885 -369.4857012270207
      vertex -117.07609242765393 2.7372629881107677 -369.4867026228437
    endloop
  endfacet
  facet normal 0.9980267284282752 0.06279051952925416 0
    outer loop
      vertex -117.07532617144592 2.473709167929454 -369.4744151978086
      vertex -117.08399999999999 2.6115757248501885 -369.4857012270207
      vertex -117.07532617144592 2.473709167929454 -368
    endloop
  endfacet
  facet normal 0.9980267284282752 -0.06279051952925416 0
    outer loop
      vertex -117.08399999999999 2.6115757248501885 -368
      vertex -117.07532617144592 2.749442281770923 -369.47750014329887
      vertex -117.07532617144592 2.749442281770923 -368
    endloop
  endfacet
  facet normal 0.9980267284282752 0.06279051952925417 0
    outer loop
      vertex -117.07532617144592 2.473709167929454 -368
      vertex -117.08399999999999 2.6115757248501885 -369.4857012270207
      vertex -117.08399999999999 2.6115757248501885 -368
    endloop
  endfacet
  facet normal 0.36812455268464517 0.9297764858882643 0
    outer loop
      vertex -116.32391869381243 1.5654135569255196 -369.6
      vertex -116.32391869381243 1.5654135569255196 -370
      vertex -116.45235722072158 1.6162659671375668 -370
    endloop
  endfacet
  facet normal 0.2486898871648664 0.9685831611286281 0
    outer loop
      vertex -116.19011944604429 1.531059749048631 -369.6
      vertex -116.32391869381243 1.5654135569255196 -370
      vertex -116.32391869381243 1.5654135569255196 -369.6
    endloop
  endfacet
  facet normal 0.2486898871648664 0.9685831611286281 0
    outer loop
      vertex -116.19011944604429 1.531059749048631 -369.6
      vertex -116.19011944604429 1.531059749048631 -370
      vertex -116.32391869381243 1.5654135569255196 -370
    endloop
  endfacet
  facet normal 0.12533323356430515 0.9921147013144778 0
    outer loop
      vertex -116.05306957148224 1.5137463235790898 -369.6
      vertex -116.19011944604429 1.531059749048631 -370
      vertex -116.19011944604429 1.531059749048631 -369.6
    endloop
  endfacet
  facet normal 0.12533323356430515 0.9921147013144778 0
    outer loop
      vertex -116.05306957148224 1.5137463235790898 -369.6
      vertex -116.05306957148224 1.5137463235790898 -370
      vertex -116.19011944604429 1.531059749048631 -370
    endloop
  endfacet
  facet normal 0 1 0
    outer loop
      vertex -115.91493042851775 1.5137463235790898 -369.6
      vertex -116.05306957148224 1.5137463235790898 -370
      vertex -116.05306957148224 1.5137463235790898 -369.6
    endloop
  endfacet
  facet normal -0.12533323356430515 0.9921147013144778 0
    outer loop
      vertex -115.7778805539557 1.531059749048631 -369.6
      vertex -115.91493042851775 1.5137463235790898 -370
      vertex -115.91493042851775 1.5137463235790898 -369.6
    endloop
  endfacet
  facet normal 0.9980267284282752 0.06279051952925417 0
    outer loop
      vertex -117.08399999999999 2.6115757248501885 -370
      vertex -117.08399999999999 2.6115757248501885 -369.6
      vertex -117.07532617144592 2.473709167929454 -369.6
    endloop
  endfacet
  facet normal -0.8443279255020391 0.535826794978959 0
    outer loop
      vertex -115.09408130618755 1.9650119473284682 -370
      vertex -115.02006265195175 2.0816466833383016 -369.6
      vertex -115.02006265195175 2.0816466833383016 -370
    endloop
  endfacet
  facet normal -0.8443279255020391 0.535826794978959 0
    outer loop
      vertex -115.09408130618755 1.9650119473284682 -369.6
      vertex -115.02006265195175 2.0816466833383016 -369.6
      vertex -115.09408130618755 1.9650119473284682 -370
    endloop
  endfacet
  facet normal -0.12533323356430515 0.9921147013144778 0
    outer loop
      vertex -115.7778805539557 1.531059749048631 -369.6
      vertex -115.7778805539557 1.531059749048631 -370
      vertex -115.91493042851775 1.5137463235790898 -370
    endloop
  endfacet
  facet normal -0.2486898871648664 0.9685831611286281 0
    outer loop
      vertex -115.64408130618756 1.5654135569255196 -369.6
      vertex -115.7778805539557 1.531059749048631 -370
      vertex -115.7778805539557 1.531059749048631 -369.6
    endloop
  endfacet
  facet normal -0.7705132427757613 0.6374239897487235 0
    outer loop
      vertex -115.18213450983644 1.8585739083286312 -370
      vertex -115.09408130618755 1.9650119473284682 -369.6
      vertex -115.09408130618755 1.9650119473284682 -370
    endloop
  endfacet
  facet normal -0.7705132427757613 0.6374239897487235 0
    outer loop
      vertex -115.18213450983644 1.8585739083286312 -369.6
      vertex -115.09408130618755 1.9650119473284682 -369.6
      vertex -115.18213450983644 1.8585739083286312 -370
    endloop
  endfacet
  facet normal -0.6845471059287186 0.7289686274213834 0
    outer loop
      vertex -115.18213450983644 1.8585739083286312 -369.6
      vertex -115.18213450983644 1.8585739083286312 -370
      vertex -115.28283361127643 1.7640111577968205 -370
    endloop
  endfacet
  facet normal -0.2486898871648664 0.9685831611286281 0
    outer loop
      vertex -115.64408130618756 1.5654135569255196 -369.6
      vertex -115.64408130618756 1.5654135569255196 -370
      vertex -115.7778805539557 1.531059749048631 -370
    endloop
  endfacet
  facet normal -0.6845471059287186 0.7289686274213834 0
    outer loop
      vertex -115.18213450983644 1.8585739083286312 -369.6
      vertex -115.28283361127643 1.7640111577968205 -370
      vertex -115.28283361127643 1.7640111577968205 -369.6
    endloop
  endfacet
  facet normal -0.5877852522924514 0.8090169943749632 0
    outer loop
      vertex -115.3945905255231 1.6828150067979717 -370
      vertex -115.28283361127643 1.7640111577968205 -369.6
      vertex -115.28283361127643 1.7640111577968205 -370
    endloop
  endfacet
  facet normal -0.5877852522924514 0.8090169943749632 0
    outer loop
      vertex -115.28283361127643 1.7640111577968205 -369.6
      vertex -115.3945905255231 1.6828150067979717 -370
      vertex -115.3945905255231 1.6828150067979717 -369.6
    endloop
  endfacet
  facet normal 0.6845471059287204 0.7289686274213818 0
    outer loop
      vertex -116.68516638872356 1.76401115779682 -368.98842954020773
      vertex -116.78586549016354 1.8585739083286312 -368
      vertex -116.68516638872356 1.76401115779682 -368
    endloop
  endfacet
  facet normal -0.4817536741017382 0.876306680043851 0
    outer loop
      vertex -115.3945905255231 1.6828150067979717 -369.6
      vertex -115.3945905255231 1.6828150067979717 -370
      vertex -115.51564277927841 1.6162659671375668 -370
    endloop
  endfacet
  facet normal 0.2486898871648649 -0.9685831611286285 0
    outer loop
      vertex -116.19011944604429 3.692091700651746 -369.6
      vertex -116.32391869381243 3.6577378927748576 -370
      vertex -116.19011944604429 3.692091700651746 -370
    endloop
  endfacet
  facet normal -0.8443279255020543 -0.5358267949789347 -9.879455274795476e-15
    outer loop
      vertex -115.03486638279891 3.1648317135640407 -369.6
      vertex -115.09408130618755 3.258139502371909 -369.6
      vertex -115.02006265195175 3.1415047663620754 -370
    endloop
  endfacet
  facet normal -0.8443279255019778 -0.5358267949790555 0
    outer loop
      vertex -115.02006265195175 3.1415047663620754 -369.6
      vertex -115.03486638279891 3.1648317135640407 -369.6
      vertex -115.02006265195175 3.1415047663620754 -370
    endloop
  endfacet
  facet normal -0.904827052465996 -0.4257792915651225 0
    outer loop
      vertex -114.96124586552291 3.016512732803334 -370
      vertex -115.02006265195175 3.1415047663620754 -369.6
      vertex -115.02006265195175 3.1415047663620754 -370
    endloop
  endfacet
  facet normal -0.904827052465996 -0.4257792915651225 0
    outer loop
      vertex -114.96124586552291 3.016512732803334 -369.6
      vertex -115.02006265195175 3.1415047663620754 -369.6
      vertex -114.96124586552291 3.016512732803334 -370
    endloop
  endfacet
  facet normal -0.9510565162951705 -0.3090169943748953 0
    outer loop
      vertex -114.96124586552291 3.016512732803334 -369.6
      vertex -114.96124586552291 3.016512732803334 -370
      vertex -114.9185585227585 2.885134600731529 -370
    endloop
  endfacet
  facet normal -0.12533323356430356 -0.992114701314478 0
    outer loop
      vertex -115.91493042851775 3.709405126121287 -369.6
      vertex -115.7778805539557 3.692091700651746 -370
      vertex -115.7778805539557 3.692091700651746 -369.6
    endloop
  endfacet
  facet normal -0.2486898871648649 -0.9685831611286285 0
    outer loop
      vertex -115.7778805539557 3.692091700651746 -369.6
      vertex -115.64408130618756 3.6577378927748576 -370
      vertex -115.64408130618756 3.6577378927748576 -369.6
    endloop
  endfacet
  facet normal 0.5877852522924472 -0.8090169943749662 0
    outer loop
      vertex -116.68516638872356 3.459140291903557 -368
      vertex -116.68516638872356 3.459140291903557 -369.0387902212329
      vertex -116.57340947447689 3.540336442902405 -368
    endloop
  endfacet
  facet normal -0.12533323356430356 -0.992114701314478 0
    outer loop
      vertex -115.91493042851775 3.709405126121287 -369.6
      vertex -115.91493042851775 3.709405126121287 -370
      vertex -115.7778805539557 3.692091700651746 -370
    endloop
  endfacet
  facet normal 0 -1 0
    outer loop
      vertex -116.05306957148224 3.709405126121287 -369.6
      vertex -116.05306957148224 3.709405126121287 -370
      vertex -115.91493042851775 3.709405126121287 -370
    endloop
  endfacet
  facet normal 0 -1 0
    outer loop
      vertex -116.05306957148224 3.709405126121287 -369.6
      vertex -115.91493042851775 3.709405126121287 -370
      vertex -115.91493042851775 3.709405126121287 -369.6
    endloop
  endfacet
  facet normal 0.12533323356430356 -0.992114701314478 0
    outer loop
      vertex -116.05306957148224 3.709405126121287 -369.6
      vertex -116.19011944604429 3.692091700651746 -370
      vertex -116.05306957148224 3.709405126121287 -370
    endloop
  endfacet
  facet normal 0.12533323356430356 -0.992114701314478 0
    outer loop
      vertex -116.05306957148224 3.709405126121287 -369.6
      vertex -116.19011944604429 3.692091700651746 -369.6
      vertex -116.19011944604429 3.692091700651746 -370
    endloop
  endfacet
  facet normal 0.4817536741017398 -0.8763066800438502 0
    outer loop
      vertex -116.57340947447689 3.540336442902405 -368.7155380025737
      vertex -116.45629056358696 3.604723109023898 -368
      vertex -116.57340947447689 3.540336442902405 -368
    endloop
  endfacet
  facet normal 0.5877852522924989 -0.8090169943749287 0
    outer loop
      vertex -116.61263736888877 3.5118357093280683 -368.90367758065065
      vertex -116.57340947447689 3.540336442902405 -368.7155380025737
      vertex -116.57340947447689 3.540336442902405 -368
    endloop
  endfacet
  facet normal -0.2486898871648649 -0.9685831611286285 0
    outer loop
      vertex -115.7778805539557 3.692091700651746 -369.6
      vertex -115.7778805539557 3.692091700651746 -370
      vertex -115.64408130618756 3.6577378927748576 -370
    endloop
  endfacet
  facet normal 0.2486898871648649 -0.9685831611286285 0
    outer loop
      vertex -116.19011944604429 3.692091700651746 -369.6
      vertex -116.32391869381243 3.6577378927748576 -369.6
      vertex -116.32391869381243 3.6577378927748576 -370
    endloop
  endfacet
  facet normal 0.36812455268464656 -0.9297764858882638 0
    outer loop
      vertex -116.45235722072158 3.6068854825628103 -369.6
      vertex -116.45235722072158 3.6068854825628103 -370
      vertex -116.32391869381243 3.6577378927748576 -370
    endloop
  endfacet
  facet normal 0.36812455268464656 -0.9297764858882638 0
    outer loop
      vertex -116.45235722072158 3.6068854825628103 -369.6
      vertex -116.32391869381243 3.6577378927748576 -370
      vertex -116.32391869381243 3.6577378927748576 -369.6
    endloop
  endfacet
  facet normal 0.4817536741017407 -0.8763066800438497 0
    outer loop
      vertex -116.45235722072158 3.6068854825628103 -369.6
      vertex -116.57340947447689 3.540336442902405 -370
      vertex -116.45235722072158 3.6068854825628103 -370
    endloop
  endfacet
  facet normal 0.4817536741017407 -0.8763066800438497 0
    outer loop
      vertex -116.45235722072158 3.6068854825628103 -369.6
      vertex -116.57340947447689 3.540336442902405 -369.6
      vertex -116.57340947447689 3.540336442902405 -370
    endloop
  endfacet
  facet normal 0.5877852522924472 -0.8090169943749663 0
    outer loop
      vertex -116.68516638872356 3.459140291903557 -369.6
      vertex -116.57340947447689 3.540336442902405 -370
      vertex -116.57340947447689 3.540336442902405 -369.6
    endloop
  endfacet
  facet normal 0.5877852522924472 -0.8090169943749663 0
    outer loop
      vertex -116.68516638872356 3.459140291903557 -369.6
      vertex -116.68516638872356 3.459140291903557 -370
      vertex -116.57340947447689 3.540336442902405 -370
    endloop
  endfacet
  facet normal 0.6845471059287204 -0.7289686274213818 0
    outer loop
      vertex -116.68516638872356 3.459140291903557 -370
      vertex -116.78586549016354 3.364577541371746 -369.6
      vertex -116.78586549016354 3.364577541371746 -370
    endloop
  endfacet
  facet normal 0.6845471059287204 -0.7289686274213818 0
    outer loop
      vertex -116.78586549016354 3.364577541371746 -369.6
      vertex -116.68516638872356 3.459140291903557 -370
      vertex -116.68516638872356 3.459140291903557 -369.6
    endloop
  endfacet
  facet normal 0.5877852522924123 -0.8090169943749916 5.742495318761604e-15
    outer loop
      vertex -116.57340947447689 3.540336442902405 -368
      vertex -116.68516638872356 3.459140291903557 -369.0387902212329
      vertex -116.61263736888877 3.5118357093280683 -368.90367758065065
    endloop
  endfacet
  facet normal 0.6845471059285034 -0.7289686274215855 0
    outer loop
      vertex -116.68516638872356 3.459140291903557 -369.0387902212329
      vertex -116.68516638872356 3.459140291903557 -368
      vertex -116.69334600794926 3.451459118176842 -369.07234527567107
    endloop
  endfacet
  facet normal 0.6845471059287385 -0.728968627421365 -1.97000386789008e-16
    outer loop
      vertex -116.69334600794926 3.451459118176842 -369.07234527567107
      vertex -116.78586549016354 3.364577541371746 -368
      vertex -116.77162935589723 3.3779461612890254 -369.20571448535907
    endloop
  endfacet
  facet normal 0.4817536741017066 -0.8763066800438685 7.1006652382771076e-15
    outer loop
      vertex -116.54082682166883 3.5582489078644177 -368.6428301613283
      vertex -116.45629056358696 3.604723109023898 -368
      vertex -116.57340947447689 3.540336442902405 -368.7155380025737
    endloop
  endfacet
  facet normal 0.48175367410170034 -0.8763066800438718 8.148012587056504e-15
    outer loop
      vertex -116.52754162593058 3.5655525060268114 -368.6106360689832
      vertex -116.45629056358696 3.604723109023898 -368
      vertex -116.54082682166883 3.5582489078644177 -368.6428301613283
    endloop
  endfacet
  facet normal 0.48175367410170716 -0.8763066800438681 7.129734195667761e-15
    outer loop
      vertex -116.46929732713828 3.597572580251588 -368.23509471236633
      vertex -116.45629056358696 3.604723109023898 -368
      vertex -116.52754162593058 3.5655525060268114 -368.6106360689832
    endloop
  endfacet
  facet normal -0.7705132427757625 -0.637423989748722 0
    outer loop
      vertex -115.09408130618755 3.258139502371909 -369.6
      vertex -115.18213450983644 3.3645775413717462 -369.6
      vertex -115.09408130618755 3.258139502371909 -370
    endloop
  endfacet
  facet normal -0.36812455268464656 -0.9297764858882638 0
    outer loop
      vertex -115.51564277927841 3.6068854825628103 -369.6
      vertex -115.64408130618756 3.6577378927748576 -370
      vertex -115.51564277927841 3.6068854825628103 -370
    endloop
  endfacet
  facet normal -0.36812455268464656 -0.9297764858882638 0
    outer loop
      vertex -115.51564277927841 3.6068854825628103 -369.6
      vertex -115.64408130618756 3.6577378927748576 -369.6
      vertex -115.64408130618756 3.6577378927748576 -370
    endloop
  endfacet
  facet normal -0.6845471059287169 -0.728968627421385 0
    outer loop
      vertex -115.18213450983644 3.3645775413717462 -369.6
      vertex -115.28283361127643 3.4591402919035565 -370
      vertex -115.18213450983644 3.3645775413717462 -370
    endloop
  endfacet
  facet normal -0.6845471059287169 -0.728968627421385 0
    outer loop
      vertex -115.18213450983644 3.3645775413717462 -369.6
      vertex -115.28283361127643 3.4591402919035565 -369.6
      vertex -115.28283361127643 3.4591402919035565 -370
    endloop
  endfacet
  facet normal -0.4817536741017382 -0.876306680043851 0
    outer loop
      vertex -115.3945905255231 3.5403364429024053 -370
      vertex -115.51564277927841 3.6068854825628103 -369.6
      vertex -115.51564277927841 3.6068854825628103 -370
    endloop
  endfacet
  facet normal -0.4817536741017382 -0.876306680043851 0
    outer loop
      vertex -115.51564277927841 3.6068854825628103 -369.6
      vertex -115.3945905255231 3.5403364429024053 -370
      vertex -115.3945905255231 3.5403364429024053 -369.6
    endloop
  endfacet
  facet normal -0.5877852522924514 -0.8090169943749632 0
    outer loop
      vertex -115.3945905255231 3.5403364429024053 -369.6
      vertex -115.3945905255231 3.5403364429024053 -370
      vertex -115.28283361127643 3.4591402919035565 -370
    endloop
  endfacet
  facet normal -0.8443279255020391 -0.535826794978959 0
    outer loop
      vertex -115.02006265195175 3.1415047663620754 -370
      vertex -115.09408130618755 3.258139502371909 -369.6
      vertex -115.09408130618755 3.258139502371909 -370
    endloop
  endfacet
  facet normal -0.7705132427757625 -0.637423989748722 0
    outer loop
      vertex -115.09408130618755 3.258139502371909 -370
      vertex -115.18213450983644 3.3645775413717462 -369.6
      vertex -115.18213450983644 3.3645775413717462 -370
    endloop
  endfacet
  facet normal -0.5877852522924514 -0.8090169943749632 0
    outer loop
      vertex -115.3945905255231 3.5403364429024053 -369.6
      vertex -115.28283361127643 3.4591402919035565 -370
      vertex -115.28283361127643 3.4591402919035565 -369.6
    endloop
  endfacet
  facet normal 0.6845471059286614 0.7289686274214371 0
    outer loop
      vertex -116.7129686274214 19.927028618921497 -370
      vertex -116.7129686274214 19.927028618921497 -368
      vertex -116.62142398974868 19.8410624820744 -370
    endloop
  endfacet
  facet normal 0.24868988716485743 0.9685831611286305 0
    outer loop
      vertex -116.17138131458572 19.6292884741215 -368
      vertex -116.17138131458572 19.6292884741215 -370
      vertex -116.29301699437494 19.660519208555034 -368
    endloop
  endfacet
  facet normal 0.5877852522925202 0.8090169943749131 0
    outer loop
      vertex -116.519826794979 19.767247799348173 -370
      vertex -116.62142398974868 19.8410624820744 -370
      vertex -116.62142398974868 19.8410624820744 -368
    endloop
  endfacet
  facet normal 0.7705132427758008 0.6374239897486758 0
    outer loop
      vertex -116.7129686274214 19.927028618921497 -368
      vertex -116.7129686274214 19.927028618921497 -370
      vertex -116.79301699437494 20.023790472557714 -370
    endloop
  endfacet
  facet normal 0.6845471059286614 0.7289686274214371 0
    outer loop
      vertex -116.7129686274214 19.927028618921497 -368
      vertex -116.62142398974868 19.8410624820744 -368
      vertex -116.62142398974868 19.8410624820744 -370
    endloop
  endfacet
  facet normal 0.5877852522925202 0.8090169943749131 0
    outer loop
      vertex -116.519826794979 19.767247799348173 -368
      vertex -116.519826794979 19.767247799348173 -370
      vertex -116.62142398974868 19.8410624820744 -368
    endloop
  endfacet
  facet normal 0.7705132427758008 0.6374239897486758 0
    outer loop
      vertex -116.7129686274214 19.927028618921497 -368
      vertex -116.79301699437494 20.023790472557714 -370
      vertex -116.79301699437494 20.023790472557714 -368
    endloop
  endfacet
  facet normal 0.48175367410171255 0.876306680043865 0
    outer loop
      vertex -116.519826794979 19.767247799348173 -370
      vertex -116.519826794979 19.767247799348173 -368
      vertex -116.40977929156507 19.70674867238417 -370
    endloop
  endfacet
  facet normal 0.3681245526846601 0.9297764858882586 0
    outer loop
      vertex -116.29301699437494 19.660519208555034 -370
      vertex -116.40977929156507 19.70674867238417 -370
      vertex -116.40977929156507 19.70674867238417 -368
    endloop
  endfacet
  facet normal 0.48175367410171255 0.876306680043865 0
    outer loop
      vertex -116.519826794979 19.767247799348173 -368
      vertex -116.40977929156507 19.70674867238417 -368
      vertex -116.40977929156507 19.70674867238417 -370
    endloop
  endfacet
  facet normal 0 1 0
    outer loop
      vertex -115.92120948047068 19.613548996421915 -370
      vertex -116.04679051952931 19.613548996421915 -370
      vertex -116.04679051952931 19.613548996421915 -368
    endloop
  endfacet
  facet normal -0.12533323356430995 0.992114701314477 0
    outer loop
      vertex -115.79661868541427 19.6292884741215 -370
      vertex -115.92120948047068 19.613548996421915 -370
      vertex -115.92120948047068 19.613548996421915 -368
    endloop
  endfacet
  facet normal 0.9048270524660241 0.42577929156506306 0
    outer loop
      vertex -116.86030668004386 20.129822050748473 -368
      vertex -116.91377648588825 20.24345117216551 -370
      vertex -116.91377648588825 20.24345117216551 -368
    endloop
  endfacet
  facet normal -0.24868988716485743 0.9685831611286305 0
    outer loop
      vertex -115.67498300562505 19.660519208555034 -370
      vertex -115.79661868541427 19.6292884741215 -370
      vertex -115.79661868541427 19.6292884741215 -368
    endloop
  endfacet
  facet normal -0.7705132427758008 0.6374239897486758 0
    outer loop
      vertex -115.17498300562505 20.023790472557714 -368
      vertex -115.25503137257859 19.927028618921497 -370
      vertex -115.25503137257859 19.927028618921497 -368
    endloop
  endfacet
  facet normal 0.24868988716485743 0.9685831611286305 0
    outer loop
      vertex -116.17138131458572 19.6292884741215 -370
      vertex -116.29301699437494 19.660519208555034 -370
      vertex -116.29301699437494 19.660519208555034 -368
    endloop
  endfacet
  facet normal -0.24868988716485743 0.9685831611286305 0
    outer loop
      vertex -115.67498300562505 19.660519208555034 -368
      vertex -115.67498300562505 19.660519208555034 -370
      vertex -115.79661868541427 19.6292884741215 -368
    endloop
  endfacet
  facet normal -0.3681245526846601 0.9297764858882586 0
    outer loop
      vertex -115.55822070843492 19.70674867238417 -368
      vertex -115.55822070843492 19.70674867238417 -370
      vertex -115.67498300562505 19.660519208555034 -368
    endloop
  endfacet
  facet normal -0.48175367410171255 0.876306680043865 0
    outer loop
      vertex -115.44817320502099 19.767247799348173 -368
      vertex -115.44817320502099 19.767247799348173 -370
      vertex -115.55822070843492 19.70674867238417 -368
    endloop
  endfacet
  facet normal -0.3681245526846601 0.9297764858882586 0
    outer loop
      vertex -115.55822070843492 19.70674867238417 -370
      vertex -115.67498300562505 19.660519208555034 -370
      vertex -115.67498300562505 19.660519208555034 -368
    endloop
  endfacet
  facet normal -0.48175367410171255 0.876306680043865 0
    outer loop
      vertex -115.44817320502099 19.767247799348173 -370
      vertex -115.55822070843492 19.70674867238417 -370
      vertex -115.55822070843492 19.70674867238417 -368
    endloop
  endfacet
  facet normal -0.5877852522925202 0.8090169943749131 0
    outer loop
      vertex -115.34657601025131 19.8410624820744 -368
      vertex -115.34657601025131 19.8410624820744 -370
      vertex -115.44817320502099 19.767247799348173 -368
    endloop
  endfacet
  facet normal -0.6845471059286614 0.7289686274214371 0
    outer loop
      vertex -115.25503137257859 19.927028618921497 -368
      vertex -115.25503137257859 19.927028618921497 -370
      vertex -115.34657601025131 19.8410624820744 -368
    endloop
  endfacet
  facet normal 0.12533323356430995 0.992114701314477 0
    outer loop
      vertex -116.04679051952931 19.613548996421915 -370
      vertex -116.17138131458572 19.6292884741215 -370
      vertex -116.17138131458572 19.6292884741215 -368
    endloop
  endfacet
  facet normal -0.5877852522925202 0.8090169943749131 0
    outer loop
      vertex -115.34657601025131 19.8410624820744 -370
      vertex -115.44817320502099 19.767247799348173 -370
      vertex -115.44817320502099 19.767247799348173 -368
    endloop
  endfacet
  facet normal -0.6845471059286614 0.7289686274214371 0
    outer loop
      vertex -115.25503137257859 19.927028618921497 -370
      vertex -115.34657601025131 19.8410624820744 -370
      vertex -115.34657601025131 19.8410624820744 -368
    endloop
  endfacet
  facet normal -0.7705132427758008 0.6374239897486758 0
    outer loop
      vertex -115.17498300562505 20.023790472557714 -370
      vertex -115.25503137257859 19.927028618921497 -370
      vertex -115.17498300562505 20.023790472557714 -368
    endloop
  endfacet
  facet normal -0.12533323356430995 0.992114701314477 0
    outer loop
      vertex -115.79661868541427 19.6292884741215 -368
      vertex -115.79661868541427 19.6292884741215 -370
      vertex -115.92120948047068 19.613548996421915 -368
    endloop
  endfacet
  facet normal 0 1 0
    outer loop
      vertex -115.92120948047068 19.613548996421915 -368
      vertex -115.92120948047068 19.613548996421915 -370
      vertex -116.04679051952931 19.613548996421915 -368
    endloop
  endfacet
  facet normal 0.3681245526846601 0.9297764858882586 0
    outer loop
      vertex -116.29301699437494 19.660519208555034 -368
      vertex -116.29301699437494 19.660519208555034 -370
      vertex -116.40977929156507 19.70674867238417 -368
    endloop
  endfacet
  facet normal 0.12533323356430995 0.992114701314477 0
    outer loop
      vertex -116.04679051952931 19.613548996421915 -368
      vertex -116.04679051952931 19.613548996421915 -370
      vertex -116.17138131458572 19.6292884741215 -368
    endloop
  endfacet
  facet normal 0.48175367410171255 -0.876306680043865 0
    outer loop
      vertex -116.519826794979 21.4559036503522 -370
      vertex -116.40977929156507 21.516402777316205 -370
      vertex -116.40977929156507 21.516402777316205 -368
    endloop
  endfacet
  facet normal -0.5877852522925202 -0.8090169943749131 0
    outer loop
      vertex -115.34657601025131 21.382088967625975 -368
      vertex -115.44817320502099 21.4559036503522 -368
      vertex -115.44817320502099 21.4559036503522 -370
    endloop
  endfacet
  facet normal -0.48175367410171255 -0.876306680043865 0
    outer loop
      vertex -115.44817320502099 21.4559036503522 -368
      vertex -115.55822070843492 21.516402777316205 -368
      vertex -115.55822070843492 21.516402777316205 -370
    endloop
  endfacet
  facet normal -0.3681245526846601 -0.9297764858882586 0
    outer loop
      vertex -115.55822070843492 21.516402777316205 -368
      vertex -115.67498300562505 21.56263224114534 -368
      vertex -115.67498300562505 21.56263224114534 -370
    endloop
  endfacet
  facet normal -0.5877852522925202 -0.8090169943749131 0
    outer loop
      vertex -115.44817320502099 21.4559036503522 -370
      vertex -115.34657601025131 21.382088967625975 -370
      vertex -115.34657601025131 21.382088967625975 -368
    endloop
  endfacet
  facet normal -0.48175367410171255 -0.876306680043865 0
    outer loop
      vertex -115.55822070843492 21.516402777316205 -370
      vertex -115.44817320502099 21.4559036503522 -370
      vertex -115.44817320502099 21.4559036503522 -368
    endloop
  endfacet
  facet normal -0.3681245526846601 -0.9297764858882586 0
    outer loop
      vertex -115.67498300562505 21.56263224114534 -370
      vertex -115.55822070843492 21.516402777316205 -370
      vertex -115.55822070843492 21.516402777316205 -368
    endloop
  endfacet
  facet normal -0.24868988716485743 -0.9685831611286305 0
    outer loop
      vertex -115.67498300562505 21.56263224114534 -368
      vertex -115.79661868541427 21.593862975578876 -368
      vertex -115.79661868541427 21.593862975578876 -370
    endloop
  endfacet
  facet normal 0.24868988716485743 -0.9685831611286305 0
    outer loop
      vertex -116.17138131458572 21.593862975578876 -368
      vertex -116.29301699437494 21.56263224114534 -368
      vertex -116.29301699437494 21.56263224114534 -370
    endloop
  endfacet
  facet normal 0.3681245526846601 -0.9297764858882586 0
    outer loop
      vertex -116.40977929156507 21.516402777316205 -370
      vertex -116.29301699437494 21.56263224114534 -370
      vertex -116.29301699437494 21.56263224114534 -368
    endloop
  endfacet
  facet normal 0.5877852522925202 -0.8090169943749131 0
    outer loop
      vertex -116.62142398974868 21.382088967625975 -370
      vertex -116.519826794979 21.4559036503522 -370
      vertex -116.519826794979 21.4559036503522 -368
    endloop
  endfacet
  facet normal 0.3681245526846601 -0.9297764858882586 0
    outer loop
      vertex -116.29301699437494 21.56263224114534 -368
      vertex -116.40977929156507 21.516402777316205 -368
      vertex -116.40977929156507 21.516402777316205 -370
    endloop
  endfacet
  facet normal 0.48175367410171255 -0.876306680043865 0
    outer loop
      vertex -116.40977929156507 21.516402777316205 -368
      vertex -116.519826794979 21.4559036503522 -368
      vertex -116.519826794979 21.4559036503522 -370
    endloop
  endfacet
  facet normal 0.5877852522925202 -0.8090169943749131 0
    outer loop
      vertex -116.519826794979 21.4559036503522 -368
      vertex -116.62142398974868 21.382088967625975 -368
      vertex -116.62142398974868 21.382088967625975 -370
    endloop
  endfacet
  facet normal 0.6845471059286614 -0.7289686274214371 0
    outer loop
      vertex -116.7129686274214 21.296122830778877 -370
      vertex -116.62142398974868 21.382088967625975 -370
      vertex -116.62142398974868 21.382088967625975 -368
    endloop
  endfacet
  facet normal 0.7705132427758008 -0.6374239897486758 0
    outer loop
      vertex -116.79301699437494 21.19936097714266 -370
      vertex -116.7129686274214 21.296122830778877 -370
      vertex -116.79301699437494 21.19936097714266 -368
    endloop
  endfacet
  facet normal 0.6845471059286614 -0.7289686274214371 0
    outer loop
      vertex -116.7129686274214 21.296122830778877 -370
      vertex -116.62142398974868 21.382088967625975 -368
      vertex -116.7129686274214 21.296122830778877 -368
    endloop
  endfacet
  facet normal 0.7705132427758008 -0.6374239897486758 0
    outer loop
      vertex -116.79301699437494 21.19936097714266 -368
      vertex -116.7129686274214 21.296122830778877 -370
      vertex -116.7129686274214 21.296122830778877 -368
    endloop
  endfacet
  facet normal -0.6845471059286614 -0.7289686274214371 0
    outer loop
      vertex -115.25503137257859 21.296122830778877 -368
      vertex -115.34657601025131 21.382088967625975 -368
      vertex -115.34657601025131 21.382088967625975 -370
    endloop
  endfacet
  facet normal -0.12533323356430995 -0.992114701314477 0
    outer loop
      vertex -115.79661868541427 21.593862975578876 -368
      vertex -115.92120948047068 21.60960245327846 -368
      vertex -115.92120948047068 21.60960245327846 -370
    endloop
  endfacet
  facet normal 0.12533323356430995 -0.992114701314477 0
    outer loop
      vertex -116.17138131458572 21.593862975578876 -370
      vertex -116.04679051952931 21.60960245327846 -370
      vertex -116.04679051952931 21.60960245327846 -368
    endloop
  endfacet
  facet normal 0 -1 0
    outer loop
      vertex -116.04679051952931 21.60960245327846 -370
      vertex -115.92120948047068 21.60960245327846 -370
      vertex -115.92120948047068 21.60960245327846 -368
    endloop
  endfacet
  facet normal -0.12533323356430995 -0.992114701314477 0
    outer loop
      vertex -115.92120948047068 21.60960245327846 -370
      vertex -115.79661868541427 21.593862975578876 -370
      vertex -115.79661868541427 21.593862975578876 -368
    endloop
  endfacet
  facet normal -0.9048270524660241 -0.42577929156506306 0
    outer loop
      vertex -115.10769331995613 21.0933293989519 -368
      vertex -115.05422351411174 20.979700277534864 -370
      vertex -115.05422351411174 20.979700277534864 -368
    endloop
  endfacet
  facet normal -0.8443279255019862 -0.535826794979042 0
    outer loop
      vertex -115.17498300562505 21.19936097714266 -368
      vertex -115.10769331995613 21.0933293989519 -370
      vertex -115.10769331995613 21.0933293989519 -368
    endloop
  endfacet
  facet normal -0.9510565162951519 -0.3090169943749525 0
    outer loop
      vertex -115.05422351411174 20.979700277534864 -370
      vertex -115.01541683887136 20.86026561201504 -370
      vertex -115.05422351411174 20.979700277534864 -368
    endloop
  endfacet
  facet normal -0.9048270524660241 -0.42577929156506306 0
    outer loop
      vertex -115.10769331995613 21.0933293989519 -370
      vertex -115.05422351411174 20.979700277534864 -370
      vertex -115.10769331995613 21.0933293989519 -368
    endloop
  endfacet
  facet normal 0.8443279255019862 -0.535826794979042 0
    outer loop
      vertex -116.86030668004386 21.0933293989519 -368
      vertex -116.79301699437494 21.19936097714266 -370
      vertex -116.79301699437494 21.19936097714266 -368
    endloop
  endfacet
  facet normal -0.7705132427758008 -0.6374239897486758 0
    outer loop
      vertex -115.25503137257859 21.296122830778877 -368
      vertex -115.17498300562505 21.19936097714266 -370
      vertex -115.17498300562505 21.19936097714266 -368
    endloop
  endfacet
  facet normal -0.8443279255019862 -0.535826794979042 0
    outer loop
      vertex -115.17498300562505 21.19936097714266 -370
      vertex -115.10769331995613 21.0933293989519 -370
      vertex -115.17498300562505 21.19936097714266 -368
    endloop
  endfacet
  facet normal -0.7705132427758008 -0.6374239897486758 0
    outer loop
      vertex -115.25503137257859 21.296122830778877 -370
      vertex -115.17498300562505 21.19936097714266 -370
      vertex -115.25503137257859 21.296122830778877 -368
    endloop
  endfacet
  facet normal -0.6845471059286614 -0.7289686274214371 0
    outer loop
      vertex -115.34657601025131 21.382088967625975 -370
      vertex -115.25503137257859 21.296122830778877 -370
      vertex -115.25503137257859 21.296122830778877 -368
    endloop
  endfacet
  facet normal 0.12533323356430995 -0.992114701314477 0
    outer loop
      vertex -116.04679051952931 21.60960245327846 -368
      vertex -116.17138131458572 21.593862975578876 -368
      vertex -116.17138131458572 21.593862975578876 -370
    endloop
  endfacet
  facet normal -0.24868988716485743 -0.9685831611286305 0
    outer loop
      vertex -115.79661868541427 21.593862975578876 -370
      vertex -115.67498300562505 21.56263224114534 -370
      vertex -115.67498300562505 21.56263224114534 -368
    endloop
  endfacet
  facet normal 0.24868988716485743 -0.9685831611286305 0
    outer loop
      vertex -116.29301699437494 21.56263224114534 -370
      vertex -116.17138131458572 21.593862975578876 -370
      vertex -116.17138131458572 21.593862975578876 -368
    endloop
  endfacet
  facet normal 0.9980267284282714 0.06279051952931522 0
    outer loop
      vertex -116.97611470131447 20.486242491285882 -368
      vertex -116.984 20.611575724850187 -370
      vertex -116.984 20.611575724850187 -368
    endloop
  endfacet
  facet normal -0.9048270524660241 0.42577929156506306 0
    outer loop
      vertex -115.05422351411174 20.24345117216551 -368
      vertex -115.10769331995613 20.129822050748473 -370
      vertex -115.10769331995613 20.129822050748473 -368
    endloop
  endfacet
  facet normal -0.8443279255019862 0.535826794979042 0
    outer loop
      vertex -115.10769331995613 20.129822050748473 -368
      vertex -115.17498300562505 20.023790472557714 -370
      vertex -115.17498300562505 20.023790472557714 -368
    endloop
  endfacet
  facet normal 0.9510565162951519 -0.3090169943749525 0
    outer loop
      vertex -116.91377648588825 20.979700277534864 -370
      vertex -116.95258316112863 20.86026561201504 -368
      vertex -116.95258316112863 20.86026561201504 -370
    endloop
  endfacet
  facet normal 0.9822872507286938 -0.18738131458569768 0
    outer loop
      vertex -116.95258316112863 20.86026561201504 -370
      vertex -116.97611470131447 20.736908958414492 -368
      vertex -116.97611470131447 20.736908958414492 -370
    endloop
  endfacet
  facet normal 0.9822872507286938 -0.18738131458569768 0
    outer loop
      vertex -116.97611470131447 20.736908958414492 -368
      vertex -116.95258316112863 20.86026561201504 -370
      vertex -116.95258316112863 20.86026561201504 -368
    endloop
  endfacet
  facet normal 0.9980267284282714 -0.06279051952931522 0
    outer loop
      vertex -116.984 20.611575724850187 -368
      vertex -116.97611470131447 20.736908958414492 -370
      vertex -116.97611470131447 20.736908958414492 -368
    endloop
  endfacet
  facet normal 0.9980267284282714 -0.06279051952931522 0
    outer loop
      vertex -116.97611470131447 20.736908958414492 -370
      vertex -116.984 20.611575724850187 -368
      vertex -116.984 20.611575724850187 -370
    endloop
  endfacet
  facet normal 0.9980267284282714 0.06279051952931522 0
    outer loop
      vertex -116.984 20.611575724850187 -370
      vertex -116.97611470131447 20.486242491285882 -368
      vertex -116.97611470131447 20.486242491285882 -370
    endloop
  endfacet
  facet normal -0.8443279255019862 0.535826794979042 0
    outer loop
      vertex -115.10769331995613 20.129822050748473 -370
      vertex -115.17498300562505 20.023790472557714 -370
      vertex -115.10769331995613 20.129822050748473 -368
    endloop
  endfacet
  facet normal 0.9822872507286938 0.18738131458569768 0
    outer loop
      vertex -116.97611470131447 20.486242491285882 -370
      vertex -116.95258316112863 20.362885837685333 -368
      vertex -116.95258316112863 20.362885837685333 -370
    endloop
  endfacet
  facet normal 0.9510565162951519 0.3090169943749525 0
    outer loop
      vertex -116.95258316112863 20.362885837685333 -370
      vertex -116.91377648588825 20.24345117216551 -368
      vertex -116.91377648588825 20.24345117216551 -370
    endloop
  endfacet
  facet normal 0.9822872507286938 0.18738131458569768 0
    outer loop
      vertex -116.95258316112863 20.362885837685333 -368
      vertex -116.97611470131447 20.486242491285882 -370
      vertex -116.97611470131447 20.486242491285882 -368
    endloop
  endfacet
  facet normal 0.9510565162951519 0.3090169943749525 0
    outer loop
      vertex -116.91377648588825 20.24345117216551 -368
      vertex -116.95258316112863 20.362885837685333 -370
      vertex -116.95258316112863 20.362885837685333 -368
    endloop
  endfacet
  facet normal 0.9048270524660241 0.42577929156506306 0
    outer loop
      vertex -116.91377648588825 20.24345117216551 -370
      vertex -116.86030668004386 20.129822050748473 -368
      vertex -116.86030668004386 20.129822050748473 -370
    endloop
  endfacet
  facet normal 0.8443279255019862 0.535826794979042 0
    outer loop
      vertex -116.79301699437494 20.023790472557714 -370
      vertex -116.86030668004386 20.129822050748473 -370
      vertex -116.79301699437494 20.023790472557714 -368
    endloop
  endfacet
  facet normal 0 -1 0
    outer loop
      vertex -115.92120948047068 21.60960245327846 -368
      vertex -116.04679051952931 21.60960245327846 -368
      vertex -116.04679051952931 21.60960245327846 -370
    endloop
  endfacet
  facet normal -0.9980267284282714 0.06279051952931522 0
    outer loop
      vertex -114.984 20.611575724850187 -370
      vertex -114.99188529868552 20.486242491285882 -370
      vertex -114.984 20.611575724850187 -368
    endloop
  endfacet
  facet normal 0.8443279255019862 -0.535826794979042 0
    outer loop
      vertex -116.79301699437494 21.19936097714266 -370
      vertex -116.86030668004386 21.0933293989519 -368
      vertex -116.86030668004386 21.0933293989519 -370
    endloop
  endfacet
  facet normal 0.9048270524660241 -0.42577929156506306 0
    outer loop
      vertex -116.86030668004386 21.0933293989519 -370
      vertex -116.91377648588825 20.979700277534864 -368
      vertex -116.91377648588825 20.979700277534864 -370
    endloop
  endfacet
  facet normal 0.9048270524660241 -0.42577929156506306 0
    outer loop
      vertex -116.91377648588825 20.979700277534864 -368
      vertex -116.86030668004386 21.0933293989519 -370
      vertex -116.86030668004386 21.0933293989519 -368
    endloop
  endfacet
  facet normal 0.9510565162951519 -0.3090169943749525 0
    outer loop
      vertex -116.95258316112863 20.86026561201504 -368
      vertex -116.91377648588825 20.979700277534864 -370
      vertex -116.91377648588825 20.979700277534864 -368
    endloop
  endfacet
  facet normal -0.9822872507286938 -0.18738131458569768 0
    outer loop
      vertex -115.01541683887136 20.86026561201504 -370
      vertex -114.99188529868552 20.736908958414492 -370
      vertex -115.01541683887136 20.86026561201504 -368
    endloop
  endfacet
  facet normal -0.9980267284282714 -0.06279051952931522 0
    outer loop
      vertex -114.99188529868552 20.736908958414492 -370
      vertex -114.984 20.611575724850187 -370
      vertex -114.99188529868552 20.736908958414492 -368
    endloop
  endfacet
  facet normal -0.9510565162951519 -0.3090169943749525 0
    outer loop
      vertex -115.05422351411174 20.979700277534864 -368
      vertex -115.01541683887136 20.86026561201504 -370
      vertex -115.01541683887136 20.86026561201504 -368
    endloop
  endfacet
  facet normal -0.9822872507286938 -0.18738131458569768 0
    outer loop
      vertex -115.01541683887136 20.86026561201504 -368
      vertex -114.99188529868552 20.736908958414492 -370
      vertex -114.99188529868552 20.736908958414492 -368
    endloop
  endfacet
  facet normal 0.8443279255019862 0.535826794979042 0
    outer loop
      vertex -116.79301699437494 20.023790472557714 -368
      vertex -116.86030668004386 20.129822050748473 -370
      vertex -116.86030668004386 20.129822050748473 -368
    endloop
  endfacet
  facet normal -0.9980267284282714 -0.06279051952931522 0
    outer loop
      vertex -114.99188529868552 20.736908958414492 -368
      vertex -114.984 20.611575724850187 -370
      vertex -114.984 20.611575724850187 -368
    endloop
  endfacet
  facet normal -0.9980267284282714 0.06279051952931522 0
    outer loop
      vertex -114.984 20.611575724850187 -368
      vertex -114.99188529868552 20.486242491285882 -370
      vertex -114.99188529868552 20.486242491285882 -368
    endloop
  endfacet
  facet normal -0.9822872507286938 0.18738131458569768 0
    outer loop
      vertex -114.99188529868552 20.486242491285882 -370
      vertex -115.01541683887136 20.362885837685333 -370
      vertex -114.99188529868552 20.486242491285882 -368
    endloop
  endfacet
  facet normal -0.9510565162951519 0.3090169943749525 0
    outer loop
      vertex -115.01541683887136 20.362885837685333 -370
      vertex -115.05422351411174 20.24345117216551 -370
      vertex -115.01541683887136 20.362885837685333 -368
    endloop
  endfacet
  facet normal -0.9822872507286938 0.18738131458569768 0
    outer loop
      vertex -114.99188529868552 20.486242491285882 -368
      vertex -115.01541683887136 20.362885837685333 -370
      vertex -115.01541683887136 20.362885837685333 -368
    endloop
  endfacet
  facet normal -0.9510565162951519 0.3090169943749525 0
    outer loop
      vertex -115.01541683887136 20.362885837685333 -368
      vertex -115.05422351411174 20.24345117216551 -370
      vertex -115.05422351411174 20.24345117216551 -368
    endloop
  endfacet
  facet normal -0.9048270524660241 0.42577929156506306 0
    outer loop
      vertex -115.05422351411174 20.24345117216551 -370
      vertex -115.10769331995613 20.129822050748473 -370
      vertex -115.05422351411174 20.24345117216551 -368
    endloop
  endfacet
endsolid OpenSCAD_Model
