solid OpenSCAD_Model
  facet normal -0.13756443619604308 0.9899994585832237 0.03125856521001832
    outer loop
      vertex -93.17285363541878 8.195959739137773 530.3027702312343
      vertex -130.09291810827594 8.052022085965167 372.381585376677
      vertex -101.33913242403973 7.017698019154232 531.6812380907535
    endloop
  endfacet
  facet normal -0.06716227443858853 -0.9976299994936028 0.014953695283437969
    outer loop
      vertex -139.78163115065212 -0.38158735187210097 538.1703318758056
      vertex -168.77412505739676 -0.8169332113799416 378.9109731096886
      vertex -135.05153739353034 -0.7119938964493201 537.3718920496035
    endloop
  endfacet
  facet normal -0.1242078845719506 0.9918632752135317 0.02792211834454628
    outer loop
      vertex -139.80055204392625 0.9967613179879189 538.1735257225903
      vertex -177.3221465909541 0.7408600844719381 380.35387914455305
      vertex -142.50152115454017 0.6456927578888969 538.6294493084619
    endloop
  endfacet
  facet normal -0.1385595267606705 0.9898675482720417 0.031040206535334815
    outer loop
      vertex -135.10321393664546 1.6791486307123074 537.3806150500814
      vertex -174.22308720241773 1.1436719170543266 379.83075791976813
      vertex -139.80055204392625 0.9967613179879189 538.1735257225903
    endloop
  endfacet
  facet normal -0.1478814443487438 0.988453644215396 0.03302229026933958
    outer loop
      vertex -129.59494665287997 2.534296977019564 536.4508195325817
      vertex -168.83341809983798 1.926634891272103 378.9209817752527
      vertex -135.10321393664546 1.6791486307123074 537.3806150500814
    endloop
  endfacet
  facet normal -0.15291603101080425 0.9876518805913672 0.034065381610054075
    outer loop
      vertex -162.5132986385528 2.9078217922257688 377.85414561018774
      vertex -123.37010579863959 3.5343176149344564 535.4000663963859
      vertex -155.3709913031336 4.0552334136625845 376.64852413196894
    endloop
  endfacet
  facet normal -0.15429355306051667 0.9874280247913932 0.034342325787999124
    outer loop
      vertex -155.3709913031336 4.0552334136625845 376.64852413196894
      vertex -116.52501262135615 4.644104474864144 534.2446146680604
      vertex -147.51701393141732 5.328589474649766 375.3227727516233
    endloop
  endfacet
  facet normal -0.15177788840719056 0.9878347098518397 0.033853487303174036
    outer loop
      vertex -147.51701393141732 5.328589474649766 375.3227727516233
      vertex -109.15295906027951 5.819444924188814 533.0002120269506
      vertex -139.0584085695609 6.677160933646664 373.8949601665419
    endloop
  endfacet
  facet normal -0.15291603101080542 0.987651880591367 0.03406538161005436
    outer loop
      vertex -123.37010579863959 3.5343176149344564 535.4000663963859
      vertex -162.5132986385528 2.9078217922257688 377.85414561018774
      vertex -129.59494665287997 2.534296977019564 536.4508195325817
    endloop
  endfacet
  facet normal -0.15429355306051554 0.9874280247913935 0.03434232578799885
    outer loop
      vertex -155.3709913031336 4.0552334136625845 376.64852413196894
      vertex -123.37010579863959 3.5343176149344564 535.4000663963859
      vertex -116.52501262135615 4.644104474864144 534.2446146680604
    endloop
  endfacet
  facet normal -0.06668835705724299 -0.9976589873324927 0.01513961781918447
    outer loop
      vertex -129.12203913094876 -3.9236151036988405 372.2177010053042
      vertex -120.06198383558484 -4.552440978283707 370.6883636714467
      vertex -107.94924314970542 -4.294459392316799 441.04393250609473
    endloop
  endfacet
  facet normal -0.07256494630683133 -0.9972322069306753 0.01619425909578777
    outer loop
      vertex -129.12203913094876 -3.9236151036988405 372.2177010053042
      vertex -108.57114494368315 -2.809643193461866 532.9020018040693
      vertex -138.39084206784287 -3.2237507207759832 373.7822749410519
    endloop
  endfacet
  facet normal -0.06668835705724312 -0.9976589873324927 0.015139617819184511
    outer loop
      vertex -100.49296789501999 -3.4196063606363656 531.5384055182549
      vertex -129.12203913094876 -3.9236151036988405 372.2177010053042
      vertex -107.94924314970542 -4.294459392316799 441.04393250609473
    endloop
  endfacet
  facet normal -0.12615607232634887 0.9915776092562462 0.02930000404191317
    outer loop
      vertex -90.55069192684111 8.542650117181244 529.8601493348262
      vertex -89.16312893053548 8.726107429586767 529.6259287010499
      vertex -104.18182783700064 9.451603659298367 440.4079928013102
    endloop
  endfacet
  facet normal -0.14608709599535027 0.9887282053451711 0.032788661737895256
    outer loop
      vertex -101.33913242403973 7.017698019154232 531.6812380907535
      vertex -139.0584085695609 6.677160933646664 373.8949601665419
      vertex -109.15295906027951 5.819444924188814 533.0002120269506
    endloop
  endfacet
  facet normal -0.15177788840719028 0.9878347098518396 0.033853487303173974
    outer loop
      vertex -109.15295906027951 5.819444924188814 533.0002120269506
      vertex -147.51701393141732 5.328589474649766 375.3227727516233
      vertex -116.52501262135615 4.644104474864144 534.2446146680604
    endloop
  endfacet
  facet normal -0.1261560723263431 0.9915776092562469 0.02930000404191213
    outer loop
      vertex -120.72302829730774 9.403945375690618 370.79994797658554
      vertex -93.17285363541878 8.195959739137773 530.3027702312343
      vertex -107.80636926537062 8.972383161979216 441.019815394419
    endloop
  endfacet
  facet normal -0.13756443619604267 0.9899994585832236 0.03125856521001822
    outer loop
      vertex -130.09291810827594 8.052022085965167 372.381585376677
      vertex -93.17285363541878 8.195959739137773 530.3027702312343
      vertex -120.72302829730774 9.403945375690618 370.79994797658554
    endloop
  endfacet
  facet normal -0.14608709599534975 0.9887282053451714 0.032788661737895124
    outer loop
      vertex -139.0584085695609 6.677160933646664 373.8949601665419
      vertex -101.33913242403973 7.017698019154232 531.6812380907535
      vertex -130.09291810827594 8.052022085965167 372.381585376677
    endloop
  endfacet
  facet normal -0.1261560723263449 0.9915776092562467 0.02930000404191249
    outer loop
      vertex -119.91235877752523 9.511128438185327 370.66310696164624
      vertex -120.72302829730774 9.403945375690618 370.79994797658554
      vertex -107.80636926537062 8.972383161979216 441.019815394419
    endloop
  endfacet
  facet normal -0.07742054309567531 -0.9968515995789552 0.017115721534570454
    outer loop
      vertex -123.15398788788386 -1.6483319892547117 535.3635856930504
      vertex -147.09355268110357 -2.5381568310770994 375.25129249257026
      vertex -116.15594716850609 -2.2121174005221915 534.1823164196194
    endloop
  endfacet
  facet normal -0.0757091738938586 -0.9969886942063012 0.016782866653938303
    outer loop
      vertex -116.15594716850609 -2.2121174005221915 534.1823164196194
      vertex -138.39084206784287 -3.2237507207759832 373.7822749410519
      vertex -108.57114494368315 -2.809643193461866 532.9020018040693
    endloop
  endfacet
  facet normal -0.07256494630683114 -0.9972322069306753 0.016194259095787745
    outer loop
      vertex -108.57114494368315 -2.809643193461866 532.9020018040693
      vertex -129.12203913094876 -3.9236151036988405 372.2177010053042
      vertex -100.49296789501999 -3.4196063606363656 531.5384055182549
    endloop
  endfacet
  facet normal -0.05872810323089752 -0.9981789665164694 0.013775365512906947
    outer loop
      vertex -104.30232479295049 -4.522714263102238 440.4283326874745
      vertex -89.27604461162846 -4.175554959324668 529.6449888680185
      vertex -104.74734306105061 -4.495494823969208 440.5034517711298
    endloop
  endfacet
  facet normal -0.06668835705724326 -0.9976589873324926 0.01513961781918452
    outer loop
      vertex -100.49296789501999 -3.4196063606363656 531.5384055182549
      vertex -107.94924314970542 -4.294459392316799 441.04393250609473
      vertex -92.59666103828512 -3.9676606388169433 530.205508920838
    endloop
  endfacet
  facet normal -0.05872810323089867 -0.9981789665164692 0.013775365512907145
    outer loop
      vertex -89.59508194191967 -4.156041115027668 529.6988423693716
      vertex -104.74734306105061 -4.495494823969208 440.5034517711298
      vertex -89.27604461162846 -4.175554959324668 529.6449888680185
    endloop
  endfacet
  facet normal -0.12615607232634152 0.9915776092562472 0.029300004041911906
    outer loop
      vertex -93.17285363541878 8.195959739137773 530.3027702312343
      vertex -92.46637947141267 8.289366562292885 530.1835173923499
      vertex -107.80636926537062 8.972383161979216 441.019815394419
    endloop
  endfacet
  facet normal -0.1261560723263498 0.991577609256246 0.02930000404191331
    outer loop
      vertex -105.7866712526762 9.239418511196673 440.67889036987617
      vertex -90.55069192684111 8.542650117181244 529.8601493348262
      vertex -104.18182783700064 9.451603659298367 440.4079928013102
    endloop
  endfacet
  facet normal -0.12420788457195009 0.9918632752135318 0.027922118344546165
    outer loop
      vertex -177.3221465909541 0.7408600844719381 380.35387914455305
      vertex -139.80055204392625 0.9967613179879189 538.1735257225903
      vertex -174.22308720241773 1.1436719170543266 379.83075791976813
    endloop
  endfacet
  facet normal -0.07373663755760868 -0.9971436729561319 0.016352484987072206
    outer loop
      vertex -135.05153739353034 -0.7119938964493201 537.3718920496035
      vertex -168.77412505739676 -0.8169332113799416 378.9109731096886
      vertex -162.38064718222847 -1.3074156640514691 377.8317540443602
    endloop
  endfacet
  facet normal -0.07730992681520016 -0.9968605663928516 0.01709346035041985
    outer loop
      vertex -129.47933496523848 -1.139471330042363 536.4313042797078
      vertex -162.38064718222847 -1.3074156640514691 377.8317540443602
      vertex -155.12302021833798 -1.8912762484586672 376.60666661285546
    endloop
  endfacet
  facet normal -0.0671622744385882 -0.9976299994936028 0.014953695283437906
    outer loop
      vertex -139.78163115065212 -0.38158735187210097 538.1703318758056
      vertex -174.201377597628 -0.43782872625935815 379.8270933384796
      vertex -168.77412505739676 -0.8169332113799416 378.9109731096886
    endloop
  endfacet
  facet normal -0.05591495189251503 -0.9983571711554792 0.01250907499724699
    outer loop
      vertex -142.50152115454017 -0.22350199156431633 538.6294493084619
      vertex -177.3221465909541 -0.25644349007624684 380.35387914455305
      vertex -174.201377597628 -0.43782872625935815 379.8270933384796
    endloop
  endfacet
  facet normal -0.9766444667046316 0 0.21486178267720327
    outer loop
      vertex -177.3221465909541 -0.25644349007624684 380.35387914455305
      vertex -142.50152115454017 0.6456927578888969 538.6294493084619
      vertex -177.3221465909541 0.7408600844719381 380.35387914455305
    endloop
  endfacet
  facet normal -0.13855952676067038 0.9898675482720416 0.03104020653533479
    outer loop
      vertex -174.22308720241773 1.1436719170543266 379.83075791976813
      vertex -135.10321393664546 1.6791486307123074 537.3806150500814
      vertex -168.83341809983798 1.926634891272103 378.9209817752527
    endloop
  endfacet
  facet normal -0.07742054309567567 -0.9968515995789552 0.017115721534570513
    outer loop
      vertex -123.15398788788386 -1.6483319892547117 535.3635856930504
      vertex -155.12302021833798 -1.8912762484586672 376.60666661285546
      vertex -147.09355268110357 -2.5381568310770994 375.25129249257026
    endloop
  endfacet
  facet normal -0.0757091738938584 -0.9969886942063012 0.016782866653938276
    outer loop
      vertex -138.39084206784287 -3.2237507207759832 373.7822749410519
      vertex -116.15594716850609 -2.2121174005221915 534.1823164196194
      vertex -147.09355268110357 -2.5381568310770994 375.25129249257026
    endloop
  endfacet
  facet normal -0.07730992681520032 -0.9968605663928516 0.01709346035041988
    outer loop
      vertex -129.47933496523848 -1.139471330042363 536.4313042797078
      vertex -155.12302021833798 -1.8912762484586672 376.60666661285546
      vertex -123.15398788788386 -1.6483319892547117 535.3635856930504
    endloop
  endfacet
  facet normal -0.07373663755760872 -0.9971436729561319 0.016352484987072213
    outer loop
      vertex -135.05153739353034 -0.7119938964493201 537.3718920496035
      vertex -162.38064718222847 -1.3074156640514691 377.8317540443602
      vertex -129.47933496523848 -1.139471330042363 536.4313042797078
    endloop
  endfacet
  facet normal -0.9766444667046317 0 0.2148617826772033
    outer loop
      vertex -142.50152115454017 0.6456927578888969 538.6294493084619
      vertex -177.3221465909541 -0.25644349007624684 380.35387914455305
      vertex -142.50152115454017 -0.22350199156431633 538.6294493084619
    endloop
  endfacet
  facet normal -0.14788144434874406 0.988453644215396 0.033022290269339644
    outer loop
      vertex -168.83341809983798 1.926634891272103 378.9209817752527
      vertex -129.59494665287997 2.534296977019564 536.4508195325817
      vertex -162.5132986385528 2.9078217922257688 377.85414561018774
    endloop
  endfacet
  facet normal -0.05591495189251522 -0.9983571711554793 0.01250907499724703
    outer loop
      vertex -142.50152115454017 -0.22350199156431633 538.6294493084619
      vertex -174.201377597628 -0.43782872625935815 379.8270933384796
      vertex -139.78163115065212 -0.38158735187210097 538.1703318758056
    endloop
  endfacet
  facet normal -0.1252993966742757 0.9918468547497051 0.02323527310319184
    outer loop
      vertex -88.86038804979788 1.2938826455627457 529.5748260403815
      vertex -104.04037089062368 1.465610609455055 440.38411486876174
      vertex -88.98152717447367 1.2781001881909293 529.5952743246268
    endloop
  endfacet
  facet normal -0.9689947876783839 0.1848456416464547 0.16395484200362695
    outer loop
      vertex -103.14652821925218 2.216962142138414 440.2332342258342
      vertex -88.08768450310215 2.029451720874288 529.4443936816992
      vertex -88.06498529467262 2.1518437240038355 529.4405620553163
    endloop
  endfacet
  facet normal 0.7642079548576015 0.632207801942623 -0.12766948302252706
    outer loop
      vertex -89.7663326287669 1.5969626576697813 529.7277494853114
      vertex -104.90239332908241 1.8804445401786831 440.52962425637355
      vertex -89.8435496129324 1.6929341189145573 529.7407837122386
    endloop
  endfacet
  facet normal 0.8360121232712292 0.5305494264090335 -0.14000369952460753
    outer loop
      vertex -89.8435496129324 1.6929341189145573 529.7407837122386
      vertex -104.96730291800404 1.9856169980452876 440.54058099498354
      vertex -89.90845920185404 1.7981065767811617 529.7517404508485
    endloop
  endfacet
  facet normal 0.9691179686335236 0.18486913967044283 -0.16319854187198862
    outer loop
      vertex -89.99747178074782 2.0293010048417184 529.7667657741658
      vertex -105.07901470532737 2.339187322060425 440.5594379446837
      vertex -90.02017098917737 2.151676900796299 529.7705974005487
    endloop
  endfacet
  facet normal 0.8945734648648362 0.42095431948554374 -0.15011920885144645
    outer loop
      vertex -89.90845920185404 1.7981065767811617 529.7517404508485
      vertex -105.01888144868931 2.098331820046183 440.54928745096316
      vertex -89.9600377325393 1.9108213987820575 529.7604469068282
    endloop
  endfacet
  facet normal 0.9391281300305594 0.3051412267332205 -0.15788346060639177
    outer loop
      vertex -89.9600377325393 1.9108213987820575 529.7604469068282
      vertex -105.05631549689782 2.216811426105844 440.5556063183008
      vertex -89.99747178074782 2.0293010048417184 529.7667657741658
    endloop
  endfacet
  facet normal 2.54779295336717e-15 0.9999977910747646 0.0021018671678664975
    outer loop
      vertex -88.98152717447367 1.2781001881909293 529.5952743246268
      vertex -104.1624728255263 1.4655672881816415 440.40472567537324
      vertex -89.10362910937629 1.278056866917516 529.6158851312383
    endloop
  endfacet
  facet normal 0.24849173878157074 0.9678114241284924 -0.039911189955836875
    outer loop
      vertex -89.2247682340521 1.2937533649448658 529.6363334154836
      vertex -104.40187782828998 1.5124525603865793 440.4451372398398
      vertex -89.34303411213997 1.3249421391224536 529.6562966957048
    endloop
  endfacet
  facet normal 0.1253104478553691 0.9919343338559846 -0.019067484783544662
    outer loop
      vertex -89.10362910937629 1.278056866917516 529.6158851312383
      vertex -104.28361195020211 1.4812637862089915 440.4251739596186
      vertex -89.2247682340521 1.2937533649448658 529.6363334154836
    endloop
  endfacet
  facet normal 0.6801403296236535 0.7242758872919701 -0.11328535256977161
    outer loop
      vertex -89.67802600732495 1.5117057203212354 529.7128433276121
      vertex -104.82517634491691 1.784473078933907 440.5165900294464
      vertex -89.7663326287669 1.5969626576697813 529.7277494853114
    endloop
  endfacet
  facet normal 0.9841373989912059 -0.06191667698928428 -0.16625253386769392
    outer loop
      vertex -90.02777737775106 2.276019145662777 529.7718813589399
      vertex -105.07901470532734 2.587877209225279 440.5594379446837
      vertex -90.02017098917736 2.400366787961153 529.7705974005487
    endloop
  endfacet
  facet normal 0.9841799545154106 0.061919354355817156 -0.16599942977674126
    outer loop
      vertex -90.02017098917737 2.151676900796299 529.7705974005487
      vertex -105.08662109390107 2.4635295669269026 440.5607219030749
      vertex -90.02777737775106 2.276019145662777 529.7718813589399
    endloop
  endfacet
  facet normal -0.2484493440230266 0.9676463074458408 0.04397211776747839
    outer loop
      vertex -103.91923176594788 1.4813930668268713 440.36366658451647
      vertex -88.86038804979788 1.2938826455627457 529.5748260403815
      vertex -88.74212217171 1.3251553402522276 529.5548627601602
    endloop
  endfacet
  facet normal 0.36745963842808527 0.9280971041778149 -0.060076445825755755
    outer loop
      vertex -89.34303411213997 1.3249421391224536 529.6562966957048
      vertex -104.51540533624387 1.5586417451143546 440.4643006831824
      vertex -89.45656162009386 1.371131323850229 529.6754601390473
    endloop
  endfacet
  facet normal 0.38306715945353975 0.9215883931493345 -0.06272467585108739
    outer loop
      vertex -89.45656162009386 1.371131323850229 529.6754601390473
      vertex -104.53271108876045 1.5660338710612618 440.4672218942072
      vertex -89.47386737261047 1.3785234497971364 529.6783813500722
    endloop
  endfacet
  facet normal -0.35983620358284624 0.9309065437033326 0.06269699738743206
    outer loop
      vertex -103.80096588785999 1.5126657615163532 440.3437033042952
      vertex -88.74212217171 1.3251553402522276 529.5548627601602
      vertex -88.7239212208842 1.3323977281833002 529.5517904396609
    endloop
  endfacet
  facet normal -0.367370746207429 0.9278725880571738 0.06396245119661398
    outer loop
      vertex -103.78276493703419 1.519908149447426 440.34063098379585
      vertex -88.7239212208842 1.3323977281833002 529.5517904396609
      vertex -88.61128891123954 1.3783026203706836 529.5327781057928
    endloop
  endfacet
  facet normal -0.48009638471755 0.8732920818451617 0.0828758177496993
    outer loop
      vertex -103.67013262738955 1.5658130416348093 440.3216186499278
      vertex -88.61128891123954 1.3783026203706836 529.5327781057928
      vertex -88.50513388707148 1.4383623570222475 529.5148591377132
    endloop
  endfacet
  facet normal -0.5848147548042383 0.8049284553373112 0.10040858704089507
    outer loop
      vertex -103.56397760322147 1.625872778286373 440.30369968184823
      vertex -88.50513388707148 1.4383623570222475 529.5148591377132
      vertex -88.40713027652504 1.5116297602130495 529.498316128253
    endloop
  endfacet
  facet normal -0.6799027101080641 0.7240228482088715 0.1162893806812264
    outer loop
      vertex -103.46597399267505 1.6991401814771752 440.287156672388
      vertex -88.40713027652504 1.5116297602130495 529.498316128253
      vertex -88.31882365508308 1.596949359226945 529.4834099705536
    endloop
  endfacet
  facet normal -0.7639460953429056 0.6319911729124095 0.13028246532486637
    outer loop
      vertex -103.37766737123307 1.7844597804910707 440.2722505146886
      vertex -88.31882365508308 1.596949359226945 529.4834099705536
      vertex -88.24160667091755 1.692975613020027 529.4703757436265
    endloop
  endfacet
  facet normal -0.8357491239121385 0.5303825219403281 0.14218924818814696
    outer loop
      vertex -103.30045038706757 1.880486034284153 440.25921628776143
      vertex -88.24160667091755 1.692975613020027 529.4703757436265
      vertex -88.17669708199595 1.7981941302066755 529.4594190050165
    endloop
  endfacet
  facet normal -0.8943345178410066 0.42084187955092045 0.15184822229497083
    outer loop
      vertex -103.23554079814596 1.985704551470801 440.2482595491515
      vertex -88.17669708199595 1.7981941302066755 529.4594190050165
      vertex -88.1251185513107 1.9109455519163612 529.4507125490368
    endloop
  endfacet
  facet normal -0.9389372208527583 0.3050791965813523 0.15913384024328417
    outer loop
      vertex -103.18396226746069 2.098455973180487 440.23955309317176
      vertex -88.1251185513107 1.9109455519163612 529.4507125490368
      vertex -88.08768450310215 2.029451720874288 529.4443936816992
    endloop
  endfacet
  facet normal 0.36745963842808527 0.9280971041778149 -0.060076445825755755
    outer loop
      vertex -104.51540533624387 1.5586417451143546 440.4643006831824
      vertex -89.34303411213997 1.3249421391224536 529.6562966957048
      vertex -104.40187782828998 1.5124525603865793 440.4451372398398
    endloop
  endfacet
  facet normal -0.5848147548042475 0.8049284553373042 0.1004085870408966
    outer loop
      vertex -88.40713027652504 1.5116297602130495 529.498316128253
      vertex -103.46597399267505 1.6991401814771752 440.287156672388
      vertex -103.56397760322147 1.625872778286373 440.30369968184823
    endloop
  endfacet
  facet normal 0.24849173878155328 0.9678114241284971 -0.03991118995583389
    outer loop
      vertex -104.40187782828998 1.5124525603865793 440.4451372398398
      vertex -89.2247682340521 1.2937533649448658 529.6363334154836
      vertex -104.28361195020211 1.4812637862089915 440.4251739596186
    endloop
  endfacet
  facet normal 0.1253104478553623 0.9919343338559856 -0.0190674847835435
    outer loop
      vertex -104.28361195020211 1.4812637862089915 440.4251739596186
      vertex -89.10362910937629 1.278056866917516 529.6158851312383
      vertex -104.1624728255263 1.4655672881816415 440.40472567537324
    endloop
  endfacet
  facet normal -1.7113804407428365e-16 0.9999977910747646 0.0021018671678669602
    outer loop
      vertex -104.1624728255263 1.4655672881816415 440.40472567537324
      vertex -88.98152717447367 1.2781001881909293 529.5952743246268
      vertex -104.04037089062368 1.465610609455055 440.38411486876174
    endloop
  endfacet
  facet normal -0.1252993966742757 0.9918468547497051 0.02323527310319184
    outer loop
      vertex -104.04037089062368 1.465610609455055 440.38411486876174
      vertex -88.86038804979788 1.2938826455627457 529.5748260403815
      vertex -103.91923176594788 1.4813930668268713 440.36366658451647
    endloop
  endfacet
  facet normal 0.38306715945404934 0.9215883931491168 -0.06272467585117399
    outer loop
      vertex -104.53271108876045 1.5660338710612618 440.4672218942072
      vertex -89.45656162009386 1.371131323850229 529.6754601390473
      vertex -104.51540533624387 1.5586417451143546 440.4643006831824
    endloop
  endfacet
  facet normal 0.4802392803379005 0.8735520080137885 -0.07922829618017392
    outer loop
      vertex -104.63886611292854 1.626018280965058 440.48514086228676
      vertex -89.47386737261047 1.3785234497971364 529.6783813500722
      vertex -104.53271108876045 1.5660338710612618 440.4672218942072
    endloop
  endfacet
  facet normal 0.5850101978643695 0.805197459631729 -0.0970572995570224
    outer loop
      vertex -104.73686972347497 1.6992161415853608 440.501683871747
      vertex -89.58002239677853 1.4385078597009324 529.6963003181518
      vertex -104.63886611292854 1.626018280965058 440.48514086228676
    endloop
  endfacet
  facet normal -0.24844934402301763 0.9676463074458433 0.04397211776747686
    outer loop
      vertex -88.74212217171 1.3251553402522276 529.5548627601602
      vertex -103.80096588785999 1.5126657615163532 440.3437033042952
      vertex -103.91923176594788 1.4813930668268713 440.36366658451647
    endloop
  endfacet
  facet normal -0.3598362035826816 0.9309065437033983 0.06269699738740432
    outer loop
      vertex -88.7239212208842 1.3323977281833002 529.5517904396609
      vertex -103.78276493703419 1.519908149447426 440.34063098379585
      vertex -103.80096588785999 1.5126657615163532 440.3437033042952
    endloop
  endfacet
  facet normal -0.36737074620748356 0.9278725880571514 0.0639624511966232
    outer loop
      vertex -88.61128891123954 1.3783026203706836 529.5327781057928
      vertex -103.67013262738955 1.5658130416348093 440.3216186499278
      vertex -103.78276493703419 1.519908149447426 440.34063098379585
    endloop
  endfacet
  facet normal -0.48009638471749877 0.8732920818451909 0.08287581774969063
    outer loop
      vertex -88.50513388707148 1.4383623570222475 529.5148591377132
      vertex -103.56397760322147 1.625872778286373 440.30369968184823
      vertex -103.67013262738955 1.5658130416348093 440.3216186499278
    endloop
  endfacet
  facet normal 0.680140329623673 0.7242758872919512 -0.11328535256977498
    outer loop
      vertex -104.82517634491691 1.784473078933907 440.5165900294464
      vertex -89.67802600732495 1.5117057203212354 529.7128433276121
      vertex -104.73686972347497 1.6992161415853608 440.501683871747
    endloop
  endfacet
  facet normal 0.7642079548576022 0.6322078019426222 -0.12766948302252717
    outer loop
      vertex -104.90239332908241 1.8804445401786831 440.52962425637355
      vertex -89.7663326287669 1.5969626576697813 529.7277494853114
      vertex -104.82517634491691 1.784473078933907 440.5165900294464
    endloop
  endfacet
  facet normal 0.8360121232712459 0.5305494264090066 -0.14000369952461042
    outer loop
      vertex -104.96730291800404 1.9856169980452876 440.54058099498354
      vertex -89.8435496129324 1.6929341189145573 529.7407837122386
      vertex -104.90239332908241 1.8804445401786831 440.52962425637355
    endloop
  endfacet
  facet normal 0.8945734648648218 0.42095431948557555 -0.15011920885144386
    outer loop
      vertex -105.01888144868931 2.098331820046183 440.54928745096316
      vertex -89.90845920185404 1.7981065767811617 529.7517404508485
      vertex -104.96730291800404 1.9856169980452876 440.54058099498354
    endloop
  endfacet
  facet normal 0.5850101978643885 0.8051974596317146 -0.09705729955702569
    outer loop
      vertex -89.58002239677853 1.4385078597009324 529.6963003181518
      vertex -104.73686972347497 1.6992161415853608 440.501683871747
      vertex -89.67802600732495 1.5117057203212354 529.7128433276121
    endloop
  endfacet
  facet normal -0.6799027101080544 0.7240228482088809 0.11628938068122477
    outer loop
      vertex -88.31882365508308 1.596949359226945 529.4834099705536
      vertex -103.37766737123307 1.7844597804910707 440.2722505146886
      vertex -103.46597399267505 1.6991401814771752 440.287156672388
    endloop
  endfacet
  facet normal -0.7639460953429451 0.6319911729123603 0.13028246532487303
    outer loop
      vertex -88.24160667091755 1.692975613020027 529.4703757436265
      vertex -103.30045038706757 1.880486034284153 440.25921628776143
      vertex -103.37766737123307 1.7844597804910707 440.2722505146886
    endloop
  endfacet
  facet normal -0.8357491239121557 0.5303825219403001 0.14218924818814985
    outer loop
      vertex -88.17669708199595 1.7981941302066755 529.4594190050165
      vertex -103.23554079814596 1.985704551470801 440.2482595491515
      vertex -103.30045038706757 1.880486034284153 440.25921628776143
    endloop
  endfacet
  facet normal -0.8943345178408927 0.4208418795511694 0.1518482222949517
    outer loop
      vertex -88.1251185513107 1.9109455519163612 529.4507125490368
      vertex -103.18396226746069 2.098455973180487 440.23955309317176
      vertex -103.23554079814596 1.985704551470801 440.2482595491515
    endloop
  endfacet
  facet normal 0.9391281300305594 0.3051412267332205 -0.15788346060639177
    outer loop
      vertex -105.05631549689782 2.216811426105844 440.5556063183008
      vertex -89.9600377325393 1.9108213987820575 529.7604469068282
      vertex -105.01888144868931 2.098331820046183 440.54928745096316
    endloop
  endfacet
  facet normal 0.9691179686335437 0.1848691396703335 -0.16319854187199243
    outer loop
      vertex -105.07901470532737 2.339187322060425 440.5594379446837
      vertex -89.99747178074782 2.0293010048417184 529.7667657741658
      vertex -105.05631549689782 2.216811426105844 440.5556063183008
    endloop
  endfacet
  facet normal 0.9841799545154037 0.06191935435592942 -0.16599942977673968
    outer loop
      vertex -105.08662109390107 2.4635295669269026 440.5607219030749
      vertex -90.02017098917737 2.151676900796299 529.7705974005487
      vertex -105.07901470532737 2.339187322060425 440.5594379446837
    endloop
  endfacet
  facet normal 0.984137398991192 -0.06191667698950813 -0.16625253386769237
    outer loop
      vertex -105.07901470532734 2.587877209225279 440.5594379446837
      vertex -90.02777737775106 2.276019145662777 529.7718813589399
      vertex -105.08662109390107 2.4635295669269026 440.5607219030749
    endloop
  endfacet
  facet normal -0.9389372208528569 0.3050791965810405 0.1591338402433006
    outer loop
      vertex -88.08768450310215 2.029451720874288 529.4443936816992
      vertex -103.14652821925218 2.216962142138414 440.2332342258342
      vertex -103.18396226746069 2.098455973180487 440.23955309317176
    endloop
  endfacet
  facet normal -0.9689947876783583 0.18484564164659176 0.16395484200362279
    outer loop
      vertex -88.06498529467262 2.1518437240038355 529.4405620553163
      vertex -103.12382901082262 2.339354145267961 440.2294025994513
      vertex -103.14652821925218 2.216962142138414 440.2332342258342
    endloop
  endfacet
  facet normal -0.9841373989912058 0.06191667698928443 0.16625253386769434
    outer loop
      vertex -88.0573789060989 2.276191366302211 529.439278096925
      vertex -103.11622262224891 2.463701787566337 440.22811864106006
      vertex -103.12382901082262 2.339354145267961 440.2294025994513
    endloop
  endfacet
  facet normal 0.480239280337963 0.8735520080137531 -0.07922829618018466
    outer loop
      vertex -89.47386737261047 1.3785234497971364 529.6783813500722
      vertex -104.63886611292854 1.626018280965058 440.48514086228676
      vertex -89.58002239677853 1.4385078597009324 529.6963003181518
    endloop
  endfacet
  facet normal -0.3674596384279992 -0.9280971041778499 0.06007644582574123
    outer loop
      vertex -103.68743837990611 3.368589609378885 440.3245398609526
      vertex -88.6285946637561 3.1810791881147593 529.5356993168175
      vertex -88.74212217171001 3.2272683728425355 529.5548627601602
    endloop
  endfacet
  facet normal -0.48023928033781926 -0.8735520080138344 0.07922829618016036
    outer loop
      vertex -103.56397760322147 3.301213073528182 440.30369968184823
      vertex -88.50513388707145 3.113702652264056 529.5148591377132
      vertex -88.61128891123955 3.1736870621678523 529.5327781057928
    endloop
  endfacet
  facet normal -0.3830671594549232 -0.9215883931487435 0.06272467585132213
    outer loop
      vertex -103.67013262738955 3.3611974834319778 440.3216186499278
      vertex -88.61128891123955 3.1736870621678523 529.5327781057928
      vertex -88.6285946637561 3.1810791881147593 529.5356993168175
    endloop
  endfacet
  facet normal 0.7639460953429434 -0.6319911729123624 -0.13028246532487267
    outer loop
      vertex -89.8435496129324 2.859234898944962 529.7407837122386
      vertex -104.8251763449169 3.142771574002169 440.51659002944643
      vertex -89.7663326287669 2.9552611527380437 529.7277494853114
    endloop
  endfacet
  facet normal -0.9841373989911983 0.061916676989405214 0.16625253386769315
    outer loop
      vertex -103.12382901082262 2.339354145267961 440.2294025994513
      vertex -88.06498529467262 2.1518437240038355 529.4405620553163
      vertex -88.0573789060989 2.276191366302211 529.439278096925
    endloop
  endfacet
  facet normal -0.5850101978643153 -0.8051974596317694 0.09705729955701334
    outer loop
      vertex -88.50513388707145 3.113702652264056 529.5148591377132
      vertex -103.56397760322147 3.301213073528182 440.30369968184823
      vertex -103.46597399267503 3.228015212907879 440.287156672388
    endloop
  endfacet
  facet normal -0.48023928033791075 -0.8735520080137827 0.07922829618017574
    outer loop
      vertex -88.61128891123955 3.1736870621678523 529.5327781057928
      vertex -103.67013262738955 3.3611974834319778 440.3216186499278
      vertex -103.56397760322147 3.301213073528182 440.30369968184823
    endloop
  endfacet
  facet normal -0.24849173878153724 -0.9678114241285014 0.03991118995583114
    outer loop
      vertex -103.80096588786 3.414778794106661 440.3437033042952
      vertex -88.74212217171001 3.2272683728425355 529.5548627601602
      vertex -88.86038804979788 3.2584571470201236 529.5748260403815
    endloop
  endfacet
  facet normal -0.3830671594544819 -0.921588393148932 0.06272467585124746
    outer loop
      vertex -88.6285946637561 3.1810791881147593 529.5356993168175
      vertex -103.68743837990611 3.368589609378885 440.3245398609526
      vertex -103.67013262738955 3.3611974834319778 440.3216186499278
    endloop
  endfacet
  facet normal -0.3674596384280648 -0.9280971041778233 0.06007644582575223
    outer loop
      vertex -88.74212217171001 3.2272683728425355 529.5548627601602
      vertex -103.80096588786 3.414778794106661 440.3437033042952
      vertex -103.68743837990611 3.368589609378885 440.3245398609526
    endloop
  endfacet
  facet normal 0.24844934402310132 -0.9676463074458211 -0.04397211776749092
    outer loop
      vertex -104.2836119502021 3.445838287666369 440.4251739596186
      vertex -89.34303411213997 3.227055171712761 529.6562966957048
      vertex -104.40187782828997 3.4145655929768863 440.44513723983977
    endloop
  endfacet
  facet normal 0.12529939667424236 -0.9918468547497095 -0.023235273103186214
    outer loop
      vertex -104.16247282552628 3.461620745038185 440.4047256753733
      vertex -89.2247682340521 3.258327866402243 529.6363334154836
      vertex -104.2836119502021 3.445838287666369 440.4251739596186
    endloop
  endfacet
  facet normal 2.7555896103666787e-15 -0.9999977910747646 -0.002101867167867399
    outer loop
      vertex -104.0403708906237 3.4616640663115987 440.38411486876174
      vertex -89.10362910937626 3.274110323774059 529.6158851312383
      vertex -104.16247282552628 3.461620745038185 440.4047256753733
    endloop
  endfacet
  facet normal -0.1253104478553797 -0.9919343338559834 0.019067484783546456
    outer loop
      vertex -103.9192317659479 3.4459675682842494 440.36366658451647
      vertex -88.9815271744737 3.274153645047473 529.5952743246268
      vertex -104.0403708906237 3.4616640663115987 440.38411486876174
    endloop
  endfacet
  facet normal -0.24849173878150072 -0.9678114241285108 0.039911189955825044
    outer loop
      vertex -88.86038804979788 3.2584571470201236 529.5748260403815
      vertex -103.9192317659479 3.4459675682842494 440.36366658451647
      vertex -103.80096588786 3.414778794106661 440.3437033042952
    endloop
  endfacet
  facet normal 0.9689947876783904 -0.18484564164641926 -0.16395484200362784
    outer loop
      vertex -90.02017098917736 2.400366787961153 529.7705974005487
      vertex -105.05631549689782 2.7102692123548264 440.5556063183008
      vertex -89.99747178074782 2.522758791090701 529.7667657741658
    endloop
  endfacet
  facet normal 0.9389372208527805 -0.3050791965812818 -0.15913384024328817
    outer loop
      vertex -89.99747178074782 2.522758791090701 529.7667657741658
      vertex -105.0188814486893 2.828775381312753 440.5492874509632
      vertex -89.96003773253929 2.6412649600486273 529.7604469068282
    endloop
  endfacet
  facet normal 0.8943345178410088 -0.42084187955091584 -0.15184822229497089
    outer loop
      vertex -89.96003773253929 2.6412649600486273 529.7604469068282
      vertex -104.96730291800402 2.941526803022439 440.54058099498354
      vertex -89.90845920185404 2.7540163817583134 529.7517404508485
    endloop
  endfacet
  facet normal 0.835749123912057 -0.5303825219404601 -0.14218924818813344
    outer loop
      vertex -89.90845920185404 2.7540163817583134 529.7517404508485
      vertex -104.90239332908241 3.0467453202090877 440.52962425637355
      vertex -89.8435496129324 2.859234898944962 529.7407837122386
    endloop
  endfacet
  facet normal -0.6801403296236673 -0.7242758872919566 0.11328535256977397
    outer loop
      vertex -88.40713027652502 3.0405047916437526 529.498316128253
      vertex -103.46597399267503 3.228015212907879 440.287156672388
      vertex -103.37766737123309 3.1427582755593333 440.2722505146886
    endloop
  endfacet
  facet normal 0.6799027101081427 -0.7240228482087956 -0.11628938068123948
    outer loop
      vertex -89.7663326287669 2.9552611527380437 529.7277494853114
      vertex -104.73686972347495 3.2280911730160655 440.501683871747
      vertex -89.67802600732495 3.0405807517519396 529.7128433276121
    endloop
  endfacet
  facet normal 0.5848147548042134 -0.8049284553373298 -0.1004085870408908
    outer loop
      vertex -89.67802600732495 3.0405807517519396 529.7128433276121
      vertex -104.63886611292851 3.3013585762068662 440.48514086228676
      vertex -89.58002239677852 3.113848154942741 529.6963003181518
    endloop
  endfacet
  facet normal 0.12529939667421774 -0.9918468547497128 -0.0232352731031821
    outer loop
      vertex -89.2247682340521 3.258327866402243 529.6363334154836
      vertex -104.16247282552628 3.461620745038185 440.4047256753733
      vertex -89.10362910937626 3.274110323774059 529.6158851312383
    endloop
  endfacet
  facet normal 0.24844934402309468 -0.9676463074458228 -0.04397211776748982
    outer loop
      vertex -89.34303411213997 3.227055171712761 529.6562966957048
      vertex -104.2836119502021 3.445838287666369 440.4251739596186
      vertex -89.2247682340521 3.258327866402243 529.6363334154836
    endloop
  endfacet
  facet normal 0.3598362035822947 -0.9309065437035521 -0.06269699738733944
    outer loop
      vertex -89.36123506296579 3.2198127837816886 529.6593690162042
      vertex -104.40187782828997 3.4145655929768863 440.44513723983977
      vertex -89.34303411213997 3.227055171712761 529.6562966957048
    endloop
  endfacet
  facet normal 0.4800963847175537 -0.8732920818451596 -0.08287581774969985
    outer loop
      vertex -89.58002239677852 3.113848154942741 529.6963003181518
      vertex -104.53271108876045 3.361418312858431 440.4672218942072
      vertex -89.47386737261046 3.1739078915943053 529.6783813500722
    endloop
  endfacet
  facet normal -0.9691179686335372 -0.1848691396703684 0.16319854187199118
    outer loop
      vertex -103.12382901082262 2.5880440324328156 440.2294025994513
      vertex -88.06498529467262 2.40053361116869 529.4405620553163
      vertex -88.08768450310215 2.522909507123271 529.4443936816992
    endloop
  endfacet
  facet normal -0.9391281300305386 -0.30514122673328586 0.15788346060638814
    outer loop
      vertex -103.14652821925216 2.710419928387396 440.2332342258342
      vertex -88.08768450310215 2.522909507123271 529.4443936816992
      vertex -88.12511855131069 2.6413891131829317 529.4507125490368
    endloop
  endfacet
  facet normal -0.8945734648648768 -0.42095431948545553 0.15011920885145327
    outer loop
      vertex -103.18396226746067 2.8288995344470576 440.2395530931718
      vertex -88.12511855131069 2.6413891131829317 529.4507125490368
      vertex -88.17669708199594 2.754103935183827 529.4594190050165
    endloop
  endfacet
  facet normal -0.8360121232712133 -0.5305494264090591 0.14000369952460484
    outer loop
      vertex -103.23554079814595 2.941614356447953 440.24825954915144
      vertex -88.17669708199594 2.754103935183827 529.4594190050165
      vertex -88.24160667091756 2.8592763930504317 529.4703757436265
    endloop
  endfacet
  facet normal -0.7642079548576212 -0.6322078019425984 0.12766948302253045
    outer loop
      vertex -103.30045038706758 3.0467868143145576 440.25921628776143
      vertex -88.24160667091756 2.8592763930504317 529.4703757436265
      vertex -88.31882365508308 2.955247854295208 529.4834099705536
    endloop
  endfacet
  facet normal -0.5850101978644034 -0.8051974596317034 0.09705729955702823
    outer loop
      vertex -103.46597399267503 3.228015212907879 440.287156672388
      vertex -88.40713027652502 3.0405047916437526 529.498316128253
      vertex -88.50513388707145 3.113702652264056 529.5148591377132
    endloop
  endfacet
  facet normal -0.6801403296236338 -0.724275887291989 0.11328535256976835
    outer loop
      vertex -103.37766737123309 3.1427582755593333 440.2722505146886
      vertex -88.31882365508308 2.955247854295208 529.4834099705536
      vertex -88.40713027652502 3.0405047916437526 529.498316128253
    endloop
  endfacet
  facet normal 0.3673707462074376 -0.9278725880571701 -0.06396245119661546
    outer loop
      vertex -89.47386737261046 3.1739078915943053 529.6783813500722
      vertex -104.4200787791158 3.4073232050458144 440.4482095603392
      vertex -89.36123506296579 3.2198127837816886 529.6593690162042
    endloop
  endfacet
  facet normal 0.9389372208528027 -0.30507919658121163 -0.1591338402432917
    outer loop
      vertex -105.0188814486893 2.828775381312753 440.5492874509632
      vertex -89.99747178074782 2.522758791090701 529.7667657741658
      vertex -105.05631549689782 2.7102692123548264 440.5556063183008
    endloop
  endfacet
  facet normal -0.9841799545153964 -0.06191935435604949 0.16599942977673848
    outer loop
      vertex -103.11622262224891 2.463701787566337 440.22811864106006
      vertex -88.0573789060989 2.276191366302211 529.439278096925
      vertex -88.06498529467262 2.40053361116869 529.4405620553163
    endloop
  endfacet
  facet normal -0.12531044785536563 -0.9919343338559852 0.019067484783544093
    outer loop
      vertex -88.9815271744737 3.274153645047473 529.5952743246268
      vertex -103.9192317659479 3.4459675682842494 440.36366658451647
      vertex -88.86038804979788 3.2584571470201236 529.5748260403815
    endloop
  endfacet
  facet normal 0.9689947876784308 -0.18484564164620257 -0.1639548420036339
    outer loop
      vertex -105.05631549689782 2.7102692123548264 440.5556063183008
      vertex -90.02017098917736 2.400366787961153 529.7705974005487
      vertex -105.07901470532734 2.587877209225279 440.5594379446837
    endloop
  endfacet
  facet normal -0.7642079548576006 -0.632207801942624 0.12766948302252698
    outer loop
      vertex -88.31882365508308 2.955247854295208 529.4834099705536
      vertex -103.37766737123309 3.1427582755593333 440.2722505146886
      vertex -103.30045038706758 3.0467868143145576 440.25921628776143
    endloop
  endfacet
  facet normal 0.8943345178409231 -0.4208418795511027 -0.15184822229495712
    outer loop
      vertex -104.96730291800402 2.941526803022439 440.54058099498354
      vertex -89.96003773253929 2.6412649600486273 529.7604469068282
      vertex -105.0188814486893 2.828775381312753 440.5492874509632
    endloop
  endfacet
  facet normal 0.8357491239121241 -0.5303825219403515 -0.14218924818814438
    outer loop
      vertex -104.90239332908241 3.0467453202090877 440.52962425637355
      vertex -89.90845920185404 2.7540163817583134 529.7517404508485
      vertex -104.96730291800402 2.941526803022439 440.54058099498354
    endloop
  endfacet
  facet normal -0.9841799545154036 -0.06191935435592915 0.16599942977673982
    outer loop
      vertex -88.06498529467262 2.40053361116869 529.4405620553163
      vertex -103.12382901082262 2.5880440324328156 440.2294025994513
      vertex -103.11622262224891 2.463701787566337 440.22811864106006
    endloop
  endfacet
  facet normal -0.9691179686335301 -0.18486913967040744 0.16319854187198995
    outer loop
      vertex -88.08768450310215 2.522909507123271 529.4443936816992
      vertex -103.14652821925216 2.710419928387396 440.2332342258342
      vertex -103.12382901082262 2.5880440324328156 440.2294025994513
    endloop
  endfacet
  facet normal -0.8945734648648234 -0.4209543194855722 0.15011920885144422
    outer loop
      vertex -88.17669708199594 2.754103935183827 529.4594190050165
      vertex -103.23554079814595 2.941614356447953 440.24825954915144
      vertex -103.18396226746067 2.8288995344470576 440.2395530931718
    endloop
  endfacet
  facet normal 0.7639460953429247 -0.6319911729123858 -0.1302824653248696
    outer loop
      vertex -104.8251763449169 3.142771574002169 440.51659002944643
      vertex -89.8435496129324 2.859234898944962 529.7407837122386
      vertex -104.90239332908241 3.0467453202090877 440.52962425637355
    endloop
  endfacet
  facet normal 2.7555896103669907e-15 -0.9999977910747646 -0.002101867167867399
    outer loop
      vertex -89.10362910937626 3.274110323774059 529.6158851312383
      vertex -104.0403708906237 3.4616640663115987 440.38411486876174
      vertex -88.9815271744737 3.274153645047473 529.5952743246268
    endloop
  endfacet
  facet normal -0.8360121232712043 -0.5305494264090739 0.14000369952460326
    outer loop
      vertex -88.24160667091756 2.8592763930504317 529.4703757436265
      vertex -103.30045038706758 3.0467868143145576 440.25921628776143
      vertex -103.23554079814595 2.941614356447953 440.24825954915144
    endloop
  endfacet
  facet normal 0.3598362035820389 -0.9309065437036539 -0.06269699738729655
    outer loop
      vertex -104.40187782828997 3.4145655929768863 440.44513723983977
      vertex -89.36123506296579 3.2198127837816886 529.6593690162042
      vertex -104.4200787791158 3.4073232050458144 440.4482095603392
    endloop
  endfacet
  facet normal 0.36737074620744936 -0.9278725880571653 -0.06396245119661743
    outer loop
      vertex -104.4200787791158 3.4073232050458144 440.4482095603392
      vertex -89.47386737261046 3.1739078915943053 529.6783813500722
      vertex -104.53271108876045 3.361418312858431 440.4672218942072
    endloop
  endfacet
  facet normal 0.4800963847175894 -0.8732920818451395 -0.08287581774970576
    outer loop
      vertex -104.53271108876045 3.361418312858431 440.4672218942072
      vertex -89.58002239677852 3.113848154942741 529.6963003181518
      vertex -104.63886611292851 3.3013585762068662 440.48514086228676
    endloop
  endfacet
  facet normal 0.5848147548041943 -0.8049284553373439 -0.10040858704088765
    outer loop
      vertex -104.63886611292851 3.3013585762068662 440.48514086228676
      vertex -89.67802600732495 3.0405807517519396 529.7128433276121
      vertex -104.73686972347495 3.2280911730160655 440.501683871747
    endloop
  endfacet
  facet normal 0.679902710108124 -0.7240228482088137 -0.11628938068123637
    outer loop
      vertex -104.73686972347495 3.2280911730160655 440.501683871747
      vertex -89.7663326287669 2.9552611527380437 529.7277494853114
      vertex -104.8251763449169 3.142771574002169 440.51659002944643
    endloop
  endfacet
  facet normal -0.9391281300305855 -0.3051412267331382 0.15788346060639613
    outer loop
      vertex -88.12511855131069 2.6413891131829317 529.4507125490368
      vertex -103.18396226746067 2.8288995344470576 440.2395530931718
      vertex -103.14652821925216 2.710419928387396 440.2332342258342
    endloop
  endfacet
  facet normal -0.16644535481251008 -4.651448829821823e-14 -0.986050680168792
    outer loop
      vertex -120.02014294257198 9.060671481275794 370.68130092870615
      vertex -120.72302829730774 9.403945375690618 370.79994797658554
      vertex -119.91235877752523 9.511128438185327 370.66310696164624
    endloop
  endfacet
  facet normal -0.1664453548125736 -3.088991009992027e-14 -0.9860506801687814
    outer loop
      vertex -119.91235877752523 9.511128438185327 370.66310696164624
      vertex -119.74366843587777 9.214814822307536 370.63463203197614
      vertex -120.02014294257198 9.060671481275794 370.68130092870615
    endloop
  endfacet
  facet normal -0.16644535481249398 -1.256203322192846e-14 -0.9860506801687947
    outer loop
      vertex -120.02014294257198 9.060671481275794 370.68130092870615
      vertex -120.78542904714404 8.49679285693573 370.8104812231579
      vertex -120.72302829730774 9.403945375690618 370.79994797658554
    endloop
  endfacet
  facet normal -0.16644535481249137 -1.2696276181138585e-14 -0.9860506801687954
    outer loop
      vertex -130.09291810827594 8.052022085965167 372.381585376677
      vertex -120.72302829730774 9.403945375690618 370.79994797658554
      vertex -120.78542904714404 8.49679285693573 370.8104812231579
    endloop
  endfacet
  facet normal -0.16644535481249095 -2.202454810137614e-14 -0.9860506801687955
    outer loop
      vertex -130.09291810827594 8.052022085965167 372.381585376677
      vertex -120.78542904714404 8.49679285693573 370.8104812231579
      vertex -121.47499374740795 7.840087914303098 370.9268797445625
    endloop
  endfacet
  facet normal -0.16644535481248837 2.6243635097335356e-14 -0.9860506801687957
    outer loop
      vertex -174.22308720241773 1.1436719170543266 379.83075791976813
      vertex -174.201377597628 -0.43782872625935815 379.8270933384796
      vertex -177.3221465909541 0.7408600844719381 380.35387914455305
    endloop
  endfacet
  facet normal -0.16644535481249065 -1.0243238940705286e-14 -0.9860506801687954
    outer loop
      vertex -130.09291810827594 8.052022085965167 372.381585376677
      vertex -121.47499374740795 7.840087914303098 370.9268797445625
      vertex -122.07796219611457 7.100913282619723 371.02866081870417
    endloop
  endfacet
  facet normal -0.16644535481248324 5.3951221332342834e-14 -0.9860506801687967
    outer loop
      vertex -122.07796219611457 7.100913282619723 371.02866081870417
      vertex -122.58482522063188 6.290926187388773 371.11421929724264
      vertex -130.09291810827594 8.052022085965167 372.381585376677
    endloop
  endfacet
  facet normal -0.16644535481249312 1.064965192459665e-14 -0.986050680168795
    outer loop
      vertex -122.58482522063188 6.290926187388773 371.11421929724264
      vertex -122.98758928827802 5.4229006089648815 371.1822058718613
      vertex -130.09291810827594 8.052022085965167 372.381585376677
    endloop
  endfacet
  facet normal -0.1664453548125245 -7.666361398105468e-14 -0.9860506801687897
    outer loop
      vertex -122.98758928827802 5.4229006089648815 371.1822058718613
      vertex -123.27990256910653 4.510525829253128 371.23154835366523
      vertex -130.09291810827594 8.052022085965167 372.381585376677
    endloop
  endfacet
  facet normal -0.16644535481249018 -8.803233857566865e-15 -0.9860506801687955
    outer loop
      vertex -123.27990256910653 4.510525829253128 371.23154835366523
      vertex -123.4571551080593 3.568190543555858 371.26146858224047
      vertex -130.09291810827594 8.052022085965167 372.381585376677
    endloop
  endfacet
  facet normal -0.1664453548124856 3.089429663804299e-14 -0.9860506801687964
    outer loop
      vertex -123.51655152671151 2.610755942252323 371.27149469770893
      vertex -139.0584085695609 6.677160933646664 373.8949601665419
      vertex -123.4571551080593 3.568190543555858 371.26146858224047
    endloop
  endfacet
  facet normal -0.16644535481248135 -5.2741562038357554e-14 -0.986050680168797
    outer loop
      vertex -129.12203913094876 -3.9236151036988405 372.2177010053042
      vertex -122.58482522063188 -1.0694143028841272 371.11421929724264
      vertex -122.07796219611457 -1.8794013981150761 371.02866081870417
    endloop
  endfacet
  facet normal -0.16644535481249137 7.865040951975204e-15 -0.9860506801687954
    outer loop
      vertex -168.77412505739676 -0.8169332113799416 378.9109731096886
      vertex -168.83341809983798 1.926634891272103 378.9209817752527
      vertex -162.38064718222847 -1.3074156640514691 377.8317540443602
    endloop
  endfacet
  facet normal -0.1664453548125018 2.272727617485732e-14 -0.9860506801687936
    outer loop
      vertex -123.27990256910653 0.7109860552515179 371.2315483536652
      vertex -122.98758928827802 -0.20138872446023545 371.1822058718613
      vertex -138.39084206784287 -3.2237507207759832 373.7822749410519
    endloop
  endfacet
  facet normal -0.16644535481248238 2.6328806382279562e-14 -0.9860506801687968
    outer loop
      vertex -174.201377597628 -0.43782872625935815 379.8270933384796
      vertex -174.22308720241773 1.1436719170543266 379.83075791976813
      vertex -168.77412505739676 -0.8169332113799416 378.9109731096886
    endloop
  endfacet
  facet normal -0.1664453548124888 7.921761129581707e-15 -0.9860506801687957
    outer loop
      vertex -168.83341809983798 1.926634891272103 378.9209817752527
      vertex -168.77412505739676 -0.8169332113799416 378.9109731096886
      vertex -174.22308720241773 1.1436719170543266 379.83075791976813
    endloop
  endfacet
  facet normal -0.16644535481249803 0 -0.9860506801687942
    outer loop
      vertex -174.201377597628 -0.43782872625935815 379.8270933384796
      vertex -177.3221465909541 -0.25644349007624684 380.35387914455305
      vertex -177.3221465909541 0.7408600844719381 380.35387914455305
    endloop
  endfacet
  facet normal -0.16644535481249503 -3.4440138630943715e-16 -0.9860506801687946
    outer loop
      vertex -155.12302021833798 -1.8912762484586672 376.60666661285546
      vertex -162.38064718222847 -1.3074156640514691 377.8317540443602
      vertex -162.5132986385528 2.9078217922257688 377.85414561018774
    endloop
  endfacet
  facet normal -0.16644535481249534 -3.5985553855649406e-16 -0.9860506801687946
    outer loop
      vertex -162.5132986385528 2.9078217922257688 377.85414561018774
      vertex -162.38064718222847 -1.3074156640514691 377.8317540443602
      vertex -168.83341809983798 1.926634891272103 378.9209817752527
    endloop
  endfacet
  facet normal -0.16644535481249714 -3.6639432320633575e-15 -0.9860506801687943
    outer loop
      vertex -155.12302021833798 -1.8912762484586672 376.60666661285546
      vertex -162.5132986385528 2.9078217922257688 377.85414561018774
      vertex -155.3709913031336 4.0552334136625845 376.64852413196894
    endloop
  endfacet
  facet normal -0.16644535481248723 -3.471515990116269e-14 -0.986050680168796
    outer loop
      vertex -138.39084206784287 -3.2237507207759832 373.7822749410519
      vertex -147.09355268110357 -2.5381568310770994 375.25129249257026
      vertex -123.27990256910653 0.7109860552515179 371.2315483536652
    endloop
  endfacet
  facet normal -0.16644535481249337 -2.131122378588233e-14 -0.9860506801687949
    outer loop
      vertex -129.12203913094876 -3.9236151036988405 372.2177010053042
      vertex -138.39084206784287 -3.2237507207759832 373.7822749410519
      vertex -122.98758928827802 -0.20138872446023545 371.1822058718613
    endloop
  endfacet
  facet normal -0.1664453548124946 3.106264936843439e-14 -0.9860506801687947
    outer loop
      vertex -147.09355268110357 -2.5381568310770994 375.25129249257026
      vertex -155.12302021833798 -1.8912762484586672 376.60666661285546
      vertex -123.4571551080593 1.6533213409487884 371.26146858224047
    endloop
  endfacet
  facet normal -0.16644535481249156 3.613236775130569e-15 -0.9860506801687953
    outer loop
      vertex -123.4571551080593 1.6533213409487884 371.26146858224047
      vertex -155.12302021833798 -1.8912762484586672 376.60666661285546
      vertex -147.51701393141732 5.328589474649766 375.3227727516233
    endloop
  endfacet
  facet normal -0.16644535481250064 6.627482672018338e-14 -0.9860506801687938
    outer loop
      vertex -123.4571551080593 1.6533213409487884 371.26146858224047
      vertex -123.27990256910653 0.7109860552515179 371.2315483536652
      vertex -147.09355268110357 -2.5381568310770994 375.25129249257026
    endloop
  endfacet
  facet normal -0.16644535481249842 -1.898041365426207e-15 -0.9860506801687943
    outer loop
      vertex -120.02014294257198 -3.8391595967711463 370.68130092870615
      vertex -120.06198383558484 -4.552440978283707 370.6883636714467
      vertex -129.12203913094876 -3.9236151036988405 372.2177010053042
    endloop
  endfacet
  facet normal -0.166445354812499 1.3421318551785868e-14 -0.986050680168794
    outer loop
      vertex -121.47499374740795 -2.6185760297984513 370.9268797445625
      vertex -120.78542904714404 -3.275280972431085 370.8104812231579
      vertex -129.12203913094876 -3.9236151036988405 372.2177010053042
    endloop
  endfacet
  facet normal -0.16644535481256426 2.0745997754082303e-15 -0.9860506801687831
    outer loop
      vertex -120.02014294257198 -3.8391595967711463 370.68130092870615
      vertex -119.74366843587772 -3.9933029378029024 370.63463203197614
      vertex -120.06198383558484 -4.552440978283707 370.6883636714467
    endloop
  endfacet
  facet normal -0.16644535481249847 6.2773050990071676e-15 -0.986050680168794
    outer loop
      vertex -120.78542904714404 -3.275280972431085 370.8104812231579
      vertex -120.02014294257198 -3.8391595967711463 370.68130092870615
      vertex -129.12203913094876 -3.9236151036988405 372.2177010053042
    endloop
  endfacet
  facet normal -0.1664453548124975 4.352152185704667e-15 -0.9860506801687943
    outer loop
      vertex -129.12203913094876 -3.9236151036988405 372.2177010053042
      vertex -122.07796219611457 -1.8794013981150761 371.02866081870417
      vertex -121.47499374740795 -2.6185760297984513 370.9268797445625
    endloop
  endfacet
  facet normal -0.16644535481249456 -1.541237900030726e-14 -0.9860506801687948
    outer loop
      vertex -123.4571551080593 3.568190543555858 371.26146858224047
      vertex -139.0584085695609 6.677160933646664 373.8949601665419
      vertex -130.09291810827594 8.052022085965167 372.381585376677
    endloop
  endfacet
  facet normal -0.16644535481249323 7.594173968063673e-16 -0.9860506801687949
    outer loop
      vertex -123.51655152671151 2.610755942252323 371.27149469770893
      vertex -147.51701393141732 5.328589474649766 375.3227727516233
      vertex -139.0584085695609 6.677160933646664 373.8949601665419
    endloop
  endfacet
  facet normal -0.16644535481249678 -3.161033015309845e-14 -0.9860506801687945
    outer loop
      vertex -123.51655152671151 2.610755942252323 371.27149469770893
      vertex -123.4571551080593 1.6533213409487884 371.26146858224047
      vertex -147.51701393141732 5.328589474649766 375.3227727516233
    endloop
  endfacet
  facet normal -0.16644535481248532 -3.1547916545260585e-15 -0.9860506801687964
    outer loop
      vertex -155.12302021833798 -1.8912762484586672 376.60666661285546
      vertex -155.3709913031336 4.0552334136625845 376.64852413196894
      vertex -147.51701393141732 5.328589474649766 375.3227727516233
    endloop
  endfacet
  facet normal -0.16644535481249823 -1.3082536934950077e-14 -0.9860506801687942
    outer loop
      vertex -122.98758928827802 -0.20138872446023545 371.1822058718613
      vertex -122.58482522063188 -1.0694143028841272 371.11421929724264
      vertex -129.12203913094876 -3.9236151036988405 372.2177010053042
    endloop
  endfacet
  facet normal 0.9368857614122256 0.30901256941972394 -0.16357353699072064
    outer loop
      vertex -123.27990256910653 0.7109860552515179 371.2315483536652
      vertex -110.98844952438483 0.67114117636543 441.5569505421406
      vertex -122.98758928827802 -0.20138872446023545 371.1822058718613
    endloop
  endfacet
  facet normal 0.8910429768048838 -0.4257692806470592 -0.15736242608697046
    outer loop
      vertex -122.58482522063188 6.290926187388773 371.11421929724264
      vertex -110.33232550356253 5.938371885983875 441.4461968074258
      vertex -122.98758928827802 5.4229006089648815 371.1822058718613
    endloop
  endfacet
  facet normal 0.9830689835671734 -0.06278934613181632 -0.17214200986552827
    outer loop
      vertex -123.51655152671151 2.610755942252323 371.27149469770893
      vertex -111.15576852681514 3.368223020985853 441.58519398975085
      vertex -111.21183626821693 2.464444698098065 441.5946582244995
    endloop
  endfacet
  facet normal 0.9368857614122248 0.3090125694197265 -0.1635735369907205
    outer loop
      vertex -122.98758928827802 -0.20138872446023545 371.1822058718613
      vertex -110.98844952438483 0.67114117636543 441.5569505421406
      vertex -110.71251798154594 -0.1901025546741022 441.5103732977094
    endloop
  endfacet
  facet normal 0.9675053091518847 -0.1873775142926895 -0.16977380216160798
    outer loop
      vertex -123.4571551080593 3.568190543555858 371.26146858224047
      vertex -110.98844952438483 4.2577482198307 441.5569505421406
      vertex -111.15576852681514 3.368223020985853 441.58519398975085
    endloop
  endfacet
  facet normal 0.8317268167713262 0.5358203972233214 -0.1453513129726685
    outer loop
      vertex -122.07796219611457 -1.8794013981150761 371.02866081870417
      vertex -110.33232550356253 -1.0094824897877452 441.4461968074258
      vertex -109.85386795292834 -1.7740765179249185 441.36543317287874
    endloop
  endfacet
  facet normal 0.9366678387684951 -0.3090102269860325 -0.1648212347811928
    outer loop
      vertex -123.27990256910653 4.510525829253128 371.23154835366523
      vertex -122.98758928827802 5.4229006089648815 371.1822058718613
      vertex -110.71251798154594 5.118991950870232 441.5103732977094
    endloop
  endfacet
  facet normal 0.8913427655137602 0.42577372769093935 -0.15564320471656828
    outer loop
      vertex -122.98758928827802 -0.20138872446023545 371.1822058718613
      vertex -110.71251798154594 -0.1901025546741022 441.5103732977094
      vertex -122.58482522063188 -1.0694143028841272 371.11421929724264
    endloop
  endfacet
  facet normal 0.9366678387684976 -0.3090102269860245 -0.1648212347811933
    outer loop
      vertex -123.27990256910653 4.510525829253128 371.23154835366523
      vertex -110.71251798154594 5.118991950870232 441.5103732977094
      vertex -110.98844952438483 4.2577482198307 441.5569505421406
    endloop
  endfacet
  facet normal 0.8910429768048961 -0.4257692806470323 -0.15736242608697287
    outer loop
      vertex -122.98758928827802 5.4229006089648815 371.1822058718613
      vertex -110.33232550356253 5.938371885983875 441.4461968074258
      vertex -110.71251798154594 5.118991950870232 441.5103732977094
    endloop
  endfacet
  facet normal 0.9831133355724261 0.06278944284620291 -0.17188849666781514
    outer loop
      vertex -123.51655152671151 2.610755942252323 371.27149469770893
      vertex -111.21183626821693 2.464444698098065 441.5946582244995
      vertex -123.4571551080593 1.6533213409487884 371.26146858224047
    endloop
  endfacet
  facet normal 0.9676375943631649 0.18737837559437887 -0.16901724863066192
    outer loop
      vertex -123.4571551080593 1.6533213409487884 371.26146858224047
      vertex -111.15576852681514 1.560666375210277 441.58519398975085
      vertex -123.27990256910653 0.7109860552515179 371.2315483536652
    endloop
  endfacet
  facet normal 0.8913427655137726 0.4257737276909128 -0.15564320471657003
    outer loop
      vertex -122.58482522063188 -1.0694143028841272 371.11421929724264
      vertex -110.71251798154594 -0.1901025546741022 441.5103732977094
      vertex -110.33232550356253 -1.0094824897877452 441.4461968074258
    endloop
  endfacet
  facet normal 0.7589780801915091 0.6374170136746006 -0.13286016885043161
    outer loop
      vertex -121.47499374740795 -2.6185760297984513 370.9268797445625
      vertex -109.85386795292834 -1.7740765179249185 441.36543317287874
      vertex -109.28469089103359 -2.471826534515563 441.2693560848309
    endloop
  endfacet
  facet normal 0.9675053091518897 -0.18737751429266292 -0.16977380216160912
    outer loop
      vertex -123.27990256910653 4.510525829253128 371.23154835366523
      vertex -110.98844952438483 4.2577482198307 441.5569505421406
      vertex -123.4571551080593 3.568190543555858 371.26146858224047
    endloop
  endfacet
  facet normal 0.9830689835671719 -0.06278934613183827 -0.17214200986552775
    outer loop
      vertex -123.4571551080593 3.568190543555858 371.26146858224047
      vertex -111.15576852681514 3.368223020985853 441.58519398975085
      vertex -123.51655152671151 2.610755942252323 371.27149469770893
    endloop
  endfacet
  facet normal 0.5788604429872196 0.8090094213776358 -0.10209967515552107
    outer loop
      vertex -120.02014294257198 -3.8391595967711463 370.68130092870615
      vertex -108.63377058015425 -3.0917286049823898 441.15948073635445
      vertex -107.91137242243381 -3.6240065033625943 441.03753992733124
    endloop
  endfacet
  facet normal 0.4743321442146055 0.8762989917157278 -0.08431544391612648
    outer loop
      vertex -119.74366843587772 -3.9933029378029024 370.63463203197614
      vertex -107.91137242243381 -3.6240065033625943 441.03753992733124
      vertex -107.65039202164074 -3.769511386988411 440.99348643567737
    endloop
  endfacet
  facet normal 0.8537739289281688 -0.4999997374832178 -0.1451562633828501
    outer loop
      vertex -107.65039202164074 -3.769511386988411 440.99348643567737
      vertex -107.94924314970542 -4.294459392316799 441.04393250609473
      vertex -119.74366843587772 -3.9933029378029024 370.63463203197614
    endloop
  endfacet
  facet normal 0.674243847733787 0.7289612764859006 -0.11836676550951408
    outer loop
      vertex -120.78542904714404 -3.275280972431085 370.8104812231579
      vertex -109.28469089103359 -2.471826534515563 441.2693560848309
      vertex -108.63377058015425 -3.0917286049823898 441.15948073635445
    endloop
  endfacet
  facet normal 0.7589780801915058 0.6374170136746045 -0.13286016885043112
    outer loop
      vertex -122.07796219611457 -1.8794013981150761 371.02866081870417
      vertex -109.85386795292834 -1.7740765179249185 441.36543317287874
      vertex -121.47499374740795 -2.6185760297984513 370.9268797445625
    endloop
  endfacet
  facet normal 0.6742438477337862 0.7289612764859011 -0.11836676550951397
    outer loop
      vertex -121.47499374740795 -2.6185760297984513 370.9268797445625
      vertex -109.28469089103359 -2.471826534515563 441.2693560848309
      vertex -120.78542904714404 -3.275280972431085 370.8104812231579
    endloop
  endfacet
  facet normal 0.5788604429872247 0.8090094213776321 -0.10209967515552185
    outer loop
      vertex -120.78542904714404 -3.275280972431085 370.8104812231579
      vertex -108.63377058015425 -3.0917286049823898 441.15948073635445
      vertex -120.02014294257198 -3.8391595967711463 370.68130092870615
    endloop
  endfacet
  facet normal 0.4743321442145855 0.8762989917157391 -0.08431544391612321
    outer loop
      vertex -120.02014294257198 -3.8391595967711463 370.68130092870615
      vertex -107.91137242243381 -3.6240065033625943 441.03753992733124
      vertex -119.74366843587772 -3.9933029378029024 370.63463203197614
    endloop
  endfacet
  facet normal 0.8537739289281785 -0.4999997374832011 -0.14515626338285165
    outer loop
      vertex -107.94924314970542 -4.294459392316799 441.04393250609473
      vertex -120.06198383558484 -4.552440978283707 370.6883636714467
      vertex -119.74366843587772 -3.9933029378029024 370.63463203197614
    endloop
  endfacet
  facet normal 0.8317268167713412 0.5358203972232978 -0.14535131297267073
    outer loop
      vertex -122.58482522063188 -1.0694143028841272 371.11421929724264
      vertex -110.33232550356253 -1.0094824897877452 441.4461968074258
      vertex -122.07796219611457 -1.8794013981150761 371.02866081870417
    endloop
  endfacet
  facet normal 0.831350328454092 -0.535813354333219 -0.14751501854881727
    outer loop
      vertex -122.07796219611457 7.100913282619723 371.02866081870417
      vertex -109.85386795292834 6.702965914121048 441.36543317287874
      vertex -122.58482522063188 6.290926187388773 371.11421929724264
    endloop
  endfacet
  facet normal 0.8541150512625142 0.49999973748318405 -0.1431353964733387
    outer loop
      vertex -107.65039202164073 8.698400783184548 440.9934864356774
      vertex -119.74366843587777 9.214814822307536 370.63463203197614
      vertex -107.80636926537062 8.972383161979216 441.019815394419
    endloop
  endfacet
  facet normal 0.47372411012232035 -0.8762801546616503 -0.08785532445429718
    outer loop
      vertex -120.02014294257198 9.060671481275794 370.68130092870615
      vertex -107.65039202164073 8.698400783184548 440.9934864356774
      vertex -107.91137242243381 8.552895899558724 441.03753992733124
    endloop
  endfacet
  facet normal 0.5782970234925758 -0.8089933661547446 -0.10536738649716462
    outer loop
      vertex -120.78542904714404 8.49679285693573 370.8104812231579
      vertex -107.91137242243381 8.552895899558724 441.03753992733124
      vertex -108.63377058015425 8.020618001178521 441.15948073635445
    endloop
  endfacet
  facet normal 0.6737344696341387 -0.7289482412449632 -0.12131086518808223
    outer loop
      vertex -121.47499374740795 7.840087914303098 370.9268797445625
      vertex -108.63377058015425 8.020618001178521 441.15948073635445
      vertex -109.28469089103359 7.400715930711694 441.2693560848309
    endloop
  endfacet
  facet normal 0.7585313447704073 -0.6374070468104742 -0.13543432237489647
    outer loop
      vertex -122.07796219611457 7.100913282619723 371.02866081870417
      vertex -109.28469089103359 7.400715930711694 441.2693560848309
      vertex -109.85386795292834 6.702965914121048 441.36543317287874
    endloop
  endfacet
  facet normal 0.8313503284540767 -0.5358133543332433 -0.14751501854881438
    outer loop
      vertex -122.58482522063188 6.290926187388773 371.11421929724264
      vertex -109.85386795292834 6.702965914121048 441.36543317287874
      vertex -110.33232550356253 5.938371885983875 441.4461968074258
    endloop
  endfacet
  facet normal 0.8541150512625081 0.4999997374831949 -0.14313539647333762
    outer loop
      vertex -119.74366843587777 9.214814822307536 370.63463203197614
      vertex -119.91235877752523 9.511128438185327 370.66310696164624
      vertex -107.80636926537062 8.972383161979216 441.019815394419
    endloop
  endfacet
  facet normal 0.4737241101223089 -0.8762801546616568 -0.0878553244542952
    outer loop
      vertex -119.74366843587777 9.214814822307536 370.63463203197614
      vertex -107.65039202164073 8.698400783184548 440.9934864356774
      vertex -120.02014294257198 9.060671481275794 370.68130092870615
    endloop
  endfacet
  facet normal 0.5782970234925833 -0.8089933661547388 -0.105367386497166
    outer loop
      vertex -120.02014294257198 9.060671481275794 370.68130092870615
      vertex -107.91137242243381 8.552895899558724 441.03753992733124
      vertex -120.78542904714404 8.49679285693573 370.8104812231579
    endloop
  endfacet
  facet normal 0.7585313447704031 -0.6374070468104795 -0.13543432237489567
    outer loop
      vertex -121.47499374740795 7.840087914303098 370.9268797445625
      vertex -109.28469089103359 7.400715930711694 441.2693560848309
      vertex -122.07796219611457 7.100913282619723 371.02866081870417
    endloop
  endfacet
  facet normal 0.6737344696341375 -0.7289482412449642 -0.12131086518808203
    outer loop
      vertex -120.78542904714404 8.49679285693573 370.8104812231579
      vertex -108.63377058015425 8.020618001178521 441.15948073635445
      vertex -121.47499374740795 7.840087914303098 370.9268797445625
    endloop
  endfacet
  facet normal 0.9831133355724275 0.06278944284618268 -0.1718884966678151
    outer loop
      vertex -123.4571551080593 1.6533213409487884 371.26146858224047
      vertex -111.21183626821693 2.464444698098065 441.5946582244995
      vertex -111.15576852681514 1.560666375210277 441.58519398975085
    endloop
  endfacet
  facet normal 0.9676375943631617 0.18737837559439555 -0.1690172486306616
    outer loop
      vertex -123.27990256910653 0.7109860552515179 371.2315483536652
      vertex -111.15576852681514 1.560666375210277 441.58519398975085
      vertex -110.98844952438483 0.67114117636543 441.5569505421406
    endloop
  endfacet
  facet normal -0.16644535481220563 1.8567187433536798e-13 -0.9860506801688435
    outer loop
      vertex -104.2836119502021 3.445838287666369 440.4251739596186
      vertex -104.40187782828997 3.4145655929768863 440.44513723983977
      vertex -107.54702395862427 8.51682924672572 440.9760379066402
    endloop
  endfacet
  facet normal -0.1664453548126412 0 -0.98605068016877
    outer loop
      vertex -97.2525415971622 3.341899380513393 439.23832928402544
      vertex -97.41498723058966 0.7233733177751158 439.265750106948
      vertex -97.41498723058966 4.205516078421014 439.265750106948
    endloop
  endfacet
  facet normal -0.16644535481249353 -6.129413126207638e-15 -0.9860506801687949
    outer loop
      vertex -103.9192317659479 3.4459675682842494 440.36366658451647
      vertex -104.0403708906237 3.4616640663115987 440.38411486876174
      vertex -98.05200084303853 5.837189540705648 439.37327800472934
    endloop
  endfacet
  facet normal -0.166445354812517 5.46335226409626e-14 -0.9860506801687909
    outer loop
      vertex -104.0403708906237 3.4616640663115987 440.38411486876174
      vertex -104.16247282552628 3.461620745038185 440.4047256753733
      vertex -98.05200084303853 5.837189540705648 439.37327800472934
    endloop
  endfacet
  facet normal -0.16644535481246245 -8.968507744448454e-14 -0.9860506801688002
    outer loop
      vertex -104.16247282552628 3.461620745038185 440.4047256753733
      vertex -104.2836119502021 3.445838287666369 440.4251739596186
      vertex -98.05200084303853 5.837189540705648 439.37327800472934
    endloop
  endfacet
  facet normal -0.1664453548136561 -7.338973491911875e-13 -0.9860506801685986
    outer loop
      vertex -104.40187782828997 3.4145655929768863 440.44513723983977
      vertex -104.4200787791158 3.4073232050458144 440.4482095603392
      vertex -107.54702395862427 8.51682924672572 440.9760379066402
    endloop
  endfacet
  facet normal -0.16644535481260334 -7.127212902398144e-14 -0.9860506801687764
    outer loop
      vertex -104.4200787791158 3.4073232050458144 440.4482095603392
      vertex -104.53271108876045 3.361418312858431 440.4672218942072
      vertex -107.54702395862427 8.51682924672572 440.9760379066402
    endloop
  endfacet
  facet normal 0.9850953956084153 0.062789366874129 -0.1601391799612008
    outer loop
      vertex -82.71941150445116 3.0853783193225994 528.5382291995269
      vertex -97.1981068967721 2.464444698098065 439.2291407065996
      vertex -97.2525415971622 3.341899380513393 439.23832928402544
    endloop
  endfacet
  facet normal 0.9696175533773492 0.18737757268036043 -0.15726234590307878
    outer loop
      vertex -97.2525415971622 3.341899380513393 439.23832928402544
      vertex -97.41498723058966 4.205516078421014 439.265750106948
      vertex -82.86938796345774 3.8827046097149234 528.5635452258072
    endloop
  endfacet
  facet normal 0.938863872520093 0.3090103168271437 -0.15181321737899794
    outer loop
      vertex -97.41498723058966 4.205516078421014 439.265750106948
      vertex -97.682881932375 5.041675040595311 439.31097073260935
      vertex -83.11671931926382 4.65468079440889 528.6052947586672
    endloop
  endfacet
  facet normal -0.1664453548122117 1.6424350672243998e-13 -0.9860506801688426
    outer loop
      vertex -104.53271108876045 3.361418312858431 440.4672218942072
      vertex -104.63886611292851 3.3013585762068662 440.48514086228676
      vertex -107.54702395862427 8.51682924672572 440.9760379066402
    endloop
  endfacet
  facet normal -0.1664453548124683 1.7071993663819116e-14 -0.9860506801687993
    outer loop
      vertex -104.63886611292851 3.3013585762068662 440.48514086228676
      vertex -104.73686972347495 3.2280911730160655 440.501683871747
      vertex -107.54702395862427 8.51682924672572 440.9760379066402
    endloop
  endfacet
  facet normal 0.8933194373708092 0.42576939489002325 -0.1438777439025388
    outer loop
      vertex -97.682881932375 5.041675040595311 439.31097073260935
      vertex -98.05200084303853 5.837189540705648 439.37327800472934
      vertex -83.45750500863974 5.389132347815662 528.6628193830339
    endloop
  endfacet
  facet normal -0.16644535481279985 -1.6410390330663678e-13 -0.9860506801687433
    outer loop
      vertex -104.73686972347495 3.2280911730160655 440.501683871747
      vertex -104.8251763449169 3.142771574002169 440.51659002944643
      vertex -107.54702395862427 8.51682924672572 440.9760379066402
    endloop
  endfacet
  facet normal -0.16644535481232903 8.114366605231485e-14 -0.9860506801688228
    outer loop
      vertex -104.8251763449169 3.142771574002169 440.51659002944643
      vertex -104.90239332908241 3.0467453202090877 440.52962425637355
      vertex -107.54702395862427 8.51682924672572 440.9760379066402
    endloop
  endfacet
  facet normal -0.16644535481268807 -9.738238296435017e-14 -0.9860506801687621
    outer loop
      vertex -104.90239332908241 3.0467453202090877 440.52962425637355
      vertex -104.96730291800402 2.941526803022439 440.54058099498354
      vertex -107.54702395862427 8.51682924672572 440.9760379066402
    endloop
  endfacet
  facet normal -0.16644535481251194 -1.3567497425038701e-14 -0.9860506801687918
    outer loop
      vertex -104.96730291800402 2.941526803022439 440.54058099498354
      vertex -105.0188814486893 2.828775381312753 440.5492874509632
      vertex -107.54702395862427 8.51682924672572 440.9760379066402
    endloop
  endfacet
  facet normal -0.16644535481247205 4.6724048849115425e-15 -0.9860506801687986
    outer loop
      vertex -105.0188814486893 2.828775381312753 440.5492874509632
      vertex -105.05631549689782 2.7102692123548264 440.5556063183008
      vertex -107.54702395862427 8.51682924672572 440.9760379066402
    endloop
  endfacet
  facet normal -0.1664453548119737 2.2452236996566875e-13 -0.9860506801688826
    outer loop
      vertex -105.05631549689782 2.7102692123548264 440.5556063183008
      vertex -105.07901470532734 2.587877209225279 440.5594379446837
      vertex -107.54702395862427 8.51682924672572 440.9760379066402
    endloop
  endfacet
  facet normal -0.16644535481241093 3.7324142548434237e-14 -0.9860506801688089
    outer loop
      vertex -105.07901470532734 2.587877209225279 440.5594379446837
      vertex -105.08662109390107 2.4635295669269026 440.5607219030749
      vertex -107.54702395862427 8.51682924672572 440.9760379066402
    endloop
  endfacet
  facet normal -0.16644535481241696 0 -0.9860506801688079
    outer loop
      vertex -107.54702395862427 -3.587939850529592 440.9760379066402
      vertex -107.91137242243381 -3.6240065033625943 441.03753992733124
      vertex -107.54702395862427 8.51682924672572 440.9760379066402
    endloop
  endfacet
  facet normal 0.1664453548124756 1.3832977494329628e-14 0.9860506801687979
    outer loop
      vertex -101.33913242403973 7.017698019154232 531.6812380907535
      vertex -109.15295906027951 5.819444924188814 533.0002120269506
      vertex -108.57114494368315 -2.809643193461866 532.9020018040693
    endloop
  endfacet
  facet normal 0.16644535481249786 7.833930126690128e-15 0.9860506801687943
    outer loop
      vertex -109.15295906027951 5.819444924188814 533.0002120269506
      vertex -116.52501262135615 4.644104474864144 534.2446146680604
      vertex -116.15594716850609 -2.2121174005221915 534.1823164196194
    endloop
  endfacet
  facet normal -0.16644535481247538 -3.5479844620401703e-15 -0.986050680168798
    outer loop
      vertex -107.54702395862427 8.51682924672572 440.9760379066402
      vertex -109.28469089103359 -2.471826534515563 441.2693560848309
      vertex -109.85386795292834 -1.7740765179249185 441.36543317287874
    endloop
  endfacet
  facet normal -0.16644535481253322 5.859487478302818e-15 -0.9860506801687884
    outer loop
      vertex -107.54702395862427 8.51682924672572 440.9760379066402
      vertex -108.63377058015425 -3.0917286049823898 441.15948073635445
      vertex -109.28469089103359 -2.471826534515563 441.2693560848309
    endloop
  endfacet
  facet normal -0.16644535481242767 1.1119055182734674e-13 -0.986050680168806
    outer loop
      vertex -107.54702395862427 -3.587939850529592 440.9760379066402
      vertex -107.65039202164074 -3.769511386988411 440.99348643567737
      vertex -107.91137242243381 -3.6240065033625943 441.03753992733124
    endloop
  endfacet
  facet normal -0.1664453548125347 -8.554415855226765e-14 -0.9860506801687882
    outer loop
      vertex -107.54702395862427 -3.587939850529592 440.9760379066402
      vertex -106.2346634986404 -4.19387703934147 440.75451146099493
      vertex -107.04071041174909 -3.8702257750372464 440.8905721799277
    endloop
  endfacet
  facet normal -0.16644535481246478 -5.2460038383926944e-14 -0.9860506801687998
    outer loop
      vertex -104.18182783700064 9.451603659298367 440.4079928013102
      vertex -103.66795912518029 9.451603659298367 440.3212517627549
      vertex -105.7866712526762 9.239418511196673 440.67889036987617
    endloop
  endfacet
  facet normal -0.16644535481243378 1.3939727118545518e-13 -0.9860506801688051
    outer loop
      vertex -105.39497409052322 -4.412522592357663 440.6127718889048
      vertex -106.2346634986404 -4.19387703934147 440.75451146099493
      vertex -107.54702395862427 -3.587939850529592 440.9760379066402
    endloop
  endfacet
  facet normal -0.1664453548124945 5.01393544783777e-14 -0.9860506801687948
    outer loop
      vertex -107.54702395862427 8.51682924672572 440.9760379066402
      vertex -103.66795912518029 9.451603659298367 440.3212517627549
      vertex -102.80786962562675 9.341411988553794 440.17606865523027
    endloop
  endfacet
  facet normal -0.16644535481250414 1.0709309663510782e-13 -0.9860506801687932
    outer loop
      vertex -101.96818021750956 9.1227664355376 440.03432908314005
      vertex -107.54702395862427 8.51682924672572 440.9760379066402
      vertex -102.80786962562675 9.341411988553794 440.17606865523027
    endloop
  endfacet
  facet normal -0.16644535481249398 -5.189691376434769e-15 -0.9860506801687948
    outer loop
      vertex -104.2836119502021 3.445838287666369 440.4251739596186
      vertex -107.54702395862427 8.51682924672572 440.9760379066402
      vertex -98.05200084303853 5.837189540705648 439.37327800472934
    endloop
  endfacet
  facet normal -0.16644535481248082 -1.1329068098608044e-13 -0.986050680168797
    outer loop
      vertex -101.16213330440088 8.799115171233376 439.89826836420735
      vertex -107.54702395862427 8.51682924672572 440.9760379066402
      vertex -101.96818021750956 9.1227664355376 440.03432908314005
    endloop
  endfacet
  facet normal 0.1664453548125016 -1.2182898781451459e-14 0.9860506801687936
    outer loop
      vertex -129.59494665287997 2.534296977019564 536.4508195325817
      vertex -135.10321393664546 1.6791486307123074 537.3806150500814
      vertex -129.47933496523848 -1.139471330042363 536.4313042797078
    endloop
  endfacet
  facet normal -0.16644535481249845 2.5149025213350878e-15 -0.9860506801687942
    outer loop
      vertex -107.91137242243381 -3.6240065033625943 441.03753992733124
      vertex -108.63377058015425 -3.0917286049823898 441.15948073635445
      vertex -107.54702395862427 8.51682924672572 440.9760379066402
    endloop
  endfacet
  facet normal -0.16644535481246076 -9.382604832372084e-14 -0.9860506801688005
    outer loop
      vertex -107.54702395862427 8.51682924672572 440.9760379066402
      vertex -105.7866712526762 9.239418511196673 440.67889036987617
      vertex -103.66795912518029 9.451603659298367 440.3212517627549
    endloop
  endfacet
  facet normal -0.16644535481248868 6.923703881785548e-14 -0.9860506801687957
    outer loop
      vertex -100.4024407276295 8.37556236941909 439.7700322572483
      vertex -107.54702395862427 8.51682924672572 440.9760379066402
      vertex -101.16213330440088 8.799115171233376 439.89826836420735
    endloop
  endfacet
  facet normal -0.16644535481248968 1.9042540833971674e-14 -0.9860506801687956
    outer loop
      vertex -99.70108329294948 7.858787710797539 439.6516431222743
      vertex -107.54702395862427 8.51682924672572 440.9760379066402
      vertex -100.4024407276295 8.37556236941909 439.7700322572483
    endloop
  endfacet
  facet normal -0.166445354812492 -8.923243671459001e-15 -0.9860506801687953
    outer loop
      vertex -99.06912182607633 7.256941040441393 439.54496802666614
      vertex -107.54702395862427 8.51682924672572 440.9760379066402
      vertex -99.70108329294948 7.858787710797539 439.6516431222743
    endloop
  endfacet
  facet normal -0.16644535481248565 3.451046245649302e-14 -0.9860506801687963
    outer loop
      vertex -98.51652273685812 6.579513839867952 439.4516893004061
      vertex -107.54702395862427 8.51682924672572 440.9760379066402
      vertex -99.06912182607633 7.256941040441393 439.54496802666614
    endloop
  endfacet
  facet normal -0.16644535481249387 -4.82891249761925e-15 -0.9860506801687947
    outer loop
      vertex -98.05200084303853 5.837189540705648 439.37327800472934
      vertex -107.54702395862427 8.51682924672572 440.9760379066402
      vertex -98.51652273685812 6.579513839867952 439.4516893004061
    endloop
  endfacet
  facet normal 0.2465368116697376 0.9685525293520454 -0.03354993856142977
    outer loop
      vertex -101.96818021750956 9.1227664355376 440.03432908314005
      vertex -102.80786962562675 9.341411988553794 440.17606865523027
      vertex -87.84831776527236 8.624373968110431 529.4039885763535
    endloop
  endfacet
  facet normal 0.7609535762293843 0.6374071881417778 -0.12108563634429495
    outer loop
      vertex -83.88637063768853 6.0744765301979164 528.7352119012173
      vertex -98.51652273685812 6.579513839867952 439.4516893004061
      vertex -84.3965527392482 6.699905054394719 528.8213306399606
    endloop
  endfacet
  facet normal -0.2438893427234432 0.9685525293520455 0.04923399630013906
    outer loop
      vertex -90.55069192684111 8.542650117181244 529.8601493348262
      vertex -106.2346634986404 9.1227664355376 440.75451146099493
      vertex -91.01207415549605 8.42251144261787 529.9380306550232
    endloop
  endfacet
  facet normal -0.3616679885652486 0.9297476782769635 0.06903275154420035
    outer loop
      vertex -91.01207415549605 8.42251144261787 529.9380306550232
      vertex -107.04071041174909 8.799115171233376 440.8905721799277
      vertex -91.75624966376057 8.123703345722925 530.0636474808183
    endloop
  endfacet
  facet normal -0.47372761128415136 0.8762802947891428 0.08783504580328312
    outer loop
      vertex -91.75624966376057 8.123703345722925 530.0636474808183
      vertex -107.54702395862427 8.51682924672572 440.9760379066402
      vertex -92.22369905778393 7.863085423949332 530.1425529385294
    endloop
  endfacet
  facet normal 0.8541184801972029 0.4999997267644259 -0.14311497133815015
    outer loop
      vertex -92.46637947141267 8.289366562292885 530.1835173923499
      vertex -92.22369905778393 7.863085423949332 530.1425529385294
      vertex -107.80636926537062 8.972383161979216 441.019815394419
    endloop
  endfacet
  facet normal 0.7609535762293812 0.6374071881417815 -0.12108563634429446
    outer loop
      vertex -98.51652273685812 6.579513839867952 439.4516893004061
      vertex -99.06912182607633 7.256941040441393 439.54496802666614
      vertex -84.3965527392482 6.699905054394719 528.8213306399606
    endloop
  endfacet
  facet normal 0.833702586228213 0.5358134856361085 -0.13358108521371065
    outer loop
      vertex -98.05200084303853 5.837189540705648 439.37327800472934
      vertex -98.51652273685812 6.579513839867952 439.4516893004061
      vertex -83.88637063768853 6.0744765301979164 528.7352119012173
    endloop
  endfacet
  facet normal 0.3642884492821589 0.9297476782769606 -0.05350869516444188
    outer loop
      vertex -101.16213330440088 8.799115171233376 439.89826836420735
      vertex -101.96818021750956 9.1227664355376 440.03432908314005
      vertex -87.07308212835393 8.42251144261787 529.2731288008417
    endloop
  endfacet
  facet normal 0.0013346670214839376 0.9999678501103835 0.007906795150972553
    outer loop
      vertex -103.66795912518029 9.451603659298367 440.3212517627549
      vertex -104.18182783700064 9.451603659298367 440.4079928013102
      vertex -88.64238760174716 8.726107429586767 529.5380275647505
    endloop
  endfacet
  facet normal 0.12491288635057017 0.9920829359557236 -0.012969927102386846
    outer loop
      vertex -102.80786962562675 9.341411988553794 440.17606865523027
      vertex -103.66795912518029 9.451603659298367 440.3212517627549
      vertex -88.64238760174716 8.726107429586767 529.5380275647505
    endloop
  endfacet
  facet normal 0.6762197489756533 0.7289483864481868 -0.10658846555743881
    outer loop
      vertex -84.3965527392482 6.699905054394719 528.8213306399606
      vertex -99.06912182607633 7.256941040441393 439.54496802666614
      vertex -84.98000543680912 7.255554538966598 528.9198174553089
    endloop
  endfacet
  facet normal 0.47631085860778133 0.8762802947891433 -0.07253144791447495
    outer loop
      vertex -100.4024407276295 8.37556236941909 439.7700322572483
      vertex -101.16213330440088 8.799115171233376 439.89826836420735
      vertex -86.32890662008941 8.123703345722925 529.1475119750467
    endloop
  endfacet
  facet normal 0.5808374315055835 0.8089935104100475 -0.09031820567540566
    outer loop
      vertex -99.70108329294948 7.858787710797539 439.6516431222743
      vertex -100.4024407276295 8.37556236941909 439.7700322572483
      vertex -85.62752733279302 7.7326620596129345 529.029119151351
    endloop
  endfacet
  facet normal -0.2438893427234441 0.9685525293520453 0.04923399630013921
    outer loop
      vertex -105.7866712526762 9.239418511196673 440.67889036987617
      vertex -106.2346634986404 9.1227664355376 440.75451146099493
      vertex -90.55069192684111 8.542650117181244 529.8601493348262
    endloop
  endfacet
  facet normal -0.36166798856524673 0.9297476782769641 0.06903275154420001
    outer loop
      vertex -106.2346634986404 9.1227664355376 440.75451146099493
      vertex -107.04071041174909 8.799115171233376 440.8905721799277
      vertex -91.01207415549605 8.42251144261787 529.9380306550232
    endloop
  endfacet
  facet normal -0.47372761128415897 0.8762802947891385 0.08783504580328444
    outer loop
      vertex -107.04071041174909 8.799115171233376 440.8905721799277
      vertex -107.54702395862427 8.51682924672572 440.9760379066402
      vertex -91.75624966376057 8.123703345722925 530.0636474808183
    endloop
  endfacet
  facet normal 0.8541184801972171 0.4999997267644009 -0.14311497133815287
    outer loop
      vertex -107.65039202164073 8.698400783184548 440.9934864356774
      vertex -107.80636926537062 8.972383161979216 441.019815394419
      vertex -92.22369905778393 7.863085423949332 530.1425529385294
    endloop
  endfacet
  facet normal 0.8541184801972243 0.4999997267643884 -0.14311497133815426
    outer loop
      vertex -107.65039202164073 8.698400783184548 440.9934864356774
      vertex -92.22369905778393 7.863085423949332 530.1425529385294
      vertex -107.54702395862427 8.51682924672572 440.9760379066402
    endloop
  endfacet
  facet normal 0.6762197489756613 0.7289483864481793 -0.10658846555744006
    outer loop
      vertex -99.06912182607633 7.256941040441393 439.54496802666614
      vertex -99.70108329294948 7.858787710797539 439.6516431222743
      vertex -84.98000543680912 7.255554538966598 528.9198174553089
    endloop
  endfacet
  facet normal 0.1664453548124864 -7.071188529106421e-15 0.9860506801687962
    outer loop
      vertex -92.22369905778393 7.863085423949332 530.1425529385294
      vertex -83.11671931926382 -0.10412832414679185 528.6052947586672
      vertex -83.45750500863974 5.389132347815662 528.6628193830339
    endloop
  endfacet
  facet normal 0.24653681166974062 0.9685525293520446 -0.03354993856143026
    outer loop
      vertex -87.07308212835393 8.42251144261787 529.2731288008417
      vertex -101.96818021750956 9.1227664355376 440.03432908314005
      vertex -87.84831776527236 8.624373968110431 529.4039885763535
    endloop
  endfacet
  facet normal 0.16644535481248787 -1.0032781886773646e-13 0.9860506801687959
    outer loop
      vertex -92.22369905778393 7.863085423949332 530.1425529385294
      vertex -86.32890662008941 8.123703345722925 529.1475119750467
      vertex -87.07308212835393 8.42251144261787 529.2731288008417
    endloop
  endfacet
  facet normal 0.16644535481248832 -1.1128215076766021e-13 0.9860506801687957
    outer loop
      vertex -85.62752733279302 7.7326620596129345 529.029119151351
      vertex -86.32890662008941 8.123703345722925 529.1475119750467
      vertex -92.22369905778393 7.863085423949332 530.1425529385294
    endloop
  endfacet
  facet normal 0.16644535481251224 -1.1083500542365993e-13 0.9860506801687917
    outer loop
      vertex -89.16312893053548 8.726107429586767 529.6259287010499
      vertex -92.22369905778393 7.863085423949332 530.1425529385294
      vertex -88.64238760174716 8.726107429586767 529.5380275647505
    endloop
  endfacet
  facet normal 0.16644535481246886 7.994660632392726e-14 0.986050680168799
    outer loop
      vertex -92.22369905778393 7.863085423949332 530.1425529385294
      vertex -87.07308212835393 8.42251144261787 529.2731288008417
      vertex -87.84831776527236 8.624373968110431 529.4039885763535
    endloop
  endfacet
  facet normal 0.16644535481247208 6.059623754941666e-14 0.9860506801687986
    outer loop
      vertex -87.84831776527236 8.624373968110431 529.4039885763535
      vertex -88.64238760174716 8.726107429586767 529.5380275647505
      vertex -92.22369905778393 7.863085423949332 530.1425529385294
    endloop
  endfacet
  facet normal 0.16644535481233436 8.358339574773771e-13 0.9860506801688218
    outer loop
      vertex -90.55069192684111 8.542650117181244 529.8601493348262
      vertex -91.01207415549605 8.42251144261787 529.9380306550232
      vertex -89.16312893053548 8.726107429586767 529.6259287010499
    endloop
  endfacet
  facet normal 0.1664453548124482 1.2253094688256781e-13 0.9860506801688026
    outer loop
      vertex -92.22369905778393 7.863085423949332 530.1425529385294
      vertex -89.16312893053548 8.726107429586767 529.6259287010499
      vertex -91.01207415549605 8.42251144261787 529.9380306550232
    endloop
  endfacet
  facet normal 0.16644535481268669 -4.0850012518111024e-13 0.9860506801687623
    outer loop
      vertex -91.01207415549605 8.42251144261787 529.9380306550232
      vertex -91.75624966376057 8.123703345722925 530.0636474808183
      vertex -92.22369905778393 7.863085423949332 530.1425529385294
    endloop
  endfacet
  facet normal 0.16644535481261397 1.5705210293080317e-13 0.9860506801687746
    outer loop
      vertex -92.22369905778393 7.863085423949332 530.1425529385294
      vertex -92.46637947141267 8.289366562292885 530.1835173923499
      vertex -93.17285363541878 8.195959739137773 530.3027702312343
    endloop
  endfacet
  facet normal 0.16644535481247366 6.503274564350387e-15 0.9860506801687983
    outer loop
      vertex -92.22369905778393 7.863085423949332 530.1425529385294
      vertex -88.9815271744737 3.274153645047473 529.5952743246268
      vertex -88.86038804979788 3.2584571470201236 529.5748260403815
    endloop
  endfacet
  facet normal 0.12491288635057346 0.9920829359557232 -0.012969927102387376
    outer loop
      vertex -87.84831776527236 8.624373968110431 529.4039885763535
      vertex -102.80786962562675 9.341411988553794 440.17606865523027
      vertex -88.64238760174716 8.726107429586767 529.5380275647505
    endloop
  endfacet
  facet normal 0.001334667021484318 0.9999678501103835 0.007906795150972487
    outer loop
      vertex -88.64238760174716 8.726107429586767 529.5380275647505
      vertex -104.18182783700064 9.451603659298367 440.4079928013102
      vertex -89.16312893053548 8.726107429586767 529.6259287010499
    endloop
  endfacet
  facet normal 0.3642884492821526 0.9297476782769633 -0.05350869516444088
    outer loop
      vertex -86.32890662008941 8.123703345722925 529.1475119750467
      vertex -101.16213330440088 8.799115171233376 439.89826836420735
      vertex -87.07308212835393 8.42251144261787 529.2731288008417
    endloop
  endfacet
  facet normal 0.4763108586077817 0.876280294789143 -0.07253144791447504
    outer loop
      vertex -85.62752733279302 7.7326620596129345 529.029119151351
      vertex -100.4024407276295 8.37556236941909 439.7700322572483
      vertex -86.32890662008941 8.123703345722925 529.1475119750467
    endloop
  endfacet
  facet normal 0.16644535481249162 5.947960734780485e-14 0.9860506801687953
    outer loop
      vertex -92.22369905778393 7.863085423949332 530.1425529385294
      vertex -84.98000543680912 7.255554538966598 528.9198174553089
      vertex -85.62752733279302 7.7326620596129345 529.029119151351
    endloop
  endfacet
  facet normal 0.1664453548124951 9.771960808631488e-15 0.9860506801687946
    outer loop
      vertex -92.22369905778393 7.863085423949332 530.1425529385294
      vertex -83.88637063768853 6.0744765301979164 528.7352119012173
      vertex -84.3965527392482 6.699905054394719 528.8213306399606
    endloop
  endfacet
  facet normal 0.16644535481247785 -1.0975728296829689e-13 0.9860506801687977
    outer loop
      vertex -92.22369905778393 7.863085423949332 530.1425529385294
      vertex -84.3965527392482 6.699905054394719 528.8213306399606
      vertex -84.98000543680912 7.255554538966598 528.9198174553089
    endloop
  endfacet
  facet normal 0.16644535481250805 7.187788405034121e-14 0.9860506801687925
    outer loop
      vertex -92.22369905778393 7.863085423949332 530.1425529385294
      vertex -83.45750500863974 5.389132347815662 528.6628193830339
      vertex -83.88637063768853 6.0744765301979164 528.7352119012173
    endloop
  endfacet
  facet normal 0.580837431505587 0.808993510410045 -0.09031820567540622
    outer loop
      vertex -84.98000543680912 7.255554538966598 528.9198174553089
      vertex -99.70108329294948 7.858787710797539 439.6516431222743
      vertex -85.62752733279302 7.7326620596129345 529.029119151351
    endloop
  endfacet
  facet normal 0.16644535481430134 7.271434853417182e-13 0.9860506801684897
    outer loop
      vertex -92.22369905778393 7.863085423949332 530.1425529385294
      vertex -89.99747178074782 2.0293010048417184 529.7667657741658
      vertex -90.02017098917737 2.151676900796299 529.7705974005487
    endloop
  endfacet
  facet normal 0.16644535481256045 0 0.9860506801687837
    outer loop
      vertex -92.22369905778393 -3.312532953687235 530.1425529385294
      vertex -92.22369905778393 7.863085423949332 530.1425529385294
      vertex -93.17285363541878 8.195959739137773 530.3027702312343
    endloop
  endfacet
  facet normal 0.8337025862282205 0.5358134856360968 -0.13358108521371176
    outer loop
      vertex -83.45750500863974 5.389132347815662 528.6628193830339
      vertex -98.05200084303853 5.837189540705648 439.37327800472934
      vertex -83.88637063768853 6.0744765301979164 528.7352119012173
    endloop
  endfacet
  facet normal 0.8933194373708079 0.42576939489002574 -0.1438777439025386
    outer loop
      vertex -83.11671931926382 4.65468079440889 528.6052947586672
      vertex -97.682881932375 5.041675040595311 439.31097073260935
      vertex -83.45750500863974 5.389132347815662 528.6628193830339
    endloop
  endfacet
  facet normal 0.938863872520089 0.30901031682715585 -0.1518132173789974
    outer loop
      vertex -82.86938796345774 3.8827046097149234 528.5635452258072
      vertex -97.41498723058966 4.205516078421014 439.265750106948
      vertex -83.11671931926382 4.65468079440889 528.6052947586672
    endloop
  endfacet
  facet normal 0.1664453548125971 0 0.9860506801687774
    outer loop
      vertex -83.11671931926382 -0.10412832414679185 528.6052947586672
      vertex -83.11671931926382 4.65468079440889 528.6052947586672
      vertex -83.45750500863974 5.389132347815662 528.6628193830339
    endloop
  endfacet
  facet normal 0.16644535481254713 0 0.9860506801687859
    outer loop
      vertex -83.11671931926382 4.65468079440889 528.6052947586672
      vertex -82.86938796345774 0.6678478605471749 528.5635452258072
      vertex -82.86938796345774 3.8827046097149234 528.5635452258072
    endloop
  endfacet
  facet normal 0.1664453548122916 0 0.986050680168829
    outer loop
      vertex -82.86938796345774 3.8827046097149234 528.5635452258072
      vertex -82.71941150445116 1.4651741509394989 528.5382291995269
      vertex -82.71941150445116 3.0853783193225994 528.5382291995269
    endloop
  endfacet
  facet normal 0.16644535481257558 9.039702011683896e-14 0.9860506801687813
    outer loop
      vertex -88.24160667091756 2.8592763930504317 529.4703757436265
      vertex -83.45750500863974 -0.8385798775535633 528.6628193830339
      vertex -92.22369905778393 7.863085423949332 530.1425529385294
    endloop
  endfacet
  facet normal 0.16644535481246298 -2.7753916462352734e-15 0.9860506801688
    outer loop
      vertex -92.22369905778393 7.863085423949332 530.1425529385294
      vertex -90.02777737775106 2.276019145662777 529.7718813589399
      vertex -90.02017098917736 2.400366787961153 529.7705974005487
    endloop
  endfacet
  facet normal 0.16644535481242384 -1.8993599720124667e-14 0.9860506801688067
    outer loop
      vertex -92.22369905778393 7.863085423949332 530.1425529385294
      vertex -90.02017098917737 2.151676900796299 529.7705974005487
      vertex -90.02777737775106 2.276019145662777 529.7718813589399
    endloop
  endfacet
  facet normal 0.1664453548118787 -2.452560297861838e-13 0.9860506801688986
    outer loop
      vertex -92.22369905778393 7.863085423949332 530.1425529385294
      vertex -90.02017098917736 2.400366787961153 529.7705974005487
      vertex -89.99747178074782 2.522758791090701 529.7667657741658
    endloop
  endfacet
  facet normal 0.16644535480511383 -2.8779413506474447e-12 0.9860506801700407
    outer loop
      vertex -92.22369905778393 7.863085423949332 530.1425529385294
      vertex -89.9600377325393 1.9108213987820575 529.7604469068282
      vertex -89.99747178074782 2.0293010048417184 529.7667657741658
    endloop
  endfacet
  facet normal 0.9696175533773516 0.1873775726803485 -0.15726234590307908
    outer loop
      vertex -82.71941150445116 3.0853783193225994 528.5382291995269
      vertex -97.2525415971622 3.341899380513393 439.23832928402544
      vertex -82.86938796345774 3.8827046097149234 528.5635452258072
    endloop
  endfacet
  facet normal 0.9850953956084145 0.06278936687414219 -0.16013917996120075
    outer loop
      vertex -82.66915516059419 2.275276235131049 528.5297459286838
      vertex -97.1981068967721 2.464444698098065 439.2291407065996
      vertex -82.71941150445116 3.0853783193225994 528.5382291995269
    endloop
  endfacet
  facet normal 0.1664453548124861 0 0.9860506801687963
    outer loop
      vertex -142.50152115454017 0.6456927578888969 538.6294493084619
      vertex -142.50152115454017 -0.22350199156431633 538.6294493084619
      vertex -139.78163115065212 -0.38158735187210097 538.1703318758056
    endloop
  endfacet
  facet normal 0.1664453548124759 -2.7725085309912748e-14 0.9860506801687979
    outer loop
      vertex -139.80055204392625 0.9967613179879189 538.1735257225903
      vertex -142.50152115454017 0.6456927578888969 538.6294493084619
      vertex -139.78163115065212 -0.38158735187210097 538.1703318758056
    endloop
  endfacet
  facet normal 0.16644535481247333 -2.7761676123058882e-14 0.9860506801687984
    outer loop
      vertex -139.80055204392625 0.9967613179879189 538.1735257225903
      vertex -139.78163115065212 -0.38158735187210097 538.1703318758056
      vertex -135.05153739353034 -0.7119938964493201 537.3718920496035
    endloop
  endfacet
  facet normal 0.1664453548124793 -1.0637279653176976e-14 0.9860506801687973
    outer loop
      vertex -135.10321393664546 1.6791486307123074 537.3806150500814
      vertex -139.80055204392625 0.9967613179879189 538.1735257225903
      vertex -135.05153739353034 -0.7119938964493201 537.3718920496035
    endloop
  endfacet
  facet normal 0.1664453548125026 -1.0120279741002799e-14 0.9860506801687935
    outer loop
      vertex -135.10321393664546 1.6791486307123074 537.3806150500814
      vertex -135.05153739353034 -0.7119938964493201 537.3718920496035
      vertex -129.47933496523848 -1.139471330042363 536.4313042797078
    endloop
  endfacet
  facet normal -0.16644535481249995 6.228332660494093e-15 -0.9860506801687939
    outer loop
      vertex -103.14652821925216 2.710419928387396 440.2332342258342
      vertex -103.18396226746067 2.8288995344470576 440.2395530931718
      vertex -98.05200084303853 5.837189540705648 439.37327800472934
    endloop
  endfacet
  facet normal 0.16644535481259679 6.968698514539024e-14 0.9860506801687775
    outer loop
      vertex -92.22369905778393 7.863085423949332 530.1425529385294
      vertex -89.58002239677852 3.113848154942741 529.6963003181518
      vertex -89.47386737261046 3.1739078915943053 529.6783813500722
    endloop
  endfacet
  facet normal 0.1664453548132012 5.511398590225359e-13 0.9860506801686756
    outer loop
      vertex -92.22369905778393 7.863085423949332 530.1425529385294
      vertex -88.74212217171001 3.2272683728425355 529.5548627601602
      vertex -88.6285946637561 3.1810791881147593 529.5356993168175
    endloop
  endfacet
  facet normal 0.1664453548070221 -4.326656728129994e-12 0.9860506801697184
    outer loop
      vertex -92.22369905778393 7.863085423949332 530.1425529385294
      vertex -88.6285946637561 3.1810791881147593 529.5356993168175
      vertex -88.61128891123955 3.1736870621678523 529.5327781057928
    endloop
  endfacet
  facet normal 0.1664453548132263 5.706823260627442e-13 0.9860506801686713
    outer loop
      vertex -92.22369905778393 7.863085423949332 530.1425529385294
      vertex -88.86038804979788 3.2584571470201236 529.5748260403815
      vertex -88.74212217171001 3.2272683728425355 529.5548627601602
    endloop
  endfacet
  facet normal 0.16644535481263542 1.1838568100950793e-13 0.986050680168771
    outer loop
      vertex -92.22369905778393 7.863085423949332 530.1425529385294
      vertex -88.61128891123955 3.1736870621678523 529.5327781057928
      vertex -88.50513388707145 3.113702652264056 529.5148591377132
    endloop
  endfacet
  facet normal 0.16644535481253664 5.1176167547485124e-14 0.9860506801687876
    outer loop
      vertex -92.22369905778393 7.863085423949332 530.1425529385294
      vertex -89.10362910937626 3.274110323774059 529.6158851312383
      vertex -88.9815271744737 3.274153645047473 529.5952743246268
    endloop
  endfacet
  facet normal 0.166445354812438 -1.7366806297767148e-14 0.9860506801688044
    outer loop
      vertex -92.22369905778393 7.863085423949332 530.1425529385294
      vertex -89.2247682340521 3.258327866402243 529.6363334154836
      vertex -89.10362910937626 3.274110323774059 529.6158851312383
    endloop
  endfacet
  facet normal 0.166445354812203 -1.749189796313238e-13 0.9860506801688439
    outer loop
      vertex -92.22369905778393 7.863085423949332 530.1425529385294
      vertex -89.34303411213997 3.227055171712761 529.6562966957048
      vertex -89.2247682340521 3.258327866402243 529.6363334154836
    endloop
  endfacet
  facet normal 0.16644535481375217 8.155152691109337e-13 0.9860506801685825
    outer loop
      vertex -92.22369905778393 7.863085423949332 530.1425529385294
      vertex -89.36123506296579 3.2198127837816886 529.6593690162042
      vertex -89.34303411213997 3.227055171712761 529.6562966957048
    endloop
  endfacet
  facet normal 0.1664453548121958 -1.7197691720937023e-13 0.9860506801688451
    outer loop
      vertex -92.22369905778393 7.863085423949332 530.1425529385294
      vertex -89.47386737261046 3.1739078915943053 529.6783813500722
      vertex -89.36123506296579 3.2198127837816886 529.6593690162042
    endloop
  endfacet
  facet normal 0.16644535481249373 -6.723483132263309e-15 0.9860506801687948
    outer loop
      vertex -93.17285363541878 8.195959739137773 530.3027702312343
      vertex -101.33913242403973 7.017698019154232 531.6812380907535
      vertex -100.49296789501999 -3.4196063606363656 531.5384055182549
    endloop
  endfacet
  facet normal 0.1664453548145123 1.659983561332052e-12 0.9860506801684542
    outer loop
      vertex -88.40713027652502 3.0405047916437526 529.498316128253
      vertex -88.31882365508308 2.955247854295208 529.4834099705536
      vertex -92.22369905778393 7.863085423949332 530.1425529385294
    endloop
  endfacet
  facet normal 0.166445354811129 -1.0937624878216565e-12 0.9860506801690253
    outer loop
      vertex -88.50513388707145 3.113702652264056 529.5148591377132
      vertex -88.40713027652502 3.0405047916437526 529.498316128253
      vertex -92.22369905778393 7.863085423949332 530.1425529385294
    endloop
  endfacet
  facet normal 0.16644535472623648 -7.057643840839647e-11 0.9860506801833551
    outer loop
      vertex -88.31882365508308 2.955247854295208 529.4834099705536
      vertex -88.24160667091756 2.8592763930504317 529.4703757436265
      vertex -92.22369905778393 7.863085423949332 530.1425529385294
    endloop
  endfacet
  facet normal 0.16644535481287118 2.2687361880209495e-13 0.9860506801687312
    outer loop
      vertex -92.22369905778393 7.863085423949332 530.1425529385294
      vertex -89.67802600732495 3.0405807517519396 529.7128433276121
      vertex -89.58002239677852 3.113848154942741 529.6963003181518
    endloop
  endfacet
  facet normal 0.16644535481194975 -2.7272435782402824e-13 0.9860506801688869
    outer loop
      vertex -92.22369905778393 7.863085423949332 530.1425529385294
      vertex -89.7663326287669 2.9552611527380437 529.7277494853114
      vertex -89.67802600732495 3.0405807517519396 529.7128433276121
    endloop
  endfacet
  facet normal 0.1664453548127799 1.5434638760809864e-13 0.9860506801687466
    outer loop
      vertex -92.22369905778393 7.863085423949332 530.1425529385294
      vertex -89.8435496129324 2.859234898944962 529.7407837122386
      vertex -89.7663326287669 2.9552611527380437 529.7277494853114
    endloop
  endfacet
  facet normal 0.166445354812163 -1.473011456061668e-13 0.9860506801688507
    outer loop
      vertex -92.22369905778393 7.863085423949332 530.1425529385294
      vertex -89.90845920185404 2.7540163817583134 529.7517404508485
      vertex -89.8435496129324 2.859234898944962 529.7407837122386
    endloop
  endfacet
  facet normal 0.1664453548125541 3.547800528538958e-14 0.9860506801687847
    outer loop
      vertex -92.22369905778393 7.863085423949332 530.1425529385294
      vertex -89.96003773253929 2.6412649600486273 529.7604469068282
      vertex -89.90845920185404 2.7540163817583134 529.7517404508485
    endloop
  endfacet
  facet normal 0.16644535481308115 2.7030131534109683e-13 0.9860506801686957
    outer loop
      vertex -92.22369905778393 7.863085423949332 530.1425529385294
      vertex -89.99747178074782 2.522758791090701 529.7667657741658
      vertex -89.96003773253929 2.6412649600486273 529.7604469068282
    endloop
  endfacet
  facet normal 0.1664453548124835 -1.2769701727758249e-14 0.9860506801687966
    outer loop
      vertex -129.59494665287997 2.534296977019564 536.4508195325817
      vertex -129.47933496523848 -1.139471330042363 536.4313042797078
      vertex -123.15398788788386 -1.6483319892547117 535.3635856930504
    endloop
  endfacet
  facet normal 0.8930325128601686 -0.42577388870079363 -0.1456349088483158
    outer loop
      vertex -83.45750500863974 -0.8385798775535633 528.6628193830339
      vertex -98.05200084303853 -0.9083001445095173 439.37327800472934
      vertex -83.11671931926382 -0.10412832414679185 528.6052947586672
    endloop
  endfacet
  facet normal -0.1664453548119129 -2.5176382669244825e-13 -0.986050680168893
    outer loop
      vertex -107.54702395862427 -3.587939850529592 440.9760379066402
      vertex -105.07901470532737 2.339187322060425 440.5594379446837
      vertex -105.05631549689782 2.216811426105844 440.5556063183008
    endloop
  endfacet
  facet normal -0.1664453548124912 -3.732459717629725e-15 -0.9860506801687954
    outer loop
      vertex -107.54702395862427 -3.587939850529592 440.9760379066402
      vertex -105.08662109390107 2.4635295669269026 440.5607219030749
      vertex -105.07901470532737 2.339187322060425 440.5594379446837
    endloop
  endfacet
  facet normal -0.16644535481249298 1.5699370597645504e-15 -0.9860506801687949
    outer loop
      vertex -98.05200084303853 -0.9083001445095173 439.37327800472934
      vertex -107.54702395862427 -3.587939850529592 440.9760379066402
      vertex -97.682881932375 5.041675040595311 439.31097073260935
    endloop
  endfacet
  facet normal -0.16644535481248304 -9.826410419975858e-15 -0.9860506801687967
    outer loop
      vertex -103.30045038706757 1.880486034284153 440.25921628776143
      vertex -98.05200084303853 5.837189540705648 439.37327800472934
      vertex -107.54702395862427 -3.587939850529592 440.9760379066402
    endloop
  endfacet
  facet normal -0.16644535481248493 -7.89862811046612e-15 -0.9860506801687964
    outer loop
      vertex -97.682881932375 5.041675040595311 439.31097073260935
      vertex -107.54702395862427 -3.587939850529592 440.9760379066402
      vertex -98.05200084303853 5.837189540705648 439.37327800472934
    endloop
  endfacet
  facet normal -0.16644535481246836 0 -0.9860506801687992
    outer loop
      vertex -98.05200084303853 -0.9083001445095173 439.37327800472934
      vertex -97.682881932375 5.041675040595311 439.31097073260935
      vertex -97.682881932375 -0.11278564439918082 439.31097073260935
    endloop
  endfacet
  facet normal -0.16644535481236553 0 -0.9860506801688165
    outer loop
      vertex -97.682881932375 -0.11278564439918082 439.31097073260935
      vertex -97.41498723058966 4.205516078421014 439.265750106948
      vertex -97.41498723058966 0.7233733177751158 439.265750106948
    endloop
  endfacet
  facet normal -0.1664453548126412 0 -0.98605068016877
    outer loop
      vertex -97.41498723058966 0.7233733177751158 439.265750106948
      vertex -97.2525415971622 3.341899380513393 439.23832928402544
      vertex -97.2525415971622 1.586990015682737 439.23832928402544
    endloop
  endfacet
  facet normal -0.16644535481242673 0 -0.9860506801688063
    outer loop
      vertex -97.2525415971622 1.586990015682737 439.23832928402544
      vertex -97.2525415971622 3.341899380513393 439.23832928402544
      vertex -97.1981068967721 2.464444698098065 439.2291407065996
    endloop
  endfacet
  facet normal 0.9386559810266007 -0.3090126838948758 -0.1530885706872832
    outer loop
      vertex -83.11671931926382 -0.10412832414679185 528.6052947586672
      vertex -97.682881932375 -0.11278564439918082 439.31097073260935
      vertex -82.86938796345774 0.6678478605471749 528.5635452258072
    endloop
  endfacet
  facet normal 0.1664453548124909 -4.8932240458322935e-15 0.9860506801687954
    outer loop
      vertex -93.17285363541878 8.195959739137773 530.3027702312343
      vertex -100.49296789501999 -3.4196063606363656 531.5384055182549
      vertex -92.59666103828512 -3.9676606388169433 530.205508920838
    endloop
  endfacet
  facet normal 0.16644535481250186 -6.053833568376501e-15 0.9860506801687935
    outer loop
      vertex -101.33913242403973 7.017698019154232 531.6812380907535
      vertex -108.57114494368315 -2.809643193461866 532.9020018040693
      vertex -100.49296789501999 -3.4196063606363656 531.5384055182549
    endloop
  endfacet
  facet normal 0.9850532253032842 -0.06278946460558647 -0.1603983368185
    outer loop
      vertex -97.2525415971622 1.586990015682737 439.23832928402544
      vertex -97.1981068967721 2.464444698098065 439.2291407065996
      vertex -82.66915516059419 2.275276235131049 528.5297459286838
    endloop
  endfacet
  facet normal 0.9694916354329777 -0.18737844303989162 -0.15803571719531145
    outer loop
      vertex -97.41498723058966 0.7233733177751158 439.265750106948
      vertex -97.2525415971622 1.586990015682737 439.23832928402544
      vertex -82.71941150445116 1.4651741509394989 528.5382291995269
    endloop
  endfacet
  facet normal 0.9386559810266046 -0.30901268389486375 -0.15308857068728396
    outer loop
      vertex -97.682881932375 -0.11278564439918082 439.31097073260935
      vertex -97.41498723058966 0.7233733177751158 439.265750106948
      vertex -82.86938796345774 0.6678478605471749 528.5635452258072
    endloop
  endfacet
  facet normal 0.8930325128601697 -0.4257738887007911 -0.14563490884831606
    outer loop
      vertex -98.05200084303853 -0.9083001445095173 439.37327800472934
      vertex -97.682881932375 -0.11278564439918082 439.31097073260935
      vertex -83.11671931926382 -0.10412832414679185 528.6052947586672
    endloop
  endfacet
  facet normal 0.16644535481249562 7.719197901821366e-15 0.9860506801687945
    outer loop
      vertex -116.52501262135615 4.644104474864144 534.2446146680604
      vertex -123.15398788788386 -1.6483319892547117 535.3635856930504
      vertex -116.15594716850609 -2.2121174005221915 534.1823164196194
    endloop
  endfacet
  facet normal 0.1664453548124946 4.823577926628737e-15 0.9860506801687948
    outer loop
      vertex -123.37010579863959 3.5343176149344564 535.4000663963859
      vertex -129.59494665287997 2.534296977019564 536.4508195325817
      vertex -123.15398788788386 -1.6483319892547117 535.3635856930504
    endloop
  endfacet
  facet normal 0.16644535481249814 4.977806103370969e-15 0.9860506801687942
    outer loop
      vertex -116.52501262135615 4.644104474864144 534.2446146680604
      vertex -123.37010579863959 3.5343176149344564 535.4000663963859
      vertex -123.15398788788386 -1.6483319892547117 535.3635856930504
    endloop
  endfacet
  facet normal 0.1664453548134053 -7.283899882803796e-13 0.9860506801686411
    outer loop
      vertex -92.22369905778393 -3.312532953687235 530.1425529385294
      vertex -88.61128891123954 1.3783026203706836 529.5327781057928
      vertex -88.7239212208842 1.3323977281833002 529.5517904396609
    endloop
  endfacet
  facet normal -0.1664453548262395 1.0977861296351111e-11 -0.9860506801664746
    outer loop
      vertex -103.37766737123307 1.7844597804910707 440.2722505146886
      vertex -103.30045038706757 1.880486034284153 440.25921628776143
      vertex -107.54702395862427 -3.587939850529592 440.9760379066402
    endloop
  endfacet
  facet normal 0.1664453548124926 -1.5624074233614372e-14 0.9860506801687953
    outer loop
      vertex -92.22369905778393 -3.312532953687235 530.1425529385294
      vertex -83.45750500863974 -0.8385798775535633 528.6628193830339
      vertex -88.40713027652504 1.5116297602130495 529.498316128253
    endloop
  endfacet
  facet normal 0.16644535481107084 1.1425978696643373e-12 0.9860506801690351
    outer loop
      vertex -92.22369905778393 -3.312532953687235 530.1425529385294
      vertex -88.40713027652504 1.5116297602130495 529.498316128253
      vertex -88.50513388707148 1.4383623570222475 529.5148591377132
    endloop
  endfacet
  facet normal 0.16644535481253245 -2.5043476097181837e-14 0.9860506801687885
    outer loop
      vertex -92.22369905778393 -3.312532953687235 530.1425529385294
      vertex -89.90845920185404 1.7981065767811617 529.7517404508485
      vertex -89.9600377325393 1.9108213987820575 529.7604469068282
    endloop
  endfacet
  facet normal 0.16644535481216344 1.4730234880154508e-13 0.9860506801688507
    outer loop
      vertex -92.22369905778393 -3.312532953687235 530.1425529385294
      vertex -89.8435496129324 1.6929341189145573 529.7407837122386
      vertex -89.90845920185404 1.7981065767811617 529.7517404508485
    endloop
  endfacet
  facet normal 0.16644535481278006 -1.5434779056098007e-13 0.9860506801687466
    outer loop
      vertex -92.22369905778393 -3.312532953687235 530.1425529385294
      vertex -89.7663326287669 1.5969626576697813 529.7277494853114
      vertex -89.8435496129324 1.6929341189145573 529.7407837122386
    endloop
  endfacet
  facet normal 0.16644535481195005 2.727270688606922e-13 0.9860506801688866
    outer loop
      vertex -92.22369905778393 -3.312532953687235 530.1425529385294
      vertex -89.67802600732495 1.5117057203212354 529.7128433276121
      vertex -89.7663326287669 1.5969626576697813 529.7277494853114
    endloop
  endfacet
  facet normal 0.16644535481288714 -2.3617698259702055e-13 0.9860506801687285
    outer loop
      vertex -92.22369905778393 -3.312532953687235 530.1425529385294
      vertex -89.58002239677853 1.4385078597009324 529.6963003181518
      vertex -89.67802600732495 1.5117057203212354 529.7128433276121
    endloop
  endfacet
  facet normal 0.1664453548125187 -3.536582843344093e-15 0.9860506801687907
    outer loop
      vertex -92.22369905778393 -3.312532953687235 530.1425529385294
      vertex -93.17285363541878 8.195959739137773 530.3027702312343
      vertex -92.59666103828512 -3.9676606388169433 530.205508920838
    endloop
  endfacet
  facet normal 0.16644535481275094 -2.10379818210969e-13 0.9860506801687514
    outer loop
      vertex -92.22369905778393 -3.312532953687235 530.1425529385294
      vertex -88.50513388707148 1.4383623570222475 529.5148591377132
      vertex -88.61128891123954 1.3783026203706836 529.5327781057928
    endloop
  endfacet
  facet normal 0.16644535481249007 1.483139043880728e-14 0.9860506801687955
    outer loop
      vertex -109.15295906027951 5.819444924188814 533.0002120269506
      vertex -116.15594716850609 -2.2121174005221915 534.1823164196194
      vertex -108.57114494368315 -2.809643193461866 532.9020018040693
    endloop
  endfacet
  facet normal 0.16644535480637973 4.712169302225925e-12 0.9860506801698269
    outer loop
      vertex -92.22369905778393 -3.312532953687235 530.1425529385294
      vertex -88.7239212208842 1.3323977281833002 529.5517904396609
      vertex -88.74212217171 1.3251553402522276 529.5548627601602
    endloop
  endfacet
  facet normal 0.16644535481320136 -5.528442463798443e-13 0.9860506801686755
    outer loop
      vertex -92.22369905778393 -3.312532953687235 530.1425529385294
      vertex -88.74212217171 1.3251553402522276 529.5548627601602
      vertex -88.86038804979788 1.2938826455627457 529.5748260403815
    endloop
  endfacet
  facet normal 0.1664453548125165 -3.8158029205580755e-14 0.986050680168791
    outer loop
      vertex -92.22369905778393 -3.312532953687235 530.1425529385294
      vertex -88.86038804979788 1.2938826455627457 529.5748260403815
      vertex -88.98152717447367 1.2781001881909293 529.5952743246268
    endloop
  endfacet
  facet normal 0.16644535481259728 -6.968779291767809e-14 0.9860506801687775
    outer loop
      vertex -92.22369905778393 -3.312532953687235 530.1425529385294
      vertex -89.47386737261047 1.3785234497971364 529.6783813500722
      vertex -89.58002239677853 1.4385078597009324 529.6963003181518
    endloop
  endfacet
  facet normal 0.16644535481213035 2.2109291194204235e-13 0.9860506801688562
    outer loop
      vertex -92.22369905778393 -3.312532953687235 530.1425529385294
      vertex -89.34303411213997 1.3249421391224536 529.6562966957048
      vertex -89.45656162009386 1.371131323850229 529.6754601390473
    endloop
  endfacet
  facet normal 0.1664453548141699 -1.0159077322223417e-12 0.986050680168512
    outer loop
      vertex -92.22369905778393 -3.312532953687235 530.1425529385294
      vertex -89.45656162009386 1.371131323850229 529.6754601390473
      vertex -89.47386737261047 1.3785234497971364 529.6783813500722
    endloop
  endfacet
  facet normal 0.1664453548124602 2.734961434367625e-15 0.9860506801688006
    outer loop
      vertex -92.22369905778393 -3.312532953687235 530.1425529385294
      vertex -88.98152717447367 1.2781001881909293 529.5952743246268
      vertex -89.10362910937629 1.278056866917516 529.6158851312383
    endloop
  endfacet
  facet normal 0.16644535481247255 -6.151481828258741e-15 0.9860506801687985
    outer loop
      vertex -92.22369905778393 -3.312532953687235 530.1425529385294
      vertex -89.10362910937629 1.278056866917516 529.6158851312383
      vertex -89.2247682340521 1.2937533649448658 529.6363334154836
    endloop
  endfacet
  facet normal 0.1664453548122026 1.749384012000457e-13 0.986050680168844
    outer loop
      vertex -92.22369905778393 -3.312532953687235 530.1425529385294
      vertex -89.2247682340521 1.2937533649448658 529.6363334154836
      vertex -89.34303411213997 1.3249421391224536 529.6562966957048
    endloop
  endfacet
  facet normal 0.16644535481248834 1.1123814833556499e-13 0.9860506801687958
    outer loop
      vertex -92.22369905778393 -3.312532953687235 530.1425529385294
      vertex -86.32890662008941 -3.5731508754608274 529.1475119750467
      vertex -85.62752733279302 -3.1821095893508353 529.029119151351
    endloop
  endfacet
  facet normal 0.12422541793737242 -0.9921073346842029 -0.017061125522434835
    outer loop
      vertex -88.64238760174716 -4.175554959324668 529.5380275647505
      vertex -103.66795912518029 -4.522714263102238 440.3212517627549
      vertex -87.84831776527236 -4.073821497848334 529.4039885763535
    endloop
  endfacet
  facet normal 0.2458685693555354 -0.9685757844077538 -0.03754459297910934
    outer loop
      vertex -87.84831776527236 -4.073821497848334 529.4039885763535
      vertex -102.80786962562675 -4.412522592357663 440.17606865523027
      vertex -87.07308212835393 -3.871958972355772 529.2731288008417
    endloop
  endfacet
  facet normal 0.36364969452769036 -0.9297691072265054 -0.0573437609260557
    outer loop
      vertex -87.07308212835393 -3.871958972355772 529.2731288008417
      vertex -101.96818021750956 -4.19387703934147 440.03432908314005
      vertex -86.32890662008941 -3.5731508754608274 529.1475119750467
    endloop
  endfacet
  facet normal 0.16644535481250805 -7.187788405034121e-14 0.9860506801687925
    outer loop
      vertex -92.22369905778393 -3.312532953687235 530.1425529385294
      vertex -83.88637063768853 -1.5239240599358181 528.7352119012173
      vertex -83.45750500863974 -0.8385798775535633 528.6628193830339
    endloop
  endfacet
  facet normal 0.16644535481249503 -9.771960808631506e-15 0.9860506801687947
    outer loop
      vertex -92.22369905778393 -3.312532953687235 530.1425529385294
      vertex -84.3965527392482 -2.14935258413262 528.8213306399606
      vertex -83.88637063768853 -1.5239240599358181 528.7352119012173
    endloop
  endfacet
  facet normal 0.16644535481247788 1.0975728296829692e-13 0.9860506801687976
    outer loop
      vertex -92.22369905778393 -3.312532953687235 530.1425529385294
      vertex -84.98000543680912 -2.7050020687044984 528.9198174553089
      vertex -84.3965527392482 -2.14935258413262 528.8213306399606
    endloop
  endfacet
  facet normal 0.8333407105384937 -0.5358206025918221 -0.13579227517548711
    outer loop
      vertex -83.88637063768853 -1.5239240599358181 528.7352119012173
      vertex -98.51652273685812 -1.6506244436718216 439.4516893004061
      vertex -83.45750500863974 -0.8385798775535633 528.6628193830339
    endloop
  endfacet
  facet normal 0.7605219359726512 -0.6374172598208393 -0.12371589140811064
    outer loop
      vertex -84.3965527392482 -2.14935258413262 528.8213306399606
      vertex -99.06912182607633 -2.328051644245263 439.54496802666614
      vertex -83.88637063768853 -1.5239240599358181 528.7352119012173
    endloop
  endfacet
  facet normal 0.6757245864366757 -0.7289615587717311 -0.10959620941470463
    outer loop
      vertex -84.98000543680912 -2.7050020687044984 528.9198174553089
      vertex -99.70108329294948 -2.9298983146014086 439.6516431222743
      vertex -84.3965527392482 -2.14935258413262 528.8213306399606
    endloop
  endfacet
  facet normal 0.16644535481249162 -5.947960734780489e-14 0.9860506801687954
    outer loop
      vertex -92.22369905778393 -3.312532953687235 530.1425529385294
      vertex -85.62752733279302 -3.1821095893508353 529.029119151351
      vertex -84.98000543680912 -2.7050020687044984 528.9198174553089
    endloop
  endfacet
  facet normal 0.0006386712166379159 -0.9999926382183467 0.0037835972549624007
    outer loop
      vertex -89.27604461162846 -4.175554959324668 529.6449888680185
      vertex -103.66795912518029 -4.522714263102238 440.3212517627549
      vertex -88.64238760174716 -4.175554959324668 529.5380275647505
    endloop
  endfacet
  facet normal 0.16644535481248787 1.0032781886773646e-13 0.9860506801687959
    outer loop
      vertex -92.22369905778393 -3.312532953687235 530.1425529385294
      vertex -87.07308212835393 -3.871958972355772 529.2731288008417
      vertex -86.32890662008941 -3.5731508754608274 529.1475119750467
    endloop
  endfacet
  facet normal 0.16644535481268669 4.085001251811101e-13 0.9860506801687624
    outer loop
      vertex -91.75624966376057 -3.5731508754608274 530.0636474808183
      vertex -91.01207415549605 -3.871958972355772 529.9380306550232
      vertex -92.22369905778393 -3.312532953687235 530.1425529385294
    endloop
  endfacet
  facet normal 0.16644535481246886 -7.994660632392726e-14 0.986050680168799
    outer loop
      vertex -92.22369905778393 -3.312532953687235 530.1425529385294
      vertex -87.84831776527236 -4.073821497848334 529.4039885763535
      vertex -87.07308212835393 -3.871958972355772 529.2731288008417
    endloop
  endfacet
  facet normal 0.1664453548124721 -6.05962375494171e-14 0.9860506801687985
    outer loop
      vertex -87.84831776527236 -4.073821497848334 529.4039885763535
      vertex -92.22369905778393 -3.312532953687235 530.1425529385294
      vertex -88.64238760174716 -4.175554959324668 529.5380275647505
    endloop
  endfacet
  facet normal 0.1664453548125459 2.543627245004057e-13 0.986050680168786
    outer loop
      vertex -92.22369905778393 -3.312532953687235 530.1425529385294
      vertex -89.59508194191967 -4.156041115027668 529.6988423693716
      vertex -88.64238760174716 -4.175554959324668 529.5380275647505
    endloop
  endfacet
  facet normal 0.1664453548123871 -2.546618168224968e-13 0.9860506801688129
    outer loop
      vertex -89.59508194191967 -4.156041115027668 529.6988423693716
      vertex -92.22369905778393 -3.312532953687235 530.1425529385294
      vertex -90.23683851857763 -4.073821497848334 529.8071708795114
    endloop
  endfacet
  facet normal 0.16644535481237785 -2.794653669872367e-13 0.9860506801688146
    outer loop
      vertex -91.01207415549605 -3.871958972355772 529.9380306550232
      vertex -90.23683851857763 -4.073821497848334 529.8071708795114
      vertex -92.22369905778393 -3.312532953687235 530.1425529385294
    endloop
  endfacet
  facet normal 0.16644535481255918 9.21865160363821e-13 0.9860506801687838
    outer loop
      vertex -89.27604461162846 -4.175554959324668 529.6449888680185
      vertex -88.64238760174716 -4.175554959324668 529.5380275647505
      vertex -89.59508194191967 -4.156041115027668 529.6988423693716
    endloop
  endfacet
  facet normal 0.5802859816915902 -0.8090097344740899 -0.09365590733311967
    outer loop
      vertex -85.62752733279302 -3.1821095893508353 529.029119151351
      vertex -100.4024407276295 -3.4466729732229604 439.7700322572483
      vertex -84.98000543680912 -2.7050020687044984 528.9198174553089
    endloop
  endfacet
  facet normal 0.47571127121226037 -0.8762993299383147 -0.07614637740086963
    outer loop
      vertex -101.16213330440088 -3.8702257750372464 439.89826836420735
      vertex -100.4024407276295 -3.4466729732229604 439.7700322572483
      vertex -85.62752733279302 -3.1821095893508353 529.029119151351
    endloop
  endfacet
  facet normal -0.244569360225055 -0.9685757844077534 0.04524132953409425
    outer loop
      vertex -106.2346634986404 -4.19387703934147 440.75451146099493
      vertex -105.39497409052322 -4.412522592357663 440.6127718889048
      vertex -91.01207415549605 -3.871958972355772 529.9380306550232
    endloop
  endfacet
  facet normal 0.8537704633804638 -0.49999972676443466 -0.14517668233775935
    outer loop
      vertex -107.94924314970542 -4.294459392316799 441.04393250609473
      vertex -107.65039202164074 -3.769511386988411 440.99348643567737
      vertex -92.59666103828512 -3.9676606388169433 530.205508920838
    endloop
  endfacet
  facet normal 0.8537704633804704 -0.4999997267644232 -0.14517668233776046
    outer loop
      vertex -92.59666103828512 -3.9676606388169433 530.205508920838
      vertex -107.65039202164074 -3.769511386988411 440.99348643567737
      vertex -107.54702395862427 -3.587939850529592 440.9760379066402
    endloop
  endfacet
  facet normal -0.36232347526133213 -0.929769107226506 0.06520051013433112
    outer loop
      vertex -107.04071041174909 -3.8702257750372464 440.8905721799277
      vertex -106.2346634986404 -4.19387703934147 440.75451146099493
      vertex -91.75624966376057 -3.5731508754608274 530.0636474808183
    endloop
  endfacet
  facet normal -0.47434783605347214 -0.8762993299383105 0.08422359990558587
    outer loop
      vertex -92.22369905778393 -3.312532953687235 530.1425529385294
      vertex -107.54702395862427 -3.587939850529592 440.9760379066402
      vertex -107.04071041174909 -3.8702257750372464 440.8905721799277
    endloop
  endfacet
  facet normal 0.0006386712166375049 -0.9999926382183468 0.0037835972549624675
    outer loop
      vertex -104.30232479295049 -4.522714263102238 440.4283326874745
      vertex -103.66795912518029 -4.522714263102238 440.3212517627549
      vertex -89.27604461162846 -4.175554959324668 529.6449888680185
    endloop
  endfacet
  facet normal -0.12294258718973515 -0.9921073346842032 0.02466083374302088
    outer loop
      vertex -104.74734306105061 -4.495494823969208 440.5034517711298
      vertex -90.23683851857763 -4.073821497848334 529.8071708795114
      vertex -105.39497409052322 -4.412522592357663 440.6127718889048
    endloop
  endfacet
  facet normal 0.12422541793737306 -0.9921073346842028 -0.01706112552243495
    outer loop
      vertex -103.66795912518029 -4.522714263102238 440.3212517627549
      vertex -102.80786962562675 -4.412522592357663 440.17606865523027
      vertex -87.84831776527236 -4.073821497848334 529.4039885763535
    endloop
  endfacet
  facet normal 0.24586856935553017 -0.9685757844077552 -0.03754459297910841
    outer loop
      vertex -102.80786962562675 -4.412522592357663 440.17606865523027
      vertex -101.96818021750956 -4.19387703934147 440.03432908314005
      vertex -87.07308212835393 -3.871958972355772 529.2731288008417
    endloop
  endfacet
  facet normal 0.3636496945276978 -0.9297691072265025 -0.05734376092605704
    outer loop
      vertex -101.96818021750956 -4.19387703934147 440.03432908314005
      vertex -101.16213330440088 -3.8702257750372464 439.89826836420735
      vertex -86.32890662008941 -3.5731508754608274 529.1475119750467
    endloop
  endfacet
  facet normal -0.16644535481167969 -6.441421558494936e-13 -0.9860506801689323
    outer loop
      vertex -103.46597399267505 1.6991401814771752 440.287156672388
      vertex -103.37766737123307 1.7844597804910707 440.2722505146886
      vertex -107.54702395862427 -3.587939850529592 440.9760379066402
    endloop
  endfacet
  facet normal 0.5802859816915873 -0.8090097344740922 -0.09365590733311914
    outer loop
      vertex -100.4024407276295 -3.4466729732229604 439.7700322572483
      vertex -99.70108329294948 -2.9298983146014086 439.6516431222743
      vertex -84.98000543680912 -2.7050020687044984 528.9198174553089
    endloop
  endfacet
  facet normal 0.6757245864366838 -0.7289615587717233 -0.1095962094147061
    outer loop
      vertex -99.70108329294948 -2.9298983146014086 439.6516431222743
      vertex -99.06912182607633 -2.328051644245263 439.54496802666614
      vertex -84.3965527392482 -2.14935258413262 528.8213306399606
    endloop
  endfacet
  facet normal 0.7605219359726485 -0.6374172598208425 -0.12371589140811018
    outer loop
      vertex -99.06912182607633 -2.328051644245263 439.54496802666614
      vertex -98.51652273685812 -1.6506244436718216 439.4516893004061
      vertex -83.88637063768853 -1.5239240599358181 528.7352119012173
    endloop
  endfacet
  facet normal 0.8333407105384865 -0.5358206025918337 -0.13579227517548578
    outer loop
      vertex -98.51652273685812 -1.6506244436718216 439.4516893004061
      vertex -98.05200084303853 -0.9083001445095173 439.37327800472934
      vertex -83.45750500863974 -0.8385798775535633 528.6628193830339
    endloop
  endfacet
  facet normal -0.24456936022505424 -0.9685757844077536 0.045241329534094134
    outer loop
      vertex -91.01207415549605 -3.871958972355772 529.9380306550232
      vertex -105.39497409052322 -4.412522592357663 440.6127718889048
      vertex -90.23683851857763 -4.073821497848334 529.8071708795114
    endloop
  endfacet
  facet normal -0.12294258718973777 -0.9921073346842028 0.024660833743021315
    outer loop
      vertex -104.74734306105061 -4.495494823969208 440.5034517711298
      vertex -89.59508194191967 -4.156041115027668 529.6988423693716
      vertex -90.23683851857763 -4.073821497848334 529.8071708795114
    endloop
  endfacet
  facet normal -0.3623234752613332 -0.9297691072265055 0.06520051013433129
    outer loop
      vertex -91.75624966376057 -3.5731508754608274 530.0636474808183
      vertex -106.2346634986404 -4.19387703934147 440.75451146099493
      vertex -91.01207415549605 -3.871958972355772 529.9380306550232
    endloop
  endfacet
  facet normal 0.8537704633804623 -0.4999997267644374 -0.14517668233775913
    outer loop
      vertex -92.59666103828512 -3.9676606388169433 530.205508920838
      vertex -107.54702395862427 -3.587939850529592 440.9760379066402
      vertex -92.22369905778393 -3.312532953687235 530.1425529385294
    endloop
  endfacet
  facet normal -0.4743478360534661 -0.8762993299383138 0.08422359990558488
    outer loop
      vertex -92.22369905778393 -3.312532953687235 530.1425529385294
      vertex -107.04071041174909 -3.8702257750372464 440.8905721799277
      vertex -91.75624966376057 -3.5731508754608274 530.0636474808183
    endloop
  endfacet
  facet normal -0.16644535481249448 -5.0228254043055425e-14 -0.9860506801687947
    outer loop
      vertex -103.66795912518029 -4.522714263102238 440.3212517627549
      vertex -107.54702395862427 -3.587939850529592 440.9760379066402
      vertex -102.80786962562675 -4.412522592357663 440.17606865523027
    endloop
  endfacet
  facet normal -0.1664453548124268 -1.0244998052329034e-13 -0.9860506801688063
    outer loop
      vertex -107.54702395862427 8.51682924672572 440.9760379066402
      vertex -108.63377058015425 8.020618001178521 441.15948073635445
      vertex -107.91137242243381 8.552895899558724 441.03753992733124
    endloop
  endfacet
  facet normal -0.1664453548124113 -1.3751221653619248e-13 -0.9860506801688088
    outer loop
      vertex -107.54702395862427 8.51682924672572 440.9760379066402
      vertex -109.28469089103359 7.400715930711694 441.2693560848309
      vertex -108.63377058015425 8.020618001178521 441.15948073635445
    endloop
  endfacet
  facet normal -0.1664453548124964 1.3095790425175538e-15 -0.9860506801687944
    outer loop
      vertex -107.54702395862427 8.51682924672572 440.9760379066402
      vertex -109.85386795292834 -1.7740765179249185 441.36543317287874
      vertex -110.33232550356253 -1.0094824897877452 441.4461968074258
    endloop
  endfacet
  facet normal -0.16644535481249828 1.8005077442982287e-15 -0.9860506801687943
    outer loop
      vertex -107.54702395862427 8.51682924672572 440.9760379066402
      vertex -110.71251798154594 5.118991950870232 441.5103732977094
      vertex -109.28469089103359 7.400715930711694 441.2693560848309
    endloop
  endfacet
  facet normal -0.16644535481238018 -7.601913031786085e-14 -0.9860506801688139
    outer loop
      vertex -109.28469089103359 7.400715930711694 441.2693560848309
      vertex -110.33232550356253 5.938371885983875 441.4461968074258
      vertex -109.85386795292834 6.702965914121048 441.36543317287874
    endloop
  endfacet
  facet normal -0.16644535481240158 -6.044894910238453e-14 -0.9860506801688105
    outer loop
      vertex -110.33232550356253 5.938371885983875 441.4461968074258
      vertex -109.28469089103359 7.400715930711694 441.2693560848309
      vertex -110.71251798154594 5.118991950870232 441.5103732977094
    endloop
  endfacet
  facet normal -0.16644535481250022 0 -0.9860506801687938
    outer loop
      vertex -105.08662109390107 2.4635295669269026 440.5607219030749
      vertex -107.54702395862427 -3.587939850529592 440.9760379066402
      vertex -107.54702395862427 8.51682924672572 440.9760379066402
    endloop
  endfacet
  facet normal -0.16644535481249778 -3.232220304352223e-14 -0.9860506801687942
    outer loop
      vertex -107.54702395862427 -3.587939850529592 440.9760379066402
      vertex -104.30232479295049 -4.522714263102238 440.4283326874745
      vertex -105.39497409052322 -4.412522592357663 440.6127718889048
    endloop
  endfacet
  facet normal -0.16644535481245215 1.3052160149204694e-13 -0.9860506801688019
    outer loop
      vertex -104.30232479295049 -4.522714263102238 440.4283326874745
      vertex -107.54702395862427 -3.587939850529592 440.9760379066402
      vertex -103.66795912518029 -4.522714263102238 440.3212517627549
    endloop
  endfacet
  facet normal -0.16644535481245368 4.166390172971375e-13 -0.9860506801688017
    outer loop
      vertex -104.74734306105061 -4.495494823969208 440.5034517711298
      vertex -105.39497409052322 -4.412522592357663 440.6127718889048
      vertex -104.30232479295049 -4.522714263102238 440.4283326874745
    endloop
  endfacet
  facet normal -0.1664453548123949 2.297243929325847e-13 -0.9860506801688117
    outer loop
      vertex -107.91137242243381 8.552895899558724 441.03753992733124
      vertex -107.65039202164073 8.698400783184548 440.9934864356774
      vertex -107.54702395862427 8.51682924672572 440.9760379066402
    endloop
  endfacet
  facet normal -0.1664453548125041 -1.0709309663510848e-13 -0.986050680168793
    outer loop
      vertex -102.80786962562675 -4.412522592357663 440.17606865523027
      vertex -107.54702395862427 -3.587939850529592 440.9760379066402
      vertex -101.96818021750956 -4.19387703934147 440.03432908314005
    endloop
  endfacet
  facet normal -0.16644535481248085 1.1329068098608024e-13 -0.9860506801687972
    outer loop
      vertex -101.96818021750956 -4.19387703934147 440.03432908314005
      vertex -107.54702395862427 -3.587939850529592 440.9760379066402
      vertex -101.16213330440088 -3.8702257750372464 439.89826836420735
    endloop
  endfacet
  facet normal -0.1664453548124887 -6.923703881785565e-14 -0.9860506801687958
    outer loop
      vertex -101.16213330440088 -3.8702257750372464 439.89826836420735
      vertex -107.54702395862427 -3.587939850529592 440.9760379066402
      vertex -100.4024407276295 -3.4466729732229604 439.7700322572483
    endloop
  endfacet
  facet normal -0.16644535481248968 -1.9073008899305997e-14 -0.9860506801687956
    outer loop
      vertex -100.4024407276295 -3.4466729732229604 439.7700322572483
      vertex -107.54702395862427 -3.587939850529592 440.9760379066402
      vertex -99.70108329294948 -2.9298983146014086 439.6516431222743
    endloop
  endfacet
  facet normal -0.166445354812492 8.923243671459003e-15 -0.9860506801687953
    outer loop
      vertex -99.70108329294948 -2.9298983146014086 439.6516431222743
      vertex -107.54702395862427 -3.587939850529592 440.9760379066402
      vertex -99.06912182607633 -2.328051644245263 439.54496802666614
    endloop
  endfacet
  facet normal -0.16644535481249748 1.1016573950983604e-15 -0.9860506801687943
    outer loop
      vertex -107.54702395862427 8.51682924672572 440.9760379066402
      vertex -110.98844952438483 4.2577482198307 441.5569505421406
      vertex -110.71251798154594 5.118991950870232 441.5103732977094
    endloop
  endfacet
  facet normal -0.16644535481249467 -9.322419372046177e-16 -0.9860506801687947
    outer loop
      vertex -107.54702395862427 8.51682924672572 440.9760379066402
      vertex -111.15576852681514 3.368223020985853 441.58519398975085
      vertex -110.98844952438483 4.2577482198307 441.5569505421406
    endloop
  endfacet
  facet normal -0.16644535481247696 -1.4140669590813954e-14 -0.9860506801687978
    outer loop
      vertex -107.54702395862427 8.51682924672572 440.9760379066402
      vertex -111.21183626821693 2.464444698098065 441.5946582244995
      vertex -111.15576852681514 3.368223020985853 441.58519398975085
    endloop
  endfacet
  facet normal -0.16644535481251788 1.1512425545294492e-14 -0.9860506801687908
    outer loop
      vertex -107.54702395862427 8.51682924672572 440.9760379066402
      vertex -111.15576852681514 1.560666375210277 441.58519398975085
      vertex -111.21183626821693 2.464444698098065 441.5946582244995
    endloop
  endfacet
  facet normal -0.16644535481254719 8.54052509749778e-14 -0.9860506801687858
    outer loop
      vertex -103.12382901082262 2.5880440324328156 440.2294025994513
      vertex -103.14652821925216 2.710419928387396 440.2332342258342
      vertex -98.05200084303853 5.837189540705648 439.37327800472934
    endloop
  endfacet
  facet normal -0.16644535481250883 3.5492076575958846e-14 -0.9860506801687924
    outer loop
      vertex -103.68743837990611 3.368589609378885 440.3245398609526
      vertex -103.80096588786 3.414778794106661 440.3437033042952
      vertex -98.05200084303853 5.837189540705648 439.37327800472934
    endloop
  endfacet
  facet normal -0.1664453548121615 -7.799031747044286e-13 -0.9860506801688511
    outer loop
      vertex -103.67013262738955 3.3611974834319778 440.3216186499278
      vertex -103.68743837990611 3.368589609378885 440.3245398609526
      vertex -98.05200084303853 5.837189540705648 439.37327800472934
    endloop
  endfacet
  facet normal -0.16644535481254713 1.1997416124407626e-13 -0.9860506801687859
    outer loop
      vertex -103.56397760322147 3.301213073528182 440.30369968184823
      vertex -103.67013262738955 3.3611974834319778 440.3216186499278
      vertex -98.05200084303853 5.837189540705648 439.37327800472934
    endloop
  endfacet
  facet normal -0.16644535481247913 -3.198578496028126e-14 -0.9860506801687974
    outer loop
      vertex -103.46597399267503 3.228015212907879 440.287156672388
      vertex -103.56397760322147 3.301213073528182 440.30369968184823
      vertex -98.05200084303853 5.837189540705648 439.37327800472934
    endloop
  endfacet
  facet normal -0.16644535481244177 -1.1176973919093651e-13 -0.9860506801688037
    outer loop
      vertex -103.37766737123309 3.1427582755593333 440.2722505146886
      vertex -103.46597399267503 3.228015212907879 440.287156672388
      vertex -98.05200084303853 5.837189540705648 439.37327800472934
    endloop
  endfacet
  facet normal -0.16644535481263262 2.7624600400164406e-13 -0.9860506801687714
    outer loop
      vertex -103.30045038706758 3.0467868143145576 440.25921628776143
      vertex -103.37766737123309 3.1427582755593333 440.2722505146886
      vertex -98.05200084303853 5.837189540705648 439.37327800472934
    endloop
  endfacet
  facet normal -0.1664453548125592 1.3422577894121079e-13 -0.9860506801687837
    outer loop
      vertex -103.23554079814595 2.941614356447953 440.24825954915144
      vertex -103.30045038706758 3.0467868143145576 440.25921628776143
      vertex -98.05200084303853 5.837189540705648 439.37327800472934
    endloop
  endfacet
  facet normal -0.16644535481228231 -3.756195944747487e-13 -0.9860506801688307
    outer loop
      vertex -103.18396226746067 2.8288995344470576 440.2395530931718
      vertex -103.23554079814595 2.941614356447953 440.24825954915144
      vertex -98.05200084303853 5.837189540705648 439.37327800472934
    endloop
  endfacet
  facet normal -0.1664453548125469 1.2841286473355097e-13 -0.9860506801687859
    outer loop
      vertex -103.80096588786 3.414778794106661 440.3437033042952
      vertex -103.9192317659479 3.4459675682842494 440.36366658451647
      vertex -98.05200084303853 5.837189540705648 439.37327800472934
    endloop
  endfacet
  facet normal 0.4757112712122632 -0.8762993299383133 -0.07614637740087012
    outer loop
      vertex -86.32890662008941 -3.5731508754608274 529.1475119750467
      vertex -101.16213330440088 -3.8702257750372464 439.89826836420735
      vertex -85.62752733279302 -3.1821095893508353 529.029119151351
    endloop
  endfacet
  facet normal -0.1664453548124975 5.00568958539481e-16 -0.9860506801687943
    outer loop
      vertex -107.54702395862427 8.51682924672572 440.9760379066402
      vertex -110.98844952438483 0.67114117636543 441.5569505421406
      vertex -111.15576852681514 1.560666375210277 441.58519398975085
    endloop
  endfacet
  facet normal -0.16644535481249131 -4.335321800144866e-15 -0.9860506801687953
    outer loop
      vertex -103.11622262224891 2.463701787566337 440.22811864106006
      vertex -103.12382901082262 2.5880440324328156 440.2294025994513
      vertex -98.05200084303853 5.837189540705648 439.37327800472934
    endloop
  endfacet
  facet normal -0.16644535481249714 4.702030406845054e-15 -0.9860506801687943
    outer loop
      vertex -103.12382901082262 2.339354145267961 440.2294025994513
      vertex -103.11622262224891 2.463701787566337 440.22811864106006
      vertex -98.05200084303853 5.837189540705648 439.37327800472934
    endloop
  endfacet
  facet normal -0.16644535481243536 -8.739790635066806e-14 -0.9860506801688047
    outer loop
      vertex -103.14652821925218 2.216962142138414 440.2332342258342
      vertex -103.12382901082262 2.339354145267961 440.2294025994513
      vertex -98.05200084303853 5.837189540705648 439.37327800472934
    endloop
  endfacet
  facet normal -0.1664453548129104 6.001064234091757e-13 -0.9860506801687247
    outer loop
      vertex -103.18396226746069 2.098455973180487 440.23955309317176
      vertex -103.14652821925218 2.216962142138414 440.2332342258342
      vertex -98.05200084303853 5.837189540705648 439.37327800472934
    endloop
  endfacet
  facet normal -0.16644535481192943 -7.847361328021652e-13 -0.9860506801688901
    outer loop
      vertex -103.23554079814596 1.985704551470801 440.2482595491515
      vertex -103.18396226746069 2.098455973180487 440.23955309317176
      vertex -98.05200084303853 5.837189540705648 439.37327800472934
    endloop
  endfacet
  facet normal -0.16644535481291484 5.792041273392403e-13 -0.9860506801687239
    outer loop
      vertex -103.30045038706757 1.880486034284153 440.25921628776143
      vertex -103.23554079814596 1.985704551470801 440.2482595491515
      vertex -98.05200084303853 5.837189540705648 439.37327800472934
    endloop
  endfacet
  facet normal -0.16644535481251427 6.675161449158365e-15 -0.9860506801687915
    outer loop
      vertex -107.54702395862427 8.51682924672572 440.9760379066402
      vertex -110.33232550356253 -1.0094824897877452 441.4461968074258
      vertex -110.71251798154594 -0.1901025546741022 441.5103732977094
    endloop
  endfacet
  facet normal -0.16644535481251274 3.653264305178384e-14 -0.9860506801687917
    outer loop
      vertex -105.7866712526762 9.239418511196673 440.67889036987617
      vertex -107.54702395862427 8.51682924672572 440.9760379066402
      vertex -106.2346634986404 9.1227664355376 440.75451146099493
    endloop
  endfacet
  facet normal -0.16644535481253495 8.554415855226519e-14 -0.9860506801687882
    outer loop
      vertex -107.54702395862427 8.51682924672572 440.9760379066402
      vertex -107.04071041174909 8.799115171233376 440.8905721799277
      vertex -106.2346634986404 9.1227664355376 440.75451146099493
    endloop
  endfacet
  facet normal -0.16644535481248568 -8.469237706545457e-15 -0.9860506801687962
    outer loop
      vertex -107.54702395862427 -3.587939850529592 440.9760379066402
      vertex -104.73686972347497 1.6992161415853608 440.501683871747
      vertex -104.63886611292854 1.626018280965058 440.48514086228676
    endloop
  endfacet
  facet normal 0.16644535481247663 0 0.9860506801687978
    outer loop
      vertex -92.22369905778393 7.863085423949332 530.1425529385294
      vertex -92.22369905778393 -3.312532953687235 530.1425529385294
      vertex -89.9600377325393 1.9108213987820575 529.7604469068282
    endloop
  endfacet
  facet normal 0.9850532253032834 -0.06278946460559805 -0.1603983368184998
    outer loop
      vertex -82.71941150445116 1.4651741509394989 528.5382291995269
      vertex -97.2525415971622 1.586990015682737 439.23832928402544
      vertex -82.66915516059419 2.275276235131049 528.5297459286838
    endloop
  endfacet
  facet normal 0.9694916354329799 -0.18737844303987972 -0.15803571719531193
    outer loop
      vertex -82.86938796345774 0.6678478605471749 528.5635452258072
      vertex -97.41498723058966 0.7233733177751158 439.265750106948
      vertex -82.71941150445116 1.4651741509394989 528.5382291995269
    endloop
  endfacet
  facet normal -0.1664453548120143 -3.3646165779036005e-13 -0.9860506801688759
    outer loop
      vertex -107.54702395862427 -3.587939850529592 440.9760379066402
      vertex -104.1624728255263 1.4655672881816415 440.40472567537324
      vertex -104.04037089062368 1.465610609455055 440.38411486876174
    endloop
  endfacet
  facet normal -0.16644535481259978 7.461673210482901e-14 -0.986050680168777
    outer loop
      vertex -107.54702395862427 -3.587939850529592 440.9760379066402
      vertex -104.40187782828998 1.5124525603865793 440.4451372398398
      vertex -104.28361195020211 1.4812637862089915 440.4251739596186
    endloop
  endfacet
  facet normal -0.1664453548121313 -2.2248198406637988e-13 -0.9860506801688561
    outer loop
      vertex -107.54702395862427 -3.587939850529592 440.9760379066402
      vertex -104.51540533624387 1.5586417451143546 440.4643006831824
      vertex -104.40187782828998 1.5124525603865793 440.4451372398398
    endloop
  endfacet
  facet normal -0.16644535481251474 2.044622338888888e-14 -0.9860506801687913
    outer loop
      vertex -107.54702395862427 -3.587939850529592 440.9760379066402
      vertex -104.04037089062368 1.465610609455055 440.38411486876174
      vertex -103.91923176594788 1.4813930668268713 440.36366658451647
    endloop
  endfacet
  facet normal -0.16644535481260175 8.468199954845545e-14 -0.9860506801687766
    outer loop
      vertex -107.54702395862427 -3.587939850529592 440.9760379066402
      vertex -103.91923176594788 1.4813930668268713 440.36366658451647
      vertex -103.80096588785999 1.5126657615163532 440.3437033042952
    endloop
  endfacet
  facet normal -0.16644535481065806 -1.3795527228873192e-12 -0.9860506801691048
    outer loop
      vertex -107.54702395862427 -3.587939850529592 440.9760379066402
      vertex -103.80096588785999 1.5126657615163532 440.3437033042952
      vertex -103.78276493703419 1.519908149447426 440.34063098379585
    endloop
  endfacet
  facet normal -0.16644535481272515 1.8385634026540996e-13 -0.9860506801687559
    outer loop
      vertex -107.54702395862427 -3.587939850529592 440.9760379066402
      vertex -103.78276493703419 1.519908149447426 440.34063098379585
      vertex -103.67013262738955 1.5658130416348093 440.3216186499278
    endloop
  endfacet
  facet normal 0.1664453548126411 3.0590917712067756e-13 0.9860506801687701
    outer loop
      vertex -83.45750500863974 -0.8385798775535633 528.6628193830339
      vertex -88.31882365508308 1.596949359226945 529.4834099705536
      vertex -88.40713027652504 1.5116297602130495 529.498316128253
    endloop
  endfacet
  facet normal -0.16644535481239178 -5.919368822807168e-14 -0.9860506801688121
    outer loop
      vertex -107.54702395862427 -3.587939850529592 440.9760379066402
      vertex -104.82517634491691 1.784473078933907 440.5165900294464
      vertex -104.73686972347497 1.6992161415853608 440.501683871747
    endloop
  endfacet
  facet normal -0.166445354812788 1.4735498628358868e-13 -0.9860506801687452
    outer loop
      vertex -107.54702395862427 -3.587939850529592 440.9760379066402
      vertex -104.90239332908241 1.8804445401786831 440.52962425637355
      vertex -104.82517634491691 1.784473078933907 440.5165900294464
    endloop
  endfacet
  facet normal -0.16644535481437894 1.139167899353334e-12 -0.9860506801684767
    outer loop
      vertex -107.54702395862427 -3.587939850529592 440.9760379066402
      vertex -104.53271108876045 1.5660338710612618 440.4672218942072
      vertex -104.51540533624387 1.5586417451143546 440.4643006831824
    endloop
  endfacet
  facet normal -0.16644535481217893 -1.8407723527184286e-13 -0.986050680168848
    outer loop
      vertex -107.54702395862427 -3.587939850529592 440.9760379066402
      vertex -104.63886611292854 1.626018280965058 440.48514086228676
      vertex -104.53271108876045 1.5660338710612618 440.4672218942072
    endloop
  endfacet
  facet normal -0.16644535481270697 1.6860762303004356e-13 -0.986050680168759
    outer loop
      vertex -107.54702395862427 -3.587939850529592 440.9760379066402
      vertex -103.67013262738955 1.5658130416348093 440.3216186499278
      vertex -103.56397760322147 1.625872778286373 440.30369968184823
    endloop
  endfacet
  facet normal -0.16644535481246345 -2.185525910898289e-14 -0.9860506801688
    outer loop
      vertex -103.56397760322147 1.625872778286373 440.30369968184823
      vertex -103.46597399267505 1.6991401814771752 440.287156672388
      vertex -107.54702395862427 -3.587939850529592 440.9760379066402
    endloop
  endfacet
  facet normal -0.16644535481266873 8.749687656620017e-14 -0.9860506801687654
    outer loop
      vertex -107.54702395862427 -3.587939850529592 440.9760379066402
      vertex -104.96730291800404 1.9856169980452876 440.54058099498354
      vertex -104.90239332908241 1.8804445401786831 440.52962425637355
    endloop
  endfacet
  facet normal -0.16644535481198802 -2.3664908882745033e-13 -0.9860506801688803
    outer loop
      vertex -107.54702395862427 -3.587939850529592 440.9760379066402
      vertex -105.01888144868931 2.098331820046183 440.54928745096316
      vertex -104.96730291800404 1.9856169980452876 440.54058099498354
    endloop
  endfacet
  facet normal -0.166445354813116 2.794561051846599e-13 -0.9860506801686899
    outer loop
      vertex -107.54702395862427 -3.587939850529592 440.9760379066402
      vertex -105.05631549689782 2.216811426105844 440.5556063183008
      vertex -105.01888144868931 2.098331820046183 440.54928745096316
    endloop
  endfacet
  facet normal 0.16644535481241815 -9.966537756382455e-14 0.9860506801688077
    outer loop
      vertex -88.17669708199594 2.754103935183827 529.4594190050165
      vertex -88.12511855131069 2.6413891131829317 529.4507125490368
      vertex -83.45750500863974 -0.8385798775535633 528.6628193830339
    endloop
  endfacet
  facet normal -0.1664453548124954 -3.84209399598279e-16 -0.9860506801687946
    outer loop
      vertex -107.54702395862427 8.51682924672572 440.9760379066402
      vertex -110.71251798154594 -0.1901025546741022 441.5103732977094
      vertex -110.98844952438483 0.67114117636543 441.5569505421406
    endloop
  endfacet
  facet normal -0.1664453548124857 -3.451046245649304e-14 -0.9860506801687964
    outer loop
      vertex -99.06912182607633 -2.328051644245263 439.54496802666614
      vertex -107.54702395862427 -3.587939850529592 440.9760379066402
      vertex -98.51652273685812 -1.6506244436718216 439.4516893004061
    endloop
  endfacet
  facet normal -0.16644535481249387 4.810049558175423e-15 -0.9860506801687949
    outer loop
      vertex -98.51652273685812 -1.6506244436718216 439.4516893004061
      vertex -107.54702395862427 -3.587939850529592 440.9760379066402
      vertex -98.05200084303853 -0.9083001445095173 439.37327800472934
    endloop
  endfacet
  facet normal -0.16644535481289 2.6722432539077975e-13 -0.986050680168728
    outer loop
      vertex -107.54702395862427 -3.587939850529592 440.9760379066402
      vertex -104.28361195020211 1.4812637862089915 440.4251739596186
      vertex -104.1624728255263 1.4655672881816415 440.40472567537324
    endloop
  endfacet
  facet normal 0.16644535481224626 0 0.9860506801688368
    outer loop
      vertex -82.71941150445116 1.4651741509394989 528.5382291995269
      vertex -82.66915516059419 2.275276235131049 528.5297459286838
      vertex -82.71941150445116 3.0853783193225994 528.5382291995269
    endloop
  endfacet
  facet normal 0.16644535481229158 0 0.9860506801688291
    outer loop
      vertex -82.86938796345774 0.6678478605471749 528.5635452258072
      vertex -82.71941150445116 1.4651741509394989 528.5382291995269
      vertex -82.86938796345774 3.8827046097149234 528.5635452258072
    endloop
  endfacet
  facet normal 0.16644535481254713 0 0.9860506801687859
    outer loop
      vertex -83.11671931926382 -0.10412832414679185 528.6052947586672
      vertex -82.86938796345774 0.6678478605471749 528.5635452258072
      vertex -83.11671931926382 4.65468079440889 528.6052947586672
    endloop
  endfacet
  facet normal 0.16644535481252246 3.557638705514846e-14 0.98605068016879
    outer loop
      vertex -92.22369905778393 7.863085423949332 530.1425529385294
      vertex -83.45750500863974 -0.8385798775535633 528.6628193830339
      vertex -83.11671931926382 -0.10412832414679185 528.6052947586672
    endloop
  endfacet
  facet normal 0.1664453548114695 -1.3813987275744125e-12 0.9860506801689677
    outer loop
      vertex -88.24160667091756 2.8592763930504317 529.4703757436265
      vertex -88.17669708199594 2.754103935183827 529.4594190050165
      vertex -83.45750500863974 -0.8385798775535633 528.6628193830339
    endloop
  endfacet
  facet normal -0.1664453548123655 0 -0.9860506801688165
    outer loop
      vertex -97.41498723058966 4.205516078421014 439.265750106948
      vertex -97.682881932375 -0.11278564439918082 439.31097073260935
      vertex -97.682881932375 5.041675040595311 439.31097073260935
    endloop
  endfacet
  facet normal 0.16644535481296807 6.589007691396465e-13 0.9860506801687147
    outer loop
      vertex -88.12511855131069 2.6413891131829317 529.4507125490368
      vertex -88.08768450310215 2.522909507123271 529.4443936816992
      vertex -83.45750500863974 -0.8385798775535633 528.6628193830339
    endloop
  endfacet
  facet normal 0.16644535481203704 -6.60077097936298e-13 0.986050680168872
    outer loop
      vertex -88.08768450310215 2.522909507123271 529.4443936816992
      vertex -88.06498529467262 2.40053361116869 529.4405620553163
      vertex -83.45750500863974 -0.8385798775535633 528.6628193830339
    endloop
  endfacet
  facet normal 0.16644535481250472 2.4204023644514687e-14 0.986050680168793
    outer loop
      vertex -88.06498529467262 2.40053361116869 529.4405620553163
      vertex -88.0573789060989 2.276191366302211 529.439278096925
      vertex -83.45750500863974 -0.8385798775535633 528.6628193830339
    endloop
  endfacet
  facet normal 0.1664453548124745 -2.2053670259126453e-14 0.9860506801687982
    outer loop
      vertex -83.45750500863974 -0.8385798775535633 528.6628193830339
      vertex -88.0573789060989 2.276191366302211 529.439278096925
      vertex -88.06498529467262 2.1518437240038355 529.4405620553163
    endloop
  endfacet
  facet normal 0.16644535481281136 5.121945689102747e-13 0.9860506801687412
    outer loop
      vertex -83.45750500863974 -0.8385798775535633 528.6628193830339
      vertex -88.06498529467262 2.1518437240038355 529.4405620553163
      vertex -88.08768450310215 2.029451720874288 529.4443936816992
    endloop
  endfacet
  facet normal 0.166445354812237 -4.411871071498079e-13 0.9860506801688382
    outer loop
      vertex -83.45750500863974 -0.8385798775535633 528.6628193830339
      vertex -88.08768450310215 2.029451720874288 529.4443936816992
      vertex -88.1251185513107 1.9109455519163612 529.4507125490368
    endloop
  endfacet
  facet normal 0.1664453548125199 5.177943697399369e-14 0.9860506801687905
    outer loop
      vertex -83.45750500863974 -0.8385798775535633 528.6628193830339
      vertex -88.1251185513107 1.9109455519163612 529.4507125490368
      vertex -88.17669708199595 1.7981941302066755 529.4594190050165
    endloop
  endfacet
  facet normal 0.1664453548128056 5.777834397488533e-13 0.9860506801687422
    outer loop
      vertex -83.45750500863974 -0.8385798775535633 528.6628193830339
      vertex -88.17669708199595 1.7981941302066755 529.4594190050165
      vertex -88.24160667091755 1.692975613020027 529.4703757436265
    endloop
  endfacet
  facet normal 0.1664453548122062 -5.877567697952643e-13 0.9860506801688433
    outer loop
      vertex -83.45750500863974 -0.8385798775535633 528.6628193830339
      vertex -88.24160667091755 1.692975613020027 529.4703757436265
      vertex -88.31882365508308 1.596949359226945 529.4834099705536
    endloop
  endfacet
endsolid OpenSCAD_Model
