solid OpenSCAD_Model
  facet normal 0.02154548137101635 0.025518246523694665 0.9994421500651485
    outer loop
      vertex -455.19814622338276 29.230966536131465 -143.5831736324639
      vertex -428.4161604382753 172.5 -147.81854162317592
      vertex -430.37340231239796 172.5 -147.7763483673334
    endloop
  endfacet
  facet normal 0.2966828086709536 -0.01230413555906729 0.9548968108058892
    outer loop
      vertex -427.2000002861023 27.58599978685379 -147.4210069077883
      vertex -413.2152698636055 172.2 -149.90261414647102
      vertex -414.632780238986 172.2 -149.462199062109
    endloop
  endfacet
  facet normal 0.23588857994202278 -0.005939038142274659 0.9717619593701332
    outer loop
      vertex -429.00622478183203 28.006850442906103 -146.8543970355143
      vertex -414.632780238986 172.2 -149.462199062109
      vertex -416.2909545004368 172.2 -149.0596885830164
    endloop
  endfacet
  facet normal 0.370498106478655 -0.019309085909837684 0.9286324958222482
    outer loop
      vertex -425.99999964237213 27.221199691295624 -147.81641742890628
      vertex -412.04504150152206 172.2 -150.36950217187405
      vertex -413.2152698636055 172.2 -149.90261414647102
    endloop
  endfacet
  facet normal 0.18597329736557877 -0.0001473939036704024 0.9825547877558845
    outer loop
      vertex -432.30444724713436 28.579628876433503 -146.05027545089976
      vertex -416.2909545004368 172.2 -149.0596885830164
      vertex -418.1759544312954 172.2 -148.70290476083755
    endloop
  endfacet
  facet normal 0.14416030848490846 0.00524052952081246 0.9895404702728826
    outer loop
      vertex -437.99999982118607 29.108799815177917 -145.05546797088653
      vertex -418.1759544312954 172.5 -148.70290476083755
      vertex -419.8141159920716 172.5 -148.46425067538667
    endloop
  endfacet
  facet normal 0.18483393734919998 0 0.9827697673432938
    outer loop
      vertex -418.1759544312954 172.5 -148.70290476083755
      vertex -436.1075179533386 28.969513490813707 -145.33043483070713
      vertex -418.1759544312954 172.2 -148.70290476083755
    endloop
  endfacet
  facet normal 0.14416030848493766 0.005240529520808824 0.9895404702728783
    outer loop
      vertex -437.99999982118607 29.108799815177917 -145.05546797088653
      vertex -419.8141159920716 172.5 -148.46425067538667
      vertex -420.27394181489944 172.5 -148.39726136624813
    endloop
  endfacet
  facet normal -0.0036123387116053264 0.030850360082471887 0.9995174867363825
    outer loop
      vertex -461.879999935627 29.141200006008148 -143.46541018394095
      vertex -431.685630305337 172.5 -147.78109086763007
      vertex -433.20360995829105 172.5 -147.7865769714117
    endloop
  endfacet
  facet normal -0.0036123387116176607 0.030850360082474684 0.9995174867363823
    outer loop
      vertex -461.879999935627 29.141200006008148 -143.46541018394095
      vertex -430.37340231239796 172.5 -147.7763483673334
      vertex -431.685630305337 172.5 -147.78109086763007
    endloop
  endfacet
  facet normal 0.10810377259744974 0.010400920088100866 0.9940852052070385
    outer loop
      vertex -440.31783452302994 29.20985788149296 -144.71833151424116
      vertex -421.24805276559874 172.5 -148.2913297336803
      vertex -422.56446073949337 172.5 -148.14817433059216
    endloop
  endfacet
  facet normal 0.0215454813710181 0.025518246523694284 0.9994421500651486
    outer loop
      vertex -455.19814622338276 29.230966536131465 -143.5831736324639
      vertex -427.6382571607828 172.5 -147.83531127870083
      vertex -428.4161604382753 172.5 -147.81854162317592
    endloop
  endfacet
  facet normal 0.04763168778409544 0.02047682363398991 0.9986550565699353
    outer loop
      vertex -449.90867500548507 29.301384840324253 -143.83690326926134
      vertex -425.0270539969206 172.5 -147.95985479652882
      vertex -427.6382571607828 172.5 -147.83531127870083
    endloop
  endfacet
  facet normal 0.04849323504294437 0.0063407552338560404 -0.9988033845447932
    outer loop
      vertex -418.4701661616564 172.5 -153.75624483823776
      vertex -436.6971546827961 29.012910647823034 -155.5520959326939
      vertex -420.7751244008541 172.5 -153.86815363168716
    endloop
  endfacet
  facet normal 0.03174776966641184 0.008751684160123957 -0.9994575964719913
    outer loop
      vertex -420.7751244008541 172.5 -153.86815363168716
      vertex -441.3255233927244 29.246631675728942 -155.77532565671675
      vertex -423.2942740172148 172.5 -153.9481744170189
    endloop
  endfacet
  facet normal 0.018456627737077458 0.010901314223156463 -0.9997702307234313
    outer loop
      vertex -423.2942740172148 172.5 -153.9481744170189
      vertex -446.40509493829165 29.316906181795797 -155.93606288830935
      vertex -425.99933618307114 172.5 -153.99811221659184
    endloop
  endfacet
  facet normal 0 1 0
    outer loop
      vertex -410.9243791663326 172.5 -150.9968623196648
      vertex -410.47531117498875 172.5 -151.31892102956772
      vertex -410.4753112033195 172.5 -151.31892116182573
    endloop
  endfacet
  facet normal 0.0069391745089490255 0.012984072974238228 -0.9998916249804947
    outer loop
      vertex -425.99933618307114 172.5 -153.99811221659184
      vertex -451.8778309840319 29.27557289699895 -156.037545044816
      vertex -427.3389733573599 172.5 -154.0074092002837
    endloop
  endfacet
  facet normal -0.07325868028161554 0 -0.9973129728241762
    outer loop
      vertex -540 22.407999753952026 -152.15609562397003
      vertex -540 22.5 -152.15609562397003
      vertex -539.1943937622165 22.5 -152.21527228306786
    endloop
  endfacet
  facet normal -0.052970563443687085 0.042756248312616346 0.9976803208636965
    outer loop
      vertex -439.04993779957294 172.5 -148.02543583512306
      vertex -478.4774493988775 28.44057096781064 -143.94502738189016
      vertex -473.8800001144409 28.705600321292877 -143.71228968696224
    endloop
  endfacet
  facet normal 0.021545481371017187 0.025518246523694527 0.9994421500651488
    outer loop
      vertex -430.37340231239796 172.5 -147.7763483673334
      vertex -460.74164599116295 29.156493080063253 -143.46176810340907
      vertex -455.19814622338276 29.230966536131465 -143.5831736324639
    endloop
  endfacet
  facet normal -0.003612338711590983 0.03085036008246865 0.9995174867363826
    outer loop
      vertex -430.37340231239796 172.5 -147.7763483673334
      vertex -461.879999935627 29.141200006008148 -143.46541018394095
      vertex -460.74164599116295 29.156493080063253 -143.46176810340907
    endloop
  endfacet
  facet normal -0.003612338711615049 0.030850360082473844 0.9995174867363824
    outer loop
      vertex -433.20360995829105 172.5 -147.7865769714117
      vertex -466.497178874041 29.00914892201883 -143.4780212596796
      vertex -461.879999935627 29.141200006008148 -143.46541018394095
    endloop
  endfacet
  facet normal -0.028392729686801288 0.036582324468099364 0.9989272177878841
    outer loop
      vertex -433.20360995829105 172.5 -147.7865769714117
      vertex -467.8799995779991 28.969600319862366 -143.51587714545693
      vertex -466.497178874041 29.00914892201883 -143.4780212596796
    endloop
  endfacet
  facet normal 0.0476316877840701 0.020476823633993085 0.9986550565699366
    outer loop
      vertex -427.6382571607828 172.5 -147.83531127870083
      vertex -450 29.300800383090973 -143.83253546335618
      vertex -449.90867500548507 29.301384840324253 -143.83690326926134
    endloop
  endfacet
  facet normal 0.047631687784092776 0.020476823633990275 0.9986550565699355
    outer loop
      vertex -450 29.300800383090973 -143.83253546335618
      vertex -427.6382571607828 172.5 -147.83531127870083
      vertex -455.19814622338276 29.230966536131465 -143.5831736324639
    endloop
  endfacet
  facet normal -0.028392729686797766 0.036582324468098615 0.9989272177878843
    outer loop
      vertex -436.1036097854376 172.5 -147.8690043091774
      vertex -472.4231627411086 28.7697011596411 -143.63768784948653
      vertex -467.8799995779991 28.969600319862366 -143.51587714545693
    endloop
  endfacet
  facet normal -0.052970563443700214 0.04275624831261984 0.9976803208636955
    outer loop
      vertex -436.1036097854376 172.5 -147.8690043091774
      vertex -473.8800001144409 28.705600321292877 -143.71228968696224
      vertex -472.4231627411086 28.7697011596411 -143.63768784948653
    endloop
  endfacet
  facet normal 0.006939174508935195 0.012984072974240595 -0.9998916249804947
    outer loop
      vertex -427.3389733573599 172.5 -154.0074092002837
      vertex -451.8778309840319 29.27557289699895 -156.037545044816
      vertex -428.8602283447981 172.5 -154.01796659827232
    endloop
  endfacet
  facet normal -0.07681930804461257 0.04923095060432724 0.9958288544795945
    outer loop
      vertex -442.0215352624655 172.5 -148.25466805696487
      vertex -480 28.35280042886734 -144.05813944534083
      vertex -478.4774493988775 28.44057096781064 -143.94502738189016
    endloop
  endfacet
  facet normal -0.0768193080446207 0.049230950604329395 0.9958288544795938
    outer loop
      vertex -442.0215352624655 172.5 -148.25466805696487
      vertex -484.6188160040253 28.036873140540926 -144.39882132773695
      vertex -480 28.35280042886734 -144.05813944534083
    endloop
  endfacet
  facet normal -0.09772196955292797 0.05533692521493799 0.993674112259373
    outer loop
      vertex -484.6188160040253 28.036873140540926 -144.39882132773695
      vertex -445.00095434486866 172.5 -148.54767629504204
      vertex -485.99999964237213 27.942400097846985 -144.52939143734778
    endloop
  endfacet
  facet normal -0.09772196955292323 0.05533692521493663 0.9936741122593734
    outer loop
      vertex -445.00095434486866 172.5 -148.54767629504204
      vertex -490.81381539520385 27.56788523844558 -144.98194529793145
      vertex -485.99999964237213 27.942400097846985 -144.52939143734778
    endloop
  endfacet
  facet normal 0.09861625506507347 0.0003509584877907648 -0.9951254750357265
    outer loop
      vertex -415.5807652471237 172.5 -153.5295967877883
      vertex -429.5999997854233 28.14520013332367 -154.96980406542949
      vertex -416.4046678841114 172.5 -153.61124497652054
    endloop
  endfacet
  facet normal 0.07002811615815695 0.00358937551992486 -0.9975385603227158
    outer loop
      vertex -416.4046678841114 172.5 -153.61124497652054
      vertex -432.5648929355169 28.6094238880846 -155.263459230727
      vertex -418.4701661616564 172.5 -153.75624483823776
    endloop
  endfacet
  facet normal 0.07624030465512079 0.015457378393986785 0.9969696511926927
    outer loop
      vertex -447.00000017881393 29.319999635219574 -144.05962418217067
      vertex -422.56446073949337 172.5 -148.14817433059216
      vertex -425.0270539969206 172.5 -147.95985479652882
    endloop
  endfacet
  facet normal 0.1081037725974763 0.010400920088097291 0.9940852052070355
    outer loop
      vertex -440.31783452302994 29.20985788149296 -144.71833151424116
      vertex -420.27394181489944 172.5 -148.39726136624813
      vertex -421.24805276559874 172.5 -148.2913297336803
    endloop
  endfacet
  facet normal 0.048493235043005914 0.00634075523384725 -0.9988033845447903
    outer loop
      vertex -440.99999964237213 29.23960041999817 -155.75956568182087
      vertex -441.3255233927244 29.246631675728942 -155.77532565671675
      vertex -420.7751244008541 172.5 -153.86815363168716
    endloop
  endfacet
  facet normal 0.13912192047811495 -0.003727278689621818 -0.9902682457981025
    outer loop
      vertex -414.6014937609434 172.2 -153.43255165219307
      vertex -427.2000002861023 27.58599978685379 -154.65819101493216
      vertex -428.94422560509923 27.99240462276337 -154.90476537621834
    endloop
  endfacet
  facet normal 0.0986162550650771 0.0003509584877904094 -0.995125475035726
    outer loop
      vertex -429.5999997854233 28.14520013332367 -154.96980406542949
      vertex -415.5807652471237 172.5 -153.5295967877883
      vertex -428.97338748552113 27.999199346529043 -154.90775870559534
    endloop
  endfacet
  facet normal 0.09861625506507538 0.0003509584877905882 -0.9951254750357262
    outer loop
      vertex -416.4046678841114 172.5 -153.61124497652054
      vertex -429.5999997854233 28.14520013332367 -154.96980406542949
      vertex -432.00000017881393 28.544800102710724 -155.20750153563185
    endloop
  endfacet
  facet normal 0.098616255065102 0.0003509584877876773 -0.9951254750357237
    outer loop
      vertex -432.00000017881393 28.544800102710724 -155.20750153563185
      vertex -432.5648929355169 28.6094238880846 -155.263459230727
      vertex -416.4046678841114 172.5 -153.61124497652054
    endloop
  endfacet
  facet normal 0.07002811615814997 0.003589375519925549 -0.9975385603227163
    outer loop
      vertex -435 28.88800036907196 -155.43340358326714
      vertex -418.4701661616564 172.5 -153.75624483823776
      vertex -432.5648929355169 28.6094238880846 -155.263459230727
    endloop
  endfacet
  facet normal 0.0700281161581726 0.0035893755199229264 -0.9975385603227147
    outer loop
      vertex -435 28.88800036907196 -155.43340358326714
      vertex -436.6971546827961 29.012910647823034 -155.5520959326939
      vertex -418.4701661616564 172.5 -153.75624483823776
    endloop
  endfacet
  facet normal 0.048493235042932514 0.006340755233857361 -0.9988033845447938
    outer loop
      vertex -437.99999982118607 29.108799815177917 -155.6147420618009
      vertex -420.7751244008541 172.5 -153.86815363168716
      vertex -436.6971546827961 29.012910647823034 -155.5520959326939
    endloop
  endfacet
  facet normal 0.0484932350429466 0.006340755233855661 -0.9988033845447931
    outer loop
      vertex -437.99999982118607 29.108799815177917 -155.6147420618009
      vertex -440.99999964237213 29.23960041999817 -155.75956568182087
      vertex -420.7751244008541 172.5 -153.86815363168716
    endloop
  endfacet
  facet normal 0.1021087775362915 -2.956879790680477e-14 -0.9947732392611113
    outer loop
      vertex -414.6014937609434 172.2 -153.43255165219307
      vertex -428.94422560509923 27.99240462276337 -154.90476537621834
      vertex -428.97338748552113 27.999199346529043 -154.90775870559534
    endloop
  endfacet
  facet normal 0.03174776966640563 0.00875168416012474 -0.9994575964719915
    outer loop
      vertex -444.00000035762787 29.30439990758896 -155.85977457144617
      vertex -423.2942740172148 172.5 -153.9481744170189
      vertex -441.3255233927244 29.246631675728942 -155.77532565671675
    endloop
  endfacet
  facet normal 0.03174776966641225 0.008751684160123781 -0.9994575964719914
    outer loop
      vertex -444.00000035762787 29.30439990758896 -155.85977457144617
      vertex -446.40509493829165 29.316906181795797 -155.93606288830935
      vertex -423.2942740172148 172.5 -153.9481744170189
    endloop
  endfacet
  facet normal 0.018456627737079706 0.01090131422315614 -0.9997702307234312
    outer loop
      vertex -447.00000017881393 29.319999635219574 -155.9470116258482
      vertex -425.99933618307114 172.5 -153.99811221659184
      vertex -446.40509493829165 29.316906181795797 -155.93606288830935
    endloop
  endfacet
  facet normal 0.01845662773707802 0.01090131422315639 -0.9997702307234313
    outer loop
      vertex -447.00000017881393 29.319999635219574 -155.9470116258482
      vertex -450 29.300800383090973 -156.00260357616165
      vertex -425.99933618307114 172.5 -153.99811221659184
    endloop
  endfacet
  facet normal -0.0032259598152422574 0.015027865659180953 -0.9998818712412982
    outer loop
      vertex -428.8602283447981 172.5 -154.01796659827232
      vertex -457.674436362166 29.197699125183835 -156.07878428913426
      vertex -430.6384721190204 172.5 -154.01222937758422
    endloop
  endfacet
  facet normal -0.003225959815262144 0.015027865659185144 -0.999881871241298
    outer loop
      vertex -430.6384721190204 172.5 -154.01222937758422
      vertex -461.879999935627 29.141200006008148 -156.0660648686893
      vertex -431.84385900199413 172.5 -154.00834038853645
    endloop
  endfacet
  facet normal 0 1 0
    outer loop
      vertex -431.84385900199413 172.5 -154.00834038853645
      vertex -433.83828497975037 172.5 -153.98295593452985
      vertex -431.8438589211618 172.5 -154.00834024896267
    endloop
  endfacet
  facet normal 0.9754157255222274 -0.06527576921551134 0.21048333985679274
    outer loop
      vertex -420.0695410639408 22.2 -152.01987940036406
      vertex -420.0311207771301 22.2 -152.19792556762695
      vertex -420.1656326704763 22.47635932236336 -151.48886905280568
    endloop
  endfacet
  facet normal 0.975415725522207 -0.06527576921565068 0.21048333985684403
    outer loop
      vertex -410.0890454649925 172.2 -151.75271798670292
      vertex -420.1656326704763 22.47635932236336 -151.48886905280568
      vertex -420.0311207771301 22.2 -152.19792556762695
    endloop
  endfacet
  facet normal 0.5823938899587077 -0.036857467301788835 0.8120707383244776
    outer loop
      vertex -420.85390317369365 24.04856489388592 -150.5998434126495
      vertex -410.47531117498875 172.2 -151.31892102956772
      vertex -421.1999997496605 24.488800287246704 -150.3316518838623
    endloop
  endfacet
  facet normal 0.7459393332413596 -0.049032153603172215 0.6642065635301045
    outer loop
      vertex -410.47531117498875 172.2 -151.31892102956772
      vertex -420.85390317369365 24.04856489388592 -150.5998434126495
      vertex -420.6000003218651 23.72560006380081 -150.90883130350605
    endloop
  endfacet
  facet normal 0.4642023723279763 -0.02742512567007142 0.8853044787004412
    outer loop
      vertex -422.40000039339066 25.51000040769577 -149.48415161908684
      vertex -422.1101046440751 25.26329922827097 -149.64379850759715
      vertex -411.1305187344551 172.2 -150.84902492165565
    endloop
  endfacet
  facet normal 0.58239388995869 -0.036857467301787454 0.8120707383244904
    outer loop
      vertex -411.1305187344551 172.2 -150.84902492165565
      vertex -422.1101046440751 25.26329922827097 -149.64379850759715
      vertex -421.1999997496605 24.488800287246704 -150.3316518838623
    endloop
  endfacet
  facet normal 0.7459393332413613 -0.04903215360317231 0.6642065635301027
    outer loop
      vertex -420.6000003218651 23.72560006380081 -150.90883130350605
      vertex -420.1656326704763 22.47635932236336 -151.48886905280568
      vertex -410.0890454649925 172.2 -151.75271798670292
    endloop
  endfacet
  facet normal 0.7194500398522377 -0.047568067304087754 -0.6929133561489252
    outer loop
      vertex -420.52589847414356 23.512483256198887 -152.8017530476254
      vertex -410.2978217750788 172.2 -152.38927379250526
      vertex -420.0311207771301 22.2 -152.19792556762695
    endloop
  endfacet
  facet normal 0.4372418882716895 -0.027583737104800728 -0.8989208355511294
    outer loop
      vertex -410.2978217750788 172.2 -152.38927379250526
      vertex -420.52589847414356 23.512483256198887 -152.8017530476254
      vertex -420.6000003218651 23.72560006380081 -152.84433631892338
    endloop
  endfacet
  facet normal 0.43724188827173405 -0.027583737104803836 -0.8989208355511077
    outer loop
      vertex -410.2978217750788 172.2 -152.38927379250526
      vertex -420.6000003218651 23.72560006380081 -152.84433631892338
      vertex -421.1999997496605 24.488800287246704 -153.15959967236356
    endloop
  endfacet
  facet normal 0 1 0
    outer loop
      vertex -445.0009543568465 172.5 -148.54767634854772
      vertex -445.00095434486866 172.5 -148.54767629504204
      vertex -442.4116867288766 172.5 -148.2930371452316
    endloop
  endfacet
  facet normal 0.4372418882717858 -0.027583737104807788 -0.8989208355510824
    outer loop
      vertex -421.6996603162258 24.91401125144588 -153.41568611286684
      vertex -410.2978217750788 172.2 -152.38927379250526
      vertex -421.1999997496605 24.488800287246704 -153.15959967236356
    endloop
  endfacet
  facet normal 0.1978583362065904 -0.00901848033336568 -0.9801891377719081
    outer loop
      vertex -411.84589226543903 172.2 -152.96987563371658
      vertex -423.50234841075826 26.16810162460552 -153.9792126864453
      vertex -423.60000014305115 26.226399660110474 -153.9994607877566
    endloop
  endfacet
  facet normal 0.2879359008309507 -0.016365342558802783 -0.9575098394145106
    outer loop
      vertex -422.40000039339066 25.51000040769577 -153.63647404528027
      vertex -411.84589226543903 172.2 -152.96987563371658
      vertex -421.6996603162258 24.91401125144588 -153.41568611286684
    endloop
  endfacet
  facet normal 0.2879359008309718 -0.01636534255880433 -0.9575098394145043
    outer loop
      vertex -411.84589226543903 172.2 -152.96987563371658
      vertex -422.40000039339066 25.51000040769577 -153.63647404528027
      vertex -423.50234841075826 26.16810162460552 -153.9792126864453
    endloop
  endfacet
  facet normal 0.19785833620660398 -0.009018480333366828 -0.9801891377719053
    outer loop
      vertex -411.84589226543903 172.2 -152.96987563371658
      vertex -423.60000014305115 26.226399660110474 -153.9994607877566
      vertex -424.79999989271164 26.77840006351471 -154.2467683219426
    endloop
  endfacet
  facet normal 0.1978583362065881 -0.009018480333365365 -0.9801891377719085
    outer loop
      vertex -411.84589226543903 172.2 -152.96987563371658
      vertex -424.79999989271164 26.77840006351471 -154.2467683219426
      vertex -425.9236244892512 27.19301727760493 -154.47739494457292
    endloop
  endfacet
  facet normal 0.13912192047826089 -0.003727278689633408 -0.9902682457980818
    outer loop
      vertex -425.99999964237213 27.221199691295624 -154.48823089910798
      vertex -414.6014937609434 172.2 -153.43255165219307
      vertex -425.9236244892512 27.19301727760493 -154.47739494457292
    endloop
  endfacet
  facet normal 0.1391219204781105 -0.003727278689621435 -0.990268245798103
    outer loop
      vertex -414.6014937609434 172.2 -153.43255165219307
      vertex -425.99999964237213 27.221199691295624 -154.48823089910798
      vertex -427.2000002861023 27.58599978685379 -154.65819101493216
    endloop
  endfacet
  facet normal -0.012724799292451775 0.017138225027917012 -0.9997721544061222
    outer loop
      vertex -431.84385900199413 172.5 -154.00834038853645
      vertex -463.7293759885559 29.08830794448085 -156.06089309971966
      vertex -433.83828497975037 172.5 -153.98295593452985
    endloop
  endfacet
  facet normal 0 1 0
    outer loop
      vertex -453.68170124481327 172.5 -149.6463070539419
      vertex -453.6817014068365 172.5 -149.64630702137947
      vertex -452.70935908829415 172.5 -149.51119611607766
    endloop
  endfacet
  facet normal 0 1 0
    outer loop
      vertex -437.5176470328228 172.5 -153.91221895599412
      vertex -438.0457676053047 172.5 -153.9006431698799
      vertex -438.04576763485477 172.5 -153.90064315352697
    endloop
  endfacet
  facet normal 0 1 0
    outer loop
      vertex -456.18400429189205 172.5 -152.9434026926756
      vertex -453.38929460580914 172.5 -153.14676348547718
      vertex -453.3892946988344 172.5 -153.14676350355148
    endloop
  endfacet
  facet normal 0 1 0
    outer loop
      vertex -453.0770991672575 172.5 -153.16763216452475
      vertex -453.3892946988344 172.5 -153.14676350355148
      vertex -453.38929460580914 172.5 -153.14676348547718
    endloop
  endfacet
  facet normal 0 1 0
    outer loop
      vertex -453.38929460580914 172.5 -153.14676348547718
      vertex -456.18400429189205 172.5 -152.9434026926756
      vertex -456.1840041493776 172.5 -152.94340248962655
    endloop
  endfacet
  facet normal -0.03128680759139863 0.021873908605074318 -0.9992710682257722
    outer loop
      vertex -438.0457676053047 172.5 -153.9006431698799
      vertex -482.91221169197826 28.15360497659616 -155.6556144729895
      vertex -441.19726145267487 172.5 -153.80197106301785
    endloop
  endfacet
  facet normal -0.04036872844577214 0.024493547916582793 -0.9988845938716492
    outer loop
      vertex -441.19726145267487 172.5 -153.80197106301785
      vertex -482.91221169197826 28.15360497659616 -155.6556144729895
      vertex -442.39150176303167 172.5 -153.75370726649564
    endloop
  endfacet
  facet normal -0.0403687284457631 0.024493547916580136 -0.9988845938716495
    outer loop
      vertex -442.39150176303167 172.5 -153.75370726649564
      vertex -485.99999964237213 27.942400097846985 -155.53600414244409
      vertex -444.3385271281004 172.5 -153.67502056062222
    endloop
  endfacet
  facet normal -0.028392729686803054 0.03658232446809978 0.9989272177878842
    outer loop
      vertex -467.8799995779991 28.969600319862366 -143.51587714545693
      vertex -433.20360995829105 172.5 -147.7865769714117
      vertex -436.1036097854376 172.5 -147.8690043091774
    endloop
  endfacet
  facet normal -0.012724799292435248 0.017138225027913366 -0.9997721544061227
    outer loop
      vertex -433.83828497975037 172.5 -153.98295593452985
      vertex -467.8799995779991 28.969600319862366 -156.01010011263045
      vertex -434.9165351241827 172.5 -153.9692322909832
    endloop
  endfacet
  facet normal -0.02190945363262056 0.01937861163290354 -0.9995721310904486
    outer loop
      vertex -434.9165351241827 172.5 -153.9692322909832
      vertex -476.41061089468985 28.559718094538365 -155.8502874282478
      vertex -437.5176470328228 172.5 -153.91221895599412
    endloop
  endfacet
  facet normal -0.02190945363262087 0.019378611632903626 -0.9995721310904488
    outer loop
      vertex -437.5176470328228 172.5 -153.91221895599412
      vertex -476.41061089468985 28.559718094538365 -155.8502874282478
      vertex -438.0457676053047 172.5 -153.9006431698799
    endloop
  endfacet
  facet normal -0.04982212259208384 0.02743111960134321 -0.9983813348504849
    outer loop
      vertex -444.3385271281004 172.5 -153.67502056062222
      vertex -495.9089539594098 27.139430152835555 -155.09537468742863
      vertex -447.4370746612549 172.5 -153.52039405703545
    endloop
  endfacet
  facet normal -0.058706552577217574 0.03038755677130778 -0.9978126763466021
    outer loop
      vertex -447.4370746612549 172.5 -153.52039405703545
      vertex -495.9089539594098 27.139430152835555 -155.09537468742863
      vertex -450.46402499079704 172.5 -153.34230269491673
    endloop
  endfacet
  facet normal -0.06665922190482859 0.03320536118390202 -0.997223120532055
    outer loop
      vertex -453.0770991672575 172.5 -153.16763216452475
      vertex -504.00000035762787 26.3968003988266 -154.62861768762093
      vertex -453.3892946988344 172.5 -153.14676350355148
    endloop
  endfacet
  facet normal -0.07252895518247282 0.03540769539032192 -0.9967376012608761
    outer loop
      vertex -453.3892946988344 172.5 -153.14676350355148
      vertex -514.4388460520815 25.315267854350132 -153.93294031369518
      vertex -456.18400429189205 172.5 -152.9434026926756
    endloop
  endfacet
  facet normal -0.06665922190483797 0.03320536118390527 -0.9972231205320542
    outer loop
      vertex -450.46402499079704 172.5 -153.34230269491673
      vertex -502.2778361884937 26.55833934641292 -154.73835658371533
      vertex -453.0770991672575 172.5 -153.16763216452475
    endloop
  endfacet
  facet normal -0.1373086742837109 0.06847222648202747 0.9881588344831227
    outer loop
      vertex -503.1198767081442 26.479355970839748 -146.39777228448466
      vertex -452.70935908829415 172.5 -149.51119611607766
      vertex -453.6817014068365 172.5 -149.64630702137947
    endloop
  endfacet
  facet normal 0.5823938899586896 -0.03685746730178743 0.8120707383244905
    outer loop
      vertex -421.1999997496605 24.488800287246704 -150.3316518838623
      vertex -410.47531117498875 172.2 -151.31892102956772
      vertex -411.1305187344551 172.2 -150.84902492165565
    endloop
  endfacet
  facet normal 0.7459393332413646 -0.04903215360317256 0.6642065635300988
    outer loop
      vertex -420.6000003218651 23.72560006380081 -150.90883130350605
      vertex -410.0890454649925 172.2 -151.75271798670292
      vertex -410.47531117498875 172.2 -151.31892102956772
    endloop
  endfacet
  facet normal 0.46420237232796163 -0.02742512567007034 0.8853044787004488
    outer loop
      vertex -423.60000014305115 26.226399660110474 -148.83274853236657
      vertex -411.1305187344551 172.2 -150.84902492165565
      vertex -412.04504150152206 172.2 -150.36950217187405
    endloop
  endfacet
  facet normal 0 1 0
    outer loop
      vertex -441.19726145267487 172.5 -153.80197106301785
      vertex -442.39150176303167 172.5 -153.75370726649564
      vertex -441.19726141078837 172.5 -153.80197095435685
    endloop
  endfacet
  facet normal 0 1 0
    outer loop
      vertex -441.19726141078837 172.5 -153.80197095435685
      vertex -438.04576763485477 172.5 -153.90064315352697
      vertex -441.19726145267487 172.5 -153.80197106301785
    endloop
  endfacet
  facet normal 0.4372418882717528 -0.02758373710480513 -0.8989208355510985
    outer loop
      vertex -410.2978217750788 172.2 -152.38927379250526
      vertex -421.6996603162258 24.91401125144588 -153.41568611286684
      vertex -410.91753128170967 172.2 -152.69070518016815
    endloop
  endfacet
  facet normal 0 1 0
    outer loop
      vertex -438.0457676053047 172.5 -153.9006431698799
      vertex -441.19726145267487 172.5 -153.80197106301785
      vertex -438.04576763485477 172.5 -153.90064315352697
    endloop
  endfacet
  facet normal -0.1457899795886916 0.07165365433225164 0.986717302813913
    outer loop
      vertex -510 25.79199981689453 -147.3138043643717
      vertex -453.6817014068365 172.5 -149.64630702137947
      vertex -456.38556008040905 172.5 -150.04580898582935
    endloop
  endfacet
  facet normal 0.18483393734914877 6.635997162019905e-15 0.9827697673433036
    outer loop
      vertex -436.0703798110704 28.966780130236714 -145.3374195684243
      vertex -418.1759544312954 172.2 -148.70290476083755
      vertex -436.1075179533386 28.969513490813707 -145.33043483070713
    endloop
  endfacet
  facet normal -0.13730867428368923 0.06847222648201996 0.9881588344831264
    outer loop
      vertex -503.1198767081442 26.479355970839748 -146.39777228448466
      vertex -450.86292542517185 172.5 -149.25462667644024
      vertex -452.70935908829415 172.5 -149.51119611607766
    endloop
  endfacet
  facet normal -0.12594792994782825 0.06444139448908053 0.9899416273791903
    outer loop
      vertex -497.00393759246094 27.045261592373553 -145.65649410846828
      vertex -449.9440400198901 172.5 -149.13771906143177
      vertex -450.86292542517185 172.5 -149.25462667644024
    endloop
  endfacet
  facet normal -0.1259479299478037 0.06444139448907252 0.989941627379194
    outer loop
      vertex -497.00393759246094 27.045261592373553 -145.65649410846828
      vertex -447.95931555330753 172.5 -148.88520726561546
      vertex -449.9440400198901 172.5 -149.13771906143177
    endloop
  endfacet
  facet normal -0.11315309745238493 0.06016744866185185 0.9917541301443894
    outer loop
      vertex -492.00000017881393 27.47560006380081 -145.11168301718848
      vertex -445.00095434486866 172.5 -148.54767629504204
      vertex -447.95931555330753 172.5 -148.88520726561546
    endloop
  endfacet
  facet normal -0.09772196955292847 0.05533692521493803 0.9936741122593729
    outer loop
      vertex -484.6188160040253 28.036873140540926 -144.39882132773695
      vertex -442.4116867288766 172.5 -148.2930371452316
      vertex -445.00095434486866 172.5 -148.54767629504204
    endloop
  endfacet
  facet normal -0.09772196955290632 0.05533692521493172 0.9936741122593754
    outer loop
      vertex -484.6188160040253 28.036873140540926 -144.39882132773695
      vertex -442.0215352624655 172.5 -148.25466805696487
      vertex -442.4116867288766 172.5 -148.2930371452316
    endloop
  endfacet
  facet normal -0.0768193080446168 0.04923095060432836 0.9958288544795941
    outer loop
      vertex -478.4774493988775 28.44057096781064 -143.94502738189016
      vertex -439.04993779957294 172.5 -148.02543583512306
      vertex -442.0215352624655 172.5 -148.25466805696487
    endloop
  endfacet
  facet normal -0.052970563443686225 0.042756248312616145 0.9976803208636964
    outer loop
      vertex -473.8800001144409 28.705600321292877 -143.71228968696224
      vertex -436.1036097854376 172.5 -147.8690043091774
      vertex -439.04993779957294 172.5 -148.02543583512306
    endloop
  endfacet
  facet normal 0.19785833620660515 -0.009018480333367065 -0.9801891377719051
    outer loop
      vertex -411.84589226543903 172.2 -152.96987563371658
      vertex -425.9236244892512 27.19301727760493 -154.47739494457292
      vertex -413.0768881291151 172.2 -153.21836113929749
    endloop
  endfacet
  facet normal 0.2358885799420312 -0.005939038142275813 0.9717619593701311
    outer loop
      vertex -416.2909545004368 172.2 -149.0596885830164
      vertex -432.30444724713436 28.579628876433503 -146.05027545089976
      vertex -432.00000017881393 28.544800102710724 -146.12439075798164
    endloop
  endfacet
  facet normal 0.9754157255222071 -0.06527576921565068 0.21048333985684298
    outer loop
      vertex -410.0890454649925 172.2 -151.75271798670292
      vertex -420.0311207771301 22.2 -152.19792556762695
      vertex -410.0150417089462 172.2 -152.09566402435303
    endloop
  endfacet
  facet normal 0 1 0
    outer loop
      vertex -468 172.5 -152.07544621825218
      vertex -468 172.5 -152.07544606746205
      vertex -467.04817427385893 172.5 -152.128755186722
    endloop
  endfacet
  facet normal 0.7194500398522311 -0.04756806730408732 -0.6929133561489322
    outer loop
      vertex -420.0311207771301 22.2 -152.19792556762695
      vertex -410.2978217750788 172.2 -152.38927379250526
      vertex -410.0150417089462 172.2 -152.09566402435303
    endloop
  endfacet
  facet normal 0 1 0
    outer loop
      vertex -456.18400429189205 172.5 -152.9434026926756
      vertex -468 172.5 -152.07544621825218
      vertex -467.04817427385893 172.5 -152.128755186722
    endloop
  endfacet
  facet normal 0 1 0
    outer loop
      vertex -463.4502489626556 172.5 -152.38385892116182
      vertex -461.24697095435687 172.5 -152.55473029045643
      vertex -465.3948132780083 172.5 -152.2400622406639
    endloop
  endfacet
  facet normal 0 1 0
    outer loop
      vertex -467.04817427385893 172.5 -152.128755186722
      vertex -465.3948132780083 172.5 -152.2400622406639
      vertex -458.81446058091285 172.5 -152.74365145228217
    endloop
  endfacet
  facet normal 0.2879359008309636 -0.016365342558803658 -0.9575098394145066
    outer loop
      vertex -410.91753128170967 172.2 -152.69070518016815
      vertex -421.6996603162258 24.91401125144588 -153.41568611286684
      vertex -411.84589226543903 172.2 -152.96987563371658
    endloop
  endfacet
  facet normal 0.1859732973655819 -0.0001473939036707338 0.9825547877558839
    outer loop
      vertex -432.30444724713436 28.579628876433503 -146.05027545089976
      vertex -418.1759544312954 172.2 -148.70290476083755
      vertex -435 28.88800036907196 -145.54002778634313
    endloop
  endfacet
  facet normal 0 1 0
    outer loop
      vertex -456.18400429189205 172.5 -152.9434026926756
      vertex -467.04817427385893 172.5 -152.128755186722
      vertex -458.81446058091285 172.5 -152.74365145228217
    endloop
  endfacet
  facet normal 0.1391219204781161 -0.0037272786896219577 -0.9902682457981022
    outer loop
      vertex -413.0768881291151 172.2 -153.21836113929749
      vertex -425.9236244892512 27.19301727760493 -154.47739494457292
      vertex -414.6014937609434 172.2 -153.43255165219307
    endloop
  endfacet
  facet normal 0 1 0
    outer loop
      vertex -458.81446058091285 172.5 -152.74365145228217
      vertex -465.3948132780083 172.5 -152.2400622406639
      vertex -461.24697095435687 172.5 -152.55473029045643
    endloop
  endfacet
  facet normal 0 1 0
    outer loop
      vertex -447.9593153526971 172.5 -148.88520746887966
      vertex -449.9440400198901 172.5 -149.13771906143177
      vertex -447.95931555330753 172.5 -148.88520726561546
    endloop
  endfacet
  facet normal 0 1 0
    outer loop
      vertex -447.9593153526971 172.5 -148.88520746887966
      vertex -447.95931555330753 172.5 -148.88520726561546
      vertex -445.00095434486866 172.5 -148.54767629504204
    endloop
  endfacet
  facet normal 0.1021087775359922 0 -0.994773239261142
    outer loop
      vertex -428.97338748552113 27.999199346529043 -154.90775870559534
      vertex -414.6014937609434 172.5 -153.43255165219307
      vertex -414.6014937609434 172.2 -153.43255165219307
    endloop
  endfacet
  facet normal 0 1 0
    outer loop
      vertex -445.0009543568465 172.5 -148.54767634854772
      vertex -447.9593153526971 172.5 -148.88520746887966
      vertex -445.00095434486866 172.5 -148.54767629504204
    endloop
  endfacet
  facet normal 0.09861625506508433 0.00035095848778973364 -0.9951254750357255
    outer loop
      vertex -414.6014937609434 172.5 -153.43255165219307
      vertex -428.97338748552113 27.999199346529043 -154.90775870559534
      vertex -415.5807652471237 172.5 -153.5295967877883
    endloop
  endfacet
  facet normal 0.23588857994201298 -0.005939038142273568 0.9717619593701357
    outer loop
      vertex -429.5999997854233 28.14520013332367 -146.70941666750122
      vertex -416.2909545004368 172.2 -149.0596885830164
      vertex -432.00000017881393 28.544800102710724 -146.12439075798164
    endloop
  endfacet
  facet normal 0.185973297365573 -0.00014739390366970813 0.9825547877558855
    outer loop
      vertex -418.1759544312954 172.2 -148.70290476083755
      vertex -436.0703798110704 28.966780130236714 -145.3374195684243
      vertex -435 28.88800036907196 -145.54002778634313
    endloop
  endfacet
  facet normal 0.14416030848490485 0.005240529520812826 0.989540470272883
    outer loop
      vertex -420.27394181489944 172.5 -148.39726136624813
      vertex -440.31783452302994 29.20985788149296 -144.71833151424116
      vertex -437.99999982118607 29.108799815177917 -145.05546797088653
    endloop
  endfacet
  facet normal 0.14416030848492292 0.005240529520810384 0.9895404702728804
    outer loop
      vertex -418.1759544312954 172.5 -148.70290476083755
      vertex -437.99999982118607 29.108799815177917 -145.05546797088653
      vertex -436.1075179533386 28.969513490813707 -145.33043483070713
    endloop
  endfacet
  facet normal 0.10810377259745702 0.010400920088100063 0.9940852052070378
    outer loop
      vertex -422.56446073949337 172.5 -148.14817433059216
      vertex -444.00000035762787 29.30439990758896 -144.3188962425851
      vertex -440.99999964237213 29.23960041999817 -144.64445930209632
    endloop
  endfacet
  facet normal 0.1081037725974833 0.01040092008809592 0.9940852052070349
    outer loop
      vertex -422.56446073949337 172.5 -148.14817433059216
      vertex -444.93178765293817 29.30924511721659 -144.21761787457808
      vertex -444.00000035762787 29.30439990758896 -144.3188962425851
    endloop
  endfacet
  facet normal 0.07624030465511066 0.015457378393988586 0.9969696511926935
    outer loop
      vertex -422.56446073949337 172.5 -148.14817433059216
      vertex -447.00000017881393 29.319999635219574 -144.05962418217067
      vertex -444.93178765293817 29.30924511721659 -144.21761787457808
    endloop
  endfacet
  facet normal 0.076240304655126 0.01545737839398599 0.9969696511926924
    outer loop
      vertex -425.0270539969206 172.5 -147.95985479652882
      vertex -449.90867500548507 29.301384840324253 -143.83690326926134
      vertex -447.00000017881393 29.319999635219574 -144.05962418217067
    endloop
  endfacet
  facet normal 0.10810377259748706 0.010400920088096127 0.9940852052070346
    outer loop
      vertex -440.31783452302994 29.20985788149296 -144.71833151424116
      vertex -422.56446073949337 172.5 -148.14817433059216
      vertex -440.99999964237213 29.23960041999817 -144.64445930209632
    endloop
  endfacet
  facet normal 0 1 0
    outer loop
      vertex -430.6384721190204 172.5 -154.01222937758422
      vertex -431.84385900199413 172.5 -154.00834038853645
      vertex -431.8438589211618 172.5 -154.00834024896267
    endloop
  endfacet
  facet normal 0.23588857994205847 -0.005939038142277945 0.9717619593701247
    outer loop
      vertex -429.5999997854233 28.14520013332367 -146.70941666750122
      vertex -429.00622478183203 28.006850442906103 -146.8543970355143
      vertex -416.2909545004368 172.2 -149.0596885830164
    endloop
  endfacet
  facet normal 0.2966828086709587 -0.012304135559067737 0.9548968108058878
    outer loop
      vertex -414.632780238986 172.2 -149.462199062109
      vertex -429.00622478183203 28.006850442906103 -146.8543970355143
      vertex -427.2000002861023 27.58599978685379 -147.4210069077883
    endloop
  endfacet
  facet normal 0.37049810647867437 -0.019309085909839437 0.9286324958222404
    outer loop
      vertex -413.2152698636055 172.2 -149.90261414647102
      vertex -426.1971150718513 27.281122765408703 -147.73652796402158
      vertex -425.99999964237213 27.221199691295624 -147.81641742890628
    endloop
  endfacet
  facet normal 0.3704981064786505 -0.01930908590983725 0.92863249582225
    outer loop
      vertex -425.99999964237213 27.221199691295624 -147.81641742890628
      vertex -424.79999989271164 26.77840006351471 -148.30439054326138
      vertex -412.04504150152206 172.2 -150.36950217187405
    endloop
  endfacet
  facet normal 0.2966828086709491 -0.012304135559066818 0.9548968108058907
    outer loop
      vertex -427.2000002861023 27.58599978685379 -147.4210069077883
      vertex -426.1971150718513 27.281122765408703 -147.73652796402158
      vertex -413.2152698636055 172.2 -149.90261414647102
    endloop
  endfacet
  facet normal 0.464202372327976 -0.02742512567007163 0.8853044787004412
    outer loop
      vertex -412.04504150152206 172.2 -150.36950217187405
      vertex -423.89306161746737 26.361208064983703 -148.6749079560802
      vertex -423.60000014305115 26.226399660110474 -148.83274853236657
    endloop
  endfacet
  facet normal 0.37049810647865317 -0.0193090859098375 0.9286324958222489
    outer loop
      vertex -424.79999989271164 26.77840006351471 -148.30439054326138
      vertex -423.89306161746737 26.361208064983703 -148.6749079560802
      vertex -412.04504150152206 172.2 -150.36950217187405
    endloop
  endfacet
  facet normal 0.4642023723279503 -0.0274251256700693 0.8853044787004547
    outer loop
      vertex -423.60000014305115 26.226399660110474 -148.83274853236657
      vertex -422.40000039339066 25.51000040769577 -149.48415161908684
      vertex -411.1305187344551 172.2 -150.84902492165565
    endloop
  endfacet
  facet normal -0.05870655257721252 0.030387556771306196 -0.9978126763466024
    outer loop
      vertex -497.99999982118607 26.959600269794464 -154.97782406312197
      vertex -450.46402499079704 172.5 -153.34230269491673
      vertex -495.9089539594098 27.139430152835555 -155.09537468742863
    endloop
  endfacet
  facet normal -0.1457899795886886 0.07165365433225052 0.9867173028139135
    outer loop
      vertex -456.38556008040905 172.5 -150.04580898582935
      vertex -514.8702176569254 25.2689385540432 -147.99540757529616
      vertex -510 25.79199981689453 -147.3138043643717
    endloop
  endfacet
  facet normal -0.14745889738726112 0.07231247558144084 0.9864211977936285
    outer loop
      vertex -514.8702176569254 25.2689385540432 -147.99540757529616
      vertex -468 172.5 -151.78203739225864
      vertex -515.9999996423721 25.14759999513626 -148.15540222528637
    endloop
  endfacet
  facet normal -0.14745889738724707 0.07231247558143632 0.9864211977936309
    outer loop
      vertex -468 172.5 -151.78203739225864
      vertex -522.0000001788139 24.463600039482117 -149.00219235429412
      vertex -515.9999996423721 25.14759999513626 -148.15540222528637
    endloop
  endfacet
  facet normal 0 1 0
    outer loop
      vertex -410.0890454649925 172.5 -151.75271798670292
      vertex -410.061073262719 172.5 -151.88234594677635
      vertex -410.08904564315355 172.5 -151.75271784232365
    endloop
  endfacet
  facet normal 0 1 0
    outer loop
      vertex -411.65012310422344 172.5 -152.91100525195216
      vertex -411.84589226543903 172.5 -152.96987563371658
      vertex -411.8458921161826 172.5 -152.9698755186722
    endloop
  endfacet
  facet normal 0 1 0
    outer loop
      vertex -411.84589226543903 172.5 -152.96987563371658
      vertex -413.0768881291151 172.5 -153.21836113929749
      vertex -411.8458921161826 172.5 -152.9698755186722
    endloop
  endfacet
  facet normal 0 1 0
    outer loop
      vertex -413.076887966805 172.5 -153.21836099585062
      vertex -411.8458921161826 172.5 -152.9698755186722
      vertex -413.0768881291151 172.5 -153.21836113929749
    endloop
  endfacet
  facet normal 0 1 0
    outer loop
      vertex -413.0768881291151 172.5 -153.21836113929749
      vertex -413.6283087071584 172.5 -153.29582973443223
      vertex -413.076887966805 172.5 -153.21836099585062
    endloop
  endfacet
  facet normal -0.14578997958869366 0.07165365433225253 0.9867173028139126
    outer loop
      vertex -453.6817014068365 172.5 -149.64630702137947
      vertex -510 25.79199981689453 -147.3138043643717
      vertex -509.0972927414066 25.882992801536737 -147.18703483009884
    endloop
  endfacet
  facet normal -0.05870655257721752 0.03038755677130783 -0.9978126763466022
    outer loop
      vertex -497.99999982118607 26.959600269794464 -154.97782406312197
      vertex -502.2778361884937 26.55833934641292 -154.73835658371533
      vertex -450.46402499079704 172.5 -153.34230269491673
    endloop
  endfacet
  facet normal -0.06665922190483621 0.03320536118390468 -0.9972231205320543
    outer loop
      vertex -504.00000035762787 26.3968003988266 -154.62861768762093
      vertex -453.0770991672575 172.5 -153.16763216452475
      vertex -502.2778361884937 26.55833934641292 -154.73835658371533
    endloop
  endfacet
  facet normal -0.06665922190484339 0.03320536118390715 -0.9972231205320539
    outer loop
      vertex -504.00000035762787 26.3968003988266 -154.62861768762093
      vertex -508.4758160584752 25.945637715186354 -154.34445523058343
      vertex -453.3892946988344 172.5 -153.14676350355148
    endloop
  endfacet
  facet normal -0.07252895518246018 0.03540769539031701 -0.9967376012608771
    outer loop
      vertex -510 25.79199981689453 -154.23900370076396
      vertex -453.3892946988344 172.5 -153.14676350355148
      vertex -508.4758160584752 25.945637715186354 -154.34445523058343
    endloop
  endfacet
  facet normal -0.04982212259207812 0.027431119601341404 -0.9983813348504853
    outer loop
      vertex -489.4337686017544 27.67525287720742 -155.40378315893147
      vertex -492.00000017881393 27.47560006380081 -155.28120634408452
      vertex -444.3385271281004 172.5 -153.67502056062222
    endloop
  endfacet
  facet normal -0.049822122592086585 0.027431119601344183 -0.9983813348504847
    outer loop
      vertex -495.9089539594098 27.139430152835555 -155.09537468742863
      vertex -444.3385271281004 172.5 -153.67502056062222
      vertex -492.00000017881393 27.47560006380081 -155.28120634408452
    endloop
  endfacet
  facet normal -0.07252895518247135 0.035407695390321306 -0.9967376012608761
    outer loop
      vertex -510 25.79199981689453 -154.23900370076396
      vertex -514.4388460520815 25.315267854350132 -153.93294031369518
      vertex -453.3892946988344 172.5 -153.14676350355148
    endloop
  endfacet
  facet normal -0.07321204012626745 0.0356776558677899 -0.9966780332947693
    outer loop
      vertex -515.9999996423721 25.14759999513626 -153.82426605832262
      vertex -468 172.5 -152.07544621825218
      vertex -514.4388460520815 25.315267854350132 -153.93294031369518
    endloop
  endfacet
  facet normal -0.13730867428369647 0.06847222648202281 0.9881588344831251
    outer loop
      vertex -453.6817014068365 172.5 -149.64630702137947
      vertex -509.0972927414066 25.882992801536737 -147.18703483009884
      vertex -504.00000035762787 26.3968003988266 -146.51434853080474
    endloop
  endfacet
  facet normal -0.13730867428366636 0.06847222648201255 0.9881588344831299
    outer loop
      vertex -503.1198767081442 26.479355970839748 -146.39777228448466
      vertex -453.6817014068365 172.5 -149.64630702137947
      vertex -504.00000035762787 26.3968003988266 -146.51434853080474
    endloop
  endfacet
  facet normal -0.12594792994781603 0.06444139448907653 0.989941627379192
    outer loop
      vertex -450.86292542517185 172.5 -149.25462667644024
      vertex -503.1198767081442 26.479355970839748 -146.39777228448466
      vertex -497.99999982118607 26.959600269794464 -145.7776445252296
    endloop
  endfacet
  facet normal -0.12594792994781207 0.06444139448907542 0.9899416273791928
    outer loop
      vertex -450.86292542517185 172.5 -149.25462667644024
      vertex -497.99999982118607 26.959600269794464 -145.7776445252296
      vertex -497.00393759246094 27.045261592373553 -145.65649410846828
    endloop
  endfacet
  facet normal -0.11315309745238399 0.060167448661851614 0.9917541301443896
    outer loop
      vertex -447.95931555330753 172.5 -148.88520726561546
      vertex -497.00393759246094 27.045261592373553 -145.65649410846828
      vertex -492.00000017881393 27.47560006380081 -145.11168301718848
    endloop
  endfacet
  facet normal -0.113153097452385 0.06016744866185188 0.9917541301443894
    outer loop
      vertex -490.81381539520385 27.56788523844558 -144.98194529793145
      vertex -445.00095434486866 172.5 -148.54767629504204
      vertex -492.00000017881393 27.47560006380081 -145.11168301718848
    endloop
  endfacet
  facet normal -0.07321204012626589 0.035677655867789405 -0.9966780332947694
    outer loop
      vertex -456.18400429189205 172.5 -152.9434026926756
      vertex -514.4388460520815 25.315267854350132 -153.93294031369518
      vertex -468 172.5 -152.07544621825218
    endloop
  endfacet
  facet normal -0.9015230574682735 0.4327310675847713 0
    outer loop
      vertex -468 172.5 -152.07544621825218
      vertex -540 22.5 -152.15609562397003
      vertex -468 172.5 -152.07544606746205
    endloop
  endfacet
  facet normal -0.9015230574682735 0.43273106758477126 0
    outer loop
      vertex -468 172.5 -152.07544606746205
      vertex -540 22.5 -152.15609562397003
      vertex -468 172.5 -151.78203756278663
    endloop
  endfacet
  facet normal -0.9015230574682737 0.4327310675847713 0
    outer loop
      vertex -468 172.5 -151.78203756278663
      vertex -540 22.5 -152.15609562397003
      vertex -468 172.5 -151.78203739225864
    endloop
  endfacet
  facet normal -0.147458897387247 0.07231247558143639 0.9864211977936309
    outer loop
      vertex -514.8702176569254 25.2689385540432 -147.99540757529616
      vertex -456.38556008040905 172.5 -150.04580898582935
      vertex -468 172.5 -151.78203739225864
    endloop
  endfacet
  facet normal 0 1 0
    outer loop
      vertex -410.0890454649925 172.5 -151.75271798670292
      vertex -410.08904564315355 172.5 -151.75271784232365
      vertex -410.4753112033195 172.5 -151.31892116182573
    endloop
  endfacet
  facet normal 0 1 0
    outer loop
      vertex -410.47531117498875 172.5 -151.31892102956772
      vertex -410.0890454649925 172.5 -151.75271798670292
      vertex -410.4753112033195 172.5 -151.31892116182573
    endloop
  endfacet
  facet normal 0.7468376290985371 0 0.6650064328730029
    outer loop
      vertex -410.47531117498875 172.2 -151.31892102956772
      vertex -410.0890454649925 172.2 -151.75271798670292
      vertex -410.47531117498875 172.5 -151.31892102956772
    endloop
  endfacet
  facet normal 0.7468376290985371 0 0.6650064328730029
    outer loop
      vertex -410.0890454649925 172.5 -151.75271798670292
      vertex -410.47531117498875 172.5 -151.31892102956772
      vertex -410.0890454649925 172.2 -151.75271798670292
    endloop
  endfacet
  facet normal 0 1 0
    outer loop
      vertex -414.632780238986 172.5 -149.462199062109
      vertex -414.63278008298755 172.5 -149.46219917012448
      vertex -416.2909543568465 172.5 -149.0596887966805
    endloop
  endfacet
  facet normal 0.19786638290224987 0 -0.9802290010590282
    outer loop
      vertex -411.84589226543903 172.2 -152.96987563371658
      vertex -413.0768881291151 172.5 -153.21836113929749
      vertex -411.84589226543903 172.5 -152.96987563371658
    endloop
  endfacet
  facet normal -0.14745889738724874 0.07231247558143694 0.9864211977936307
    outer loop
      vertex -468 172.5 -151.78203739225864
      vertex -539.1943937622165 22.5 -151.42861379018555
      vertex -522.0000001788139 24.463600039482117 -149.00219235429412
    endloop
  endfacet
  facet normal -0.07321204012626548 0.03567765586778917 -0.9966780332947694
    outer loop
      vertex -522.0000001788139 24.463600039482117 -153.4080145195697
      vertex -539.1943937622165 22.5 -152.21527228306786
      vertex -468 172.5 -152.07544621825218
    endloop
  endfacet
  facet normal -0.14745889738721749 0.0723124755814221 0.9864211977936364
    outer loop
      vertex -468 172.5 -151.78203739225864
      vertex -540 22.5 -151.54904288053513
      vertex -539.1943937622165 22.5 -151.42861379018555
    endloop
  endfacet
  facet normal -0.9015230574682735 0.4327310675847713 0
    outer loop
      vertex -540 22.5 -151.54904288053513
      vertex -468 172.5 -151.78203739225864
      vertex -540 22.5 -152.15609562397003
    endloop
  endfacet
  facet normal -0.07321204012626767 0.0356776558677902 -0.9966780332947693
    outer loop
      vertex -539.1943937622165 22.5 -152.21527228306786
      vertex -540 22.5 -152.15609562397003
      vertex -468 172.5 -152.07544621825218
    endloop
  endfacet
  facet normal 0 1 0
    outer loop
      vertex -417.1761886285004 172.5 -148.8921356772771
      vertex -416.2909545004368 172.5 -149.0596885830164
      vertex -416.2909543568465 172.5 -149.0596887966805
    endloop
  endfacet
  facet normal 0.28797446671301946 0 -0.9576380874429296
    outer loop
      vertex -411.84589226543903 172.2 -152.96987563371658
      vertex -411.84589226543903 172.5 -152.96987563371658
      vertex -411.65012310422344 172.5 -152.91100525195216
    endloop
  endfacet
  facet normal 0 1 0
    outer loop
      vertex -414.05464030276744 172.5 -149.6418249422472
      vertex -414.63278008298755 172.5 -149.46219917012448
      vertex -414.632780238986 172.5 -149.462199062109
    endloop
  endfacet
  facet normal 0 1 0
    outer loop
      vertex -416.2909545004368 172.5 -149.0596885830164
      vertex -414.632780238986 172.5 -149.462199062109
      vertex -416.2909543568465 172.5 -149.0596887966805
    endloop
  endfacet
  facet normal 0 1 0
    outer loop
      vertex -418.4701659751037 172.5 -153.75624481327802
      vertex -416.4046680497925 172.5 -153.611244813278
      vertex -418.4701661616564 172.5 -153.75624483823776
    endloop
  endfacet
  facet normal 0 1 0
    outer loop
      vertex -416.4046678841114 172.5 -153.61124497652054
      vertex -418.4701661616564 172.5 -153.75624483823776
      vertex -416.4046680497925 172.5 -153.611244813278
    endloop
  endfacet
  facet normal -0.14784595424495736 0 0.9890104012665377
    outer loop
      vertex -540 22.5 -151.54904288053513
      vertex -540 22.407999753952026 -151.54904288053513
      vertex -539.1943937622165 22.5 -151.42861379018555
    endloop
  endfacet
  facet normal 0 1 0
    outer loop
      vertex -415.5807652471237 172.5 -153.5295967877883
      vertex -416.4046678841114 172.5 -153.61124497652054
      vertex -416.4046680497925 172.5 -153.611244813278
    endloop
  endfacet
  facet normal -1 0 0
    outer loop
      vertex -540 22.407999753952026 -151.54904288053513
      vertex -540 22.5 -151.54904288053513
      vertex -540 22.5 -152.15609562397003
    endloop
  endfacet
  facet normal -1 0 0
    outer loop
      vertex -540 22.5 -152.15609562397003
      vertex -540 22.407999753952026 -152.15609562397003
      vertex -540 22.407999753952026 -151.54904288053513
    endloop
  endfacet
  facet normal 0 -1 0
    outer loop
      vertex -420.0695410639408 22.2 -152.2378172461922
      vertex -420.0311207771301 22.2 -152.19792556762695
      vertex -420.0695410639408 22.2 -152.01987940036406
    endloop
  endfacet
  facet normal 0.19786638290224987 0 -0.9802290010590282
    outer loop
      vertex -411.84589226543903 172.2 -152.96987563371658
      vertex -413.0768881291151 172.2 -153.21836113929749
      vertex -413.0768881291151 172.5 -153.21836113929749
    endloop
  endfacet
  facet normal 0.13912288687122892 0 -0.9902751245732749
    outer loop
      vertex -413.0768881291151 172.2 -153.21836113929749
      vertex -414.6014937609434 172.2 -153.43255165219307
      vertex -413.0768881291151 172.5 -153.21836113929749
    endloop
  endfacet
  facet normal 0.13912288687121674 6.346952488666224e-14 -0.9902751245732767
    outer loop
      vertex -414.6014937609434 172.2 -153.43255165219307
      vertex -413.6283087071584 172.5 -153.29582973443223
      vertex -413.0768881291151 172.5 -153.21836113929749
    endloop
  endfacet
  facet normal 0.1859732993857043 0 0.9825547984288688
    outer loop
      vertex -418.1759544312954 172.5 -148.70290476083755
      vertex -418.1759544312954 172.2 -148.70290476083755
      vertex -417.1761886285004 172.5 -148.8921356772771
    endloop
  endfacet
  facet normal 0.18597329938571025 0 0.9825547984288677
    outer loop
      vertex -418.1759544312954 172.2 -148.70290476083755
      vertex -416.2909545004368 172.2 -149.0596885830164
      vertex -416.2909545004368 172.5 -149.0596885830164
    endloop
  endfacet
  facet normal 0.18597329938571694 -4.354050606970349e-14 0.9825547984288665
    outer loop
      vertex -418.1759544312954 172.2 -148.70290476083755
      vertex -416.2909545004368 172.5 -149.0596885830164
      vertex -417.1761886285004 172.5 -148.8921356772771
    endloop
  endfacet
  facet normal 0.2967052688862662 6.778763784351158e-14 0.9549691007645893
    outer loop
      vertex -414.632780238986 172.2 -149.462199062109
      vertex -413.2152698636055 172.5 -149.90261414647102
      vertex -414.05464030276744 172.5 -149.6418249422472
    endloop
  endfacet
  facet normal 0.29670526888627935 0 0.9549691007645853
    outer loop
      vertex -413.2152698636055 172.5 -149.90261414647102
      vertex -414.632780238986 172.2 -149.462199062109
      vertex -413.2152698636055 172.2 -149.90261414647102
    endloop
  endfacet
  facet normal 0.23589274020360396 0 0.9717790979020051
    outer loop
      vertex -416.2909545004368 172.2 -149.0596885830164
      vertex -414.632780238986 172.2 -149.462199062109
      vertex -416.2909545004368 172.5 -149.0596885830164
    endloop
  endfacet
  facet normal 0.23589274020360396 0 0.9717790979020051
    outer loop
      vertex -414.632780238986 172.5 -149.462199062109
      vertex -416.2909545004368 172.5 -149.0596885830164
      vertex -414.632780238986 172.2 -149.462199062109
    endloop
  endfacet
  facet normal 0.29670526888629845 0 0.9549691007645794
    outer loop
      vertex -414.632780238986 172.2 -149.462199062109
      vertex -414.05464030276744 172.5 -149.6418249422472
      vertex -414.632780238986 172.5 -149.462199062109
    endloop
  endfacet
  facet normal 0 1 0
    outer loop
      vertex -419.8141159920716 172.5 -148.46425067538667
      vertex -420.2739419087137 172.5 -148.3972614107884
      vertex -420.27394181489944 172.5 -148.39726136624813
    endloop
  endfacet
  facet normal 0 1 0
    outer loop
      vertex -421.24805276559874 172.5 -148.2913297336803
      vertex -420.27394181489944 172.5 -148.39726136624813
      vertex -420.2739419087137 172.5 -148.3972614107884
    endloop
  endfacet
  facet normal 0.13912288687123583 0 -0.9902751245732739
    outer loop
      vertex -414.6014937609434 172.2 -153.43255165219307
      vertex -414.6014937609434 172.5 -153.43255165219307
      vertex -413.6283087071584 172.5 -153.29582973443223
    endloop
  endfacet
  facet normal -0.07321204012626768 0.03567765586778997 -0.9966780332947693
    outer loop
      vertex -515.9999996423721 25.14759999513626 -153.82426605832262
      vertex -522.0000001788139 24.463600039482117 -153.4080145195697
      vertex -468 172.5 -152.07544621825218
    endloop
  endfacet
  facet normal 0 1 0
    outer loop
      vertex -461.32217842323655 172.5 -150.81051867219918
      vertex -465.4128630705394 172.5 -151.43383817427386
      vertex -458.94261410788386 172.5 -150.4386929460581
    endloop
  endfacet
  facet normal -0.0312868075913975 0.021873908605073912 -0.9992710682257722
    outer loop
      vertex -480 28.35280042886734 -155.742434382535
      vertex -438.0457676053047 172.5 -153.9006431698799
      vertex -476.41061089468985 28.559718094538365 -155.8502874282478
    endloop
  endfacet
  facet normal -0.0219094536326113 0.019378611632900875 -0.9995721310904488
    outer loop
      vertex -473.8800001144409 28.705600321292877 -155.90292725572903
      vertex -476.41061089468985 28.559718094538365 -155.8502874282478
      vertex -434.9165351241827 172.5 -153.9692322909832
    endloop
  endfacet
  facet normal -0.021909453632624715 0.0193786116329045 -0.9995721310904485
    outer loop
      vertex -473.8800001144409 28.705600321292877 -155.90292725572903
      vertex -434.9165351241827 172.5 -153.9692322909832
      vertex -469.99408195489497 28.876580704099588 -155.9847872623823
    endloop
  endfacet
  facet normal -0.012724799292452791 0.017138225027917387 -0.9997721544061222
    outer loop
      vertex -467.8799995779991 28.969600319862366 -156.01010011263045
      vertex -469.99408195489497 28.876580704099588 -155.9847872623823
      vertex -434.9165351241827 172.5 -153.9692322909832
    endloop
  endfacet
  facet normal -0.012724799292442556 0.017138225027915094 -0.9997721544061224
    outer loop
      vertex -467.8799995779991 28.969600319862366 -156.01010011263045
      vertex -433.83828497975037 172.5 -153.98295593452985
      vertex -463.7293759885559 29.08830794448085 -156.06089309971966
    endloop
  endfacet
  facet normal -0.003225959815259941 0.015027865659184679 -0.999881871241298
    outer loop
      vertex -463.7293759885559 29.08830794448085 -156.06089309971966
      vertex -431.84385900199413 172.5 -154.00834038853645
      vertex -461.879999935627 29.141200006008148 -156.0660648686893
    endloop
  endfacet
  facet normal -0.003225959815247124 0.015027865659181874 -0.9998818712412982
    outer loop
      vertex -461.879999935627 29.141200006008148 -156.0660648686893
      vertex -430.6384721190204 172.5 -154.01222937758422
      vertex -457.674436362166 29.197699125183835 -156.07878428913426
    endloop
  endfacet
  facet normal 0.006939174508939298 0.012984072974239936 -0.9998916249804946
    outer loop
      vertex -457.674436362166 29.197699125183835 -156.07878428913426
      vertex -428.8602283447981 172.5 -154.01796659827232
      vertex -451.8778309840319 29.27557289699895 -156.037545044816
    endloop
  endfacet
  facet normal 0.018456627737078228 0.010901314223156352 -0.9997702307234312
    outer loop
      vertex -450 29.300800383090973 -156.00260357616165
      vertex -451.8778309840319 29.27557289699895 -156.037545044816
      vertex -425.99933618307114 172.5 -153.99811221659184
    endloop
  endfacet
  facet normal 0.28797446671307647 0 -0.9576380874429123
    outer loop
      vertex -410.91753128170967 172.2 -152.69070518016815
      vertex -411.84589226543903 172.2 -152.96987563371658
      vertex -410.91753128170967 172.5 -152.69070518016815
    endloop
  endfacet
  facet normal 0.28797446671309174 -5.149001097915868e-14 -0.9576380874429078
    outer loop
      vertex -411.84589226543903 172.2 -152.96987563371658
      vertex -411.65012310422344 172.5 -152.91100525195216
      vertex -410.91753128170967 172.5 -152.69070518016815
    endloop
  endfacet
  facet normal 0 1 0
    outer loop
      vertex -456.1840041493776 172.5 -152.94340248962655
      vertex -456.18400429189205 172.5 -152.9434026926756
      vertex -458.81446058091285 172.5 -152.74365145228217
    endloop
  endfacet
  facet normal 0 1 0
    outer loop
      vertex -458.94261410788386 172.5 -150.4386929460581
      vertex -467.05479253112037 172.5 -151.66367219917012
      vertex -456.38556008040905 172.5 -150.04580898582935
    endloop
  endfacet
  facet normal 0.9775004772582168 -2.3688405942553367e-14 0.210933204972471
    outer loop
      vertex -410.0890454649925 172.2 -151.75271798670292
      vertex -410.0150417089462 172.5 -152.09566402435303
      vertex -410.061073262719 172.5 -151.88234594677635
    endloop
  endfacet
  facet normal 0 1 0
    outer loop
      vertex -463.4905601659751 172.5 -151.146244813278
      vertex -465.4128630705394 172.5 -151.43383817427386
      vertex -461.32217842323655 172.5 -150.81051867219918
    endloop
  endfacet
  facet normal 0 1 0
    outer loop
      vertex -467.05479253112037 172.5 -151.66367219917012
      vertex -468 172.5 -151.78203756278663
      vertex -456.38556008040905 172.5 -150.04580898582935
    endloop
  endfacet
  facet normal 0 1 0
    outer loop
      vertex -465.4128630705394 172.5 -151.43383817427386
      vertex -467.05479253112037 172.5 -151.66367219917012
      vertex -458.94261410788386 172.5 -150.4386929460581
    endloop
  endfacet
  facet normal 0 1 0
    outer loop
      vertex -468 172.5 -151.78203756278663
      vertex -468 172.5 -151.78203739225864
      vertex -456.38556008040905 172.5 -150.04580898582935
    endloop
  endfacet
  facet normal 0.5827898766143722 0 0.8126228889932925
    outer loop
      vertex -411.1305187344551 172.2 -150.84902492165565
      vertex -410.47531117498875 172.2 -151.31892102956772
      vertex -410.47531117498875 172.5 -151.31892102956772
    endloop
  endfacet
  facet normal 0 1 0
    outer loop
      vertex -425.99933618307114 172.5 -153.99811221659184
      vertex -427.3389733573599 172.5 -154.0074092002837
      vertex -425.99933609958504 172.5 -153.998112033195
    endloop
  endfacet
  facet normal 0.5827898766143892 -5.583438955902874e-14 0.8126228889932804
    outer loop
      vertex -411.1305187344551 172.2 -150.84902492165565
      vertex -410.47531117498875 172.5 -151.31892102956772
      vertex -410.9243791663326 172.5 -150.9968623196648
    endloop
  endfacet
  facet normal 0.719450039852225 -0.047568067304098294 -0.6929133561489378
    outer loop
      vertex -420.0311207771301 22.2 -152.19792556762695
      vertex -420.0695410639408 22.2 -152.2378172461922
      vertex -420.52589847414356 23.512483256198887 -152.8017530476254
    endloop
  endfacet
  facet normal 0.5827898766143352 0 0.8126228889933187
    outer loop
      vertex -410.9243791663326 172.5 -150.9968623196648
      vertex -411.1305187344551 172.5 -150.84902492165565
      vertex -411.1305187344551 172.2 -150.84902492165565
    endloop
  endfacet
  facet normal 0.46437704287643516 0 0.885637601984772
    outer loop
      vertex -412.04504150152206 172.2 -150.36950217187405
      vertex -411.1305187344551 172.2 -150.84902492165565
      vertex -411.1305187344551 172.5 -150.84902492165565
    endloop
  endfacet
  facet normal 0.3705671942032602 0 0.9288056602865441
    outer loop
      vertex -412.04504150152206 172.2 -150.36950217187405
      vertex -412.04504150152206 172.5 -150.36950217187405
      vertex -413.2152698636055 172.5 -149.90261414647102
    endloop
  endfacet
  facet normal 0.46437704287643516 0 0.885637601984772
    outer loop
      vertex -412.04504150152206 172.2 -150.36950217187405
      vertex -411.1305187344551 172.5 -150.84902492165565
      vertex -412.04504150152206 172.5 -150.36950217187405
    endloop
  endfacet
  facet normal 0.3705671942032602 0 0.9288056602865441
    outer loop
      vertex -412.04504150152206 172.2 -150.36950217187405
      vertex -413.2152698636055 172.5 -149.90261414647102
      vertex -413.2152698636055 172.2 -149.90261414647102
    endloop
  endfacet
  facet normal 0 1 0
    outer loop
      vertex -430.3734024896265 172.5 -147.77634854771784
      vertex -430.37340231239796 172.5 -147.7763483673334
      vertex -428.4161604382753 172.5 -147.81854162317592
    endloop
  endfacet
  facet normal 0 1 0
    outer loop
      vertex -420.7751244008541 172.5 -153.86815363168716
      vertex -420.7751244813278 172.5 -153.86815352697096
      vertex -418.4701659751037 172.5 -153.75624481327802
    endloop
  endfacet
  facet normal 0 1 0
    outer loop
      vertex -418.4701661616564 172.5 -153.75624483823776
      vertex -420.7751244008541 172.5 -153.86815363168716
      vertex -418.4701659751037 172.5 -153.75624481327802
    endloop
  endfacet
  facet normal 0.43740832374328714 0 -0.8992630084241694
    outer loop
      vertex -410.2978217750788 172.2 -152.38927379250526
      vertex -410.91753128170967 172.2 -152.69070518016815
      vertex -410.2978217750788 172.5 -152.38927379250526
    endloop
  endfacet
  facet normal 0 1 0
    outer loop
      vertex -453.68170124481327 172.5 -149.6463070539419
      vertex -456.3855601659751 172.5 -150.0458091286307
      vertex -453.6817014068365 172.5 -149.64630702137947
    endloop
  endfacet
  facet normal 0.43740832374328714 0 -0.8992630084241694
    outer loop
      vertex -410.91753128170967 172.2 -152.69070518016815
      vertex -410.91753128170967 172.5 -152.69070518016815
      vertex -410.2978217750788 172.5 -152.38927379250526
    endloop
  endfacet
  facet normal -0.040368728445770795 0.024493547916582356 -0.9988845938716493
    outer loop
      vertex -485.99999964237213 27.942400097846985 -155.53600414244409
      vertex -489.4337686017544 27.67525287720742 -155.40378315893147
      vertex -444.3385271281004 172.5 -153.67502056062222
    endloop
  endfacet
  facet normal -0.040368728445768824 0.02449354791658186 -0.9988845938716493
    outer loop
      vertex -485.99999964237213 27.942400097846985 -155.53600414244409
      vertex -442.39150176303167 172.5 -153.75370726649564
      vertex -482.91221169197826 28.15360497659616 -155.6556144729895
    endloop
  endfacet
  facet normal 0.9775004772582124 0 0.2109332049724908
    outer loop
      vertex -410.0890454649925 172.2 -151.75271798670292
      vertex -410.0150417089462 172.2 -152.09566402435303
      vertex -410.0150417089462 172.5 -152.09566402435303
    endloop
  endfacet
  facet normal 0 1 0
    outer loop
      vertex -420.7751244008541 172.5 -153.86815363168716
      vertex -423.2942740172148 172.5 -153.9481744170189
      vertex -420.7751244813278 172.5 -153.86815352697096
    endloop
  endfacet
  facet normal 0.720265381147392 0 -0.6936986238422287
    outer loop
      vertex -410.0150417089462 172.2 -152.09566402435303
      vertex -410.2978217750788 172.5 -152.38927379250526
      vertex -410.0150417089462 172.5 -152.09566402435303
    endloop
  endfacet
  facet normal 0 1 0
    outer loop
      vertex -423.29427385892114 172.5 -153.9481742738589
      vertex -420.7751244813278 172.5 -153.86815352697096
      vertex -423.2942740172148 172.5 -153.9481744170189
    endloop
  endfacet
  facet normal 0 1 0
    outer loop
      vertex -430.3734024896265 172.5 -147.77634854771784
      vertex -431.685630305337 172.5 -147.78109086763007
      vertex -430.37340231239796 172.5 -147.7763483673334
    endloop
  endfacet
  facet normal 0 1 0
    outer loop
      vertex -423.2942740172148 172.5 -153.9481744170189
      vertex -425.99933618307114 172.5 -153.99811221659184
      vertex -423.29427385892114 172.5 -153.9481742738589
    endloop
  endfacet
  facet normal 0 1 0
    outer loop
      vertex -456.3855601659751 172.5 -150.0458091286307
      vertex -456.38556008040905 172.5 -150.04580898582935
      vertex -453.6817014068365 172.5 -149.64630702137947
    endloop
  endfacet
  facet normal -0.031286807591394725 0.021873908605073104 -0.9992710682257723
    outer loop
      vertex -480 28.35280042886734 -155.742434382535
      vertex -482.91221169197826 28.15360497659616 -155.6556144729895
      vertex -438.0457676053047 172.5 -153.9006431698799
    endloop
  endfacet
  facet normal 0 1 0
    outer loop
      vertex -456.3855601659751 172.5 -150.0458091286307
      vertex -458.94261410788386 172.5 -150.4386929460581
      vertex -456.38556008040905 172.5 -150.04580898582935
    endloop
  endfacet
  facet normal 0 1 0
    outer loop
      vertex -425.99933609958504 172.5 -153.998112033195
      vertex -423.29427385892114 172.5 -153.9481742738589
      vertex -425.99933618307114 172.5 -153.99811221659184
    endloop
  endfacet
  facet normal 0.720265381147392 0 -0.6936986238422287
    outer loop
      vertex -410.0150417089462 172.2 -152.09566402435303
      vertex -410.2978217750788 172.2 -152.38927379250526
      vertex -410.2978217750788 172.5 -152.38927379250526
    endloop
  endfacet
  facet normal 0.9775004772582053 0 0.2109332049725234
    outer loop
      vertex -410.0890454649925 172.2 -151.75271798670292
      vertex -410.061073262719 172.5 -151.88234594677635
      vertex -410.0890454649925 172.5 -151.75271798670292
    endloop
  endfacet
  facet normal 0.12348287169931113 0.9919888884890454 0.026646303893028998
    outer loop
      vertex -420.509668446014 181.44427190999915 -152.04278219686412
      vertex -429 182.5 -152
      vertex -420.5427641077391 181.44427190999915 -151.88941205716256
    endloop
  endfacet
  facet normal 0 -1 0
    outer loop
      vertex -410.2978217750788 172.5 -152.38927379250526
      vertex -410.91753112033194 172.5 -152.69070539419087
      vertex -410.2978215767635 172.5 -152.38927385892117
    endloop
  endfacet
  facet normal 0.1814765888105783 0.39850201877621483 -0.8990341421464245
    outer loop
      vertex -416.6660104551282 178.82455532033677 -152.94373836931962
      vertex -418.1507895717772 180.24596669241484 -152.61340313716826
      vertex -415.71248516938596 178.82455532033677 -152.75126234634234
    endloop
  endfacet
  facet normal 0.18147658881059997 0.3985020187762345 -0.8990341421464115
    outer loop
      vertex -416.6660104551282 178.82455532033677 -152.94373836931962
      vertex -418.9293397074138 180.24596669241484 -152.7705591518398
      vertex -418.1507895717772 180.24596669241484 -152.61340313716826
    endloop
  endfacet
  facet normal 0.21328137579719553 0.6719166148068512 -0.7092525061531733
    outer loop
      vertex -418.1507895717772 180.24596669241484 -152.61340313716826
      vertex -420.91327407680757 181.44427190999915 -152.3088928427673
      vertex -417.56364252422713 180.24596669241484 -152.4368404475615
    endloop
  endfacet
  facet normal 0.2642966859860025 0.796807594410045 -0.543364444242806
    outer loop
      vertex -417.56364252422713 180.24596669241484 -152.4368404475615
      vertex -420.91327407680757 181.44427190999915 -152.3088928427673
      vertex -420.63613154366266 181.44427190999915 -152.1740885620823
    endloop
  endfacet
  facet normal 0.42880020827748455 0.19741581988688522 -0.8815652984547285
    outer loop
      vertex -410.91753112033194 172.5 -152.69070539419087
      vertex -412.82654815361514 176.97213595499957 -152.61778568553464
      vertex -412.2722630873253 176.97213595499957 -152.34817712416455
    endloop
  endfacet
  facet normal 0.3067922945310523 0.904749861526969 -0.29547618530653647
    outer loop
      vertex -420.509668446014 181.44427190999915 -152.04278219686412
      vertex -417.17170379514323 180.24596669241484 -152.24619840555079
      vertex -420.63613154366266 181.44427190999915 -152.1740885620823
    endloop
  endfacet
  facet normal 0.26429668598603084 0.7968075944100976 -0.5433644442427153
    outer loop
      vertex -417.56364252422713 180.24596669241484 -152.4368404475615
      vertex -420.63613154366266 181.44427190999915 -152.1740885620823
      vertex -417.17170379514323 180.24596669241484 -152.24619840555079
    endloop
  endfacet
  facet normal 0.06335848848491184 0.556365690807047 0.8285185091654286
    outer loop
      vertex -426.12193927740833 181.44427190999915 -150.2774111677732
      vertex -427.2232445086336 181.44427190999915 -150.19319212614764
      vertex -426.4872882870888 180.24596669241484 -149.44478780019548
    endloop
  endfacet
  facet normal 0.12195741614214242 0.9855606399680212 -0.11745898685820702
    outer loop
      vertex -420.63613154366266 181.44427190999915 -152.1740885620823
      vertex -429 182.5 -152
      vertex -420.509668446014 181.44427190999915 -152.04278219686412
    endloop
  endfacet
  facet normal 0.4288002082774984 0.19741581988688883 -0.8815652984547212
    outer loop
      vertex -410.91753112033194 172.5 -152.69070539419087
      vertex -412.2722630873253 176.97213595499957 -152.34817712416455
      vertex -410.2978215767635 172.5 -152.38927385892117
    endloop
  endfacet
  facet normal 0.3327765017995833 0.6489967724898283 -0.6841512911248636
    outer loop
      vertex -414.99337983414637 178.82455532033677 -152.53501809776736
      vertex -417.56364252422713 180.24596669241484 -152.4368404475615
      vertex -417.17170379514323 180.24596669241484 -152.24619840555079
    endloop
  endfacet
  facet normal 0.19048531773608704 0.2705824115019564 -0.9436633416175325
    outer loop
      vertex -413.65689947136764 176.97213595499957 -152.86748303578557
      vertex -414.7579356321724 176.97213595499957 -153.08973520314254
      vertex -415.71248516938596 178.82455532033677 -152.75126234634234
    endloop
  endfacet
  facet normal 0.4238298399591171 0.8085441620678673 -0.4081967720918426
    outer loop
      vertex -417.17170379514323 180.24596669241484 -152.24619840555079
      vertex -416.9928579673088 180.24596669241484 -152.06050316303336
      vertex -414.51335488580105 178.82455532033677 -152.30153023454312
    endloop
  endfacet
  facet normal 0.3327765017995479 0.6489967724897859 -0.6841512911249211
    outer loop
      vertex -414.99337983414637 178.82455532033677 -152.53501809776736
      vertex -417.17170379514323 180.24596669241484 -152.24619840555079
      vertex -414.51335488580105 178.82455532033677 -152.30153023454312
    endloop
  endfacet
  facet normal 0.26922565769848805 0.3549238377743248 -0.8952913573895156
    outer loop
      vertex -413.65689947136764 176.97213595499957 -152.86748303578557
      vertex -415.71248516938596 178.82455532033677 -152.75126234634234
      vertex -414.99337983414637 178.82455532033677 -152.53501809776736
    endloop
  endfacet
  facet normal 0.24836251470139245 0.5061469602574296 -0.8259124141901274
    outer loop
      vertex -415.71248516938596 178.82455532033677 -152.75126234634234
      vertex -417.56364252422713 180.24596669241484 -152.4368404475615
      vertex -414.99337983414637 178.82455532033677 -152.53501809776736
    endloop
  endfacet
  facet normal 0.3829679695008136 0.48314832132067703 -0.7873393384948042
    outer loop
      vertex -414.99337983414637 178.82455532033677 -152.53501809776736
      vertex -414.51335488580105 178.82455532033677 -152.30153023454312
      vertex -412.82654815361514 176.97213595499957 -152.61778568553464
    endloop
  endfacet
  facet normal 0.42382983995915063 0.8085441620679066 -0.40819677209172966
    outer loop
      vertex -414.51335488580105 178.82455532033677 -152.30153023454312
      vertex -416.9928579673088 180.24596669241484 -152.06050316303336
      vertex -414.2943143753911 178.82455532033677 -152.07410093862805
    endloop
  endfacet
  facet normal 0.28524964231623395 0.1372311719613492 -0.9485780131336459
    outer loop
      vertex -411.65012310422344 172.5 -152.91100525195216
      vertex -411.8458921161826 172.5 -152.9698755186722
      vertex -412.82654815361514 176.97213595499957 -152.61778568553464
    endloop
  endfacet
  facet normal 0.28524964231628336 0.13723117196135878 -0.9485780131336297
    outer loop
      vertex -412.82654815361514 176.97213595499957 -152.61778568553464
      vertex -411.8458921161826 172.5 -152.9698755186722
      vertex -413.65689947136764 176.97213595499957 -152.86748303578557
    endloop
  endfacet
  facet normal 0 -1 0
    outer loop
      vertex -410.91753128170967 172.5 -152.69070518016815
      vertex -411.65012310422344 172.5 -152.91100525195216
      vertex -410.91753112033194 172.5 -152.69070539419087
    endloop
  endfacet
  facet normal 0.28524964231628375 0.13723117196136123 -0.9485780131336292
    outer loop
      vertex -411.65012310422344 172.5 -152.91100525195216
      vertex -412.82654815361514 176.97213595499957 -152.61778568553464
      vertex -410.91753112033194 172.5 -152.69070539419087
    endloop
  endfacet
  facet normal 0 -1 0
    outer loop
      vertex -410.2978217750788 172.5 -152.38927379250526
      vertex -410.91753128170967 172.5 -152.69070518016815
      vertex -410.91753112033194 172.5 -152.69070539419087
    endloop
  endfacet
  facet normal 0.12174407778539506 0.9866239546223955 0.10840457411681917
    outer loop
      vertex -420.5427641077391 181.44427190999915 -151.88941205716256
      vertex -429 182.5 -152
      vertex -420.71550731771873 181.44427190999915 -151.69541228396116
    endloop
  endfacet
  facet normal 0.24836251470137782 0.5061469602574137 -0.8259124141901416
    outer loop
      vertex -415.71248516938596 178.82455532033677 -152.75126234634234
      vertex -418.1507895717772 180.24596669241484 -152.61340313716826
      vertex -417.56364252422713 180.24596669241484 -152.4368404475615
    endloop
  endfacet
  facet normal 0.2885883296929455 0.8687881082307674 0.40239781182536305
    outer loop
      vertex -417.2839580913372 180.24596669241484 -151.56924792104562
      vertex -420.71550731771873 181.44427190999915 -151.69541228396116
      vertex -417.6983476796599 180.24596669241484 -151.27205942841013
    endloop
  endfacet
  facet normal 0.2885883296929561 0.868788108230781 0.4023978118253258
    outer loop
      vertex -420.71550731771873 181.44427190999915 -151.69541228396116
      vertex -421.0085250056748 181.44427190999915 -151.48526828552798
      vertex -417.6983476796599 180.24596669241484 -151.27205942841013
    endloop
  endfacet
  facet normal 0.30803241172815066 0.9109806850972976 0.27428128755822456
    outer loop
      vertex -417.2839580913372 180.24596669241484 -151.56924792104562
      vertex -420.5427641077391 181.44427190999915 -151.88941205716256
      vertex -420.71550731771873 181.44427190999915 -151.69541228396116
    endloop
  endfacet
  facet normal 0.30803241172814466 0.9109806850972898 0.27428128755825715
    outer loop
      vertex -417.0396623009761 180.24596669241484 -151.84360503140437
      vertex -420.5427641077391 181.44427190999915 -151.88941205716256
      vertex -417.2839580913372 180.24596669241484 -151.56924792104562
    endloop
  endfacet
  facet normal 0.3220613679361047 0.944164487416456 0.06949745308099946
    outer loop
      vertex -417.0396623009761 180.24596669241484 -151.84360503140437
      vertex -420.509668446014 181.44427190999915 -152.04278219686412
      vertex -420.5427641077391 181.44427190999915 -151.88941205716256
    endloop
  endfacet
  facet normal 0.32206136793610984 0.9441644874164594 0.0694974530809307
    outer loop
      vertex -416.9928579673088 180.24596669241484 -152.06050316303336
      vertex -420.509668446014 181.44427190999915 -152.04278219686412
      vertex -417.0396623009761 180.24596669241484 -151.84360503140437
    endloop
  endfacet
  facet normal 0.30679229453104395 0.9047498615269547 -0.29547618530658887
    outer loop
      vertex -417.17170379514323 180.24596669241484 -152.24619840555079
      vertex -420.509668446014 181.44427190999915 -152.04278219686412
      vertex -416.9928579673088 180.24596669241484 -152.06050316303336
    endloop
  endfacet
  facet normal 0.10737728970103987 0.957097916588726 0.26913508823261806
    outer loop
      vertex -421.41751204487895 181.44427190999915 -151.27081916036636
      vertex -429 182.5 -152
      vertex -421.9408540128079 181.44427190999915 -151.06202051403582
    endloop
  endfacet
  facet normal 0.11405059586523358 0.9693714859819507 0.21751180139921117
    outer loop
      vertex -421.0085250056748 181.44427190999915 -151.48526828552798
      vertex -429 182.5 -152
      vertex -421.41751204487895 181.44427190999915 -151.27081916036636
    endloop
  endfacet
  facet normal 0.11867979711258253 0.9790456834275273 0.16548309738230715
    outer loop
      vertex -420.71550731771873 181.44427190999915 -151.69541228396116
      vertex -429 182.5 -152
      vertex -421.0085250056748 181.44427190999915 -151.48526828552798
    endloop
  endfacet
  facet normal -0.055205301504878075 0.9338812911513157 0.35329606383783385
    outer loop
      vertex -429 182.5 -152
      vertex -443.45491762704677 181.44427190999915 -151.46804777861414
      vertex -442.3907441138545 181.44427190999915 -151.3017622587272
    endloop
  endfacet
  facet normal -0.045686029748356935 0.776996428188743 -0.6278449946187097
    outer loop
      vertex -439.90722413237165 181.44427190999915 -152.51284822152832
      vertex -441.15705623572893 181.44427190999915 -152.4219024193895
      vertex -429 182.5 -152
    endloop
  endfacet
  facet normal -0.043253357356893646 0.7612025155141408 -0.6470702260591976
    outer loop
      vertex -438.5990037477595 181.44427190999915 -152.60029610820024
      vertex -439.90722413237165 181.44427190999915 -152.51284822152832
      vertex -429 182.5 -152
    endloop
  endfacet
  facet normal -0.03947607121771812 0.740442114820262 -0.67095984559563
    outer loop
      vertex -437.245310462078 181.44427190999915 -152.67994095267684
      vertex -438.5990037477595 181.44427190999915 -152.60029610820024
      vertex -429 182.5 -152
    endloop
  endfacet
  facet normal -0.04042565363166359 0.6909268219751662 -0.7217935253268415
    outer loop
      vertex -446.01566081922147 181.44427190999915 -152.0575810699932
      vertex -446.44133022449836 181.44427190999915 -152.03374050709604
      vertex -429 182.5 -152
    endloop
  endfacet
  facet normal -0.06041966569550614 0.9981730631494937 0
    outer loop
      vertex -429 182.5 -152
      vertex -446.44133022449836 181.44427190999915 -152.03374050709604
      vertex -446.44133022449836 181.44427190999915 -151.90252423476988
    endloop
  endfacet
  facet normal -0.05251490632255132 0.9063006753154675 0.41935816498151185
    outer loop
      vertex -429 182.5 -152
      vertex -446.44133022449836 181.44427190999915 -151.90252423476988
      vertex -446.0186205938473 181.44427190999915 -151.84958963492429
    endloop
  endfacet
  facet normal -0.04435963819693007 0.750903485911734 -0.6589204635952992
    outer loop
      vertex -445.2762553036077 181.44427190999915 -152.1073590977911
      vertex -446.01566081922147 181.44427190999915 -152.0575810699932
      vertex -429 182.5 -152
    endloop
  endfacet
  facet normal -0.046331449336850614 0.7780103207166225 -0.6265407709485196
    outer loop
      vertex -429 182.5 -152
      vertex -444.4066197044579 181.44427190999915 -152.17166692829753
      vertex -445.2762553036077 181.44427190999915 -152.1073590977911
    endloop
  endfacet
  facet normal -0.05377975685761346 0.9216816035984595 0.38420145671315215
    outer loop
      vertex -429 182.5 -152
      vertex -446.0186205938473 181.44427190999915 -151.84958963492429
      vertex -445.28432741622356 181.44427190999915 -151.7468047342822
    endloop
  endfacet
  facet normal -0.054585134120690854 0.9294638795440283 0.3648525178150622
    outer loop
      vertex -429 182.5 -152
      vertex -445.28432741622356 181.44427190999915 -151.7468047342822
      vertex -444.42464742263337 181.44427190999915 -151.61818907326932
    endloop
  endfacet
  facet normal -0.0550571311644877 0.9330144422157909 0.3556019726108011
    outer loop
      vertex -429 182.5 -152
      vertex -444.42464742263337 181.44427190999915 -151.61818907326932
      vertex -443.45491762704677 181.44427190999915 -151.46804777861414
    endloop
  endfacet
  facet normal -0.04739398790098697 0.7908012734027099 -0.6102353282918759
    outer loop
      vertex -442.3334321142818 181.44427190999915 -152.33257103977388
      vertex -443.4212838244806 181.44427190999915 -152.24808292772775
      vertex -429 182.5 -152
    endloop
  endfacet
  facet normal -0.054884893551228074 0.9324085723766815 0.35721408513431996
    outer loop
      vertex -429 182.5 -152
      vertex -442.3907441138545 181.44427190999915 -151.3017622587272
      vertex -441.2471948266061 181.44427190999915 -151.12605927412173
    endloop
  endfacet
  facet normal -0.05401358870478031 0.9292161548862076 0.36556787295073184
    outer loop
      vertex -429 182.5 -152
      vertex -441.2471948266061 181.44427190999915 -151.12605927412173
      vertex -440.03799235674876 181.44427190999915 -150.94739651489047
    endloop
  endfacet
  facet normal -0.022977199162230334 0.6789019538430897 -0.7338693244622605
    outer loop
      vertex -433.04539026804053 181.44427190999915 -152.84999345845117
      vertex -434.45478113077155 181.44427190999915 -152.80586590948442
      vertex -429 182.5 -152
    endloop
  endfacet
  facet normal -0.016378324099521495 0.664369152688387 -0.7472251196632816
    outer loop
      vertex -431.6459550108691 181.44427190999915 -152.88066748639147
      vertex -433.04539026804053 181.44427190999915 -152.84999345845117
      vertex -429 182.5 -152
    endloop
  endfacet
  facet normal -0.03467469274385766 0.7183249829325635 -0.6948430647117743
    outer loop
      vertex -435.85959779635357 181.44427190999915 -152.74909205075278
      vertex -437.245310462078 181.44427190999915 -152.67994095267684
      vertex -429 182.5 -152
    endloop
  endfacet
  facet normal -0.028965482015773418 0.6967550423780141 -0.7167240834326735
    outer loop
      vertex -434.45478113077155 181.44427190999915 -152.80586590948442
      vertex -435.85959779635357 181.44427190999915 -152.74909205075278
      vertex -429 182.5 -152
    endloop
  endfacet
  facet normal -0.009620481251079394 0.6546466431511043 -0.7558738115264269
    outer loop
      vertex -430.2718123732274 181.44427190999915 -152.89815706372588
      vertex -431.6459550108691 181.44427190999915 -152.88066748639147
      vertex -429 182.5 -152
    endloop
  endfacet
  facet normal -0.0024527400896973703 0.6496890222580504 -0.7601961315498987
    outer loop
      vertex -428.937492157824 181.44427190999915 -152.90246219045434
      vertex -430.2718123732274 181.44427190999915 -152.89815706372588
      vertex -429 182.5 -152
    endloop
  endfacet
  facet normal 0.005274183294305189 0.6499462638117247 -0.7599618655878451
    outer loop
      vertex -427.6580623082085 181.44427190999915 -152.89358286657688
      vertex -428.937492157824 181.44427190999915 -152.90246219045434
      vertex -429 182.5 -152
    endloop
  endfacet
  facet normal 0.013927144058237551 0.6562500583142089 -0.7544149359742146
    outer loop
      vertex -426.44832169751004 181.44427190999915 -152.87125002167298
      vertex -427.6580623082085 181.44427190999915 -152.89358286657688
      vertex -429 182.5 -152
    endloop
  endfacet
  facet normal 0.19683367414351333 0.10203434877523342 -0.9751130685172767
    outer loop
      vertex -413.076887966805 172.5 -153.21836099585062
      vertex -414.7579356321724 176.97213595499957 -153.08973520314254
      vertex -413.65689947136764 176.97213595499957 -152.86748303578557
    endloop
  endfacet
  facet normal -0.021446504354550464 0.20536838741653088 -0.9784497293683022
    outer loop
      vertex -433.58292851336677 178.82455532033677 -153.52536083100404
      vertex -436.0068214806909 178.82455532033677 -153.47223185613862
      vertex -434.7210457821551 180.24596669241484 -153.20207227687007
    endloop
  endfacet
  facet normal 0 -1 0
    outer loop
      vertex -413.6283087071584 172.5 -153.29582973443223
      vertex -414.6014937609434 172.5 -153.43255165219307
      vertex -414.6014937759336 172.5 -153.43255186721993
    endloop
  endfacet
  facet normal 0.13867142032495913 0.08051513926819583 -0.9870600536612155
    outer loop
      vertex -413.6283087071584 172.5 -153.29582973443223
      vertex -414.6014937759336 172.5 -153.43255186721993
      vertex -414.7579356321724 176.97213595499957 -153.08973520314254
    endloop
  endfacet
  facet normal 0.13867142032493632 0.08051513926819523 -0.9870600536612186
    outer loop
      vertex -414.7579356321724 176.97213595499957 -153.08973520314254
      vertex -414.6014937759336 172.5 -153.43255186721993
      vertex -416.1215845234135 176.97213595499957 -153.2813133425592
    endloop
  endfacet
  facet normal 0.09698667340263507 0.1810298098384118 -0.9786837043356545
    outer loop
      vertex -416.1215845234135 176.97213595499957 -153.2813133425592
      vertex -417.7343926240644 176.97213595499957 -153.44114117235344
      vertex -417.84696503678543 178.82455532033677 -153.10964990486423
    endloop
  endfacet
  facet normal 0.13163031236689124 0.3237497318243596 -0.9369416054428631
    outer loop
      vertex -416.6660104551282 178.82455532033677 -152.94373836931962
      vertex -417.84696503678543 178.82455532033677 -153.10964990486423
      vertex -418.9293397074138 180.24596669241484 -152.7705591518398
    endloop
  endfacet
  facet normal 0.13583519209500883 0.21611949521831694 -0.9668718448559208
    outer loop
      vertex -416.1215845234135 176.97213595499957 -153.2813133425592
      vertex -417.84696503678543 178.82455532033677 -153.10964990486423
      vertex -416.6660104551282 178.82455532033677 -152.94373836931962
    endloop
  endfacet
  facet normal 0.1358351920949898 0.21611949521831209 -0.9668718448559247
    outer loop
      vertex -414.7579356321724 176.97213595499957 -153.08973520314254
      vertex -416.1215845234135 176.97213595499957 -153.2813133425592
      vertex -416.6660104551282 178.82455532033677 -152.94373836931962
    endloop
  endfacet
  facet normal 0.1904853177360757 0.27058241150195117 -0.9436633416175363
    outer loop
      vertex -414.7579356321724 176.97213595499957 -153.08973520314254
      vertex -416.6660104551282 178.82455532033677 -152.94373836931962
      vertex -415.71248516938596 178.82455532033677 -152.75126234634234
    endloop
  endfacet
  facet normal 0.13867142032493465 0.0805151392681898 -0.9870600536612195
    outer loop
      vertex -413.6283087071584 172.5 -153.29582973443223
      vertex -414.7579356321724 176.97213595499957 -153.08973520314254
      vertex -413.076887966805 172.5 -153.21836099585062
    endloop
  endfacet
  facet normal 0.19683367414350775 0.10203434877523278 -0.975113068517278
    outer loop
      vertex -411.8458921161826 172.5 -152.9698755186722
      vertex -413.076887966805 172.5 -153.21836099585062
      vertex -413.65689947136764 176.97213595499957 -152.86748303578557
    endloop
  endfacet
  facet normal 0.02358028445129656 0.6696130571795369 -0.7423357217862213
    outer loop
      vertex -425.32172384675505 181.44427190999915 -152.83546365574261
      vertex -426.44832169751004 181.44427190999915 -152.87125002167298
      vertex -429 182.5 -152
    endloop
  endfacet
  facet normal -0.05449469161510808 0.37300987505216093 -0.9262256537687484
    outer loop
      vertex -440.6606298814475 180.24596669241484 -152.96158171688847
      vertex -442.5750412853517 180.24596669241484 -152.84894689765656
      vertex -438.5990037477595 181.44427190999915 -152.60029610820024
    endloop
  endfacet
  facet normal -0.061308483407695964 0.39374033456720103 -0.9171749117791856
    outer loop
      vertex -442.5750412853517 180.24596669241484 -152.84894689765656
      vertex -444.4251442958431 180.24596669241484 -152.72527691032425
      vertex -439.90722413237165 181.44427190999915 -152.51284822152832
    endloop
  endfacet
  facet normal -0.06617158455468669 0.41069184574511475 -0.9093698528299654
    outer loop
      vertex -439.90722413237165 181.44427190999915 -152.51284822152832
      vertex -444.4251442958431 180.24596669241484 -152.72527691032425
      vertex -441.15705623572893 181.44427190999915 -152.4219024193895
    endloop
  endfacet
  facet normal -0.04663992676086369 0.35259418936800746 -0.934613318359876
    outer loop
      vertex -438.7009362360278 180.24596669241484 -153.05937613764047
      vertex -440.6606298814475 180.24596669241484 -152.96158171688847
      vertex -437.245310462078 181.44427190999915 -152.67994095267684
    endloop
  endfacet
  facet normal -0.054494691615105575 0.3730098750521571 -0.9262256537687502
    outer loop
      vertex -437.245310462078 181.44427190999915 -152.67994095267684
      vertex -440.6606298814475 180.24596669241484 -152.96158171688847
      vertex -438.5990037477595 181.44427190999915 -152.60029610820024
    endloop
  endfacet
  facet normal -0.06130848340769324 0.39374033456719565 -0.9171749117791882
    outer loop
      vertex -438.5990037477595 181.44427190999915 -152.60029610820024
      vertex -442.5750412853517 180.24596669241484 -152.84894689765656
      vertex -439.90722413237165 181.44427190999915 -152.51284822152832
    endloop
  endfacet
  facet normal -0.047360798182208674 0.7904541495162689 -0.6106874751524353
    outer loop
      vertex -443.4212838244806 181.44427190999915 -152.24808292772775
      vertex -444.4066197044579 181.44427190999915 -152.17166692829753
      vertex -429 182.5 -152
    endloop
  endfacet
  facet normal -0.04663992676085623 0.3525941893679994 -0.9346133183598794
    outer loop
      vertex -435.85959779635357 181.44427190999915 -152.74909205075278
      vertex -438.7009362360278 180.24596669241484 -153.05937613764047
      vertex -437.245310462078 181.44427190999915 -152.67994095267684
    endloop
  endfacet
  facet normal -0.03806032937246702 0.3341033606726373 -0.9417676760832838
    outer loop
      vertex -434.45478113077155 181.44427190999915 -152.80586590948442
      vertex -436.714225454914 180.24596669241484 -153.139666498647
      vertex -435.85959779635357 181.44427190999915 -152.74909205075278
    endloop
  endfacet
  facet normal -0.046833729580867005 0.7857739219249176 -0.6167381497818012
    outer loop
      vertex -441.15705623572893 181.44427190999915 -152.4219024193895
      vertex -442.3334321142818 181.44427190999915 -152.33257103977388
      vertex -429 182.5 -152
    endloop
  endfacet
  facet normal 0.04818735392424267 0.7256071637432495 -0.6864198590121477
    outer loop
      vertex -423.3671963120322 181.44427190999915 -152.7205705861767
      vertex -424.29091506570836 181.44427190999915 -152.7854165575242
      vertex -429 182.5 -152
    endloop
  endfacet
  facet normal 0.036490057160884694 0.8780538166012514 0.4771687027460744
    outer loop
      vertex -429 182.5 -152
      vertex -427.2232445086336 181.44427190999915 -150.19319212614764
      vertex -426.12193927740833 181.44427190999915 -150.2774111677732
    endloop
  endfacet
  facet normal 0.050004751686716795 0.8865998507606023 0.4598263035538828
    outer loop
      vertex -429 182.5 -152
      vertex -426.12193927740833 181.44427190999915 -150.2774111677732
      vertex -425.09758818645435 181.44427190999915 -150.38880632187224
    endloop
  endfacet
  facet normal -0.04351815547922082 0.5712125559690707 0.8196477206989401
    outer loop
      vertex -432.1768309505729 181.44427190999915 -150.15256249264775
      vertex -433.4944687999035 181.44427190999915 -150.2225208019853
      vertex -433.4927174156668 180.24596669241484 -149.3873288214657
    endloop
  endfacet
  facet normal -0.02360867677416203 0.5563511498855637 0.8306118397915986
    outer loop
      vertex -430.879911523623 181.44427190999915 -150.11569984503527
      vertex -432.1768309505729 181.44427190999915 -150.15256249264775
      vertex -431.6585963727691 180.24596669241484 -149.33519716526715
    endloop
  endfacet
  facet normal -0.0030249689876547213 0.5471536635999324 0.8370267128185311
    outer loop
      vertex -429.6142042654545 181.44427190999915 -150.11112564788627
      vertex -430.879911523623 181.44427190999915 -150.11569984503527
      vertex -429.86861600227314 180.24596669241484 -149.3287282736221
    endloop
  endfacet
  facet normal 0.018085399554393564 0.5439216611458815 0.8389410854519302
    outer loop
      vertex -428.39101013372954 181.44427190999915 -150.1374945490981
      vertex -429.6142042654545 181.44427190999915 -150.11112564788627
      vertex -428.1387582717726 180.24596669241484 -149.36601953134075
    endloop
  endfacet
  facet normal 0 -1 0
    outer loop
      vertex -414.6014937609434 172.5 -153.43255165219307
      vertex -415.5807652471237 172.5 -153.5295967877883
      vertex -414.6014937759336 172.5 -153.43255186721993
    endloop
  endfacet
  facet normal 0.03988822219498282 0.5468134071224704 0.8363037890152352
    outer loop
      vertex -427.2232445086336 181.44427190999915 -150.19319212614764
      vertex -428.39101013372954 181.44427190999915 -150.1374945490981
      vertex -428.1387582717726 180.24596669241484 -149.36601953134075
    endloop
  endfacet
  facet normal 0.03499373043405242 0.6923029656498564 -0.7207579639398531
    outer loop
      vertex -425.32172384675505 181.44427190999915 -152.83546365574261
      vertex -429 182.5 -152
      vertex -424.29091506570836 181.44427190999915 -152.7854165575242
    endloop
  endfacet
  facet normal 0.06535653406559229 0.35914219886923543 -0.9309916242621646
    outer loop
      vertex -423.3671963120322 181.44427190999915 -152.7205705861767
      vertex -422.34034821955794 180.24596669241484 -153.11074674776313
      vertex -424.29091506570836 181.44427190999915 -152.7854165575242
    endloop
  endfacet
  facet normal 0.09026890646453915 0.40264279997198515 -0.9108953288695778
    outer loop
      vertex -421.03401263029076 180.24596669241484 -153.01904069561823
      vertex -423.3671963120322 181.44427190999915 -152.7205705861767
      vertex -422.56079226170675 181.44427190999915 -152.6406566712796
    endloop
  endfacet
  facet normal 0.023238702408869046 0.8729661562166471 0.48722690074613534
    outer loop
      vertex -429 182.5 -152
      vertex -428.39101013372954 181.44427190999915 -150.1374945490981
      vertex -427.2232445086336 181.44427190999915 -150.19319212614764
    endloop
  endfacet
  facet normal 0.0629660080967431 0.7696246614378017 -0.635384263521776
    outer loop
      vertex -422.56079226170675 181.44427190999915 -152.6406566712796
      vertex -423.3671963120322 181.44427190999915 -152.7205705861767
      vertex -429 182.5 -152
    endloop
  endfacet
  facet normal 0.07900354326069489 0.8231196996791893 -0.5623454455690884
    outer loop
      vertex -422.56079226170675 181.44427190999915 -152.6406566712796
      vertex -429 182.5 -152
      vertex -421.87896781608623 181.44427190999915 -152.54486760157127
    endloop
  endfacet
  facet normal 0.0944624974932664 0.8786830786209089 -0.46796675513610586
    outer loop
      vertex -421.87896781608623 181.44427190999915 -152.54486760157127
      vertex -429 182.5 -152
      vertex -421.3284497356838 181.44427190999915 -152.43374151789277
    endloop
  endfacet
  facet normal 0.10746827785183917 0.9277560491780489 -0.357378346390905
    outer loop
      vertex -421.3284497356838 181.44427190999915 -152.43374151789277
      vertex -429 182.5 -152
      vertex -420.91327407680757 181.44427190999915 -152.3088928427673
    endloop
  endfacet
  facet normal 0.1166605113114796 0.963777273833598 -0.2398409713589862
    outer loop
      vertex -420.91327407680757 181.44427190999915 -152.3088928427673
      vertex -429 182.5 -152
      vertex -420.63613154366266 181.44427190999915 -152.1740885620823
    endloop
  endfacet
  facet normal 0.09026890646454155 0.4026427999719878 -0.9108953288695762
    outer loop
      vertex -419.8935850855679 180.24596669241484 -152.9060253533484
      vertex -421.03401263029076 180.24596669241484 -153.01904069561823
      vertex -422.56079226170675 181.44427190999915 -152.6406566712796
    endloop
  endfacet
  facet normal 0.1229781699024797 0.4675772726814512 -0.8753558498114997
    outer loop
      vertex -419.8935850855679 180.24596669241484 -152.9060253533484
      vertex -421.87896781608623 181.44427190999915 -152.54486760157127
      vertex -418.9293397074138 180.24596669241484 -152.7705591518398
    endloop
  endfacet
  facet normal 0.12297816990248626 0.4675772726814605 -0.8753558498114937
    outer loop
      vertex -419.8935850855679 180.24596669241484 -152.9060253533484
      vertex -422.56079226170675 181.44427190999915 -152.6406566712796
      vertex -421.87896781608623 181.44427190999915 -152.54486760157127
    endloop
  endfacet
  facet normal 0.16425473966403514 0.5575703754146858 -0.8137171848731145
    outer loop
      vertex -418.9293397074138 180.24596669241484 -152.7705591518398
      vertex -421.87896781608623 181.44427190999915 -152.54486760157127
      vertex -421.3284497356838 181.44427190999915 -152.43374151789277
    endloop
  endfacet
  facet normal 0.16425473966403437 0.5575703754146847 -0.8137171848731154
    outer loop
      vertex -418.9293397074138 180.24596669241484 -152.7705591518398
      vertex -421.3284497356838 181.44427190999915 -152.43374151789277
      vertex -418.1507895717772 180.24596669241484 -152.61340313716826
    endloop
  endfacet
  facet normal -0.07742651070119419 0.6116867446893013 0.7873020143579232
    outer loop
      vertex -436.155844329356 181.44427190999915 -150.45607392700447
      vertex -439.1198921008059 180.24596669241484 -149.8165588082683
      vertex -437.23554201689944 180.24596669241484 -149.6312440887888
    endloop
  endfacet
  facet normal -0.10769490472345794 0.6761107113529053 0.7288869003422093
    outer loop
      vertex -441.2471948266061 181.44427190999915 -151.12605927412173
      vertex -444.61007849228463 180.24596669241484 -150.51139387555693
      vertex -440.03799235674876 181.44427190999915 -150.94739651489047
    endloop
  endfacet
  facet normal -0.10303967527246788 0.6629517618389887 0.7415374480053756
    outer loop
      vertex -440.03799235674876 181.44427190999915 -150.94739651489047
      vertex -444.61007849228463 180.24596669241484 -150.51139387555693
      vertex -442.8273280595096 180.24596669241484 -150.26367337785436
    endloop
  endfacet
  facet normal -0.10303967527245568 0.6629517618389704 0.7415374480053936
    outer loop
      vertex -440.03799235674876 181.44427190999915 -150.94739651489047
      vertex -442.8273280595096 180.24596669241484 -150.26367337785436
      vertex -438.77739743657025 181.44427190999915 -150.7722316711261
    endloop
  endfacet
  facet normal -0.05244079828167359 0.9245657483771038 0.3773965283405065
    outer loop
      vertex -429 182.5 -152
      vertex -440.03799235674876 181.44427190999915 -150.94739651489047
      vertex -438.77739743657025 181.44427190999915 -150.7722316711261
    endloop
  endfacet
  facet normal -0.04991182395043317 0.9184806088468114 0.3923036846657592
    outer loop
      vertex -429 182.5 -152
      vertex -438.77739743657025 181.44427190999915 -150.7722316711261
      vertex -437.47886358709724 181.44427190999915 -150.60702243292127
    endloop
  endfacet
  facet normal -0.09628036759799093 0.6465665492859635 0.756757416983565
    outer loop
      vertex -438.77739743657025 181.44427190999915 -150.7722316711261
      vertex -442.8273280595096 180.24596669241484 -150.26367337785436
      vertex -440.9909238783843 180.24596669241484 -150.03003223255578
    endloop
  endfacet
  facet normal -0.09628036759799678 0.6465665492859702 0.7567574169835587
    outer loop
      vertex -437.47886358709724 181.44427190999915 -150.60702243292127
      vertex -438.77739743657025 181.44427190999915 -150.7722316711261
      vertex -440.9909238783843 180.24596669241484 -150.03003223255578
    endloop
  endfacet
  facet normal -0.11066788411003925 0.48075657987897025 0.8698423594707735
    outer loop
      vertex -440.9909238783843 180.24596669241484 -150.03003223255578
      vertex -442.8273280595096 180.24596669241484 -150.26367337785436
      vertex -443.6858225232981 178.82455532033677 -149.58729208001594
    endloop
  endfacet
  facet normal -0.08805928677949357 0.6297214456613442 0.7718137488319792
    outer loop
      vertex -437.47886358709724 181.44427190999915 -150.60702243292127
      vertex -440.9909238783843 180.24596669241484 -150.03003223255578
      vertex -439.1198921008059 180.24596669241484 -149.8165588082683
    endloop
  endfacet
  facet normal -0.08805928677949663 0.6297214456613469 0.7718137488319768
    outer loop
      vertex -437.47886358709724 181.44427190999915 -150.60702243292127
      vertex -439.1198921008059 180.24596669241484 -149.8165588082683
      vertex -436.155844329356 181.44427190999915 -150.45607392700447
    endloop
  endfacet
  facet normal 0.21328137579720174 0.6719166148068624 -0.7092525061531608
    outer loop
      vertex -418.1507895717772 180.24596669241484 -152.61340313716826
      vertex -421.3284497356838 181.44427190999915 -152.43374151789277
      vertex -420.91327407680757 181.44427190999915 -152.3088928427673
    endloop
  endfacet
  facet normal -0.07742651070117933 0.6116867446892932 0.7873020143579309
    outer loop
      vertex -436.155844329356 181.44427190999915 -150.45607392700447
      vertex -437.23554201689944 180.24596669241484 -149.6312440887888
      vertex -434.8234076068963 181.44427190999915 -150.32503663220686
    endloop
  endfacet
  facet normal -0.06205964967092991 0.5907083313059486 0.804495038647513
    outer loop
      vertex -434.8234076068963 181.44427190999915 -150.32503663220686
      vertex -435.3561387324862 180.24596669241484 -149.48626481133155
      vertex -433.4944687999035 181.44427190999915 -150.2225208019853
    endloop
  endfacet
  facet normal -0.06205964967092008 0.5907083313059459 0.8044950386475155
    outer loop
      vertex -435.3561387324862 180.24596669241484 -149.48626481133155
      vertex -434.8234076068963 181.44427190999915 -150.32503663220686
      vertex -437.23554201689944 180.24596669241484 -149.6312440887888
    endloop
  endfacet
  facet normal -0.046533382733563354 0.9118617597547205 0.40785141337060005
    outer loop
      vertex -429 182.5 -152
      vertex -437.47886358709724 181.44427190999915 -150.60702243292127
      vertex -436.155844329356 181.44427190999915 -150.45607392700447
    endloop
  endfacet
  facet normal -0.04177344375761776 0.9043378740276505 0.4247681591124485
    outer loop
      vertex -429 182.5 -152
      vertex -436.155844329356 181.44427190999915 -150.45607392700447
      vertex -434.8234076068963 181.44427190999915 -150.32503663220686
    endloop
  endfacet
  facet normal -0.03431262948746808 0.8949707378895796 0.444803351807332
    outer loop
      vertex -429 182.5 -152
      vertex -434.8234076068963 181.44427190999915 -150.32503663220686
      vertex -433.4944687999035 181.44427190999915 -150.2225208019853
    endloop
  endfacet
  facet normal -0.024622388216416952 0.8856222086446318 0.46375321190685515
    outer loop
      vertex -429 182.5 -152
      vertex -433.4944687999035 181.44427190999915 -150.2225208019853
      vertex -432.1768309505729 181.44427190999915 -150.15256249264775
    endloop
  endfacet
  facet normal -0.013597183784842906 0.8780462045172249 0.4783826703863933
    outer loop
      vertex -429 182.5 -152
      vertex -432.1768309505729 181.44427190999915 -150.15256249264775
      vertex -430.879911523623 181.44427190999915 -150.11569984503527
    endloop
  endfacet
  facet normal -0.0017616094117529942 0.8731504163210723 0.48744768663992927
    outer loop
      vertex -429 182.5 -152
      vertex -430.879911523623 181.44427190999915 -150.11569984503527
      vertex -429.6142042654545 181.44427190999915 -150.11112564788627
    endloop
  endfacet
  facet normal 0.010573377795346003 0.8713909703649816 0.490475259771961
    outer loop
      vertex -429 182.5 -152
      vertex -429.6142042654545 181.44427190999915 -150.11112564788627
      vertex -428.39101013372954 181.44427190999915 -150.1374945490981
    endloop
  endfacet
  facet normal 0.045956306761774195 0.2636306310992065 0.9635283639909371
    outer loop
      vertex -425.9225692163264 178.82455532033677 -148.8705169629722
      vertex -427.78202026745913 176.97213595499957 -148.27498909819624
      vertex -425.44648901726725 176.97213595499957 -148.38638425229524
    endloop
  endfacet
  facet normal 0.04388577845770191 0.38917632989030176 0.9201172874706117
    outer loop
      vertex -427.945198610325 178.82455532033677 -148.77404592966397
      vertex -425.9225692163264 178.82455532033677 -148.8705169629722
      vertex -426.4872882870888 180.24596669241484 -149.44478780019548
    endloop
  endfacet
  facet normal -0.026071444410963894 0.39743908483874535 0.9172581172324759
    outer loop
      vertex -433.4927174156668 180.24596669241484 -149.3873288214657
      vertex -434.50243261344957 178.82455532033677 -148.8001443734575
      vertex -432.25610227264923 178.82455532033677 -148.73629639489118
    endloop
  endfacet
  facet normal -0.02735825021127699 0.2697875700379656 0.9625311388201354
    outer loop
      vertex -432.25610227264923 178.82455532033677 -148.73629639489118
      vertex -434.50243261344957 178.82455532033677 -148.8001443734575
      vertex -432.759823047246 176.97213595499957 -148.23139969007053
    endloop
  endfacet
  facet normal -0.00332856435880935 0.3894695253675236 0.9210333378707338
    outer loop
      vertex -430.0638329939927 178.82455532033677 -148.72837365302527
      vertex -431.6585963727691 180.24596669241484 -149.33519716526715
      vertex -432.25610227264923 178.82455532033677 -148.73629639489118
    endloop
  endfacet
  facet normal -0.027358250211281215 0.26978757003796194 0.9625311388201364
    outer loop
      vertex -434.50243261344957 178.82455532033677 -148.8001443734575
      vertex -435.35366190114576 176.97213595499957 -148.3051249852955
      vertex -432.759823047246 176.97213595499957 -148.23139969007053
    endloop
  endfacet
  facet normal -0.003485859573016663 0.26384845060175766 0.9645578489121786
    outer loop
      vertex -432.25610227264923 178.82455532033677 -148.73629639489118
      vertex -432.759823047246 176.97213595499957 -148.23139969007053
      vertex -430.22840853090895 176.97213595499957 -148.22225129577257
    endloop
  endfacet
  facet normal -0.003485859573032642 0.2638484506017413 0.9645578489121829
    outer loop
      vertex -430.0638329939927 178.82455532033677 -148.72837365302527
      vertex -432.25610227264923 178.82455532033677 -148.73629639489118
      vertex -430.22840853090895 176.97213595499957 -148.22225129577257
    endloop
  endfacet
  facet normal 0.019875846406455334 0.3866891766291863 0.92199589554806
    outer loop
      vertex -427.945198610325 178.82455532033677 -148.77404592966397
      vertex -429.86861600227314 180.24596669241484 -149.3287282736221
      vertex -430.0638329939927 178.82455532033677 -148.72837365302527
    endloop
  endfacet
  facet normal 0.020800793030710956 0.2617847930326149 0.964902093036472
    outer loop
      vertex -427.945198610325 178.82455532033677 -148.77404592966397
      vertex -430.0638329939927 178.82455532033677 -148.72837365302527
      vertex -427.78202026745913 176.97213595499957 -148.27498909819624
    endloop
  endfacet
  facet normal 0.04595630676178214 0.2636306310991991 0.9635283639909388
    outer loop
      vertex -425.9225692163264 178.82455532033677 -148.8705169629722
      vertex -427.945198610325 178.82455532033677 -148.77404592966397
      vertex -427.78202026745913 176.97213595499957 -148.27498909819624
    endloop
  endfacet
  facet normal 0.020800793030699163 0.2617847930326013 0.9649020930364759
    outer loop
      vertex -430.0638329939927 178.82455532033677 -148.72837365302527
      vertex -430.22840853090895 176.97213595499957 -148.22225129577257
      vertex -427.78202026745913 176.97213595499957 -148.27498909819624
    endloop
  endfacet
  facet normal 0.04388577845769801 0.38917632989030526 0.9201172874706106
    outer loop
      vertex -426.4872882870888 180.24596669241484 -149.44478780019548
      vertex -428.1387582717726 180.24596669241484 -149.36601953134075
      vertex -427.945198610325 178.82455532033677 -148.77404592966397
    endloop
  endfacet
  facet normal 0 -1 0
    outer loop
      vertex -439.0499377593361 172.5 -148.0254356846473
      vertex -442.02153526970955 172.5 -148.25466804979254
      vertex -442.0215352624655 172.5 -148.25466805696487
    endloop
  endfacet
  facet normal 0 -1 0
    outer loop
      vertex -439.0499377593361 172.5 -148.0254356846473
      vertex -442.0215352624655 172.5 -148.25466805696487
      vertex -439.04993779957294 172.5 -148.02543583512306
    endloop
  endfacet
  facet normal -0.05272216761260789 0.1056782809997605 0.9930017492266385
    outer loop
      vertex -437.98893759980695 176.97213595499957 -148.4450416039706
      vertex -439.0499377593361 172.5 -148.0254356846473
      vertex -436.10360995850624 172.5 -147.8690041493776
    endloop
  endfacet
  facet normal 0 -1 0
    outer loop
      vertex -436.10360995850624 172.5 -147.8690041493776
      vertex -439.0499377593361 172.5 -148.0254356846473
      vertex -439.04993779957294 172.5 -148.02543583512306
    endloop
  endfacet
  facet normal 0 -1 0
    outer loop
      vertex -436.10360995850624 172.5 -147.8690041493776
      vertex -439.04993779957294 172.5 -148.02543583512306
      vertex -436.1036097854376 172.5 -147.8690043091774
    endloop
  endfacet
  facet normal 0 -1 0
    outer loop
      vertex -433.2036099585062 172.5 -147.78657676348547
      vertex -436.10360995850624 172.5 -147.8690041493776
      vertex -436.1036097854376 172.5 -147.8690043091774
    endloop
  endfacet
  facet normal -0.028264408573193837 0.10171440504275493 0.9944120388525101
    outer loop
      vertex -433.2036099585062 172.5 -147.78657676348547
      vertex -435.35366190114576 176.97213595499957 -148.3051249852955
      vertex -436.10360995850624 172.5 -147.8690041493776
    endloop
  endfacet
  facet normal 0 -1 0
    outer loop
      vertex -433.2036099585062 172.5 -147.78657676348547
      vertex -436.1036097854376 172.5 -147.8690043091774
      vertex -433.20360995829105 172.5 -147.7865769714117
    endloop
  endfacet
  facet normal -0.0035960495920811094 0.09932973442389972 0.9950480753645067
    outer loop
      vertex -432.759823047246 176.97213595499957 -148.23139969007053
      vertex -433.2036099585062 172.5 -147.78657676348547
      vertex -431.685630305337 172.5 -147.78109086763007
    endloop
  endfacet
  facet normal -0.028264408573197355 0.10171440504275324 0.9944120388525101
    outer loop
      vertex -435.35366190114576 176.97213595499957 -148.3051249852955
      vertex -433.2036099585062 172.5 -147.78657676348547
      vertex -432.759823047246 176.97213595499957 -148.23139969007053
    endloop
  endfacet
  facet normal -0.0035960495920956985 0.09932973442389624 0.9950480753645068
    outer loop
      vertex -431.685630305337 172.5 -147.78109086763007
      vertex -430.3734024896265 172.5 -147.77634854771784
      vertex -432.759823047246 176.97213595499957 -148.23139969007053
    endloop
  endfacet
  facet normal -0.07353915931872579 0.29291304455787603 0.9533068448167835
    outer loop
      vertex -436.784648314466 178.82455532033677 -148.92131571964174
      vertex -439.08643784832753 178.82455532033677 -149.09887834616558
      vertex -437.98893759980695 176.97213595499957 -148.4450416039706
    endloop
  endfacet
  facet normal -0.06951175749748358 0.4280063214956394 0.9010986096589998
    outer loop
      vertex -437.23554201689944 180.24596669241484 -149.6312440887888
      vertex -439.08643784832753 178.82455532033677 -149.09887834616558
      vertex -436.784648314466 178.82455532033677 -148.92131571964174
    endloop
  endfacet
  facet normal -0.06951175749747848 0.4280063214956408 0.9010986096589995
    outer loop
      vertex -435.3561387324862 180.24596669241484 -149.48626481133155
      vertex -437.23554201689944 180.24596669241484 -149.6312440887888
      vertex -436.784648314466 178.82455532033677 -148.92131571964174
    endloop
  endfacet
  facet normal -0.04834593668829064 0.4105020993819694 0.9105771229328834
    outer loop
      vertex -435.3561387324862 180.24596669241484 -149.48626481133155
      vertex -434.50243261344957 178.82455532033677 -148.8001443734575
      vertex -433.4927174156668 180.24596669241484 -149.3873288214657
    endloop
  endfacet
  facet normal -0.04834593668828536 0.41050209938197213 0.9105771229328825
    outer loop
      vertex -434.50243261344957 178.82455532033677 -148.8001443734575
      vertex -435.3561387324862 180.24596669241484 -149.48626481133155
      vertex -436.784648314466 178.82455532033677 -148.92131571964174
    endloop
  endfacet
  facet normal -0.09719674070718694 0.11726173093242123 0.9883331827145299
    outer loop
      vertex -440.64681521379265 176.97213595499957 -148.6500732644137
      vertex -443.31168865871206 176.97213595499957 -148.91214785400896
      vertex -442.02153526970955 172.5 -148.25466804979254
    endloop
  endfacet
  facet normal 0 -1 0
    outer loop
      vertex -442.02153526970955 172.5 -148.25466804979254
      vertex -442.4116867288766 172.5 -148.2930371452316
      vertex -442.0215352624655 172.5 -148.25466805696487
    endloop
  endfacet
  facet normal -0.07643643520492821 0.1111039291975413 0.9908649697562381
    outer loop
      vertex -440.64681521379265 176.97213595499957 -148.6500732644137
      vertex -442.02153526970955 172.5 -148.25466804979254
      vertex -439.0499377593361 172.5 -148.0254356846473
    endloop
  endfacet
  facet normal -0.07643643520491832 0.11110392919754487 0.9908649697562384
    outer loop
      vertex -440.64681521379265 176.97213595499957 -148.6500732644137
      vertex -439.0499377593361 172.5 -148.0254356846473
      vertex -437.98893759980695 176.97213595499957 -148.4450416039706
    endloop
  endfacet
  facet normal -0.09311891916887513 0.3078460487095039 0.9468683526165431
    outer loop
      vertex -441.3942859494983 178.82455532033677 -149.32584159844146
      vertex -443.31168865871206 176.97213595499957 -148.91214785400896
      vertex -440.64681521379265 176.97213595499957 -148.6500732644137
    endloop
  endfacet
  facet normal -0.07353915931872045 0.2929130445578789 0.9533068448167829
    outer loop
      vertex -440.64681521379265 176.97213595499957 -148.6500732644137
      vertex -437.98893759980695 176.97213595499957 -148.4450416039706
      vertex -439.08643784832753 178.82455532033677 -149.09887834616558
    endloop
  endfacet
  facet normal -0.052722167612609776 0.10567828099975968 0.9930017492266383
    outer loop
      vertex -437.98893759980695 176.97213595499957 -148.4450416039706
      vertex -436.10360995850624 172.5 -147.8690041493776
      vertex -435.35366190114576 176.97213595499957 -148.3051249852955
    endloop
  endfacet
  facet normal -0.0035960495920830927 0.0993297344239029 0.9950480753645063
    outer loop
      vertex -430.22840853090895 176.97213595499957 -148.22225129577257
      vertex -432.759823047246 176.97213595499957 -148.23139969007053
      vertex -430.3734024896265 172.5 -147.77634854771784
    endloop
  endfacet
  facet normal -0.05090445187655844 0.27960137756972964 0.958765772459706
    outer loop
      vertex -434.50243261344957 178.82455532033677 -148.8001443734575
      vertex -436.784648314466 178.82455532033677 -148.92131571964174
      vertex -435.35366190114576 176.97213595499957 -148.3051249852955
    endloop
  endfacet
  facet normal -0.05090445187656671 0.27960137756972364 0.9587657724597072
    outer loop
      vertex -436.784648314466 178.82455532033677 -148.92131571964174
      vertex -437.98893759980695 176.97213595499957 -148.4450416039706
      vertex -435.35366190114576 176.97213595499957 -148.3051249852955
    endloop
  endfacet
  facet normal -0.0435181554792185 0.5712125559690707 0.8196477206989401
    outer loop
      vertex -433.4927174156668 180.24596669241484 -149.3873288214657
      vertex -433.4944687999035 181.44427190999915 -150.2225208019853
      vertex -435.3561387324862 180.24596669241484 -149.48626481133155
    endloop
  endfacet
  facet normal -0.02360867677416443 0.556351149885563 0.830611839791599
    outer loop
      vertex -431.6585963727691 180.24596669241484 -149.33519716526715
      vertex -432.1768309505729 181.44427190999915 -150.15256249264775
      vertex -433.4927174156668 180.24596669241484 -149.3873288214657
    endloop
  endfacet
  facet normal -0.0030249689876433884 0.5471536635999391 0.8370267128185267
    outer loop
      vertex -429.86861600227314 180.24596669241484 -149.3287282736221
      vertex -430.879911523623 181.44427190999915 -150.11569984503527
      vertex -431.6585963727691 180.24596669241484 -149.33519716526715
    endloop
  endfacet
  facet normal -0.026071444410969993 0.39743908483874074 0.9172581172324776
    outer loop
      vertex -431.6585963727691 180.24596669241484 -149.33519716526715
      vertex -433.4927174156668 180.24596669241484 -149.3873288214657
      vertex -432.25610227264923 178.82455532033677 -148.73629639489118
    endloop
  endfacet
  facet normal -0.0033285643587920577 0.38946952536754 0.9210333378707268
    outer loop
      vertex -429.86861600227314 180.24596669241484 -149.3287282736221
      vertex -431.6585963727691 180.24596669241484 -149.33519716526715
      vertex -430.0638329939927 178.82455532033677 -148.72837365302527
    endloop
  endfacet
  facet normal 0.018085399554396184 0.5439216611458837 0.8389410854519286
    outer loop
      vertex -428.1387582717726 180.24596669241484 -149.36601953134075
      vertex -429.6142042654545 181.44427190999915 -150.11112564788627
      vertex -429.86861600227314 180.24596669241484 -149.3287282736221
    endloop
  endfacet
  facet normal 0.03988822219496454 0.5468134071224806 0.8363037890152295
    outer loop
      vertex -426.4872882870888 180.24596669241484 -149.44478780019548
      vertex -427.2232445086336 181.44427190999915 -150.19319212614764
      vertex -428.1387582717726 180.24596669241484 -149.36601953134075
    endloop
  endfacet
  facet normal 0.019875846406446535 0.38668917662917596 0.9219958955480644
    outer loop
      vertex -428.1387582717726 180.24596669241484 -149.36601953134075
      vertex -429.86861600227314 180.24596669241484 -149.3287282736221
      vertex -427.945198610325 178.82455532033677 -148.77404592966397
    endloop
  endfacet
  facet normal 0 -1 0
    outer loop
      vertex -421.24805276559874 172.5 -148.2913297336803
      vertex -422.56446058091285 172.5 -148.14817427385893
      vertex -422.56446073949337 172.5 -148.14817433059216
    endloop
  endfacet
  facet normal 0.1074981038685419 0.10621634216105375 0.9885151725302924
    outer loop
      vertex -423.24387855481666 176.97213595499957 -148.55482233554642
      vertex -422.56446058091285 172.5 -148.14817427385893
      vertex -421.1951763729087 176.97213595499957 -148.77761264374445
    endloop
  endfacet
  facet normal 0.07342185804180952 0.26979703903663793 0.9601139455756027
    outer loop
      vertex -425.9225692163264 178.82455532033677 -148.8705169629722
      vertex -425.44648901726725 176.97213595499957 -148.38638425229524
      vertex -424.01505260120285 178.82455532033677 -149.01638862203245
    endloop
  endfacet
  facet normal 0.07342185804182123 0.26979703903662944 0.9601139455756043
    outer loop
      vertex -423.24387855481666 176.97213595499957 -148.55482233554642
      vertex -424.01505260120285 178.82455532033677 -149.01638862203245
      vertex -425.44648901726725 176.97213595499957 -148.38638425229524
    endloop
  endfacet
  facet normal 0.10375598024489849 0.2809278100569508 0.9541039052954484
    outer loop
      vertex -424.01505260120285 178.82455532033677 -149.01638862203245
      vertex -423.24387855481666 176.97213595499957 -148.55482233554642
      vertex -422.2408244668819 178.82455532033677 -149.20933068864892
    endloop
  endfacet
  facet normal 0.10375598024489455 0.28092781005695283 0.9541039052954483
    outer loop
      vertex -421.1951763729087 176.97213595499957 -148.77761264374445
      vertex -422.2408244668819 178.82455532033677 -149.20933068864892
      vertex -423.24387855481666 176.97213595499957 -148.55482233554642
    endloop
  endfacet
  facet normal 0.14323673158063432 0.11312639243135203 0.983201738231562
    outer loop
      vertex -419.31867926013933 176.97213595499957 -149.05098819100195
      vertex -421.1951763729087 176.97213595499957 -148.77761264374445
      vertex -420.2739419087137 172.5 -148.3972614107884
    endloop
  endfacet
  facet normal 0.1432367315806257 0.11312639243135404 0.983201738231563
    outer loop
      vertex -419.8141159920716 172.5 -148.46425067538667
      vertex -419.31867926013933 176.97213595499957 -149.05098819100195
      vertex -420.2739419087137 172.5 -148.3972614107884
    endloop
  endfacet
  facet normal 0 -1 0
    outer loop
      vertex -419.8141159920716 172.5 -148.46425067538667
      vertex -418.1759544312954 172.5 -148.70290476083755
      vertex -418.1759543568465 172.5 -148.70290456431536
    endloop
  endfacet
  facet normal 0.1432367315806237 0.1131263924313543 0.9832017382315633
    outer loop
      vertex -418.1759543568465 172.5 -148.70290456431536
      vertex -419.31867926013933 176.97213595499957 -149.05098819100195
      vertex -419.8141159920716 172.5 -148.46425067538667
    endloop
  endfacet
  facet normal 0.10749810386852751 0.10621634216105832 0.9885151725302936
    outer loop
      vertex -421.1951763729087 176.97213595499957 -148.77761264374445
      vertex -422.56446058091285 172.5 -148.14817427385893
      vertex -421.24805276559874 172.5 -148.2913297336803
    endloop
  endfacet
  facet normal 0.10749810386856605 0.10621634216105742 0.9885151725302895
    outer loop
      vertex -420.2739419087137 172.5 -148.3972614107884
      vertex -421.1951763729087 176.97213595499957 -148.77761264374445
      vertex -421.24805276559874 172.5 -148.2913297336803
    endloop
  endfacet
  facet normal 0.07585391181213194 0.10171821543155603 0.991917127945786
    outer loop
      vertex -423.24387855481666 176.97213595499957 -148.55482233554642
      vertex -425.0270539419087 172.5 -147.95985477178422
      vertex -422.56446058091285 172.5 -148.14817427385893
    endloop
  endfacet
  facet normal 0.2336709664576319 0.13692312619961597 0.9626265822978713
    outer loop
      vertex -417.63268400510447 176.97213595499957 -149.37010570974937
      vertex -416.2909543568465 172.5 -149.0596887966805
      vertex -416.1495678471485 176.97213595499957 -149.73012193241718
    endloop
  endfacet
  facet normal 0.2930767090518813 0.15591301318761397 0.9432906100084308
    outer loop
      vertex -414.88170802561575 176.97213595499957 -150.12404102807167
      vertex -414.63278008298755 172.5 -149.46219917012448
      vertex -414.05464030276744 172.5 -149.6418249422472
    endloop
  endfacet
  facet normal 0.23367096645764562 0.13692312619961508 0.9626265822978681
    outer loop
      vertex -414.63278008298755 172.5 -149.46219917012448
      vertex -416.1495678471485 176.97213595499957 -149.73012193241718
      vertex -416.2909543568465 172.5 -149.0596887966805
    endloop
  endfacet
  facet normal 0.18456010063561046 0.12305380871679913 0.9750873445049232
    outer loop
      vertex -417.63268400510447 176.97213595499957 -149.37010570974937
      vertex -418.1759543568465 172.5 -148.70290456431536
      vertex -417.1761886285004 172.5 -148.8921356772771
    endloop
  endfacet
  facet normal 0.18456010063562925 0.12305380871680063 0.9750873445049193
    outer loop
      vertex -416.2909543568465 172.5 -149.0596887966805
      vertex -417.63268400510447 176.97213595499957 -149.37010570974937
      vertex -417.1761886285004 172.5 -148.8921356772771
    endloop
  endfacet
  facet normal 0.2205984468016589 0.35421386792879833 0.9087732726239341
    outer loop
      vertex -417.63268400510447 176.97213595499957 -149.37010570974937
      vertex -416.1495678471485 176.97213595499957 -149.73012193241718
      vertex -417.8711993060223 178.82455532033677 -150.03422792998015
    endloop
  endfacet
  facet normal 0 -1 0
    outer loop
      vertex -417.1761886285004 172.5 -148.8921356772771
      vertex -418.1759543568465 172.5 -148.70290456431536
      vertex -418.1759544312954 172.5 -148.70290476083755
    endloop
  endfacet
  facet normal 0.047406499713142404 0.09924247375636198 0.9939333756281986
    outer loop
      vertex -425.44648901726725 176.97213595499957 -148.38638425229524
      vertex -427.6382572614108 172.5 -147.8353112033195
      vertex -425.0270539419087 172.5 -147.95985477178422
    endloop
  endfacet
  facet normal 0 -1 0
    outer loop
      vertex -427.6382572614108 172.5 -147.8353112033195
      vertex -425.0270539969206 172.5 -147.95985479652882
      vertex -425.0270539419087 172.5 -147.95985477178422
    endloop
  endfacet
  facet normal 0 -1 0
    outer loop
      vertex -422.56446058091285 172.5 -148.14817427385893
      vertex -425.0270539419087 172.5 -147.95985477178422
      vertex -425.0270539969206 172.5 -147.95985479652882
    endloop
  endfacet
  facet normal 0 -1 0
    outer loop
      vertex -425.0270539969206 172.5 -147.95985479652882
      vertex -422.56446073949337 172.5 -148.14817433059216
      vertex -422.56446058091285 172.5 -148.14817427385893
    endloop
  endfacet
  facet normal 0.06996820718110827 0.3974517527246798 0.914951667707066
    outer loop
      vertex -424.01505260120285 178.82455532033677 -149.01638862203245
      vertex -424.92980749277757 180.24596669241484 -149.56389151107246
      vertex -425.9225692163264 178.82455532033677 -148.8705169629722
    endloop
  endfacet
  facet normal 0 -1 0
    outer loop
      vertex -431.685630305337 172.5 -147.78109086763007
      vertex -433.2036099585062 172.5 -147.78657676348547
      vertex -433.20360995829105 172.5 -147.7865769714117
    endloop
  endfacet
  facet normal 0.021447589888974137 0.09850356766099891 0.9949055472988425
    outer loop
      vertex -430.22840853090895 176.97213595499957 -148.22225129577257
      vertex -430.3734024896265 172.5 -147.77634854771784
      vertex -428.4161604382753 172.5 -147.81854162317592
    endloop
  endfacet
  facet normal 0.021447589888966317 0.09850356766099576 0.9949055472988431
    outer loop
      vertex -427.6382572614108 172.5 -147.8353112033195
      vertex -430.22840853090895 176.97213595499957 -148.22225129577257
      vertex -428.4161604382753 172.5 -147.81854162317592
    endloop
  endfacet
  facet normal 0.021447589888972687 0.09850356766099941 0.9949055472988425
    outer loop
      vertex -430.22840853090895 176.97213595499957 -148.22225129577257
      vertex -427.6382572614108 172.5 -147.8353112033195
      vertex -427.78202026745913 176.97213595499957 -148.27498909819624
    endloop
  endfacet
  facet normal 0 -1 0
    outer loop
      vertex -427.6382572614108 172.5 -147.8353112033195
      vertex -428.4161604382753 172.5 -147.81854162317592
      vertex -427.6382571607828 172.5 -147.83531127870083
    endloop
  endfacet
  facet normal 0 -1 0
    outer loop
      vertex -427.6382572614108 172.5 -147.8353112033195
      vertex -427.6382571607828 172.5 -147.83531127870083
      vertex -425.0270539969206 172.5 -147.95985479652882
    endloop
  endfacet
  facet normal 0.0474064997131365 0.09924247375636486 0.9939333756281986
    outer loop
      vertex -427.78202026745913 176.97213595499957 -148.27498909819624
      vertex -427.6382572614108 172.5 -147.8353112033195
      vertex -425.44648901726725 176.97213595499957 -148.38638425229524
    endloop
  endfacet
  facet normal 0.06335848848492373 0.5563656908070442 0.8285185091654298
    outer loop
      vertex -424.92980749277757 180.24596669241484 -149.56389151107246
      vertex -426.12193927740833 181.44427190999915 -150.2774111677732
      vertex -426.4872882870888 180.24596669241484 -149.44478780019548
    endloop
  endfacet
  facet normal 0.12984841390526594 0.4344192936156693 0.8913020064718521
    outer loop
      vertex -422.1542724540025 180.24596669241484 -149.91473375205825
      vertex -423.48115628731875 180.24596669241484 -149.72142804878192
      vertex -422.2408244668819 178.82455532033677 -149.20933068864892
    endloop
  endfacet
  facet normal 0.0984951997930831 0.41225746040865957 0.9057275980973105
    outer loop
      vertex -423.48115628731875 180.24596669241484 -149.72142804878192
      vertex -424.92980749277757 180.24596669241484 -149.56389151107246
      vertex -424.01505260120285 178.82455532033677 -149.01638862203245
    endloop
  endfacet
  facet normal 0.06996820718112072 0.3974517527246722 0.9149516677070684
    outer loop
      vertex -424.92980749277757 180.24596669241484 -149.56389151107246
      vertex -426.4872882870888 180.24596669241484 -149.44478780019548
      vertex -425.9225692163264 178.82455532033677 -148.8705169629722
    endloop
  endfacet
  facet normal -0.09311891916887266 0.3078460487095048 0.946868352616543
    outer loop
      vertex -439.08643784832753 178.82455532033677 -149.09887834616558
      vertex -441.3942859494983 178.82455532033677 -149.32584159844146
      vertex -440.64681521379265 176.97213595499957 -148.6500732644137
    endloop
  endfacet
  facet normal 0.0984951997930914 0.41225746040865663 0.905727598097311
    outer loop
      vertex -422.2408244668819 178.82455532033677 -149.20933068864892
      vertex -423.48115628731875 180.24596669241484 -149.72142804878192
      vertex -424.01505260120285 178.82455532033677 -149.01638862203245
    endloop
  endfacet
  facet normal 0.18456010063562397 0.12305380871679712 0.975087344504921
    outer loop
      vertex -419.31867926013933 176.97213595499957 -149.05098819100195
      vertex -418.1759543568465 172.5 -148.70290456431536
      vertex -417.63268400510447 176.97213595499957 -149.37010570974937
    endloop
  endfacet
  facet normal 0.16464317936975362 0.46501172853872885 0.8698601702621191
    outer loop
      vertex -420.96209377611905 180.24596669241484 -150.14038391356
      vertex -420.61573029709547 178.82455532033677 -149.44608085734737
      vertex -419.15561557557527 178.82455532033677 -149.7224447353753
    endloop
  endfacet
  facet normal 0.12984841390527332 0.43441929361566856 0.8913020064718515
    outer loop
      vertex -420.61573029709547 178.82455532033677 -149.44608085734737
      vertex -422.1542724540025 180.24596669241484 -149.91473375205825
      vertex -422.2408244668819 178.82455532033677 -149.20933068864892
    endloop
  endfacet
  facet normal 0.22059844680168078 0.3542138679287991 0.9087732726239286
    outer loop
      vertex -417.8711993060223 178.82455532033677 -150.03422792998015
      vertex -419.15561557557527 178.82455532033677 -149.7224447353753
      vertex -417.63268400510447 176.97213595499957 -149.37010570974937
    endloop
  endfacet
  facet normal 0.17608637823270992 0.32171703797216217 0.9303180826358829
    outer loop
      vertex -419.15561557557527 178.82455532033677 -149.7224447353753
      vertex -420.61573029709547 178.82455532033677 -149.44608085734737
      vertex -419.31867926013933 176.97213595499957 -149.05098819100195
    endloop
  endfacet
  facet normal 0.176086378232707 0.32171703797216256 0.9303180826358833
    outer loop
      vertex -417.63268400510447 176.97213595499957 -149.37010570974937
      vertex -419.15561557557527 178.82455532033677 -149.7224447353753
      vertex -419.31867926013933 176.97213595499957 -149.05098819100195
    endloop
  endfacet
  facet normal 0.13761955214406515 0.2978384300382759 0.9446444455243475
    outer loop
      vertex -420.61573029709547 178.82455532033677 -149.44608085734737
      vertex -422.2408244668819 178.82455532033677 -149.20933068864892
      vertex -421.1951763729087 176.97213595499957 -148.77761264374445
    endloop
  endfacet
  facet normal 0.1376195521440795 0.29783843003827126 0.944644445524347
    outer loop
      vertex -420.61573029709547 178.82455532033677 -149.44608085734737
      vertex -421.1951763729087 176.97213595499957 -148.77761264374445
      vertex -419.31867926013933 176.97213595499957 -149.05098819100195
    endloop
  endfacet
  facet normal 0.0758539118121284 0.10171821543155746 0.9919171279457861
    outer loop
      vertex -425.44648901726725 176.97213595499957 -148.38638425229524
      vertex -425.0270539419087 172.5 -147.95985477178422
      vertex -423.24387855481666 176.97213595499957 -148.55482233554642
    endloop
  endfacet
  facet normal 0.14437366795581397 0.6303474717812643 0.7627701546468324
    outer loop
      vertex -423.31634200255223 181.44427190999915 -150.68505285487467
      vertex -424.15933963006967 181.44427190999915 -150.52549409550096
      vertex -422.1542724540025 180.24596669241484 -149.91473375205825
    endloop
  endfacet
  facet normal 0.08820579201656219 0.927459591540664 0.3633709458858202
    outer loop
      vertex -422.5747839235743 181.44427190999915 -150.8650609662086
      vertex -429 182.5 -152
      vertex -423.31634200255223 181.44427190999915 -150.68505285487467
    endloop
  endfacet
  facet normal 0.07623709420541723 0.9121146227452375 0.4027838383567885
    outer loop
      vertex -423.31634200255223 181.44427190999915 -150.68505285487467
      vertex -429 182.5 -152
      vertex -424.15933963006967 181.44427190999915 -150.52549409550096
    endloop
  endfacet
  facet normal 0.06337670459691566 0.8981834120970377 0.4350286789950272
    outer loop
      vertex -424.15933963006967 181.44427190999915 -150.52549409550096
      vertex -429 182.5 -152
      vertex -425.09758818645435 181.44427190999915 -150.38880632187224
    endloop
  endfacet
  facet normal 0.17488895597389584 0.6710721561498089 0.7204693014409478
    outer loop
      vertex -422.5747839235743 181.44427190999915 -150.8650609662086
      vertex -423.31634200255223 181.44427190999915 -150.68505285487467
      vertex -420.96209377611905 180.24596669241484 -150.14038391356
    endloop
  endfacet
  facet normal 0.26483351575243697 0.8214375839312873 0.5050777213848707
    outer loop
      vertex -421.41751204487895 181.44427190999915 -151.27081916036636
      vertex -418.27674269733717 180.24596669241484 -150.9687825671675
      vertex -421.0085250056748 181.44427190999915 -151.48526828552798
    endloop
  endfacet
  facet normal 0.23660606543010365 0.7696242584638828 0.5930396871926903
    outer loop
      vertex -421.41751204487895 181.44427190999915 -151.27081916036636
      vertex -421.9408540128079 181.44427190999915 -151.06202051403582
      vertex -419.0168600061413 180.24596669241484 -150.67349668972173
    endloop
  endfacet
  facet normal 0.2648335157524515 0.821437583931305 0.5050777213848344
    outer loop
      vertex -417.6983476796599 180.24596669241484 -151.27205942841013
      vertex -421.0085250056748 181.44427190999915 -151.48526828552798
      vertex -418.27674269733717 180.24596669241484 -150.9687825671675
    endloop
  endfacet
  facet normal 0.23660606543009524 0.7696242584638735 0.5930396871927057
    outer loop
      vertex -418.27674269733717 180.24596669241484 -150.9687825671675
      vertex -421.41751204487895 181.44427190999915 -151.27081916036636
      vertex -419.0168600061413 180.24596669241484 -150.67349668972173
    endloop
  endfacet
  facet normal 0.20630556681491705 0.7186985827006928 0.6640108134098356
    outer loop
      vertex -421.9408540128079 181.44427190999915 -151.06202051403582
      vertex -422.5747839235743 181.44427190999915 -150.8650609662086
      vertex -419.9133722835411 180.24596669241484 -150.39495382594558
    endloop
  endfacet
  facet normal 0.20630556681492854 0.7186985827007036 0.6640108134098202
    outer loop
      vertex -419.0168600061413 180.24596669241484 -150.67349668972173
      vertex -421.9408540128079 181.44427190999915 -151.06202051403582
      vertex -419.9133722835411 180.24596669241484 -150.39495382594558
    endloop
  endfacet
  facet normal 0.11557434188742417 0.5977309547934379 0.7933223034675213
    outer loop
      vertex -424.15933963006967 181.44427190999915 -150.52549409550096
      vertex -425.09758818645435 181.44427190999915 -150.38880632187224
      vertex -423.48115628731875 180.24596669241484 -149.72142804878192
    endloop
  endfacet
  facet normal 0.09877890399700424 0.942955294324129 0.31792772925815355
    outer loop
      vertex -421.9408540128079 181.44427190999915 -151.06202051403582
      vertex -429 182.5 -152
      vertex -422.5747839235743 181.44427190999915 -150.8650609662086
    endloop
  endfacet
  facet normal 0.08858755622106043 0.5731892565463002 0.8146203539457385
    outer loop
      vertex -426.12193927740833 181.44427190999915 -150.2774111677732
      vertex -424.92980749277757 180.24596669241484 -149.56389151107246
      vertex -425.09758818645435 181.44427190999915 -150.38880632187224
    endloop
  endfacet
  facet normal 0.08858755622104526 0.5731892565462995 0.8146203539457406
    outer loop
      vertex -423.48115628731875 180.24596669241484 -149.72142804878192
      vertex -425.09758818645435 181.44427190999915 -150.38880632187224
      vertex -424.92980749277757 180.24596669241484 -149.56389151107246
    endloop
  endfacet
  facet normal 0.11557434188742918 0.5977309547934394 0.7933223034675193
    outer loop
      vertex -422.1542724540025 180.24596669241484 -149.91473375205825
      vertex -424.15933963006967 181.44427190999915 -150.52549409550096
      vertex -423.48115628731875 180.24596669241484 -149.72142804878192
    endloop
  endfacet
  facet normal 0.17488895597388499 0.6710721561498005 0.7204693014409581
    outer loop
      vertex -419.9133722835411 180.24596669241484 -150.39495382594558
      vertex -422.5747839235743 181.44427190999915 -150.8650609662086
      vertex -420.96209377611905 180.24596669241484 -150.14038391356
    endloop
  endfacet
  facet normal 0.14437366795582088 0.6303474717812682 0.762770154646828
    outer loop
      vertex -420.96209377611905 180.24596669241484 -150.14038391356
      vertex -423.31634200255223 181.44427190999915 -150.68505285487467
      vertex -422.1542724540025 180.24596669241484 -149.91473375205825
    endloop
  endfacet
  facet normal 0.2466493313640991 0.5558324809252703 0.793860416248412
    outer loop
      vertex -419.0168600061413 180.24596669241484 -150.67349668972173
      vertex -419.9133722835411 180.24596669241484 -150.39495382594558
      vertex -417.8711993060223 178.82455532033677 -150.03422792998015
    endloop
  endfacet
  facet normal 0.1646431793697593 0.46501172853872946 0.8698601702621176
    outer loop
      vertex -422.1542724540025 180.24596669241484 -149.91473375205825
      vertex -420.61573029709547 178.82455532033677 -149.44608085734737
      vertex -420.96209377611905 180.24596669241484 -150.14038391356
    endloop
  endfacet
  facet normal 0.20356419254541416 0.5052849456343682 0.8385992745218702
    outer loop
      vertex -419.9133722835411 180.24596669241484 -150.39495382594558
      vertex -420.96209377611905 180.24596669241484 -150.14038391356
      vertex -419.15561557557527 178.82455532033677 -149.7224447353753
    endloop
  endfacet
  facet normal 0.2035641925454115 0.5052849456343674 0.8385992745218713
    outer loop
      vertex -417.8711993060223 178.82455532033677 -150.03422792998015
      vertex -419.9133722835411 180.24596669241484 -150.39495382594558
      vertex -419.15561557557527 178.82455532033677 -149.7224447353753
    endloop
  endfacet
  facet normal 0.3852780832571785 0.7503044904951214 0.5372187358092894
    outer loop
      vertex -415.1583592824126 178.82455532033677 -151.10845851826744
      vertex -417.2839580913372 180.24596669241484 -151.56924792104562
      vertex -417.6983476796599 180.24596669241484 -151.27205942841013
    endloop
  endfacet
  facet normal 0.3397531068789598 0.6816998497678987 0.6479607559046449
    outer loop
      vertex -417.6983476796599 180.24596669241484 -151.27205942841013
      vertex -418.27674269733717 180.24596669241484 -150.9687825671675
      vertex -415.8667456139513 178.82455532033677 -150.7370217378488
    endloop
  endfacet
  facet normal 0.3852780832571623 0.7503044904951072 0.5372187358093207
    outer loop
      vertex -414.65083775935625 178.82455532033677 -151.47243860045936
      vertex -417.2839580913372 180.24596669241484 -151.56924792104562
      vertex -415.1583592824126 178.82455532033677 -151.10845851826744
    endloop
  endfacet
  facet normal 0 -1 0
    outer loop
      vertex -410.0150417089462 172.5 -152.09566402435303
      vertex -410.2978215767635 172.5 -152.38927385892117
      vertex -410.0150414937759 172.5 -152.09566390041493
    endloop
  endfacet
  facet normal 0.6851236844868812 0.30854483159347296 -0.6598527289115927
    outer loop
      vertex -410.2978215767635 172.5 -152.38927385892117
      vertex -412.2722630873253 176.97213595499957 -152.34817712416455
      vertex -410.0150414937759 172.5 -152.09566390041493
    endloop
  endfacet
  facet normal 0.6851236844869116 0.3085448315934906 -0.6598527289115528
    outer loop
      vertex -410.0150414937759 172.5 -152.09566390041493
      vertex -412.2722630873253 176.97213595499957 -152.34817712416455
      vertex -412.01933689202804 176.97213595499957 -152.08556439372822
    endloop
  endfacet
  facet normal 0.2692256576984814 0.3549238377743207 -0.8952913573895191
    outer loop
      vertex -413.65689947136764 176.97213595499957 -152.86748303578557
      vertex -414.99337983414637 178.82455532033677 -152.53501809776736
      vertex -412.82654815361514 176.97213595499957 -152.61778568553464
    endloop
  endfacet
  facet normal 0.38296796950084666 0.48314832132070185 -0.7873393384947727
    outer loop
      vertex -412.82654815361514 176.97213595499957 -152.61778568553464
      vertex -414.51335488580105 178.82455532033677 -152.30153023454312
      vertex -412.2722630873253 176.97213595499957 -152.34817712416455
    endloop
  endfacet
  facet normal 0.5383411214090192 0.6643514820828662 -0.5184842767667873
    outer loop
      vertex -412.2722630873253 176.97213595499957 -152.34817712416455
      vertex -414.51335488580105 178.82455532033677 -152.30153023454312
      vertex -414.2943143753911 178.82455532033677 -152.07410093862805
    endloop
  endfacet
  facet normal 0.5383411214089932 0.6643514820828456 -0.518484276766841
    outer loop
      vertex -412.01933689202804 176.97213595499957 -152.08556439372822
      vertex -412.2722630873253 176.97213595499957 -152.34817712416455
      vertex -414.2943143753911 178.82455532033677 -152.07410093862805
    endloop
  endfacet
  facet normal 0.46408746035562876 0.8801100898740792 0.1001451888135552
    outer loop
      vertex -417.0396623009761 180.24596669241484 -151.84360503140437
      vertex -414.351637743009 178.82455532033677 -151.80845606430105
      vertex -416.9928579673088 180.24596669241484 -152.06050316303336
    endloop
  endfacet
  facet normal 0.4640874603556265 0.8801100898740786 0.1001451888135742
    outer loop
      vertex -414.2943143753911 178.82455532033677 -152.07410093862805
      vertex -416.9928579673088 180.24596669241484 -152.06050316303336
      vertex -414.351637743009 178.82455532033677 -151.80845606430105
    endloop
  endfacet
  facet normal 0.4282401408713437 0.819272285869832 0.381317850817546
    outer loop
      vertex -417.2839580913372 180.24596669241484 -151.56924792104562
      vertex -414.65083775935625 178.82455532033677 -151.47243860045936
      vertex -417.0396623009761 180.24596669241484 -151.84360503140437
    endloop
  endfacet
  facet normal 0.4282401408713647 0.8192722858698506 0.3813178508174821
    outer loop
      vertex -414.351637743009 178.82455532033677 -151.80845606430105
      vertex -417.0396623009761 180.24596669241484 -151.84360503140437
      vertex -414.65083775935625 178.82455532033677 -151.47243860045936
    endloop
  endfacet
  facet normal 0.3397531068789486 0.6816998497678898 0.6479607559046598
    outer loop
      vertex -415.1583592824126 178.82455532033677 -151.10845851826744
      vertex -417.6983476796599 180.24596669241484 -151.27205942841013
      vertex -415.8667456139513 178.82455532033677 -150.7370217378488
    endloop
  endfacet
  facet normal 0 -1 0
    outer loop
      vertex -410.061073262719 172.5 -151.88234594677635
      vertex -410.0150417089462 172.5 -152.09566402435303
      vertex -410.0150414937759 172.5 -152.09566390041493
    endloop
  endfacet
  facet normal 0.8955065590059839 0.4009064249634051 0.19324088904867978
    outer loop
      vertex -410.061073262719 172.5 -151.88234594677635
      vertex -410.0150414937759 172.5 -152.09566390041493
      vertex -412.01933689202804 176.97213595499957 -152.08556439372822
    endloop
  endfacet
  facet normal 0.8955065590059473 0.40090642496339757 0.19324088904886466
    outer loop
      vertex -410.08904564315355 172.5 -151.75271784232365
      vertex -410.061073262719 172.5 -151.88234594677635
      vertex -412.01933689202804 176.97213595499957 -152.08556439372822
    endloop
  endfacet
  facet normal 0.8955065590059872 0.40090642496340056 0.1932408890486735
    outer loop
      vertex -412.0855282154782 176.97213595499957 -151.77882411432515
      vertex -410.08904564315355 172.5 -151.75271784232365
      vertex -412.01933689202804 176.97213595499957 -152.08556439372822
    endloop
  endfacet
  facet normal 0.7076677156900605 0.319600428671063 0.6301285346366124
    outer loop
      vertex -410.4753112033195 172.5 -151.31892116182573
      vertex -410.08904564315355 172.5 -151.75271784232365
      vertex -412.43101463543746 176.97213595499957 -151.3908245679223
    endloop
  endfacet
  facet normal 0.7076677156900327 0.31960042867104516 0.6301285346366527
    outer loop
      vertex -410.08904564315355 172.5 -151.75271784232365
      vertex -412.0855282154782 176.97213595499957 -151.77882411432515
      vertex -412.43101463543746 176.97213595499957 -151.3908245679223
    endloop
  endfacet
  facet normal 0.6260347076584268 0.768004412342946 0.1350917000736697
    outer loop
      vertex -412.01933689202804 176.97213595499957 -152.08556439372822
      vertex -414.2943143753911 178.82455532033677 -152.07410093862805
      vertex -412.0855282154782 176.97213595499957 -151.77882411432515
    endloop
  endfacet
  facet normal 0.6260347076584302 0.7680044123429467 0.13509170007365057
    outer loop
      vertex -412.0855282154782 176.97213595499957 -151.77882411432515
      vertex -414.2943143753911 178.82455532033677 -152.07410093862805
      vertex -414.351637743009 178.82455532033677 -151.80845606430105
    endloop
  endfacet
  facet normal 0.5484547041787157 0.6787499245445744 0.4883604994212492
    outer loop
      vertex -414.351637743009 178.82455532033677 -151.80845606430105
      vertex -414.65083775935625 178.82455532033677 -151.47243860045936
      vertex -412.43101463543746 176.97213595499957 -151.3908245679223
    endloop
  endfacet
  facet normal 0.5484547041786988 0.6787499245445644 0.48836049942128223
    outer loop
      vertex -412.43101463543746 176.97213595499957 -151.3908245679223
      vertex -412.0855282154782 176.97213595499957 -151.77882411432515
      vertex -414.351637743009 178.82455532033677 -151.80845606430105
    endloop
  endfacet
  facet normal -0.11895021842948753 0.33426970029355035 0.9349409676558393
    outer loop
      vertex -445.93494912593343 178.82455532033677 -149.87344287446643
      vertex -448.55479487314057 176.97213595499957 -149.54446334225216
      vertex -445.9577271741945 176.97213595499957 -149.2140448658425
    endloop
  endfacet
  facet normal 0 -1 0
    outer loop
      vertex -413.2152698636055 172.5 -149.90261414647102
      vertex -412.04504149377595 172.5 -150.3695020746888
      vertex -413.2152697095436 172.5 -149.9026141078838
    endloop
  endfacet
  facet normal 0 -1 0
    outer loop
      vertex -413.2152698636055 172.5 -149.90261414647102
      vertex -413.2152697095436 172.5 -149.9026141078838
      vertex -414.05464030276744 172.5 -149.6418249422472
    endloop
  endfacet
  facet normal 0.2930767090518368 0.15591301318760736 0.9432906100084459
    outer loop
      vertex -413.2152697095436 172.5 -149.9026141078838
      vertex -414.88170802561575 176.97213595499957 -150.12404102807167
      vertex -414.05464030276744 172.5 -149.6418249422472
    endloop
  endfacet
  facet normal -0.13639036881706698 0.13400665558173439 0.981549735649571
    outer loop
      vertex -451.07598471349746 176.97213595499957 -149.89479302978094
      vertex -453.68170124481327 172.5 -149.6463070539419
      vertex -452.70935908829415 172.5 -149.51119611607766
    endloop
  endfacet
  facet normal -0.13639036881703615 0.1340066555817236 0.9815497356495768
    outer loop
      vertex -451.07598471349746 176.97213595499957 -149.89479302978094
      vertex -452.70935908829415 172.5 -149.51119611607766
      vertex -450.8629253112033 172.5 -149.2546265560166
    endloop
  endfacet
  facet normal 0 -1 0
    outer loop
      vertex -450.8629253112033 172.5 -149.2546265560166
      vertex -452.70935908829415 172.5 -149.51119611607766
      vertex -450.86292542517185 172.5 -149.25462667644024
    endloop
  endfacet
  facet normal -0.13639036881705002 0.13400665558172264 0.981549735649575
    outer loop
      vertex -448.55479487314057 176.97213595499957 -149.54446334225216
      vertex -451.07598471349746 176.97213595499957 -149.89479302978094
      vertex -450.8629253112033 172.5 -149.2546265560166
    endloop
  endfacet
  facet normal 0 -1 0
    outer loop
      vertex -450.8629253112033 172.5 -149.2546265560166
      vertex -450.86292542517185 172.5 -149.25462667644024
      vertex -449.9440400198901 172.5 -149.13771906143177
    endloop
  endfacet
  facet normal -0.1251661014059607 0.12835932802814654 0.9837974029072222
    outer loop
      vertex -448.55479487314057 176.97213595499957 -149.54446334225216
      vertex -450.8629253112033 172.5 -149.2546265560166
      vertex -449.9440400198901 172.5 -149.13771906143177
    endloop
  endfacet
  facet normal -0.1251661014059319 0.12835932802813804 0.983797402907227
    outer loop
      vertex -448.55479487314057 176.97213595499957 -149.54446334225216
      vertex -449.9440400198901 172.5 -149.13771906143177
      vertex -447.9593153526971 172.5 -148.88520746887966
    endloop
  endfacet
  facet normal -0.12516610140593856 0.12835932802813707 0.9837974029072264
    outer loop
      vertex -448.55479487314057 176.97213595499957 -149.54446334225216
      vertex -447.9593153526971 172.5 -148.88520746887966
      vertex -445.9577271741945 176.97213595499957 -149.2140448658425
    endloop
  endfacet
  facet normal 0 -1 0
    outer loop
      vertex -412.04504150152206 172.5 -150.36950217187405
      vertex -411.1305186721992 172.5 -150.84902489626555
      vertex -412.04504149377595 172.5 -150.3695020746888
    endloop
  endfacet
  facet normal -0.11895021842948177 0.3342697002935506 0.9349409676558402
    outer loop
      vertex -443.6858225232981 178.82455532033677 -149.58729208001594
      vertex -445.93494912593343 178.82455532033677 -149.87344287446643
      vertex -445.9577271741945 176.97213595499957 -149.2140448658425
    endloop
  endfacet
  facet normal -0.1073501970146953 0.32124208911858154 0.9408929032465042
    outer loop
      vertex -443.6858225232981 178.82455532033677 -149.58729208001594
      vertex -445.9577271741945 176.97213595499957 -149.2140448658425
      vertex -443.31168865871206 176.97213595499957 -148.91214785400896
    endloop
  endfacet
  facet normal -0.10735019701470562 0.3212420891185794 0.9408929032465039
    outer loop
      vertex -443.6858225232981 178.82455532033677 -149.58729208001594
      vertex -443.31168865871206 176.97213595499957 -148.91214785400896
      vertex -441.3942859494983 178.82455532033677 -149.32584159844146
    endloop
  endfacet
  facet normal -0.1124998043403352 0.12285428375846522 0.9860276968653471
    outer loop
      vertex -445.9577271741945 176.97213595499957 -149.2140448658425
      vertex -447.9593153526971 172.5 -148.88520746887966
      vertex -445.0009543568465 172.5 -148.54767634854772
    endloop
  endfacet
  facet normal -0.11249980434033478 0.1228542837584653 0.9860276968653471
    outer loop
      vertex -443.31168865871206 176.97213595499957 -148.91214785400896
      vertex -445.9577271741945 176.97213595499957 -149.2140448658425
      vertex -445.0009543568465 172.5 -148.54767634854772
    endloop
  endfacet
  facet normal -0.0971967407071899 0.11726173093242506 0.9883331827145292
    outer loop
      vertex -443.31168865871206 176.97213595499957 -148.91214785400896
      vertex -445.0009543568465 172.5 -148.54767634854772
      vertex -442.4116867288766 172.5 -148.2930371452316
    endloop
  endfacet
  facet normal -0.09719674070713538 0.11726173093243658 0.9883331827145331
    outer loop
      vertex -442.4116867288766 172.5 -148.2930371452316
      vertex -442.02153526970955 172.5 -148.25466804979254
      vertex -443.31168865871206 176.97213595499957 -148.91214785400896
    endloop
  endfacet
  facet normal -0.10039253208078376 0.4644113936935148 0.8799110164727203
    outer loop
      vertex -441.3942859494983 178.82455532033677 -149.32584159844146
      vertex -440.9909238783843 180.24596669241484 -150.03003223255578
      vertex -443.6858225232981 178.82455532033677 -149.58729208001594
    endloop
  endfacet
  facet normal -0.10039253208078693 0.4644113936935155 0.8799110164727196
    outer loop
      vertex -439.1198921008059 180.24596669241484 -149.8165588082683
      vertex -440.9909238783843 180.24596669241484 -150.03003223255578
      vertex -441.3942859494983 178.82455532033677 -149.32584159844146
    endloop
  endfacet
  facet normal -0.08753305616803231 0.44734193427013613 0.8900691871541995
    outer loop
      vertex -439.1198921008059 180.24596669241484 -149.8165588082683
      vertex -441.3942859494983 178.82455532033677 -149.32584159844146
      vertex -439.08643784832753 178.82455532033677 -149.09887834616558
    endloop
  endfacet
  facet normal -0.0875330561680333 0.4473419342701361 0.8900691871541995
    outer loop
      vertex -437.23554201689944 180.24596669241484 -149.6312440887888
      vertex -439.1198921008059 180.24596669241484 -149.8165588082683
      vertex -439.08643784832753 178.82455532033677 -149.09887834616558
    endloop
  endfacet
  facet normal 0.4697747034773036 0.59180823751999 0.6550379668204694
    outer loop
      vertex -412.43101463543746 176.97213595499957 -151.3908245679223
      vertex -414.65083775935625 178.82455532033677 -151.47243860045936
      vertex -413.0170500113497 176.97213595499957 -150.97053657105596
    endloop
  endfacet
  facet normal 0.4697747034772873 0.591808237519981 0.6550379668204894
    outer loop
      vertex -414.65083775935625 178.82455532033677 -151.47243860045936
      vertex -415.1583592824126 178.82455532033677 -151.10845851826744
      vertex -413.0170500113497 176.97213595499957 -150.97053657105596
    endloop
  endfacet
  facet normal 0.2922303961225435 0.6149026986879834 0.7324589181164336
    outer loop
      vertex -419.0168600061413 180.24596669241484 -150.67349668972173
      vertex -416.7732004921373 178.82455532033677 -150.3753718738527
      vertex -418.27674269733717 180.24596669241484 -150.9687825671675
    endloop
  endfacet
  facet normal 0.292230396122572 0.6149026986880022 0.7324589181164064
    outer loop
      vertex -415.8667456139513 178.82455532033677 -150.7370217378488
      vertex -418.27674269733717 180.24596669241484 -150.9687825671675
      vertex -416.7732004921373 178.82455532033677 -150.3753718738527
    endloop
  endfacet
  facet normal 0.39771880716097047 0.5162190502593061 0.7585101466558207
    outer loop
      vertex -415.8667456139513 178.82455532033677 -150.7370217378488
      vertex -413.8350240897579 176.97213595499957 -150.54163832073272
      vertex -415.1583592824126 178.82455532033677 -151.10845851826744
    endloop
  endfacet
  facet normal 0.5629354418473499 0.2587968062648117 0.7849381513082815
    outer loop
      vertex -412.43101463543746 176.97213595499957 -151.3908245679223
      vertex -413.0170500113497 176.97213595499957 -150.97053657105596
      vertex -411.1305186721992 172.5 -150.84902489626555
    endloop
  endfacet
  facet normal 0.562935441847373 0.2587968062648183 0.7849381513082626
    outer loop
      vertex -410.4753112033195 172.5 -151.31892116182573
      vertex -412.43101463543746 176.97213595499957 -151.3908245679223
      vertex -410.9243791663326 172.5 -150.9968623196648
    endloop
  endfacet
  facet normal 0.5629354418473437 0.2587968062648105 0.7849381513082863
    outer loop
      vertex -410.9243791663326 172.5 -150.9968623196648
      vertex -412.43101463543746 176.97213595499957 -151.3908245679223
      vertex -411.1305186721992 172.5 -150.84902489626555
    endloop
  endfacet
  facet normal 0.4535354018567795 0.21482164277528729 0.8649608667783396
    outer loop
      vertex -411.1305186721992 172.5 -150.84902489626555
      vertex -413.0170500113497 176.97213595499957 -150.97053657105596
      vertex -412.04504149377595 172.5 -150.3695020746888
    endloop
  endfacet
  facet normal 0.45353540185678715 0.2148216427752884 0.8649608667783353
    outer loop
      vertex -412.04504149377595 172.5 -150.3695020746888
      vertex -413.0170500113497 176.97213595499957 -150.97053657105596
      vertex -413.8350240897579 176.97213595499957 -150.54163832073272
    endloop
  endfacet
  facet normal 0 -1 0
    outer loop
      vertex -411.1305187344551 172.5 -150.84902492165565
      vertex -410.9243791663326 172.5 -150.9968623196648
      vertex -411.1305186721992 172.5 -150.84902489626555
    endloop
  endfacet
  facet normal 0 -1 0
    outer loop
      vertex -412.04504150152206 172.5 -150.36950217187405
      vertex -411.1305187344551 172.5 -150.84902492165565
      vertex -411.1305186721992 172.5 -150.84902489626555
    endloop
  endfacet
  facet normal 0 -1 0
    outer loop
      vertex -410.0150417089462 172.5 -152.09566402435303
      vertex -410.2978217750788 172.5 -152.38927379250526
      vertex -410.2978215767635 172.5 -152.38927385892117
    endloop
  endfacet
  facet normal 0.39771880716097013 0.516219050259306 0.758510146655821
    outer loop
      vertex -413.0170500113497 176.97213595499957 -150.97053657105596
      vertex -415.1583592824126 178.82455532033677 -151.10845851826744
      vertex -413.8350240897579 176.97213595499957 -150.54163832073272
    endloop
  endfacet
  facet normal 0.29307670905186606 0.15591301318761389 0.9432906100084358
    outer loop
      vertex -414.63278008298755 172.5 -149.46219917012448
      vertex -414.88170802561575 176.97213595499957 -150.12404102807167
      vertex -416.1495678471485 176.97213595499957 -149.73012193241718
    endloop
  endfacet
  facet normal 0.2466493313640928 0.5558324809252672 0.7938604162484162
    outer loop
      vertex -416.7732004921373 178.82455532033677 -150.3753718738527
      vertex -419.0168600061413 180.24596669241484 -150.67349668972173
      vertex -417.8711993060223 178.82455532033677 -150.03422792998015
    endloop
  endfacet
  facet normal 0.3308608520383294 0.4503545283240566 0.8292839654825646
    outer loop
      vertex -415.8667456139513 178.82455532033677 -150.7370217378488
      vertex -416.7732004921373 178.82455532033677 -150.3753718738527
      vertex -414.88170802561575 176.97213595499957 -150.12404102807167
    endloop
  endfacet
  facet normal 0.33086085203830606 0.45035452832404865 0.829283965482578
    outer loop
      vertex -413.8350240897579 176.97213595499957 -150.54163832073272
      vertex -415.8667456139513 178.82455532033677 -150.7370217378488
      vertex -414.88170802561575 176.97213595499957 -150.12404102807167
    endloop
  endfacet
  facet normal 0.2723231560423202 0.3969873688255216 0.8764936552400933
    outer loop
      vertex -416.7732004921373 178.82455532033677 -150.3753718738527
      vertex -417.8711993060223 178.82455532033677 -150.03422792998015
      vertex -416.1495678471485 176.97213595499957 -149.73012193241718
    endloop
  endfacet
  facet normal 0.2723231560423435 0.39698736882552615 0.8764936552400839
    outer loop
      vertex -416.1495678471485 176.97213595499957 -149.73012193241718
      vertex -414.88170802561575 176.97213595499957 -150.12404102807167
      vertex -416.7732004921373 178.82455532033677 -150.3753718738527
    endloop
  endfacet
  facet normal 0 -1 0
    outer loop
      vertex -413.2152698636055 172.5 -149.90261414647102
      vertex -412.04504150152206 172.5 -150.36950217187405
      vertex -412.04504149377595 172.5 -150.3695020746888
    endloop
  endfacet
  facet normal 0.36444455342155035 0.1810295849539616 0.9134596087691907
    outer loop
      vertex -412.04504149377595 172.5 -150.3695020746888
      vertex -413.8350240897579 176.97213595499957 -150.54163832073272
      vertex -413.2152697095436 172.5 -149.9026141078838
    endloop
  endfacet
  facet normal 0.364444553421552 0.1810295849539617 0.91345960876919
    outer loop
      vertex -413.2152697095436 172.5 -149.9026141078838
      vertex -413.8350240897579 176.97213595499957 -150.54163832073272
      vertex -414.88170802561575 176.97213595499957 -150.12404102807167
    endloop
  endfacet
  facet normal -0.06487334127047817 0.25923848276580214 -0.9636321178985728
    outer loop
      vertex -453.06377830328347 180.24596669241484 -152.08143193012035
      vertex -457.19130114281097 178.82455532033677 -152.1859514120289
      vertex -458.4719890632506 178.82455532033677 -152.0997333387824
    endloop
  endfacet
  facet normal -0.07252826890865353 0.2872653593757712 -0.9551011797248621
    outer loop
      vertex -446.1926738071003 180.24596669241484 -152.59666012349865
      vertex -450.05663907075456 178.82455532033677 -152.73075642621885
      vertex -447.8563205289983 180.24596669241484 -152.47032647490073
    endloop
  endfacet
  facet normal -0.06967695073181394 0.27974466948197874 -0.9575427105007561
    outer loop
      vertex -447.89186636680904 178.82455532033677 -152.88827917625838
      vertex -450.05663907075456 178.82455532033677 -152.73075642621885
      vertex -446.1926738071003 180.24596669241484 -152.59666012349865
    endloop
  endfacet
  facet normal -0.07252826890865226 0.28726535937576936 -0.9551011797248626
    outer loop
      vertex -450.05663907075456 178.82455532033677 -152.73075642621885
      vertex -452.0941818612066 178.82455532033677 -152.57602993801436
      vertex -447.8563205289983 180.24596669241484 -152.47032647490073
    endloop
  endfacet
  facet normal -0.07131868374407489 0.18522693502826984 -0.9801043964236902
    outer loop
      vertex -447.89186636680904 178.82455532033677 -152.88827917625838
      vertex -450.81444826474325 176.97213595499957 -153.02569644305663
      vertex -450.05663907075456 178.82455532033677 -152.73075642621885
    endloop
  endfacet
  facet normal -0.12716914504921611 0.5111836635144222 0.8500113356323111
    outer loop
      vertex -452.0295166861474 180.24596669241484 -151.64192782129322
      vertex -455.7162730248373 178.82455532033677 -151.3386840760175
      vertex -450.8137455799113 180.24596669241484 -151.46003780915524
    endloop
  endfacet
  facet normal -0.12090869670782696 0.4891664962930462 0.8637691971613713
    outer loop
      vertex -453.0679640567009 180.24596669241484 -151.78728762178844
      vertex -457.205282451986 178.82455532033677 -151.56145293554084
      vertex -452.0295166861474 180.24596669241484 -151.64192782129322
    endloop
  endfacet
  facet normal -0.09785485424610939 0.6162841867893881 0.7814206476756391
    outer loop
      vertex -453.0679640567009 180.24596669241484 -151.78728762178844
      vertex -446.44133022449836 181.44427190999915 -151.90252423476988
      vertex -453.6657657493134 180.24596669241484 -151.86214845080886
    endloop
  endfacet
  facet normal -0.1636326688947407 0.9865213376660354 0
    outer loop
      vertex -446.44133022449836 181.44427190999915 -152.03374050709604
      vertex -453.6657657493134 180.24596669241484 -152.04771628273656
      vertex -453.6657657493134 180.24596669241484 -151.86214845080886
    endloop
  endfacet
  facet normal -0.05280027523233636 0.32932153395371133 -0.9427403981000093
    outer loop
      vertex -453.06377830328347 180.24596669241484 -152.08143193012035
      vertex -453.6657657493134 180.24596669241484 -152.04771628273656
      vertex -446.44133022449836 181.44427190999915 -152.03374050709604
    endloop
  endfacet
  facet normal -0.12716914504921256 0.5111836635144141 0.8500113356323165
    outer loop
      vertex -455.7162730248373 178.82455532033677 -151.3386840760175
      vertex -452.0295166861474 180.24596669241484 -151.64192782129322
      vertex -457.205282451986 178.82455532033677 -151.56145293554084
    endloop
  endfacet
  facet normal -0.1209086967078287 0.4891664962930508 0.8637691971613685
    outer loop
      vertex -453.0679640567009 180.24596669241484 -151.78728762178844
      vertex -458.4771155432815 178.82455532033677 -151.73948160570387
      vertex -457.205282451986 178.82455532033677 -151.56145293554084
    endloop
  endfacet
  facet normal -0.13809368309468376 0.35908491847924745 0.9230320449529893
    outer loop
      vertex -457.205282451986 178.82455532033677 -151.56145293554084
      vertex -459.84929484526674 176.97213595499957 -151.23637814653864
      vertex -455.7162730248373 178.82455532033677 -151.3386840760175
    endloop
  endfacet
  facet normal -0.11086076463141237 0.45165274848305836 0.8852794393032279
    outer loop
      vertex -453.6657657493134 180.24596669241484 -151.86214845080886
      vertex -458.4771155432815 178.82455532033677 -151.73948160570387
      vertex -453.0679640567009 180.24596669241484 -151.78728762178844
    endloop
  endfacet
  facet normal -0.24837535026770477 0.9686638660440446 0
    outer loop
      vertex -453.6657657493134 180.24596669241484 -152.04771628273656
      vertex -459.2092701004178 178.82455532033677 -151.83116702211478
      vertex -453.6657657493134 180.24596669241484 -151.86214845080886
    endloop
  endfacet
  facet normal -0.054548455362738155 0.22008707487060888 -0.9739538723637986
    outer loop
      vertex -453.06377830328347 180.24596669241484 -152.08143193012035
      vertex -458.4719890632506 178.82455532033677 -152.0997333387824
      vertex -453.6657657493134 180.24596669241484 -152.04771628273656
    endloop
  endfacet
  facet normal -0.07406360926565853 0.2917333359320053 -0.9536279371371873
    outer loop
      vertex -447.8563205289983 180.24596669241484 -152.47032647490073
      vertex -452.0941818612066 178.82455532033677 -152.57602993801436
      vertex -449.3947751714123 180.24596669241484 -152.35084224098583
    endloop
  endfacet
  facet normal -0.1108607646314456 0.4516527484831658 0.885279439303169
    outer loop
      vertex -458.4771155432815 178.82455532033677 -151.73948160570387
      vertex -453.6657657493134 180.24596669241484 -151.86214845080886
      vertex -459.2092701004178 178.82455532033677 -151.83116702211478
    endloop
  endfacet
  facet normal -0.24837535026770477 0.9686638660440446 0
    outer loop
      vertex -453.6657657493134 180.24596669241484 -152.04771628273656
      vertex -459.2092701004178 178.82455532033677 -152.05844027256347
      vertex -459.2092701004178 178.82455532033677 -151.83116702211478
    endloop
  endfacet
  facet normal -0.054548455362740896 0.22008707487061804 -0.9739538723637963
    outer loop
      vertex -458.4719890632506 178.82455532033677 -152.0997333387824
      vertex -459.2092701004178 178.82455532033677 -152.05844027256347
      vertex -453.6657657493134 180.24596669241484 -152.04771628273656
    endloop
  endfacet
  facet normal -0.07396494733051913 0.2914209047556028 -0.9537311166349871
    outer loop
      vertex -449.3947751714123 180.24596669241484 -152.35084224098583
      vertex -453.9783962943717 178.82455532033677 -152.42969223531492
      vertex -450.78825053636893 180.24596669241484 -152.24277369820928
    endloop
  endfacet
  facet normal -0.07406360926566344 0.29173333593201417 -0.9536279371371844
    outer loop
      vertex -452.0941818612066 178.82455532033677 -152.57602993801436
      vertex -453.9783962943717 178.82455532033677 -152.42969223531492
      vertex -449.3947751714123 180.24596669241484 -152.35084224098583
    endloop
  endfacet
  facet normal -0.0707839600385287 0.2805959557438902 -0.9572123801024707
    outer loop
      vertex -450.78825053636893 180.24596669241484 -152.24277369820928
      vertex -455.6850481010129 178.82455532033677 -152.29733584179058
      vertex -452.01810099500904 180.24596669241484 -152.15182869214027
    endloop
  endfacet
  facet normal -0.07396494733051284 0.2914209047555893 -0.9537311166349917
    outer loop
      vertex -453.9783962943717 178.82455532033677 -152.42969223531492
      vertex -455.6850481010129 178.82455532033677 -152.29733584179058
      vertex -450.78825053636893 180.24596669241484 -152.24277369820928
    endloop
  endfacet
  facet normal -0.06487334127045985 0.25923848276575007 -0.9636321178985879
    outer loop
      vertex -452.01810099500904 180.24596669241484 -152.15182869214027
      vertex -457.19130114281097 178.82455532033677 -152.1859514120289
      vertex -453.06377830328347 180.24596669241484 -152.08143193012035
    endloop
  endfacet
  facet normal -0.07433381075346468 0.19045416832962214 -0.9788777729342618
    outer loop
      vertex -450.05663907075456 178.82455532033677 -152.73075642621885
      vertex -453.31411247145786 176.97213595499957 -152.84380483877902
      vertex -452.0941818612066 178.82455532033677 -152.57602993801436
    endloop
  endfacet
  facet normal -0.07131868374406691 0.18522693502826673 -0.9801043964236912
    outer loop
      vertex -450.81444826474325 176.97213595499957 -153.02569644305663
      vertex -453.31411247145786 176.97213595499957 -152.84380483877902
      vertex -450.05663907075456 178.82455532033677 -152.73075642621885
    endloop
  endfacet
  facet normal -0.07596741968090574 0.19356939783653915 -0.9781410120060526
    outer loop
      vertex -452.0941818612066 178.82455532033677 -152.57602993801436
      vertex -455.6668642285636 176.97213595499957 -152.66514207954773
      vertex -453.9783962943717 178.82455532033677 -152.42969223531492
    endloop
  endfacet
  facet normal -0.07433381075347803 0.19045416832963052 -0.9788777729342589
    outer loop
      vertex -453.31411247145786 176.97213595499957 -152.84380483877902
      vertex -455.6668642285636 176.97213595499957 -152.66514207954773
      vertex -452.0941818612066 178.82455532033677 -152.57602993801436
    endloop
  endfacet
  facet normal -0.07078396003851564 0.28059595574385754 -0.9572123801024812
    outer loop
      vertex -455.6850481010129 178.82455532033677 -152.29733584179058
      vertex -457.19130114281097 178.82455532033677 -152.1859514120289
      vertex -452.01810099500904 180.24596669241484 -152.15182869214027
    endloop
  endfacet
  facet normal -0.07586199355666774 0.19335131891124785 -0.9781923253680173
    outer loop
      vertex -453.9783962943717 178.82455532033677 -152.42969223531492
      vertex -457.8425676489613 176.97213595499957 -152.4961658554555
      vertex -455.6850481010129 178.82455532033677 -152.29733584179058
    endloop
  endfacet
  facet normal -0.16363266889474073 0.9865213376660354 0
    outer loop
      vertex -446.44133022449836 181.44427190999915 -152.03374050709604
      vertex -453.6657657493134 180.24596669241484 -151.86214845080886
      vertex -446.44133022449836 181.44427190999915 -151.90252423476988
    endloop
  endfacet
  facet normal -0.13049929386797957 0.5220595313452014 0.8428664069896175
    outer loop
      vertex -449.44234055115544 180.24596669241484 -151.2477059539816
      vertex -450.8137455799113 180.24596669241484 -151.46003780915524
      vertex -454.03665174926795 178.82455532033677 -151.07863172536054
    endloop
  endfacet
  facet normal -0.13049929386798229 0.5220595313452067 0.8428664069896137
    outer loop
      vertex -450.8137455799113 180.24596669241484 -151.46003780915524
      vertex -455.7162730248373 178.82455532033677 -151.3386840760175
      vertex -454.03665174926795 178.82455532033677 -151.07863172536054
    endloop
  endfacet
  facet normal -0.143400555250392 0.3704477308920982 0.9177171456558796
    outer loop
      vertex -454.03665174926795 178.82455532033677 -151.07863172536054
      vertex -457.90983525409354 176.97213595499957 -150.93609555722824
      vertex -455.78148822770896 176.97213595499957 -150.6035245174544
    endloop
  endfacet
  facet normal -0.14225909397026862 0.36814596401690847 0.9188203847111901
    outer loop
      vertex -455.7162730248373 178.82455532033677 -151.3386840760175
      vertex -457.90983525409354 176.97213595499957 -150.93609555722824
      vertex -454.03665174926795 178.82455532033677 -151.07863172536054
    endloop
  endfacet
  facet normal -0.14225909397027117 0.3681459640169112 0.9188203847111887
    outer loop
      vertex -455.7162730248373 178.82455532033677 -151.3386840760175
      vertex -459.84929484526674 176.97213595499957 -151.23637814653864
      vertex -457.90983525409354 176.97213595499957 -150.93609555722824
    endloop
  endfacet
  facet normal -0.15277490184239864 0.1440247270388198 0.9777099300756021
    outer loop
      vertex -457.90983525409354 176.97213595499957 -150.93609555722824
      vertex -458.94261410788386 172.5 -150.4386929460581
      vertex -455.78148822770896 176.97213595499957 -150.6035245174544
    endloop
  endfacet
  facet normal -0.1111384036639645 0.6873024375580027 0.7178186501880913
    outer loop
      vertex -444.42464742263337 181.44427190999915 -151.61818907326932
      vertex -449.44234055115544 180.24596669241484 -151.2477059539816
      vertex -443.45491762704677 181.44427190999915 -151.46804777861414
    endloop
  endfacet
  facet normal -0.1111384036639682 0.6873024375580143 0.7178186501880796
    outer loop
      vertex -444.42464742263337 181.44427190999915 -151.61818907326932
      vertex -450.8137455799113 180.24596669241484 -151.46003780915524
      vertex -449.44234055115544 180.24596669241484 -151.2477059539816
    endloop
  endfacet
  facet normal -0.10892092542600744 0.6768281284422208 0.728038403213555
    outer loop
      vertex -445.28432741622356 181.44427190999915 -151.7468047342822
      vertex -450.8137455799113 180.24596669241484 -151.46003780915524
      vertex -444.42464742263337 181.44427190999915 -151.61818907326932
    endloop
  endfacet
  facet normal -0.10892092542600465 0.6768281284422103 0.728038403213565
    outer loop
      vertex -445.28432741622356 181.44427190999915 -151.7468047342822
      vertex -452.0295166861474 180.24596669241484 -151.64192782129322
      vertex -450.8137455799113 180.24596669241484 -151.46003780915524
    endloop
  endfacet
  facet normal -0.10474143407264566 0.6550727623616522 0.7482706114770779
    outer loop
      vertex -446.0186205938473 181.44427190999915 -151.84958963492429
      vertex -452.0295166861474 180.24596669241484 -151.64192782129322
      vertex -445.28432741622356 181.44427190999915 -151.7468047342822
    endloop
  endfacet
  facet normal -0.09785485424612786 0.6162841867894829 0.7814206476755621
    outer loop
      vertex -446.44133022449836 181.44427190999915 -151.90252423476988
      vertex -453.0679640567009 180.24596669241484 -151.78728762178844
      vertex -446.0186205938473 181.44427190999915 -151.84958963492429
    endloop
  endfacet
  facet normal -0.062040866488590654 0.38325066870297464 -0.9215583843816232
    outer loop
      vertex -445.2762553036077 181.44427190999915 -152.1073590977911
      vertex -452.01810099500904 180.24596669241484 -152.15182869214027
      vertex -446.01566081922147 181.44427190999915 -152.0575810699932
    endloop
  endfacet
  facet normal -0.05280027523232642 0.32932153395365715 -0.9427403981000289
    outer loop
      vertex -446.01566081922147 181.44427190999915 -152.0575810699932
      vertex -453.06377830328347 180.24596669241484 -152.08143193012035
      vertex -446.44133022449836 181.44427190999915 -152.03374050709604
    endloop
  endfacet
  facet normal -0.07246230694831213 0.1858175996218864 -0.9799086864307761
    outer loop
      vertex -455.6850481010129 178.82455532033677 -152.29733584179058
      vertex -459.8132394089158 176.97213595499957 -152.34333385659502
      vertex -457.19130114281097 178.82455532033677 -152.1859514120289
    endloop
  endfacet
  facet normal -0.10474143407264744 0.6550727623616599 0.7482706114770709
    outer loop
      vertex -452.0295166861474 180.24596669241484 -151.64192782129322
      vertex -446.0186205938473 181.44427190999915 -151.84958963492429
      vertex -453.0679640567009 180.24596669241484 -151.78728762178844
    endloop
  endfacet
  facet normal -0.0620408664885711 0.38325066870287994 -0.9215583843816639
    outer loop
      vertex -452.01810099500904 180.24596669241484 -152.15182869214027
      vertex -453.06377830328347 180.24596669241484 -152.08143193012035
      vertex -446.01566081922147 181.44427190999915 -152.0575810699932
    endloop
  endfacet
  facet normal -0.06869611595353128 0.420610385497008 -0.9046368040628003
    outer loop
      vertex -441.15705623572893 181.44427190999915 -152.4219024193895
      vertex -446.1926738071003 180.24596669241484 -152.59666012349865
      vertex -442.3334321142818 181.44427190999915 -152.33257103977388
    endloop
  endfacet
  facet normal -0.07003748166677161 0.42646517230833747 -0.901788338785658
    outer loop
      vertex -442.3334321142818 181.44427190999915 -152.33257103977388
      vertex -447.8563205289983 180.24596669241484 -152.47032647490073
      vertex -443.4212838244806 181.44427190999915 -152.24808292772775
    endloop
  endfacet
  facet normal -0.06995210268625332 0.4260566865262583 -0.9019880282997318
    outer loop
      vertex -443.4212838244806 181.44427190999915 -152.24808292772775
      vertex -449.3947751714123 180.24596669241484 -152.35084224098583
      vertex -444.4066197044579 181.44427190999915 -152.17166692829753
    endloop
  endfacet
  facet normal -0.06869611595352944 0.4206103854970027 -0.9046368040628028
    outer loop
      vertex -446.1926738071003 180.24596669241484 -152.59666012349865
      vertex -447.8563205289983 180.24596669241484 -152.47032647490073
      vertex -442.3334321142818 181.44427190999915 -152.33257103977388
    endloop
  endfacet
  facet normal -0.06617158455468827 0.41069184574511863 -0.9093698528299635
    outer loop
      vertex -444.4251442958431 180.24596669241484 -152.72527691032425
      vertex -446.1926738071003 180.24596669241484 -152.59666012349865
      vertex -441.15705623572893 181.44427190999915 -152.4219024193895
    endloop
  endfacet
  facet normal -0.06427428568074464 0.2670267250997933 -0.9615433137839966
    outer loop
      vertex -442.5750412853517 180.24596669241484 -152.84894689765656
      vertex -445.62596219316356 178.82455532033677 -153.0397433589887
      vertex -444.4251442958431 180.24596669241484 -152.72527691032425
    endloop
  endfacet
  facet normal -0.06967695073180957 0.27974466948197385 -0.9575427105007578
    outer loop
      vertex -444.4251442958431 180.24596669241484 -152.72527691032425
      vertex -447.89186636680904 178.82455532033677 -152.88827917625838
      vertex -446.1926738071003 180.24596669241484 -152.59666012349865
    endloop
  endfacet
  facet normal -0.06427428568074635 0.2670267250997947 -0.9615433137839963
    outer loop
      vertex -445.62596219316356 178.82455532033677 -153.0397433589887
      vertex -447.89186636680904 178.82455532033677 -152.88827917625838
      vertex -444.4251442958431 180.24596669241484 -152.72527691032425
    endloop
  endfacet
  facet normal -0.06720281489901156 0.41181852446317535 -0.9087845094292828
    outer loop
      vertex -444.4066197044579 181.44427190999915 -152.17166692829753
      vertex -450.78825053636893 180.24596669241484 -152.24277369820928
      vertex -445.2762553036077 181.44427190999915 -152.1073590977911
    endloop
  endfacet
  facet normal -0.06995210268627415 0.42605668652633905 -0.9019880282996919
    outer loop
      vertex -449.3947751714123 180.24596669241484 -152.35084224098583
      vertex -450.78825053636893 180.24596669241484 -152.24277369820928
      vertex -444.4066197044579 181.44427190999915 -152.17166692829753
    endloop
  endfacet
  facet normal -0.07003748166675423 0.42646517230827863 -0.9017883387856871
    outer loop
      vertex -447.8563205289983 180.24596669241484 -152.47032647490073
      vertex -449.3947751714123 180.24596669241484 -152.35084224098583
      vertex -443.4212838244806 181.44427190999915 -152.24808292772775
    endloop
  endfacet
  facet normal -0.0672028148990185 0.4118185244632056 -0.9087845094292687
    outer loop
      vertex -450.78825053636893 180.24596669241484 -152.24277369820928
      vertex -452.01810099500904 180.24596669241484 -152.15182869214027
      vertex -445.2762553036077 181.44427190999915 -152.1073590977911
    endloop
  endfacet
  facet normal 0 -1 0
    outer loop
      vertex -444.3385271281004 172.5 -153.67502056062222
      vertex -447.43707468879666 172.5 -153.52039419087137
      vertex -444.3385269709544 172.5 -153.67502074688798
    endloop
  endfacet
  facet normal -0.07712189369871054 0.07173143417491527 -0.994437939171437
    outer loop
      vertex -457.8425676489613 176.97213595499957 -152.4961658554555
      vertex -461.24697095435687 172.5 -152.55473029045643
      vertex -459.8132394089158 176.97213595499957 -152.34333385659502
    endloop
  endfacet
  facet normal -0.07357166863839419 0.06884846101787907 -0.9949105984907548
    outer loop
      vertex -459.8132394089158 176.97213595499957 -152.34333385659502
      vertex -463.4502489626556 172.5 -152.38385892116182
      vertex -461.5525106072154 176.97213595499957 -152.21471819558215
    endloop
  endfacet
  facet normal -0.07712189369871801 0.07173143417491763 -0.9944379391714363
    outer loop
      vertex -461.24697095435687 172.5 -152.55473029045643
      vertex -463.4502489626556 172.5 -152.38385892116182
      vertex -459.8132394089158 176.97213595499957 -152.34333385659502
    endloop
  endfacet
  facet normal -0.07723198982594383 0.07181505367349258 -0.9944233594467693
    outer loop
      vertex -461.24697095435687 172.5 -152.55473029045643
      vertex -457.8425676489613 176.97213595499957 -152.4961658554555
      vertex -458.81446058091285 172.5 -152.74365145228217
    endloop
  endfacet
  facet normal -0.06703520838290147 0.06323728958800325 -0.9957446088443683
    outer loop
      vertex -461.5525106072154 176.97213595499957 -152.21471819558215
      vertex -465.3948132780083 172.5 -152.2400622406639
      vertex -463.03132163844293 176.97213595499957 -152.1151621399864
    endloop
  endfacet
  facet normal -0.07357166863839594 0.06884846101787981 -0.9949105984907546
    outer loop
      vertex -463.4502489626556 172.5 -152.38385892116182
      vertex -465.3948132780083 172.5 -152.2400622406639
      vertex -461.5525106072154 176.97213595499957 -152.21471819558215
    endloop
  endfacet
  facet normal -0.06703520838288599 0.0632372895879951 -0.9957446088443699
    outer loop
      vertex -467.04817427385893 172.5 -152.128755186722
      vertex -463.03132163844293 176.97213595499957 -152.1151621399864
      vertex -465.3948132780083 172.5 -152.2400622406639
    endloop
  endfacet
  facet normal -0.05684285721632053 0.251692438094153 -0.9661365359977366
    outer loop
      vertex -443.28129664449835 178.82455532033677 -153.17769227618305
      vertex -445.62596219316356 178.82455532033677 -153.0397433589887
      vertex -442.5750412853517 180.24596669241484 -152.84894689765656
    endloop
  endfacet
  facet normal -0.05791974678374153 0.16590102158710596 -0.9844400205034647
    outer loop
      vertex -445.4906209241561 176.97213595499957 -153.35988190535366
      vertex -445.62596219316356 178.82455532033677 -153.0397433589887
      vertex -443.28129664449835 178.82455532033677 -153.17769227618305
    endloop
  endfacet
  facet normal -0.057919746783746485 0.1659010215871055 -0.9844400205034644
    outer loop
      vertex -445.4906209241561 176.97213595499957 -153.35988190535366
      vertex -448.19800749551905 176.97213595499957 -153.20059221640048
      vertex -445.62596219316356 178.82455532033677 -153.0397433589887
    endloop
  endfacet
  facet normal -0.04923266208319757 0.15574958071326397 -0.9865689094492306
    outer loop
      vertex -442.71919559270714 176.97213595499957 -153.4981841015056
      vertex -445.4906209241561 176.97213595499957 -153.35988190535366
      vertex -443.28129664449835 178.82455532033677 -153.17769227618305
    endloop
  endfacet
  facet normal -0.04975858880714217 0.057444779030255695 -0.9971079080029838
    outer loop
      vertex -444.3385269709544 172.5 -153.67502074688798
      vertex -445.4906209241561 176.97213595499957 -153.35988190535366
      vertex -442.71919559270714 176.97213595499957 -153.4981841015056
    endloop
  endfacet
  facet normal -0.04032171905985952 0.05405209833904874 -0.9977236739885464
    outer loop
      vertex -442.39150176303167 172.5 -153.75370726649564
      vertex -444.3385269709544 172.5 -153.67502074688798
      vertex -442.71919559270714 176.97213595499957 -153.4981841015056
    endloop
  endfacet
  facet normal 0 -1 0
    outer loop
      vertex -442.39150176303167 172.5 -153.75370726649564
      vertex -444.3385271281004 172.5 -153.67502056062222
      vertex -444.3385269709544 172.5 -153.67502074688798
    endloop
  endfacet
  facet normal -0.06617944244129788 0.1710741717725816 -0.9830330152901703
    outer loop
      vertex -461.5525106072154 176.97213595499957 -152.21471819558215
      vertex -463.03132163844293 176.97213595499957 -152.1151621399864
      vertex -458.4719890632506 178.82455532033677 -152.0997333387824
    endloop
  endfacet
  facet normal -0.049758588807143636 0.05744477903025532 -0.9971079080029839
    outer loop
      vertex -444.3385269709544 172.5 -153.67502074688798
      vertex -447.43707468879666 172.5 -153.52039419087137
      vertex -445.4906209241561 176.97213595499957 -153.35988190535366
    endloop
  endfacet
  facet normal 0 -1 0
    outer loop
      vertex -444.3385271281004 172.5 -153.67502056062222
      vertex -447.4370746612549 172.5 -153.52039405703545
      vertex -447.43707468879666 172.5 -153.52039419087137
    endloop
  endfacet
  facet normal -0.0656497980637483 0.17643266861911724 -0.9821209790337063
    outer loop
      vertex -448.19800749551905 176.97213595499957 -153.20059221640048
      vertex -447.89186636680904 178.82455532033677 -152.88827917625838
      vertex -445.62596219316356 178.82455532033677 -153.0397433589887
    endloop
  endfacet
  facet normal -0.06564979806374491 0.17643266861911677 -0.9821209790337065
    outer loop
      vertex -448.19800749551905 176.97213595499957 -153.20059221640048
      vertex -450.81444826474325 176.97213595499957 -153.02569644305663
      vertex -447.89186636680904 178.82455532033677 -152.88827917625838
    endloop
  endfacet
  facet normal -0.06655384941010309 0.06527212166918081 -0.9956455871752261
    outer loop
      vertex -450.4640248962656 172.5 -153.34230290456432
      vertex -450.81444826474325 176.97213595499957 -153.02569644305663
      vertex -448.19800749551905 176.97213595499957 -153.20059221640048
    endloop
  endfacet
  facet normal -0.058623279368927 0.0612775589372708 -0.9963976976522587
    outer loop
      vertex -447.43707468879666 172.5 -153.52039419087137
      vertex -448.19800749551905 176.97213595499957 -153.20059221640048
      vertex -445.4906209241561 176.97213595499957 -153.35988190535366
    endloop
  endfacet
  facet normal 0 -1 0
    outer loop
      vertex -450.4640248962656 172.5 -153.34230290456432
      vertex -447.43707468879666 172.5 -153.52039419087137
      vertex -447.4370746612549 172.5 -153.52039405703545
    endloop
  endfacet
  facet normal -0.05862327936892452 0.061277558937271215 -0.9963976976522588
    outer loop
      vertex -450.4640248962656 172.5 -153.34230290456432
      vertex -448.19800749551905 176.97213595499957 -153.20059221640048
      vertex -447.43707468879666 172.5 -153.52039419087137
    endloop
  endfacet
  facet normal 0 -1 0
    outer loop
      vertex -450.46402499079704 172.5 -153.34230269491673
      vertex -450.4640248962656 172.5 -153.34230290456432
      vertex -447.4370746612549 172.5 -153.52039405703545
    endloop
  endfacet
  facet normal -0.07240344782353572 0.06862289097975145 -0.9950118791134334
    outer loop
      vertex -450.81444826474325 176.97213595499957 -153.02569644305663
      vertex -453.38929460580914 172.5 -153.14676348547718
      vertex -453.31411247145786 176.97213595499957 -152.84380483877902
    endloop
  endfacet
  facet normal -0.06655384941009376 0.06527212166917092 -0.9956455871752276
    outer loop
      vertex -450.81444826474325 176.97213595499957 -153.02569644305663
      vertex -453.0770991672575 172.5 -153.16763216452475
      vertex -453.38929460580914 172.5 -153.14676348547718
    endloop
  endfacet
  facet normal -0.06655384941011201 0.06527212166918007 -0.9956455871752256
    outer loop
      vertex -450.4640248962656 172.5 -153.34230290456432
      vertex -453.0770991672575 172.5 -153.16763216452475
      vertex -450.81444826474325 176.97213595499957 -153.02569644305663
    endloop
  endfacet
  facet normal 0 -1 0
    outer loop
      vertex -450.46402499079704 172.5 -153.34230269491673
      vertex -453.0770991672575 172.5 -153.16763216452475
      vertex -450.4640248962656 172.5 -153.34230290456432
    endloop
  endfacet
  facet normal -0.07240344782354272 0.06862289097975154 -0.9950118791134328
    outer loop
      vertex -456.1840041493776 172.5 -152.94340248962655
      vertex -453.31411247145786 176.97213595499957 -152.84380483877902
      vertex -453.38929460580914 172.5 -153.14676348547718
    endloop
  endfacet
  facet normal -0.05533335697242145 0.1444199657720374 -0.9879681640076091
    outer loop
      vertex -458.4719890632506 178.82455532033677 -152.0997333387824
      vertex -463.03132163844293 176.97213595499957 -152.1151621399864
      vertex -459.2092701004178 178.82455532033677 -152.05844027256347
    endloop
  endfacet
  facet normal -0.07586199355666501 0.19335131891124474 -0.9781923253680181
    outer loop
      vertex -457.8425676489613 176.97213595499957 -152.4961658554555
      vertex -459.8132394089158 176.97213595499957 -152.34333385659502
      vertex -455.6850481010129 178.82455532033677 -152.29733584179058
    endloop
  endfacet
  facet normal -0.07596741968090892 0.19356939783654192 -0.9781410120060517
    outer loop
      vertex -455.6668642285636 176.97213595499957 -152.66514207954773
      vertex -457.8425676489613 176.97213595499957 -152.4961658554555
      vertex -453.9783962943717 178.82455532033677 -152.42969223531492
    endloop
  endfacet
  facet normal -0.07553072085417503 0.070621454109887 -0.9946394926940383
    outer loop
      vertex -453.31411247145786 176.97213595499957 -152.84380483877902
      vertex -456.1840041493776 172.5 -152.94340248962655
      vertex -455.6668642285636 176.97213595499957 -152.66514207954773
    endloop
  endfacet
  facet normal -0.07723198982594615 0.07181505367349307 -0.9944233594467691
    outer loop
      vertex -455.6668642285636 176.97213595499957 -152.66514207954773
      vertex -458.81446058091285 172.5 -152.74365145228217
      vertex -457.8425676489613 176.97213595499957 -152.4961658554555
    endloop
  endfacet
  facet normal -0.07553072085416257 0.07062145410988561 -0.9946394926940393
    outer loop
      vertex -456.1840041493776 172.5 -152.94340248962655
      vertex -458.81446058091285 172.5 -152.74365145228217
      vertex -455.6668642285636 176.97213595499957 -152.66514207954773
    endloop
  endfacet
  facet normal -0.15277490184240902 0.14402472703882202 0.9777099300756004
    outer loop
      vertex -457.90983525409354 176.97213595499957 -150.93609555722824
      vertex -461.32217842323655 172.5 -150.81051867219918
      vertex -458.94261410788386 172.5 -150.4386929460581
    endloop
  endfacet
  facet normal -0.15143222863886524 0.14301028121686504 0.9780676559398842
    outer loop
      vertex -461.32217842323655 172.5 -150.81051867219918
      vertex -457.90983525409354 176.97213595499957 -150.93609555722824
      vertex -459.84929484526674 176.97213595499957 -151.23637814653864
    endloop
  endfacet
  facet normal -0.14652481195418957 0.13904118693443435 0.9793865568904104
    outer loop
      vertex -459.84929484526674 176.97213595499957 -151.23637814653864
      vertex -461.5686548324471 176.97213595499957 -151.4936094685644
      vertex -463.4905601659751 172.5 -151.146244813278
    endloop
  endfacet
  facet normal -0.1514322286388554 0.14301028121686196 0.9780676559398862
    outer loop
      vertex -463.4905601659751 172.5 -151.146244813278
      vertex -461.32217842323655 172.5 -150.81051867219918
      vertex -459.84929484526674 176.97213595499957 -151.23637814653864
    endloop
  endfacet
  facet normal -0.13809368309469305 0.3590849184792597 0.9230320449529832
    outer loop
      vertex -457.205282451986 178.82455532033677 -151.56145293554084
      vertex -461.5686548324471 176.97213595499957 -151.4936094685644
      vertex -459.84929484526674 176.97213595499957 -151.23637814653864
    endloop
  endfacet
  facet normal -0.1303150136803286 0.3410529071477639 0.9309677286219724
    outer loop
      vertex -458.4771155432815 178.82455532033677 -151.73948160570387
      vertex -461.5686548324471 176.97213595499957 -151.4936094685644
      vertex -457.205282451986 178.82455532033677 -151.56145293554084
    endloop
  endfacet
  facet normal -0.1303150136803117 0.3410529071477373 0.9309677286219846
    outer loop
      vertex -458.4771155432815 178.82455532033677 -151.73948160570387
      vertex -463.0372411876945 176.97213595499957 -151.69917926984854
      vertex -461.5686548324471 176.97213595499957 -151.4936094685644
    endloop
  endfacet
  facet normal -0.11808595512573569 0.3112097339007293 0.9429762503517678
    outer loop
      vertex -459.2092701004178 178.82455532033677 -151.83116702211478
      vertex -463.0372411876945 176.97213595499957 -151.69917926984854
      vertex -458.4771155432815 178.82455532033677 -151.73948160570387
    endloop
  endfacet
  facet normal -0.3684844849135741 0.929633898036199 0
    outer loop
      vertex -459.2092701004178 178.82455532033677 -152.05844027256347
      vertex -463.8826604489967 176.97213595499957 -151.80504846953974
      vertex -459.2092701004178 178.82455532033677 -151.83116702211478
    endloop
  endfacet
  facet normal 0.09839430830383906 0.0670219331422883 -0.9928880201569962
    outer loop
      vertex -415.5807652471237 172.5 -153.5295967877883
      vertex -416.4046680497925 172.5 -153.611244813278
      vertex -416.1215845234135 176.97213595499957 -153.2813133425592
    endloop
  endfacet
  facet normal -0.11808595512571997 0.3112097339006977 0.9429762503517803
    outer loop
      vertex -463.0372411876945 176.97213595499957 -151.69917926984854
      vertex -459.2092701004178 178.82455532033677 -151.83116702211478
      vertex -463.8826604489967 176.97213595499957 -151.80504846953974
    endloop
  endfacet
  facet normal -0.3684844849135741 0.929633898036199 0
    outer loop
      vertex -459.2092701004178 178.82455532033677 -152.05844027256347
      vertex -463.8826604489967 176.97213595499957 -152.06748101419208
      vertex -463.8826604489967 176.97213595499957 -151.80504846953974
    endloop
  endfacet
  facet normal -0.05533335697240729 0.14441996577200833 -0.9879681640076142
    outer loop
      vertex -463.03132163844293 176.97213595499957 -152.1151621399864
      vertex -463.8826604489967 176.97213595499957 -152.06748101419208
      vertex -459.2092701004178 178.82455532033677 -152.05844027256347
    endloop
  endfacet
  facet normal -0.1374272195471554 0.1312529288207876 0.9817771783880004
    outer loop
      vertex -463.0372411876945 176.97213595499957 -151.69917926984854
      vertex -465.4128630705394 172.5 -151.43383817427386
      vertex -461.5686548324471 176.97213595499957 -151.4936094685644
    endloop
  endfacet
  facet normal -0.12337849644838092 0.11865972579078501 0.9852398774356388
    outer loop
      vertex -463.8826604489967 176.97213595499957 -151.80504846953974
      vertex -467.05479253112037 172.5 -151.66367219917012
      vertex -463.0372411876945 176.97213595499957 -151.69917926984854
    endloop
  endfacet
  facet normal -0.14652481195418948 0.1390411869344343 0.9793865568904104
    outer loop
      vertex -465.4128630705394 172.5 -151.43383817427386
      vertex -463.4905601659751 172.5 -151.146244813278
      vertex -461.5686548324471 176.97213595499957 -151.4936094685644
    endloop
  endfacet
  facet normal -0.1374272195471598 0.13125292882078987 0.9817771783879992
    outer loop
      vertex -465.4128630705394 172.5 -151.43383817427386
      vertex -463.0372411876945 176.97213595499957 -151.69917926984854
      vertex -467.05479253112037 172.5 -151.66367219917012
    endloop
  endfacet
  facet normal -0.05584044330818715 0.053186084318382634 -0.9970221087448478
    outer loop
      vertex -463.03132163844293 176.97213595499957 -152.1151621399864
      vertex -467.04817427385893 172.5 -152.128755186722
      vertex -463.8826604489967 176.97213595499957 -152.06748101419208
    endloop
  endfacet
  facet normal -0.7356871548095533 0.6773214969630187 0
    outer loop
      vertex -463.8826604489967 176.97213595499957 -152.06748101419208
      vertex -468 172.5 -152.07544606746205
      vertex -463.8826604489967 176.97213595499957 -151.80504846953974
    endloop
  endfacet
  facet normal -0.12337849644838234 0.118659725790786 0.9852398774356387
    outer loop
      vertex -463.8826604489967 176.97213595499957 -151.80504846953974
      vertex -468 172.5 -151.78203756278663
      vertex -467.05479253112037 172.5 -151.66367219917012
    endloop
  endfacet
  facet normal -0.7356871548095533 0.6773214969630186 0
    outer loop
      vertex -468 172.5 -151.78203756278663
      vertex -463.8826604489967 176.97213595499957 -151.80504846953974
      vertex -468 172.5 -152.07544606746205
    endloop
  endfacet
  facet normal -0.05584044330822016 0.05318608431840596 -0.9970221087448446
    outer loop
      vertex -467.04817427385893 172.5 -152.128755186722
      vertex -468 172.5 -152.07544606746205
      vertex -463.8826604489967 176.97213595499957 -152.06748101419208
    endloop
  endfacet
  facet normal -0.06617944244130985 0.17107417177260129 -0.9830330152901662
    outer loop
      vertex -457.19130114281097 178.82455532033677 -152.1859514120289
      vertex -461.5525106072154 176.97213595499957 -152.21471819558215
      vertex -458.4719890632506 178.82455532033677 -152.0997333387824
    endloop
  endfacet
  facet normal -0.07246230694831524 0.1858175996218907 -0.9799086864307749
    outer loop
      vertex -459.8132394089158 176.97213595499957 -152.34333385659502
      vertex -461.5525106072154 176.97213595499957 -152.21471819558215
      vertex -457.19130114281097 178.82455532033677 -152.1859514120289
    endloop
  endfacet
  facet normal -0.0031627156868689805 0.19776581842270086 -0.9802441931952892
    outer loop
      vertex -428.8917332414797 178.82455532033677 -153.5631103657768
      vertex -430.79861430701214 180.24596669241484 -153.2701859006623
      vertex -428.91160056184003 180.24596669241484 -153.27627426926946
    endloop
  endfacet
  facet normal 0.048425007602884575 0.053388756554855955 -0.9973989469175245
    outer loop
      vertex -418.4701659751037 172.5 -153.75624481327802
      vertex -420.7751244813278 172.5 -153.86815352697096
      vertex -419.5818301314167 176.97213595499957 -153.57083311504843
    endloop
  endfacet
  facet normal 0.031708975542521466 0.05018006775948273 -0.9982366962147291
    outer loop
      vertex -420.7751244813278 172.5 -153.86815352697096
      vertex -423.29427385892114 172.5 -153.9481742738589
      vertex -421.64344769351004 176.97213595499957 -153.67092731148523
    endloop
  endfacet
  facet normal 0.03170897554251685 0.05018006775948444 -0.9982366962147293
    outer loop
      vertex -423.29427385892114 172.5 -153.9481742738589
      vertex -423.8966433950201 176.97213595499957 -153.74250004334593
      vertex -421.64344769351004 176.97213595499957 -153.67092731148523
    endloop
  endfacet
  facet normal 0.018436066911725012 0.04841163177785285 -0.9986573112661981
    outer loop
      vertex -425.99933609958504 172.5 -153.998112033195
      vertex -426.316124616417 176.97213595499957 -153.78716573315376
      vertex -423.8966433950201 176.97213595499957 -153.74250004334593
    endloop
  endfacet
  facet normal 0.018436066911721692 0.04841163177785441 -0.9986573112661981
    outer loop
      vertex -423.29427385892114 172.5 -153.9481742738589
      vertex -425.99933609958504 172.5 -153.998112033195
      vertex -423.8966433950201 176.97213595499957 -153.74250004334593
    endloop
  endfacet
  facet normal 0.017592844310317973 0.30251874356762243 -0.952981060472526
    outer loop
      vertex -426.44832169751004 181.44427190999915 -152.87125002167298
      vertex -427.1022135164088 180.24596669241484 -153.26371700901726
      vertex -427.6580623082085 181.44427190999915 -152.89358286657688
    endloop
  endfacet
  facet normal 0.017592844310335337 0.3025187435676137 -0.9529810604725282
    outer loop
      vertex -425.39138193780553 180.24596669241484 -153.23213359686775
      vertex -427.1022135164088 180.24596669241484 -153.26371700901726
      vertex -426.44832169751004 181.44427190999915 -152.87125002167298
    endloop
  endfacet
  facet normal 0.006624758772303853 0.29792108648109206 -0.9545675140089017
    outer loop
      vertex -427.1022135164088 180.24596669241484 -153.26371700901726
      vertex -428.91160056184003 180.24596669241484 -153.27627426926946
      vertex -427.6580623082085 181.44427190999915 -152.89358286657688
    endloop
  endfacet
  facet normal 0.006624758772307404 0.2979210864810886 -0.9545675140089026
    outer loop
      vertex -428.91160056184003 180.24596669241484 -153.27627426926946
      vertex -428.937492157824 181.44427190999915 -152.90246219045434
      vertex -427.6580623082085 181.44427190999915 -152.89358286657688
    endloop
  endfacet
  facet normal -0.003080116324692157 0.29773511527345703 -0.9546435533834225
    outer loop
      vertex -428.91160056184003 180.24596669241484 -153.27627426926946
      vertex -430.2718123732274 181.44427190999915 -152.89815706372588
      vertex -428.937492157824 181.44427190999915 -152.90246219045434
    endloop
  endfacet
  facet normal -0.0030801163247009427 0.2977351152734479 -0.9546435533834253
    outer loop
      vertex -428.91160056184003 180.24596669241484 -153.27627426926946
      vertex -430.79861430701214 180.24596669241484 -153.2701859006623
      vertex -430.2718123732274 181.44427190999915 -152.89815706372588
    endloop
  endfacet
  facet normal 0.018080554111089 0.20112039000189003 -0.9793996540169513
    outer loop
      vertex -426.67569573722545 178.82455532033677 -153.5477309256842
      vertex -427.1022135164088 180.24596669241484 -153.26371700901726
      vertex -425.39138193780553 180.24596669241484 -153.23213359686775
    endloop
  endfacet
  facet normal 0.006802645701838028 0.19789606762531428 -0.9801994034021304
    outer loop
      vertex -426.67569573722545 178.82455532033677 -153.5477309256842
      vertex -428.8917332414797 178.82455532033677 -153.5631103657768
      vertex -427.1022135164088 180.24596669241484 -153.26371700901726
    endloop
  endfacet
  facet normal 0.006881458521941664 0.12949945668209376 -0.9915556142988922
    outer loop
      vertex -426.67569573722545 178.82455532033677 -153.5477309256842
      vertex -428.874984315648 176.97213595499957 -153.80492438090866
      vertex -428.8917332414797 178.82455532033677 -153.5631103657768
    endloop
  endfacet
  facet normal 0.00680264570184683 0.19789606762530362 -0.9801994034021324
    outer loop
      vertex -428.8917332414797 178.82455532033677 -153.5631103657768
      vertex -428.91160056184003 180.24596669241484 -153.27627426926946
      vertex -427.1022135164088 180.24596669241484 -153.26371700901726
    endloop
  endfacet
  facet normal 0.01829703402874971 0.13165980272009842 -0.9911260842564157
    outer loop
      vertex -426.316124616417 176.97213595499957 -153.78716573315376
      vertex -426.67569573722545 178.82455532033677 -153.5477309256842
      vertex -424.58036353551626 178.82455532033677 -153.50904930363308
    endloop
  endfacet
  facet normal -0.0031627156868553464 0.19776581842271845 -0.9802441931952857
    outer loop
      vertex -428.8917332414797 178.82455532033677 -153.5631103657768
      vertex -431.2028436481246 178.82455532033677 -153.55565366755008
      vertex -430.79861430701214 180.24596669241484 -153.2701859006623
    endloop
  endfacet
  facet normal -0.003199308629170065 0.12941223968030827 -0.99158571825396
    outer loop
      vertex -428.874984315648 176.97213595499957 -153.80492438090866
      vertex -431.2028436481246 178.82455532033677 -153.55565366755008
      vertex -428.8917332414797 178.82455532033677 -153.5631103657768
    endloop
  endfacet
  facet normal -0.01213501691299635 0.30134186732000184 -0.95343894422486
    outer loop
      vertex -430.79861430701214 180.24596669241484 -153.2701859006623
      vertex -431.6459550108691 181.44427190999915 -152.88066748639147
      vertex -430.2718123732274 181.44427190999915 -152.89815706372588
    endloop
  endfacet
  facet normal -0.012135016912981977 0.3013418673200111 -0.9534389442248572
    outer loop
      vertex -430.79861430701214 180.24596669241484 -153.2701859006623
      vertex -432.7419454618002 180.24596669241484 -153.24545190319586
      vertex -431.6459550108691 181.44427190999915 -152.88066748639147
    endloop
  endfacet
  facet normal -0.020844335048262438 0.30855812405436017 -0.9509770753159351
    outer loop
      vertex -432.7419454618002 180.24596669241484 -153.24545190319586
      vertex -433.04539026804053 181.44427190999915 -152.84999345845117
      vertex -431.6459550108691 181.44427190999915 -152.88066748639147
    endloop
  endfacet
  facet normal -0.029651754590360017 0.31971963494600925 -0.9470481130754147
    outer loop
      vertex -433.04539026804053 181.44427190999915 -152.84999345845117
      vertex -434.7210457821551 180.24596669241484 -153.20207227687007
      vertex -434.45478113077155 181.44427190999915 -152.80586590948442
    endloop
  endfacet
  facet normal -0.020844335048259482 0.30855812405436084 -0.9509770753159351
    outer loop
      vertex -432.7419454618002 180.24596669241484 -153.24545190319586
      vertex -434.7210457821551 180.24596669241484 -153.20207227687007
      vertex -433.04539026804053 181.44427190999915 -152.84999345845117
    endloop
  endfacet
  facet normal -0.012468703445368384 0.20029426889075286 -0.9796564383925164
    outer loop
      vertex -431.2028436481246 178.82455532033677 -153.55565366755008
      vertex -432.7419454618002 180.24596669241484 -153.24545190319586
      vertex -430.79861430701214 180.24596669241484 -153.2701859006623
    endloop
  endfacet
  facet normal -0.012616746425901507 0.1311060519141257 -0.9912880614942939
    outer loop
      vertex -431.54362474645484 176.97213595499957 -153.79631412745175
      vertex -433.58292851336677 178.82455532033677 -153.52536083100404
      vertex -431.2028436481246 178.82455532033677 -153.55565366755008
    endloop
  endfacet
  facet normal -0.012468703445362037 0.2002942688907594 -0.9796564383925151
    outer loop
      vertex -433.58292851336677 178.82455532033677 -153.52536083100404
      vertex -432.7419454618002 180.24596669241484 -153.24545190319586
      vertex -431.2028436481246 178.82455532033677 -153.55565366755008
    endloop
  endfacet
  facet normal -0.021446504354540794 0.20536838741653832 -0.9784497293683009
    outer loop
      vertex -433.58292851336677 178.82455532033677 -153.52536083100404
      vertex -434.7210457821551 180.24596669241484 -153.20207227687007
      vertex -432.7419454618002 180.24596669241484 -153.24545190319586
    endloop
  endfacet
  facet normal -0.012616746425912304 0.13110605191411398 -0.9912880614942953
    outer loop
      vertex -431.54362474645484 176.97213595499957 -153.79631412745175
      vertex -434.29191002173826 176.97213595499957 -153.76133497278298
      vertex -433.58292851336677 178.82455532033677 -153.52536083100404
    endloop
  endfacet
  facet normal 0.006881458521943249 0.12949945668209187 -0.9915556142988923
    outer loop
      vertex -426.316124616417 176.97213595499957 -153.78716573315376
      vertex -428.874984315648 176.97213595499957 -153.80492438090866
      vertex -426.67569573722545 178.82455532033677 -153.5477309256842
    endloop
  endfacet
  facet normal 0.006932027634918086 0.04760545020671233 -0.9988421637593624
    outer loop
      vertex -426.316124616417 176.97213595499957 -153.78716573315376
      vertex -428.8602282157676 172.5 -154.01796680497927
      vertex -428.874984315648 176.97213595499957 -153.80492438090866
    endloop
  endfacet
  facet normal 0.04798194887806744 0.1449602905305389 -0.9882733664078802
    outer loop
      vertex -419.5818301314167 176.97213595499957 -153.57083311504843
      vertex -421.64344769351004 176.97213595499957 -153.67092731148523
      vertex -420.84362563664973 178.82455532033677 -153.36038138273778
    endloop
  endfacet
  facet normal -0.1314158256158547 0.5248021868057893 0.8410187545480569
    outer loop
      vertex -449.44234055115544 180.24596669241484 -151.2477059539816
      vertex -454.03665174926795 178.82455532033677 -151.07863172536054
      vertex -452.19344915634986 178.82455532033677 -150.79061675635336
    endloop
  endfacet
  facet normal 0.09839430830383843 0.06702193314228821 -0.9928880201569962
    outer loop
      vertex -415.5807652471237 172.5 -153.5295967877883
      vertex -416.1215845234135 176.97213595499957 -153.2813133425592
      vertex -414.6014937759336 172.5 -153.43255186721993
    endloop
  endfacet
  facet normal 0.09839430830384906 0.06702193314228759 -0.9928880201569953
    outer loop
      vertex -416.4046680497925 172.5 -153.611244813278
      vertex -417.7343926240644 176.97213595499957 -153.44114117235344
      vertex -416.1215845234135 176.97213595499957 -153.2813133425592
    endloop
  endfacet
  facet normal 0.06990804224554446 0.05866374462138288 -0.9958270084188279
    outer loop
      vertex -416.4046680497925 172.5 -153.611244813278
      vertex -418.4701659751037 172.5 -153.75624481327802
      vertex -417.7343926240644 176.97213595499957 -153.44114117235344
    endloop
  endfacet
  facet normal 0.13163031236687092 0.3237497318243458 -0.9369416054428708
    outer loop
      vertex -417.84696503678543 178.82455532033677 -153.10964990486423
      vertex -419.8935850855679 180.24596669241484 -152.9060253533484
      vertex -418.9293397074138 180.24596669241484 -152.7705591518398
    endloop
  endfacet
  facet normal 0.0948508243693784 0.2736850052031863 -0.9571310459092741
    outer loop
      vertex -417.84696503678543 178.82455532033677 -153.10964990486423
      vertex -419.24369782337845 178.82455532033677 -153.24806486569776
      vertex -419.8935850855679 180.24596669241484 -152.9060253533484
    endloop
  endfacet
  facet normal 0.09485082436937597 0.2736850052031854 -0.9571310459092748
    outer loop
      vertex -419.24369782337845 178.82455532033677 -153.24806486569776
      vertex -421.03401263029076 180.24596669241484 -153.01904069561823
      vertex -419.8935850855679 180.24596669241484 -152.9060253533484
    endloop
  endfacet
  facet normal 0.09698667340262325 0.18102980983841135 -0.9786837043356559
    outer loop
      vertex -417.7343926240644 176.97213595499957 -153.44114117235344
      vertex -419.24369782337845 178.82455532033677 -153.24806486569776
      vertex -417.84696503678543 178.82455532033677 -153.10964990486423
    endloop
  endfacet
  facet normal 0.0679548025199646 0.24156038708440275 -0.9680034732407246
    outer loop
      vertex -419.24369782337845 178.82455532033677 -153.24806486569776
      vertex -420.84362563664973 178.82455532033677 -153.36038138273778
      vertex -421.03401263029076 180.24596669241484 -153.01904069561823
    endloop
  endfacet
  facet normal 0.06795480251996898 0.24156038708440317 -0.9680034732407241
    outer loop
      vertex -420.84362563664973 178.82455532033677 -153.36038138273778
      vertex -422.34034821955794 180.24596669241484 -153.11074674776313
      vertex -421.03401263029076 180.24596669241484 -153.01904069561823
    endloop
  endfacet
  facet normal 0.04729633315217289 0.2208871749468892 -0.9741518941183356
    outer loop
      vertex -420.84362563664973 178.82455532033677 -153.36038138273778
      vertex -422.6290388183107 178.82455532033677 -153.44706549962342
      vertex -422.34034821955794 180.24596669241484 -153.11074674776313
    endloop
  endfacet
  facet normal 0.06913797507922263 0.15898287840226027 -0.9848575454231323
    outer loop
      vertex -417.7343926240644 176.97213595499957 -153.44114117235344
      vertex -419.5818301314167 176.97213595499957 -153.57083311504843
      vertex -419.24369782337845 178.82455532033677 -153.24806486569776
    endloop
  endfacet
  facet normal 0.06913797507923072 0.15898287840225872 -0.9848575454231319
    outer loop
      vertex -419.5818301314167 176.97213595499957 -153.57083311504843
      vertex -420.84362563664973 178.82455532033677 -153.36038138273778
      vertex -419.24369782337845 178.82455532033677 -153.24806486569776
    endloop
  endfacet
  facet normal 0.0479819488780551 0.1449602905305442 -0.98827336640788
    outer loop
      vertex -421.64344769351004 176.97213595499957 -153.67092731148523
      vertex -422.6290388183107 178.82455532033677 -153.44706549962342
      vertex -420.84362563664973 178.82455532033677 -153.36038138273778
    endloop
  endfacet
  facet normal -0.14340055525040135 0.3704477308921058 0.917717145655875
    outer loop
      vertex -454.03665174926795 178.82455532033677 -151.07863172536054
      vertex -455.78148822770896 176.97213595499957 -150.6035245174544
      vertex -452.19344915634986 178.82455532033677 -150.79061675635336
    endloop
  endfacet
  facet normal 0.06990804224553859 0.05866374462138386 -0.9958270084188281
    outer loop
      vertex -418.4701659751037 172.5 -153.75624481327802
      vertex -419.5818301314167 176.97213595499957 -153.57083311504843
      vertex -417.7343926240644 176.97213595499957 -153.44114117235344
    endloop
  endfacet
  facet normal 0.04842500760288967 0.05338875655485459 -0.9973989469175244
    outer loop
      vertex -420.7751244813278 172.5 -153.86815352697096
      vertex -421.64344769351004 176.97213595499957 -153.67092731148523
      vertex -419.5818301314167 176.97213595499957 -153.57083311504843
    endloop
  endfacet
  facet normal 0.0653565340656039 0.3591421988692441 -0.9309916242621605
    outer loop
      vertex -422.34034821955794 180.24596669241484 -153.11074674776313
      vertex -423.3671963120322 181.44427190999915 -152.7205705861767
      vertex -421.03401263029076 180.24596669241484 -153.01904069561823
    endloop
  endfacet
  facet normal 0.045770058457757466 0.33044284951365277 -0.9427155588798092
    outer loop
      vertex -422.34034821955794 180.24596669241484 -153.11074674776313
      vertex -423.7981319779274 180.24596669241484 -153.18152403282102
      vertex -424.29091506570836 181.44427190999915 -152.7854165575242
    endloop
  endfacet
  facet normal 0.04729633315218888 0.22088717494688598 -0.9741518941183357
    outer loop
      vertex -422.6290388183107 178.82455532033677 -153.44706549962342
      vertex -423.7981319779274 180.24596669241484 -153.18152403282102
      vertex -422.34034821955794 180.24596669241484 -153.11074674776313
    endloop
  endfacet
  facet normal 0.04577005845776544 0.3304428495136556 -0.9427155588798078
    outer loop
      vertex -424.29091506570836 181.44427190999915 -152.7854165575242
      vertex -423.7981319779274 180.24596669241484 -153.18152403282102
      vertex -425.32172384675505 181.44427190999915 -152.83546365574261
    endloop
  endfacet
  facet normal 0.030158577971072326 0.3125321325120306 -0.949428315525846
    outer loop
      vertex -423.7981319779274 180.24596669241484 -153.18152403282102
      vertex -425.39138193780553 180.24596669241484 -153.23213359686775
      vertex -425.32172384675505 181.44427190999915 -152.83546365574261
    endloop
  endfacet
  facet normal 0.030158577971089562 0.3125321325120295 -0.9494283155258457
    outer loop
      vertex -425.39138193780553 180.24596669241484 -153.23213359686775
      vertex -426.44832169751004 181.44427190999915 -152.87125002167298
      vertex -425.32172384675505 181.44427190999915 -152.83546365574261
    endloop
  endfacet
  facet normal 0.03105342692250625 0.20817160334821233 -0.9775992370270156
    outer loop
      vertex -423.7981319779274 180.24596669241484 -153.18152403282102
      vertex -424.58036353551626 178.82455532033677 -153.50904930363308
      vertex -425.39138193780553 180.24596669241484 -153.23213359686775
    endloop
  endfacet
  facet normal 0.031053426922531355 0.20817160334819895 -0.9775992370270176
    outer loop
      vertex -422.6290388183107 178.82455532033677 -153.44706549962342
      vertex -424.58036353551626 178.82455532033677 -153.50904930363308
      vertex -423.7981319779274 180.24596669241484 -153.18152403282102
    endloop
  endfacet
  facet normal 0.03145227301762839 0.1363930144155469 -0.9901553919161704
    outer loop
      vertex -421.64344769351004 176.97213595499957 -153.67092731148523
      vertex -423.8966433950201 176.97213595499957 -153.74250004334593
      vertex -422.6290388183107 178.82455532033677 -153.44706549962342
    endloop
  endfacet
  facet normal 0.03145227301764913 0.13639301441553292 -0.9901553919161716
    outer loop
      vertex -423.8966433950201 176.97213595499957 -153.74250004334593
      vertex -424.58036353551626 178.82455532033677 -153.50904930363308
      vertex -422.6290388183107 178.82455532033677 -153.44706549962342
    endloop
  endfacet
  facet normal 0.018080554111072785 0.20112039000190404 -0.9793996540169486
    outer loop
      vertex -424.58036353551626 178.82455532033677 -153.50904930363308
      vertex -426.67569573722545 178.82455532033677 -153.5477309256842
      vertex -425.39138193780553 180.24596669241484 -153.23213359686775
    endloop
  endfacet
  facet normal 0.018297034028759717 0.13165980272008923 -0.9911260842564167
    outer loop
      vertex -423.8966433950201 176.97213595499957 -153.74250004334593
      vertex -426.316124616417 176.97213595499957 -153.78716573315376
      vertex -424.58036353551626 178.82455532033677 -153.50904930363308
    endloop
  endfacet
  facet normal -0.11057024645524921 0.6854892532133945 0.7196378980624688
    outer loop
      vertex -442.3907441138545 181.44427190999915 -151.3017622587272
      vertex -446.32014902481205 180.24596669241484 -150.76406117275278
      vertex -441.2471948266061 181.44427190999915 -151.12605927412173
    endloop
  endfacet
  facet normal 0 -1 0
    outer loop
      vertex -434.9165351241827 172.5 -153.9692322909832
      vertex -437.5176470328228 172.5 -153.91221895599412
      vertex -434.9165352697095 172.5 -153.96923236514522
    endloop
  endfacet
  facet normal -0.03125286109793628 0.05146048916657165 -0.9981858928716286
    outer loop
      vertex -437.0907805360811 176.97213595499957 -153.69998691690236
      vertex -438.04576763485477 172.5 -153.90064315352697
      vertex -439.9095622615431 176.97213595499957 -153.61173181896882
    endloop
  endfacet
  facet normal -0.021886760907099855 0.04947612190086824 -0.9985354691039503
    outer loop
      vertex -437.5176470328228 172.5 -153.91221895599412
      vertex -437.0907805360811 176.97213595499957 -153.69998691690236
      vertex -434.9165352697095 172.5 -153.96923236514522
    endloop
  endfacet
  facet normal -0.02188676090710499 0.04947612190086872 -0.9985354691039501
    outer loop
      vertex -437.5176470328228 172.5 -153.91221895599412
      vertex -438.04576763485477 172.5 -153.90064315352697
      vertex -437.0907805360811 176.97213595499957 -153.69998691690236
    endloop
  endfacet
  facet normal -0.03125286109792812 0.05146048916657503 -0.9981858928716286
    outer loop
      vertex -438.04576763485477 172.5 -153.90064315352697
      vertex -441.19726141078837 172.5 -153.80197095435685
      vertex -439.9095622615431 176.97213595499957 -153.61173181896882
    endloop
  endfacet
  facet normal -0.1106678841100391 0.4807565798789702 0.8698423594707735
    outer loop
      vertex -442.8273280595096 180.24596669241484 -150.26367337785436
      vertex -445.93494912593343 178.82455532033677 -149.87344287446643
      vertex -443.6858225232981 178.82455532033677 -149.58729208001594
    endloop
  endfacet
  facet normal -0.11942576306989355 0.4970540427605292 0.8594619047349263
    outer loop
      vertex -444.61007849228463 180.24596669241484 -150.51139387555693
      vertex -445.93494912593343 178.82455532033677 -149.87344287446643
      vertex -442.8273280595096 180.24596669241484 -150.26367337785436
    endloop
  endfacet
  facet normal -0.11942576306988663 0.4970540427605245 0.85946190473493
    outer loop
      vertex -444.61007849228463 180.24596669241484 -150.51139387555693
      vertex -448.11836357544576 178.82455532033677 -150.17683728356621
      vertex -445.93494912593343 178.82455532033677 -149.87344287446643
    endloop
  endfacet
  facet normal -0.12568937601329716 0.5104454864160471 0.8506747828370563
    outer loop
      vertex -444.61007849228463 180.24596669241484 -150.51139387555693
      vertex -446.32014902481205 180.24596669241484 -150.76406117275278
      vertex -448.11836357544576 178.82455532033677 -150.17683728356621
    endloop
  endfacet
  facet normal -0.12905625050681874 0.3474663616111865 0.9287688688547897
    outer loop
      vertex -448.11836357544576 178.82455532033677 -150.17683728356621
      vertex -448.55479487314057 176.97213595499957 -149.54446334225216
      vertex -445.93494912593343 178.82455532033677 -149.87344287446643
    endloop
  endfacet
  facet normal -0.12905625050682454 0.3474663616111874 0.9287688688547884
    outer loop
      vertex -448.11836357544576 178.82455532033677 -150.17683728356621
      vertex -451.07598471349746 176.97213595499957 -149.89479302978094
      vertex -448.55479487314057 176.97213595499957 -149.54446334225216
    endloop
  endfacet
  facet normal -0.12568937601330776 0.5104454864160574 0.8506747828370488
    outer loop
      vertex -446.32014902481205 180.24596669241484 -150.76406117275278
      vertex -450.21276368987657 178.82455532033677 -150.48629025997522
      vertex -448.11836357544576 178.82455532033677 -150.17683728356621
    endloop
  endfacet
  facet normal -0.1364515153166904 0.35847370004792783 0.9235137196283155
    outer loop
      vertex -450.21276368987657 178.82455532033677 -150.48629025997522
      vertex -451.07598471349746 176.97213595499957 -149.89479302978094
      vertex -448.11836357544576 178.82455532033677 -150.17683728356621
    endloop
  endfacet
  facet normal -0.10769490472345199 0.6761107113528942 0.7288869003422204
    outer loop
      vertex -441.2471948266061 181.44427190999915 -151.12605927412173
      vertex -446.32014902481205 180.24596669241484 -150.76406117275278
      vertex -444.61007849228463 180.24596669241484 -150.51139387555693
    endloop
  endfacet
  facet normal 0.006932027634925376 0.04760545020670818 -0.9988421637593625
    outer loop
      vertex -427.3389733573599 172.5 -154.0074092002837
      vertex -428.8602282157676 172.5 -154.01796680497927
      vertex -426.316124616417 176.97213595499957 -153.78716573315376
    endloop
  endfacet
  facet normal -0.11057024645525124 0.685489253213399 0.7196378980624641
    outer loop
      vertex -442.3907441138545 181.44427190999915 -151.3017622587272
      vertex -447.9373719360807 180.24596669241484 -151.01254271653124
      vertex -446.32014902481205 180.24596669241484 -150.76406117275278
    endloop
  endfacet
  facet normal -0.11175736418906723 0.6899156248506892 0.7152109633782155
    outer loop
      vertex -443.45491762704677 181.44427190999915 -151.46804777861414
      vertex -447.9373719360807 180.24596669241484 -151.01254271653124
      vertex -442.3907441138545 181.44427190999915 -151.3017622587272
    endloop
  endfacet
  facet normal -0.12970279613615684 0.5201634701020754 0.8441606180377227
    outer loop
      vertex -447.9373719360807 180.24596669241484 -151.01254271653124
      vertex -450.21276368987657 178.82455532033677 -150.48629025997522
      vertex -446.32014902481205 180.24596669241484 -150.76406117275278
    endloop
  endfacet
  facet normal -0.12970279613615252 0.52016347010207 0.8441606180377268
    outer loop
      vertex -447.9373719360807 180.24596669241484 -151.01254271653124
      vertex -452.19344915634986 178.82455532033677 -150.79061675635336
      vertex -450.21276368987657 178.82455532033677 -150.48629025997522
    endloop
  endfacet
  facet normal -0.11175736418906321 0.6899156248506785 0.7152109633782265
    outer loop
      vertex -443.45491762704677 181.44427190999915 -151.46804777861414
      vertex -449.44234055115544 180.24596669241484 -151.2477059539816
      vertex -447.9373719360807 180.24596669241484 -151.01254271653124
    endloop
  endfacet
  facet normal -0.1314158256158536 0.5248021868057876 0.8410187545480581
    outer loop
      vertex -449.44234055115544 180.24596669241484 -151.2477059539816
      vertex -452.19344915634986 178.82455532033677 -150.79061675635336
      vertex -447.9373719360807 180.24596669241484 -151.01254271653124
    endloop
  endfacet
  facet normal -0.13645151531669175 0.3584737000479284 0.9235137196283154
    outer loop
      vertex -450.21276368987657 178.82455532033677 -150.48629025997522
      vertex -453.4943896532123 176.97213595499957 -150.2521185482435
      vertex -451.07598471349746 176.97213595499957 -149.89479302978094
    endloop
  endfacet
  facet normal -0.14129437535596104 0.36655869213953685 0.919603514950721
    outer loop
      vertex -452.19344915634986 178.82455532033677 -150.79061675635336
      vertex -453.4943896532123 176.97213595499957 -150.2521185482435
      vertex -450.21276368987657 178.82455532033677 -150.48629025997522
    endloop
  endfacet
  facet normal -0.14129437535595873 0.3665586921395355 0.9196035149507219
    outer loop
      vertex -452.19344915634986 178.82455532033677 -150.79061675635336
      vertex -455.78148822770896 176.97213595499957 -150.6035245174544
      vertex -453.4943896532123 176.97213595499957 -150.2521185482435
    endloop
  endfacet
  facet normal -0.14475140907817874 0.13877482139578745 0.9796880005983788
    outer loop
      vertex -453.4943896532123 176.97213595499957 -150.2521185482435
      vertex -453.68170124481327 172.5 -149.6463070539419
      vertex -451.07598471349746 176.97213595499957 -149.89479302978094
    endloop
  endfacet
  facet normal -0.14475140907817577 0.1387748213957874 0.9796880005983791
    outer loop
      vertex -453.4943896532123 176.97213595499957 -150.2521185482435
      vertex -456.3855601659751 172.5 -150.0458091286307
      vertex -453.68170124481327 172.5 -149.6463070539419
    endloop
  endfacet
  facet normal -0.15031923685756482 0.14231220647758996 0.9783411280928749
    outer loop
      vertex -453.4943896532123 176.97213595499957 -150.2521185482435
      vertex -455.78148822770896 176.97213595499957 -150.6035245174544
      vertex -456.3855601659751 172.5 -150.0458091286307
    endloop
  endfacet
  facet normal -0.15031923685756335 0.14231220647758983 0.9783411280928752
    outer loop
      vertex -455.78148822770896 176.97213595499957 -150.6035245174544
      vertex -458.94261410788386 172.5 -150.4386929460581
      vertex -456.3855601659751 172.5 -150.0458091286307
    endloop
  endfacet
  facet normal 0.006932027634935669 0.04760545020670583 -0.9988421637593626
    outer loop
      vertex -425.99933609958504 172.5 -153.998112033195
      vertex -427.3389733573599 172.5 -154.0074092002837
      vertex -426.316124616417 176.97213595499957 -153.78716573315376
    endloop
  endfacet
  facet normal -0.02188676090710374 0.04947612190086635 -0.9985354691039503
    outer loop
      vertex -434.9165352697095 172.5 -153.96923236514522
      vertex -437.0907805360811 176.97213595499957 -153.69998691690236
      vertex -434.29191002173826 176.97213595499957 -153.76133497278298
    endloop
  endfacet
  facet normal -0.0032227870741228463 0.04757291579256701 -0.9988625687883534
    outer loop
      vertex -428.8602282157676 172.5 -154.01796680497927
      vertex -431.54362474645484 176.97213595499957 -153.79631412745175
      vertex -428.874984315648 176.97213595499957 -153.80492438090866
    endloop
  endfacet
  facet normal 0 -1 0
    outer loop
      vertex -427.3389733573599 172.5 -154.0074092002837
      vertex -428.8602283447981 172.5 -154.01796659827232
      vertex -428.8602282157676 172.5 -154.01796680497927
    endloop
  endfacet
  facet normal 0 -1 0
    outer loop
      vertex -428.8602283447981 172.5 -154.01796659827232
      vertex -430.6384721190204 172.5 -154.01222937758422
      vertex -428.8602282157676 172.5 -154.01796680497927
    endloop
  endfacet
  facet normal -0.00319930862916418 0.1294122396803155 -0.991585718253959
    outer loop
      vertex -428.874984315648 176.97213595499957 -153.80492438090866
      vertex -431.54362474645484 176.97213595499957 -153.79631412745175
      vertex -431.2028436481246 178.82455532033677 -153.55565366755008
    endloop
  endfacet
  facet normal -0.0032227870741300545 0.0475729157925627 -0.9988625687883537
    outer loop
      vertex -431.54362474645484 176.97213595499957 -153.79631412745175
      vertex -428.8602282157676 172.5 -154.01796680497927
      vertex -430.6384721190204 172.5 -154.01222937758422
    endloop
  endfacet
  facet normal -0.003222787074132531 0.047572915792562204 -0.9988625687883537
    outer loop
      vertex -430.6384721190204 172.5 -154.01222937758422
      vertex -431.8438589211618 172.5 -154.00834024896267
      vertex -431.54362474645484 176.97213595499957 -153.79631412745175
    endloop
  endfacet
  facet normal -0.012711802884742902 0.04820492995050344 -0.9987565743442626
    outer loop
      vertex -431.8438589211618 172.5 -154.00834024896267
      vertex -434.29191002173826 176.97213595499957 -153.76133497278298
      vertex -431.54362474645484 176.97213595499957 -153.79631412745175
    endloop
  endfacet
  facet normal -0.012711802884741948 0.04820492995049872 -0.9987565743442628
    outer loop
      vertex -433.83828497975037 172.5 -153.98295593452985
      vertex -434.9165352697095 172.5 -153.96923236514522
      vertex -434.29191002173826 176.97213595499957 -153.76133497278298
    endloop
  endfacet
  facet normal -0.01271180288475375 0.04820492995049753 -0.9987565743442628
    outer loop
      vertex -431.8438589211618 172.5 -154.00834024896267
      vertex -433.83828497975037 172.5 -153.98295593452985
      vertex -434.29191002173826 176.97213595499957 -153.76133497278298
    endloop
  endfacet
  facet normal -0.029651754590375022 0.3197196349460121 -0.9470481130754134
    outer loop
      vertex -434.7210457821551 180.24596669241484 -153.20207227687007
      vertex -436.714225454914 180.24596669241484 -153.139666498647
      vertex -434.45478113077155 181.44427190999915 -152.80586590948442
    endloop
  endfacet
  facet normal -0.030574427724669038 0.2132580265721432 -0.9765173928158495
    outer loop
      vertex -434.7210457821551 180.24596669241484 -153.20207227687007
      vertex -436.0068214806909 178.82455532033677 -153.47223185613862
      vertex -436.714225454914 180.24596669241484 -153.139666498647
    endloop
  endfacet
  facet normal -0.038060329372454335 0.3341033606726293 -0.9417676760832872
    outer loop
      vertex -436.714225454914 180.24596669241484 -153.139666498647
      vertex -438.7009362360278 180.24596669241484 -153.05937613764047
      vertex -435.85959779635357 181.44427190999915 -152.74909205075278
    endloop
  endfacet
  facet normal -0.039359249417557925 0.22350294367073936 -0.9739082521756354
    outer loop
      vertex -438.4479580626644 178.82455532033677 -153.39580069931472
      vertex -438.7009362360278 180.24596669241484 -153.05937613764047
      vertex -436.714225454914 180.24596669241484 -153.139666498647
    endloop
  endfacet
  facet normal -0.021714453161800408 0.13450985753070835 -0.9906743060920438
    outer loop
      vertex -434.29191002173826 176.97213595499957 -153.76133497278298
      vertex -436.0068214806909 178.82455532033677 -153.47223185613862
      vertex -433.58292851336677 178.82455532033677 -153.52536083100404
    endloop
  endfacet
  facet normal -0.0305744277246615 0.2132580265721468 -0.9765173928158489
    outer loop
      vertex -436.0068214806909 178.82455532033677 -153.47223185613862
      vertex -438.4479580626644 178.82455532033677 -153.39580069931472
      vertex -436.714225454914 180.24596669241484 -153.139666498647
    endloop
  endfacet
  facet normal -0.02171445316179373 0.13450985753071443 -0.9906743060920431
    outer loop
      vertex -434.29191002173826 176.97213595499957 -153.76133497278298
      vertex -437.0907805360811 176.97213595499957 -153.69998691690236
      vertex -436.0068214806909 178.82455532033677 -153.47223185613862
    endloop
  endfacet
  facet normal 0 -1 0
    outer loop
      vertex -433.83828497975037 172.5 -153.98295593452985
      vertex -434.9165351241827 172.5 -153.9692322909832
      vertex -434.9165352697095 172.5 -153.96923236514522
    endloop
  endfacet
  facet normal -0.04032171905987565 0.05405209833904753 -0.997723673988546
    outer loop
      vertex -442.39150176303167 172.5 -153.75370726649564
      vertex -442.71919559270714 176.97213595499957 -153.4981841015056
      vertex -441.19726141078837 172.5 -153.80197095435685
    endloop
  endfacet
  facet normal -0.0403217190598659 0.05405209833905087 -0.9977236739885462
    outer loop
      vertex -439.9095622615431 176.97213595499957 -153.61173181896882
      vertex -441.19726141078837 172.5 -153.80197095435685
      vertex -442.71919559270714 176.97213595499957 -153.4981841015056
    endloop
  endfacet
  facet normal -0.049232662083198105 0.1557495807132638 -0.9865689094492306
    outer loop
      vertex -440.8811719027719 178.82455532033677 -153.2974654914498
      vertex -442.71919559270714 176.97213595499957 -153.4981841015056
      vertex -443.28129664449835 178.82455532033677 -153.17769227618305
    endloop
  endfacet
  facet normal -0.03994370531224251 0.14672797586640723 -0.9883700731528023
    outer loop
      vertex -439.9095622615431 176.97213595499957 -153.61173181896882
      vertex -442.71919559270714 176.97213595499957 -153.4981841015056
      vertex -440.8811719027719 178.82455532033677 -153.2974654914498
    endloop
  endfacet
  facet normal -0.03098694090814634 0.13981503988092553 -0.989692661444072
    outer loop
      vertex -439.9095622615431 176.97213595499957 -153.61173181896882
      vertex -438.4479580626644 178.82455532033677 -153.39580069931472
      vertex -437.0907805360811 176.97213595499957 -153.69998691690236
    endloop
  endfacet
  facet normal -0.048423222618561974 0.23680949838357088 -0.970348624457496
    outer loop
      vertex -440.8811719027719 178.82455532033677 -153.2974654914498
      vertex -443.28129664449835 178.82455532033677 -153.17769227618305
      vertex -440.6606298814475 180.24596669241484 -152.96158171688847
    endloop
  endfacet
  facet normal -0.05684285721633691 0.2516924380941605 -0.9661365359977337
    outer loop
      vertex -440.6606298814475 180.24596669241484 -152.96158171688847
      vertex -443.28129664449835 178.82455532033677 -153.17769227618305
      vertex -442.5750412853517 180.24596669241484 -152.84894689765656
    endloop
  endfacet
  facet normal -0.03935924941756102 0.2235029436707388 -0.9739082521756353
    outer loop
      vertex -438.4479580626644 178.82455532033677 -153.39580069931472
      vertex -440.8811719027719 178.82455532033677 -153.2974654914498
      vertex -438.7009362360278 180.24596669241484 -153.05937613764047
    endloop
  endfacet
  facet normal -0.0484232226185505 0.23680949838356938 -0.9703486244574971
    outer loop
      vertex -438.7009362360278 180.24596669241484 -153.05937613764047
      vertex -440.8811719027719 178.82455532033677 -153.2974654914498
      vertex -440.6606298814475 180.24596669241484 -152.96158171688847
    endloop
  endfacet
  facet normal -0.030986940908133837 0.13981503988093458 -0.989692661444071
    outer loop
      vertex -437.0907805360811 176.97213595499957 -153.69998691690236
      vertex -438.4479580626644 178.82455532033677 -153.39580069931472
      vertex -436.0068214806909 178.82455532033677 -153.47223185613862
    endloop
  endfacet
  facet normal -0.0399437053122522 0.14672797586640218 -0.9883700731528026
    outer loop
      vertex -438.4479580626644 178.82455532033677 -153.39580069931472
      vertex -439.9095622615431 176.97213595499957 -153.61173181896882
      vertex -440.8811719027719 178.82455532033677 -153.2974654914498
    endloop
  endfacet
  facet normal 1 0 0
    outer loop
      vertex -480.1 28.345960422942635 -153.4115529682793
      vertex -480.1 52.5 -148.4
      vertex -480.1 28.345960422942635 -146.5884470317207
    endloop
  endfacet
  facet normal 4.659723697798209e-15 -0.07478994824163278 -0.9971993098884565
    outer loop
      vertex -473.8800001144409 28.705600321292877 -146.61542002409698
      vertex -480.1 52.5 -148.4
      vertex -467.8799995779991 28.969600319862366 -146.63522002398966
    endloop
  endfacet
  facet normal -4.6276760145238035e-15 -0.07478994824163758 -0.9971993098884561
    outer loop
      vertex -461.879999935627 29.141200006008148 -146.64809000045062
      vertex -467.8799995779991 28.969600319862366 -146.63522002398966
      vertex -480.1 52.5 -148.4
    endloop
  endfacet
  facet normal 0 -1 0
    outer loop
      vertex -480.1 52.5 -148.4
      vertex -480.1 52.5 -151.6
      vertex -439.9 52.5 -148.4
    endloop
  endfacet
  facet normal 0 -0.07478994824163399 -0.9971993098884564
    outer loop
      vertex -461.879999935627 29.141200006008148 -146.64809000045062
      vertex -480.1 52.5 -148.4
      vertex -439.9 52.5 -148.4
    endloop
  endfacet
  facet normal 2.412869030002819e-15 -0.07478994824163626 -0.9971993098884563
    outer loop
      vertex -450 29.300800383090973 -146.6600600287318
      vertex -461.879999935627 29.141200006008148 -146.64809000045062
      vertex -439.9 52.5 -148.4
    endloop
  endfacet
  facet normal -9.46749278811782e-15 -0.0747899482416311 -0.9971993098884567
    outer loop
      vertex -450 29.300800383090973 -146.6600600287318
      vertex -439.9 52.5 -148.4
      vertex -447.00000017881393 29.319999635219574 -146.66149997264148
    endloop
  endfacet
  facet normal 9.433660301346636e-15 -0.07478994824163686 -0.9971993098884562
    outer loop
      vertex -447.00000017881393 29.319999635219574 -146.66149997264148
      vertex -439.9 52.5 -148.4
      vertex -444.00000035762787 29.30439990758896 -146.66032999306915
    endloop
  endfacet
  facet normal 1 0 0
    outer loop
      vertex -480.1 52.5 -148.4
      vertex -480.1 28.345960422942635 -153.4115529682793
      vertex -480.1 52.5 -151.6
    endloop
  endfacet
  facet normal 5.392657554229482e-17 -0.07478994824163517 0.9971993098884564
    outer loop
      vertex -473.8800001144409 28.705600321292877 -153.38457997590305
      vertex -480.1 52.5 -151.6
      vertex -480 28.35280042886734 -153.41103996783497
    endloop
  endfacet
  facet normal 2.4001856188412415e-13 -0.07478994824163417 0.9971993098884564
    outer loop
      vertex -480.1 28.345960422942635 -153.4115529682793
      vertex -480 28.35280042886734 -153.41103996783497
      vertex -480.1 52.5 -151.6
    endloop
  endfacet
  facet normal -4.340268280095476e-14 -0.07478994824163417 -0.9971993098884564
    outer loop
      vertex -480 28.35280042886734 -146.58896003216506
      vertex -480.1 28.345960422942635 -146.5884470317207
      vertex -480.1 52.5 -148.4
    endloop
  endfacet
  facet normal -1.3481643885573705e-17 -0.07478994824163399 -0.9971993098884564
    outer loop
      vertex -480 28.35280042886734 -146.58896003216506
      vertex -480.1 52.5 -148.4
      vertex -473.8800001144409 28.705600321292877 -146.61542002409698
    endloop
  endfacet
  facet normal -1 0 0
    outer loop
      vertex -439.9 52.5 -151.6
      vertex -439.9 29.19164021096474 -153.34812698417764
      vertex -439.9 29.19164021096474 -146.65187301582236
    endloop
  endfacet
  facet normal 5.8034628749473776e-15 -0.07478994824163424 0.9971993098884563
    outer loop
      vertex -439.9 52.5 -151.6
      vertex -440.99999964237213 29.23960041999817 -153.34452996850013
      vertex -439.9 29.19164021096474 -153.34812698417764
    endloop
  endfacet
  facet normal 0 -0.074789948241634 0.9971993098884565
    outer loop
      vertex -439.9 52.5 -151.6
      vertex -444.00000035762787 29.30439990758896 -153.33967000693082
      vertex -440.99999964237213 29.23960041999817 -153.34452996850013
    endloop
  endfacet
  facet normal -4.628674206228477e-15 -0.07478994824163639 0.9971993098884563
    outer loop
      vertex -467.8799995779991 28.969600319862366 -153.3647799760103
      vertex -480.1 52.5 -151.6
      vertex -473.8800001144409 28.705600321292877 -153.38457997590305
    endloop
  endfacet
  facet normal 0 -0.074789948241634 0.9971993098884563
    outer loop
      vertex -467.8799995779991 28.969600319862366 -153.3647799760103
      vertex -439.9 52.5 -151.6
      vertex -480.1 52.5 -151.6
    endloop
  endfacet
  facet normal 4.8836671761691625e-15 -0.0747899482416398 0.997199309888456
    outer loop
      vertex -439.9 52.5 -151.6
      vertex -467.8799995779991 28.969600319862366 -153.3647799760103
      vertex -461.879999935627 29.141200006008148 -153.3519099995494
    endloop
  endfacet
  facet normal 2.5860105152839396e-17 -0.07478994824163522 0.9971993098884564
    outer loop
      vertex -439.9 52.5 -151.6
      vertex -461.879999935627 29.141200006008148 -153.3519099995494
      vertex -450 29.300800383090973 -153.3399399712682
    endloop
  endfacet
  facet normal 0 -1 0
    outer loop
      vertex -480.1 52.5 -151.6
      vertex -439.9 52.5 -151.6
      vertex -439.9 52.5 -148.4
    endloop
  endfacet
  facet normal -9.460831182230582e-15 -0.07478994824163229 0.9971993098884564
    outer loop
      vertex -439.9 52.5 -151.6
      vertex -447.00000017881393 29.319999635219574 -153.33850002735855
      vertex -444.00000035762787 29.30439990758896 -153.33967000693082
    endloop
  endfacet
  facet normal 0 -0.07478994824163525 0.9971993098884565
    outer loop
      vertex -439.9 52.5 -151.6
      vertex -450 29.300800383090973 -153.3399399712682
      vertex -447.00000017881393 29.319999635219574 -153.33850002735855
    endloop
  endfacet
  facet normal -1 0 0
    outer loop
      vertex -439.9 29.19164021096474 -146.65187301582236
      vertex -439.9 52.5 -148.4
      vertex -439.9 52.5 -151.6
    endloop
  endfacet
  facet normal -2.100033176230757e-17 -0.07478994824163519 -0.9971993098884563
    outer loop
      vertex -444.00000035762787 29.30439990758896 -146.66032999306915
      vertex -439.9 52.5 -148.4
      vertex -440.99999964237213 29.23960041999817 -146.65547003149985
    endloop
  endfacet
  facet normal -2.0049798358704916e-14 -0.07478994824163424 -0.9971993098884563
    outer loop
      vertex -440.99999964237213 29.23960041999817 -146.65547003149985
      vertex -439.9 52.5 -148.4
      vertex -439.9 29.19164021096474 -146.65187301582236
    endloop
  endfacet
  facet normal 0.02858825980044427 -0.9995912721715723 -7.536862915254002e-16
    outer loop
      vertex -463.7293759885559 29.08830794448085 -156.06089309971966
      vertex -461.879999935627 29.141200006008148 -153.3519099995494
      vertex -467.8799995779991 28.969600319862366 -156.01010011263045
    endloop
  endfacet
  facet normal 0.013433163077794706 -0.999909770994226 0
    outer loop
      vertex -451.8778309840319 29.27557289699895 -156.037545044816
      vertex -450 29.300800383090973 -156.00260357616165
      vertex -450 29.300800383090973 -153.3399399712682
    endloop
  endfacet
  facet normal 0.01343316307779641 -0.999909770994226 -1.184358456428712e-15
    outer loop
      vertex -451.8778309840319 29.27557289699895 -156.037545044816
      vertex -450 29.300800383090973 -153.3399399712682
      vertex -457.674436362166 29.197699125183835 -156.07878428913426
    endloop
  endfacet
  facet normal 0.02858825980044394 -0.9995912721715723 0
    outer loop
      vertex -467.8799995779991 28.969600319862366 -156.01010011263045
      vertex -461.879999935627 29.141200006008148 -153.3519099995494
      vertex -467.8799995779991 28.969600319862366 -153.3647799760103
    endloop
  endfacet
  facet normal 0.04395746558374083 -0.999033403455287 0
    outer loop
      vertex -473.8800001144409 28.705600321292877 -153.38457997590305
      vertex -473.8800001144409 28.705600321292877 -155.90292725572903
      vertex -467.8799995779991 28.969600319862366 -153.3647799760103
    endloop
  endfacet
  facet normal 0.1067858681024518 -0.9942820416630312 0
    outer loop
      vertex -510 25.79199981689453 -147.3138043643717
      vertex -514.4388460520815 25.315267854350132 -153.93294031369518
      vertex -510 25.79199981689453 -154.23900370076396
    endloop
  endfacet
  facet normal 0.013433163077795096 -0.9999097709942261 0
    outer loop
      vertex -461.879999935627 29.141200006008148 -153.3519099995494
      vertex -461.879999935627 29.141200006008148 -156.0660648686893
      vertex -457.674436362166 29.197699125183835 -156.07878428913426
    endloop
  endfacet
  facet normal 0.028588259800443175 -0.9995912721715724 0
    outer loop
      vertex -463.7293759885559 29.08830794448085 -156.06089309971966
      vertex -461.879999935627 29.141200006008148 -156.0660648686893
      vertex -461.879999935627 29.141200006008148 -153.3519099995494
    endloop
  endfacet
  facet normal -0.005199839221241387 -0.9999864807446515 0
    outer loop
      vertex -447.00000017881393 29.319999635219574 -153.33850002735855
      vertex -447.00000017881393 29.319999635219574 -155.9470116258482
      vertex -446.40509493829165 29.316906181795797 -155.93606288830935
    endloop
  endfacet
  facet normal 0.043957465583740814 -0.999033403455287 0
    outer loop
      vertex -473.8800001144409 28.705600321292877 -155.90292725572903
      vertex -467.8799995779991 28.969600319862366 -156.01010011263045
      vertex -467.8799995779991 28.969600319862366 -153.3647799760103
    endloop
  endfacet
  facet normal 0.057551494607969295 -0.9983425391459531 0
    outer loop
      vertex -473.8800001144409 28.705600321292877 -153.38457997590305
      vertex -476.41061089468985 28.559718094538365 -155.8502874282478
      vertex -473.8800001144409 28.705600321292877 -155.90292725572903
    endloop
  endfacet
  facet normal 0.043957465583738524 -0.999033403455287 -1.2770161382015244e-13
    outer loop
      vertex -473.8800001144409 28.705600321292877 -155.90292725572903
      vertex -469.99408195489497 28.876580704099588 -155.9847872623823
      vertex -467.8799995779991 28.969600319862366 -156.01010011263045
    endloop
  endfacet
  facet normal 0.05755149460796964 -0.9983425391459532 0
    outer loop
      vertex -473.8800001144409 28.705600321292877 -146.61542002409698
      vertex -473.8800001144409 28.705600321292877 -143.71228968696224
      vertex -478.4774493988775 28.44057096781064 -143.94502738189016
    endloop
  endfacet
  facet normal 0.05755149460797061 -0.998342539145953 0
    outer loop
      vertex -480 28.35280042886734 -146.58896003216506
      vertex -478.4774493988775 28.44057096781064 -143.94502738189016
      vertex -480 28.35280042886734 -144.05813944534083
    endloop
  endfacet
  facet normal 0.006399620038306568 -0.9999795222220129 0
    outer loop
      vertex -447.00000017881393 29.319999635219574 -153.33850002735855
      vertex -450 29.300800383090973 -156.00260357616165
      vertex -447.00000017881393 29.319999635219574 -155.9470116258482
    endloop
  endfacet
  facet normal 0.06824061135248288 -0.9976688924499146 4.494169697650654e-16
    outer loop
      vertex -480.1 28.345960422942635 -146.5884470317207
      vertex -480 28.35280042886734 -144.05813944534083
      vertex -484.6188160040253 28.036873140540926 -144.39882132773695
    endloop
  endfacet
  facet normal -0.005199839221238717 -0.9999864807446515 0
    outer loop
      vertex -444.00000035762787 29.30439990758896 -155.85977457144617
      vertex -444.00000035762787 29.30439990758896 -153.33967000693082
      vertex -446.40509493829165 29.316906181795797 -155.93606288830935
    endloop
  endfacet
  facet normal 0.10678586810245062 -0.9942820416630314 8.049380078437759e-16
    outer loop
      vertex -514.8702176569254 25.2689385540432 -147.99540757529616
      vertex -515.9999996423721 25.14759999513626 -153.82426605832262
      vertex -514.4388460520815 25.315267854350132 -153.93294031369518
    endloop
  endfacet
  facet normal 0.01343316307779567 -0.9999097709942258 8.827441400594193e-16
    outer loop
      vertex -450 29.300800383090973 -153.3399399712682
      vertex -461.879999935627 29.141200006008148 -153.3519099995494
      vertex -457.674436362166 29.197699125183835 -156.07878428913426
    endloop
  endfacet
  facet normal 0.006399620038306568 -0.9999795222220129 0
    outer loop
      vertex -450 29.300800383090973 -156.00260357616165
      vertex -447.00000017881393 29.319999635219574 -153.33850002735855
      vertex -450 29.300800383090973 -153.3399399712682
    endloop
  endfacet
  facet normal -0.005199839221239245 -0.9999864807446515 4.902224498716683e-16
    outer loop
      vertex -447.00000017881393 29.319999635219574 -153.33850002735855
      vertex -446.40509493829165 29.316906181795797 -155.93606288830935
      vertex -444.00000035762787 29.30439990758896 -153.33967000693082
    endloop
  endfacet
  facet normal -0.021594787084705094 -0.9997668053955213 0
    outer loop
      vertex -444.00000035762787 29.30439990758896 -155.85977457144617
      vertex -440.99999964237213 29.23960041999817 -153.34452996850013
      vertex -444.00000035762787 29.30439990758896 -153.33967000693082
    endloop
  endfacet
  facet normal 0.11326635374162726 -0.9935646597529908 0
    outer loop
      vertex -515.9999996423721 25.14759999513626 -148.15540222528637
      vertex -522.0000001788139 24.463600039482117 -153.4080145195697
      vertex -515.9999996423721 25.14759999513626 -153.82426605832262
    endloop
  endfacet
  facet normal 0.11346254462099777 -0.9935422743739333 0
    outer loop
      vertex -522.0000001788139 24.463600039482117 -153.4080145195697
      vertex -522.0000001788139 24.463600039482117 -149.00219235429412
      vertex -539.1943937622165 22.5 -151.42861379018555
    endloop
  endfacet
  facet normal 0.1134625446209936 -0.9935422743739337 0
    outer loop
      vertex -540 22.407999753952026 -151.54904288053513
      vertex -540 22.407999753952026 -152.15609562397003
      vertex -539.1943937622165 22.5 -151.42861379018555
    endloop
  endfacet
  facet normal 0.11346254462099359 -0.9935422743739337 0
    outer loop
      vertex -539.1943937622165 22.5 -152.21527228306786
      vertex -539.1943937622165 22.5 -151.42861379018555
      vertex -540 22.407999753952026 -152.15609562397003
    endloop
  endfacet
  facet normal 0.11346254462099778 -0.9935422743739333 0
    outer loop
      vertex -539.1943937622165 22.5 -152.21527228306786
      vertex -522.0000001788139 24.463600039482117 -153.4080145195697
      vertex -539.1943937622165 22.5 -151.42861379018555
    endloop
  endfacet
  facet normal 0.06824061135249426 -0.997668892449914 -1.3397499053224446e-14
    outer loop
      vertex -480.1 28.345960422942635 -153.4115529682793
      vertex -482.91221169197826 28.15360497659616 -155.6556144729895
      vertex -480 28.35280042886734 -153.41103996783497
    endloop
  endfacet
  facet normal 0.0682406113524829 -0.9976688924499146 2.8047914130723603e-16
    outer loop
      vertex -485.99999964237213 27.942400097846985 -155.53600414244409
      vertex -482.91221169197826 28.15360497659616 -155.6556144729895
      vertex -484.6188160040253 28.036873140540926 -144.39882132773695
    endloop
  endfacet
  facet normal 0.07756560677172142 -0.9969872499917612 0
    outer loop
      vertex -492.00000017881393 27.47560006380081 -145.11168301718848
      vertex -492.00000017881393 27.47560006380081 -155.28120634408452
      vertex -489.4337686017544 27.67525287720742 -155.40378315893147
    endloop
  endfacet
  facet normal 0.08568369641323631 -0.9963223896756334 0
    outer loop
      vertex -495.9089539594098 27.139430152835555 -155.09537468742863
      vertex -492.00000017881393 27.47560006380081 -155.28120634408452
      vertex -492.00000017881393 27.47560006380081 -145.11168301718848
    endloop
  endfacet
  facet normal 0.06824061135248335 -0.9976688924499145 3.464655174330148e-16
    outer loop
      vertex -480.1 28.345960422942635 -153.4115529682793
      vertex -484.6188160040253 28.036873140540926 -144.39882132773695
      vertex -482.91221169197826 28.15360497659616 -155.6556144729895
    endloop
  endfacet
  facet normal 0.0856836964132357 -0.9963223896756334 2.3848323673674507e-16
    outer loop
      vertex -497.99999982118607 26.959600269794464 -154.97782406312197
      vertex -495.9089539594098 27.139430152835555 -155.09537468742863
      vertex -492.00000017881393 27.47560006380081 -145.11168301718848
    endloop
  endfacet
  facet normal 0.10678586810245061 -0.9942820416630314 8.011387879400349e-16
    outer loop
      vertex -510 25.79199981689453 -147.3138043643717
      vertex -514.8702176569254 25.2689385540432 -147.99540757529616
      vertex -514.4388460520815 25.315267854350132 -153.93294031369518
    endloop
  endfacet
  facet normal 0.1002918748585839 -0.9949580593358446 0
    outer loop
      vertex -510 25.79199981689453 -154.23900370076396
      vertex -509.0972927414066 25.882992801536737 -147.18703483009884
      vertex -510 25.79199981689453 -147.3138043643717
    endloop
  endfacet
  facet normal 0.10029187485858114 -0.9949580593358448 -1.1674420075252492e-16
    outer loop
      vertex -508.4758160584752 25.945637715186354 -154.34445523058343
      vertex -504.00000035762787 26.3968003988266 -146.51434853080474
      vertex -509.0972927414066 25.882992801536737 -147.18703483009884
    endloop
  endfacet
  facet normal 0.09339002683626628 -0.9956296012511487 0
    outer loop
      vertex -504.00000035762787 26.3968003988266 -154.62861768762093
      vertex -503.1198767081442 26.479355970839748 -146.39777228448466
      vertex -504.00000035762787 26.3968003988266 -146.51434853080474
    endloop
  endfacet
  facet normal 0.09339002683627046 -0.9956296012511483 -3.3627873813552577e-16
    outer loop
      vertex -502.2778361884937 26.55833934641292 -154.73835658371533
      vertex -497.99999982118607 26.959600269794464 -145.7776445252296
      vertex -503.1198767081442 26.479355970839748 -146.39777228448466
    endloop
  endfacet
  facet normal 0.09339002683626973 -0.9956296012511483 0
    outer loop
      vertex -497.99999982118607 26.959600269794464 -145.7776445252296
      vertex -502.2778361884937 26.55833934641292 -154.73835658371533
      vertex -497.99999982118607 26.959600269794464 -154.97782406312197
    endloop
  endfacet
  facet normal 0.09339002683626992 -0.9956296012511484 -3.911391453711244e-16
    outer loop
      vertex -504.00000035762787 26.3968003988266 -154.62861768762093
      vertex -502.2778361884937 26.55833934641292 -154.73835658371533
      vertex -503.1198767081442 26.479355970839748 -146.39777228448466
    endloop
  endfacet
  facet normal 0.10029187485858096 -0.994958059335845 0
    outer loop
      vertex -504.00000035762787 26.3968003988266 -146.51434853080474
      vertex -508.4758160584752 25.945637715186354 -154.34445523058343
      vertex -504.00000035762787 26.3968003988266 -154.62861768762093
    endloop
  endfacet
  facet normal 0.05755149460796988 -0.9983425391459531 -6.123593240173544e-16
    outer loop
      vertex -476.41061089468985 28.559718094538365 -155.8502874282478
      vertex -473.8800001144409 28.705600321292877 -153.38457997590305
      vertex -480 28.35280042886734 -153.41103996783497
    endloop
  endfacet
  facet normal 0.07756560677171916 -0.9969872499917615 0
    outer loop
      vertex -485.99999964237213 27.942400097846985 -144.52939143734778
      vertex -489.4337686017544 27.67525287720742 -155.40378315893147
      vertex -485.99999964237213 27.942400097846985 -155.53600414244409
    endloop
  endfacet
  facet normal 0.0575514946079703 -0.9983425391459531 0
    outer loop
      vertex -480 28.35280042886734 -153.41103996783497
      vertex -480 28.35280042886734 -155.742434382535
      vertex -476.41061089468985 28.559718094538365 -155.8502874282478
    endloop
  endfacet
  facet normal 0.06824061135248399 -0.9976688924499146 0
    outer loop
      vertex -480 28.35280042886734 -155.742434382535
      vertex -480 28.35280042886734 -153.41103996783497
      vertex -482.91221169197826 28.15360497659616 -155.6556144729895
    endloop
  endfacet
  facet normal 0.08568369641323437 -0.9963223896756335 0
    outer loop
      vertex -497.99999982118607 26.959600269794464 -154.97782406312197
      vertex -497.00393759246094 27.045261592373553 -145.65649410846828
      vertex -497.99999982118607 26.959600269794464 -145.7776445252296
    endloop
  endfacet
  facet normal 0.08568369641323645 -0.9963223896756331 -2.255436404046679e-16
    outer loop
      vertex -497.99999982118607 26.959600269794464 -154.97782406312197
      vertex -492.00000017881393 27.47560006380081 -145.11168301718848
      vertex -497.00393759246094 27.045261592373553 -145.65649410846828
    endloop
  endfacet
  facet normal 0.07756560677172017 -0.9969872499917615 -3.185165248296198e-16
    outer loop
      vertex -492.00000017881393 27.47560006380081 -145.11168301718848
      vertex -489.4337686017544 27.67525287720742 -155.40378315893147
      vertex -485.99999964237213 27.942400097846985 -144.52939143734778
    endloop
  endfacet
  facet normal 0.1067858681024547 -0.9942820416630309 0
    outer loop
      vertex -514.8702176569254 25.2689385540432 -147.99540757529616
      vertex -515.9999996423721 25.14759999513626 -148.15540222528637
      vertex -515.9999996423721 25.14759999513626 -153.82426605832262
    endloop
  endfacet
  facet normal 0.06824061135248514 -0.9976688924499144 0
    outer loop
      vertex -484.6188160040253 28.036873140540926 -144.39882132773695
      vertex -485.99999964237213 27.942400097846985 -144.52939143734778
      vertex -485.99999964237213 27.942400097846985 -155.53600414244409
    endloop
  endfacet
  facet normal 0.06824061135248265 -0.9976688924499146 0
    outer loop
      vertex -484.6188160040253 28.036873140540926 -144.39882132773695
      vertex -480.1 28.345960422942635 -153.4115529682793
      vertex -480.1 28.345960422942635 -146.5884470317207
    endloop
  endfacet
  facet normal 0.11326635374162727 -0.9935646597529908 0
    outer loop
      vertex -522.0000001788139 24.463600039482117 -153.4080145195697
      vertex -515.9999996423721 25.14759999513626 -148.15540222528637
      vertex -522.0000001788139 24.463600039482117 -149.00219235429412
    endloop
  endfacet
  facet normal 0.10029187485858336 -0.9949580593358448 7.512767563192134e-17
    outer loop
      vertex -508.4758160584752 25.945637715186354 -154.34445523058343
      vertex -509.0972927414066 25.882992801536737 -147.18703483009884
      vertex -510 25.79199981689453 -154.23900370076396
    endloop
  endfacet
  facet normal 0.0682406113524942 -0.9976688924499139 0
    outer loop
      vertex -480 28.35280042886734 -144.05813944534083
      vertex -480.1 28.345960422942635 -146.5884470317207
      vertex -480 28.35280042886734 -146.58896003216506
    endloop
  endfacet
  facet normal 0.05755149460796987 -0.998342539145953 4.2364271574930453e-16
    outer loop
      vertex -480 28.35280042886734 -146.58896003216506
      vertex -473.8800001144409 28.705600321292877 -146.61542002409698
      vertex -478.4774493988775 28.44057096781064 -143.94502738189016
    endloop
  endfacet
  facet normal 0.07756560677172651 -0.9969872499917609 -6.498357807812313e-14
    outer loop
      vertex -490.81381539520385 27.56788523844558 -144.98194529793145
      vertex -492.00000017881393 27.47560006380081 -145.11168301718848
      vertex -485.99999964237213 27.942400097846985 -144.52939143734778
    endloop
  endfacet
  facet normal 0.013433163077796071 -0.9999097709942258 0
    outer loop
      vertex -461.879999935627 29.141200006008148 -146.64809000045062
      vertex -460.74164599116295 29.156493080063253 -143.46176810340907
      vertex -461.879999935627 29.141200006008148 -143.46541018394095
    endloop
  endfacet
  facet normal 0.006399620038295727 -0.9999795222220131 0
    outer loop
      vertex -450 29.300800383090973 -143.83253546335618
      vertex -450 29.300800383090973 -146.6600600287318
      vertex -449.90867500548507 29.301384840324253 -143.83690326926134
    endloop
  endfacet
  facet normal 0.013433163077795482 -0.9999097709942261 0
    outer loop
      vertex -450 29.300800383090973 -146.6600600287318
      vertex -450 29.300800383090973 -143.83253546335618
      vertex -455.19814622338276 29.230966536131465 -143.5831736324639
    endloop
  endfacet
  facet normal -0.02159478708470509 -0.9997668053955213 0
    outer loop
      vertex -444.00000035762787 29.30439990758896 -144.3188962425851
      vertex -444.00000035762787 29.30439990758896 -146.66032999306915
      vertex -440.99999964237213 29.23960041999817 -144.64445930209632
    endloop
  endfacet
  facet normal -0.005199839221238196 -0.9999864807446516 0
    outer loop
      vertex -444.00000035762787 29.30439990758896 -146.66032999306915
      vertex -444.00000035762787 29.30439990758896 -144.3188962425851
      vertex -444.93178765293817 29.30924511721659 -144.21761787457808
    endloop
  endfacet
  facet normal 0.006399620038306569 -0.999979522222013 -3.507173698071065e-16
    outer loop
      vertex -450 29.300800383090973 -146.6600600287318
      vertex -447.00000017881393 29.319999635219574 -146.66149997264148
      vertex -449.90867500548507 29.301384840324253 -143.83690326926134
    endloop
  endfacet
  facet normal -0.005199839221239246 -0.9999864807446516 -4.0046689840454474e-16
    outer loop
      vertex -447.00000017881393 29.319999635219574 -146.66149997264148
      vertex -444.00000035762787 29.30439990758896 -146.66032999306915
      vertex -444.93178765293817 29.30924511721659 -144.21761787457808
    endloop
  endfacet
  facet normal 0.013433163077795669 -0.9999097709942258 3.2703294189317735e-16
    outer loop
      vertex -455.19814622338276 29.230966536131465 -143.5831736324639
      vertex -461.879999935627 29.141200006008148 -146.64809000045062
      vertex -450 29.300800383090973 -146.6600600287318
    endloop
  endfacet
  facet normal 0.013433163077795778 -0.999909770994226 1.0601357557488834e-16
    outer loop
      vertex -455.19814622338276 29.230966536131465 -143.5831736324639
      vertex -460.74164599116295 29.156493080063253 -143.46176810340907
      vertex -461.879999935627 29.141200006008148 -146.64809000045062
    endloop
  endfacet
  facet normal 0.006399620038306909 -0.999979522222013 0
    outer loop
      vertex -447.00000017881393 29.319999635219574 -146.66149997264148
      vertex -447.00000017881393 29.319999635219574 -144.05962418217067
      vertex -449.90867500548507 29.301384840324253 -143.83690326926134
    endloop
  endfacet
  facet normal 0.02858825980044358 -0.9995912721715724 6.8598784618650875e-16
    outer loop
      vertex -466.497178874041 29.00914892201883 -143.4780212596796
      vertex -467.8799995779991 28.969600319862366 -146.63522002398966
      vertex -461.879999935627 29.141200006008148 -143.46541018394095
    endloop
  endfacet
  facet normal 0.02858825980044514 -0.9995912721715722 0
    outer loop
      vertex -467.8799995779991 28.969600319862366 -146.63522002398966
      vertex -466.497178874041 29.00914892201883 -143.4780212596796
      vertex -467.8799995779991 28.969600319862366 -143.51587714545693
    endloop
  endfacet
  facet normal 0.04395746558374032 -0.999033403455287 0
    outer loop
      vertex -472.4231627411086 28.7697011596411 -143.63768784948653
      vertex -467.8799995779991 28.969600319862366 -146.63522002398966
      vertex -467.8799995779991 28.969600319862366 -143.51587714545693
    endloop
  endfacet
  facet normal 0.043957465583742375 -0.9990334034552869 0
    outer loop
      vertex -473.8800001144409 28.705600321292877 -146.61542002409698
      vertex -472.4231627411086 28.7697011596411 -143.63768784948653
      vertex -473.8800001144409 28.705600321292877 -143.71228968696224
    endloop
  endfacet
  facet normal 0.02858825980044394 -0.9995912721715723 0
    outer loop
      vertex -467.8799995779991 28.969600319862366 -146.63522002398966
      vertex -461.879999935627 29.141200006008148 -146.64809000045062
      vertex -461.879999935627 29.141200006008148 -143.46541018394095
    endloop
  endfacet
  facet normal 0.043957465583740835 -0.9990334034552871 7.592569921085535e-16
    outer loop
      vertex -472.4231627411086 28.7697011596411 -143.63768784948653
      vertex -473.8800001144409 28.705600321292877 -146.61542002409698
      vertex -467.8799995779991 28.969600319862366 -146.63522002398966
    endloop
  endfacet
  facet normal -0.3461833576125617 -0.9381668737021647 0
    outer loop
      vertex -425.99999964237213 27.221199691295624 -147.81641742890628
      vertex -425.99999964237213 27.221199691295624 -154.48823089910798
      vertex -424.79999989271164 26.77840006351471 -148.30439054326138
    endloop
  endfacet
  facet normal -0.4179059322576418 -0.9084903036267759 0
    outer loop
      vertex -424.79999989271164 26.77840006351471 -148.30439054326138
      vertex -424.79999989271164 26.77840006351471 -154.2467683219426
      vertex -423.89306161746737 26.361208064983703 -148.6749079560802
    endloop
  endfacet
  facet normal -0.00519983922123972 -0.9999864807446515 0
    outer loop
      vertex -447.00000017881393 29.319999635219574 -146.66149997264148
      vertex -444.93178765293817 29.30924511721659 -144.21761787457808
      vertex -447.00000017881393 29.319999635219574 -144.05962418217067
    endloop
  endfacet
  facet normal -0.043558821686343015 -0.9990508640971678 0
    outer loop
      vertex -439.9 29.19164021096474 -146.65187301582236
      vertex -437.99999982118607 29.108799815177917 -155.6147420618009
      vertex -437.99999982118607 29.108799815177917 -145.05546797088653
    endloop
  endfacet
  facet normal -0.07340128332293348 -0.9973024875164738 -6.341679206379722e-15
    outer loop
      vertex -436.0703798110704 28.966780130236714 -145.3374195684243
      vertex -436.1075179533386 28.969513490813707 -145.33043483070713
      vertex -437.99999982118607 29.108799815177917 -155.6147420618009
    endloop
  endfacet
  facet normal -0.07340128332296778 -0.9973024875164713 0
    outer loop
      vertex -437.99999982118607 29.108799815177917 -145.05546797088653
      vertex -437.99999982118607 29.108799815177917 -155.6147420618009
      vertex -436.1075179533386 28.969513490813707 -145.33043483070713
    endloop
  endfacet
  facet normal -0.07340128332296807 -0.9973024875164713 -2.2523818545075923e-16
    outer loop
      vertex -435 28.88800036907196 -145.54002778634313
      vertex -436.0703798110704 28.966780130236714 -145.3374195684243
      vertex -436.6971546827961 29.012910647823034 -155.5520959326939
    endloop
  endfacet
  facet normal -0.11365876540616567 -0.9935198463273626 0
    outer loop
      vertex -435 28.88800036907196 -145.54002778634313
      vertex -435 28.88800036907196 -155.43340358326714
      vertex -432.30444724713436 28.579628876433503 -146.05027545089976
    endloop
  endfacet
  facet normal -0.16423898661362366 -0.9864205772773244 0
    outer loop
      vertex -432.00000017881393 28.544800102710724 -146.12439075798164
      vertex -432.00000017881393 28.544800102710724 -155.20750153563185
      vertex -429.5999997854233 28.14520013332367 -146.70941666750122
    endloop
  endfacet
  facet normal -0.11365876540616465 -0.9935198463273627 1.659876112450634e-16
    outer loop
      vertex -432.00000017881393 28.544800102710724 -146.12439075798164
      vertex -432.30444724713436 28.579628876433503 -146.05027545089976
      vertex -432.5648929355169 28.6094238880846 -155.263459230727
    endloop
  endfacet
  facet normal -0.22692190695661751 -0.973912957169773 4.182356016840642e-16
    outer loop
      vertex -427.2000002861023 27.58599978685379 -147.4210069077883
      vertex -429.00622478183203 28.006850442906103 -146.8543970355143
      vertex -429.5999997854233 28.14520013332367 -154.96980406542949
    endloop
  endfacet
  facet normal -0.22692190695661207 -0.9739129571697743 0
    outer loop
      vertex -429.5999997854233 28.14520013332367 -146.70941666750122
      vertex -429.5999997854233 28.14520013332367 -154.96980406542949
      vertex -429.00622478183203 28.006850442906103 -146.8543970355143
    endloop
  endfacet
  facet normal -0.2908569517459145 -0.9567665512658116 3.4146509299716997e-13
    outer loop
      vertex -426.1971150718513 27.281122765408703 -147.73652796402158
      vertex -427.2000002861023 27.58599978685379 -147.4210069077883
      vertex -425.99999964237213 27.221199691295624 -147.81641742890628
    endloop
  endfacet
  facet normal -0.02159478708470509 -0.9997668053955212 0
    outer loop
      vertex -440.99999964237213 29.23960041999817 -146.65547003149985
      vertex -440.99999964237213 29.23960041999817 -144.64445930209632
      vertex -444.00000035762787 29.30439990758896 -146.66032999306915
    endloop
  endfacet
  facet normal -0.04355882168634267 -0.9990508640971677 -8.183349354908529e-16
    outer loop
      vertex -440.31783452302994 29.20985788149296 -144.71833151424116
      vertex -440.99999964237213 29.23960041999817 -146.65547003149985
      vertex -439.9 29.19164021096474 -146.65187301582236
    endloop
  endfacet
  facet normal -0.04355882168634238 -0.9990508640971677 -7.537960148329233e-16
    outer loop
      vertex -437.99999982118607 29.108799815177917 -145.05546797088653
      vertex -440.31783452302994 29.20985788149296 -144.71833151424116
      vertex -439.9 29.19164021096474 -146.65187301582236
    endloop
  endfacet
  facet normal -0.043558821686344985 -0.9990508640971676 0
    outer loop
      vertex -440.31783452302994 29.20985788149296 -144.71833151424116
      vertex -440.99999964237213 29.23960041999817 -144.64445930209632
      vertex -440.99999964237213 29.23960041999817 -146.65547003149985
    endloop
  endfacet
  facet normal -0.11365876540616639 -0.9935198463273625 2.1613930936892629e-16
    outer loop
      vertex -432.30444724713436 28.579628876433503 -146.05027545089976
      vertex -435 28.88800036907196 -155.43340358326714
      vertex -432.5648929355169 28.6094238880846 -155.263459230727
    endloop
  endfacet
  facet normal -0.34618335761262053 -0.9381668737021429 1.3039846887246074e-14
    outer loop
      vertex -424.79999989271164 26.77840006351471 -148.30439054326138
      vertex -425.99999964237213 27.221199691295624 -154.48823089910798
      vertex -425.9236244892512 27.19301727760493 -154.47739494457292
    endloop
  endfacet
  facet normal -0.2908569517460174 -0.9567665512657801 0
    outer loop
      vertex -427.2000002861023 27.58599978685379 -147.4210069077883
      vertex -427.2000002861023 27.58599978685379 -154.65819101493216
      vertex -425.99999964237213 27.221199691295624 -147.81641742890628
    endloop
  endfacet
  facet normal -0.2908569517460174 -0.9567665512657801 0
    outer loop
      vertex -425.99999964237213 27.221199691295624 -154.48823089910798
      vertex -425.99999964237213 27.221199691295624 -147.81641742890628
      vertex -427.2000002861023 27.58599978685379 -154.65819101493216
    endloop
  endfacet
  facet normal -0.22692190695661502 -0.9739129571697736 0
    outer loop
      vertex -427.2000002861023 27.58599978685379 -154.65819101493216
      vertex -427.2000002861023 27.58599978685379 -147.4210069077883
      vertex -428.94422560509923 27.99240462276337 -154.90476537621834
    endloop
  endfacet
  facet normal -0.22692190695663123 -0.9739129571697699 4.060702240185313e-15
    outer loop
      vertex -427.2000002861023 27.58599978685379 -147.4210069077883
      vertex -428.97338748552113 27.999199346529043 -154.90775870559534
      vertex -428.94422560509923 27.99240462276337 -154.90476537621834
    endloop
  endfacet
  facet normal -0.22692190695661899 -0.9739129571697727 8.968689738170527e-16
    outer loop
      vertex -427.2000002861023 27.58599978685379 -147.4210069077883
      vertex -429.5999997854233 28.14520013332367 -154.96980406542949
      vertex -428.97338748552113 27.999199346529043 -154.90775870559534
    endloop
  endfacet
  facet normal -0.16423898661362368 -0.9864205772773245 0
    outer loop
      vertex -429.5999997854233 28.14520013332367 -154.96980406542949
      vertex -429.5999997854233 28.14520013332367 -146.70941666750122
      vertex -432.00000017881393 28.544800102710724 -155.20750153563185
    endloop
  endfacet
  facet normal -0.11365876540616202 -0.993519846327363 0
    outer loop
      vertex -432.00000017881393 28.544800102710724 -155.20750153563185
      vertex -432.00000017881393 28.544800102710724 -146.12439075798164
      vertex -432.5648929355169 28.6094238880846 -155.263459230727
    endloop
  endfacet
  facet normal -0.34618335761255775 -0.9381668737021661 0
    outer loop
      vertex -424.79999989271164 26.77840006351471 -154.2467683219426
      vertex -424.79999989271164 26.77840006351471 -148.30439054326138
      vertex -425.9236244892512 27.19301727760493 -154.47739494457292
    endloop
  endfacet
  facet normal -0.043558821686343015 -0.9990508640971677 0
    outer loop
      vertex -437.99999982118607 29.108799815177917 -155.6147420618009
      vertex -439.9 29.19164021096474 -146.65187301582236
      vertex -439.9 29.19164021096474 -153.34812698417764
    endloop
  endfacet
  facet normal -0.07340128332296937 -0.9973024875164712 0
    outer loop
      vertex -435 28.88800036907196 -155.43340358326714
      vertex -435 28.88800036907196 -145.54002778634313
      vertex -436.6971546827961 29.012910647823034 -155.5520959326939
    endloop
  endfacet
  facet normal -0.07340128332296486 -0.9973024875164717 -4.245290413292685e-16
    outer loop
      vertex -436.0703798110704 28.966780130236714 -145.3374195684243
      vertex -437.99999982118607 29.108799815177917 -155.6147420618009
      vertex -436.6971546827961 29.012910647823034 -155.5520959326939
    endloop
  endfacet
  facet normal -0.6480902805406356 -0.7615635155840648 -7.594149577038807e-14
    outer loop
      vertex -421.6996603162258 24.91401125144588 -153.41568611286684
      vertex -421.1999997496605 24.488800287246704 -153.15959967236356
      vertex -422.40000039339066 25.51000040769577 -153.63647404528027
    endloop
  endfacet
  facet normal -0.043558821686342675 -0.9990508640971677 0
    outer loop
      vertex -440.99999964237213 29.23960041999817 -155.75956568182087
      vertex -439.9 29.19164021096474 -153.34812698417764
      vertex -440.99999964237213 29.23960041999817 -153.34452996850013
    endloop
  endfacet
  facet normal -0.0435588216863429 -0.9990508640971677 9.798301647149136e-17
    outer loop
      vertex -439.9 29.19164021096474 -153.34812698417764
      vertex -440.99999964237213 29.23960041999817 -155.75956568182087
      vertex -437.99999982118607 29.108799815177917 -155.6147420618009
    endloop
  endfacet
  facet normal -0.021594787084711596 -0.9997668053955211 0
    outer loop
      vertex -440.99999964237213 29.23960041999817 -155.75956568182087
      vertex -440.99999964237213 29.23960041999817 -153.34452996850013
      vertex -441.3255233927244 29.246631675728942 -155.77532565671675
    endloop
  endfacet
  facet normal -0.021594787084704272 -0.9997668053955213 -9.821423347541562e-16
    outer loop
      vertex -440.99999964237213 29.23960041999817 -153.34452996850013
      vertex -444.00000035762787 29.30439990758896 -155.85977457144617
      vertex -441.3255233927244 29.246631675728942 -155.77532565671675
    endloop
  endfacet
  facet normal -0.41790593225765027 -0.9084903036267721 0
    outer loop
      vertex -423.60000014305115 26.226399660110474 -153.9994607877566
      vertex -423.60000014305115 26.226399660110474 -148.83274853236657
      vertex -424.79999989271164 26.77840006351471 -154.2467683219426
    endloop
  endfacet
  facet normal -0.512600154138917 -0.8586274407312864 0
    outer loop
      vertex -422.40000039339066 25.51000040769577 -153.63647404528027
      vertex -422.40000039339066 25.51000040769577 -149.48415161908684
      vertex -423.50234841075826 26.16810162460552 -153.9792126864453
    endloop
  endfacet
  facet normal -0.5126001541390202 -0.8586274407312248 0
    outer loop
      vertex -423.50234841075826 26.16810162460552 -153.9792126864453
      vertex -423.60000014305115 26.226399660110474 -148.83274853236657
      vertex -423.60000014305115 26.226399660110474 -153.9994607877566
    endloop
  endfacet
  facet normal -0.9445321851781929 -0.3284188654180933 0
    outer loop
      vertex -420.0695410639408 22.2 -152.2378172461922
      vertex -420.0695410639408 22.2 -152.01987940036406
      vertex -420.52589847414356 23.512483256198887 -152.8017530476254
    endloop
  endfacet
  facet normal -0.7861471133624892 -0.6180394131055279 0
    outer loop
      vertex -420.6000003218651 23.72560006380081 -152.84433631892338
      vertex -420.6000003218651 23.72560006380081 -150.90883130350605
      vertex -421.1999997496605 24.488800287246704 -153.15959967236356
    endloop
  endfacet
  facet normal -0.9445321851781917 -0.32841886541809695 0
    outer loop
      vertex -420.6000003218651 23.72560006380081 -150.90883130350605
      vertex -420.6000003218651 23.72560006380081 -152.84433631892338
      vertex -420.52589847414356 23.512483256198887 -152.8017530476254
    endloop
  endfacet
  facet normal -0.6480902805406531 -0.7615635155840499 0
    outer loop
      vertex -421.1999997496605 24.488800287246704 -153.15959967236356
      vertex -421.1999997496605 24.488800287246704 -150.3316518838623
      vertex -422.40000039339066 25.51000040769577 -153.63647404528027
    endloop
  endfacet
  facet normal -0.9445321851781914 -0.3284188654180979 -8.843767179839653e-15
    outer loop
      vertex -420.0695410639408 22.2 -152.01987940036406
      vertex -420.1656326704763 22.47635932236336 -151.48886905280568
      vertex -420.52589847414356 23.512483256198887 -152.8017530476254
    endloop
  endfacet
  facet normal -0.9445321851781945 -0.32841886541808907 -1.0060148146883815e-15
    outer loop
      vertex -420.1656326704763 22.47635932236336 -151.48886905280568
      vertex -420.6000003218651 23.72560006380081 -150.90883130350605
      vertex -420.52589847414356 23.512483256198887 -152.8017530476254
    endloop
  endfacet
  facet normal -0.7861471133624893 -0.6180394131055279 0
    outer loop
      vertex -421.1999997496605 24.488800287246704 -150.3316518838623
      vertex -421.1999997496605 24.488800287246704 -153.15959967236356
      vertex -420.6000003218651 23.72560006380081 -150.90883130350605
    endloop
  endfacet
  facet normal -0.6480902805406684 -0.761563515584037 0
    outer loop
      vertex -422.40000039339066 25.51000040769577 -149.48415161908684
      vertex -422.40000039339066 25.51000040769577 -153.63647404528027
      vertex -422.1101046440751 25.26329922827097 -149.64379850759715
    endloop
  endfacet
  facet normal -0.5126001541389243 -0.8586274407312819 2.464214042343771e-15
    outer loop
      vertex -423.50234841075826 26.16810162460552 -153.9792126864453
      vertex -422.40000039339066 25.51000040769577 -149.48415161908684
      vertex -423.60000014305115 26.226399660110474 -148.83274853236657
    endloop
  endfacet
  facet normal -0.41790593225767364 -0.9084903036267612 6.2966441263198074e-15
    outer loop
      vertex -423.89306161746737 26.361208064983703 -148.6749079560802
      vertex -424.79999989271164 26.77840006351471 -154.2467683219426
      vertex -423.60000014305115 26.226399660110474 -148.83274853236657
    endloop
  endfacet
  facet normal -0.6480902805406493 -0.7615635155840532 -2.3822275616498826e-15
    outer loop
      vertex -421.1999997496605 24.488800287246704 -150.3316518838623
      vertex -422.1101046440751 25.26329922827097 -149.64379850759715
      vertex -422.40000039339066 25.51000040769577 -153.63647404528027
    endloop
  endfacet
  facet normal -0.7861471133625305 -0.6180394131054757 -1.1172520688795581e-13
    outer loop
      vertex -420.85390317369365 24.04856489388592 -150.5998434126495
      vertex -421.1999997496605 24.488800287246704 -150.3316518838623
      vertex -420.6000003218651 23.72560006380081 -150.90883130350605
    endloop
  endfacet
endsolid OpenSCAD_Model
