solid OpenSCAD_Model
  facet normal 0.09761254171893495 8.78859238884393e-14 0.9952244931165879
    outer loop
      vertex -418.32448039549803 150 153.86959977447987
      vertex -432.53947017831666 28.578077641344926 155.26381916198224
      vertex -432.5047706485456 28.57447487230422 155.26041579990581
    endloop
  endfacet
  facet normal -0.028392588996273532 0.0367173459975109 -0.9989222679433009
    outer loop
      vertex -467.8799995779991 28.969600319862366 143.5167527972576
      vertex -437.81704594154974 150 147.1109763818926
      vertex -466.4659715875992 29.010041448831842 143.478048059285
    endloop
  endfacet
  facet normal -0.0036123367941015123 0.030867545306553036 -0.9995169561691457
    outer loop
      vertex -466.4659715875992 29.010041448831842 143.478048059285
      vertex -437.81704594154974 150 147.1109763818926
      vertex -461.879999935627 29.141200006008148 143.46552447841736
    endloop
  endfacet
  facet normal -0.003612336793736534 0.03086754530653822 -0.9995169561691475
    outer loop
      vertex -461.879999935627 29.141200006008148 143.46552447841736
      vertex -434.533029136381 150 147.09910767405694
      vertex -460.7098558916817 29.15692016018886 143.46178095832056
    endloop
  endfacet
  facet normal 0.02154553766626295 0.025415715397248666 -0.9994447614638429
    outer loop
      vertex -460.7098558916817 29.15692016018886 143.46178095832056
      vertex -434.533029136381 150 147.09910767405694
      vertex -455.30722477084765 29.2295011339933 143.5800939399316
    endloop
  endfacet
  facet normal 0.02154553820005573 0.025415715302929385 -0.999444761454734
    outer loop
      vertex -455.30722477084765 29.2295011339933 143.5800939399316
      vertex -434.0277683325112 150 147.10999983748687
      vertex -455.1660088935805 29.2313982810795 143.58318644643876
    endloop
  endfacet
  facet normal 0.047631906496582645 0.020250099868182173 -0.9986596692261229
    outer loop
      vertex -455.1660088935805 29.2313982810795 143.58318644643876
      vertex -431.3593176101734 150 147.16752498463862
      vertex -455.0311178444841 29.233210458050674 143.5896569336343
    endloop
  endfacet
  facet normal 0.047631907785926915 0.020250099586546482 -0.9986596691703375
    outer loop
      vertex -455.0311178444841 29.233210458050674 143.5896569336343
      vertex -428.81178663897197 150 147.28903160071266
      vertex -450 29.300800383090973 143.83099084485747
    endloop
  endfacet
  facet normal 0.19785656719694344 -0.009960573840242492 0.9801803741076509
    outer loop
      vertex -424.79999989271164 26.77840006351471 154.25116919575393
      vertex -413.2312968228757 150 153.16811748457806
      vertex -425.85540397359006 27.16784392323522 154.46816773845916
    endloop
  endfacet
  facet normal 0.13912154642100513 -0.004389752231533175 0.9902655832637898
    outer loop
      vertex -427.2000002861023 27.58599978685379 154.66179422642594
      vertex -416.2009103811532 150 153.65919120459685
      vertex -428.91729665443836 27.986130172062904 154.90482943207678
    endloop
  endfacet
  facet normal 0.13912154642100255 -0.004389752231532941 0.9902655832637902
    outer loop
      vertex -425.99999964237213 27.221199691295624 154.49159006085253
      vertex -416.2009103811532 150 153.65919120459685
      vertex -427.2000002861023 27.58599978685379 154.66179422642594
    endloop
  endfacet
  facet normal 0.19785656719687383 -0.009960573840236905 0.980180374107665
    outer loop
      vertex -423.4843609842788 26.15736313996302 153.97928690830202
      vertex -413.0093537262721 150 153.1233166495817
      vertex -423.60000014305115 26.226399660110474 154.0033310648342
    endloop
  endfacet
  facet normal 0.2879291680839029 -0.017736051141235904 0.957487455090889
    outer loop
      vertex -423.45770791612665 26.141451271561237 153.97097723342392
      vertex -413.0093537262721 150 153.1233166495817
      vertex -423.4843609842788 26.15736313996302 153.97928690830202
    endloop
  endfacet
  facet normal 0.2879291694443649 -0.017736051269699956 0.9574874546794004
    outer loop
      vertex -422.40000039339066 25.51000040769577 153.64121385961766
      vertex -412.1014989987335 150 152.85031270049512
      vertex -423.45770791612665 26.141451271561237 153.97097723342392
    endloop
  endfacet
  facet normal 0.07002819608411706 0.0032559120167205587 0.9975396988542079
    outer loop
      vertex -418.7060379590839 150 153.89638546322072
      vertex -436.5723862072184 28.950702229578102 155.54571731792643
      vertex -435.1155765837948 28.853387325687883 155.44376558475915
    endloop
  endfacet
  facet normal 0.09861625970961052 -0.00011864264571953148 0.9951255293905434
    outer loop
      vertex -418.28935908583657 150 153.86615504384042
      vertex -432.5047706485456 28.57447487230422 155.26041579990581
      vertex -432.4179954600653 28.56547485377169 155.25181536502924
    endloop
  endfacet
  facet normal -0.07681791950450435 0.04959586034321571 -0.9958108544697711
    outer loop
      vertex -480 28.35280042886734 144.06028940393438
      vertex -444.6008022125544 150 147.38813502847086
      vertex -478.44869947538587 28.442228315866974 143.9450743253703
    endloop
  endfacet
  facet normal 0.07002819608410496 0.0032559120167221954 0.9975396988542087
    outer loop
      vertex -418.7060379590839 150 153.89638546322072
      vertex -435.1155765837948 28.853387325687883 155.44376558475915
      vertex -432.53947017831666 28.578077641344926 155.26381916198224
    endloop
  endfacet
  facet normal 0.0700281954782869 0.003255912106715887 0.997539698896444
    outer loop
      vertex -420.7211706364261 150 154.0378496126671
      vertex -436.6734495884564 28.957453264910843 155.55279002435321
      vertex -436.5723862072184 28.950702229578102 155.54571731792643
    endloop
  endfacet
  facet normal 0.048493304754334096 0.006109843860463596 0.9988048203738326
    outer loop
      vertex -421.146963414603 150 154.05852241933877
      vertex -438.1411911555075 29.05861501568642 155.62343201082592
      vertex -436.6734495884564 28.957453264910843 155.55279002435321
    endloop
  endfacet
  facet normal 0.04849330475436347 0.0061098438604594504 0.9988048203738311
    outer loop
      vertex -421.146963414603 150 154.05852241933877
      vertex -441.14797579712456 29.17658320112571 155.76869378149783
      vertex -438.1411911555075 29.05861501568642 155.62343201082592
    endloop
  endfacet
  facet normal 0.0484933047536931 0.006109843860572094 0.9988048203738632
    outer loop
      vertex -421.146963414603 150 154.05852241933877
      vertex -441.18591249837715 29.177244328198068 155.7705316146706
      vertex -441.14797579712456 29.17658320112571 155.76869378149783
    endloop
  endfacet
  facet normal 0.031747811308485405 0.008600515599742406 0.9994589074136762
    outer loop
      vertex -423.861077159244 150 154.18248456663318
      vertex -446.2558271009998 29.238187586280983 155.93302992071523
      vertex -444.13725365888337 29.232788883860884 155.86577989396523
    endloop
  endfacet
  facet normal 0.031747810923337 0.008600515671333657 0.9994589074252944
    outer loop
      vertex -426.31879923705543 150 154.2605541053095
      vertex -446.38565912347667 29.238518433656342 155.93715118774557
      vertex -446.2558271009998 29.238187586280983 155.93302992071523
    endloop
  endfacet
  facet normal 0.018456647598276105 0.010813435485550697 0.9997711847079974
    outer loop
      vertex -428.9579005242725 150 154.30927421565033
      vertex -446.5250643498975 29.239028815465637 155.93971920950486
      vertex -446.38565912347667 29.238518433656342 155.93715118774557
    endloop
  endfacet
  facet normal 0.018456645349182826 0.010813435813240234 0.9997711847459735
    outer loop
      vertex -429.4576041263395 150 154.31849917862564
      vertex -447.11841357371577 29.24120114912731 155.95064945631367
      vertex -446.5250643498975 29.239028815465637 155.93971920950486
    endloop
  endfacet
  facet normal 0.018456645349159233 0.01081343581324374 0.9997711847459738
    outer loop
      vertex -429.4576041263395 150 154.31849917862564
      vertex -450.0911134716576 29.217649845765298 156.005782809919
      vertex -447.11841357371577 29.24120114912731 155.95064945631367
    endloop
  endfacet
  facet normal 0.04849330452495388 0.006109843898667124 0.9988048203847356
    outer loop
      vertex -423.3957170084385 150 154.16770240185517
      vertex -441.3033775357418 29.17929140434813 155.77622217642624
      vertex -441.18591249837715 29.177244328198068 155.7705316146706
    endloop
  endfacet
  facet normal 0.03174781130846681 0.008600515599745518 0.9994589074136767
    outer loop
      vertex -423.861077159244 150 154.18248456663318
      vertex -444.13725365888337 29.232788883860884 155.86577989396523
      vertex -441.3033775357418 29.17929140434813 155.77622217642624
    endloop
  endfacet
  facet normal 0.4372158310739843 -0.029664073432131434 0.8988672648426455
    outer loop
      vertex -420.5258766082917 23.51242037004034 152.8047803450442
      vertex -411.82238875268825 150 152.74563276262157
      vertex -420.6000003218651 23.72560006380081 152.8478699541969
    endloop
  endfacet
  facet normal 0.04763190778589857 0.020250099586551735 -0.9986596691703387
    outer loop
      vertex -450 29.300800383090973 143.83099084485747
      vertex -428.32942152249495 150 147.31203840819322
      vertex -449.8762504145195 29.301592349635662 143.83690924371547
    endloop
  endfacet
  facet normal 0.07624072747857912 0.015094413018894194 -0.9969751803175203
    outer loop
      vertex -449.8762504145195 29.301592349635662 143.83690924371547
      vertex -428.32942152249495 150 147.31203840819322
      vertex -447.00000017881393 29.319999635219574 144.05714066159476
    endloop
  endfacet
  facet normal 0.43721583107422496 -0.029664073432148115 0.8988672648425277
    outer loop
      vertex -421.1999997496605 24.488800287246704 153.16490105220814
      vertex -411.93411962925325 150 152.79997950542187
      vertex -421.68754059816047 24.903697375688576 153.41573688056303
    endloop
  endfacet
  facet normal -0.12594303983688815 0.06503862123499424 -0.9899031914609099
    outer loop
      vertex -457.7715601682929 150 148.7461777644764
      vertex -497.99999982118607 26.959600269794464 145.7803463557079
      vertex -458.307941302258 150 148.81442026647605
    endloop
  endfacet
  facet normal -0.12594303958306002 0.06503862115477928 -0.9899031914984743
    outer loop
      vertex -454.9387526038502 150 148.38576636436795
      vertex -496.98163771472406 27.047179381207627 145.65653667844012
      vertex -457.7715601682929 150 148.7461777644764
    endloop
  endfacet
  facet normal -0.13730249667874214 0.06912296748437373 -0.9881143859756006
    outer loop
      vertex -458.307941302258 150 148.81442026647605
      vertex -503.1002601320967 26.481196005086634 146.39780828432745
      vertex -461.05798358071064 150 149.19654978119902
    endloop
  endfacet
  facet normal -0.0036123367916093296 0.03086754530605758 -0.99951695616917
    outer loop
      vertex -434.533029136381 150 147.09910767405694
      vertex -461.879999935627 29.141200006008148 143.46552447841736
      vertex -437.81704594154974 150 147.1109763818926
    endloop
  endfacet
  facet normal -0.028392588996250665 0.036717345997505244 -0.9989222679433017
    outer loop
      vertex -437.81704594154974 150 147.1109763818926
      vertex -467.8799995779991 28.969600319862366 143.5167527972576
      vertex -438.35276019533296 150 147.12620310684932
    endloop
  endfacet
  facet normal -0.028392589848367768 0.03671734623484551 -0.9989222679103579
    outer loop
      vertex -438.35276019533296 150 147.12620310684932
      vertex -472.2520742393835 28.77722905300317 143.633950261278
      vertex -441.18204573555187 150 147.2066205191825
    endloop
  endfacet
  facet normal -0.05296998944868821 0.04300802363935009 -0.9976695295138781
    outer loop
      vertex -441.18204573555187 150 147.2066205191825
      vertex -472.3929649408269 28.7710298627275 143.63772696563726
      vertex -444.05652979615013 150 147.35923757909663
    endloop
  endfacet
  facet normal -0.05296999048731265 0.0430080238813242 -0.9976695294483027
    outer loop
      vertex -444.05652979615013 150 147.35923757909663
      vertex -473.8800001144409 28.705600321292877 143.713858631816
      vertex -444.6008022125544 150 147.38813502847086
    endloop
  endfacet
  facet normal -0.07681791950449901 0.04959586034321416 -0.9958108544697716
    outer loop
      vertex -444.6008022125544 150 147.38813502847086
      vertex -480 28.35280042886734 144.06028940393438
      vertex -445.14974263057644 150 147.43048088225936
    endloop
  endfacet
  facet normal -0.07681791996731982 0.04959586049133716 -0.9958108544266919
    outer loop
      vertex -445.14974263057644 150 147.43048088225936
      vertex -484.46311755011 28.0475229240134 144.38937489515587
      vertex -448.04887995829006 150 147.65412345275814
    endloop
  endfacet
  facet normal 0.09861626044436543 -0.00011864274281690748 0.9951255293177181
    outer loop
      vertex -428.91729665443836 27.986130172062904 154.90482943207678
      vertex -416.2009103811532 150 153.65919120459685
      vertex -429.5999997854233 28.14520013332367 154.97250381112127
    endloop
  endfacet
  facet normal 0.09861626044436916 -0.0001186427428168022 0.9951255293177177
    outer loop
      vertex -416.5260146811924 150 153.69140881873668
      vertex -432.4179954600653 28.56547485377169 155.25181536502924
      vertex -432.06380316815273 28.52873927019515 155.2167107709978
    endloop
  endfacet
  facet normal 0.09861626044438594 -0.00011864274281912424 0.995125529317716
    outer loop
      vertex -429.5999997854233 28.14520013332367 154.97250381112127
      vertex -416.5260146811924 150 153.69140881873668
      vertex -429.87740514960984 28.191388115351515 155
    endloop
  endfacet
  facet normal 0.09861626044439044 -0.00011864274281962124 0.9951255293177157
    outer loop
      vertex -429.87740514960984 28.191388115351515 155
      vertex -416.5260146811924 150 153.69140881873668
      vertex -432.06380316815273 28.52873927019515 155.2167107709978
    endloop
  endfacet
  facet normal 0.28792916944440916 -0.017736051269703828 0.9574874546793871
    outer loop
      vertex -421.68754059816047 24.903697375688576 153.41573688056303
      vertex -411.93411962925325 150 152.79997950542187
      vertex -422.40000039339066 25.51000040769577 153.64121385961766
    endloop
  endfacet
  facet normal 0.07624072747859423 0.015094413018891632 -0.9969751803175192
    outer loop
      vertex -447.00000017881393 29.319999635219574 144.05714066159476
      vertex -427.8745089749406 150 147.34682649946106
      vertex -445.02760179903123 29.309743342107026 144.2078187101497
    endloop
  endfacet
  facet normal 0.43721583107424344 -0.029664073432149506 0.8988672648425187
    outer loop
      vertex -420.6000003218651 23.72560006380081 152.8478699541969
      vertex -411.93411962925325 150 152.79997950542187
      vertex -421.1999997496605 24.488800287246704 153.16490105220814
    endloop
  endfacet
  facet normal 0.13912154743590077 -0.004389752315446477 0.9902655831208361
    outer loop
      vertex -425.9006399927589 27.184536003759337 154.47746858383996
      vertex -415.9260307450699 150 153.6205736047349
      vertex -425.9570885910388 27.20536552336063 154.48549133340393
    endloop
  endfacet
  facet normal 0.13912154642077013 -0.004389752231513608 0.990265583263823
    outer loop
      vertex -425.9570885910388 27.20536552336063 154.48549133340393
      vertex -415.9260307450699 150 153.6205736047349
      vertex -425.99999964237213 27.221199691295624 154.49159006085253
    endloop
  endfacet
  facet normal 0.19785656592567852 -0.009960573706848523 0.9801803743656206
    outer loop
      vertex -425.85540397359006 27.16784392323522 154.46816773845916
      vertex -414.4351016220344 150 153.41111427357154
      vertex -425.9006399927589 27.184536003759337 154.47746858383996
    endloop
  endfacet
  facet normal 0.19785656719699077 -0.009960573840247022 0.9801803741076413
    outer loop
      vertex -423.60000014305115 26.226399660110474 154.0033310648342
      vertex -413.2312968228757 150 153.16811748457806
      vertex -424.79999989271164 26.77840006351471 154.25116919575393
    endloop
  endfacet
  facet normal -0.05296999048726178 0.043008023881312016 -0.9976695294483057
    outer loop
      vertex -478.44869947538587 28.442228315866974 143.9450743253703
      vertex -444.6008022125544 150 147.38813502847086
      vertex -473.8800001144409 28.705600321292877 143.713858631816
    endloop
  endfacet
  facet normal -0.052969990487260775 0.04300802388131154 -0.9976695294483058
    outer loop
      vertex -473.8800001144409 28.705600321292877 143.713858631816
      vertex -444.05652979615013 150 147.35923757909663
      vertex -472.53582170879133 28.76474416553311 143.64504079638218
    endloop
  endfacet
  facet normal -0.028392589848241532 0.03671734623481329 -0.9989222679103628
    outer loop
      vertex -472.3929649408269 28.7710298627275 143.63772696563726
      vertex -441.18204573555187 150 147.2066205191825
      vertex -472.2520742393835 28.77722905300317 143.633950261278
    endloop
  endfacet
  facet normal -0.05296998944872731 0.04300802363935916 -0.9976695295138757
    outer loop
      vertex -472.53582170879133 28.76474416553311 143.64504079638218
      vertex -444.05652979615013 150 147.35923757909663
      vertex -472.3929649408269 28.7710298627275 143.63772696563726
    endloop
  endfacet
  facet normal -0.028392588996272256 0.03671734599751049 -0.998922267943301
    outer loop
      vertex -472.2520742393835 28.77722905300317 143.633950261278
      vertex -438.35276019533296 150 147.12620310684932
      vertex -467.8799995779991 28.969600319862366 143.5167527972576
    endloop
  endfacet
  facet normal -0.09771944266762873 0.055800824999204954 -0.9936484179296701
    outer loop
      vertex -490.6703071057279 27.579050183182904 144.97083241912134
      vertex -448.59926525676354 150 147.708250590334
      vertex -485.99999964237213 27.942400097846985 144.53194014139538
    endloop
  endfacet
  facet normal -0.09771944266762153 0.05580082499920261 -0.9936484179296708
    outer loop
      vertex -485.99999964237213 27.942400097846985 144.53194014139538
      vertex -448.04887995829006 150 147.65412345275814
      vertex -484.59189827413724 28.038714314860062 144.39887047030342
    endloop
  endfacet
  facet normal -0.07681791996725057 0.049595860491316646 -0.9958108544266983
    outer loop
      vertex -484.59189827413724 28.038714314860062 144.39887047030342
      vertex -448.04887995829006 150 147.65412345275814
      vertex -484.46311755011 28.0475229240134 144.38937489515587
    endloop
  endfacet
  facet normal -0.07681791950451555 0.04959586034321886 -0.9958108544697701
    outer loop
      vertex -484.46311755011 28.0475229240134 144.38937489515587
      vertex -445.14974263057644 150 147.43048088225936
      vertex -480 28.35280042886734 144.06028940393438
    endloop
  endfacet
  facet normal -0.03128670528472674 0.02202282137924699 0.9992678006475163
    outer loop
      vertex -444.0177910249414 150 154.18717386666685
      vertex -482.76442067667404 28.104946803050755 155.66047121491127
      vertex -479.8135108122045 28.298948703989677 155.74858751164652
    endloop
  endfacet
  facet normal 0.7458047480340146 -0.05257475821102603 -0.664086720699166
    outer loop
      vertex -410.9745616453567 150 151.71359626680612
      vertex -420.1645425955614 22.473224268473885 151.48886352808947
      vertex -420.1652162611043 22.475161729607585 151.48795357989698
    endloop
  endfacet
  facet normal 0.5823321295863777 -0.03962656887423472 -0.8119846217082253
    outer loop
      vertex -411.42193725502915 150 151.21116963617504
      vertex -420.8458654050505 24.038340839428077 150.59979378845603
      vertex -421.1999997496605 24.488800287246704 150.32383539786602
    endloop
  endfacet
  facet normal 0.7458047459732541 -0.05257475807227037 -0.6640867230244948
    outer loop
      vertex -411.3522952600249 150 151.28938130430876
      vertex -420.1652162611043 22.475161729607585 151.48795357989698
      vertex -420.6000003218651 23.72560006380081 150.90067258876803
    endloop
  endfacet
  facet normal 0.7458047459732486 -0.05257475807226996 -0.664086723024501
    outer loop
      vertex -411.3522952600249 150 151.28938130430876
      vertex -420.6000003218651 23.72560006380081 150.90067258876803
      vertex -420.8458654050505 24.038340839428077 150.59979378845603
    endloop
  endfacet
  facet normal 0.582332129586392 -0.03962656887423592 -0.811984621708215
    outer loop
      vertex -411.42193725502915 150 151.21116963617504
      vertex -421.1999997496605 24.488800287246704 150.32383539786602
      vertex -422.08216828269826 25.239525394688513 149.65453240105515
    endloop
  endfacet
  facet normal 0.5823321250418709 -0.03962656845153455 -0.8119846249880441
    outer loop
      vertex -411.54006827313987 150 151.12644945120172
      vertex -422.08216828269826 25.239525394688513 149.65453240105515
      vertex -422.09644169200226 25.251672060922893 149.64370313754205
    endloop
  endfacet
  facet normal 0.46417310156075314 -0.02963374446427657 -0.8852486503669444
    outer loop
      vertex -412.18080316907594 150 150.66693272876952
      vertex -422.09644169200226 25.251672060922893 149.64370313754205
      vertex -422.11655597870396 25.268789311742594 149.63258337014489
    endloop
  endfacet
  facet normal 0.09861627192637507 -0.00011856749997920659 0.9951255281888267
    outer loop
      vertex -432.06380316815273 28.52873927019515 155.2167107709978
      vertex -429.8774051497997 28.191387957441645 155
      vertex -429.87740514960984 28.191388115351515 155
    endloop
  endfacet
  facet normal 0.7193286026045094 -0.05098541251372743 0.6927963980751117
    outer loop
      vertex -420.51843402603146 23.491015514150984 152.7989121173121
      vertex -420.0695410639408 22.2 152.2378172461922
      vertex -420.0311207771301 22.2 152.19792556762695
    endloop
  endfacet
  facet normal 0 -1 0
    outer loop
      vertex -420.0311207771301 22.2 152.19792556762695
      vertex -420.0695410639408 22.2 152.2378172461922
      vertex -420.0695410639408 22.2 152.01987940036406
    endloop
  endfacet
  facet normal 0.9751096061733382 -0.06989866248906713 -0.21041728287076816
    outer loop
      vertex -420.0695410639408 22.2 152.01987940036406
      vertex -420.1644146109575 22.472856184936937 151.4895789044906
      vertex -420.0311207771301 22.2 152.19792556762695
    endloop
  endfacet
  facet normal -0.04036853762732214 0.02468566325657693 0.9988798722566266
    outer loop
      vertex -450.73738948016296 150 153.94360144542796
      vertex -489.42055055710796 27.639110598834908 155.40421458678392
      vertex -485.8278931261193 27.90587400402326 155.5428149319711
    endloop
  endfacet
  facet normal -0.04036853762733797 0.024685663256581458 0.9988798722566257
    outer loop
      vertex -450.73738948016296 150 153.94360144542796
      vertex -485.8278931261193 27.90587400402326 155.5428149319711
      vertex -483.0391493364026 28.086994294124377 155.65104259489675
    endloop
  endfacet
  facet normal -0.04036853738073721 0.024685663190228933 0.9988798722682317
    outer loop
      vertex -450.1571064120425 150 153.96705289291484
      vertex -483.0391493364026 28.086994294124377 155.65104259489675
      vertex -482.90224499342924 28.095885808079572 155.65635568140044
    endloop
  endfacet
  facet normal -0.031286705390088834 0.02202282141269202 0.9992678006434804
    outer loop
      vertex -447.0924381052277 150 154.0909078033375
      vertex -482.90224499342924 28.095885808079572 155.65635568140044
      vertex -482.76442067667404 28.104946803050755 155.66047121491127
    endloop
  endfacet
  facet normal 0.9751096047356836 -0.06989866235544914 -0.21041728957749178
    outer loop
      vertex -410.9021925311323 150 152.04896708397993
      vertex -420.1644146109575 22.472856184936937 151.4895789044906
      vertex -420.1645425955614 22.473224268473885 151.48886352808947
    endloop
  endfacet
  facet normal -0.031286705284743636 0.022022821379251996 0.9992678006475156
    outer loop
      vertex -444.0177910249414 150 154.18717386666685
      vertex -479.8135108122045 28.298948703989677 155.74858751164652
      vertex -476.40154370540756 28.48677677920858 155.85127540481645
    endloop
  endfacet
  facet normal -0.021909409400913134 0.01948290290790609 0.9995701047320213
    outer loop
      vertex -443.4356185161908 150 154.20540147261428
      vertex -476.40154370540756 28.48677677920858 155.85127540481645
      vertex -476.25578977333663 28.494917055084386 155.85431149638285
    endloop
  endfacet
  facet normal -0.02190940921731353 0.019482902853764004 0.9995701047371011
    outer loop
      vertex -440.3826899847814 150 154.27231810082282
      vertex -476.25578977333663 28.494917055084386 155.85431149638285
      vertex -473.71686733457494 28.636714458358046 155.90719789764518
    endloop
  endfacet
  facet normal -0.021909409217322345 0.01948290285376637 0.9995701047371008
    outer loop
      vertex -440.3826899847814 150 154.27231810082282
      vertex -473.71686733457494 28.636714458358046 155.90719789764518
      vertex -469.98419229870797 28.794349977603375 155.9859412563704
    endloop
  endfacet
  facet normal -0.012724786054682316 0.017198801403747306 0.9997711143307436
    outer loop
      vertex -439.804629797382 150 154.28498850496752
      vertex -469.98419229870797 28.794349977603375 155.9859412563704
      vertex -467.76672061887626 28.889689881105262 156.0125244615271
    endloop
  endfacet
  facet normal -0.012724786054679336 0.01719880140374664 0.9997711143307437
    outer loop
      vertex -439.804629797382 150 154.28498850496752
      vertex -467.76672061887626 28.889689881105262 156.0125244615271
      vertex -463.87145930602895 28.997174809494904 156.0602531408336
    endloop
  endfacet
  facet normal -0.012724784531080707 0.017198801093924992 0.9997711143554653
    outer loop
      vertex -439.2370172132339 150 154.2922129072249
      vertex -463.87145930602895 28.997174809494904 156.0602531408336
      vertex -463.71773589244555 29.00141661738619 156.06213671526177
    endloop
  endfacet
  facet normal -0.00322596108862026 0.015043224377553904 0.9998816402831794
    outer loop
      vertex -436.239265948534 150 154.3303673791566
      vertex -463.71773589244555 29.00141661738619 156.06213671526177
      vertex -463.56824593897016 29.005657662312927 156.06255521457786
    endloop
  endfacet
  facet normal -0.00322595907013979 0.015043223873280845 0.9998816402972786
    outer loop
      vertex -433.32838884541496 150 154.33975886699878
      vertex -463.56824593897016 29.005657662312927 156.06255521457786
      vertex -461.8331021946943 29.054883864111034 156.0674127714426
    endloop
  endfacet
  facet normal -0.003225959070145005 0.015043223873282104 0.9998816402972784
    outer loop
      vertex -433.32838884541496 150 154.33975886699878
      vertex -461.8331021946943 29.054883864111034 156.0674127714426
      vertex -457.6633992677128 29.096371694487228 156.0802414701003
    endloop
  endfacet
  facet normal 0.006939177482353144 0.012951034810564853 0.9998920534303709
    outer loop
      vertex -432.7772255466719 150 154.34153710771352
      vertex -455.90563380689173 29.115312768510886 156.06779737378878
      vertex -453.0592974599962 29.17152855086638 156.04731587724172
    endloop
  endfacet
  facet normal 0.006939177482352863 0.012951034810564916 0.9998920534303709
    outer loop
      vertex -432.7772255466719 150 154.34153710771352
      vertex -457.6633992677128 29.096371694487228 156.0802414701003
      vertex -455.90563380689173 29.115312768510886 156.06779737378878
    endloop
  endfacet
  facet normal 0.006939177482889579 0.012951034810474757 0.9998920534303685
    outer loop
      vertex -432.7772255466719 150 154.34153710771352
      vertex -453.0592974599962 29.17152855086638 156.04731587724172
      vertex -451.861533559789 29.189471620785643 156.0387710772506
    endloop
  endfacet
  facet normal 0.018456645349168785 0.010813435813242097 0.9997711847459737
    outer loop
      vertex -429.4576041263395 150 154.31849917862564
      vertex -451.861533559789 29.189471620785643 156.0387710772506
      vertex -450.0911134716576 29.217649845765298 156.005782809919
    endloop
  endfacet
  facet normal 0.23588685748491997 -0.007062265547740314 -0.9717548635696259
    outer loop
      vertex -416.2371465935239 150 149.0607014489387
      vertex -428.97923004142837 28.000560663182867 146.85428328171832
      vertex -429.5999997854233 28.14520013332367 146.7025444924337
    endloop
  endfacet
  facet normal 0.07624072924517475 0.0150944127644031 -0.9969751801862781
    outer loop
      vertex -445.02760179903123 29.309743342107026 144.2078187101497
      vertex -427.8745089749406 150 147.34682649946106
      vertex -444.89938979373795 29.309076651280105 144.21761325034396
    endloop
  endfacet
  facet normal 0.1081043370857306 0.00988619185663472 -0.9940903960474764
    outer loop
      vertex -444.89938979373795 29.309076651280105 144.21761325034396
      vertex -425.4719641706241 150 147.5305540100006
      vertex -444.00000035762787 29.30439990758896 144.31537263316628
    endloop
  endfacet
  facet normal 0.10810433708572252 0.009886191856636013 -0.9940903960474773
    outer loop
      vertex -444.00000035762787 29.30439990758896 144.31537263316628
      vertex -425.0488387535193 150 147.57656762496168
      vertex -440.99999964237213 29.23960041999817 144.6409692486248
    endloop
  endfacet
  facet normal 0.1081043370857375 0.009886191856633992 -0.9940903960474755
    outer loop
      vertex -440.99999964237213 29.23960041999817 144.6409692486248
      vertex -425.0488387535193 150 147.57656762496168
      vertex -440.4030130303734 29.21357168180706 144.7056308901568
    endloop
  endfacet
  facet normal 0.10810433747937481 0.00988619180559006 -0.9940903960051765
    outer loop
      vertex -440.4030130303734 29.21357168180706 144.7056308901568
      vertex -425.0488387535193 150 147.57656762496168
      vertex -440.28608306136607 29.208473511280594 144.71829597110914
    endloop
  endfacet
  facet normal 0.144160792338373 0.004554067312719162 -0.9895437971223323
    outer loop
      vertex -440.28608306136607 29.208473511280594 144.71829597110914
      vertex -422.81417238805443 150 147.81958086389517
      vertex -440.1791374584422 29.203810661154233 144.73385478514652
    endloop
  endfacet
  facet normal 0.14416079313710875 0.004554067181124069 -0.9895437970065748
    outer loop
      vertex -440.1791374584422 29.203810661154233 144.73385478514652
      vertex -420.76734282262623 150 148.11777137632347
      vertex -437.99999982118607 29.108799815177917 145.05088322321592
    endloop
  endfacet
  facet normal 0.1441607931370972 0.004554067181125899 -0.9895437970065766
    outer loop
      vertex -437.99999982118607 29.108799815177917 145.05088322321592
      vertex -420.37978357688655 150 148.17423259453582
      vertex -436.0770020345103 28.967267524688275 145.33038205834129
    endloop
  endfacet
  facet normal 0.178267131356292 -3.3085596033122034e-14 -0.9839821288407623
    outer loop
      vertex -436.0770020345103 28.967267524688275 145.33038205834129
      vertex -420.3408753787407 150 148.18128155677445
      vertex -436.03846172117443 28.96443096457343 145.33736437122948
    endloop
  endfacet
  facet normal 0.18597319885284133 -0.0010329803090056008 -0.9825542744602572
    outer loop
      vertex -436.03846172117443 28.96443096457343 145.33736437122948
      vertex -420.3408753787407 150 148.18128155677445
      vertex -435.9419169160571 28.957325284318458 145.3556453830117
    endloop
  endfacet
  facet normal 0.18597320016440694 -0.001032980504541847 -0.9825542742118049
    outer loop
      vertex -435.9419169160571 28.957325284318458 145.3556453830117
      vertex -418.49751259011884 150 148.53018449614092
      vertex -435 28.88800036907196 145.53399982006775
    endloop
  endfacet
  facet normal 0.18597320016439342 -0.001032980504540136 -0.9825542742118074
    outer loop
      vertex -435 28.88800036907196 145.53399982006775
      vertex -418.15765545972755 150 148.59451103747955
      vertex -432.2744668087563 28.576199111416752 146.05020358372974
    endloop
  endfacet
  facet normal 0.23588685659076458 -0.007062265427202194 -0.971754863787552
    outer loop
      vertex -432.2744668087563 28.576199111416752 146.05020358372974
      vertex -418.15765545972755 150 148.59451103747955
      vertex -432.1947406478073 28.56707843098189 146.0696228497027
    endloop
  endfacet
  facet normal 0.2358868574849077 -0.007062265547739087 -0.971754863569629
    outer loop
      vertex -432.1947406478073 28.56707843098189 146.0696228497027
      vertex -416.53610806135197 150 148.9881305940875
      vertex -432.00000017881393 28.544800102710724 146.11705667736257
    endloop
  endfacet
  facet normal 0.23588685748490193 -0.007062265547738179 -0.9717548635696304
    outer loop
      vertex -416.2371465935239 150 149.0607014489387
      vertex -429.5999997854233 28.14520013332367 146.7025444924337
      vertex -432.00000017881393 28.544800102710724 146.11705667736257
    endloop
  endfacet
  facet normal 0.048493304754348626 0.006109843860461725 0.9988048203738319
    outer loop
      vertex -436.6734495884564 28.957453264910843 155.55279002435321
      vertex -420.7211706364261 150 154.0378496126671
      vertex -421.146963414603 150 154.05852241933877
    endloop
  endfacet
  facet normal 0.2966773555106635 -0.013716658738040925 -0.9548792593832289
    outer loop
      vertex -415.9815757573715 150 149.14010633606995
      vertex -427.2000002861023 27.58599978685379 147.41303829024935
      vertex -428.97923004142837 28.000560663182867 146.85428328171832
    endloop
  endfacet
  facet normal 0.29667735551066515 -0.01371665873804108 -0.9548792593832284
    outer loop
      vertex -415.9815757573715 150 149.14010633606995
      vertex -426.22726698013327 27.290288943010356 147.7195106601186
      vertex -427.2000002861023 27.58599978685379 147.41303829024935
    endloop
  endfacet
  facet normal 0.3704849089644459 -0.021072611955002724 -0.9285994170012171
    outer loop
      vertex -414.38438931443864 150 149.6549710811994
      vertex -424.79999989271164 26.77840006351471 148.29569219963318
      vertex -425.99999964237213 27.221199691295624 147.80687782560932
    endloop
  endfacet
  facet normal 0.29667735732675926 -0.013716658896232688 -0.9548792588167023
    outer loop
      vertex -414.5953762999177 150 149.57079324016613
      vertex -426.1735938370824 27.273972312001735 147.73642108701554
      vertex -426.22726698013327 27.290288943010356 147.7195106601186
    endloop
  endfacet
  facet normal 0.3704849089644537 -0.021072611955003463 -0.9285994170012138
    outer loop
      vertex -414.38438931443864 150 149.6549710811994
      vertex -425.99999964237213 27.221199691295624 147.80687782560932
      vertex -426.1735938370824 27.273972312001735 147.73642108701554
    endloop
  endfacet
  facet normal 0.37048490896447245 -0.021072611955005094 -0.9285994170012063
    outer loop
      vertex -414.38438931443864 150 149.6549710811994
      vertex -423.9099105374714 26.368958575466518 148.66010409689147
      vertex -424.79999989271164 26.77840006351471 148.29569219963318
    endloop
  endfacet
  facet normal 0.37048491029692054 -0.021072612061960743 -0.92859941646717
    outer loop
      vertex -413.2400097395054 150 150.11154617337243
      vertex -423.8740004237222 26.352439907623925 148.67480607333928
      vertex -423.9099105374714 26.368958575466518 148.66010409689147
    endloop
  endfacet
  facet normal 0.46417309969897796 -0.029633744324868563 -0.8852486513478182
    outer loop
      vertex -413.0751253391376 150 150.19800199919513
      vertex -423.60000014305115 26.226399660110474 148.82269514819706
      vertex -423.8740004237222 26.352439907623925 148.67480607333928
    endloop
  endfacet
  facet normal 0.464173099698988 -0.029633744324869496 -0.8852486513478128
    outer loop
      vertex -413.0751253391376 150 150.19800199919513
      vertex -422.40000039339066 25.51000040769577 149.47588698852138
      vertex -423.60000014305115 26.226399660110474 148.82269514819706
    endloop
  endfacet
  facet normal 0.46417309969899234 -0.029633744324869794 -0.8852486513478106
    outer loop
      vertex -413.0751253391376 150 150.19800199919513
      vertex -422.11655597870396 25.268789311742594 149.63258337014489
      vertex -422.40000039339066 25.51000040769577 149.47588698852138
    endloop
  endfacet
  facet normal 0.43721583513036216 -0.02966407371217382 0.8988672628603507
    outer loop
      vertex -420.52073978446754 23.497646872100894 152.80179420575428
      vertex -411.82238875268825 150 152.74563276262157
      vertex -420.5258766082917 23.51242037004034 152.8047803450442
    endloop
  endfacet
  facet normal 0.719328598724539 -0.05098541219961398 0.6927964021267913
    outer loop
      vertex -420.51843402603146 23.491015514150984 152.7989121173121
      vertex -411.2163678061749 150 152.45085959067302
      vertex -420.52073978446754 23.497646872100894 152.80179420575428
    endloop
  endfacet
  facet normal 0.7193286026045211 -0.050985412513718464 0.6927963980751002
    outer loop
      vertex -420.0311207771301 22.2 152.19792556762695
      vertex -410.8888499820126 150 152.11079873411782
      vertex -420.51843402603146 23.491015514150984 152.7989121173121
    endloop
  endfacet
  facet normal 0.9751096061733077 -0.06989866248927185 -0.21041728287084122
    outer loop
      vertex -410.8888499820126 150 152.11079873411782
      vertex -420.0311207771301 22.2 152.19792556762695
      vertex -420.1644146109575 22.472856184936937 151.4895789044906
    endloop
  endfacet
  facet normal 0.5823321250428017 -0.03962656845162118 -0.8119846249873724
    outer loop
      vertex -422.09644169200226 25.251672060922893 149.64370313754205
      vertex -412.18080316907594 150 150.66693272876952
      vertex -411.54006827313987 150 151.12644945120172
    endloop
  endfacet
  facet normal -0.12594303958308334 0.0650386211547866 -0.9899031914984706
    outer loop
      vertex -497.0855238850556 27.03824517359325 145.66916687463024
      vertex -457.7715601682929 150 148.7461777644764
      vertex -496.98163771472406 27.047179381207627 145.65653667844012
    endloop
  endfacet
  facet normal -0.12594303983691885 0.06503862123500417 -0.9899031914609053
    outer loop
      vertex -497.99999982118607 26.959600269794464 145.7803463557079
      vertex -457.7715601682929 150 148.7461777644764
      vertex -497.0855238850556 27.03824517359325 145.66916687463024
    endloop
  endfacet
  facet normal -0.13730249795463578 0.06912296791485889 -0.9881143857681955
    outer loop
      vertex -509.0805368329707 25.884681798832876 147.18706316035272
      vertex -461.5786934295403 150 149.26890452472227
      vertex -504.00000035762787 26.3968003988266 146.51692698887754
    endloop
  endfacet
  facet normal 0.43721583512733186 -0.029664073711964795 0.8988672628618315
    outer loop
      vertex -411.82238875268825 150 152.74563276262157
      vertex -420.52073978446754 23.497646872100894 152.80179420575428
      vertex -411.2163678061749 150 152.45085959067302
    endloop
  endfacet
  facet normal -0.14784595424495736 0 -0.9890104012665377
    outer loop
      vertex -539.1943937622165 22.5 151.42861379018555
      vertex -540 22.407999753952026 151.54904288053513
      vertex -540 22.5 151.54904288053513
    endloop
  endfacet
  facet normal 0.7193285987268391 -0.050985412199789706 0.6927964021243901
    outer loop
      vertex -411.2163678061749 150 152.45085959067302
      vertex -420.51843402603146 23.491015514150984 152.7989121173121
      vertex -410.9398339742316 150 152.1637352735975
    endloop
  endfacet
  facet normal -1 0 0
    outer loop
      vertex -540 22.407999753952026 151.54904288053513
      vertex -540 22.5 152.15609562397003
      vertex -540 22.5 151.54904288053513
    endloop
  endfacet
  facet normal 0.7193286026042718 -0.05098541251369807 0.6927963980753606
    outer loop
      vertex -410.9398339742316 150 152.1637352735975
      vertex -420.51843402603146 23.491015514150984 152.7989121173121
      vertex -410.8888499820126 150 152.11079873411782
    endloop
  endfacet
  facet normal -1 0 0
    outer loop
      vertex -540 22.5 152.15609562397003
      vertex -540 22.407999753952026 151.54904288053513
      vertex -540 22.407999753952026 152.15609562397003
    endloop
  endfacet
  facet normal -0.07325868028161554 0 0.9973129728241762
    outer loop
      vertex -540 22.407999753952026 152.15609562397003
      vertex -539.1943937622165 22.5 152.21527228306786
      vertex -540 22.5 152.15609562397003
    endloop
  endfacet
  facet normal 0.9751096061731378 -0.06989866248925569 -0.2104172828716336
    outer loop
      vertex -420.1644146109575 22.472856184936937 151.4895789044906
      vertex -410.9021925311323 150 152.04896708397993
      vertex -410.8888499820126 150 152.11079873411782
    endloop
  endfacet
  facet normal 0.9751096047275527 -0.06989866235468226 -0.21041728961542605
    outer loop
      vertex -420.1645425955614 22.473224268473885 151.48886352808947
      vertex -410.9745616453567 150 151.71359626680612
      vertex -410.9021925311323 150 152.04896708397993
    endloop
  endfacet
  facet normal 0.7458047480396001 -0.052574758211439705 -0.6640867206928605
    outer loop
      vertex -420.1652162611043 22.475161729607585 151.48795357989698
      vertex -411.3522952600249 150 151.28938130430876
      vertex -410.9745616453567 150 151.71359626680612
    endloop
  endfacet
  facet normal 0.7458047459731751 -0.052574758072263965 -0.664086723024584
    outer loop
      vertex -420.8458654050505 24.038340839428077 150.59979378845603
      vertex -411.42193725502915 150 151.21116963617504
      vertex -411.3522952600249 150 151.28938130430876
    endloop
  endfacet
  facet normal 0.5823321295863311 -0.039626568874230286 -0.8119846217082588
    outer loop
      vertex -422.08216828269826 25.239525394688513 149.65453240105515
      vertex -411.54006827313987 150 151.12644945120172
      vertex -411.42193725502915 150 151.21116963617504
    endloop
  endfacet
  facet normal -0.12594303983691177 0.06503862123500177 -0.9899031914609064
    outer loop
      vertex -503.1002601320967 26.481196005086634 146.39780828432745
      vertex -458.307941302258 150 148.81442026647605
      vertex -497.99999982118607 26.959600269794464 145.7803463557079
    endloop
  endfacet
  facet normal 0.4641731015600923 -0.029633744464220742 -0.8852486503672928
    outer loop
      vertex -422.11655597870396 25.268789311742594 149.63258337014489
      vertex -413.0751253391376 150 150.19800199919513
      vertex -412.18080316907594 150 150.66693272876952
    endloop
  endfacet
  facet normal -0.003225961088593009 0.015043224377547827 0.9998816402831796
    outer loop
      vertex -436.239265948534 150 154.3303673791566
      vertex -463.56824593897016 29.005657662312927 156.06255521457786
      vertex -433.32838884541496 150 154.33975886699878
    endloop
  endfacet
  facet normal -0.012724784530988647 0.01719880109390636 0.9997711143554671
    outer loop
      vertex -439.2370172132339 150 154.2922129072249
      vertex -463.71773589244555 29.00141661738619 156.06213671526177
      vertex -436.239265948534 150 154.3303673791566
    endloop
  endfacet
  facet normal -0.14745137412605205 0.07301093562405124 -0.9863708711978673
    outer loop
      vertex -539.1943937622165 22.5 151.42861379018555
      vertex -476.0473325267168 150 151.42635636430765
      vertex -522.0000001788139 24.463600039482117 149.00359014552134
    endloop
  endfacet
  facet normal -0.14745137412602205 0.07301093562403689 -0.9863708711978729
    outer loop
      vertex -540 22.5 151.54904288053513
      vertex -478.19285714240476 150 151.74708821278597
      vertex -539.1943937622165 22.5 151.42861379018555
    endloop
  endfacet
  facet normal -0.899844689190003 0.4362104255248227 0
    outer loop
      vertex -540 22.5 152.15609562397003
      vertex -478.19285714240476 150 151.74708821278597
      vertex -540 22.5 151.54904288053513
    endloop
  endfacet
  facet normal -0.07321112506413936 0.03602583432374936 0.9966655760224293
    outer loop
      vertex -466.66498546847805 150 152.93433565034397
      vertex -540 22.5 152.15609562397003
      vertex -539.1943937622165 22.5 152.21527228306786
    endloop
  endfacet
  facet normal -0.07321112506413778 0.03602583432374844 0.9966655760224293
    outer loop
      vertex -466.66498546847805 150 152.93433565034397
      vertex -539.1943937622165 22.5 152.21527228306786
      vertex -522.0000001788139 24.463600039482117 153.4073276704702
    endloop
  endfacet
  facet normal -0.01272478605468778 0.01719880140374824 0.9997711143307436
    outer loop
      vertex -463.87145930602895 28.997174809494904 156.0602531408336
      vertex -439.2370172132339 150 154.2922129072249
      vertex -439.804629797382 150 154.28498850496752
    endloop
  endfacet
  facet normal -0.02190940921732877 0.01948290285376808 0.9995701047371006
    outer loop
      vertex -469.98419229870797 28.794349977603375 155.9859412563704
      vertex -439.804629797382 150 154.28498850496752
      vertex -440.3826899847814 150 154.27231810082282
    endloop
  endfacet
  facet normal -0.02190940940102387 0.019482902907936347 0.9995701047320185
    outer loop
      vertex -443.4356185161908 150 154.20540147261428
      vertex -476.25578977333663 28.494917055084386 155.85431149638285
      vertex -440.3826899847814 150 154.27231810082282
    endloop
  endfacet
  facet normal -0.03128670528474107 0.02202282137925137 0.9992678006475157
    outer loop
      vertex -476.40154370540756 28.48677677920858 155.85127540481645
      vertex -443.4356185161908 150 154.20540147261428
      vertex -444.0177910249414 150 154.18717386666685
    endloop
  endfacet
  facet normal -0.03128670539019077 0.022022821412721924 0.9992678006434765
    outer loop
      vertex -447.0924381052277 150 154.0909078033375
      vertex -482.76442067667404 28.104946803050755 155.66047121491127
      vertex -444.0177910249414 150 154.18717386666685
    endloop
  endfacet
  facet normal -0.04036853738059773 0.02468566319019193 0.9988798722682382
    outer loop
      vertex -450.1571064120425 150 153.96705289291484
      vertex -482.90224499342924 28.095885808079572 155.65635568140044
      vertex -447.0924381052277 150 154.0909078033375
    endloop
  endfacet
  facet normal -0.040368537627331745 0.02468566325657972 0.998879872256626
    outer loop
      vertex -483.0391493364026 28.086994294124377 155.65104259489675
      vertex -450.1571064120425 150 153.96705289291484
      vertex -450.73738948016296 150 153.94360144542796
    endloop
  endfacet
  facet normal 0.01845664534918888 0.010813435813239517 0.9997711847459733
    outer loop
      vertex -446.5250643498975 29.239028815465637 155.93971920950486
      vertex -428.9579005242725 150 154.30927421565033
      vertex -429.4576041263395 150 154.31849917862564
    endloop
  endfacet
  facet normal 0.13912154743630628 -0.004389752315479813 0.990265583120779
    outer loop
      vertex -415.9260307450699 150 153.6205736047349
      vertex -425.9006399927589 27.184536003759337 154.47746858383996
      vertex -414.4351016220344 150 153.41111427357154
    endloop
  endfacet
  facet normal 0.1978565671969587 -0.009960573840244288 0.9801803741076478
    outer loop
      vertex -413.2312968228757 150 153.16811748457806
      vertex -423.60000014305115 26.226399660110474 154.0033310648342
      vertex -413.0093537262721 150 153.1233166495817
    endloop
  endfacet
  facet normal 0.19785656592479206 -0.009960573706764559 0.9801803743658002
    outer loop
      vertex -414.4351016220344 150 153.41111427357154
      vertex -425.85540397359006 27.16784392323522 154.46816773845916
      vertex -413.2312968228757 150 153.16811748457806
    endloop
  endfacet
  facet normal 0.287929168083359 -0.017736051141188907 0.9574874550910534
    outer loop
      vertex -413.0093537262721 150 153.1233166495817
      vertex -423.45770791612665 26.141451271561237 153.97097723342392
      vertex -412.1014989987335 150 152.85031270049512
    endloop
  endfacet
  facet normal 0.2879291694443194 -0.017736051269696105 0.957487454679414
    outer loop
      vertex -412.1014989987335 150 152.85031270049512
      vertex -422.40000039339066 25.51000040769577 153.64121385961766
      vertex -411.93411962925325 150 152.79997950542187
    endloop
  endfacet
  facet normal 0.09861625970932276 -0.00011864264568613373 0.9951255293905719
    outer loop
      vertex -418.28935908583657 150 153.86615504384042
      vertex -432.4179954600653 28.56547485377169 155.25181536502924
      vertex -416.5260146811924 150 153.69140881873668
    endloop
  endfacet
  facet normal 0.13912154642101493 -0.004389752231533939 0.9902655832637883
    outer loop
      vertex -416.2009103811532 150 153.65919120459685
      vertex -425.99999964237213 27.221199691295624 154.49159006085253
      vertex -415.9260307450699 150 153.6205736047349
    endloop
  endfacet
  facet normal 0.09861626044436346 -0.00011864274281669076 0.9951255293177182
    outer loop
      vertex -416.5260146811924 150 153.69140881873668
      vertex -429.5999997854233 28.14520013332367 154.97250381112127
      vertex -416.2009103811532 150 153.65919120459685
    endloop
  endfacet
  facet normal 0.09761254171923488 5.3061624911491164e-14 0.9952244931165584
    outer loop
      vertex -432.5047706485456 28.57447487230422 155.26041579990581
      vertex -418.28935908583657 150 153.86615504384042
      vertex -418.32448039549803 150 153.86959977447987
    endloop
  endfacet
  facet normal 0.07002819608408592 0.0032559120167243343 0.99753969885421
    outer loop
      vertex -432.53947017831666 28.578077641344926 155.26381916198224
      vertex -418.32448039549803 150 153.86959977447987
      vertex -418.7060379590839 150 153.89638546322072
    endloop
  endfacet
  facet normal 0.07002819547817057 0.003255912106731184 0.9975396988964522
    outer loop
      vertex -420.7211706364261 150 154.0378496126671
      vertex -436.5723862072184 28.950702229578102 155.54571731792643
      vertex -418.7060379590839 150 153.89638546322072
    endloop
  endfacet
  facet normal 0.04849330452470867 0.006109843898703099 0.9988048203847473
    outer loop
      vertex -423.3957170084385 150 154.16770240185517
      vertex -441.18591249837715 29.177244328198068 155.7705316146706
      vertex -421.146963414603 150 154.05852241933877
    endloop
  endfacet
  facet normal 0.031747811308440406 0.008600515599749337 0.9994589074136776
    outer loop
      vertex -441.3033775357418 29.17929140434813 155.77622217642624
      vertex -423.3957170084385 150 154.16770240185517
      vertex -423.861077159244 150 154.18248456663318
    endloop
  endfacet
  facet normal 0.03174781092340243 0.008600515671322735 0.9994589074252923
    outer loop
      vertex -426.31879923705543 150 154.2605541053095
      vertex -446.2558271009998 29.238187586280983 155.93302992071523
      vertex -423.861077159244 150 154.18248456663318
    endloop
  endfacet
  facet normal 0.018456647598367865 0.0108134354855375 0.999771184707996
    outer loop
      vertex -428.9579005242725 150 154.30927421565033
      vertex -446.38565912347667 29.238518433656342 155.93715118774557
      vertex -426.31879923705543 150 154.2605541053095
    endloop
  endfacet
  facet normal -0.066658516070989 0.033522431066726206 0.997212559513061
    outer loop
      vertex -461.2394008188109 150 153.33064110071533
      vertex -508.3783209459921 25.955465232566336 154.34954513615466
      vertex -458.3854615772143 150 153.5214122186548
    endloop
  endfacet
  facet normal 0.006939177486134519 0.01295103480996195 0.9998920534303526
    outer loop
      vertex -432.7772255466719 150 154.34153710771352
      vertex -451.861533559789 29.189471620785643 156.0387710772506
      vertex -429.4576041263395 150 154.31849917862564
    endloop
  endfacet
  facet normal -0.003225959070124208 0.015043223873278083 0.9998816402972786
    outer loop
      vertex -457.6633992677128 29.096371694487228 156.0802414701003
      vertex -432.7772255466719 150 154.34153710771352
      vertex -433.32838884541496 150 154.33975886699878
    endloop
  endfacet
  facet normal 0.43721583107420176 -0.029664073432146634 0.8988672648425391
    outer loop
      vertex -411.93411962925325 150 152.79997950542187
      vertex -420.6000003218651 23.72560006380081 152.8478699541969
      vertex -411.82238875268825 150 152.74563276262157
    endloop
  endfacet
  facet normal -0.11314941281884232 0.060704296162499456 -0.9917218353984986
    outer loop
      vertex -496.98163771472406 27.047179381207627 145.65653667844012
      vertex -454.9387526038502 150 148.38576636436795
      vertex -492.00000017881393 27.47560006380081 145.11438628215464
    endloop
  endfacet
  facet normal -0.09771944350726647 0.05580082528554463 -0.9936484178310164
    outer loop
      vertex -490.7890647592453 27.56981083789144 144.98199267311318
      vertex -451.5060334775065 150 147.99411404851293
      vertex -490.6703071057279 27.579050183182904 144.97083241912134
    endloop
  endfacet
  facet normal -0.11314941281883756 0.06070429616249776 -0.9917218353984992
    outer loop
      vertex -492.00000017881393 27.47560006380081 145.11438628215464
      vertex -451.5060334775065 150 147.99411404851293
      vertex -490.7890647592453 27.56981083789144 144.98199267311318
    endloop
  endfacet
  facet normal -0.14578269272496858 0.07234427623044835 -0.9866679847844207
    outer loop
      vertex -510 25.79199981689453 147.31612056103026
      vertex -461.5786934295403 150 149.26890452472227
      vertex -509.0805368329707 25.884681798832876 147.18706316035272
    endloop
  endfacet
  facet normal -0.14745137412605352 0.07301093562405177 -0.986370871197867
    outer loop
      vertex -522.0000001788139 24.463600039482117 149.00359014552134
      vertex -476.0473325267168 150 151.42635636430765
      vertex -515.9999996423721 25.14759999513626 148.15728692276647
    endloop
  endfacet
  facet normal -0.14745137399361427 0.07301093558320326 -0.9863708712206889
    outer loop
      vertex -515.1112190980646 25.24305500488149 148.031489764105
      vertex -476.0473325267168 150 151.42635636430765
      vertex -514.8564372817337 25.270418566017618 147.99542818653316
    endloop
  endfacet
  facet normal -0.14745137412603143 0.0730109356240448 -0.9863708711978709
    outer loop
      vertex -515.9999996423721 25.14759999513626 148.15728692276647
      vertex -476.0473325267168 150 151.42635636430765
      vertex -515.1112190980646 25.24305500488149 148.031489764105
    endloop
  endfacet
  facet normal -0.1457826929388342 0.07234427632042335 -0.9866679847462244
    outer loop
      vertex -514.8564372817337 25.270418566017618 147.99542818653316
      vertex -464.7161018550396 150 149.73246456323457
      vertex -514.7963925697783 25.276867366682275 147.98702926600822
    endloop
  endfacet
  facet normal -0.145782692724978 0.07234427623045198 -0.9866679847844191
    outer loop
      vertex -514.7963925697783 25.276867366682275 147.98702926600822
      vertex -462.0781747116042 150 149.342704148697
      vertex -510 25.79199981689453 147.31612056103026
    endloop
  endfacet
  facet normal -0.13730249795464775 0.06912296791486304 -0.9881143857681937
    outer loop
      vertex -504.00000035762787 26.3968003988266 146.51692698887754
      vertex -461.05798358071064 150 149.19654978119902
      vertex -503.1889683425877 26.472875177594215 146.40955257087245
    endloop
  endfacet
  facet normal -0.13730249667889188 0.06912296748442416 -0.9881143859755762
    outer loop
      vertex -503.1889683425877 26.472875177594215 146.40955257087245
      vertex -461.05798358071064 150 149.19654978119902
      vertex -503.1002601320967 26.481196005086634 146.39780828432745
    endloop
  endfacet
  facet normal -0.07252806391893746 0.03575263199849366 0.9967253529680836
    outer loop
      vertex -464.48222764062564 150 153.09467243749117
      vertex -514.4248373651734 25.316772386997588 153.93293019863222
      vertex -510 25.79199981689453 154.23786300176644
    endloop
  endfacet
  facet normal 0.04763190649653399 0.020250099868191786 -0.9986596692261251
    outer loop
      vertex -428.81178663897197 150 147.28903160071266
      vertex -455.0311178444841 29.233210458050674 143.5896569336343
      vertex -431.3593176101734 150 147.16752498463862
    endloop
  endfacet
  facet normal 0.02154553819991865 0.025415715302953442 -0.9994447614547365
    outer loop
      vertex -431.3593176101734 150 147.16752498463862
      vertex -455.1660088935805 29.2313982810795 143.58318644643876
      vertex -434.0277683325112 150 147.10999983748687
    endloop
  endfacet
  facet normal 0.021545537666238054 0.025415715397252955 -0.9994447614638432
    outer loop
      vertex -434.0277683325112 150 147.10999983748687
      vertex -455.30722477084765 29.2295011339933 143.5800939399316
      vertex -434.533029136381 150 147.09910767405694
    endloop
  endfacet
  facet normal -0.09771944266765813 0.05580082499921388 -0.9936484179296666
    outer loop
      vertex -448.04887995829006 150 147.65412345275814
      vertex -485.99999964237213 27.942400097846985 144.53194014139538
      vertex -448.59926525676354 150 147.708250590334
    endloop
  endfacet
  facet normal -0.11314941281884719 0.06070429616250092 -0.991721835398498
    outer loop
      vertex -451.5060334775065 150 147.99411404851293
      vertex -492.00000017881393 27.47560006380081 145.11438628215464
      vertex -454.9387526038502 150 148.38576636436795
    endloop
  endfacet
  facet normal -0.07321112506413685 0.03602583432374802 0.9966655760224294
    outer loop
      vertex -466.66498546847805 150 152.93433565034397
      vertex -522.0000001788139 24.463600039482117 153.4073276704702
      vertex -515.9999996423721 25.14759999513626 153.82333995237644
    endloop
  endfacet
  facet normal -0.07321112506413395 0.03602583432374692 0.9966655760224298
    outer loop
      vertex -466.66498546847805 150 152.93433565034397
      vertex -515.9999996423721 25.14759999513626 153.82333995237644
      vertex -514.4248373651734 25.316772386997588 153.93293019863222
    endloop
  endfacet
  facet normal -0.04982179695156534 0.027668186948866916 0.9983748093674437
    outer loop
      vertex -451.3097812658442 150 153.9150374361447
      vertex -495.77620138473657 27.141254721830503 155.10084638006552
      vertex -491.8898842705119 27.457866185635734 155.286010544114
    endloop
  endfacet
  facet normal -0.04982179695157292 0.027668186948869394 0.9983748093674433
    outer loop
      vertex -451.3097812658442 150 153.9150374361447
      vertex -491.8898842705119 27.457866185635734 155.286010544114
      vertex -489.42055055710796 27.639110598834908 155.40421458678392
    endloop
  endfacet
  facet normal -0.14745137399367 0.07301093558322035 -0.9863708712206792
    outer loop
      vertex -464.7161018550396 150 149.73246456323457
      vertex -514.8564372817337 25.270418566017618 147.99542818653316
      vertex -476.0473325267168 150 151.42635636430765
    endloop
  endfacet
  facet normal -0.13730249795463256 0.06912296791485781 -0.9881143857681962
    outer loop
      vertex -461.05798358071064 150 149.19654978119902
      vertex -504.00000035762787 26.3968003988266 146.51692698887754
      vertex -461.5786934295403 150 149.26890452472227
    endloop
  endfacet
  facet normal -0.14578269272497296 0.07234427623045005 -0.98666798478442
    outer loop
      vertex -461.5786934295403 150 149.26890452472227
      vertex -510 25.79199981689453 147.31612056103026
      vertex -462.0781747116042 150 149.342704148697
    endloop
  endfacet
  facet normal -0.1457826929385291 0.07234427632030162 -0.9866679847462786
    outer loop
      vertex -462.0781747116042 150 149.342704148697
      vertex -514.7963925697783 25.276867366682275 147.98702926600822
      vertex -464.7161018550396 150 149.73246456323457
    endloop
  endfacet
  facet normal 0.0476319077859612 0.020250099586540414 -0.998659669170336
    outer loop
      vertex -428.32942152249495 150 147.31203840819322
      vertex -450 29.300800383090973 143.83099084485747
      vertex -428.81178663897197 150 147.28903160071266
    endloop
  endfacet
  facet normal -0.07252806391893502 0.03575263199849273 0.9967253529680838
    outer loop
      vertex -464.48222764062564 150 153.09467243749117
      vertex -510 25.79199981689453 154.23786300176644
      vertex -508.5352446356264 25.939647308488553 154.3391517709944
    endloop
  endfacet
  facet normal -0.07252806323798794 0.035752631754427125 0.9967253530263884
    outer loop
      vertex -463.9659635532381 150 153.13223908974655
      vertex -508.5352446356264 25.939647308488553 154.3391517709944
      vertex -508.45875359857706 25.947357612901463 154.34444117502315
    endloop
  endfacet
  facet normal -0.06665851607061703 0.03352243106658568 0.9972125595130906
    outer loop
      vertex -461.2394008188109 150 153.33064110071533
      vertex -508.45875359857706 25.947357612901463 154.34444117502315
      vertex -508.3783209459921 25.955465232566336 154.34954513615466
    endloop
  endfacet
  facet normal -0.14745137412605136 0.0730109356240509 -0.9863708711978676
    outer loop
      vertex -476.0473325267168 150 151.42635636430765
      vertex -539.1943937622165 22.5 151.42861379018555
      vertex -478.19285714240476 150 151.74708821278597
    endloop
  endfacet
  facet normal -0.8998446891900029 0.4362104255248227 0
    outer loop
      vertex -540 22.5 152.15609562397003
      vertex -478.19285714240476 150 152.08754363137163
      vertex -478.19285714240476 150 151.74708821278597
    endloop
  endfacet
  facet normal -0.07321112510868415 0.036025834349396095 0.9966655760182301
    outer loop
      vertex -478.19285714240476 150 152.08754363137163
      vertex -540 22.5 152.15609562397003
      vertex -466.66498546847805 150 152.93433565034397
    endloop
  endfacet
  facet normal -0.07321112506414808 0.03602583432375229 0.9966655760224284
    outer loop
      vertex -514.4248373651734 25.316772386997588 153.93293019863222
      vertex -464.48222764062564 150 153.09467243749117
      vertex -466.66498546847805 150 152.93433565034397
    endloop
  endfacet
  facet normal -0.06665851595580381 0.033522431020366165 0.997212559522319
    outer loop
      vertex -458.3854615772143 150 153.5214122186548
      vertex -504.00000035762787 26.3968003988266 154.62737730191083
      vertex -502.25783577786257 26.560215384332274 154.7383386378888
    endloop
  endfacet
  facet normal -0.07252806391889383 0.03575263199847847 0.9967253529680873
    outer loop
      vertex -508.5352446356264 25.939647308488553 154.3391517709944
      vertex -463.9659635532381 150 153.13223908974655
      vertex -464.48222764062564 150 153.09467243749117
    endloop
  endfacet
  facet normal -0.07252806323766815 0.03575263175431219 0.9967253530264157
    outer loop
      vertex -463.9659635532381 150 153.13223908974655
      vertex -508.45875359857706 25.947357612901463 154.34444117502315
      vertex -461.2394008188109 150 153.33064110071533
    endloop
  endfacet
  facet normal -0.06665851595581744 0.03352243102037116 0.997212559522318
    outer loop
      vertex -458.3854615772143 150 153.5214122186548
      vertex -508.3783209459921 25.955465232566336 154.34954513615466
      vertex -504.00000035762787 26.3968003988266 154.62737730191083
    endloop
  endfacet
  facet normal -0.05870605247368335 0.03066686145266742 0.9978041606505758
    outer loop
      vertex -497.58311970473284 26.995451705392977 155
      vertex -495.99944589698134 27.123158597651212 155.08925084861298
      vertex -497.5831195722388 26.99545195902841 155
    endloop
  endfacet
  facet normal -0.09771944350712915 0.055800825285501086 -0.9936484178310324
    outer loop
      vertex -448.59926525676354 150 147.708250590334
      vertex -490.6703071057279 27.579050183182904 144.97083241912134
      vertex -451.5060334775065 150 147.99411404851293
    endloop
  endfacet
  facet normal 0.07624072747854271 0.0150944130188999 -0.9969751803175229
    outer loop
      vertex -427.8745089749406 150 147.34682649946106
      vertex -447.00000017881393 29.319999635219574 144.05714066159476
      vertex -428.32942152249495 150 147.31203840819322
    endloop
  endfacet
  facet normal -0.058706051577856584 0.030666850062102076 0.9978041610533634
    outer loop
      vertex -457.84507924198573 150 153.55753399045872
      vertex -502.25783577786257 26.560215384332274 154.7383386378888
      vertex -497.99999982118607 26.959600269794464 154.97657462663454
    endloop
  endfacet
  facet normal -0.05870605157786251 0.030666850062104057 0.9978041610533631
    outer loop
      vertex -457.84507924198573 150 153.55753399045872
      vertex -497.99999982118607 26.959600269794464 154.97657462663454
      vertex -497.5831195722388 26.99545195902841 155
    endloop
  endfacet
  facet normal -0.05870605157785367 0.030666850062101177 0.9978041610533637
    outer loop
      vertex -457.84507924198573 150 153.55753399045872
      vertex -497.5831195722388 26.99545195902841 155
      vertex -495.99944589698134 27.123158597651212 155.08925084861298
    endloop
  endfacet
  facet normal -0.04982179695154348 0.02766818694886021 0.9983748093674449
    outer loop
      vertex -489.42055055710796 27.639110598834908 155.40421458678392
      vertex -450.73738948016296 150 153.94360144542796
      vertex -451.3097812658442 150 153.9150374361447
    endloop
  endfacet
  facet normal -0.04982179814316759 0.027668187379455884 0.9983748092960463
    outer loop
      vertex -454.33277308328877 150 153.76418137816447
      vertex -495.77620138473657 27.141254721830503 155.10084638006552
      vertex -451.3097812658442 150 153.9150374361447
    endloop
  endfacet
  facet normal -0.058706050503306094 0.030666849724452442 0.9978041611269625
    outer loop
      vertex -457.2859135407156 150 153.5904326410964
      vertex -495.88936240066283 27.13203569162882 155.09545480629188
      vertex -454.33277308328877 150 153.76418137816447
    endloop
  endfacet
  facet normal -0.05870605157785239 0.0306668500621009 0.9978041610533637
    outer loop
      vertex -495.99944589698134 27.123158597651212 155.08925084861298
      vertex -457.2859135407156 150 153.5904326410964
      vertex -457.84507924198573 150 153.55753399045872
    endloop
  endfacet
  facet normal -0.06665851595580281 0.03352243102036566 0.9972125595223192
    outer loop
      vertex -502.25783577786257 26.560215384332274 154.7383386378888
      vertex -457.84507924198573 150 153.55753399045872
      vertex -458.3854615772143 150 153.5214122186548
    endloop
  endfacet
  facet normal 0.46417309969889764 -0.029633744324861093 -0.8852486513478607
    outer loop
      vertex -423.8740004237222 26.352439907623925 148.67480607333928
      vertex -413.2400097395054 150 150.11154617337243
      vertex -413.0751253391376 150 150.19800199919513
    endloop
  endfacet
  facet normal 0.3704849102973462 -0.021072612061999108 -0.9285994164669994
    outer loop
      vertex -423.9099105374714 26.368958575466518 148.66010409689147
      vertex -414.38438931443864 150 149.6549710811994
      vertex -413.2400097395054 150 150.11154617337243
    endloop
  endfacet
  facet normal 0.3704849089645376 -0.02107261195501209 -0.9285994170011802
    outer loop
      vertex -426.1735938370824 27.273972312001735 147.73642108701554
      vertex -414.5953762999177 150 149.57079324016613
      vertex -414.38438931443864 150 149.6549710811994
    endloop
  endfacet
  facet normal 0.2966773573269123 -0.013716658896248457 -0.9548792588166546
    outer loop
      vertex -426.22726698013327 27.290288943010356 147.7195106601186
      vertex -415.9815757573715 150 149.14010633606995
      vertex -414.5953762999177 150 149.57079324016613
    endloop
  endfacet
  facet normal -0.05870605050343655 0.03066684972449256 0.9978041611269535
    outer loop
      vertex -457.2859135407156 150 153.5904326410964
      vertex -495.99944589698134 27.123158597651212 155.08925084861298
      vertex -495.88936240066283 27.13203569162882 155.09545480629188
    endloop
  endfacet
  facet normal -0.04982179814300776 0.027668187379401635 0.9983748092960557
    outer loop
      vertex -454.33277308328877 150 153.76418137816447
      vertex -495.88936240066283 27.13203569162882 155.09545480629188
      vertex -495.77620138473657 27.141254721830503 155.10084638006552
    endloop
  endfacet
  facet normal 0.29667735551053703 -0.013716658738026622 -0.9548792593832683
    outer loop
      vertex -428.97923004142837 28.000560663182867 146.85428328171832
      vertex -416.2371465935239 150 149.0607014489387
      vertex -415.9815757573715 150 149.14010633606995
    endloop
  endfacet
  facet normal 0.23588685748495536 -0.00706226554774543 -0.9717548635696172
    outer loop
      vertex -416.2371465935239 150 149.0607014489387
      vertex -432.00000017881393 28.544800102710724 146.11705667736257
      vertex -416.53610806135197 150 148.9881305940875
    endloop
  endfacet
  facet normal 0.23588685659071884 -0.007062265427196672 -0.971754863787563
    outer loop
      vertex -416.53610806135197 150 148.9881305940875
      vertex -432.1947406478073 28.56707843098189 146.0696228497027
      vertex -418.15765545972755 150 148.59451103747955
    endloop
  endfacet
  facet normal 0.1859732001643284 -0.001032980504530778 -0.9825542742118198
    outer loop
      vertex -418.15765545972755 150 148.59451103747955
      vertex -435 28.88800036907196 145.53399982006775
      vertex -418.49751259011884 150 148.53018449614092
    endloop
  endfacet
  facet normal 0.1859731988528269 -0.0010329803090036722 -0.9825542744602601
    outer loop
      vertex -418.49751259011884 150 148.53018449614092
      vertex -435.9419169160571 28.957325284318458 145.3556453830117
      vertex -420.3408753787407 150 148.18128155677445
    endloop
  endfacet
  facet normal 0.17826713135574412 4.0486583523879254e-14 -0.9839821288408616
    outer loop
      vertex -420.3408753787407 150 148.18128155677445
      vertex -436.0770020345103 28.967267524688275 145.33038205834129
      vertex -420.37978357688655 150 148.17423259453582
    endloop
  endfacet
  facet normal 0.14416079313713887 0.004554067181119673 -0.9895437970065706
    outer loop
      vertex -420.37978357688655 150 148.17423259453582
      vertex -437.99999982118607 29.108799815177917 145.05088322321592
      vertex -420.76734282262623 150 148.11777137632347
    endloop
  endfacet
  facet normal 0.14416079233857554 0.0045540673126892965 -0.989543797122303
    outer loop
      vertex -420.76734282262623 150 148.11777137632347
      vertex -440.1791374584422 29.203810661154233 144.73385478514652
      vertex -422.81417238805443 150 147.81958086389517
    endloop
  endfacet
  facet normal 0.10810433747931585 0.009886191805597655 -0.9940903960051828
    outer loop
      vertex -422.81417238805443 150 147.81958086389517
      vertex -440.28608306136607 29.208473511280594 144.71829597110914
      vertex -425.0488387535193 150 147.57656762496168
    endloop
  endfacet
  facet normal 0.10810433708573108 0.009886191856634644 -0.9940903960474763
    outer loop
      vertex -425.0488387535193 150 147.57656762496168
      vertex -444.00000035762787 29.30439990758896 144.31537263316628
      vertex -425.4719641706241 150 147.5305540100006
    endloop
  endfacet
  facet normal 0.07624072924519079 0.015094412764400808 -0.996975180186277
    outer loop
      vertex -425.4719641706241 150 147.5305540100006
      vertex -444.89938979373795 29.309076651280105 144.21761325034396
      vertex -427.8745089749406 150 147.34682649946106
    endloop
  endfacet
  facet normal 5.349141109267023e-18 -0.074789948241634 -0.9971993098884565
    outer loop
      vertex -440.99999964237213 29.23960041999817 153.34452996850013
      vertex -444.00000035762787 29.30439990758896 153.33967000693082
      vertex -439.9 52.5 151.6
    endloop
  endfacet
  facet normal 5.715482550485284e-15 -0.07478994824163424 -0.9971993098884563
    outer loop
      vertex -439.9 29.19164021096474 153.34812698417764
      vertex -440.99999964237213 29.23960041999817 153.34452996850013
      vertex -439.9 52.5 151.6
    endloop
  endfacet
  facet normal 1 0 0
    outer loop
      vertex -480.1 52.5 151.6
      vertex -480.1 28.345960422942635 153.4115529682793
      vertex -480.1 52.5 148.4
    endloop
  endfacet
  facet normal -1 0 0
    outer loop
      vertex -439.9 29.19164021096474 146.65187301582236
      vertex -439.9 29.19164021096474 153.34812698417764
      vertex -439.9 52.5 151.6
    endloop
  endfacet
  facet normal -1.3481643885573705e-17 -0.07478994824163399 0.9971993098884564
    outer loop
      vertex -480 28.35280042886734 146.58896003216506
      vertex -473.8800001144409 28.705600321292877 146.61542002409698
      vertex -480.1 52.5 148.4
    endloop
  endfacet
  facet normal -4.400212582365e-14 -0.07478994824163417 0.9971993098884564
    outer loop
      vertex -480.1 52.5 148.4
      vertex -480.1 28.345960422942635 146.5884470317207
      vertex -480 28.35280042886734 146.58896003216506
    endloop
  endfacet
  facet normal 1 0 0
    outer loop
      vertex -480.1 52.5 148.4
      vertex -480.1 28.345960422942635 153.4115529682793
      vertex -480.1 28.345960422942635 146.5884470317207
    endloop
  endfacet
  facet normal -1 0 0
    outer loop
      vertex -439.9 29.19164021096474 146.65187301582236
      vertex -439.9 52.5 151.6
      vertex -439.9 52.5 148.4
    endloop
  endfacet
  facet normal 5.392657554229482e-17 -0.07478994824163517 -0.9971993098884564
    outer loop
      vertex -473.8800001144409 28.705600321292877 153.38457997590305
      vertex -480 28.35280042886734 153.41103996783497
      vertex -480.1 52.5 151.6
    endloop
  endfacet
  facet normal 2.4001784570369084e-13 -0.07478994824163417 -0.9971993098884564
    outer loop
      vertex -480 28.35280042886734 153.41103996783497
      vertex -480.1 28.345960422942635 153.4115529682793
      vertex -480.1 52.5 151.6
    endloop
  endfacet
  facet normal -2.0173942374817074e-14 -0.07478994824163424 0.9971993098884563
    outer loop
      vertex -439.9 52.5 148.4
      vertex -440.99999964237213 29.23960041999817 146.65547003149985
      vertex -439.9 29.19164021096474 146.65187301582236
    endloop
  endfacet
  facet normal 0 -0.0747899482416352 0.9971993098884563
    outer loop
      vertex -439.9 52.5 148.4
      vertex -444.00000035762787 29.30439990758896 146.66032999306915
      vertex -440.99999964237213 29.23960041999817 146.65547003149985
    endloop
  endfacet
  facet normal -4.628674206228477e-15 -0.07478994824163639 -0.9971993098884563
    outer loop
      vertex -473.8800001144409 28.705600321292877 153.38457997590305
      vertex -480.1 52.5 151.6
      vertex -467.8799995779991 28.969600319862366 153.3647799760103
    endloop
  endfacet
  facet normal 0 -0.074789948241634 -0.9971993098884563
    outer loop
      vertex -467.8799995779991 28.969600319862366 153.3647799760103
      vertex -480.1 52.5 151.6
      vertex -439.9 52.5 151.6
    endloop
  endfacet
  facet normal 4.882855396385889e-15 -0.07478994824163976 -0.997199309888456
    outer loop
      vertex -461.879999935627 29.141200006008148 153.3519099995494
      vertex -467.8799995779991 28.969600319862366 153.3647799760103
      vertex -439.9 52.5 151.6
    endloop
  endfacet
  facet normal 1.3132084647926256e-17 -0.07478994824163522 -0.9971993098884564
    outer loop
      vertex -450 29.300800383090973 153.3399399712682
      vertex -461.879999935627 29.141200006008148 153.3519099995494
      vertex -439.9 52.5 151.6
    endloop
  endfacet
  facet normal 6.28102111026024e-18 -0.07478994824163522 -0.9971993098884565
    outer loop
      vertex -447.00000017881393 29.319999635219574 153.33850002735855
      vertex -450 29.300800383090973 153.3399399712682
      vertex -439.9 52.5 151.6
    endloop
  endfacet
  facet normal -9.437385742052846e-15 -0.0747899482416323 -0.9971993098884564
    outer loop
      vertex -444.00000035762787 29.30439990758896 153.33967000693082
      vertex -447.00000017881393 29.319999635219574 153.33850002735855
      vertex -439.9 52.5 151.6
    endloop
  endfacet
  facet normal 0 -1 0
    outer loop
      vertex -439.9 52.5 151.6
      vertex -480.1 52.5 151.6
      vertex -439.9 52.5 148.4
    endloop
  endfacet
  facet normal 9.46083118223058e-15 -0.07478994824163686 0.9971993098884562
    outer loop
      vertex -439.9 52.5 148.4
      vertex -447.00000017881393 29.319999635219574 146.66149997264148
      vertex -444.00000035762787 29.30439990758896 146.66032999306915
    endloop
  endfacet
  facet normal 2.4308498843669025e-15 -0.07478994824163626 0.9971993098884563
    outer loop
      vertex -439.9 52.5 148.4
      vertex -461.879999935627 29.141200006008148 146.64809000045062
      vertex -450 29.300800383090973 146.6600600287318
    endloop
  endfacet
  facet normal 0 -1 0
    outer loop
      vertex -439.9 52.5 148.4
      vertex -480.1 52.5 151.6
      vertex -480.1 52.5 148.4
    endloop
  endfacet
  facet normal 0 -0.07478994824163399 0.9971993098884564
    outer loop
      vertex -439.9 52.5 148.4
      vertex -480.1 52.5 148.4
      vertex -461.879999935627 29.141200006008148 146.64809000045062
    endloop
  endfacet
  facet normal -4.648538805038439e-15 -0.07478994824163762 0.9971993098884561
    outer loop
      vertex -480.1 52.5 148.4
      vertex -467.8799995779991 28.969600319862366 146.63522002398966
      vertex -461.879999935627 29.141200006008148 146.64809000045062
    endloop
  endfacet
  facet normal 4.6612570060238745e-15 -0.07478994824163278 0.9971993098884565
    outer loop
      vertex -480.1 52.5 148.4
      vertex -473.8800001144409 28.705600321292877 146.61542002409698
      vertex -467.8799995779991 28.969600319862366 146.63522002398966
    endloop
  endfacet
  facet normal -9.49451114876672e-15 -0.07478994824163113 0.9971993098884567
    outer loop
      vertex -439.9 52.5 148.4
      vertex -450 29.300800383090973 146.6600600287318
      vertex -447.00000017881393 29.319999635219574 146.66149997264148
    endloop
  endfacet
  facet normal -0.7861471133624893 -0.6180394131055278 0
    outer loop
      vertex -420.6000003218651 23.72560006380081 150.90067258876803
      vertex -421.1999997496605 24.488800287246704 153.16490105220814
      vertex -421.1999997496605 24.488800287246704 150.32383539786602
    endloop
  endfacet
  facet normal -0.2908569517460175 -0.9567665512657803 0
    outer loop
      vertex -425.99999964237213 27.221199691295624 147.80687782560932
      vertex -427.2000002861023 27.58599978685379 154.66179422642594
      vertex -427.2000002861023 27.58599978685379 147.41303829024935
    endloop
  endfacet
  facet normal -0.6480902805406541 -0.7615635155840492 0
    outer loop
      vertex -421.1999997496605 24.488800287246704 150.32383539786602
      vertex -421.1999997496605 24.488800287246704 153.16490105220814
      vertex -422.11655597870396 25.268789311742594 149.63258337014489
    endloop
  endfacet
  facet normal -0.6480902805394054 -0.7615635155851118 -2.8700085496545456e-12
    outer loop
      vertex -421.1999997496605 24.488800287246704 150.32383539786602
      vertex -422.11655597870396 25.268789311742594 149.63258337014489
      vertex -422.08216828269826 25.239525394688513 149.65453240105515
    endloop
  endfacet
  facet normal -0.5126001541389253 -0.8586274407312814 0
    outer loop
      vertex -422.40000039339066 25.51000040769577 149.47588698852138
      vertex -423.60000014305115 26.226399660110474 154.0033310648342
      vertex -423.60000014305115 26.226399660110474 148.82269514819706
    endloop
  endfacet
  facet normal -0.41790593225763717 -0.908490303626778 3.518872274047136e-15
    outer loop
      vertex -423.60000014305115 26.226399660110474 148.82269514819706
      vertex -424.79999989271164 26.77840006351471 154.25116919575393
      vertex -423.9099105374714 26.368958575466518 148.66010409689147
    endloop
  endfacet
  facet normal -0.6480902805406502 -0.7615635155840524 0
    outer loop
      vertex -422.11655597870396 25.268789311742594 149.63258337014489
      vertex -422.40000039339066 25.51000040769577 153.64121385961766
      vertex -422.40000039339066 25.51000040769577 149.47588698852138
    endloop
  endfacet
  facet normal -0.78614711336258 -0.6180394131054125 2.4687502309226984e-13
    outer loop
      vertex -420.6000003218651 23.72560006380081 150.90067258876803
      vertex -421.1999997496605 24.488800287246704 150.32383539786602
      vertex -420.8458654050505 24.038340839428077 150.59979378845603
    endloop
  endfacet
  facet normal -0.41790593225765543 -0.9084903036267695 0
    outer loop
      vertex -423.9099105374714 26.368958575466518 148.66010409689147
      vertex -424.79999989271164 26.77840006351471 154.25116919575393
      vertex -424.79999989271164 26.77840006351471 148.29569219963318
    endloop
  endfacet
  facet normal 0.10678586811371199 -0.9942820416618219 8.064190583346779e-11
    outer loop
      vertex -514.7963925697783 25.276867366682275 147.98702926600822
      vertex -515.1112190980646 25.24305500488149 148.031489764105
      vertex -514.8564372817337 25.270418566017618 147.99542818653316
    endloop
  endfacet
  facet normal -0.3461833576125617 -0.9381668737021647 0
    outer loop
      vertex -424.79999989271164 26.77840006351471 148.29569219963318
      vertex -425.99999964237213 27.221199691295624 154.49159006085253
      vertex -425.99999964237213 27.221199691295624 147.80687782560932
    endloop
  endfacet
  facet normal -0.944532185178196 -0.32841886541808435 0
    outer loop
      vertex -420.0695410639408 22.2 152.2378172461922
      vertex -420.51843402603146 23.491015514150984 152.7989121173121
      vertex -420.0695410639408 22.2 152.01987940036406
    endloop
  endfacet
  facet normal -0.3461833576122939 -0.9381668737022634 1.4457170830548117e-12
    outer loop
      vertex -425.9006399927589 27.184536003759337 154.47746858383996
      vertex -425.9570885910388 27.20536552336063 154.48549133340393
      vertex -425.85540397359006 27.16784392323522 154.46816773845916
    endloop
  endfacet
  facet normal -0.5126001541381808 -0.8586274407317258 4.728020175100016e-12
    outer loop
      vertex -423.60000014305115 26.226399660110474 154.0033310648342
      vertex -423.45770791612665 26.141451271561237 153.97097723342392
      vertex -423.4843609842788 26.15736313996302 153.97928690830202
    endloop
  endfacet
  facet normal -0.6480902805406459 -0.7615635155840561 3.0731700142645826e-14
    outer loop
      vertex -422.40000039339066 25.51000040769577 153.64121385961766
      vertex -421.1999997496605 24.488800287246704 153.16490105220814
      vertex -421.68754059816047 24.903697375688576 153.41573688056303
    endloop
  endfacet
  facet normal 0 0 -1
    outer loop
      vertex -429.8774051497997 28.191387957441645 155
      vertex -432.00000017881393 28.544800102710724 155
      vertex -429.87740514960984 28.191388115351515 155
    endloop
  endfacet
  facet normal 0 0 -1
    outer loop
      vertex -432 28.5448 155
      vertex -432.00000017881393 28.544800102710724 155
      vertex -429.8774051497997 28.191387957441645 155
    endloop
  endfacet
  facet normal 0 0 -1
    outer loop
      vertex -432 28.5448 155
      vertex -435 28.88800036907196 155
      vertex -432.00000017881393 28.544800102710724 155
    endloop
  endfacet
  facet normal 0 0 -1
    outer loop
      vertex -435 28.887999999999998 155
      vertex -435 28.88800036907196 155
      vertex -432 28.5448 155
    endloop
  endfacet
  facet normal 0 0 -1
    outer loop
      vertex -435 28.887999999999998 155
      vertex -437.0476189234596 29.038704752766627 155
      vertex -435 28.88800036907196 155
    endloop
  endfacet
  facet normal 0 0 -1
    outer loop
      vertex -441 29.2396 155
      vertex -440.99999964237213 29.23960041999817 155
      vertex -438.86689994488586 29.146596837597023 155
    endloop
  endfacet
  facet normal 0 0 -1
    outer loop
      vertex -441 29.2396 155
      vertex -443.4308945293372 29.292107321833683 155
      vertex -440.99999964237213 29.23960041999817 155
    endloop
  endfacet
  facet normal -0.04355882168634289 -0.9990508640971676 -1.4558671732781687e-16
    outer loop
      vertex -438.86689994488586 29.146596837597023 155
      vertex -440.99999964237213 29.23960041999817 155
      vertex -439.9 29.19164021096474 153.34812698417764
    endloop
  endfacet
  facet normal -0.021594787084704786 -0.9997668053955215 0
    outer loop
      vertex -440.99999964237213 29.23960041999817 155
      vertex -443.4308945293372 29.292107321833683 155
      vertex -440.99999964237213 29.23960041999817 153.34452996850013
    endloop
  endfacet
  facet normal -0.02159478708470641 -0.9997668053955213 -2.385720782854976e-15
    outer loop
      vertex -443.4308945293372 29.292107321833683 155
      vertex -444.00000035762787 29.30439990758896 155
      vertex -440.99999964237213 29.23960041999817 153.34452996850013
    endloop
  endfacet
  facet normal -0.043558821686342675 -0.9990508640971676 0
    outer loop
      vertex -439.9 29.19164021096474 153.34812698417764
      vertex -440.99999964237213 29.23960041999817 155
      vertex -440.99999964237213 29.23960041999817 153.34452996850013
    endloop
  endfacet
  facet normal -0.021594787084705094 -0.9997668053955213 0
    outer loop
      vertex -440.99999964237213 29.23960041999817 153.34452996850013
      vertex -444.00000035762787 29.30439990758896 155
      vertex -444.00000035762787 29.30439990758896 153.33967000693082
    endloop
  endfacet
  facet normal -0.9445321851781993 -0.32841886541807563 9.66159314270598e-15
    outer loop
      vertex -420.1652162611043 22.475161729607585 151.48795357989698
      vertex -420.51843402603146 23.491015514150984 152.7989121173121
      vertex -420.6000003218651 23.72560006380081 150.90067258876803
    endloop
  endfacet
  facet normal -0.7861471133624893 -0.6180394131055279 0
    outer loop
      vertex -421.1999997496605 24.488800287246704 153.16490105220814
      vertex -420.6000003218651 23.72560006380081 150.90067258876803
      vertex -420.6000003218651 23.72560006380081 152.8478699541969
    endloop
  endfacet
  facet normal -0.9445321851781916 -0.3284188654180975 0
    outer loop
      vertex -420.6000003218651 23.72560006380081 152.8478699541969
      vertex -420.6000003218651 23.72560006380081 150.90067258876803
      vertex -420.5258766082917 23.51242037004034 152.8047803450442
    endloop
  endfacet
  facet normal -0.9445321851786073 -0.3284188654169018 1.5005549734729228e-13
    outer loop
      vertex -420.5258766082917 23.51242037004034 152.8047803450442
      vertex -420.6000003218651 23.72560006380081 150.90067258876803
      vertex -420.52073978446754 23.497646872100894 152.80179420575428
    endloop
  endfacet
  facet normal -0.9445321851767327 -0.32841886542229337 -5.745690293824795e-13
    outer loop
      vertex -420.51843402603146 23.491015514150984 152.7989121173121
      vertex -420.52073978446754 23.497646872100894 152.80179420575428
      vertex -420.6000003218651 23.72560006380081 150.90067258876803
    endloop
  endfacet
  facet normal -0.5126001541389188 -0.8586274407312852 0
    outer loop
      vertex -423.45770791612665 26.141451271561237 153.97097723342392
      vertex -422.40000039339066 25.51000040769577 149.47588698852138
      vertex -422.40000039339066 25.51000040769577 153.64121385961766
    endloop
  endfacet
  facet normal -0.6480902805406532 -0.7615635155840498 -3.797706842711442e-16
    outer loop
      vertex -421.1999997496605 24.488800287246704 153.16490105220814
      vertex -422.40000039339066 25.51000040769577 153.64121385961766
      vertex -422.11655597870396 25.268789311742594 149.63258337014489
    endloop
  endfacet
  facet normal -0.4179059322576502 -0.908490303626772 0
    outer loop
      vertex -424.79999989271164 26.77840006351471 154.25116919575393
      vertex -423.60000014305115 26.226399660110474 148.82269514819706
      vertex -423.60000014305115 26.226399660110474 154.0033310648342
    endloop
  endfacet
  facet normal -0.346183357612567 -0.9381668737021626 0
    outer loop
      vertex -424.79999989271164 26.77840006351471 154.25116919575393
      vertex -425.85540397359006 27.16784392323522 154.46816773845916
      vertex -424.79999989271164 26.77840006351471 148.29569219963318
    endloop
  endfacet
  facet normal -0.3461833576125496 -0.9381668737021689 2.643676716755335e-15
    outer loop
      vertex -425.99999964237213 27.221199691295624 154.49159006085253
      vertex -424.79999989271164 26.77840006351471 148.29569219963318
      vertex -425.9570885910388 27.20536552336063 154.48549133340393
    endloop
  endfacet
  facet normal -0.3461833576125089 -0.938166873702184 1.1291968565210309e-14
    outer loop
      vertex -425.85540397359006 27.16784392323522 154.46816773845916
      vertex -425.9570885910388 27.20536552336063 154.48549133340393
      vertex -424.79999989271164 26.77840006351471 148.29569219963318
    endloop
  endfacet
  facet normal -0.29085695174601744 -0.9567665512657801 0
    outer loop
      vertex -427.2000002861023 27.58599978685379 154.66179422642594
      vertex -425.99999964237213 27.221199691295624 147.80687782560932
      vertex -425.99999964237213 27.221199691295624 154.49159006085253
    endloop
  endfacet
  facet normal -0.5126001541389767 -0.8586274407312506 -1.8482103720464106e-14
    outer loop
      vertex -423.45770791612665 26.141451271561237 153.97097723342392
      vertex -423.60000014305115 26.226399660110474 154.0033310648342
      vertex -422.40000039339066 25.51000040769577 149.47588698852138
    endloop
  endfacet
  facet normal -0.9445321851781895 -0.32841886541810317 3.484503722820847e-14
    outer loop
      vertex -420.0695410639408 22.2 152.01987940036406
      vertex -420.51843402603146 23.491015514150984 152.7989121173121
      vertex -420.1644146109575 22.472856184936937 151.4895789044906
    endloop
  endfacet
  facet normal -0.9445321851870924 -0.328418865392499 -2.228255409480608e-11
    outer loop
      vertex -420.1644146109575 22.472856184936937 151.4895789044906
      vertex -420.51843402603146 23.491015514150984 152.7989121173121
      vertex -420.1645425955614 22.473224268473885 151.48886352808947
    endloop
  endfacet
  facet normal -0.9445321851752715 -0.32841886542649584 7.310177783379959e-12
    outer loop
      vertex -420.51843402603146 23.491015514150984 152.7989121173121
      vertex -420.1652162611043 22.475161729607585 151.48795357989698
      vertex -420.1645425955614 22.473224268473885 151.48886352808947
    endloop
  endfacet
  facet normal -0.07340128332296499 -0.9973024875164715 5.63671445032874e-16
    outer loop
      vertex -435 28.88800036907196 145.53399982006775
      vertex -437.0476189234596 29.038704752766627 155
      vertex -435.9419169160571 28.957325284318458 145.3556453830117
    endloop
  endfacet
  facet normal -0.29085695174582205 -0.9567665512658396 -5.786893049494396e-13
    outer loop
      vertex -425.99999964237213 27.221199691295624 147.80687782560932
      vertex -426.22726698013327 27.290288943010356 147.7195106601186
      vertex -426.1735938370824 27.273972312001735 147.73642108701554
    endloop
  endfacet
  facet normal -0.2908569517459692 -0.9567665512657948 -1.6106070642019933e-13
    outer loop
      vertex -425.99999964237213 27.221199691295624 147.80687782560932
      vertex -427.2000002861023 27.58599978685379 147.41303829024935
      vertex -426.22726698013327 27.290288943010356 147.7195106601186
    endloop
  endfacet
  facet normal -0.22692190695661513 -0.9739129571697736 -1.7404090712480833e-16
    outer loop
      vertex -427.2000002861023 27.58599978685379 147.41303829024935
      vertex -428.91729665443836 27.986130172062904 154.90482943207678
      vertex -428.97923004142837 28.000560663182867 146.85428328171832
    endloop
  endfacet
  facet normal -0.22692190695661923 -0.9739129571697727 0
    outer loop
      vertex -428.97923004142837 28.000560663182867 146.85428328171832
      vertex -429.5999997854233 28.14520013332367 154.97250381112127
      vertex -429.5999997854233 28.14520013332367 146.7025444924337
    endloop
  endfacet
  facet normal -0.1642389866136236 -0.9864205772773245 -2.857014277801774e-16
    outer loop
      vertex -429.5999997854233 28.14520013332367 146.7025444924337
      vertex -429.87740514960984 28.191388115351515 155
      vertex -432.00000017881393 28.544800102710724 146.11705667736257
    endloop
  endfacet
  facet normal -0.11365876540615148 -0.9935198463273642 0
    outer loop
      vertex -432.00000017881393 28.544800102710724 146.11705667736257
      vertex -432.00000017881393 28.544800102710724 155
      vertex -432.1947406478073 28.56707843098189 146.0696228497027
    endloop
  endfacet
  facet normal -0.11365876540625501 -0.9935198463273524 2.2875832776499958e-15
    outer loop
      vertex -432.00000017881393 28.544800102710724 155
      vertex -432.2744668087563 28.576199111416752 146.05020358372974
      vertex -432.1947406478073 28.56707843098189 146.0696228497027
    endloop
  endfacet
  facet normal -0.11365876540616397 -0.9935198463273629 0
    outer loop
      vertex -432.2744668087563 28.576199111416752 146.05020358372974
      vertex -435 28.88800036907196 155
      vertex -435 28.88800036907196 145.53399982006775
    endloop
  endfacet
  facet normal -0.41790593225678735 -0.9084903036271689 -1.9614210217130227e-12
    outer loop
      vertex -423.60000014305115 26.226399660110474 148.82269514819706
      vertex -423.9099105374714 26.368958575466518 148.66010409689147
      vertex -423.8740004237222 26.352439907623925 148.67480607333928
    endloop
  endfacet
  facet normal -0.04355882168634302 -0.9990508640971677 -1.2665056616127603e-17
    outer loop
      vertex -437.99999982118607 29.108799815177917 145.05088322321592
      vertex -438.86689994488586 29.146596837597023 155
      vertex -439.9 29.19164021096474 146.65187301582236
    endloop
  endfacet
  facet normal -0.07340128332300401 -0.9973024875164685 -3.935366555652124e-15
    outer loop
      vertex -435.9419169160571 28.957325284318458 145.3556453830117
      vertex -437.0476189234596 29.038704752766627 155
      vertex -436.03846172117443 28.96443096457343 145.33736437122948
    endloop
  endfacet
  facet normal -0.07340128332297434 -0.997302487516471 -8.172687738851579e-16
    outer loop
      vertex -436.03846172117443 28.96443096457343 145.33736437122948
      vertex -437.0476189234596 29.038704752766627 155
      vertex -436.0770020345103 28.967267524688275 145.33038205834129
    endloop
  endfacet
  facet normal -0.07340128332296665 -0.9973024875164714 0
    outer loop
      vertex -436.0770020345103 28.967267524688275 145.33038205834129
      vertex -437.99999982118607 29.108799815177917 155
      vertex -437.99999982118607 29.108799815177917 145.05088322321592
    endloop
  endfacet
  facet normal -0.04355882168634267 -0.9990508640971676 -5.661866116742077e-17
    outer loop
      vertex -439.9 29.19164021096474 146.65187301582236
      vertex -440.99999964237213 29.23960041999817 146.65547003149985
      vertex -440.4030130303734 29.21357168180706 144.7056308901568
    endloop
  endfacet
  facet normal -0.021594787084705094 -0.9997668053955213 0
    outer loop
      vertex -440.99999964237213 29.23960041999817 146.65547003149985
      vertex -444.00000035762787 29.30439990758896 146.66032999306915
      vertex -440.99999964237213 29.23960041999817 144.6409692486248
    endloop
  endfacet
  facet normal -0.04355882168634368 -0.9990508640971676 -7.997908623196851e-16
    outer loop
      vertex -437.99999982118607 29.108799815177917 145.05088322321592
      vertex -439.9 29.19164021096474 146.65187301582236
      vertex -440.1791374584422 29.203810661154233 144.73385478514652
    endloop
  endfacet
  facet normal -0.04355882168632443 -0.9990508640971685 -3.609128222037307e-15
    outer loop
      vertex -440.1791374584422 29.203810661154233 144.73385478514652
      vertex -439.9 29.19164021096474 146.65187301582236
      vertex -440.28608306136607 29.208473511280594 144.71829597110914
    endloop
  endfacet
  facet normal -0.6480902805434451 -0.761563515581674 8.060486172727676e-12
    outer loop
      vertex -422.09644169200226 25.251672060922893 149.64370313754205
      vertex -422.08216828269826 25.239525394688513 149.65453240105515
      vertex -422.11655597870396 25.268789311742594 149.63258337014489
    endloop
  endfacet
  facet normal 0.04395746558374082 -0.9990334034552869 0
    outer loop
      vertex -467.8799995779991 28.969600319862366 155
      vertex -473.8800001144409 28.705600321292877 155
      vertex -473.8800001144409 28.705600321292877 153.38457997590305
    endloop
  endfacet
  facet normal 0.04395746558374082 -0.9990334034552869 0
    outer loop
      vertex -473.8800001144409 28.705600321292877 153.38457997590305
      vertex -467.8799995779991 28.969600319862366 153.3647799760103
      vertex -467.8799995779991 28.969600319862366 155
    endloop
  endfacet
  facet normal 0.028588259800443938 -0.9995912721715723 0
    outer loop
      vertex -461.879999935627 29.141200006008148 153.3519099995494
      vertex -467.8799995779991 28.969600319862366 155
      vertex -467.8799995779991 28.969600319862366 153.3647799760103
    endloop
  endfacet
  facet normal 0.028588259800443938 -0.9995912721715723 0
    outer loop
      vertex -461.879999935627 29.141200006008148 155
      vertex -467.8799995779991 28.969600319862366 155
      vertex -461.879999935627 29.141200006008148 153.3519099995494
    endloop
  endfacet
  facet normal 0 0 -1
    outer loop
      vertex -473.88 28.7056 155
      vertex -473.8800001144409 28.705600321292877 155
      vertex -467.88 28.9696 155
    endloop
  endfacet
  facet normal 0 0 -1
    outer loop
      vertex -467.88 28.9696 155
      vertex -473.8800001144409 28.705600321292877 155
      vertex -467.8799995779991 28.969600319862366 155
    endloop
  endfacet
  facet normal 0 0 -1
    outer loop
      vertex -492 27.4756 155
      vertex -492.00000017881393 27.47560006380081 155
      vertex -486 27.9424 155
    endloop
  endfacet
  facet normal 0.057551494607969884 -0.9983425391459531 0
    outer loop
      vertex -473.8800001144409 28.705600321292877 155
      vertex -480 28.35280042886734 155
      vertex -473.8800001144409 28.705600321292877 153.38457997590305
    endloop
  endfacet
  facet normal 0.0575514946079699 -0.9983425391459532 0
    outer loop
      vertex -473.8800001144409 28.705600321292877 153.38457997590305
      vertex -480 28.35280042886734 155
      vertex -480 28.35280042886734 153.41103996783497
    endloop
  endfacet
  facet normal 0.06824061135248342 -0.9976688924499147 6.813269292124904e-16
    outer loop
      vertex -480 28.35280042886734 155
      vertex -485.99999964237213 27.942400097846985 155
      vertex -480.1 28.345960422942635 153.4115529682793
    endloop
  endfacet
  facet normal 0 0 -1
    outer loop
      vertex -467.88 28.9696 155
      vertex -467.8799995779991 28.969600319862366 155
      vertex -461.88 29.1412 155
    endloop
  endfacet
  facet normal 0 0 -1
    outer loop
      vertex -461.88 29.1412 155
      vertex -467.8799995779991 28.969600319862366 155
      vertex -461.879999935627 29.141200006008148 155
    endloop
  endfacet
  facet normal 0 0 -1
    outer loop
      vertex -455.88 29.2024 155
      vertex -461.88 29.1412 155
      vertex -461.879999935627 29.141200006008148 155
    endloop
  endfacet
  facet normal 0.0682406113524942 -0.9976688924499139 0
    outer loop
      vertex -480.1 28.345960422942635 153.4115529682793
      vertex -480 28.35280042886734 153.41103996783497
      vertex -480 28.35280042886734 155
    endloop
  endfacet
  facet normal 0.02858825980044394 -0.9995912721715722 -3.3946436530980875e-16
    outer loop
      vertex -461.879999935627 29.141200006008148 146.64809000045062
      vertex -467.8799995779991 28.969600319862366 146.63522002398966
      vertex -466.4659715875992 29.010041448831842 143.478048059285
    endloop
  endfacet
  facet normal 0 0 -1
    outer loop
      vertex -480 28.352800000000002 155
      vertex -485.99999964237213 27.942400097846985 155
      vertex -480 28.35280042886734 155
    endloop
  endfacet
  facet normal 0 0 -1
    outer loop
      vertex -480 28.352800000000002 155
      vertex -480 28.35280042886734 155
      vertex -473.88 28.7056 155
    endloop
  endfacet
  facet normal 0 0 -1
    outer loop
      vertex -473.88 28.7056 155
      vertex -480 28.35280042886734 155
      vertex -473.8800001144409 28.705600321292877 155
    endloop
  endfacet
  facet normal -0.2269219069566144 -0.9739129571697738 0
    outer loop
      vertex -428.91729665443836 27.986130172062904 154.90482943207678
      vertex -427.2000002861023 27.58599978685379 147.41303829024935
      vertex -427.2000002861023 27.58599978685379 154.66179422642594
    endloop
  endfacet
  facet normal 0 0 -1
    outer loop
      vertex -486 27.9424 155
      vertex -485.99999964237213 27.942400097846985 155
      vertex -480 28.352800000000002 155
    endloop
  endfacet
  facet normal 0 0 -1
    outer loop
      vertex -486 27.9424 155
      vertex -492.00000017881393 27.47560006380081 155
      vertex -485.99999964237213 27.942400097846985 155
    endloop
  endfacet
  facet normal 0.04395746558375024 -0.9990334034552866 1.998964729127116e-13
    outer loop
      vertex -472.53582170879133 28.76474416553311 143.64504079638218
      vertex -472.3929649408269 28.7710298627275 143.63772696563726
      vertex -472.2520742393835 28.77722905300317 143.633950261278
    endloop
  endfacet
  facet normal 0.04395746558373749 -0.9990334034552871 -1.3105214301188288e-13
    outer loop
      vertex -467.8799995779991 28.969600319862366 143.5167527972576
      vertex -472.53582170879133 28.76474416553311 143.64504079638218
      vertex -472.2520742393835 28.77722905300317 143.633950261278
    endloop
  endfacet
  facet normal 0.057551494607969836 -0.998342539145953 0
    outer loop
      vertex -473.8800001144409 28.705600321292877 146.61542002409698
      vertex -478.44869947538587 28.442228315866974 143.9450743253703
      vertex -473.8800001144409 28.705600321292877 143.713858631816
    endloop
  endfacet
  facet normal 0.043957465583740196 -0.999033403455287 0
    outer loop
      vertex -472.53582170879133 28.76474416553311 143.64504079638218
      vertex -473.8800001144409 28.705600321292877 146.61542002409698
      vertex -473.8800001144409 28.705600321292877 143.713858631816
    endloop
  endfacet
  facet normal 0.043957465583741 -0.999033403455287 0
    outer loop
      vertex -467.8799995779991 28.969600319862366 146.63522002398966
      vertex -472.53582170879133 28.76474416553311 143.64504079638218
      vertex -467.8799995779991 28.969600319862366 143.5167527972576
    endloop
  endfacet
  facet normal 0.028588259800444705 -0.9995912721715724 0
    outer loop
      vertex -466.4659715875992 29.010041448831842 143.478048059285
      vertex -467.8799995779991 28.969600319862366 146.63522002398966
      vertex -467.8799995779991 28.969600319862366 143.5167527972576
    endloop
  endfacet
  facet normal 0.02858825980044371 -0.9995912721715724 0
    outer loop
      vertex -461.879999935627 29.141200006008148 146.64809000045062
      vertex -466.4659715875992 29.010041448831842 143.478048059285
      vertex -461.879999935627 29.141200006008148 143.46552447841736
    endloop
  endfacet
  facet normal 0.013433163077797163 -0.999909770994226 0
    outer loop
      vertex -461.879999935627 29.141200006008148 146.64809000045062
      vertex -461.879999935627 29.141200006008148 143.46552447841736
      vertex -460.7098558916817 29.15692016018886 143.46178095832056
    endloop
  endfacet
  facet normal 0.043957465583740814 -0.9990334034552869 2.7963498110189897e-16
    outer loop
      vertex -473.8800001144409 28.705600321292877 146.61542002409698
      vertex -472.53582170879133 28.76474416553311 143.64504079638218
      vertex -467.8799995779991 28.969600319862366 146.63522002398966
    endloop
  endfacet
  facet normal -0.22692190695662084 -0.9739129571697722 -1.3269233757222612e-16
    outer loop
      vertex -429.5999997854233 28.14520013332367 154.97250381112127
      vertex -428.97923004142837 28.000560663182867 146.85428328171832
      vertex -428.91729665443836 27.986130172062904 154.90482943207678
    endloop
  endfacet
  facet normal 0.013433163077794998 -0.9999097709942261 -7.956685299762148e-16
    outer loop
      vertex -461.879999935627 29.141200006008148 146.64809000045062
      vertex -460.7098558916817 29.15692016018886 143.46178095832056
      vertex -455.30722477084765 29.2295011339933 143.5800939399316
    endloop
  endfacet
  facet normal 0.013433163077807973 -0.9999097709942257 -2.0556480462454533e-14
    outer loop
      vertex -450 29.300800383090973 146.6600600287318
      vertex -455.30722477084765 29.2295011339933 143.5800939399316
      vertex -455.1660088935805 29.2313982810795 143.58318644643876
    endloop
  endfacet
  facet normal 0.01343316307780335 -0.9999097709942258 -1.2785982297755786e-14
    outer loop
      vertex -455.0311178444841 29.233210458050674 143.5896569336343
      vertex -450 29.300800383090973 146.6600600287318
      vertex -455.1660088935805 29.2313982810795 143.58318644643876
    endloop
  endfacet
  facet normal 0.013433163077795546 -0.9999097709942258 0
    outer loop
      vertex -450 29.300800383090973 146.6600600287318
      vertex -455.0311178444841 29.233210458050674 143.5896569336343
      vertex -450 29.300800383090973 143.83099084485747
    endloop
  endfacet
  facet normal -0.005199839221250953 -0.9999864807446514 1.0478558702988882e-13
    outer loop
      vertex -444.00000035762787 29.30439990758896 144.31537263316628
      vertex -445.02760179903123 29.309743342107026 144.2078187101497
      vertex -444.89938979373795 29.309076651280105 144.21761325034396
    endloop
  endfacet
  facet normal 0.00639962003831514 -0.9999795222220129 0
    outer loop
      vertex -449.8762504145195 29.301592349635662 143.83690924371547
      vertex -450 29.300800383090973 146.6600600287318
      vertex -450 29.300800383090973 143.83099084485747
    endloop
  endfacet
  facet normal 0.0063996200383062 -0.999979522222013 0
    outer loop
      vertex -447.00000017881393 29.319999635219574 146.66149997264148
      vertex -449.8762504145195 29.301592349635662 143.83690924371547
      vertex -447.00000017881393 29.319999635219574 144.05714066159476
    endloop
  endfacet
  facet normal -0.005199839221238866 -0.9999864807446516 0
    outer loop
      vertex -445.02760179903123 29.309743342107026 144.2078187101497
      vertex -447.00000017881393 29.319999635219574 146.66149997264148
      vertex -447.00000017881393 29.319999635219574 144.05714066159476
    endloop
  endfacet
  facet normal 0.013433163077795669 -0.999909770994226 6.503948902771071e-16
    outer loop
      vertex -450 29.300800383090973 146.6600600287318
      vertex -461.879999935627 29.141200006008148 146.64809000045062
      vertex -455.30722477084765 29.2295011339933 143.5800939399316
    endloop
  endfacet
  facet normal 0.006399620038306569 -0.999979522222013 -3.760361509408853e-16
    outer loop
      vertex -447.00000017881393 29.319999635219574 146.66149997264148
      vertex -450 29.300800383090973 146.6600600287318
      vertex -449.8762504145195 29.301592349635662 143.83690924371547
    endloop
  endfacet
  facet normal -0.0051998392212399755 -0.9999864807446516 0
    outer loop
      vertex -444.00000035762787 29.30439990758896 146.66032999306915
      vertex -445.02760179903123 29.309743342107026 144.2078187101497
      vertex -444.00000035762787 29.30439990758896 144.31537263316628
    endloop
  endfacet
  facet normal -0.005199839221239246 -0.9999864807446515 -3.0551052894524235e-16
    outer loop
      vertex -444.00000035762787 29.30439990758896 146.66032999306915
      vertex -447.00000017881393 29.319999635219574 146.66149997264148
      vertex -445.02760179903123 29.309743342107026 144.2078187101497
    endloop
  endfacet
  facet normal -0.02159478708470509 -0.9997668053955213 0
    outer loop
      vertex -444.00000035762787 29.30439990758896 144.31537263316628
      vertex -440.99999964237213 29.23960041999817 144.6409692486248
      vertex -444.00000035762787 29.30439990758896 146.66032999306915
    endloop
  endfacet
  facet normal -0.04355882168634249 -0.9990508640971676 0
    outer loop
      vertex -440.4030130303734 29.21357168180706 144.7056308901568
      vertex -440.99999964237213 29.23960041999817 146.65547003149985
      vertex -440.99999964237213 29.23960041999817 144.6409692486248
    endloop
  endfacet
  facet normal -0.04355882168634428 -0.9990508640971676 3.6039937185722076e-16
    outer loop
      vertex -440.28608306136607 29.208473511280594 144.71829597110914
      vertex -439.9 29.19164021096474 146.65187301582236
      vertex -440.4030130303734 29.21357168180706 144.7056308901568
    endloop
  endfacet
  facet normal 0.10029187485858163 -0.9949580593358449 5.993653850851411e-17
    outer loop
      vertex -504.00000035762787 26.3968003988266 146.51692698887754
      vertex -508.3783209459921 25.955465232566336 154.34954513615466
      vertex -509.0805368329707 25.884681798832876 147.18706316035272
    endloop
  endfacet
  facet normal 0 0 -1
    outer loop
      vertex -455.88 29.2024 155
      vertex -461.879999935627 29.141200006008148 155
      vertex -453 29.2576 155
    endloop
  endfacet
  facet normal 0 0 -1
    outer loop
      vertex -453 29.2576 155
      vertex -461.879999935627 29.141200006008148 155
      vertex -450 29.300800383090973 155
    endloop
  endfacet
  facet normal 0.07756560677169602 -0.9969872499917632 -3.120209879448729e-15
    outer loop
      vertex -490.6703071057279 27.579050183182904 144.97083241912134
      vertex -492.00000017881393 27.47560006380081 155
      vertex -490.7890647592453 27.56981083789144 144.98199267311318
    endloop
  endfacet
  facet normal 0.06824061135248331 -0.9976688924499146 0
    outer loop
      vertex -480.1 28.345960422942635 146.5884470317207
      vertex -480.1 28.345960422942635 153.4115529682793
      vertex -484.46311755011 28.0475229240134 144.38937489515587
    endloop
  endfacet
  facet normal 0.06824061135247982 -0.997668892449915 1.6971495329051255e-15
    outer loop
      vertex -484.46311755011 28.0475229240134 144.38937489515587
      vertex -480.1 28.345960422942635 153.4115529682793
      vertex -484.59189827413724 28.038714314860062 144.39887047030342
    endloop
  endfacet
  facet normal 0.06824061135248338 -0.9976688924499146 -6.668228779278184e-17
    outer loop
      vertex -480.1 28.345960422942635 153.4115529682793
      vertex -485.99999964237213 27.942400097846985 144.53194014139538
      vertex -484.59189827413724 28.038714314860062 144.39887047030342
    endloop
  endfacet
  facet normal 0.07756560677172034 -0.9969872499917614 0
    outer loop
      vertex -485.99999964237213 27.942400097846985 144.53194014139538
      vertex -485.99999964237213 27.942400097846985 155
      vertex -490.6703071057279 27.579050183182904 144.97083241912134
    endloop
  endfacet
  facet normal 0.08568369641323677 -0.9963223896756332 5.552280711129605e-16
    outer loop
      vertex -492.00000017881393 27.47560006380081 145.11438628215464
      vertex -497.5831195722388 26.99545195902841 155
      vertex -496.98163771472406 27.047179381207627 145.65653667844012
    endloop
  endfacet
  facet normal 0 0 -1
    outer loop
      vertex -450 29.3008 155
      vertex -453 29.2576 155
      vertex -450 29.300800383090973 155
    endloop
  endfacet
  facet normal 0 0 -1
    outer loop
      vertex -450 29.3008 155
      vertex -450 29.300800383090973 155
      vertex -448.46091963237774 29.310650114352782 155
    endloop
  endfacet
  facet normal 0.07756560677172168 -0.9969872499917612 0
    outer loop
      vertex -492.00000017881393 27.47560006380081 145.11438628215464
      vertex -490.7890647592453 27.56981083789144 144.98199267311318
      vertex -492.00000017881393 27.47560006380081 155
    endloop
  endfacet
  facet normal 0.08568369641318642 -0.9963223896756376 -2.7170821627107686e-15
    outer loop
      vertex -497.5831195722388 26.99545195902841 155
      vertex -497.0855238850556 27.03824517359325 145.66916687463024
      vertex -496.98163771472406 27.047179381207627 145.65653667844012
    endloop
  endfacet
  facet normal 0.08568369641323827 -0.996322389675633 0
    outer loop
      vertex -497.0855238850556 27.03824517359325 145.66916687463024
      vertex -497.99999982118607 26.959600269794464 154.97657462663454
      vertex -497.99999982118607 26.959600269794464 145.7803463557079
    endloop
  endfacet
  facet normal 0.09339002683631467 -0.9956296012511443 -5.030999282497111e-15
    outer loop
      vertex -502.25783577786257 26.560215384332274 154.7383386378888
      vertex -503.1889683425877 26.472875177594215 146.40955257087245
      vertex -503.1002601320967 26.481196005086634 146.39780828432745
    endloop
  endfacet
  facet normal 0.0933900268362659 -0.9956296012511489 4.756959254332379e-16
    outer loop
      vertex -502.25783577786257 26.560215384332274 154.7383386378888
      vertex -504.00000035762787 26.3968003988266 146.51692698887754
      vertex -503.1889683425877 26.472875177594215 146.40955257087245
    endloop
  endfacet
  facet normal 0 0 -1
    outer loop
      vertex -492 27.4756 155
      vertex -497.5831195722388 26.99545195902841 155
      vertex -492.00000017881393 27.47560006380081 155
    endloop
  endfacet
  facet normal 0.0933900268362696 -0.9956296012511484 -4.312736850221852e-16
    outer loop
      vertex -497.99999982118607 26.959600269794464 145.7803463557079
      vertex -502.25783577786257 26.560215384332274 154.7383386378888
      vertex -503.1002601320967 26.481196005086634 146.39780828432745
    endloop
  endfacet
  facet normal 0.057551494607969884 -0.998342539145953 -8.199297130160093e-17
    outer loop
      vertex -473.8800001144409 28.705600321292877 146.61542002409698
      vertex -480 28.35280042886734 146.58896003216506
      vertex -478.44869947538587 28.442228315866974 143.9450743253703
    endloop
  endfacet
  facet normal 0.0682406113524942 -0.997668892449914 0
    outer loop
      vertex -480 28.35280042886734 146.58896003216506
      vertex -480.1 28.345960422942635 146.5884470317207
      vertex -480 28.35280042886734 144.06028940393438
    endloop
  endfacet
  facet normal 0.05755149460797 -0.9983425391459531 0
    outer loop
      vertex -478.44869947538587 28.442228315866974 143.9450743253703
      vertex -480 28.35280042886734 146.58896003216506
      vertex -480 28.35280042886734 144.06028940393438
    endloop
  endfacet
  facet normal 0.06824061135248351 -0.9976688924499146 -4.242647578674217e-16
    outer loop
      vertex -480 28.35280042886734 144.06028940393438
      vertex -480.1 28.345960422942635 146.5884470317207
      vertex -484.46311755011 28.0475229240134 144.38937489515587
    endloop
  endfacet
  facet normal 0.10029187485858135 -0.9949580593358449 0
    outer loop
      vertex -509.0805368329707 25.884681798832876 147.18706316035272
      vertex -510 25.79199981689453 154.23786300176644
      vertex -510 25.79199981689453 147.31612056103026
    endloop
  endfacet
  facet normal 0.10678586810245161 -0.9942820416630312 1.29935809429076e-16
    outer loop
      vertex -510 25.79199981689453 147.31612056103026
      vertex -515.9999996423721 25.14759999513626 153.82333995237644
      vertex -514.7963925697783 25.276867366682275 147.98702926600822
    endloop
  endfacet
  facet normal 0.10678586810347243 -0.9942820416629217 7.315003070503059e-12
    outer loop
      vertex -514.7963925697783 25.276867366682275 147.98702926600822
      vertex -515.9999996423721 25.14759999513626 148.15728692276647
      vertex -515.1112190980646 25.24305500488149 148.031489764105
    endloop
  endfacet
  facet normal -0.04355882168634313 -0.9990508640971677 0
    outer loop
      vertex -438.86689994488586 29.146596837597023 155
      vertex -439.9 29.19164021096474 153.34812698417764
      vertex -439.9 29.19164021096474 146.65187301582236
    endloop
  endfacet
  facet normal -0.04355882168634287 -0.9990508640971676 0
    outer loop
      vertex -437.99999982118607 29.108799815177917 155
      vertex -438.86689994488586 29.146596837597023 155
      vertex -437.99999982118607 29.108799815177917 145.05088322321592
    endloop
  endfacet
  facet normal -0.0734012833229671 -0.9973024875164714 -8.86705017182556e-17
    outer loop
      vertex -437.0476189234596 29.038704752766627 155
      vertex -437.99999982118607 29.108799815177917 155
      vertex -436.0770020345103 28.967267524688275 145.33038205834129
    endloop
  endfacet
  facet normal -0.07340128332296757 -0.9973024875164712 0
    outer loop
      vertex -435 28.88800036907196 155
      vertex -437.0476189234596 29.038704752766627 155
      vertex -435 28.88800036907196 145.53399982006775
    endloop
  endfacet
  facet normal -0.11365876540616557 -0.9935198463273626 -4.91957871199802e-16
    outer loop
      vertex -432.00000017881393 28.544800102710724 155
      vertex -435 28.88800036907196 155
      vertex -432.2744668087563 28.576199111416752 146.05020358372974
    endloop
  endfacet
  facet normal -0.16423898661362474 -0.9864205772773242 0
    outer loop
      vertex -429.87740514960984 28.191388115351515 155
      vertex -432.00000017881393 28.544800102710724 155
      vertex -432.00000017881393 28.544800102710724 146.11705667736257
    endloop
  endfacet
  facet normal -0.1642389866136153 -0.9864205772773259 0
    outer loop
      vertex -429.87740514960984 28.191388115351515 155
      vertex -429.5999997854233 28.14520013332367 146.7025444924337
      vertex -429.5999997854233 28.14520013332367 154.97250381112127
    endloop
  endfacet
  facet normal -0.005199839221239246 -0.9999864807446515 0
    outer loop
      vertex -444.00000035762787 29.30439990758896 155
      vertex -447.00000017881393 29.319999635219574 153.33850002735855
      vertex -444.00000035762787 29.30439990758896 153.33967000693082
    endloop
  endfacet
  facet normal 0 0 -1
    outer loop
      vertex -497.58311970473284 26.995451705392977 155
      vertex -497.5831195722388 26.99545195902841 155
      vertex -492 27.4756 155
    endloop
  endfacet
  facet normal 0.07756560677172013 -0.9969872499917614 9.565044622780656e-17
    outer loop
      vertex -485.99999964237213 27.942400097846985 155
      vertex -492.00000017881393 27.47560006380081 155
      vertex -490.6703071057279 27.579050183182904 144.97083241912134
    endloop
  endfacet
  facet normal 0.06824061135248324 -0.9976688924499147 0
    outer loop
      vertex -480.1 28.345960422942635 153.4115529682793
      vertex -485.99999964237213 27.942400097846985 155
      vertex -485.99999964237213 27.942400097846985 144.53194014139538
    endloop
  endfacet
  facet normal 0.08568369641323581 -0.9963223896756334 0
    outer loop
      vertex -492.00000017881393 27.47560006380081 155
      vertex -497.5831195722388 26.99545195902841 155
      vertex -492.00000017881393 27.47560006380081 145.11438628215464
    endloop
  endfacet
  facet normal 0.08568369641323986 -0.9963223896756329 1.5416229932444896e-16
    outer loop
      vertex -497.5831195722388 26.99545195902841 155
      vertex -497.99999982118607 26.959600269794464 154.97657462663454
      vertex -497.0855238850556 27.03824517359325 145.66916687463024
    endloop
  endfacet
  facet normal 0.09339002683627051 -0.9956296012511483 0
    outer loop
      vertex -502.25783577786257 26.560215384332274 154.7383386378888
      vertex -497.99999982118607 26.959600269794464 145.7803463557079
      vertex -497.99999982118607 26.959600269794464 154.97657462663454
    endloop
  endfacet
  facet normal 0.013433163077795672 -0.999909770994226 0
    outer loop
      vertex -461.879999935627 29.141200006008148 153.3519099995494
      vertex -450 29.300800383090973 153.3399399712682
      vertex -461.879999935627 29.141200006008148 155
    endloop
  endfacet
  facet normal 0.09339002683626811 -0.9956296012511486 0
    outer loop
      vertex -504.00000035762787 26.3968003988266 154.62737730191083
      vertex -504.00000035762787 26.3968003988266 146.51692698887754
      vertex -502.25783577786257 26.560215384332274 154.7383386378888
    endloop
  endfacet
  facet normal 0.1002918748585815 -0.9949580593358449 0
    outer loop
      vertex -508.3783209459921 25.955465232566336 154.34954513615466
      vertex -504.00000035762787 26.3968003988266 146.51692698887754
      vertex -504.00000035762787 26.3968003988266 154.62737730191083
    endloop
  endfacet
  facet normal 0.10029187485855393 -0.9949580593358477 2.8037053264812287e-15
    outer loop
      vertex -508.45875359857706 25.947357612901463 154.34444117502315
      vertex -509.0805368329707 25.884681798832876 147.18706316035272
      vertex -508.3783209459921 25.955465232566336 154.34954513615466
    endloop
  endfacet
  facet normal 0.10029187485863443 -0.9949580593358395 -4.262718085067832e-15
    outer loop
      vertex -508.5352446356264 25.939647308488553 154.3391517709944
      vertex -509.0805368329707 25.884681798832876 147.18706316035272
      vertex -508.45875359857706 25.947357612901463 154.34444117502315
    endloop
  endfacet
  facet normal 0.10029187485858052 -0.9949580593358449 -1.0997674813551581e-16
    outer loop
      vertex -509.0805368329707 25.884681798832876 147.18706316035272
      vertex -508.5352446356264 25.939647308488553 154.3391517709944
      vertex -510 25.79199981689453 154.23786300176644
    endloop
  endfacet
  facet normal 0.10678586810245189 -0.9942820416630311 0
    outer loop
      vertex -514.4248373651734 25.316772386997588 153.93293019863222
      vertex -510 25.79199981689453 147.31612056103026
      vertex -510 25.79199981689453 154.23786300176644
    endloop
  endfacet
  facet normal 0.11326635374162727 -0.9935646597529908 0
    outer loop
      vertex -515.9999996423721 25.14759999513626 153.82333995237644
      vertex -522.0000001788139 24.463600039482117 153.4073276704702
      vertex -515.9999996423721 25.14759999513626 148.15728692276647
    endloop
  endfacet
  facet normal -0.005199839221239245 -0.9999864807446515 0
    outer loop
      vertex -444.00000035762787 29.30439990758896 155
      vertex -447.00000017881393 29.319999635219574 155
      vertex -447.00000017881393 29.319999635219574 153.33850002735855
    endloop
  endfacet
  facet normal 0.006399620038306809 -0.999979522222013 0
    outer loop
      vertex -447.00000017881393 29.319999635219574 155
      vertex -448.46091963237774 29.310650114352782 155
      vertex -447.00000017881393 29.319999635219574 153.33850002735855
    endloop
  endfacet
  facet normal 0.006399620038306338 -0.9999795222220128 -4.137991178651803e-16
    outer loop
      vertex -448.46091963237774 29.310650114352782 155
      vertex -450 29.300800383090973 155
      vertex -447.00000017881393 29.319999635219574 153.33850002735855
    endloop
  endfacet
  facet normal 0.11346254462099778 -0.9935422743739334 0
    outer loop
      vertex -522.0000001788139 24.463600039482117 153.4073276704702
      vertex -539.1943937622165 22.5 151.42861379018555
      vertex -522.0000001788139 24.463600039482117 149.00359014552134
    endloop
  endfacet
  facet normal 0.006399620038306568 -0.9999795222220129 0
    outer loop
      vertex -447.00000017881393 29.319999635219574 153.33850002735855
      vertex -450 29.300800383090973 155
      vertex -450 29.300800383090973 153.3399399712682
    endloop
  endfacet
  facet normal 0.1134625446209936 -0.9935422743739337 0
    outer loop
      vertex -539.1943937622165 22.5 151.42861379018555
      vertex -540 22.407999753952026 152.15609562397003
      vertex -540 22.407999753952026 151.54904288053513
    endloop
  endfacet
  facet normal 0.11346254462099359 -0.9935422743739337 0
    outer loop
      vertex -539.1943937622165 22.5 152.21527228306786
      vertex -540 22.407999753952026 152.15609562397003
      vertex -539.1943937622165 22.5 151.42861379018555
    endloop
  endfacet
  facet normal 0.11346254462099778 -0.9935422743739333 0
    outer loop
      vertex -539.1943937622165 22.5 152.21527228306786
      vertex -539.1943937622165 22.5 151.42861379018555
      vertex -522.0000001788139 24.463600039482117 153.4073276704702
    endloop
  endfacet
  facet normal 0.11326635374162729 -0.9935646597529909 0
    outer loop
      vertex -515.9999996423721 25.14759999513626 148.15728692276647
      vertex -522.0000001788139 24.463600039482117 153.4073276704702
      vertex -522.0000001788139 24.463600039482117 149.00359014552134
    endloop
  endfacet
  facet normal 0.10678586810245094 -0.9942820416630314 0
    outer loop
      vertex -515.9999996423721 25.14759999513626 148.15728692276647
      vertex -514.7963925697783 25.276867366682275 147.98702926600822
      vertex -515.9999996423721 25.14759999513626 153.82333995237644
    endloop
  endfacet
  facet normal 0.013433163077795674 -0.9999097709942261 0
    outer loop
      vertex -450 29.300800383090973 155
      vertex -461.879999935627 29.141200006008148 155
      vertex -450 29.300800383090973 153.3399399712682
    endloop
  endfacet
  facet normal 0.10678586810245033 -0.9942820416630314 -1.0525172415748045e-15
    outer loop
      vertex -515.9999996423721 25.14759999513626 153.82333995237644
      vertex -510 25.79199981689453 147.31612056103026
      vertex -514.4248373651734 25.316772386997588 153.93293019863222
    endloop
  endfacet
  facet normal 0.07724166731756608 -0.9928234873723165 -0.09129757801756766
    outer loop
      vertex -492 27.4756 155
      vertex -486 27.9424 155
      vertex -491.8898842705119 27.457866185635734 155.286010544114
    endloop
  endfacet
  facet normal 0.08530156196999213 -0.9918786275604411 -0.09434209937400903
    outer loop
      vertex -495.99944589698134 27.123158597651212 155.08925084861298
      vertex -497.58311970473284 26.995451705392977 155
      vertex -495.77620138473657 27.141254721830503 155.10084638006552
    endloop
  endfacet
  facet normal 0.07724166731756713 -0.9928234873723183 -0.09129757801754927
    outer loop
      vertex -486 27.9424 155
      vertex -489.42055055710796 27.639110598834908 155.40421458678392
      vertex -491.8898842705119 27.457866185635734 155.286010544114
    endloop
  endfacet
  facet normal 0.0853015619698268 -0.9918786275608134 -0.09434209937024515
    outer loop
      vertex -495.88936240066283 27.13203569162882 155.09545480629188
      vertex -495.99944589698134 27.123158597651212 155.08925084861298
      vertex -495.77620138473657 27.141254721830503 155.10084638006552
    endloop
  endfacet
  facet normal 0.06797326138080029 -0.9937611312982566 -0.08842199759147379
    outer loop
      vertex -486 27.9424 155
      vertex -483.0391493364026 28.086994294124377 155.65104259489675
      vertex -485.8278931261193 27.90587400402326 155.5428149319711
    endloop
  endfacet
  facet normal 0.06797326138085283 -0.9937611312982313 -0.0884219975917183
    outer loop
      vertex -483.0391493364026 28.086994294124377 155.65104259489675
      vertex -486 27.9424 155
      vertex -482.90224499342924 28.095885808079572 155.65635568140044
    endloop
  endfacet
  facet normal 0.08530156197016661 -0.9918786275600788 -0.09434209937765921
    outer loop
      vertex -495.77620138473657 27.141254721830503 155.10084638006552
      vertex -497.58311970473284 26.995451705392977 155
      vertex -492 27.4756 155
    endloop
  endfacet
  facet normal 0.08530156197016765 -0.9918786275600817 -0.09434209937762933
    outer loop
      vertex -495.77620138473657 27.141254721830503 155.10084638006552
      vertex -492 27.4756 155
      vertex -491.8898842705119 27.457866185635734 155.286010544114
    endloop
  endfacet
  facet normal 0.07724166731756488 -0.9928234873723167 -0.0912975780175673
    outer loop
      vertex -489.42055055710796 27.639110598834908 155.40421458678392
      vertex -486 27.9424 155
      vertex -485.8278931261193 27.90587400402326 155.5428149319711
    endloop
  endfacet
  facet normal 0.06797326138080677 -0.9937611312982542 -0.08842199759149554
    outer loop
      vertex -482.90224499342924 28.095885808079572 155.65635568140044
      vertex -486 27.9424 155
      vertex -482.76442067667404 28.104946803050755 155.66047121491127
    endloop
  endfacet
  facet normal -0.07305923431065028 -0.9926526400903354 -0.09645249817204662
    outer loop
      vertex -438 29.108800000000002 155
      vertex -437.0476189234596 29.038704752766627 155
      vertex -438.1411911555075 29.05861501568642 155.62343201082592
    endloop
  endfacet
  facet normal 0.01910046269487269 -0.9965458797325001 -0.08081758418202924
    outer loop
      vertex -455.88 29.2024 155
      vertex -453 29.2576 155
      vertex -455.90563380689173 29.115312768510886 156.06779737378878
    endloop
  endfacet
  facet normal 0.010165920784871186 -0.9966589004774279 -0.0810412867230049
    outer loop
      vertex -457.6633992677128 29.096371694487228 156.0802414701003
      vertex -455.88 29.2024 155
      vertex -455.90563380689173 29.115312768510886 156.06779737378878
    endloop
  endfacet
  facet normal 0.010165920784869883 -0.9966589004774277 -0.081041286723007
    outer loop
      vertex -461.8331021946943 29.054883864111034 156.0674127714426
      vertex -455.88 29.2024 155
      vertex -457.6633992677128 29.096371694487228 156.0802414701003
    endloop
  endfacet
  facet normal -0.021515329880540935 -0.9960800870620774 -0.08579947982672029
    outer loop
      vertex -443.4308945293372 29.292107321833683 155
      vertex -441 29.2396 155
      vertex -444.13725365888337 29.232788883860884 155.86577989396523
    endloop
  endfacet
  facet normal -0.043382159120952966 -0.9950036495631486 -0.08992066295362436
    outer loop
      vertex -438.86689994488586 29.146596837597023 155
      vertex -441.14797579712456 29.17658320112571 155.76869378149783
      vertex -441 29.2396 155
    endloop
  endfacet
  facet normal 0 0 1
    outer loop
      vertex -438 29.108800000000002 155
      vertex -438.86689994488586 29.146596837597023 155
      vertex -437.99999982118607 29.108799815177917 155
    endloop
  endfacet
  facet normal 0 0 1
    outer loop
      vertex -437.0476189234596 29.038704752766627 155
      vertex -438 29.108800000000002 155
      vertex -437.99999982118607 29.108799815177917 155
    endloop
  endfacet
  facet normal -0.04338215912095076 -0.9950036495631485 -0.0899206629536278
    outer loop
      vertex -438.1411911555075 29.05861501568642 155.62343201082592
      vertex -438.86689994488586 29.146596837597023 155
      vertex -438 29.108800000000002 155
    endloop
  endfacet
  facet normal 0.014351088417508644 -0.996603362327017 -0.08109121074270301
    outer loop
      vertex -450 29.3008 155
      vertex -451.861533559789 29.189471620785643 156.0387710772506
      vertex -453 29.2576 155
    endloop
  endfacet
  facet normal -0.07305923431064994 -0.9926526400903354 -0.09645249817204601
    outer loop
      vertex -435 28.887999999999998 155
      vertex -438.1411911555075 29.05861501568642 155.62343201082592
      vertex -437.0476189234596 29.038704752766627 155
    endloop
  endfacet
  facet normal -0.02151532988054059 -0.9960800870620776 -0.08579947982671905
    outer loop
      vertex -441.14797579712456 29.17658320112571 155.76869378149783
      vertex -444.13725365888337 29.232788883860884 155.86577989396523
      vertex -441 29.2396 155
    endloop
  endfacet
  facet normal -0.04338215912095318 -0.9950036495631486 -0.08992066295362501
    outer loop
      vertex -441.14797579712456 29.17658320112571 155.76869378149783
      vertex -438.86689994488586 29.146596837597023 155
      vertex -438.1411911555075 29.05861501568642 155.62343201082592
    endloop
  endfacet
  facet normal -0.021515329880487755 -0.9960800870622288 -0.08579947982497559
    outer loop
      vertex -444.13725365888337 29.232788883860884 155.86577989396523
      vertex -441.18591249837715 29.177244328198068 155.7705316146706
      vertex -441.3033775357418 29.17929140434813 155.77622217642624
    endloop
  endfacet
  facet normal -0.02151532988067053 -0.9960800870617137 -0.0857994798309119
    outer loop
      vertex -444.13725365888337 29.232788883860884 155.86577989396523
      vertex -441.14797579712456 29.17658320112571 155.76869378149783
      vertex -441.18591249837715 29.177244328198068 155.7705316146706
    endloop
  endfacet
  facet normal -0.07305923431068535 -0.9926526400902479 -0.09645249817291972
    outer loop
      vertex -438.1411911555075 29.05861501568642 155.62343201082592
      vertex -436.5723862072184 28.950702229578102 155.54571731792643
      vertex -436.6734495884564 28.957453264910843 155.55279002435321
    endloop
  endfacet
  facet normal -0.07305923431064856 -0.9926526400903362 -0.09645249817203887
    outer loop
      vertex -435.1155765837948 28.853387325687883 155.44376558475915
      vertex -438.1411911555075 29.05861501568642 155.62343201082592
      vertex -435 28.887999999999998 155
    endloop
  endfacet
  facet normal 0.0063784133676239455 -0.99662708869115 -0.0818154137672986
    outer loop
      vertex -450 29.3008 155
      vertex -448.46091963237774 29.310650114352782 155
      vertex -450.0911134716576 29.217649845765298 156.005782809919
    endloop
  endfacet
  facet normal -0.005181880831712698 -0.9965155445592022 -0.08324612641392141
    outer loop
      vertex -446.5250643498975 29.239028815465637 155.93971920950486
      vertex -446.2558271009998 29.238187586280983 155.93302992071523
      vertex -446.38565912347667 29.238518433656342 155.93715118774557
    endloop
  endfacet
  facet normal -0.005181880831660579 -0.9965155445593795 -0.08324612641180142
    outer loop
      vertex -447.11841357371577 29.24120114912731 155.95064945631367
      vertex -446.2558271009998 29.238187586280983 155.93302992071523
      vertex -446.5250643498975 29.239028815465637 155.93971920950486
    endloop
  endfacet
  facet normal -0.005181880831707311 -0.996515544559178 -0.08324612641421175
    outer loop
      vertex -446.2558271009998 29.238187586280983 155.93302992071523
      vertex -444 29.3044 155
      vertex -444.13725365888337 29.232788883860884 155.86577989396523
    endloop
  endfacet
  facet normal -0.005181880831709092 -0.996515544559178 -0.08324612641421077
    outer loop
      vertex -446.2558271009998 29.238187586280983 155.93302992071523
      vertex -447.11841357371577 29.24120114912731 155.95064945631367
      vertex -447 29.32 155
    endloop
  endfacet
  facet normal -0.00518188083170745 -0.996515544559178 -0.0832461264142121
    outer loop
      vertex -444 29.3044 155
      vertex -446.2558271009998 29.238187586280983 155.93302992071523
      vertex -447 29.32 155
    endloop
  endfacet
  facet normal 0.006378413367623684 -0.9966270886911499 -0.08181541376729906
    outer loop
      vertex -450.0911134716576 29.217649845765298 156.005782809919
      vertex -447 29.32 155
      vertex -447.11841357371577 29.24120114912731 155.95064945631367
    endloop
  endfacet
  facet normal 0.0063784133676237234 -0.99662708869115 -0.08181541376729896
    outer loop
      vertex -447 29.32 155
      vertex -450.0911134716576 29.217649845765298 156.005782809919
      vertex -448.46091963237774 29.310650114352782 155
    endloop
  endfacet
  facet normal 0.014351088417508855 -0.996603362327017 -0.08109121074270262
    outer loop
      vertex -451.861533559789 29.189471620785643 156.0387710772506
      vertex -450 29.3008 155
      vertex -450.0911134716576 29.217649845765298 156.005782809919
    endloop
  endfacet
  facet normal 0.05733909803247137 -0.9946578230122637 -0.08583730516114088
    outer loop
      vertex -476.25578977333663 28.494917055084386 155.85431149638285
      vertex -480 28.352800000000002 155
      vertex -473.88 28.7056 155
    endloop
  endfacet
  facet normal -0.02151532988054365 -0.9960800870620772 -0.0857994798267225
    outer loop
      vertex -444 29.3044 155
      vertex -443.4308945293372 29.292107321833683 155
      vertex -444.13725365888337 29.232788883860884 155.86577989396523
    endloop
  endfacet
  facet normal 0 0 1
    outer loop
      vertex -443.4308945293372 29.292107321833683 155
      vertex -444 29.3044 155
      vertex -444.00000035762787 29.30439990758896 155
    endloop
  endfacet
  facet normal 0 0 1
    outer loop
      vertex -444 29.3044 155
      vertex -447 29.32 155
      vertex -444.00000035762787 29.30439990758896 155
    endloop
  endfacet
  facet normal 0 0 1
    outer loop
      vertex -447.00000017881393 29.319999635219574 155
      vertex -444.00000035762787 29.30439990758896 155
      vertex -447 29.32 155
    endloop
  endfacet
  facet normal 0 0 1
    outer loop
      vertex -447 29.32 155
      vertex -448.46091963237774 29.310650114352782 155
      vertex -447.00000017881393 29.319999635219574 155
    endloop
  endfacet
  facet normal 0.014351088417507474 -0.996603362327017 -0.08109121074270173
    outer loop
      vertex -453.0592974599962 29.17152855086638 156.04731587724172
      vertex -453 29.2576 155
      vertex -451.861533559789 29.189471620785643 156.0387710772506
    endloop
  endfacet
  facet normal 0.019100462694873272 -0.9965458797325001 -0.08081758418202768
    outer loop
      vertex -455.90563380689173 29.115312768510886 156.06779737378878
      vertex -453 29.2576 155
      vertex -453.0592974599962 29.17152855086638 156.04731587724172
    endloop
  endfacet
  facet normal 0.028492474531982892 -0.9962403682511412 -0.08181263693265825
    outer loop
      vertex -461.88 29.1412 155
      vertex -467.76672061887626 28.889689881105262 156.0125244615271
      vertex -467.88 28.9696 155
    endloop
  endfacet
  facet normal 0.028492474531984797 -0.9962403682511414 -0.08181263693265436
    outer loop
      vertex -463.71773589244555 29.00141661738619 156.06213671526177
      vertex -461.88 29.1412 155
      vertex -463.56824593897016 29.005657662312927 156.06255521457786
    endloop
  endfacet
  facet normal -0.16304080358446646 -0.9792240455523408 -0.12057348372937811
    outer loop
      vertex -432 28.5448 155
      vertex -429.8774051497997 28.191387957441645 155
      vertex -432.06380316815273 28.52873927019515 155.2167107709978
    endloop
  endfacet
  facet normal -0.11301244160695642 -0.9878709930677985 -0.10648515904705123
    outer loop
      vertex -432.4179954600653 28.56547485377169 155.25181536502924
      vertex -432 28.5448 155
      vertex -432.06380316815273 28.52873927019515 155.2167107709978
    endloop
  endfacet
  facet normal 0.028492474531979516 -0.9962403682511409 -0.08181263693266343
    outer loop
      vertex -463.87145930602895 28.997174809494904 156.0602531408336
      vertex -461.88 29.1412 155
      vertex -463.71773589244555 29.00141661738619 156.06213671526177
    endloop
  endfacet
  facet normal 0.010165920784869675 -0.9966589004774276 -0.08104128672300819
    outer loop
      vertex -461.8331021946943 29.054883864111034 156.0674127714426
      vertex -461.88 29.1412 155
      vertex -455.88 29.2024 155
    endloop
  endfacet
  facet normal -0.11301244160688423 -0.9878709930679418 -0.10648515904579886
    outer loop
      vertex -435.1155765837948 28.853387325687883 155.44376558475915
      vertex -432.5047706485456 28.57447487230422 155.26041579990581
      vertex -432.53947017831666 28.578077641344926 155.26381916198224
    endloop
  endfacet
  facet normal -0.11301244160699238 -0.9878709930677306 -0.10648515904764251
    outer loop
      vertex -432.5047706485456 28.57447487230422 155.26041579990581
      vertex -435.1155765837948 28.853387325687883 155.44376558475915
      vertex -432.4179954600653 28.56547485377169 155.25181536502924
    endloop
  endfacet
  facet normal 0.02849247453198318 -0.9962403682511414 -0.08181263693265664
    outer loop
      vertex -467.76672061887626 28.889689881105262 156.0125244615271
      vertex -461.88 29.1412 155
      vertex -463.87145930602895 28.997174809494904 156.0602531408336
    endloop
  endfacet
  facet normal -0.113012441606956 -0.9878709930677986 -0.10648515904705051
    outer loop
      vertex -432.4179954600653 28.56547485377169 155.25181536502924
      vertex -435 28.887999999999998 155
      vertex -432 28.5448 155
    endloop
  endfacet
  facet normal 0.04380406745747012 -0.995546987669774 -0.0834709471362349
    outer loop
      vertex -469.98419229870797 28.794349977603375 155.9859412563704
      vertex -467.88 28.9696 155
      vertex -467.76672061887626 28.889689881105262 156.0125244615271
    endloop
  endfacet
  facet normal 0.04380406745746995 -0.9955469876697741 -0.08347094713623526
    outer loop
      vertex -473.71686733457494 28.636714458358046 155.90719789764518
      vertex -467.88 28.9696 155
      vertex -469.98419229870797 28.794349977603375 155.9859412563704
    endloop
  endfacet
  facet normal 0.04380406745746995 -0.995546987669774 -0.08347094713623525
    outer loop
      vertex -473.71686733457494 28.636714458358046 155.90719789764518
      vertex -473.88 28.7056 155
      vertex -467.88 28.9696 155
    endloop
  endfacet
  facet normal 0.057339098032472176 -0.994657823012264 -0.08583730516113873
    outer loop
      vertex -476.25578977333663 28.494917055084386 155.85431149638285
      vertex -473.88 28.7056 155
      vertex -473.71686733457494 28.636714458358046 155.90719789764518
    endloop
  endfacet
  facet normal 0.0573390980324573 -0.99465782301227 -0.08583730516107813
    outer loop
      vertex -476.40154370540756 28.48677677920858 155.85127540481645
      vertex -480 28.352800000000002 155
      vertex -476.25578977333663 28.494917055084386 155.85431149638285
    endloop
  endfacet
  facet normal 0.05733909803247147 -0.994657823012264 -0.08583730516113897
    outer loop
      vertex -479.8135108122045 28.298948703989677 155.74858751164652
      vertex -480 28.352800000000002 155
      vertex -476.40154370540756 28.48677677920858 155.85127540481645
    endloop
  endfacet
  facet normal 0.06797326138080062 -0.9937611312982569 -0.08842199759147024
    outer loop
      vertex -479.8135108122045 28.298948703989677 155.74858751164652
      vertex -482.76442067667404 28.104946803050755 155.66047121491127
      vertex -480 28.352800000000002 155
    endloop
  endfacet
  facet normal 0.06797326138080124 -0.993761131298257 -0.08842199759146781
    outer loop
      vertex -482.76442067667404 28.104946803050755 155.66047121491127
      vertex -486 27.9424 155
      vertex -480 28.352800000000002 155
    endloop
  endfacet
  facet normal -0.11301244160695699 -0.9878709930677996 -0.10648515904704177
    outer loop
      vertex -432.4179954600653 28.56547485377169 155.25181536502924
      vertex -435.1155765837948 28.853387325687883 155.44376558475915
      vertex -435 28.887999999999998 155
    endloop
  endfacet
  facet normal -0.07305923431064139 -0.9926526400903501 -0.09645249817190164
    outer loop
      vertex -436.5723862072184 28.950702229578102 155.54571731792643
      vertex -438.1411911555075 29.05861501568642 155.62343201082592
      vertex -435.1155765837948 28.853387325687883 155.44376558475915
    endloop
  endfacet
  facet normal 0.028492474531980377 -0.9962403682511409 -0.08181263693266133
    outer loop
      vertex -463.56824593897016 29.005657662312927 156.06255521457786
      vertex -461.88 29.1412 155
      vertex -461.8331021946943 29.054883864111034 156.0674127714426
    endloop
  endfacet
  facet normal 0 1 0
    outer loop
      vertex -420.3408753787407 150 148.18128155677445
      vertex -420.37978357688655 150 148.17423259453582
      vertex -420.7211706364261 150 154.0378496126671
    endloop
  endfacet
  facet normal 0 1 0
    outer loop
      vertex -416.53610806135197 150 148.9881305940875
      vertex -418.15765545972755 150 148.59451103747955
      vertex -418.32448039549803 150 153.86959977447987
    endloop
  endfacet
  facet normal 0 1 0
    outer loop
      vertex -418.15765545972755 150 148.59451103747955
      vertex -418.49751259011884 150 148.53018449614092
      vertex -418.7060379590839 150 153.89638546322072
    endloop
  endfacet
  facet normal 0 1 0
    outer loop
      vertex -418.49751259011884 150 148.53018449614092
      vertex -420.3408753787407 150 148.18128155677445
      vertex -420.7211706364261 150 154.0378496126671
    endloop
  endfacet
  facet normal 0 1 0
    outer loop
      vertex -414.5953762999177 150 149.57079324016613
      vertex -416.2009103811532 150 153.65919120459685
      vertex -415.9260307450699 150 153.6205736047349
    endloop
  endfacet
  facet normal 0 1 0
    outer loop
      vertex -413.2400097395054 150 150.11154617337243
      vertex -414.4351016220344 150 153.41111427357154
      vertex -413.2312968228757 150 153.16811748457806
    endloop
  endfacet
  facet normal 0 1 0
    outer loop
      vertex -412.18080316907594 150 150.66693272876952
      vertex -413.2312968228757 150 153.16811748457806
      vertex -413.0093537262721 150 153.1233166495817
    endloop
  endfacet
  facet normal 0 1 0
    outer loop
      vertex -411.54006827313987 150 151.12644945120172
      vertex -411.93411962925325 150 152.79997950542187
      vertex -411.82238875268825 150 152.74563276262157
    endloop
  endfacet
  facet normal 0 1 0
    outer loop
      vertex -411.54006827313987 150 151.12644945120172
      vertex -412.1014989987335 150 152.85031270049512
      vertex -411.93411962925325 150 152.79997950542187
    endloop
  endfacet
  facet normal 0 1 0
    outer loop
      vertex -410.9745616453567 150 151.71359626680612
      vertex -411.82238875268825 150 152.74563276262157
      vertex -411.2163678061749 150 152.45085959067302
    endloop
  endfacet
  facet normal 0 1 0
    outer loop
      vertex -416.2371465935239 150 149.0607014489387
      vertex -416.53610806135197 150 148.9881305940875
      vertex -416.5260146811924 150 153.69140881873668
    endloop
  endfacet
  facet normal 0 1 0
    outer loop
      vertex -420.37978357688655 150 148.17423259453582
      vertex -420.76734282262623 150 148.11777137632347
      vertex -421.146963414603 150 154.05852241933877
    endloop
  endfacet
  facet normal 0 1 0
    outer loop
      vertex -420.76734282262623 150 148.11777137632347
      vertex -422.81417238805443 150 147.81958086389517
      vertex -423.3957170084385 150 154.16770240185517
    endloop
  endfacet
  facet normal 0 1 0
    outer loop
      vertex -411.54006827313987 150 151.12644945120172
      vertex -413.0093537262721 150 153.1233166495817
      vertex -412.1014989987335 150 152.85031270049512
    endloop
  endfacet
  facet normal 0 1 0
    outer loop
      vertex -422.81417238805443 150 147.81958086389517
      vertex -425.0488387535193 150 147.57656762496168
      vertex -423.861077159244 150 154.18248456663318
    endloop
  endfacet
  facet normal 0 1 0
    outer loop
      vertex -425.0488387535193 150 147.57656762496168
      vertex -425.4719641706241 150 147.5305540100006
      vertex -426.31879923705543 150 154.2605541053095
    endloop
  endfacet
  facet normal 0 1 0
    outer loop
      vertex -427.8745089749406 150 147.34682649946106
      vertex -428.9579005242725 150 154.30927421565033
      vertex -426.31879923705543 150 154.2605541053095
    endloop
  endfacet
  facet normal 0 1 0
    outer loop
      vertex -428.81178663897197 150 147.28903160071266
      vertex -429.4576041263395 150 154.31849917862564
      vertex -428.9579005242725 150 154.30927421565033
    endloop
  endfacet
  facet normal 0 1 0
    outer loop
      vertex -428.81178663897197 150 147.28903160071266
      vertex -432.7772255466719 150 154.34153710771352
      vertex -429.4576041263395 150 154.31849917862564
    endloop
  endfacet
  facet normal 0 1 0
    outer loop
      vertex -431.3593176101734 150 147.16752498463862
      vertex -433.32838884541496 150 154.33975886699878
      vertex -432.7772255466719 150 154.34153710771352
    endloop
  endfacet
  facet normal 0 1 0
    outer loop
      vertex -410.9398339742316 150 152.1637352735975
      vertex -410.8888499820126 150 152.11079873411782
      vertex -410.9021925311323 150 152.04896708397993
    endloop
  endfacet
  facet normal 0 1 0
    outer loop
      vertex -411.3522952600249 150 151.28938130430876
      vertex -411.42193725502915 150 151.21116963617504
      vertex -411.82238875268825 150 152.74563276262157
    endloop
  endfacet
  facet normal 0 1 0
    outer loop
      vertex -411.42193725502915 150 151.21116963617504
      vertex -411.54006827313987 150 151.12644945120172
      vertex -411.82238875268825 150 152.74563276262157
    endloop
  endfacet
  facet normal 0 1 0
    outer loop
      vertex -411.54006827313987 150 151.12644945120172
      vertex -412.18080316907594 150 150.66693272876952
      vertex -413.0093537262721 150 153.1233166495817
    endloop
  endfacet
  facet normal 0 1 0
    outer loop
      vertex -418.15765545972755 150 148.59451103747955
      vertex -418.7060379590839 150 153.89638546322072
      vertex -418.32448039549803 150 153.86959977447987
    endloop
  endfacet
  facet normal 0 1 0
    outer loop
      vertex -418.49751259011884 150 148.53018449614092
      vertex -420.7211706364261 150 154.0378496126671
      vertex -418.7060379590839 150 153.89638546322072
    endloop
  endfacet
  facet normal 0 1 0
    outer loop
      vertex -420.37978357688655 150 148.17423259453582
      vertex -421.146963414603 150 154.05852241933877
      vertex -420.7211706364261 150 154.0378496126671
    endloop
  endfacet
  facet normal 0 1 0
    outer loop
      vertex -420.76734282262623 150 148.11777137632347
      vertex -423.3957170084385 150 154.16770240185517
      vertex -421.146963414603 150 154.05852241933877
    endloop
  endfacet
  facet normal 0 1 0
    outer loop
      vertex -422.81417238805443 150 147.81958086389517
      vertex -423.861077159244 150 154.18248456663318
      vertex -423.3957170084385 150 154.16770240185517
    endloop
  endfacet
  facet normal 0 1 0
    outer loop
      vertex -425.0488387535193 150 147.57656762496168
      vertex -426.31879923705543 150 154.2605541053095
      vertex -423.861077159244 150 154.18248456663318
    endloop
  endfacet
  facet normal 0 1 0
    outer loop
      vertex -410.9021925311323 150 152.04896708397993
      vertex -410.9745616453567 150 151.71359626680612
      vertex -410.9398339742316 150 152.1637352735975
    endloop
  endfacet
  facet normal 0 1 0
    outer loop
      vertex -410.9745616453567 150 151.71359626680612
      vertex -411.2163678061749 150 152.45085959067302
      vertex -410.9398339742316 150 152.1637352735975
    endloop
  endfacet
  facet normal 0 1 0
    outer loop
      vertex -410.9745616453567 150 151.71359626680612
      vertex -411.3522952600249 150 151.28938130430876
      vertex -411.82238875268825 150 152.74563276262157
    endloop
  endfacet
  facet normal 0 1 0
    outer loop
      vertex -416.53610806135197 150 148.9881305940875
      vertex -418.28935908583657 150 153.86615504384042
      vertex -416.5260146811924 150 153.69140881873668
    endloop
  endfacet
  facet normal 0 1 0
    outer loop
      vertex -416.53610806135197 150 148.9881305940875
      vertex -418.32448039549803 150 153.86959977447987
      vertex -418.28935908583657 150 153.86615504384042
    endloop
  endfacet
  facet normal 0 1 0
    outer loop
      vertex -415.9815757573715 150 149.14010633606995
      vertex -416.5260146811924 150 153.69140881873668
      vertex -416.2009103811532 150 153.65919120459685
    endloop
  endfacet
  facet normal 0 1 0
    outer loop
      vertex -414.5953762999177 150 149.57079324016613
      vertex -415.9260307450699 150 153.6205736047349
      vertex -414.4351016220344 150 153.41111427357154
    endloop
  endfacet
  facet normal 0 1 0
    outer loop
      vertex -412.18080316907594 150 150.66693272876952
      vertex -413.0751253391376 150 150.19800199919513
      vertex -413.2312968228757 150 153.16811748457806
    endloop
  endfacet
  facet normal 0 1 0
    outer loop
      vertex -413.0751253391376 150 150.19800199919513
      vertex -413.2400097395054 150 150.11154617337243
      vertex -413.2312968228757 150 153.16811748457806
    endloop
  endfacet
  facet normal 0 1 0
    outer loop
      vertex -413.2400097395054 150 150.11154617337243
      vertex -414.38438931443864 150 149.6549710811994
      vertex -414.4351016220344 150 153.41111427357154
    endloop
  endfacet
  facet normal 0 1 0
    outer loop
      vertex -414.38438931443864 150 149.6549710811994
      vertex -414.5953762999177 150 149.57079324016613
      vertex -414.4351016220344 150 153.41111427357154
    endloop
  endfacet
  facet normal 0 1 0
    outer loop
      vertex -414.5953762999177 150 149.57079324016613
      vertex -415.9815757573715 150 149.14010633606995
      vertex -416.2009103811532 150 153.65919120459685
    endloop
  endfacet
  facet normal 0 1 0
    outer loop
      vertex -415.9815757573715 150 149.14010633606995
      vertex -416.2371465935239 150 149.0607014489387
      vertex -416.5260146811924 150 153.69140881873668
    endloop
  endfacet
  facet normal 0 1 0
    outer loop
      vertex -458.307941302258 150 148.81442026647605
      vertex -461.2394008188109 150 153.33064110071533
      vertex -458.3854615772143 150 153.5214122186548
    endloop
  endfacet
  facet normal 0 1 0
    outer loop
      vertex -448.59926525676354 150 147.708250590334
      vertex -451.3097812658442 150 153.9150374361447
      vertex -450.73738948016296 150 153.94360144542796
    endloop
  endfacet
  facet normal 0 1 0
    outer loop
      vertex -451.5060334775065 150 147.99411404851293
      vertex -454.33277308328877 150 153.76418137816447
      vertex -451.3097812658442 150 153.9150374361447
    endloop
  endfacet
  facet normal 0 1 0
    outer loop
      vertex -454.9387526038502 150 148.38576636436795
      vertex -457.2859135407156 150 153.5904326410964
      vertex -454.33277308328877 150 153.76418137816447
    endloop
  endfacet
  facet normal 0 1 0
    outer loop
      vertex -454.9387526038502 150 148.38576636436795
      vertex -457.84507924198573 150 153.55753399045872
      vertex -457.2859135407156 150 153.5904326410964
    endloop
  endfacet
  facet normal 0 1 0
    outer loop
      vertex -457.7715601682929 150 148.7461777644764
      vertex -458.3854615772143 150 153.5214122186548
      vertex -457.84507924198573 150 153.55753399045872
    endloop
  endfacet
  facet normal 0 1 0
    outer loop
      vertex -448.04887995829006 150 147.65412345275814
      vertex -448.59926525676354 150 147.708250590334
      vertex -450.1571064120425 150 153.96705289291484
    endloop
  endfacet
  facet normal 0 1 0
    outer loop
      vertex -448.59926525676354 150 147.708250590334
      vertex -451.5060334775065 150 147.99411404851293
      vertex -451.3097812658442 150 153.9150374361447
    endloop
  endfacet
  facet normal 0 1 0
    outer loop
      vertex -451.5060334775065 150 147.99411404851293
      vertex -454.9387526038502 150 148.38576636436795
      vertex -454.33277308328877 150 153.76418137816447
    endloop
  endfacet
  facet normal 0 1 0
    outer loop
      vertex -454.9387526038502 150 148.38576636436795
      vertex -457.7715601682929 150 148.7461777644764
      vertex -457.84507924198573 150 153.55753399045872
    endloop
  endfacet
  facet normal 0 1 0
    outer loop
      vertex -457.7715601682929 150 148.7461777644764
      vertex -458.307941302258 150 148.81442026647605
      vertex -458.3854615772143 150 153.5214122186548
    endloop
  endfacet
  facet normal 0 1 0
    outer loop
      vertex -448.59926525676354 150 147.708250590334
      vertex -450.73738948016296 150 153.94360144542796
      vertex -450.1571064120425 150 153.96705289291484
    endloop
  endfacet
  facet normal 0 1 0
    outer loop
      vertex -462.0781747116042 150 149.342704148697
      vertex -463.9659635532381 150 153.13223908974655
      vertex -461.2394008188109 150 153.33064110071533
    endloop
  endfacet
  facet normal 0 1 0
    outer loop
      vertex -462.0781747116042 150 149.342704148697
      vertex -464.48222764062564 150 153.09467243749117
      vertex -463.9659635532381 150 153.13223908974655
    endloop
  endfacet
  facet normal 0 1 0
    outer loop
      vertex -464.7161018550396 150 149.73246456323457
      vertex -466.66498546847805 150 152.93433565034397
      vertex -464.48222764062564 150 153.09467243749117
    endloop
  endfacet
  facet normal 0 1 0
    outer loop
      vertex -478.19285714240476 150 151.74708821278597
      vertex -478.19285714240476 150 152.08754363137163
      vertex -466.66498546847805 150 152.93433565034397
    endloop
  endfacet
  facet normal 0 1 0
    outer loop
      vertex -464.7161018550396 150 149.73246456323457
      vertex -476.0473325267168 150 151.42635636430765
      vertex -466.66498546847805 150 152.93433565034397
    endloop
  endfacet
  facet normal 0 1 0
    outer loop
      vertex -476.0473325267168 150 151.42635636430765
      vertex -478.19285714240476 150 151.74708821278597
      vertex -466.66498546847805 150 152.93433565034397
    endloop
  endfacet
  facet normal 0 1 0
    outer loop
      vertex -461.05798358071064 150 149.19654978119902
      vertex -461.5786934295403 150 149.26890452472227
      vertex -461.2394008188109 150 153.33064110071533
    endloop
  endfacet
  facet normal 0 1 0
    outer loop
      vertex -461.5786934295403 150 149.26890452472227
      vertex -462.0781747116042 150 149.342704148697
      vertex -461.2394008188109 150 153.33064110071533
    endloop
  endfacet
  facet normal 0 1 0
    outer loop
      vertex -462.0781747116042 150 149.342704148697
      vertex -464.7161018550396 150 149.73246456323457
      vertex -464.48222764062564 150 153.09467243749117
    endloop
  endfacet
  facet normal 0 1 0
    outer loop
      vertex -458.307941302258 150 148.81442026647605
      vertex -461.05798358071064 150 149.19654978119902
      vertex -461.2394008188109 150 153.33064110071533
    endloop
  endfacet
  facet normal 0 1 0
    outer loop
      vertex -437.81704594154974 150 147.1109763818926
      vertex -438.35276019533296 150 147.12620310684932
      vertex -439.2370172132339 150 154.2922129072249
    endloop
  endfacet
  facet normal 0 1 0
    outer loop
      vertex -437.81704594154974 150 147.1109763818926
      vertex -439.2370172132339 150 154.2922129072249
      vertex -436.239265948534 150 154.3303673791566
    endloop
  endfacet
  facet normal 0 1 0
    outer loop
      vertex -438.35276019533296 150 147.12620310684932
      vertex -439.804629797382 150 154.28498850496752
      vertex -439.2370172132339 150 154.2922129072249
    endloop
  endfacet
  facet normal 0 1 0
    outer loop
      vertex -438.35276019533296 150 147.12620310684932
      vertex -440.3826899847814 150 154.27231810082282
      vertex -439.804629797382 150 154.28498850496752
    endloop
  endfacet
  facet normal 0 1 0
    outer loop
      vertex -441.18204573555187 150 147.2066205191825
      vertex -443.4356185161908 150 154.20540147261428
      vertex -440.3826899847814 150 154.27231810082282
    endloop
  endfacet
  facet normal 0 1 0
    outer loop
      vertex -441.18204573555187 150 147.2066205191825
      vertex -444.0177910249414 150 154.18717386666685
      vertex -443.4356185161908 150 154.20540147261428
    endloop
  endfacet
  facet normal 0 1 0
    outer loop
      vertex -444.05652979615013 150 147.35923757909663
      vertex -444.6008022125544 150 147.38813502847086
      vertex -444.0177910249414 150 154.18717386666685
    endloop
  endfacet
  facet normal 0 1 0
    outer loop
      vertex -444.6008022125544 150 147.38813502847086
      vertex -445.14974263057644 150 147.43048088225936
      vertex -444.0177910249414 150 154.18717386666685
    endloop
  endfacet
  facet normal 0 1 0
    outer loop
      vertex -445.14974263057644 150 147.43048088225936
      vertex -448.04887995829006 150 147.65412345275814
      vertex -447.0924381052277 150 154.0909078033375
    endloop
  endfacet
  facet normal 0 1 0
    outer loop
      vertex -441.18204573555187 150 147.2066205191825
      vertex -444.05652979615013 150 147.35923757909663
      vertex -444.0177910249414 150 154.18717386666685
    endloop
  endfacet
  facet normal 0 1 0
    outer loop
      vertex -438.35276019533296 150 147.12620310684932
      vertex -441.18204573555187 150 147.2066205191825
      vertex -440.3826899847814 150 154.27231810082282
    endloop
  endfacet
  facet normal 0 1 0
    outer loop
      vertex -434.533029136381 150 147.09910767405694
      vertex -436.239265948534 150 154.3303673791566
      vertex -433.32838884541496 150 154.33975886699878
    endloop
  endfacet
  facet normal 0 1 0
    outer loop
      vertex -434.533029136381 150 147.09910767405694
      vertex -437.81704594154974 150 147.1109763818926
      vertex -436.239265948534 150 154.3303673791566
    endloop
  endfacet
  facet normal 0 1 0
    outer loop
      vertex -434.0277683325112 150 147.10999983748687
      vertex -434.533029136381 150 147.09910767405694
      vertex -433.32838884541496 150 154.33975886699878
    endloop
  endfacet
  facet normal 0 1 0
    outer loop
      vertex -431.3593176101734 150 147.16752498463862
      vertex -434.0277683325112 150 147.10999983748687
      vertex -433.32838884541496 150 154.33975886699878
    endloop
  endfacet
  facet normal 0 1 0
    outer loop
      vertex -428.81178663897197 150 147.28903160071266
      vertex -431.3593176101734 150 147.16752498463862
      vertex -432.7772255466719 150 154.34153710771352
    endloop
  endfacet
  facet normal 0 1 0
    outer loop
      vertex -428.32942152249495 150 147.31203840819322
      vertex -428.81178663897197 150 147.28903160071266
      vertex -428.9579005242725 150 154.30927421565033
    endloop
  endfacet
  facet normal 0 1 0
    outer loop
      vertex -427.8745089749406 150 147.34682649946106
      vertex -428.32942152249495 150 147.31203840819322
      vertex -428.9579005242725 150 154.30927421565033
    endloop
  endfacet
  facet normal 0 1 0
    outer loop
      vertex -425.4719641706241 150 147.5305540100006
      vertex -427.8745089749406 150 147.34682649946106
      vertex -426.31879923705543 150 154.2605541053095
    endloop
  endfacet
  facet normal 0 1 0
    outer loop
      vertex -445.14974263057644 150 147.43048088225936
      vertex -447.0924381052277 150 154.0909078033375
      vertex -444.0177910249414 150 154.18717386666685
    endloop
  endfacet
  facet normal 0 1 0
    outer loop
      vertex -448.04887995829006 150 147.65412345275814
      vertex -450.1571064120425 150 153.96705289291484
      vertex -447.0924381052277 150 154.0909078033375
    endloop
  endfacet
endsolid OpenSCAD_Model
