solid OpenSCAD_Model
  facet normal 0.9048270524660208 -0.42577929156507016 0
    outer loop
      vertex -113.26412107271274 -0.6976246384149554 352
      vertex -113.26412107271274 -0.6976246384149554 350
      vertex -112.89216742895343 0.09281708997356697 350
    endloop
  endfacet
  facet normal 0 0 -1
    outer loop
      vertex -118.55813450983644 3.406614977586638 350
      vertex -118.65883361127642 3.5011777281184484 350
      vertex -112.62221536853541 4.3835822199815295 350
    endloop
  endfacet
  facet normal 0 0 -1
    outer loop
      vertex -118.65883361127642 3.5011777281184484 350
      vertex -118.77059052552309 3.5823738791172968 350
      vertex -112.62221536853541 4.3835822199815295 350
    endloop
  endfacet
  facet normal 0 0 -1
    outer loop
      vertex -118.77059052552309 3.5823738791172968 350
      vertex -118.8916427792784 3.6489229187777017 350
      vertex -112.62221536853541 4.3835822199815295 350
    endloop
  endfacet
  facet normal 0 0 -1
    outer loop
      vertex -118.8916427792784 3.6489229187777017 350
      vertex -119.02008130618755 3.699775328989749 350
      vertex -112.62221536853541 4.3835822199815295 350
    endloop
  endfacet
  facet normal 0 0 -1
    outer loop
      vertex -112.89216742895343 5.214409232156591 350
      vertex -119.29093042851774 3.7514425623361793 350
      vertex -119.42906957148223 3.7514425623361793 350
    endloop
  endfacet
  facet normal 0 0 -1
    outer loop
      vertex -119.02008130618755 3.699775328989749 350
      vertex -119.15388055395569 3.7341291368666383 350
      vertex -112.62221536853541 4.3835822199815295 350
    endloop
  endfacet
  facet normal 0 0 -1
    outer loop
      vertex -119.15388055395569 3.7341291368666383 350
      vertex -119.29093042851774 3.7514425623361793 350
      vertex -112.62221536853541 4.3835822199815295 350
    endloop
  endfacet
  facet normal 0.998026728428272 -0.06279051952930763 0
    outer loop
      vertex -112.45852219671303 1.7817537598162292 350
      vertex -112.4036694525915 2.6536131610650804 350
      vertex -112.4036694525915 2.6536131610650804 352
    endloop
  endfacet
  facet normal 0.982287250728689 -0.18738131458572227 0
    outer loop
      vertex -112.62221536853541 0.9236441021486335 352
      vertex -112.62221536853541 0.9236441021486335 350
      vertex -112.45852219671303 1.7817537598162292 350
    endloop
  endfacet
  facet normal 0.9510565162951519 -0.3090169943749526 0
    outer loop
      vertex -112.62221536853541 0.9236441021486335 350
      vertex -112.62221536853541 0.9236441021486335 352
      vertex -112.89216742895343 0.09281708997356697 350
    endloop
  endfacet
  facet normal 0 0 -1
    outer loop
      vertex -118.47008130618754 3.3001769385868007 350
      vertex -112.62221536853541 4.3835822199815295 350
      vertex -118.39606265195174 3.1835422025769673 350
    endloop
  endfacet
  facet normal 0.8443279255020152 -0.5358267949789964 0
    outer loop
      vertex -113.26412107271274 -0.6976246384149554 350
      vertex -113.26412107271274 -0.6976246384149554 352
      vertex -113.73221036865694 -1.4352153447732556 350
    endloop
  endfacet
  facet normal 0.770513242775786 -0.6374239897486936 0
    outer loop
      vertex -114.28905326896599 -2.108322783046729 350
      vertex -113.73221036865694 -1.4352153447732556 350
      vertex -113.73221036865694 -1.4352153447732556 352
    endloop
  endfacet
  facet normal 0.684547105928695 -0.7289686274214056 0
    outer loop
      vertex -114.28905326896599 -2.108322783046729 350
      vertex -114.92586802846017 -2.7063316468389136 352
      vertex -114.92586802846017 -2.7063316468389136 350
    endloop
  endfacet
  facet normal 0.5877852522924717 -0.8090169943749486 0
    outer loop
      vertex -115.6326116979676 -3.2198109791346265 352
      vertex -115.6326116979676 -3.2198109791346265 350
      vertex -114.92586802846017 -2.7063316468389136 350
    endloop
  endfacet
  facet normal 0.4817536741017129 -0.8763066800438648 0
    outer loop
      vertex -115.6326116979676 -3.2198109791346265 350
      vertex -115.6326116979676 -3.2198109791346265 352
      vertex -116.39813850763193 -3.6406629041258745 350
    endloop
  endfacet
  facet normal 0.3681245526846761 -0.9297764858882521 0
    outer loop
      vertex -117.21037564236119 -3.9622503355507943 350
      vertex -116.39813850763193 -3.6406629041258745 350
      vertex -116.39813850763193 -3.6406629041258745 352
    endloop
  endfacet
  facet normal 0.2486898871648557 -0.968583161128631 0
    outer loop
      vertex -118.05651363733375 -4.179501647508797 352
      vertex -118.05651363733375 -4.179501647508797 350
      vertex -117.21037564236119 -3.9622503355507943 350
    endloop
  endfacet
  facet normal 0.1253332335643046 -0.9921147013144778 0
    outer loop
      vertex -118.92320839091057 -4.28899065703066 350
      vertex -118.05651363733375 -4.179501647508797 350
      vertex -118.05651363733375 -4.179501647508797 352
    endloop
  endfacet
  facet normal 0 0 -1
    outer loop
      vertex -118.26867382855406 2.5157466041443457 350
      vertex -112.4036694525915 2.6536131610650804 350
      vertex -112.45852219671303 1.7817537598162292 350
    endloop
  endfacet
  facet normal 0.24868988716485665 0.9685831611286306 0
    outer loop
      vertex -117.21037564236119 9.269476657680954 350
      vertex -118.05651363733375 9.486727969638958 350
      vertex -118.05651363733375 9.486727969638958 352
    endloop
  endfacet
  facet normal 0.8443279255020151 0.5358267949789965 0
    outer loop
      vertex -113.73221036865694 6.742441666903416 350
      vertex -113.73221036865694 6.742441666903416 352
      vertex -113.26412107271274 6.004850960545117 350
    endloop
  endfacet
  facet normal 0.7705132427757868 0.6374239897486925 0
    outer loop
      vertex -113.73221036865694 6.742441666903416 350
      vertex -114.28905326896599 7.415549105176892 350
      vertex -113.73221036865694 6.742441666903416 352
    endloop
  endfacet
  facet normal 0.587785252292478 0.8090169943749439 0
    outer loop
      vertex -114.92586802846019 8.013557968969074 350
      vertex -115.6326116979676 8.527037301264786 350
      vertex -114.92586802846019 8.013557968969074 352
    endloop
  endfacet
  facet normal 0.684547105928686 0.7289686274214142 0
    outer loop
      vertex -114.92586802846019 8.013557968969074 350
      vertex -114.92586802846019 8.013557968969074 352
      vertex -114.28905326896599 7.415549105176892 350
    endloop
  endfacet
  facet normal 0.9048270524660215 0.4257792915650686 0
    outer loop
      vertex -112.89216742895343 5.214409232156591 350
      vertex -113.26412107271274 6.004850960545117 350
      vertex -112.89216742895343 5.214409232156591 352
    endloop
  endfacet
  facet normal 0.9510565162951513 0.3090169943749544 0
    outer loop
      vertex -112.62221536853541 4.3835822199815295 352
      vertex -112.62221536853541 4.3835822199815295 350
      vertex -112.89216742895343 5.214409232156591 350
    endloop
  endfacet
  facet normal 0.9822872507286892 0.1873813145857221 0
    outer loop
      vertex -112.62221536853541 4.3835822199815295 350
      vertex -112.62221536853541 4.3835822199815295 352
      vertex -112.45852219671303 3.525472562313933 350
    endloop
  endfacet
  facet normal 0.998026728428272 0.06279051952930753 0
    outer loop
      vertex -112.4036694525915 2.6536131610650804 352
      vertex -112.4036694525915 2.6536131610650804 350
      vertex -112.45852219671303 3.525472562313933 350
    endloop
  endfacet
  facet normal 0.48175367410171366 0.8763066800438644 0
    outer loop
      vertex -115.6326116979676 8.527037301264786 350
      vertex -116.39813850763193 8.947889226256034 350
      vertex -115.6326116979676 8.527037301264786 352
    endloop
  endfacet
  facet normal 0.3681245526846761 0.9297764858882521 0
    outer loop
      vertex -116.39813850763193 8.947889226256034 350
      vertex -117.21037564236119 9.269476657680954 350
      vertex -117.21037564236119 9.269476657680954 352
    endloop
  endfacet
  facet normal 0 0 -1
    outer loop
      vertex -118.55813450983644 1.900611344543523 350
      vertex -112.45852219671303 1.7817537598162292 350
      vertex -112.62221536853541 0.9236441021486335 350
    endloop
  endfacet
  facet normal 0.1253332335643056 0.9921147013144778 0
    outer loop
      vertex -118.05651363733375 9.486727969638958 350
      vertex -118.92320839091057 9.596216979160822 350
      vertex -118.05651363733375 9.486727969638958 352
    endloop
  endfacet
  facet normal 0 0 -1
    outer loop
      vertex -112.89216742895343 5.214409232156591 350
      vertex -112.62221536853541 4.3835822199815295 350
      vertex -119.29093042851774 3.7514425623361793 350
    endloop
  endfacet
  facet normal 0 0 -1
    outer loop
      vertex -112.62221536853541 4.3835822199815295 350
      vertex -112.45852219671303 3.525472562313933 350
      vertex -118.39606265195174 3.1835422025769673 350
    endloop
  endfacet
  facet normal 0 0 -1
    outer loop
      vertex -112.45852219671303 3.525472562313933 350
      vertex -112.4036694525915 2.6536131610650804 350
      vertex -118.25999999999999 2.6536131610650804 350
    endloop
  endfacet
  facet normal 0 0 -1
    outer loop
      vertex -118.3372458655229 3.0585501690182264 350
      vertex -118.39606265195174 3.1835422025769673 350
      vertex -112.45852219671303 3.525472562313933 350
    endloop
  endfacet
  facet normal 0 0 -1
    outer loop
      vertex -118.29455852275849 2.9271720369464207 350
      vertex -118.3372458655229 3.0585501690182264 350
      vertex -112.45852219671303 3.525472562313933 350
    endloop
  endfacet
  facet normal 0 0 -1
    outer loop
      vertex -118.29455852275849 2.9271720369464207 350
      vertex -112.45852219671303 3.525472562313933 350
      vertex -118.26867382855406 2.791479717985815 350
    endloop
  endfacet
  facet normal 0 0 -1
    outer loop
      vertex -112.45852219671303 3.525472562313933 350
      vertex -118.25999999999999 2.6536131610650804 350
      vertex -118.26867382855406 2.791479717985815 350
    endloop
  endfacet
  facet normal 0 0 -1
    outer loop
      vertex -118.47008130618754 3.3001769385868007 350
      vertex -118.55813450983644 3.406614977586638 350
      vertex -112.62221536853541 4.3835822199815295 350
    endloop
  endfacet
  facet normal 0 0 -1
    outer loop
      vertex -113.26412107271274 -0.6976246384149554 350
      vertex -137.99742398974868 1.883099918289291 350
      vertex -112.89216742895343 0.09281708997356697 350
    endloop
  endfacet
  facet normal 0 0 -1
    outer loop
      vertex -137.99742398974868 1.883099918289291 350
      vertex -117.21037564236119 9.269476657680954 350
      vertex -116.39813850763193 8.947889226256034 350
    endloop
  endfacet
  facet normal 0 0 -1
    outer loop
      vertex -137.99742398974868 1.883099918289291 350
      vertex -118.05651363733375 9.486727969638958 350
      vertex -117.21037564236119 9.269476657680954 350
    endloop
  endfacet
  facet normal 0 0 -1
    outer loop
      vertex -137.99742398974868 1.883099918289291 350
      vertex -118.92320839091057 9.596216979160822 350
      vertex -118.05651363733375 9.486727969638958 350
    endloop
  endfacet
  facet normal 0 0 -1
    outer loop
      vertex -137.99742398974868 1.883099918289291 350
      vertex -114.92586802846019 8.013557968969074 350
      vertex -114.28905326896599 7.415549105176892 350
    endloop
  endfacet
  facet normal 0 0 -1
    outer loop
      vertex -137.99742398974868 1.883099918289291 350
      vertex -115.6326116979676 8.527037301264786 350
      vertex -114.92586802846019 8.013557968969074 350
    endloop
  endfacet
  facet normal 0 0 -1
    outer loop
      vertex -137.99742398974868 1.883099918289291 350
      vertex -112.89216742895343 5.214409232156591 350
      vertex -119.42906957148223 3.7514425623361793 350
    endloop
  endfacet
  facet normal 0 -1 0
    outer loop
      vertex -119.7967916090894 -4.28899065703066 350
      vertex -118.92320839091057 -4.28899065703066 350
      vertex -119.7967916090894 -4.28899065703066 352
    endloop
  endfacet
  facet normal -0.1253332335643046 -0.9921147013144778 0
    outer loop
      vertex -120.66348636266622 -4.179501647508797 352
      vertex -120.66348636266622 -4.179501647508797 350
      vertex -119.7967916090894 -4.28899065703066 350
    endloop
  endfacet
  facet normal -0.2486898871648557 -0.968583161128631 0
    outer loop
      vertex -120.66348636266622 -4.179501647508797 350
      vertex -120.66348636266622 -4.179501647508797 352
      vertex -121.50962435763878 -3.9622503355507943 350
    endloop
  endfacet
  facet normal 0 0 -1
    outer loop
      vertex -112.89216742895343 0.09281708997356697 350
      vertex -137.99742398974868 1.883099918289291 350
      vertex -112.62221536853541 0.9236441021486335 350
    endloop
  endfacet
  facet normal 0 0 -1
    outer loop
      vertex -115.6326116979676 8.527037301264786 350
      vertex -137.99742398974868 1.883099918289291 350
      vertex -116.39813850763193 8.947889226256034 350
    endloop
  endfacet
  facet normal 0 0 -1
    outer loop
      vertex -113.73221036865694 -1.4352153447732556 350
      vertex -137.99742398974868 1.883099918289291 350
      vertex -113.26412107271274 -0.6976246384149554 350
    endloop
  endfacet
  facet normal 0 0 -1
    outer loop
      vertex -114.28905326896599 -2.108322783046729 350
      vertex -137.99742398974868 1.883099918289291 350
      vertex -113.73221036865694 -1.4352153447732556 350
    endloop
  endfacet
  facet normal 0 0 -1
    outer loop
      vertex -112.62221536853541 0.9236441021486335 350
      vertex -137.99742398974868 1.883099918289291 350
      vertex -119.42906957148223 1.5557837597939816 350
    endloop
  endfacet
  facet normal 0 0 -1
    outer loop
      vertex -114.92586802846017 -2.7063316468389136 350
      vertex -137.99742398974868 1.883099918289291 350
      vertex -114.28905326896599 -2.108322783046729 350
    endloop
  endfacet
  facet normal 0 0 -1
    outer loop
      vertex -115.6326116979676 -3.2198109791346265 350
      vertex -137.99742398974868 1.883099918289291 350
      vertex -114.92586802846017 -2.7063316468389136 350
    endloop
  endfacet
  facet normal 0 0 -1
    outer loop
      vertex -116.39813850763193 -3.6406629041258745 350
      vertex -137.99742398974868 1.883099918289291 350
      vertex -115.6326116979676 -3.2198109791346265 350
    endloop
  endfacet
  facet normal 0 0 -1
    outer loop
      vertex -117.21037564236119 -3.9622503355507943 350
      vertex -137.99742398974868 1.883099918289291 350
      vertex -116.39813850763193 -3.6406629041258745 350
    endloop
  endfacet
  facet normal 0 0 -1
    outer loop
      vertex -118.05651363733375 -4.179501647508797 350
      vertex -137.99742398974868 1.883099918289291 350
      vertex -117.21037564236119 -3.9622503355507943 350
    endloop
  endfacet
  facet normal 0 0 -1
    outer loop
      vertex -118.92320839091057 -4.28899065703066 350
      vertex -137.99742398974868 1.883099918289291 350
      vertex -118.05651363733375 -4.179501647508797 350
    endloop
  endfacet
  facet normal 0 0 -1
    outer loop
      vertex -119.15388055395569 1.573097185263523 350
      vertex -119.02008130618755 1.6074509931404115 350
      vertex -112.62221536853541 0.9236441021486335 350
    endloop
  endfacet
  facet normal 0 0 -1
    outer loop
      vertex -112.4036694525915 2.6536131610650804 350
      vertex -118.26867382855406 2.5157466041443457 350
      vertex -118.25999999999999 2.6536131610650804 350
    endloop
  endfacet
  facet normal 0 0 -1
    outer loop
      vertex -118.29455852275849 2.3800542851837405 350
      vertex -118.26867382855406 2.5157466041443457 350
      vertex -112.45852219671303 1.7817537598162292 350
    endloop
  endfacet
  facet normal 0 0 -1
    outer loop
      vertex -118.29455852275849 2.3800542851837405 350
      vertex -112.45852219671303 1.7817537598162292 350
      vertex -118.3372458655229 2.2486761531119344 350
    endloop
  endfacet
  facet normal 0 0 -1
    outer loop
      vertex -112.45852219671303 1.7817537598162292 350
      vertex -118.39606265195174 2.1236841195531935 350
      vertex -118.3372458655229 2.2486761531119344 350
    endloop
  endfacet
  facet normal 0 0 -1
    outer loop
      vertex -112.45852219671303 1.7817537598162292 350
      vertex -118.47008130618754 2.00704938354336 350
      vertex -118.39606265195174 2.1236841195531935 350
    endloop
  endfacet
  facet normal 0 0 -1
    outer loop
      vertex -112.45852219671303 1.7817537598162292 350
      vertex -118.55813450983644 1.900611344543523 350
      vertex -118.47008130618754 2.00704938354336 350
    endloop
  endfacet
  facet normal 0 0 -1
    outer loop
      vertex -118.65883361127642 1.8060485940117124 350
      vertex -118.55813450983644 1.900611344543523 350
      vertex -112.62221536853541 0.9236441021486335 350
    endloop
  endfacet
  facet normal 0 0 -1
    outer loop
      vertex -118.77059052552309 1.7248524430128636 350
      vertex -118.65883361127642 1.8060485940117124 350
      vertex -112.62221536853541 0.9236441021486335 350
    endloop
  endfacet
  facet normal 0 0 -1
    outer loop
      vertex -118.8916427792784 1.6583034033524586 350
      vertex -118.77059052552309 1.7248524430128636 350
      vertex -112.62221536853541 0.9236441021486335 350
    endloop
  endfacet
  facet normal 0 0 -1
    outer loop
      vertex -119.02008130618755 1.6074509931404115 350
      vertex -118.8916427792784 1.6583034033524586 350
      vertex -112.62221536853541 0.9236441021486335 350
    endloop
  endfacet
  facet normal -0.2486898871648557 -0.968583161128631 0
    outer loop
      vertex -121.50962435763878 -3.9622503355507943 352
      vertex -121.50962435763878 -3.9622503355507943 350
      vertex -120.66348636266622 -4.179501647508797 352
    endloop
  endfacet
  facet normal 0 0 -1
    outer loop
      vertex -119.29093042851774 1.5557837597939816 350
      vertex -119.15388055395569 1.573097185263523 350
      vertex -112.62221536853541 0.9236441021486335 350
    endloop
  endfacet
  facet normal 0 0 -1
    outer loop
      vertex -119.29093042851774 1.5557837597939816 350
      vertex -112.62221536853541 0.9236441021486335 350
      vertex -119.42906957148223 1.5557837597939816 350
    endloop
  endfacet
  facet normal 0 1 0
    outer loop
      vertex -118.92320839091057 9.596216979160822 350
      vertex -119.7967916090894 9.596216979160822 350
      vertex -119.7967916090894 9.596216979160822 352
    endloop
  endfacet
  facet normal -0.1253332335643056 0.9921147013144778 0
    outer loop
      vertex -119.7967916090894 9.596216979160822 350
      vertex -120.66348636266622 9.486727969638958 350
      vertex -119.7967916090894 9.596216979160822 352
    endloop
  endfacet
  facet normal -0.24868988716485665 0.9685831611286306 0
    outer loop
      vertex -120.66348636266622 9.486727969638958 350
      vertex -121.50962435763878 9.269476657680954 350
      vertex -121.50962435763878 9.269476657680954 352
    endloop
  endfacet
  facet normal -0.33081963472291737 0.943694001931662 0
    outer loop
      vertex -121.50962435763878 9.269476657680954 350
      vertex -123.57669257798406 8.544849021813565 350
      vertex -123.57669257798406 8.544849021813565 352
    endloop
  endfacet
  facet normal 0 0 -1
    outer loop
      vertex -113.73221036865694 6.742441666903416 350
      vertex -137.99742398974868 1.883099918289291 350
      vertex -114.28905326896599 7.415549105176892 350
    endloop
  endfacet
  facet normal 0 0 -1
    outer loop
      vertex -113.26412107271274 6.004850960545117 350
      vertex -137.99742398974868 1.883099918289291 350
      vertex -113.73221036865694 6.742441666903416 350
    endloop
  endfacet
  facet normal 0 0 -1
    outer loop
      vertex -137.99742398974868 1.883099918289291 350
      vertex -113.26412107271274 6.004850960545117 350
      vertex -112.89216742895343 5.214409232156591 350
    endloop
  endfacet
  facet normal 0 0 1
    outer loop
      vertex -118.3372458655229 2.2486761531119344 352
      vertex -112.45852219671303 1.7817537598162292 352
      vertex -118.29455852275849 2.3800542851837405 352
    endloop
  endfacet
  facet normal 0.9822872507286892 0.1873813145857221 0
    outer loop
      vertex -112.62221536853541 4.3835822199815295 352
      vertex -112.45852219671303 3.525472562313933 352
      vertex -112.45852219671303 3.525472562313933 350
    endloop
  endfacet
  facet normal 0.998026728428272 0.06279051952930753 0
    outer loop
      vertex -112.4036694525915 2.6536131610650804 352
      vertex -112.45852219671303 3.525472562313933 350
      vertex -112.45852219671303 3.525472562313933 352
    endloop
  endfacet
  facet normal 0.48175367410171366 0.8763066800438644 0
    outer loop
      vertex -115.6326116979676 8.527037301264786 352
      vertex -116.39813850763193 8.947889226256034 350
      vertex -116.39813850763193 8.947889226256034 352
    endloop
  endfacet
  facet normal 0.3681245526846761 0.9297764858882521 0
    outer loop
      vertex -116.39813850763193 8.947889226256034 350
      vertex -117.21037564236119 9.269476657680954 352
      vertex -116.39813850763193 8.947889226256034 352
    endloop
  endfacet
  facet normal 0.24868988716485665 0.9685831611286306 0
    outer loop
      vertex -117.21037564236119 9.269476657680954 352
      vertex -117.21037564236119 9.269476657680954 350
      vertex -118.05651363733375 9.486727969638958 352
    endloop
  endfacet
  facet normal 0.1253332335643056 0.9921147013144778 0
    outer loop
      vertex -118.05651363733375 9.486727969638958 352
      vertex -118.92320839091057 9.596216979160822 350
      vertex -118.92320839091057 9.596216979160822 352
    endloop
  endfacet
  facet normal 0 0 1
    outer loop
      vertex -112.45852219671303 1.7817537598162292 352
      vertex -112.4036694525915 2.6536131610650804 352
      vertex -118.26867382855406 2.5157466041443457 352
    endloop
  endfacet
  facet normal 0 0 1
    outer loop
      vertex -112.62221536853541 0.9236441021486335 352
      vertex -112.45852219671303 1.7817537598162292 352
      vertex -118.65883361127642 1.8060485940117124 352
    endloop
  endfacet
  facet normal 0 0 1
    outer loop
      vertex -118.25999999999999 2.6536131610650804 352
      vertex -118.26867382855406 2.5157466041443457 352
      vertex -112.4036694525915 2.6536131610650804 352
    endloop
  endfacet
  facet normal 0 0 1
    outer loop
      vertex -112.45852219671303 1.7817537598162292 352
      vertex -118.26867382855406 2.5157466041443457 352
      vertex -118.29455852275849 2.3800542851837405 352
    endloop
  endfacet
  facet normal 0.9510565162951513 0.3090169943749544 0
    outer loop
      vertex -112.62221536853541 4.3835822199815295 352
      vertex -112.89216742895343 5.214409232156591 350
      vertex -112.89216742895343 5.214409232156591 352
    endloop
  endfacet
  facet normal 0 0 1
    outer loop
      vertex -118.3372458655229 2.2486761531119344 352
      vertex -118.39606265195174 2.1236841195531935 352
      vertex -112.45852219671303 1.7817537598162292 352
    endloop
  endfacet
  facet normal 0 0 1
    outer loop
      vertex -118.39606265195174 2.1236841195531935 352
      vertex -118.47008130618754 2.00704938354336 352
      vertex -112.45852219671303 1.7817537598162292 352
    endloop
  endfacet
  facet normal 0 0 1
    outer loop
      vertex -118.47008130618754 2.00704938354336 352
      vertex -118.55813450983644 1.900611344543523 352
      vertex -112.45852219671303 1.7817537598162292 352
    endloop
  endfacet
  facet normal 0 0 1
    outer loop
      vertex -118.55813450983644 1.900611344543523 352
      vertex -118.65883361127642 1.8060485940117124 352
      vertex -112.45852219671303 1.7817537598162292 352
    endloop
  endfacet
  facet normal 0 0 1
    outer loop
      vertex -112.62221536853541 0.9236441021486335 352
      vertex -118.65883361127642 1.8060485940117124 352
      vertex -118.77059052552309 1.7248524430128636 352
    endloop
  endfacet
  facet normal 0 0 1
    outer loop
      vertex -112.62221536853541 0.9236441021486335 352
      vertex -118.77059052552309 1.7248524430128636 352
      vertex -118.8916427792784 1.6583034033524586 352
    endloop
  endfacet
  facet normal 0 0 1
    outer loop
      vertex -112.62221536853541 0.9236441021486335 352
      vertex -118.8916427792784 1.6583034033524586 352
      vertex -119.02008130618755 1.6074509931404115 352
    endloop
  endfacet
  facet normal 0 0 1
    outer loop
      vertex -112.62221536853541 0.9236441021486335 352
      vertex -119.02008130618755 1.6074509931404115 352
      vertex -119.15388055395569 1.573097185263523 352
    endloop
  endfacet
  facet normal 0 0 1
    outer loop
      vertex -112.62221536853541 0.9236441021486335 352
      vertex -119.15388055395569 1.573097185263523 352
      vertex -119.29093042851774 1.5557837597939816 352
    endloop
  endfacet
  facet normal 0 0 1
    outer loop
      vertex -118.8916427792784 3.6489229187777017 352
      vertex -118.77059052552309 3.5823738791172968 352
      vertex -112.62221536853541 4.3835822199815295 352
    endloop
  endfacet
  facet normal 0 0 1
    outer loop
      vertex -118.39606265195174 3.1835422025769673 352
      vertex -112.45852219671303 3.525472562313933 352
      vertex -112.62221536853541 4.3835822199815295 352
    endloop
  endfacet
  facet normal 0 0 1
    outer loop
      vertex -118.25999999999999 2.6536131610650804 352
      vertex -112.4036694525915 2.6536131610650804 352
      vertex -112.45852219671303 3.525472562313933 352
    endloop
  endfacet
  facet normal 0 0 1
    outer loop
      vertex -112.45852219671303 3.525472562313933 352
      vertex -118.39606265195174 3.1835422025769673 352
      vertex -118.3372458655229 3.0585501690182264 352
    endloop
  endfacet
  facet normal 0 0 1
    outer loop
      vertex -112.45852219671303 3.525472562313933 352
      vertex -118.3372458655229 3.0585501690182264 352
      vertex -118.29455852275849 2.9271720369464207 352
    endloop
  endfacet
  facet normal 0 0 1
    outer loop
      vertex -118.26867382855406 2.791479717985815 352
      vertex -112.45852219671303 3.525472562313933 352
      vertex -118.29455852275849 2.9271720369464207 352
    endloop
  endfacet
  facet normal 0 0 1
    outer loop
      vertex -118.26867382855406 2.791479717985815 352
      vertex -118.25999999999999 2.6536131610650804 352
      vertex -112.45852219671303 3.525472562313933 352
    endloop
  endfacet
  facet normal 0 0 1
    outer loop
      vertex -118.55813450983644 3.406614977586638 352
      vertex -118.47008130618754 3.3001769385868007 352
      vertex -112.62221536853541 4.3835822199815295 352
    endloop
  endfacet
  facet normal 0 0 1
    outer loop
      vertex -118.47008130618754 3.3001769385868007 352
      vertex -118.39606265195174 3.1835422025769673 352
      vertex -112.62221536853541 4.3835822199815295 352
    endloop
  endfacet
  facet normal 0 0 1
    outer loop
      vertex -118.65883361127642 3.5011777281184484 352
      vertex -118.55813450983644 3.406614977586638 352
      vertex -112.62221536853541 4.3835822199815295 352
    endloop
  endfacet
  facet normal 0 0 1
    outer loop
      vertex -118.77059052552309 3.5823738791172968 352
      vertex -118.65883361127642 3.5011777281184484 352
      vertex -112.62221536853541 4.3835822199815295 352
    endloop
  endfacet
  facet normal 0 0 1
    outer loop
      vertex -119.42906957148223 1.5557837597939816 352
      vertex -112.62221536853541 0.9236441021486335 352
      vertex -119.29093042851774 1.5557837597939816 352
    endloop
  endfacet
  facet normal 0 0 1
    outer loop
      vertex -119.02008130618755 3.699775328989749 352
      vertex -118.8916427792784 3.6489229187777017 352
      vertex -112.62221536853541 4.3835822199815295 352
    endloop
  endfacet
  facet normal 0 0 1
    outer loop
      vertex -119.15388055395569 3.7341291368666383 352
      vertex -119.02008130618755 3.699775328989749 352
      vertex -112.62221536853541 4.3835822199815295 352
    endloop
  endfacet
  facet normal 0 0 1
    outer loop
      vertex -119.29093042851774 3.7514425623361793 352
      vertex -119.15388055395569 3.7341291368666383 352
      vertex -112.62221536853541 4.3835822199815295 352
    endloop
  endfacet
  facet normal 0 0 1
    outer loop
      vertex -119.42906957148223 3.7514425623361793 352
      vertex -119.29093042851774 3.7514425623361793 352
      vertex -112.62221536853541 4.3835822199815295 352
    endloop
  endfacet
  facet normal 0.8443279255020151 0.5358267949789965 0
    outer loop
      vertex -113.73221036865694 6.742441666903416 352
      vertex -113.26412107271274 6.004850960545117 352
      vertex -113.26412107271274 6.004850960545117 350
    endloop
  endfacet
  facet normal 0.587785252292478 0.8090169943749439 0
    outer loop
      vertex -114.92586802846019 8.013557968969074 352
      vertex -115.6326116979676 8.527037301264786 350
      vertex -115.6326116979676 8.527037301264786 352
    endloop
  endfacet
  facet normal 0.7705132427757868 0.6374239897486925 0
    outer loop
      vertex -113.73221036865694 6.742441666903416 352
      vertex -114.28905326896599 7.415549105176892 350
      vertex -114.28905326896599 7.415549105176892 352
    endloop
  endfacet
  facet normal 0.684547105928686 0.7289686274214142 0
    outer loop
      vertex -114.92586802846019 8.013557968969074 352
      vertex -114.28905326896599 7.415549105176892 352
      vertex -114.28905326896599 7.415549105176892 350
    endloop
  endfacet
  facet normal 0.9048270524660215 0.4257792915650686 0
    outer loop
      vertex -112.89216742895343 5.214409232156591 352
      vertex -113.26412107271274 6.004850960545117 350
      vertex -113.26412107271274 6.004850960545117 352
    endloop
  endfacet
  facet normal 0 0 1
    outer loop
      vertex -138.16901699437494 2.065827908772607 352
      vertex -114.28905326896599 -2.108322783046729 352
      vertex -113.73221036865694 -1.4352153447732556 352
    endloop
  endfacet
  facet normal 0 0 1
    outer loop
      vertex -118.92320839091057 9.596216979160822 352
      vertex -138.16901699437494 2.065827908772607 352
      vertex -118.05651363733375 9.486727969638958 352
    endloop
  endfacet
  facet normal 0 0 1
    outer loop
      vertex -138.16901699437494 2.065827908772607 352
      vertex -114.28905326896599 7.415549105176892 352
      vertex -114.92586802846019 8.013557968969074 352
    endloop
  endfacet
  facet normal 0 0 1
    outer loop
      vertex -119.42906957148223 3.7514425623361793 352
      vertex -112.62221536853541 4.3835822199815295 352
      vertex -138.16901699437494 2.065827908772607 352
    endloop
  endfacet
  facet normal 0 1 0
    outer loop
      vertex -118.92320839091057 9.596216979160822 350
      vertex -119.7967916090894 9.596216979160822 352
      vertex -118.92320839091057 9.596216979160822 352
    endloop
  endfacet
  facet normal -0.1253332335643056 0.9921147013144778 0
    outer loop
      vertex -119.7967916090894 9.596216979160822 352
      vertex -120.66348636266622 9.486727969638958 350
      vertex -120.66348636266622 9.486727969638958 352
    endloop
  endfacet
  facet normal -0.24868988716485665 0.9685831611286306 0
    outer loop
      vertex -120.66348636266622 9.486727969638958 350
      vertex -121.50962435763878 9.269476657680954 352
      vertex -120.66348636266622 9.486727969638958 352
    endloop
  endfacet
  facet normal -0.33081963472291737 0.943694001931662 0
    outer loop
      vertex -121.50962435763878 9.269476657680954 352
      vertex -121.50962435763878 9.269476657680954 350
      vertex -123.57669257798406 8.544849021813565 352
    endloop
  endfacet
  facet normal 0 0 1
    outer loop
      vertex -138.16901699437494 2.065827908772607 352
      vertex -112.89216742895343 0.09281708997356697 352
      vertex -112.62221536853541 0.9236441021486335 352
    endloop
  endfacet
  facet normal 0 0 1
    outer loop
      vertex -138.16901699437494 2.065827908772607 352
      vertex -113.26412107271274 -0.6976246384149554 352
      vertex -112.89216742895343 0.09281708997356697 352
    endloop
  endfacet
  facet normal 0 0 1
    outer loop
      vertex -138.16901699437494 2.065827908772607 352
      vertex -113.73221036865694 -1.4352153447732556 352
      vertex -113.26412107271274 -0.6976246384149554 352
    endloop
  endfacet
  facet normal 0 0 1
    outer loop
      vertex -118.05651363733375 9.486727969638958 352
      vertex -138.16901699437494 2.065827908772607 352
      vertex -117.21037564236119 9.269476657680954 352
    endloop
  endfacet
  facet normal 0 0 1
    outer loop
      vertex -119.42906957148223 1.5557837597939816 352
      vertex -138.16901699437494 2.065827908772607 352
      vertex -112.62221536853541 0.9236441021486335 352
    endloop
  endfacet
  facet normal 0 0 1
    outer loop
      vertex -138.16901699437494 2.065827908772607 352
      vertex -114.92586802846017 -2.7063316468389136 352
      vertex -114.28905326896599 -2.108322783046729 352
    endloop
  endfacet
  facet normal 0 0 1
    outer loop
      vertex -138.16901699437494 2.065827908772607 352
      vertex -115.6326116979676 -3.2198109791346265 352
      vertex -114.92586802846017 -2.7063316468389136 352
    endloop
  endfacet
  facet normal 0 0 1
    outer loop
      vertex -138.16901699437494 2.065827908772607 352
      vertex -116.39813850763193 -3.6406629041258745 352
      vertex -115.6326116979676 -3.2198109791346265 352
    endloop
  endfacet
  facet normal 0 0 1
    outer loop
      vertex -138.16901699437494 2.065827908772607 352
      vertex -117.21037564236119 -3.9622503355507943 352
      vertex -116.39813850763193 -3.6406629041258745 352
    endloop
  endfacet
  facet normal 0 0 1
    outer loop
      vertex -138.16901699437494 2.065827908772607 352
      vertex -118.05651363733375 -4.179501647508797 352
      vertex -117.21037564236119 -3.9622503355507943 352
    endloop
  endfacet
  facet normal 0 0 1
    outer loop
      vertex -138.16901699437494 2.065827908772607 352
      vertex -118.92320839091057 -4.28899065703066 352
      vertex -118.05651363733375 -4.179501647508797 352
    endloop
  endfacet
  facet normal 0 -1 0
    outer loop
      vertex -118.92320839091057 -4.28899065703066 352
      vertex -119.7967916090894 -4.28899065703066 352
      vertex -118.92320839091057 -4.28899065703066 350
    endloop
  endfacet
  facet normal -0.1253332335643046 -0.9921147013144778 0
    outer loop
      vertex -119.7967916090894 -4.28899065703066 352
      vertex -120.66348636266622 -4.179501647508797 352
      vertex -119.7967916090894 -4.28899065703066 350
    endloop
  endfacet
  facet normal 0.3681245526846761 -0.9297764858882521 0
    outer loop
      vertex -116.39813850763193 -3.6406629041258745 352
      vertex -117.21037564236119 -3.9622503355507943 352
      vertex -117.21037564236119 -3.9622503355507943 350
    endloop
  endfacet
  facet normal 0.998026728428272 -0.06279051952930763 0
    outer loop
      vertex -112.4036694525915 2.6536131610650804 352
      vertex -112.45852219671303 1.7817537598162292 352
      vertex -112.45852219671303 1.7817537598162292 350
    endloop
  endfacet
  facet normal 0.982287250728689 -0.18738131458572227 0
    outer loop
      vertex -112.62221536853541 0.9236441021486335 352
      vertex -112.45852219671303 1.7817537598162292 350
      vertex -112.45852219671303 1.7817537598162292 352
    endloop
  endfacet
  facet normal 0.9510565162951519 -0.3090169943749526 0
    outer loop
      vertex -112.62221536853541 0.9236441021486335 352
      vertex -112.89216742895343 0.09281708997356697 352
      vertex -112.89216742895343 0.09281708997356697 350
    endloop
  endfacet
  facet normal 0.9048270524660208 -0.42577929156507016 0
    outer loop
      vertex -113.26412107271274 -0.6976246384149554 352
      vertex -112.89216742895343 0.09281708997356697 350
      vertex -112.89216742895343 0.09281708997356697 352
    endloop
  endfacet
  facet normal 0.8443279255020152 -0.5358267949789964 0
    outer loop
      vertex -113.73221036865694 -1.4352153447732556 352
      vertex -113.73221036865694 -1.4352153447732556 350
      vertex -113.26412107271274 -0.6976246384149554 352
    endloop
  endfacet
  facet normal 0.770513242775786 -0.6374239897486936 0
    outer loop
      vertex -113.73221036865694 -1.4352153447732556 352
      vertex -114.28905326896599 -2.108322783046729 352
      vertex -114.28905326896599 -2.108322783046729 350
    endloop
  endfacet
  facet normal 0.684547105928695 -0.7289686274214056 0
    outer loop
      vertex -114.92586802846017 -2.7063316468389136 352
      vertex -114.28905326896599 -2.108322783046729 350
      vertex -114.28905326896599 -2.108322783046729 352
    endloop
  endfacet
  facet normal 0.5877852522924717 -0.8090169943749486 0
    outer loop
      vertex -115.6326116979676 -3.2198109791346265 352
      vertex -114.92586802846017 -2.7063316468389136 350
      vertex -114.92586802846017 -2.7063316468389136 352
    endloop
  endfacet
  facet normal 0.4817536741017129 -0.8763066800438648 0
    outer loop
      vertex -116.39813850763193 -3.6406629041258745 352
      vertex -116.39813850763193 -3.6406629041258745 350
      vertex -115.6326116979676 -3.2198109791346265 352
    endloop
  endfacet
  facet normal 0 0 -1
    outer loop
      vertex -137.78577929156506 1.7487861085990608 350
      vertex -137.99742398974868 1.883099918289291 350
      vertex -137.66901699437494 1.7025566447699267 350
    endloop
  endfacet
  facet normal 0.2486898871648557 -0.968583161128631 0
    outer loop
      vertex -118.05651363733375 -4.179501647508797 352
      vertex -117.21037564236119 -3.9622503355507943 350
      vertex -117.21037564236119 -3.9622503355507943 352
    endloop
  endfacet
  facet normal 0.1253332335643046 -0.9921147013144778 0
    outer loop
      vertex -118.92320839091057 -4.28899065703066 352
      vertex -118.92320839091057 -4.28899065703066 350
      vertex -118.05651363733375 -4.179501647508797 352
    endloop
  endfacet
  facet normal 0 0 1
    outer loop
      vertex -114.28905326896599 7.415549105176892 352
      vertex -138.16901699437494 2.065827908772607 352
      vertex -113.73221036865694 6.742441666903416 352
    endloop
  endfacet
  facet normal 0 0 1
    outer loop
      vertex -138.16901699437494 2.065827908772607 352
      vertex -113.26412107271274 6.004850960545117 352
      vertex -113.73221036865694 6.742441666903416 352
    endloop
  endfacet
  facet normal 0 0 1
    outer loop
      vertex -112.89216742895343 5.214409232156591 352
      vertex -138.16901699437494 2.065827908772607 352
      vertex -112.62221536853541 4.3835822199815295 352
    endloop
  endfacet
  facet normal 0 0 1
    outer loop
      vertex -138.16901699437494 2.065827908772607 352
      vertex -112.89216742895343 5.214409232156591 352
      vertex -113.26412107271274 6.004850960545117 352
    endloop
  endfacet
  facet normal 0 0 1
    outer loop
      vertex -115.6326116979676 8.527037301264786 352
      vertex -138.16901699437494 2.065827908772607 352
      vertex -114.92586802846019 8.013557968969074 352
    endloop
  endfacet
  facet normal 0 0 1
    outer loop
      vertex -116.39813850763193 8.947889226256034 352
      vertex -138.16901699437494 2.065827908772607 352
      vertex -115.6326116979676 8.527037301264786 352
    endloop
  endfacet
  facet normal 0 0 1
    outer loop
      vertex -117.21037564236119 9.269476657680954 352
      vertex -138.16901699437494 2.065827908772607 352
      vertex -116.39813850763193 8.947889226256034 352
    endloop
  endfacet
  facet normal 0 0 1
    outer loop
      vertex -137.99742398974868 1.883099918289291 352
      vertex -137.89582679497897 1.8092852355630655 352
      vertex -138.16901699437494 2.065827908772607 352
    endloop
  endfacet
  facet normal 0 0 -1
    outer loop
      vertex -137.99742398974868 1.883099918289291 350
      vertex -137.78577929156506 3.5584402135311 350
      vertex -137.66901699437494 3.604669677360234 350
    endloop
  endfacet
  facet normal 0 0 -1
    outer loop
      vertex -137.99742398974868 1.883099918289291 350
      vertex -137.66901699437494 3.604669677360234 350
      vertex -137.29049270137244 3.7373644577535776 350
    endloop
  endfacet
  facet normal 0 0 -1
    outer loop
      vertex -137.99742398974868 1.883099918289291 350
      vertex -137.29049270137244 3.7373644577535776 350
      vertex -123.57669257798406 8.544849021813565 350
    endloop
  endfacet
  facet normal 0 0 1
    outer loop
      vertex -138.16901699437494 2.065827908772607 352
      vertex -137.66901699437494 1.7025566447699267 352
      vertex -121.50962435763878 -3.9622503355507943 352
    endloop
  endfacet
  facet normal 0 0 1
    outer loop
      vertex -138.16901699437494 2.065827908772607 352
      vertex -137.78577929156506 1.7487861085990608 352
      vertex -137.66901699437494 1.7025566447699267 352
    endloop
  endfacet
  facet normal 0 0 1
    outer loop
      vertex -138.16901699437494 2.065827908772607 352
      vertex -137.89582679497897 1.8092852355630655 352
      vertex -137.78577929156506 1.7487861085990608 352
    endloop
  endfacet
  facet normal 0 0 1
    outer loop
      vertex -138.32858316112862 2.9023030482299355 352
      vertex -138.16901699437494 2.065827908772607 352
      vertex -138.28977648588824 3.0217377137497583 352
    endloop
  endfacet
  facet normal 0 0 1
    outer loop
      vertex -138.35211470131446 2.7789463946293846 352
      vertex -138.16901699437494 2.065827908772607 352
      vertex -138.32858316112862 2.9023030482299355 352
    endloop
  endfacet
  facet normal 0 0 1
    outer loop
      vertex -138.35999999999999 2.6536131610650804 352
      vertex -138.16901699437494 2.065827908772607 352
      vertex -138.35211470131446 2.7789463946293846 352
    endloop
  endfacet
  facet normal 0 0 1
    outer loop
      vertex -138.35999999999999 2.6536131610650804 352
      vertex -138.35211470131446 2.528279927500776 352
      vertex -138.16901699437494 2.065827908772607 352
    endloop
  endfacet
  facet normal 0 0 1
    outer loop
      vertex -138.35211470131446 2.528279927500776 352
      vertex -138.32858316112862 2.4049232739002253 352
      vertex -138.16901699437494 2.065827908772607 352
    endloop
  endfacet
  facet normal 0 0 -1
    outer loop
      vertex -137.99742398974868 1.883099918289291 350
      vertex -137.89582679497897 3.4979410865670952 350
      vertex -137.78577929156506 3.5584402135311 350
    endloop
  endfacet
  facet normal 0 0 1
    outer loop
      vertex -138.16901699437494 2.065827908772607 352
      vertex -138.0889686274214 1.9690660551363919 352
      vertex -137.99742398974868 1.883099918289291 352
    endloop
  endfacet
  facet normal 0 0 1
    outer loop
      vertex -138.23630668004384 2.171859486963365 352
      vertex -138.16901699437494 2.065827908772607 352
      vertex -138.28977648588824 2.2854886083804025 352
    endloop
  endfacet
  facet normal 0 0 1
    outer loop
      vertex -138.32858316112862 2.4049232739002253 352
      vertex -138.28977648588824 2.2854886083804025 352
      vertex -138.16901699437494 2.065827908772607 352
    endloop
  endfacet
  facet normal -0.9980267284282714 -0.06279051952931566 0
    outer loop
      vertex -138.35999999999999 2.6536131610650804 352
      vertex -138.35211470131446 2.528279927500776 350
      vertex -138.35211470131446 2.528279927500776 352
    endloop
  endfacet
  facet normal -0.9822872507286944 -0.18738131458569507 0
    outer loop
      vertex -138.35211470131446 2.528279927500776 352
      vertex -138.32858316112862 2.4049232739002253 350
      vertex -138.32858316112862 2.4049232739002253 352
    endloop
  endfacet
  facet normal -0.9510565162951523 -0.3090169943749515 0
    outer loop
      vertex -138.32858316112862 2.4049232739002253 350
      vertex -138.28977648588824 2.2854886083804025 352
      vertex -138.32858316112862 2.4049232739002253 352
    endloop
  endfacet
  facet normal -0.9980267284282714 0.06279051952931566 0
    outer loop
      vertex -138.35211470131446 2.7789463946293846 350
      vertex -138.35999999999999 2.6536131610650804 350
      vertex -138.35211470131446 2.7789463946293846 352
    endloop
  endfacet
  facet normal -0.9822872507286944 0.18738131458569507 0
    outer loop
      vertex -138.32858316112862 2.9023030482299355 350
      vertex -138.35211470131446 2.7789463946293846 350
      vertex -138.35211470131446 2.7789463946293846 352
    endloop
  endfacet
  facet normal -0.9510565162951523 0.3090169943749515 0
    outer loop
      vertex -138.28977648588824 3.0217377137497583 350
      vertex -138.32858316112862 2.9023030482299355 350
      vertex -138.32858316112862 2.9023030482299355 352
    endloop
  endfacet
  facet normal -0.9048270524659798 0.42577929156515704 0
    outer loop
      vertex -138.23630668004384 3.1353668351667956 350
      vertex -138.28977648588824 3.0217377137497583 350
      vertex -138.23630668004384 3.1353668351667956 352
    endloop
  endfacet
  facet normal -0.33081963472291764 0.9436940019316619 0
    outer loop
      vertex -137.29049270137244 3.7373644577535776 350
      vertex -137.66901699437494 3.604669677360234 352
      vertex -137.29049270137244 3.7373644577535776 352
    endloop
  endfacet
  facet normal 0 0 1
    outer loop
      vertex -138.16901699437494 2.065827908772607 352
      vertex -120.66348636266622 -4.179501647508797 352
      vertex -119.7967916090894 -4.28899065703066 352
    endloop
  endfacet
  facet normal 0 0 1
    outer loop
      vertex -138.16901699437494 2.065827908772607 352
      vertex -121.50962435763878 -3.9622503355507943 352
      vertex -120.66348636266622 -4.179501647508797 352
    endloop
  endfacet
  facet normal -0.3308196347229184 -0.9436940019316616 0
    outer loop
      vertex -121.50962435763878 -3.9622503355507943 352
      vertex -137.66901699437494 1.7025566447699267 352
      vertex -121.50962435763878 -3.9622503355507943 350
    endloop
  endfacet
  facet normal 0 0 1
    outer loop
      vertex -137.29049270137244 3.7373644577535776 352
      vertex -138.16901699437494 2.065827908772607 352
      vertex -123.57669257798406 8.544849021813565 352
    endloop
  endfacet
  facet normal 0 0 1
    outer loop
      vertex -137.29049270137244 3.7373644577535776 352
      vertex -137.66901699437494 3.604669677360234 352
      vertex -138.16901699437494 2.065827908772607 352
    endloop
  endfacet
  facet normal 0 0 1
    outer loop
      vertex -137.66901699437494 3.604669677360234 352
      vertex -137.78577929156506 3.5584402135311 352
      vertex -138.16901699437494 2.065827908772607 352
    endloop
  endfacet
  facet normal 0 0 1
    outer loop
      vertex -137.89582679497897 3.4979410865670952 352
      vertex -137.99742398974868 3.42412640384087 352
      vertex -138.16901699437494 2.065827908772607 352
    endloop
  endfacet
  facet normal 0 0 1
    outer loop
      vertex -137.99742398974868 3.42412640384087 352
      vertex -138.0889686274214 3.3381602669937687 352
      vertex -138.16901699437494 2.065827908772607 352
    endloop
  endfacet
  facet normal 0 0 1
    outer loop
      vertex -138.0889686274214 3.3381602669937687 352
      vertex -138.16901699437494 3.2413984133575537 352
      vertex -138.16901699437494 2.065827908772607 352
    endloop
  endfacet
  facet normal 0 0 1
    outer loop
      vertex -138.16901699437494 3.2413984133575537 352
      vertex -138.23630668004384 3.1353668351667956 352
      vertex -138.16901699437494 2.065827908772607 352
    endloop
  endfacet
  facet normal 0 0 1
    outer loop
      vertex -138.28977648588824 3.0217377137497583 352
      vertex -138.16901699437494 2.065827908772607 352
      vertex -138.23630668004384 3.1353668351667956 352
    endloop
  endfacet
  facet normal -0.8443279255020867 0.5358267949788839 0
    outer loop
      vertex -138.16901699437494 3.2413984133575537 350
      vertex -138.23630668004384 3.1353668351667956 350
      vertex -138.16901699437494 3.2413984133575537 352
    endloop
  endfacet
  facet normal -0.3681245526846897 0.9297764858882469 0
    outer loop
      vertex -137.66901699437494 3.604669677360234 352
      vertex -137.66901699437494 3.604669677360234 350
      vertex -137.78577929156506 3.5584402135311 352
    endloop
  endfacet
  facet normal -0.48175367410176584 0.8763066800438359 0
    outer loop
      vertex -137.78577929156506 3.5584402135311 352
      vertex -137.89582679497897 3.4979410865670952 350
      vertex -137.89582679497897 3.4979410865670952 352
    endloop
  endfacet
  facet normal -0.5877852522924081 0.8090169943749947 0
    outer loop
      vertex -137.89582679497897 3.4979410865670952 352
      vertex -137.99742398974868 3.42412640384087 350
      vertex -137.99742398974868 3.42412640384087 352
    endloop
  endfacet
  facet normal -0.6845471059287311 0.7289686274213717 0
    outer loop
      vertex -137.99742398974868 3.42412640384087 350
      vertex -138.0889686274214 3.3381602669937687 352
      vertex -137.99742398974868 3.42412640384087 352
    endloop
  endfacet
  facet normal -0.7705132427757394 0.6374239897487498 0
    outer loop
      vertex -138.0889686274214 3.3381602669937687 352
      vertex -138.0889686274214 3.3381602669937687 350
      vertex -138.16901699437494 3.2413984133575537 352
    endloop
  endfacet
  facet normal -0.8443279255020867 0.5358267949788839 0
    outer loop
      vertex -138.16901699437494 3.2413984133575537 352
      vertex -138.23630668004384 3.1353668351667956 350
      vertex -138.23630668004384 3.1353668351667956 352
    endloop
  endfacet
  facet normal -0.9048270524659798 0.42577929156515704 0
    outer loop
      vertex -138.23630668004384 3.1353668351667956 352
      vertex -138.28977648588824 3.0217377137497583 350
      vertex -138.28977648588824 3.0217377137497583 352
    endloop
  endfacet
  facet normal -0.9510565162951523 0.3090169943749515 0
    outer loop
      vertex -138.28977648588824 3.0217377137497583 350
      vertex -138.32858316112862 2.9023030482299355 352
      vertex -138.28977648588824 3.0217377137497583 352
    endloop
  endfacet
  facet normal -0.9822872507286944 0.18738131458569507 0
    outer loop
      vertex -138.32858316112862 2.9023030482299355 352
      vertex -138.32858316112862 2.9023030482299355 350
      vertex -138.35211470131446 2.7789463946293846 352
    endloop
  endfacet
  facet normal -0.9980267284282714 0.06279051952931566 0
    outer loop
      vertex -138.35211470131446 2.7789463946293846 352
      vertex -138.35999999999999 2.6536131610650804 350
      vertex -138.35999999999999 2.6536131610650804 352
    endloop
  endfacet
  facet normal 0 0 -1
    outer loop
      vertex -137.99742398974868 1.883099918289291 350
      vertex -119.94940947447688 3.5823738791172968 350
      vertex -120.06116638872355 3.501177728118449 350
    endloop
  endfacet
  facet normal 0 0 -1
    outer loop
      vertex -137.99742398974868 1.883099918289291 350
      vertex -119.42906957148223 3.7514425623361793 350
      vertex -119.56611944604428 3.7341291368666383 350
    endloop
  endfacet
  facet normal 0 0 -1
    outer loop
      vertex -120.45999999999998 2.6536131610650804 350
      vertex -120.45132617144591 2.5157466041443457 350
      vertex -137.99742398974868 1.883099918289291 350
    endloop
  endfacet
  facet normal 0 0 -1
    outer loop
      vertex -120.45999999999998 2.6536131610650804 350
      vertex -137.99742398974868 1.883099918289291 350
      vertex -120.45132617144591 2.791479717985815 350
    endloop
  endfacet
  facet normal 0 0 -1
    outer loop
      vertex -120.45132617144591 2.5157466041443457 350
      vertex -120.42544147724148 2.38005428518374 350
      vertex -137.99742398974868 1.883099918289291 350
    endloop
  endfacet
  facet normal 0 0 -1
    outer loop
      vertex -137.99742398974868 1.883099918289291 350
      vertex -120.42544147724148 2.9271720369464207 350
      vertex -120.45132617144591 2.791479717985815 350
    endloop
  endfacet
  facet normal 0 0 -1
    outer loop
      vertex -120.42544147724148 2.9271720369464207 350
      vertex -137.99742398974868 1.883099918289291 350
      vertex -120.38275413447707 3.058550169018226 350
    endloop
  endfacet
  facet normal 0 0 -1
    outer loop
      vertex -137.99742398974868 1.883099918289291 350
      vertex -120.06116638872355 1.806048594011712 350
      vertex -119.94940947447688 1.724852443012864 350
    endloop
  endfacet
  facet normal 0 0 -1
    outer loop
      vertex -137.99742398974868 1.883099918289291 350
      vertex -119.94940947447688 1.724852443012864 350
      vertex -119.82835722072157 1.6583034033524586 350
    endloop
  endfacet
  facet normal 0 0 -1
    outer loop
      vertex -119.69991869381242 3.699775328989749 350
      vertex -137.99742398974868 1.883099918289291 350
      vertex -119.56611944604428 3.7341291368666383 350
    endloop
  endfacet
  facet normal 0 0 -1
    outer loop
      vertex -119.69991869381242 3.699775328989749 350
      vertex -119.82835722072157 3.6489229187777017 350
      vertex -137.99742398974868 1.883099918289291 350
    endloop
  endfacet
  facet normal 0 0 -1
    outer loop
      vertex -137.99742398974868 1.883099918289291 350
      vertex -119.82835722072157 3.6489229187777017 350
      vertex -119.94940947447688 3.5823738791172968 350
    endloop
  endfacet
  facet normal 0 0 -1
    outer loop
      vertex -137.99742398974868 1.883099918289291 350
      vertex -123.57669257798406 8.544849021813565 350
      vertex -121.50962435763878 9.269476657680954 350
    endloop
  endfacet
  facet normal 0 0 -1
    outer loop
      vertex -137.99742398974868 1.883099918289291 350
      vertex -120.06116638872355 3.501177728118449 350
      vertex -120.16186549016354 3.4066149775866377 350
    endloop
  endfacet
  facet normal 0 0 -1
    outer loop
      vertex -137.99742398974868 1.883099918289291 350
      vertex -120.16186549016354 3.4066149775866377 350
      vertex -120.24991869381243 3.3001769385868007 350
    endloop
  endfacet
  facet normal 0 0 -1
    outer loop
      vertex -137.99742398974868 1.883099918289291 350
      vertex -120.24991869381243 3.3001769385868007 350
      vertex -120.32393734804823 3.1835422025769673 350
    endloop
  endfacet
  facet normal 0 0 -1
    outer loop
      vertex -137.99742398974868 1.883099918289291 350
      vertex -120.32393734804823 3.1835422025769673 350
      vertex -120.38275413447707 3.058550169018226 350
    endloop
  endfacet
  facet normal 0 0 -1
    outer loop
      vertex -120.16186549016354 1.900611344543523 350
      vertex -120.06116638872355 1.806048594011712 350
      vertex -137.99742398974868 1.883099918289291 350
    endloop
  endfacet
  facet normal 0 0 -1
    outer loop
      vertex -120.32393734804823 2.1236841195531935 350
      vertex -120.24991869381243 2.00704938354336 350
      vertex -137.99742398974868 1.883099918289291 350
    endloop
  endfacet
  facet normal 0 0 -1
    outer loop
      vertex -120.24991869381243 2.00704938354336 350
      vertex -120.16186549016354 1.900611344543523 350
      vertex -137.99742398974868 1.883099918289291 350
    endloop
  endfacet
  facet normal 0 0 -1
    outer loop
      vertex -137.99742398974868 1.883099918289291 350
      vertex -119.56611944604428 1.573097185263523 350
      vertex -119.42906957148223 1.5557837597939816 350
    endloop
  endfacet
  facet normal 0 0 -1
    outer loop
      vertex -137.99742398974868 1.883099918289291 350
      vertex -119.69991869381242 1.6074509931404115 350
      vertex -119.56611944604428 1.573097185263523 350
    endloop
  endfacet
  facet normal 0 0 -1
    outer loop
      vertex -137.99742398974868 1.883099918289291 350
      vertex -119.82835722072157 1.6583034033524586 350
      vertex -119.69991869381242 1.6074509931404115 350
    endloop
  endfacet
  facet normal 0 0 -1
    outer loop
      vertex -120.42544147724148 2.38005428518374 350
      vertex -120.38275413447707 2.248676153111935 350
      vertex -137.99742398974868 1.883099918289291 350
    endloop
  endfacet
  facet normal -0.7705132427757394 0.6374239897487498 0
    outer loop
      vertex -138.0889686274214 3.3381602669937687 350
      vertex -138.16901699437494 3.2413984133575537 350
      vertex -138.16901699437494 3.2413984133575537 352
    endloop
  endfacet
  facet normal -0.6845471059287311 0.7289686274213717 0
    outer loop
      vertex -137.99742398974868 3.42412640384087 350
      vertex -138.0889686274214 3.3381602669937687 350
      vertex -138.0889686274214 3.3381602669937687 352
    endloop
  endfacet
  facet normal -0.5877852522924081 0.8090169943749947 0
    outer loop
      vertex -137.89582679497897 3.4979410865670952 350
      vertex -137.99742398974868 3.42412640384087 350
      vertex -137.89582679497897 3.4979410865670952 352
    endloop
  endfacet
  facet normal -0.48175367410176584 0.8763066800438359 0
    outer loop
      vertex -137.78577929156506 3.5584402135311 350
      vertex -137.89582679497897 3.4979410865670952 350
      vertex -137.78577929156506 3.5584402135311 352
    endloop
  endfacet
  facet normal -0.3681245526846897 0.9297764858882469 0
    outer loop
      vertex -137.66901699437494 3.604669677360234 350
      vertex -137.78577929156506 3.5584402135311 350
      vertex -137.78577929156506 3.5584402135311 352
    endloop
  endfacet
  facet normal -0.33081963472291764 0.9436940019316619 0
    outer loop
      vertex -137.29049270137244 3.7373644577535776 350
      vertex -137.66901699437494 3.604669677360234 350
      vertex -137.66901699437494 3.604669677360234 352
    endloop
  endfacet
  facet normal 0 0 -1
    outer loop
      vertex -121.50962435763878 -3.9622503355507943 350
      vertex -137.99742398974868 1.883099918289291 350
      vertex -120.66348636266622 -4.179501647508797 350
    endloop
  endfacet
  facet normal 0 0 -1
    outer loop
      vertex -120.66348636266622 -4.179501647508797 350
      vertex -137.99742398974868 1.883099918289291 350
      vertex -119.7967916090894 -4.28899065703066 350
    endloop
  endfacet
  facet normal 0 0 -1
    outer loop
      vertex -119.7967916090894 -4.28899065703066 350
      vertex -137.99742398974868 1.883099918289291 350
      vertex -118.92320839091057 -4.28899065703066 350
    endloop
  endfacet
  facet normal 0 0 -1
    outer loop
      vertex -120.38275413447707 2.248676153111935 350
      vertex -120.32393734804823 2.1236841195531935 350
      vertex -137.99742398974868 1.883099918289291 350
    endloop
  endfacet
  facet normal 0 0 1
    outer loop
      vertex -137.78577929156506 3.5584402135311 352
      vertex -137.89582679497897 3.4979410865670952 352
      vertex -138.16901699437494 2.065827908772607 352
    endloop
  endfacet
  facet normal -0.5877852522924081 -0.8090169943749947 0
    outer loop
      vertex -137.99742398974868 1.883099918289291 352
      vertex -137.99742398974868 1.883099918289291 350
      vertex -137.89582679497897 1.8092852355630655 352
    endloop
  endfacet
  facet normal -0.6845471059287301 -0.7289686274213726 0
    outer loop
      vertex -138.0889686274214 1.9690660551363919 352
      vertex -137.99742398974868 1.883099918289291 350
      vertex -137.99742398974868 1.883099918289291 352
    endloop
  endfacet
  facet normal -0.7705132427757403 -0.637423989748749 0
    outer loop
      vertex -138.16901699437494 2.065827908772607 352
      vertex -138.0889686274214 1.9690660551363919 350
      vertex -138.0889686274214 1.9690660551363919 352
    endloop
  endfacet
  facet normal -0.9048270524659798 -0.42577929156515704 0
    outer loop
      vertex -138.28977648588824 2.2854886083804025 352
      vertex -138.23630668004384 2.171859486963365 350
      vertex -138.23630668004384 2.171859486963365 352
    endloop
  endfacet
  facet normal -0.8443279255020867 -0.5358267949788839 0
    outer loop
      vertex -138.23630668004384 2.171859486963365 350
      vertex -138.16901699437494 2.065827908772607 352
      vertex -138.23630668004384 2.171859486963365 352
    endloop
  endfacet
  facet normal -0.3681245526846897 -0.9297764858882469 0
    outer loop
      vertex -137.78577929156506 1.7487861085990608 352
      vertex -137.78577929156506 1.7487861085990608 350
      vertex -137.66901699437494 1.7025566447699267 352
    endloop
  endfacet
  facet normal -0.48175367410176584 -0.8763066800438359 0
    outer loop
      vertex -137.89582679497897 1.8092852355630655 352
      vertex -137.78577929156506 1.7487861085990608 350
      vertex -137.78577929156506 1.7487861085990608 352
    endloop
  endfacet
  facet normal 0 0 -1
    outer loop
      vertex -137.99742398974868 1.883099918289291 350
      vertex -119.7967916090894 9.596216979160822 350
      vertex -118.92320839091057 9.596216979160822 350
    endloop
  endfacet
  facet normal 0 0 -1
    outer loop
      vertex -137.99742398974868 1.883099918289291 350
      vertex -120.66348636266622 9.486727969638958 350
      vertex -119.7967916090894 9.596216979160822 350
    endloop
  endfacet
  facet normal 0 0 -1
    outer loop
      vertex -137.99742398974868 1.883099918289291 350
      vertex -121.50962435763878 9.269476657680954 350
      vertex -120.66348636266622 9.486727969638958 350
    endloop
  endfacet
  facet normal -0.9510565162951523 -0.3090169943749515 0
    outer loop
      vertex -138.32858316112862 2.4049232739002253 350
      vertex -138.28977648588824 2.2854886083804025 350
      vertex -138.28977648588824 2.2854886083804025 352
    endloop
  endfacet
  facet normal 0 0 -1
    outer loop
      vertex -137.99742398974868 1.883099918289291 350
      vertex -138.28977648588824 3.0217377137497583 350
      vertex -138.23630668004384 3.1353668351667956 350
    endloop
  endfacet
  facet normal 0 0 -1
    outer loop
      vertex -137.66901699437494 1.7025566447699267 350
      vertex -137.99742398974868 1.883099918289291 350
      vertex -121.50962435763878 -3.9622503355507943 350
    endloop
  endfacet
  facet normal -0.48175367410176584 -0.8763066800438359 0
    outer loop
      vertex -137.89582679497897 1.8092852355630655 350
      vertex -137.78577929156506 1.7487861085990608 350
      vertex -137.89582679497897 1.8092852355630655 352
    endloop
  endfacet
  facet normal -0.3681245526846897 -0.9297764858882469 0
    outer loop
      vertex -137.78577929156506 1.7487861085990608 350
      vertex -137.66901699437494 1.7025566447699267 350
      vertex -137.66901699437494 1.7025566447699267 352
    endloop
  endfacet
  facet normal -0.9048270524659798 -0.42577929156515704 0
    outer loop
      vertex -138.28977648588824 2.2854886083804025 350
      vertex -138.23630668004384 2.171859486963365 350
      vertex -138.28977648588824 2.2854886083804025 352
    endloop
  endfacet
  facet normal -0.8443279255020867 -0.5358267949788839 0
    outer loop
      vertex -138.23630668004384 2.171859486963365 350
      vertex -138.16901699437494 2.065827908772607 350
      vertex -138.16901699437494 2.065827908772607 352
    endloop
  endfacet
  facet normal -0.7705132427757403 -0.637423989748749 0
    outer loop
      vertex -138.16901699437494 2.065827908772607 352
      vertex -138.16901699437494 2.065827908772607 350
      vertex -138.0889686274214 1.9690660551363919 350
    endloop
  endfacet
  facet normal -0.6845471059287301 -0.7289686274213726 0
    outer loop
      vertex -138.0889686274214 1.9690660551363919 350
      vertex -137.99742398974868 1.883099918289291 350
      vertex -138.0889686274214 1.9690660551363919 352
    endloop
  endfacet
  facet normal 0 0 -1
    outer loop
      vertex -137.99742398974868 1.883099918289291 350
      vertex -138.32858316112862 2.9023030482299355 350
      vertex -138.28977648588824 3.0217377137497583 350
    endloop
  endfacet
  facet normal -0.9822872507286944 -0.18738131458569507 0
    outer loop
      vertex -138.35211470131446 2.528279927500776 350
      vertex -138.32858316112862 2.4049232739002253 350
      vertex -138.35211470131446 2.528279927500776 352
    endloop
  endfacet
  facet normal -0.9980267284282714 -0.06279051952931566 0
    outer loop
      vertex -138.35999999999999 2.6536131610650804 350
      vertex -138.35211470131446 2.528279927500776 350
      vertex -138.35999999999999 2.6536131610650804 352
    endloop
  endfacet
  facet normal -0.5877852522924081 -0.8090169943749947 0
    outer loop
      vertex -137.99742398974868 1.883099918289291 350
      vertex -137.89582679497897 1.8092852355630655 350
      vertex -137.89582679497897 1.8092852355630655 352
    endloop
  endfacet
  facet normal 0 0 1
    outer loop
      vertex -138.16901699437494 2.065827908772607 352
      vertex -119.82835722072157 3.6489229187777017 352
      vertex -119.69991869381242 3.699775328989749 352
    endloop
  endfacet
  facet normal 0 0 1
    outer loop
      vertex -138.16901699437494 2.065827908772607 352
      vertex -119.94940947447688 3.5823738791172968 352
      vertex -119.82835722072157 3.6489229187777017 352
    endloop
  endfacet
  facet normal 0 0 1
    outer loop
      vertex -138.16901699437494 2.065827908772607 352
      vertex -120.06116638872355 3.501177728118449 352
      vertex -119.94940947447688 3.5823738791172968 352
    endloop
  endfacet
  facet normal 0 0 1
    outer loop
      vertex -138.16901699437494 2.065827908772607 352
      vertex -120.16186549016354 3.4066149775866377 352
      vertex -120.06116638872355 3.501177728118449 352
    endloop
  endfacet
  facet normal 0 0 1
    outer loop
      vertex -138.16901699437494 2.065827908772607 352
      vertex -119.7967916090894 -4.28899065703066 352
      vertex -118.92320839091057 -4.28899065703066 352
    endloop
  endfacet
  facet normal 0 0 -1
    outer loop
      vertex -137.99742398974868 1.883099918289291 350
      vertex -138.35211470131446 2.7789463946293846 350
      vertex -138.32858316112862 2.9023030482299355 350
    endloop
  endfacet
  facet normal 0 0 -1
    outer loop
      vertex -137.99742398974868 1.883099918289291 350
      vertex -138.35999999999999 2.6536131610650804 350
      vertex -138.35211470131446 2.7789463946293846 350
    endloop
  endfacet
  facet normal 0 0 -1
    outer loop
      vertex -137.99742398974868 1.883099918289291 350
      vertex -138.35211470131446 2.528279927500776 350
      vertex -138.35999999999999 2.6536131610650804 350
    endloop
  endfacet
  facet normal 0 0 1
    outer loop
      vertex -138.16901699437494 2.065827908772607 352
      vertex -119.69991869381242 3.699775328989749 352
      vertex -119.56611944604428 3.7341291368666383 352
    endloop
  endfacet
  facet normal 0 0 1
    outer loop
      vertex -119.42906957148223 3.7514425623361793 352
      vertex -138.16901699437494 2.065827908772607 352
      vertex -119.56611944604428 3.7341291368666383 352
    endloop
  endfacet
  facet normal 0 0 1
    outer loop
      vertex -123.57669257798406 8.544849021813565 352
      vertex -138.16901699437494 2.065827908772607 352
      vertex -121.50962435763878 9.269476657680954 352
    endloop
  endfacet
  facet normal 0 0 1
    outer loop
      vertex -121.50962435763878 9.269476657680954 352
      vertex -138.16901699437494 2.065827908772607 352
      vertex -120.66348636266622 9.486727969638958 352
    endloop
  endfacet
  facet normal 0 0 1
    outer loop
      vertex -120.66348636266622 9.486727969638958 352
      vertex -138.16901699437494 2.065827908772607 352
      vertex -119.7967916090894 9.596216979160822 352
    endloop
  endfacet
  facet normal 0 0 1
    outer loop
      vertex -119.7967916090894 9.596216979160822 352
      vertex -138.16901699437494 2.065827908772607 352
      vertex -118.92320839091057 9.596216979160822 352
    endloop
  endfacet
  facet normal 0 0 -1
    outer loop
      vertex -137.99742398974868 1.883099918289291 350
      vertex -138.32858316112862 2.4049232739002253 350
      vertex -138.35211470131446 2.528279927500776 350
    endloop
  endfacet
  facet normal 0 0 -1
    outer loop
      vertex -138.16901699437494 2.065827908772607 350
      vertex -137.99742398974868 1.883099918289291 350
      vertex -138.0889686274214 1.9690660551363919 350
    endloop
  endfacet
  facet normal 0 0 -1
    outer loop
      vertex -138.23630668004384 2.171859486963365 350
      vertex -137.99742398974868 1.883099918289291 350
      vertex -138.16901699437494 2.065827908772607 350
    endloop
  endfacet
  facet normal 0 0 -1
    outer loop
      vertex -137.99742398974868 1.883099918289291 350
      vertex -138.28977648588824 2.2854886083804025 350
      vertex -138.32858316112862 2.4049232739002253 350
    endloop
  endfacet
  facet normal 0 0 -1
    outer loop
      vertex -138.23630668004384 2.171859486963365 350
      vertex -138.28977648588824 2.2854886083804025 350
      vertex -137.99742398974868 1.883099918289291 350
    endloop
  endfacet
  facet normal 0 0 -1
    outer loop
      vertex -137.89582679497897 1.8092852355630655 350
      vertex -137.99742398974868 1.883099918289291 350
      vertex -137.78577929156506 1.7487861085990608 350
    endloop
  endfacet
  facet normal 0 0 1
    outer loop
      vertex -138.16901699437494 2.065827908772607 352
      vertex -120.32393734804823 3.1835422025769673 352
      vertex -120.24991869381243 3.3001769385868007 352
    endloop
  endfacet
  facet normal 0 0 -1
    outer loop
      vertex -137.99742398974868 1.883099918289291 350
      vertex -137.99742398974868 3.42412640384087 350
      vertex -137.89582679497897 3.4979410865670952 350
    endloop
  endfacet
  facet normal 0 0 -1
    outer loop
      vertex -137.99742398974868 1.883099918289291 350
      vertex -138.0889686274214 3.3381602669937687 350
      vertex -137.99742398974868 3.42412640384087 350
    endloop
  endfacet
  facet normal 0 0 -1
    outer loop
      vertex -137.99742398974868 1.883099918289291 350
      vertex -138.16901699437494 3.2413984133575537 350
      vertex -138.0889686274214 3.3381602669937687 350
    endloop
  endfacet
  facet normal 0 0 -1
    outer loop
      vertex -137.99742398974868 1.883099918289291 350
      vertex -138.23630668004384 3.1353668351667956 350
      vertex -138.16901699437494 3.2413984133575537 350
    endloop
  endfacet
  facet normal -0.3308196347229184 -0.9436940019316616 0
    outer loop
      vertex -137.66901699437494 1.7025566447699267 352
      vertex -137.66901699437494 1.7025566447699267 350
      vertex -121.50962435763878 -3.9622503355507943 350
    endloop
  endfacet
  facet normal 0 0 1
    outer loop
      vertex -138.16901699437494 2.065827908772607 352
      vertex -120.16186549016354 1.900611344543523 352
      vertex -120.24991869381243 2.00704938354336 352
    endloop
  endfacet
  facet normal 0 0 1
    outer loop
      vertex -138.16901699437494 2.065827908772607 352
      vertex -120.38275413447707 2.248676153111935 352
      vertex -120.42544147724148 2.38005428518374 352
    endloop
  endfacet
  facet normal 0 0 1
    outer loop
      vertex -138.16901699437494 2.065827908772607 352
      vertex -120.24991869381243 2.00704938354336 352
      vertex -120.32393734804823 2.1236841195531935 352
    endloop
  endfacet
  facet normal 0 0 1
    outer loop
      vertex -138.16901699437494 2.065827908772607 352
      vertex -120.32393734804823 2.1236841195531935 352
      vertex -120.38275413447707 2.248676153111935 352
    endloop
  endfacet
  facet normal 0 0 1
    outer loop
      vertex -120.45132617144591 2.5157466041443457 352
      vertex -138.16901699437494 2.065827908772607 352
      vertex -120.42544147724148 2.38005428518374 352
    endloop
  endfacet
  facet normal 0 0 1
    outer loop
      vertex -138.16901699437494 2.065827908772607 352
      vertex -120.45132617144591 2.5157466041443457 352
      vertex -120.45999999999998 2.6536131610650804 352
    endloop
  endfacet
  facet normal 0 0 1
    outer loop
      vertex -120.45132617144591 2.791479717985815 352
      vertex -138.16901699437494 2.065827908772607 352
      vertex -120.45999999999998 2.6536131610650804 352
    endloop
  endfacet
  facet normal 0 0 1
    outer loop
      vertex -120.45132617144591 2.791479717985815 352
      vertex -120.42544147724148 2.9271720369464207 352
      vertex -138.16901699437494 2.065827908772607 352
    endloop
  endfacet
  facet normal 0 0 1
    outer loop
      vertex -119.82835722072157 1.6583034033524586 352
      vertex -119.94940947447688 1.724852443012864 352
      vertex -138.16901699437494 2.065827908772607 352
    endloop
  endfacet
  facet normal 0 0 1
    outer loop
      vertex -138.16901699437494 2.065827908772607 352
      vertex -120.24991869381243 3.3001769385868007 352
      vertex -120.16186549016354 3.4066149775866377 352
    endloop
  endfacet
  facet normal 0 0 1
    outer loop
      vertex -120.38275413447707 3.058550169018226 352
      vertex -120.32393734804823 3.1835422025769673 352
      vertex -138.16901699437494 2.065827908772607 352
    endloop
  endfacet
  facet normal 0 0 1
    outer loop
      vertex -119.94940947447688 1.724852443012864 352
      vertex -120.06116638872355 1.806048594011712 352
      vertex -138.16901699437494 2.065827908772607 352
    endloop
  endfacet
  facet normal 0 0 1
    outer loop
      vertex -120.06116638872355 1.806048594011712 352
      vertex -120.16186549016354 1.900611344543523 352
      vertex -138.16901699437494 2.065827908772607 352
    endloop
  endfacet
  facet normal 0 0 1
    outer loop
      vertex -120.42544147724148 2.9271720369464207 352
      vertex -120.38275413447707 3.058550169018226 352
      vertex -138.16901699437494 2.065827908772607 352
    endloop
  endfacet
  facet normal 0 0 1
    outer loop
      vertex -119.42906957148223 1.5557837597939816 352
      vertex -119.56611944604428 1.573097185263523 352
      vertex -138.16901699437494 2.065827908772607 352
    endloop
  endfacet
  facet normal 0 0 1
    outer loop
      vertex -119.56611944604428 1.573097185263523 352
      vertex -119.69991869381242 1.6074509931404115 352
      vertex -138.16901699437494 2.065827908772607 352
    endloop
  endfacet
  facet normal 0 0 1
    outer loop
      vertex -119.69991869381242 1.6074509931404115 352
      vertex -119.82835722072157 1.6583034033524586 352
      vertex -138.16901699437494 2.065827908772607 352
    endloop
  endfacet
  facet normal 0 0 -1
    outer loop
      vertex -116.7310799598684 19.208352138759935 350
      vertex -117.44772803075392 22.96515288939245 350
      vertex -116.57067054233524 19.549239503011044 350
    endloop
  endfacet
  facet normal 0 0 -1
    outer loop
      vertex -116.57067054233524 19.549239503011044 350
      vertex -117.44772803075392 22.96515288939245 350
      vertex -116.4542505166141 19.90754349957052 350
    endloop
  endfacet
  facet normal 0 0 -1
    outer loop
      vertex -116.4542505166141 19.90754349957052 350
      vertex -117.44772803075392 22.96515288939245 350
      vertex -116.38365589605655 20.27761346037217 350
    endloop
  endfacet
  facet normal 0 0 -1
    outer loop
      vertex -116.38365589605655 20.27761346037217 350
      vertex -117.44772803075392 22.96515288939245 350
      vertex -116.35999999999999 20.65361316106508 350
    endloop
  endfacet
  facet normal 0 0 -1
    outer loop
      vertex -116.35999999999999 20.65361316106508 350
      vertex -117.44772803075392 22.96515288939245 350
      vertex -116.38365589605655 21.029612861757993 350
    endloop
  endfacet
  facet normal 0 0 -1
    outer loop
      vertex -116.93294901687514 18.89025740418766 350
      vertex -117.44772803075392 22.96515288939245 350
      vertex -116.7310799598684 19.208352138759935 350
    endloop
  endfacet
  facet normal 0 0 -1
    outer loop
      vertex -116.38365589605655 21.029612861757993 350
      vertex -117.44772803075392 22.96515288939245 350
      vertex -116.4542505166141 21.399682822559647 350
    endloop
  endfacet
  facet normal 0.12533323356430526 0.9921147013144777 0
    outer loop
      vertex -119.17162844141204 23.647693346349897 350
      vertex -118.79785605624281 23.600474913251148 352
      vertex -118.79785605624281 23.600474913251148 350
    endloop
  endfacet
  facet normal 0 1 0
    outer loop
      vertex -119.54837155858793 23.647693346349897 350
      vertex -119.54837155858793 23.647693346349897 352
      vertex -119.17162844141204 23.647693346349897 350
    endloop
  endfacet
  facet normal -0.12533323356430526 0.9921147013144777 0
    outer loop
      vertex -119.54837155858793 23.647693346349897 350
      vertex -119.92214394375716 23.600474913251148 350
      vertex -119.54837155858793 23.647693346349897 352
    endloop
  endfacet
  facet normal -0.2486898871648574 0.9685831611286304 0
    outer loop
      vertex -119.92214394375716 23.600474913251148 350
      vertex -120.28705098312483 23.506782709950542 350
      vertex -120.28705098312483 23.506782709950542 352
    endloop
  endfacet
  facet normal -0.36812455268467775 0.9297764858882516 0
    outer loop
      vertex -120.28705098312483 23.506782709950542 350
      vertex -120.6373378746952 23.36809431846314 350
      vertex -120.28705098312483 23.506782709950542 352
    endloop
  endfacet
  facet normal -0.4817536741017198 0.8763066800438611 0
    outer loop
      vertex -120.6373378746952 23.36809431846314 350
      vertex -120.96748038493698 23.186596937571124 350
      vertex -120.96748038493698 23.186596937571124 352
    endloop
  endfacet
  facet normal -0.5877852522924782 0.8090169943749437 0
    outer loop
      vertex -120.96748038493698 23.186596937571124 350
      vertex -121.27227196924605 22.96515288939245 350
      vertex -121.27227196924605 22.96515288939245 352
    endloop
  endfacet
  facet normal -0.6845471059286715 0.7289686274214277 0
    outer loop
      vertex -121.27227196924605 22.96515288939245 350
      vertex -121.54690588226423 22.707254478851148 350
      vertex -121.27227196924605 22.96515288939245 352
    endloop
  endfacet
  facet normal 0 0 -1
    outer loop
      vertex -121.54690588226423 22.707254478851148 350
      vertex -119.4227905195293 21.651639889493353 350
      vertex -119.5473813145857 21.63590041179377 350
    endloop
  endfacet
  facet normal 0 0 -1
    outer loop
      vertex -121.54690588226423 22.707254478851148 350
      vertex -119.29720948047067 21.651639889493353 350
      vertex -119.4227905195293 21.651639889493353 350
    endloop
  endfacet
  facet normal 0 0 -1
    outer loop
      vertex -121.54690588226423 22.707254478851148 350
      vertex -119.17261868541426 21.63590041179377 350
      vertex -119.29720948047067 21.651639889493353 350
    endloop
  endfacet
  facet normal 0 0 -1
    outer loop
      vertex -117.44772803075392 22.96515288939245 350
      vertex -121.54690588226423 22.707254478851148 350
      vertex -121.27227196924605 22.96515288939245 350
    endloop
  endfacet
  facet normal 0 0 -1
    outer loop
      vertex -117.44772803075392 22.96515288939245 350
      vertex -121.27227196924605 22.96515288939245 350
      vertex -120.96748038493698 23.186596937571124 350
    endloop
  endfacet
  facet normal 0 0 -1
    outer loop
      vertex -117.44772803075392 22.96515288939245 350
      vertex -119.92214394375716 23.600474913251148 350
      vertex -119.54837155858793 23.647693346349897 350
    endloop
  endfacet
  facet normal 0 0 -1
    outer loop
      vertex -117.44772803075392 22.96515288939245 350
      vertex -120.28705098312483 23.506782709950542 350
      vertex -119.92214394375716 23.600474913251148 350
    endloop
  endfacet
  facet normal 0 0 -1
    outer loop
      vertex -117.44772803075392 22.96515288939245 350
      vertex -120.6373378746952 23.36809431846314 350
      vertex -120.28705098312483 23.506782709950542 350
    endloop
  endfacet
  facet normal 0 0 -1
    outer loop
      vertex -117.44772803075392 22.96515288939245 350
      vertex -120.96748038493698 23.186596937571124 350
      vertex -120.6373378746952 23.36809431846314 350
    endloop
  endfacet
  facet normal 0 0 -1
    outer loop
      vertex -121.54690588226423 22.707254478851148 350
      vertex -117.44772803075392 22.96515288939245 350
      vertex -119.17261868541426 21.63590041179377 350
    endloop
  endfacet
  facet normal 0 0 -1
    outer loop
      vertex -117.44772803075392 22.96515288939245 350
      vertex -118.48369331995612 21.135366835166796 350
      vertex -118.55098300562504 21.241398413357555 350
    endloop
  endfacet
  facet normal 0 0 -1
    outer loop
      vertex -117.44772803075392 22.96515288939245 350
      vertex -118.9342207084349 21.5584402135311 350
      vertex -119.05098300562504 21.604669677360235 350
    endloop
  endfacet
  facet normal 0 0 -1
    outer loop
      vertex -117.44772803075392 22.96515288939245 350
      vertex -118.82417320502098 21.497941086567096 350
      vertex -118.9342207084349 21.5584402135311 350
    endloop
  endfacet
  facet normal 0 0 -1
    outer loop
      vertex -117.44772803075392 22.96515288939245 350
      vertex -119.05098300562504 21.604669677360235 350
      vertex -119.17261868541426 21.63590041179377 350
    endloop
  endfacet
  facet normal 0 0 -1
    outer loop
      vertex -118.39141683887135 20.902303048229935 350
      vertex -117.44772803075392 22.96515288939245 350
      vertex -116.93294901687514 18.89025740418766 350
    endloop
  endfacet
  facet normal 0.8414327755452025 -0.540361808641485 0
    outer loop
      vertex -116.93294901687514 18.89025740418766 352
      vertex -123.57669257798406 8.544849021813565 352
      vertex -116.93294901687514 18.89025740418766 350
    endloop
  endfacet
  facet normal 0 0 -1
    outer loop
      vertex -117.44772803075392 22.96515288939245 350
      vertex -118.7225760102513 21.42412640384087 350
      vertex -118.82417320502098 21.497941086567096 350
    endloop
  endfacet
  facet normal 0 0 -1
    outer loop
      vertex -117.44772803075392 22.96515288939245 350
      vertex -118.63103137257858 21.33816026699377 350
      vertex -118.7225760102513 21.42412640384087 350
    endloop
  endfacet
  facet normal 0 0 -1
    outer loop
      vertex -117.44772803075392 22.96515288939245 350
      vertex -119.54837155858793 23.647693346349897 350
      vertex -119.17162844141204 23.647693346349897 350
    endloop
  endfacet
  facet normal 0 0 -1
    outer loop
      vertex -117.44772803075392 22.96515288939245 350
      vertex -119.17162844141204 23.647693346349897 350
      vertex -118.79785605624281 23.600474913251148 350
    endloop
  endfacet
  facet normal 0 0 -1
    outer loop
      vertex -117.44772803075392 22.96515288939245 350
      vertex -118.79785605624281 23.600474913251148 350
      vertex -118.43294901687514 23.506782709950542 350
    endloop
  endfacet
  facet normal 0 0 -1
    outer loop
      vertex -118.36788529868551 20.778946394629386 350
      vertex -118.39141683887135 20.902303048229935 350
      vertex -116.93294901687514 18.89025740418766 350
    endloop
  endfacet
  facet normal 0 0 -1
    outer loop
      vertex -117.44772803075392 22.96515288939245 350
      vertex -118.43022351411173 21.021737713749758 350
      vertex -118.48369331995612 21.135366835166796 350
    endloop
  endfacet
  facet normal 0 0 -1
    outer loop
      vertex -117.44772803075392 22.96515288939245 350
      vertex -118.43294901687514 23.506782709950542 350
      vertex -118.08266212530476 23.36809431846314 350
    endloop
  endfacet
  facet normal 0 0 -1
    outer loop
      vertex -117.44772803075392 22.96515288939245 350
      vertex -118.55098300562504 21.241398413357555 350
      vertex -118.63103137257858 21.33816026699377 350
    endloop
  endfacet
  facet normal 0 0 -1
    outer loop
      vertex -117.44772803075392 22.96515288939245 350
      vertex -118.39141683887135 20.902303048229935 350
      vertex -118.43022351411173 21.021737713749758 350
    endloop
  endfacet
  facet normal 0 0 -1
    outer loop
      vertex -118.35999999999999 20.65361316106508 350
      vertex -118.36788529868551 20.778946394629386 350
      vertex -116.93294901687514 18.89025740418766 350
    endloop
  endfacet
  facet normal 0 0 -1
    outer loop
      vertex -118.36788529868551 20.528279927500776 350
      vertex -118.35999999999999 20.65361316106508 350
      vertex -116.93294901687514 18.89025740418766 350
    endloop
  endfacet
  facet normal 0 0 -1
    outer loop
      vertex -118.36788529868551 20.528279927500776 350
      vertex -116.93294901687514 18.89025740418766 350
      vertex -118.39141683887135 20.404923273900227 350
    endloop
  endfacet
  facet normal 0 0 -1
    outer loop
      vertex -116.93294901687514 18.89025740418766 350
      vertex -118.43022351411173 20.285488608380405 350
      vertex -118.39141683887135 20.404923273900227 350
    endloop
  endfacet
  facet normal 0 0 -1
    outer loop
      vertex -116.93294901687514 18.89025740418766 350
      vertex -118.48369331995612 20.171859486963367 350
      vertex -118.43022351411173 20.285488608380405 350
    endloop
  endfacet
  facet normal 0 0 -1
    outer loop
      vertex -116.93294901687514 18.89025740418766 350
      vertex -118.55098300562504 20.065827908772608 350
      vertex -118.48369331995612 20.171859486963367 350
    endloop
  endfacet
  facet normal 0 0 -1
    outer loop
      vertex -116.93294901687514 18.89025740418766 350
      vertex -118.63103137257858 19.96906605513639 350
      vertex -118.55098300562504 20.065827908772608 350
    endloop
  endfacet
  facet normal 0 0 -1
    outer loop
      vertex -116.93294901687514 18.89025740418766 350
      vertex -118.7225760102513 19.883099918289293 350
      vertex -118.63103137257858 19.96906605513639 350
    endloop
  endfacet
  facet normal 0 0 -1
    outer loop
      vertex -118.08266212530476 23.36809431846314 350
      vertex -117.752519615063 23.186596937571124 350
      vertex -117.44772803075392 22.96515288939245 350
    endloop
  endfacet
  facet normal 0 0 1
    outer loop
      vertex -119.05098300562504 19.702556644769928 352
      vertex -119.17261868541426 19.671325910336392 352
      vertex -116.93294901687514 18.89025740418766 352
    endloop
  endfacet
  facet normal 0 0 1
    outer loop
      vertex -118.35999999999999 20.65361316106508 352
      vertex -118.36788529868551 20.528279927500776 352
      vertex -118.08266212530476 23.36809431846314 352
    endloop
  endfacet
  facet normal 0 0 1
    outer loop
      vertex -118.48369331995612 21.135366835166796 352
      vertex -118.43022351411173 21.021737713749758 352
      vertex -118.08266212530476 23.36809431846314 352
    endloop
  endfacet
  facet normal 0 0 1
    outer loop
      vertex -118.43022351411173 21.021737713749758 352
      vertex -118.39141683887135 20.902303048229935 352
      vertex -118.08266212530476 23.36809431846314 352
    endloop
  endfacet
  facet normal 0 0 1
    outer loop
      vertex -118.36788529868551 20.528279927500776 352
      vertex -118.39141683887135 20.404923273900227 352
      vertex -116.93294901687514 18.89025740418766 352
    endloop
  endfacet
  facet normal 0 0 1
    outer loop
      vertex -118.39141683887135 20.404923273900227 352
      vertex -118.43022351411173 20.285488608380405 352
      vertex -116.93294901687514 18.89025740418766 352
    endloop
  endfacet
  facet normal 0 0 1
    outer loop
      vertex -118.43022351411173 20.285488608380405 352
      vertex -118.48369331995612 20.171859486963367 352
      vertex -116.93294901687514 18.89025740418766 352
    endloop
  endfacet
  facet normal 0 0 1
    outer loop
      vertex -118.48369331995612 20.171859486963367 352
      vertex -118.55098300562504 20.065827908772608 352
      vertex -116.93294901687514 18.89025740418766 352
    endloop
  endfacet
  facet normal 0 0 1
    outer loop
      vertex -118.55098300562504 20.065827908772608 352
      vertex -118.63103137257858 19.96906605513639 352
      vertex -116.93294901687514 18.89025740418766 352
    endloop
  endfacet
  facet normal 0 0 1
    outer loop
      vertex -118.63103137257858 19.96906605513639 352
      vertex -118.7225760102513 19.883099918289293 352
      vertex -116.93294901687514 18.89025740418766 352
    endloop
  endfacet
  facet normal 0 0 1
    outer loop
      vertex -118.7225760102513 19.883099918289293 352
      vertex -118.82417320502098 19.809285235563067 352
      vertex -116.93294901687514 18.89025740418766 352
    endloop
  endfacet
  facet normal 0 0 1
    outer loop
      vertex -118.82417320502098 19.809285235563067 352
      vertex -118.9342207084349 19.748786108599063 352
      vertex -116.93294901687514 18.89025740418766 352
    endloop
  endfacet
  facet normal 0 0 1
    outer loop
      vertex -118.9342207084349 19.748786108599063 352
      vertex -119.05098300562504 19.702556644769928 352
      vertex -116.93294901687514 18.89025740418766 352
    endloop
  endfacet
  facet normal 0 0 1
    outer loop
      vertex -118.36788529868551 20.778946394629386 352
      vertex -118.35999999999999 20.65361316106508 352
      vertex -118.08266212530476 23.36809431846314 352
    endloop
  endfacet
  facet normal 0 0 1
    outer loop
      vertex -119.17261868541426 19.671325910336392 352
      vertex -119.29720948047067 19.65558643263681 352
      vertex -116.93294901687514 18.89025740418766 352
    endloop
  endfacet
  facet normal 0 0 1
    outer loop
      vertex -119.29720948047067 19.65558643263681 352
      vertex -119.4227905195293 19.65558643263681 352
      vertex -116.93294901687514 18.89025740418766 352
    endloop
  endfacet
  facet normal 0.8443279255020177 0.5358267949789924 0
    outer loop
      vertex -116.7310799598684 22.098874183370228 352
      vertex -116.7310799598684 22.098874183370228 350
      vertex -116.93294901687514 22.4169689179425 352
    endloop
  endfacet
  facet normal 0.7705132427757784 0.6374239897487027 0
    outer loop
      vertex -116.93294901687514 22.4169689179425 352
      vertex -117.17309411773576 22.707254478851148 350
      vertex -117.17309411773576 22.707254478851148 352
    endloop
  endfacet
  facet normal 0.9822872507286876 0.1873813145857306 0
    outer loop
      vertex -116.38365589605655 21.029612861757993 352
      vertex -116.4542505166141 21.399682822559647 350
      vertex -116.4542505166141 21.399682822559647 352
    endloop
  endfacet
  facet normal 0.9980267284282713 0.0627905195293158 0
    outer loop
      vertex -116.35999999999999 20.65361316106508 352
      vertex -116.35999999999999 20.65361316106508 350
      vertex -116.38365589605655 21.029612861757993 352
    endloop
  endfacet
  facet normal 0.9980267284282713 -0.0627905195293158 0
    outer loop
      vertex -116.38365589605655 20.27761346037217 352
      vertex -116.38365589605655 20.27761346037217 350
      vertex -116.35999999999999 20.65361316106508 352
    endloop
  endfacet
  facet normal 0.904827052466024 0.42577929156506306 0
    outer loop
      vertex -116.57067054233524 21.757986819119115 352
      vertex -116.57067054233524 21.757986819119115 350
      vertex -116.7310799598684 22.098874183370228 352
    endloop
  endfacet
  facet normal 0.9510565162951519 0.3090169943749525 0
    outer loop
      vertex -116.4542505166141 21.399682822559647 352
      vertex -116.57067054233524 21.757986819119115 350
      vertex -116.57067054233524 21.757986819119115 352
    endloop
  endfacet
  facet normal 0.6845471059286904 0.72896862742141 0
    outer loop
      vertex -117.17309411773576 22.707254478851148 352
      vertex -117.44772803075392 22.96515288939245 350
      vertex -117.44772803075392 22.96515288939245 352
    endloop
  endfacet
  facet normal 0.5877852522924782 0.8090169943749437 0
    outer loop
      vertex -117.44772803075392 22.96515288939245 350
      vertex -117.752519615063 23.186596937571124 352
      vertex -117.44772803075392 22.96515288939245 352
    endloop
  endfacet
  facet normal 0.4817536741017198 0.8763066800438611 0
    outer loop
      vertex -117.752519615063 23.186596937571124 352
      vertex -117.752519615063 23.186596937571124 350
      vertex -118.08266212530476 23.36809431846314 352
    endloop
  endfacet
  facet normal 0 0 1
    outer loop
      vertex -117.752519615063 23.186596937571124 352
      vertex -118.08266212530476 23.36809431846314 352
      vertex -117.44772803075392 22.96515288939245 352
    endloop
  endfacet
  facet normal 0 0 1
    outer loop
      vertex -116.7310799598684 22.098874183370228 352
      vertex -116.93294901687514 22.4169689179425 352
      vertex -118.08266212530476 23.36809431846314 352
    endloop
  endfacet
  facet normal 0 0 1
    outer loop
      vertex -116.57067054233524 21.757986819119115 352
      vertex -116.7310799598684 22.098874183370228 352
      vertex -118.08266212530476 23.36809431846314 352
    endloop
  endfacet
  facet normal 0 0 1
    outer loop
      vertex -116.4542505166141 21.399682822559647 352
      vertex -116.57067054233524 21.757986819119115 352
      vertex -118.08266212530476 23.36809431846314 352
    endloop
  endfacet
  facet normal 0 0 1
    outer loop
      vertex -118.08266212530476 23.36809431846314 352
      vertex -116.38365589605655 21.029612861757993 352
      vertex -116.4542505166141 21.399682822559647 352
    endloop
  endfacet
  facet normal 0 0 1
    outer loop
      vertex -118.08266212530476 23.36809431846314 352
      vertex -116.35999999999999 20.65361316106508 352
      vertex -116.38365589605655 21.029612861757993 352
    endloop
  endfacet
  facet normal 0 0 1
    outer loop
      vertex -118.08266212530476 23.36809431846314 352
      vertex -116.38365589605655 20.27761346037217 352
      vertex -116.35999999999999 20.65361316106508 352
    endloop
  endfacet
  facet normal 0 0 1
    outer loop
      vertex -118.08266212530476 23.36809431846314 352
      vertex -116.4542505166141 19.90754349957052 352
      vertex -116.38365589605655 20.27761346037217 352
    endloop
  endfacet
  facet normal 0 0 1
    outer loop
      vertex -118.08266212530476 23.36809431846314 352
      vertex -116.57067054233524 19.549239503011044 352
      vertex -116.4542505166141 19.90754349957052 352
    endloop
  endfacet
  facet normal 0 0 1
    outer loop
      vertex -118.08266212530476 23.36809431846314 352
      vertex -116.7310799598684 19.208352138759935 352
      vertex -116.57067054233524 19.549239503011044 352
    endloop
  endfacet
  facet normal 0 0 1
    outer loop
      vertex -118.08266212530476 23.36809431846314 352
      vertex -116.93294901687514 18.89025740418766 352
      vertex -116.7310799598684 19.208352138759935 352
    endloop
  endfacet
  facet normal 0 0 1
    outer loop
      vertex -116.93294901687514 22.4169689179425 352
      vertex -117.17309411773576 22.707254478851148 352
      vertex -118.08266212530476 23.36809431846314 352
    endloop
  endfacet
  facet normal 0 0 1
    outer loop
      vertex -117.17309411773576 22.707254478851148 352
      vertex -117.44772803075392 22.96515288939245 352
      vertex -118.08266212530476 23.36809431846314 352
    endloop
  endfacet
  facet normal 0.36812455268467775 0.9297764858882516 0
    outer loop
      vertex -118.08266212530476 23.36809431846314 352
      vertex -118.43294901687514 23.506782709950542 350
      vertex -118.43294901687514 23.506782709950542 352
    endloop
  endfacet
  facet normal 0 0 1
    outer loop
      vertex -118.43294901687514 23.506782709950542 352
      vertex -118.79785605624281 23.600474913251148 352
      vertex -118.08266212530476 23.36809431846314 352
    endloop
  endfacet
  facet normal 0 0 1
    outer loop
      vertex -118.79785605624281 23.600474913251148 352
      vertex -119.17162844141204 23.647693346349897 352
      vertex -118.08266212530476 23.36809431846314 352
    endloop
  endfacet
  facet normal 0 0 1
    outer loop
      vertex -118.48369331995612 21.135366835166796 352
      vertex -118.08266212530476 23.36809431846314 352
      vertex -118.55098300562504 21.241398413357555 352
    endloop
  endfacet
  facet normal 0 0 1
    outer loop
      vertex -118.08266212530476 23.36809431846314 352
      vertex -118.7225760102513 21.42412640384087 352
      vertex -118.63103137257858 21.33816026699377 352
    endloop
  endfacet
  facet normal 0 0 1
    outer loop
      vertex -118.08266212530476 23.36809431846314 352
      vertex -118.63103137257858 21.33816026699377 352
      vertex -118.55098300562504 21.241398413357555 352
    endloop
  endfacet
  facet normal 0 0 1
    outer loop
      vertex -118.08266212530476 23.36809431846314 352
      vertex -118.9342207084349 21.5584402135311 352
      vertex -118.82417320502098 21.497941086567096 352
    endloop
  endfacet
  facet normal 0 0 1
    outer loop
      vertex -118.08266212530476 23.36809431846314 352
      vertex -119.05098300562504 21.604669677360235 352
      vertex -118.9342207084349 21.5584402135311 352
    endloop
  endfacet
  facet normal 0 0 1
    outer loop
      vertex -118.08266212530476 23.36809431846314 352
      vertex -118.82417320502098 21.497941086567096 352
      vertex -118.7225760102513 21.42412640384087 352
    endloop
  endfacet
  facet normal 0 0 1
    outer loop
      vertex -118.08266212530476 23.36809431846314 352
      vertex -119.17261868541426 21.63590041179377 352
      vertex -119.05098300562504 21.604669677360235 352
    endloop
  endfacet
  facet normal 0 0 1
    outer loop
      vertex -118.08266212530476 23.36809431846314 352
      vertex -119.29720948047067 21.651639889493353 352
      vertex -119.17261868541426 21.63590041179377 352
    endloop
  endfacet
  facet normal 0 0 1
    outer loop
      vertex -118.36788529868551 20.528279927500776 352
      vertex -116.93294901687514 18.89025740418766 352
      vertex -118.08266212530476 23.36809431846314 352
    endloop
  endfacet
  facet normal 0 0 1
    outer loop
      vertex -118.39141683887135 20.902303048229935 352
      vertex -118.36788529868551 20.778946394629386 352
      vertex -118.08266212530476 23.36809431846314 352
    endloop
  endfacet
  facet normal 0.9980267284282713 -0.0627905195293158 0
    outer loop
      vertex -116.38365589605655 20.27761346037217 350
      vertex -116.35999999999999 20.65361316106508 350
      vertex -116.35999999999999 20.65361316106508 352
    endloop
  endfacet
  facet normal -0.36812455268467775 0.9297764858882516 0
    outer loop
      vertex -120.28705098312483 23.506782709950542 352
      vertex -120.6373378746952 23.36809431846314 350
      vertex -120.6373378746952 23.36809431846314 352
    endloop
  endfacet
  facet normal -0.4817536741017198 0.8763066800438611 0
    outer loop
      vertex -120.6373378746952 23.36809431846314 350
      vertex -120.96748038493698 23.186596937571124 352
      vertex -120.6373378746952 23.36809431846314 352
    endloop
  endfacet
  facet normal -0.5877852522924782 0.8090169943749437 0
    outer loop
      vertex -120.96748038493698 23.186596937571124 352
      vertex -120.96748038493698 23.186596937571124 350
      vertex -121.27227196924605 22.96515288939245 352
    endloop
  endfacet
  facet normal -0.6845471059286715 0.7289686274214277 0
    outer loop
      vertex -121.27227196924605 22.96515288939245 352
      vertex -121.54690588226423 22.707254478851148 350
      vertex -121.54690588226423 22.707254478851148 352
    endloop
  endfacet
  facet normal 0 0 1
    outer loop
      vertex -119.4227905195293 19.65558643263681 352
      vertex -137.29049270137244 3.7373644577535776 352
      vertex -116.93294901687514 18.89025740418766 352
    endloop
  endfacet
  facet normal 0 0 -1
    outer loop
      vertex -119.99742398974867 19.883099918289293 350
      vertex -119.89582679497899 19.809285235563067 350
      vertex -123.57669257798406 8.544849021813565 350
    endloop
  endfacet
  facet normal 0.6845471059286904 0.72896862742141 0
    outer loop
      vertex -117.17309411773576 22.707254478851148 350
      vertex -117.44772803075392 22.96515288939245 350
      vertex -117.17309411773576 22.707254478851148 352
    endloop
  endfacet
  facet normal 0.904827052466024 0.42577929156506306 0
    outer loop
      vertex -116.57067054233524 21.757986819119115 350
      vertex -116.7310799598684 22.098874183370228 350
      vertex -116.7310799598684 22.098874183370228 352
    endloop
  endfacet
  facet normal 0.7705132427757784 0.6374239897487027 0
    outer loop
      vertex -116.93294901687514 22.4169689179425 350
      vertex -117.17309411773576 22.707254478851148 350
      vertex -116.93294901687514 22.4169689179425 352
    endloop
  endfacet
  facet normal 0.8443279255020177 0.5358267949789924 0
    outer loop
      vertex -116.7310799598684 22.098874183370228 350
      vertex -116.93294901687514 22.4169689179425 350
      vertex -116.93294901687514 22.4169689179425 352
    endloop
  endfacet
  facet normal 0.9822872507286876 0.1873813145857306 0
    outer loop
      vertex -116.38365589605655 21.029612861757993 352
      vertex -116.38365589605655 21.029612861757993 350
      vertex -116.4542505166141 21.399682822559647 350
    endloop
  endfacet
  facet normal 0.9980267284282713 0.0627905195293158 0
    outer loop
      vertex -116.38365589605655 21.029612861757993 350
      vertex -116.38365589605655 21.029612861757993 352
      vertex -116.35999999999999 20.65361316106508 350
    endloop
  endfacet
  facet normal -0.2486898871648574 0.9685831611286304 0
    outer loop
      vertex -119.92214394375716 23.600474913251148 350
      vertex -120.28705098312483 23.506782709950542 352
      vertex -119.92214394375716 23.600474913251148 352
    endloop
  endfacet
  facet normal 0.9510565162951519 0.3090169943749525 0
    outer loop
      vertex -116.4542505166141 21.399682822559647 350
      vertex -116.57067054233524 21.757986819119115 350
      vertex -116.4542505166141 21.399682822559647 352
    endloop
  endfacet
  facet normal 0.5877852522924782 0.8090169943749437 0
    outer loop
      vertex -117.44772803075392 22.96515288939245 350
      vertex -117.752519615063 23.186596937571124 350
      vertex -117.752519615063 23.186596937571124 352
    endloop
  endfacet
  facet normal 0.4817536741017198 0.8763066800438611 0
    outer loop
      vertex -117.752519615063 23.186596937571124 350
      vertex -118.08266212530476 23.36809431846314 350
      vertex -118.08266212530476 23.36809431846314 352
    endloop
  endfacet
  facet normal 0.36812455268467775 0.9297764858882516 0
    outer loop
      vertex -118.08266212530476 23.36809431846314 350
      vertex -118.43294901687514 23.506782709950542 350
      vertex -118.08266212530476 23.36809431846314 352
    endloop
  endfacet
  facet normal 0.2486898871648574 0.9685831611286304 0
    outer loop
      vertex -118.43294901687514 23.506782709950542 350
      vertex -118.79785605624281 23.600474913251148 350
      vertex -118.79785605624281 23.600474913251148 352
    endloop
  endfacet
  facet normal 0.9822872507286873 -0.18738131458573232 0
    outer loop
      vertex -116.4542505166141 19.90754349957052 350
      vertex -116.38365589605655 20.27761346037217 350
      vertex -116.4542505166141 19.90754349957052 352
    endloop
  endfacet
  facet normal 0.9510565162951536 -0.30901699437494695 0
    outer loop
      vertex -116.57067054233524 19.549239503011044 352
      vertex -116.57067054233524 19.549239503011044 350
      vertex -116.4542505166141 19.90754349957052 350
    endloop
  endfacet
  facet normal 0.9048270524660224 -0.42577929156506666 0
    outer loop
      vertex -116.7310799598684 19.208352138759935 350
      vertex -116.57067054233524 19.549239503011044 350
      vertex -116.57067054233524 19.549239503011044 352
    endloop
  endfacet
  facet normal 0.8443279255020177 -0.5358267949789924 0
    outer loop
      vertex -116.93294901687514 18.89025740418766 350
      vertex -116.7310799598684 19.208352138759935 350
      vertex -116.93294901687514 18.89025740418766 352
    endloop
  endfacet
  facet normal 0 0 -1
    outer loop
      vertex -116.4542505166141 21.399682822559647 350
      vertex -117.44772803075392 22.96515288939245 350
      vertex -116.57067054233524 21.757986819119115 350
    endloop
  endfacet
  facet normal 0 0 -1
    outer loop
      vertex -116.7310799598684 22.098874183370228 350
      vertex -117.44772803075392 22.96515288939245 350
      vertex -116.93294901687514 22.4169689179425 350
    endloop
  endfacet
  facet normal 0 0 -1
    outer loop
      vertex -117.44772803075392 22.96515288939245 350
      vertex -117.17309411773576 22.707254478851148 350
      vertex -116.93294901687514 22.4169689179425 350
    endloop
  endfacet
  facet normal 0 0 1
    outer loop
      vertex -118.08266212530476 23.36809431846314 352
      vertex -119.78577929156506 21.5584402135311 352
      vertex -119.66901699437493 21.604669677360235 352
    endloop
  endfacet
  facet normal 0.2486898871648574 0.9685831611286304 0
    outer loop
      vertex -118.43294901687514 23.506782709950542 350
      vertex -118.79785605624281 23.600474913251148 352
      vertex -118.43294901687514 23.506782709950542 352
    endloop
  endfacet
  facet normal 0.9822872507286873 -0.18738131458573232 0
    outer loop
      vertex -116.4542505166141 19.90754349957052 352
      vertex -116.38365589605655 20.27761346037217 350
      vertex -116.38365589605655 20.27761346037217 352
    endloop
  endfacet
  facet normal 0.9510565162951536 -0.30901699437494695 0
    outer loop
      vertex -116.57067054233524 19.549239503011044 352
      vertex -116.4542505166141 19.90754349957052 350
      vertex -116.4542505166141 19.90754349957052 352
    endloop
  endfacet
  facet normal 0.9048270524660224 -0.42577929156506666 0
    outer loop
      vertex -116.7310799598684 19.208352138759935 352
      vertex -116.7310799598684 19.208352138759935 350
      vertex -116.57067054233524 19.549239503011044 352
    endloop
  endfacet
  facet normal 0.8443279255020177 -0.5358267949789924 0
    outer loop
      vertex -116.93294901687514 18.89025740418766 352
      vertex -116.7310799598684 19.208352138759935 350
      vertex -116.7310799598684 19.208352138759935 352
    endloop
  endfacet
  facet normal 0 0 1
    outer loop
      vertex -119.17162844141204 23.647693346349897 352
      vertex -119.54837155858793 23.647693346349897 352
      vertex -118.08266212530476 23.36809431846314 352
    endloop
  endfacet
  facet normal 0 0 1
    outer loop
      vertex -119.54837155858793 23.647693346349897 352
      vertex -119.92214394375716 23.600474913251148 352
      vertex -118.08266212530476 23.36809431846314 352
    endloop
  endfacet
  facet normal 0 0 1
    outer loop
      vertex -119.92214394375716 23.600474913251148 352
      vertex -120.28705098312483 23.506782709950542 352
      vertex -118.08266212530476 23.36809431846314 352
    endloop
  endfacet
  facet normal 0 0 1
    outer loop
      vertex -120.28705098312483 23.506782709950542 352
      vertex -120.6373378746952 23.36809431846314 352
      vertex -118.08266212530476 23.36809431846314 352
    endloop
  endfacet
  facet normal 0 0 1
    outer loop
      vertex -118.08266212530476 23.36809431846314 352
      vertex -119.4227905195293 21.651639889493353 352
      vertex -119.29720948047067 21.651639889493353 352
    endloop
  endfacet
  facet normal 0 0 1
    outer loop
      vertex -118.08266212530476 23.36809431846314 352
      vertex -119.5473813145857 21.63590041179377 352
      vertex -119.4227905195293 21.651639889493353 352
    endloop
  endfacet
  facet normal 0 0 1
    outer loop
      vertex -118.08266212530476 23.36809431846314 352
      vertex -119.66901699437493 21.604669677360235 352
      vertex -119.5473813145857 21.63590041179377 352
    endloop
  endfacet
  facet normal 0 0 -1
    outer loop
      vertex -117.44772803075392 22.96515288939245 350
      vertex -116.7310799598684 22.098874183370228 350
      vertex -116.57067054233524 21.757986819119115 350
    endloop
  endfacet
  facet normal 0 0 1
    outer loop
      vertex -118.08266212530476 23.36809431846314 352
      vertex -119.89582679497899 21.497941086567096 352
      vertex -119.78577929156506 21.5584402135311 352
    endloop
  endfacet
  facet normal 0 0 1
    outer loop
      vertex -120.6373378746952 23.36809431846314 352
      vertex -120.96748038493698 23.186596937571124 352
      vertex -118.08266212530476 23.36809431846314 352
    endloop
  endfacet
  facet normal 0 0 1
    outer loop
      vertex -120.96748038493698 23.186596937571124 352
      vertex -121.27227196924605 22.96515288939245 352
      vertex -118.08266212530476 23.36809431846314 352
    endloop
  endfacet
  facet normal 0 0 1
    outer loop
      vertex -121.27227196924605 22.96515288939245 352
      vertex -121.54690588226423 22.707254478851148 352
      vertex -118.08266212530476 23.36809431846314 352
    endloop
  endfacet
  facet normal 0 0 1
    outer loop
      vertex -119.89582679497899 21.497941086567096 352
      vertex -118.08266212530476 23.36809431846314 352
      vertex -121.54690588226423 22.707254478851148 352
    endloop
  endfacet
  facet normal 0 0 1
    outer loop
      vertex -119.99742398974867 21.42412640384087 352
      vertex -119.89582679497899 21.497941086567096 352
      vertex -121.54690588226423 22.707254478851148 352
    endloop
  endfacet
  facet normal 0 0 1
    outer loop
      vertex -119.99742398974867 21.42412640384087 352
      vertex -121.54690588226423 22.707254478851148 352
      vertex -120.0889686274214 21.33816026699377 352
    endloop
  endfacet
  facet normal 0 0 1
    outer loop
      vertex -121.54690588226423 22.707254478851148 352
      vertex -120.16901699437493 21.241398413357555 352
      vertex -120.0889686274214 21.33816026699377 352
    endloop
  endfacet
  facet normal 0.12533323356430526 0.9921147013144777 0
    outer loop
      vertex -118.79785605624281 23.600474913251148 352
      vertex -119.17162844141204 23.647693346349897 350
      vertex -119.17162844141204 23.647693346349897 352
    endloop
  endfacet
  facet normal 0 1 0
    outer loop
      vertex -119.17162844141204 23.647693346349897 350
      vertex -119.54837155858793 23.647693346349897 352
      vertex -119.17162844141204 23.647693346349897 352
    endloop
  endfacet
  facet normal -0.12533323356430526 0.9921147013144777 0
    outer loop
      vertex -119.54837155858793 23.647693346349897 352
      vertex -119.92214394375716 23.600474913251148 350
      vertex -119.92214394375716 23.600474913251148 352
    endloop
  endfacet
  facet normal 0 0 -1
    outer loop
      vertex -120.0889686274214 19.96906605513639 350
      vertex -119.99742398974867 19.883099918289293 350
      vertex -123.57669257798406 8.544849021813565 350
    endloop
  endfacet
  facet normal 0 0 -1
    outer loop
      vertex -123.57669257798406 8.544849021813565 350
      vertex -137.29049270137244 3.7373644577535776 350
      vertex -121.54690588226423 22.707254478851148 350
    endloop
  endfacet
  facet normal 0 0 -1
    outer loop
      vertex -120.16901699437493 20.065827908772608 350
      vertex -123.57669257798406 8.544849021813565 350
      vertex -120.23630668004385 20.171859486963367 350
    endloop
  endfacet
  facet normal 0 0 -1
    outer loop
      vertex -123.57669257798406 8.544849021813565 350
      vertex -120.28977648588824 20.285488608380405 350
      vertex -120.23630668004385 20.171859486963367 350
    endloop
  endfacet
  facet normal 0 0 -1
    outer loop
      vertex -123.57669257798406 8.544849021813565 350
      vertex -120.32858316112862 20.404923273900227 350
      vertex -120.28977648588824 20.285488608380405 350
    endloop
  endfacet
  facet normal 0 0 -1
    outer loop
      vertex -123.57669257798406 8.544849021813565 350
      vertex -120.35999999999999 20.65361316106508 350
      vertex -120.35211470131446 20.528279927500776 350
    endloop
  endfacet
  facet normal 0 0 -1
    outer loop
      vertex -123.57669257798406 8.544849021813565 350
      vertex -120.35211470131446 20.778946394629386 350
      vertex -120.35999999999999 20.65361316106508 350
    endloop
  endfacet
  facet normal 0 0 -1
    outer loop
      vertex -123.57669257798406 8.544849021813565 350
      vertex -120.35211470131446 20.528279927500776 350
      vertex -120.32858316112862 20.404923273900227 350
    endloop
  endfacet
  facet normal 0 0 -1
    outer loop
      vertex -120.16901699437493 20.065827908772608 350
      vertex -120.0889686274214 19.96906605513639 350
      vertex -123.57669257798406 8.544849021813565 350
    endloop
  endfacet
  facet normal 0 0 1
    outer loop
      vertex -120.32858316112862 20.902303048229935 352
      vertex -120.28977648588824 21.021737713749758 352
      vertex -137.29049270137244 3.7373644577535776 352
    endloop
  endfacet
  facet normal -0.7695095781321377 0.6386352708415809 0
    outer loop
      vertex -121.54690588226423 22.707254478851148 350
      vertex -137.29049270137244 3.7373644577535776 350
      vertex -121.54690588226423 22.707254478851148 352
    endloop
  endfacet
  facet normal 0 0 -1
    outer loop
      vertex -119.78577929156506 19.748786108599063 350
      vertex -119.66901699437493 19.702556644769928 350
      vertex -123.57669257798406 8.544849021813565 350
    endloop
  endfacet
  facet normal 0 0 -1
    outer loop
      vertex -119.66901699437493 19.702556644769928 350
      vertex -119.5473813145857 19.671325910336392 350
      vertex -123.57669257798406 8.544849021813565 350
    endloop
  endfacet
  facet normal 0 0 -1
    outer loop
      vertex -119.89582679497899 19.809285235563067 350
      vertex -119.78577929156506 19.748786108599063 350
      vertex -123.57669257798406 8.544849021813565 350
    endloop
  endfacet
  facet normal 0 0 -1
    outer loop
      vertex -119.5473813145857 19.671325910336392 350
      vertex -119.4227905195293 19.65558643263681 350
      vertex -123.57669257798406 8.544849021813565 350
    endloop
  endfacet
  facet normal 0 0 -1
    outer loop
      vertex -119.4227905195293 19.65558643263681 350
      vertex -119.29720948047067 19.65558643263681 350
      vertex -123.57669257798406 8.544849021813565 350
    endloop
  endfacet
  facet normal 0 0 -1
    outer loop
      vertex -119.29720948047067 19.65558643263681 350
      vertex -119.17261868541426 19.671325910336392 350
      vertex -123.57669257798406 8.544849021813565 350
    endloop
  endfacet
  facet normal 0 0 -1
    outer loop
      vertex -119.17261868541426 19.671325910336392 350
      vertex -119.05098300562504 19.702556644769928 350
      vertex -123.57669257798406 8.544849021813565 350
    endloop
  endfacet
  facet normal 0 0 -1
    outer loop
      vertex -119.05098300562504 19.702556644769928 350
      vertex -118.9342207084349 19.748786108599063 350
      vertex -123.57669257798406 8.544849021813565 350
    endloop
  endfacet
  facet normal 0 0 -1
    outer loop
      vertex -116.93294901687514 18.89025740418766 350
      vertex -123.57669257798406 8.544849021813565 350
      vertex -118.7225760102513 19.883099918289293 350
    endloop
  endfacet
  facet normal 0 0 1
    outer loop
      vertex -119.78577929156506 19.748786108599063 352
      vertex -119.89582679497899 19.809285235563067 352
      vertex -137.29049270137244 3.7373644577535776 352
    endloop
  endfacet
  facet normal 0 0 1
    outer loop
      vertex -120.28977648588824 21.021737713749758 352
      vertex -120.23630668004385 21.135366835166796 352
      vertex -137.29049270137244 3.7373644577535776 352
    endloop
  endfacet
  facet normal 0 0 1
    outer loop
      vertex -120.23630668004385 21.135366835166796 352
      vertex -120.16901699437493 21.241398413357555 352
      vertex -137.29049270137244 3.7373644577535776 352
    endloop
  endfacet
  facet normal 0 0 1
    outer loop
      vertex -120.35211470131446 20.778946394629386 352
      vertex -120.32858316112862 20.902303048229935 352
      vertex -137.29049270137244 3.7373644577535776 352
    endloop
  endfacet
  facet normal 0 0 1
    outer loop
      vertex -120.35999999999999 20.65361316106508 352
      vertex -120.35211470131446 20.778946394629386 352
      vertex -137.29049270137244 3.7373644577535776 352
    endloop
  endfacet
  facet normal 0 0 1
    outer loop
      vertex -120.35211470131446 20.528279927500776 352
      vertex -120.35999999999999 20.65361316106508 352
      vertex -137.29049270137244 3.7373644577535776 352
    endloop
  endfacet
  facet normal 0 0 1
    outer loop
      vertex -121.54690588226423 22.707254478851148 352
      vertex -137.29049270137244 3.7373644577535776 352
      vertex -120.16901699437493 21.241398413357555 352
    endloop
  endfacet
  facet normal 0 0 1
    outer loop
      vertex -119.4227905195293 19.65558643263681 352
      vertex -119.5473813145857 19.671325910336392 352
      vertex -137.29049270137244 3.7373644577535776 352
    endloop
  endfacet
  facet normal 0 0 1
    outer loop
      vertex -119.66901699437493 19.702556644769928 352
      vertex -119.78577929156506 19.748786108599063 352
      vertex -137.29049270137244 3.7373644577535776 352
    endloop
  endfacet
  facet normal 0 0 1
    outer loop
      vertex -119.5473813145857 19.671325910336392 352
      vertex -119.66901699437493 19.702556644769928 352
      vertex -137.29049270137244 3.7373644577535776 352
    endloop
  endfacet
  facet normal 0 0 -1
    outer loop
      vertex -121.54690588226423 22.707254478851148 350
      vertex -119.66901699437493 21.604669677360235 350
      vertex -119.78577929156506 21.5584402135311 350
    endloop
  endfacet
  facet normal 0 0 1
    outer loop
      vertex -119.89582679497899 19.809285235563067 352
      vertex -119.99742398974867 19.883099918289293 352
      vertex -137.29049270137244 3.7373644577535776 352
    endloop
  endfacet
  facet normal 0 0 1
    outer loop
      vertex -120.28977648588824 20.285488608380405 352
      vertex -120.32858316112862 20.404923273900227 352
      vertex -137.29049270137244 3.7373644577535776 352
    endloop
  endfacet
  facet normal 0 0 1
    outer loop
      vertex -120.23630668004385 20.171859486963367 352
      vertex -120.28977648588824 20.285488608380405 352
      vertex -137.29049270137244 3.7373644577535776 352
    endloop
  endfacet
  facet normal 0 0 1
    outer loop
      vertex -120.0889686274214 19.96906605513639 352
      vertex -120.16901699437493 20.065827908772608 352
      vertex -137.29049270137244 3.7373644577535776 352
    endloop
  endfacet
  facet normal 0 0 1
    outer loop
      vertex -119.99742398974867 19.883099918289293 352
      vertex -120.0889686274214 19.96906605513639 352
      vertex -137.29049270137244 3.7373644577535776 352
    endloop
  endfacet
  facet normal 0 0 1
    outer loop
      vertex -120.16901699437493 20.065827908772608 352
      vertex -120.23630668004385 20.171859486963367 352
      vertex -137.29049270137244 3.7373644577535776 352
    endloop
  endfacet
  facet normal 0 0 1
    outer loop
      vertex -120.32858316112862 20.404923273900227 352
      vertex -120.35211470131446 20.528279927500776 352
      vertex -137.29049270137244 3.7373644577535776 352
    endloop
  endfacet
  facet normal 0 0 1
    outer loop
      vertex -123.57669257798406 8.544849021813565 352
      vertex -116.93294901687514 18.89025740418766 352
      vertex -137.29049270137244 3.7373644577535776 352
    endloop
  endfacet
  facet normal -0.7695095781321377 0.6386352708415809 0
    outer loop
      vertex -121.54690588226423 22.707254478851148 352
      vertex -137.29049270137244 3.7373644577535776 350
      vertex -137.29049270137244 3.7373644577535776 352
    endloop
  endfacet
  facet normal 0 0 -1
    outer loop
      vertex -121.54690588226423 22.707254478851148 350
      vertex -119.5473813145857 21.63590041179377 350
      vertex -119.66901699437493 21.604669677360235 350
    endloop
  endfacet
  facet normal 0 0 -1
    outer loop
      vertex -118.9342207084349 19.748786108599063 350
      vertex -118.82417320502098 19.809285235563067 350
      vertex -123.57669257798406 8.544849021813565 350
    endloop
  endfacet
  facet normal 0 0 -1
    outer loop
      vertex -118.82417320502098 19.809285235563067 350
      vertex -118.7225760102513 19.883099918289293 350
      vertex -123.57669257798406 8.544849021813565 350
    endloop
  endfacet
  facet normal 0.8414327755452025 -0.540361808641485 0
    outer loop
      vertex -123.57669257798406 8.544849021813565 352
      vertex -123.57669257798406 8.544849021813565 350
      vertex -116.93294901687514 18.89025740418766 350
    endloop
  endfacet
  facet normal 0 0 -1
    outer loop
      vertex -123.57669257798406 8.544849021813565 350
      vertex -121.54690588226423 22.707254478851148 350
      vertex -120.32858316112862 20.902303048229935 350
    endloop
  endfacet
  facet normal 0 0 -1
    outer loop
      vertex -123.57669257798406 8.544849021813565 350
      vertex -120.32858316112862 20.902303048229935 350
      vertex -120.35211470131446 20.778946394629386 350
    endloop
  endfacet
  facet normal 0 0 -1
    outer loop
      vertex -121.54690588226423 22.707254478851148 350
      vertex -120.28977648588824 21.021737713749758 350
      vertex -120.32858316112862 20.902303048229935 350
    endloop
  endfacet
  facet normal 0 0 -1
    outer loop
      vertex -121.54690588226423 22.707254478851148 350
      vertex -120.23630668004385 21.135366835166796 350
      vertex -120.28977648588824 21.021737713749758 350
    endloop
  endfacet
  facet normal 0 0 -1
    outer loop
      vertex -121.54690588226423 22.707254478851148 350
      vertex -120.16901699437493 21.241398413357555 350
      vertex -120.23630668004385 21.135366835166796 350
    endloop
  endfacet
  facet normal 0 0 -1
    outer loop
      vertex -121.54690588226423 22.707254478851148 350
      vertex -120.0889686274214 21.33816026699377 350
      vertex -120.16901699437493 21.241398413357555 350
    endloop
  endfacet
  facet normal 0 0 -1
    outer loop
      vertex -121.54690588226423 22.707254478851148 350
      vertex -119.99742398974867 21.42412640384087 350
      vertex -120.0889686274214 21.33816026699377 350
    endloop
  endfacet
  facet normal 0 0 -1
    outer loop
      vertex -121.54690588226423 22.707254478851148 350
      vertex -119.89582679497899 21.497941086567096 350
      vertex -119.99742398974867 21.42412640384087 350
    endloop
  endfacet
  facet normal 0 0 -1
    outer loop
      vertex -121.54690588226423 22.707254478851148 350
      vertex -119.78577929156506 21.5584402135311 350
      vertex -119.89582679497899 21.497941086567096 350
    endloop
  endfacet
  facet normal 0.9510565162951705 0.3090169943748954 0
    outer loop
      vertex -120.38275413447707 2.248676153111935 350
      vertex -120.42544147724148 2.38005428518374 352
      vertex -120.38275413447707 2.248676153111935 352
    endloop
  endfacet
  facet normal 0.8443279255020391 -0.5358267949789589 0
    outer loop
      vertex -120.24991869381243 3.3001769385868007 352
      vertex -120.32393734804823 3.1835422025769673 350
      vertex -120.24991869381243 3.3001769385868007 350
    endloop
  endfacet
  facet normal 0.7705132427757612 -0.6374239897487235 0
    outer loop
      vertex -120.16186549016354 3.4066149775866377 352
      vertex -120.24991869381243 3.3001769385868007 350
      vertex -120.16186549016354 3.4066149775866377 350
    endloop
  endfacet
  facet normal 0.9048270524659959 -0.42577929156512245 0
    outer loop
      vertex -120.32393734804823 3.1835422025769673 352
      vertex -120.38275413447707 3.058550169018226 350
      vertex -120.32393734804823 3.1835422025769673 350
    endloop
  endfacet
  facet normal 0.6845471059287203 -0.7289686274213818 0
    outer loop
      vertex -120.06116638872355 3.501177728118449 350
      vertex -120.16186549016354 3.4066149775866377 352
      vertex -120.16186549016354 3.4066149775866377 350
    endloop
  endfacet
  facet normal 0.5877852522924472 -0.8090169943749663 0
    outer loop
      vertex -119.94940947447688 3.5823738791172968 350
      vertex -120.06116638872355 3.501177728118449 352
      vertex -120.06116638872355 3.501177728118449 350
    endloop
  endfacet
  facet normal 0.4817536741017382 -0.8763066800438509 0
    outer loop
      vertex -119.82835722072157 3.6489229187777017 350
      vertex -119.94940947447688 3.5823738791172968 352
      vertex -119.94940947447688 3.5823738791172968 350
    endloop
  endfacet
  facet normal 0.36812455268464656 -0.9297764858882638 0
    outer loop
      vertex -119.82835722072157 3.6489229187777017 350
      vertex -119.69991869381242 3.699775328989749 350
      vertex -119.82835722072157 3.6489229187777017 352
    endloop
  endfacet
  facet normal 0.24868988716487095 -0.968583161128627 0
    outer loop
      vertex -119.56611944604428 3.7341291368666383 350
      vertex -119.69991869381242 3.699775328989749 352
      vertex -119.69991869381242 3.699775328989749 350
    endloop
  endfacet
  facet normal 0.12533323356430356 -0.992114701314478 0
    outer loop
      vertex -119.42906957148223 3.7514425623361793 350
      vertex -119.56611944604428 3.7341291368666383 352
      vertex -119.56611944604428 3.7341291368666383 350
    endloop
  endfacet
  facet normal 0 -1 0
    outer loop
      vertex -119.29093042851774 3.7514425623361793 350
      vertex -119.42906957148223 3.7514425623361793 352
      vertex -119.42906957148223 3.7514425623361793 350
    endloop
  endfacet
  facet normal -0.12533323356430356 -0.992114701314478 0
    outer loop
      vertex -119.29093042851774 3.7514425623361793 350
      vertex -119.15388055395569 3.7341291368666383 350
      vertex -119.29093042851774 3.7514425623361793 352
    endloop
  endfacet
  facet normal 0.9980267284282753 0.06279051952925417 0
    outer loop
      vertex -120.45132617144591 2.5157466041443457 350
      vertex -120.45999999999998 2.6536131610650804 352
      vertex -120.45132617144591 2.5157466041443457 352
    endloop
  endfacet
  facet normal 0.6845471059287203 -0.7289686274213818 0
    outer loop
      vertex -120.16186549016354 3.4066149775866377 352
      vertex -120.06116638872355 3.501177728118449 350
      vertex -120.06116638872355 3.501177728118449 352
    endloop
  endfacet
  facet normal 0.9510565162951705 -0.3090169943748954 0
    outer loop
      vertex -120.42544147724148 2.9271720369464207 350
      vertex -120.38275413447707 3.058550169018226 350
      vertex -120.38275413447707 3.058550169018226 352
    endloop
  endfacet
  facet normal 0.9822872507286828 -0.18738131458575494 0
    outer loop
      vertex -120.42544147724148 2.9271720369464207 352
      vertex -120.45132617144591 2.791479717985815 350
      vertex -120.42544147724148 2.9271720369464207 350
    endloop
  endfacet
  facet normal 0.24868988716486642 0.9685831611286281 0
    outer loop
      vertex -119.56611944604428 1.573097185263523 352
      vertex -119.69991869381242 1.6074509931404115 350
      vertex -119.69991869381242 1.6074509931404115 352
    endloop
  endfacet
  facet normal 0.12533323356430517 0.9921147013144778 0
    outer loop
      vertex -119.42906957148223 1.5557837597939816 352
      vertex -119.56611944604428 1.573097185263523 350
      vertex -119.56611944604428 1.573097185263523 352
    endloop
  endfacet
  facet normal 0 1 0
    outer loop
      vertex -119.29093042851774 1.5557837597939816 352
      vertex -119.42906957148223 1.5557837597939816 350
      vertex -119.42906957148223 1.5557837597939816 352
    endloop
  endfacet
  facet normal -0.12533323356430517 0.9921147013144778 0
    outer loop
      vertex -119.15388055395569 1.573097185263523 352
      vertex -119.29093042851774 1.5557837597939816 350
      vertex -119.29093042851774 1.5557837597939816 352
    endloop
  endfacet
  facet normal -0.24868988716486642 0.9685831611286281 0
    outer loop
      vertex -119.02008130618755 1.6074509931404115 352
      vertex -119.15388055395569 1.573097185263523 350
      vertex -119.15388055395569 1.573097185263523 352
    endloop
  endfacet
  facet normal -0.36812455268464517 0.9297764858882643 0
    outer loop
      vertex -118.8916427792784 1.6583034033524586 352
      vertex -119.02008130618755 1.6074509931404115 350
      vertex -119.02008130618755 1.6074509931404115 352
    endloop
  endfacet
  facet normal 0.9980267284282753 -0.06279051952925417 0
    outer loop
      vertex -120.45999999999998 2.6536131610650804 350
      vertex -120.45132617144591 2.791479717985815 352
      vertex -120.45999999999998 2.6536131610650804 352
    endloop
  endfacet
  facet normal 0.9822872507286828 -0.18738131458575494 0
    outer loop
      vertex -120.45132617144591 2.791479717985815 350
      vertex -120.42544147724148 2.9271720369464207 352
      vertex -120.45132617144591 2.791479717985815 352
    endloop
  endfacet
  facet normal 0.9510565162951705 -0.3090169943748954 0
    outer loop
      vertex -120.42544147724148 2.9271720369464207 350
      vertex -120.38275413447707 3.058550169018226 352
      vertex -120.42544147724148 2.9271720369464207 352
    endloop
  endfacet
  facet normal 0.9048270524659959 -0.42577929156512245 0
    outer loop
      vertex -120.38275413447707 3.058550169018226 352
      vertex -120.38275413447707 3.058550169018226 350
      vertex -120.32393734804823 3.1835422025769673 352
    endloop
  endfacet
  facet normal 0.8443279255020391 -0.5358267949789589 0
    outer loop
      vertex -120.32393734804823 3.1835422025769673 350
      vertex -120.24991869381243 3.3001769385868007 352
      vertex -120.32393734804823 3.1835422025769673 352
    endloop
  endfacet
  facet normal 0.7705132427757612 -0.6374239897487235 0
    outer loop
      vertex -120.24991869381243 3.3001769385868007 350
      vertex -120.16186549016354 3.4066149775866377 352
      vertex -120.24991869381243 3.3001769385868007 352
    endloop
  endfacet
  facet normal -0.4817536741017382 -0.8763066800438509 0
    outer loop
      vertex -118.77059052552309 3.5823738791172968 350
      vertex -118.8916427792784 3.6489229187777017 352
      vertex -118.8916427792784 3.6489229187777017 350
    endloop
  endfacet
  facet normal -0.8443279255020391 0.5358267949789589 0
    outer loop
      vertex -118.47008130618754 2.00704938354336 352
      vertex -118.39606265195174 2.1236841195531935 350
      vertex -118.47008130618754 2.00704938354336 350
    endloop
  endfacet
  facet normal -0.9048270524659955 0.42577929156512373 0
    outer loop
      vertex -118.39606265195174 2.1236841195531935 352
      vertex -118.3372458655229 2.2486761531119344 350
      vertex -118.39606265195174 2.1236841195531935 350
    endloop
  endfacet
  facet normal -0.951056516295171 0.30901699437489344 0
    outer loop
      vertex -118.3372458655229 2.2486761531119344 352
      vertex -118.29455852275849 2.3800542851837405 350
      vertex -118.3372458655229 2.2486761531119344 350
    endloop
  endfacet
  facet normal -0.9822872507286827 0.18738131458575555 0
    outer loop
      vertex -118.26867382855406 2.5157466041443457 350
      vertex -118.29455852275849 2.3800542851837405 350
      vertex -118.29455852275849 2.3800542851837405 352
    endloop
  endfacet
  facet normal -0.9980267284282753 0.06279051952925417 0
    outer loop
      vertex -118.26867382855406 2.5157466041443457 352
      vertex -118.25999999999999 2.6536131610650804 350
      vertex -118.26867382855406 2.5157466041443457 350
    endloop
  endfacet
  facet normal -0.5877852522924494 -0.8090169943749648 0
    outer loop
      vertex -118.65883361127642 3.5011777281184484 350
      vertex -118.77059052552309 3.5823738791172968 352
      vertex -118.77059052552309 3.5823738791172968 350
    endloop
  endfacet
  facet normal -0.7705132427757626 -0.6374239897487219 0
    outer loop
      vertex -118.47008130618754 3.3001769385868007 352
      vertex -118.55813450983644 3.406614977586638 350
      vertex -118.47008130618754 3.3001769385868007 350
    endloop
  endfacet
  facet normal -0.6845471059287169 -0.728968627421385 0
    outer loop
      vertex -118.55813450983644 3.406614977586638 350
      vertex -118.65883361127642 3.5011777281184484 352
      vertex -118.65883361127642 3.5011777281184484 350
    endloop
  endfacet
  facet normal -0.9510565162951706 -0.3090169943748944 0
    outer loop
      vertex -118.29455852275849 2.9271720369464207 352
      vertex -118.3372458655229 3.0585501690182264 350
      vertex -118.29455852275849 2.9271720369464207 350
    endloop
  endfacet
  facet normal -0.9048270524659955 -0.42577929156512373 0
    outer loop
      vertex -118.39606265195174 3.1835422025769673 350
      vertex -118.3372458655229 3.0585501690182264 350
      vertex -118.3372458655229 3.0585501690182264 352
    endloop
  endfacet
  facet normal -0.9980267284282753 -0.06279051952925417 0
    outer loop
      vertex -118.25999999999999 2.6536131610650804 352
      vertex -118.26867382855406 2.791479717985815 350
      vertex -118.25999999999999 2.6536131610650804 350
    endloop
  endfacet
  facet normal -0.9822872507286828 -0.18738131458575494 0
    outer loop
      vertex -118.26867382855406 2.791479717985815 352
      vertex -118.29455852275849 2.9271720369464207 350
      vertex -118.26867382855406 2.791479717985815 350
    endloop
  endfacet
  facet normal -0.8443279255020391 -0.5358267949789589 0
    outer loop
      vertex -118.39606265195174 3.1835422025769673 352
      vertex -118.47008130618754 3.3001769385868007 350
      vertex -118.39606265195174 3.1835422025769673 350
    endloop
  endfacet
  facet normal 0.9822872507286828 0.18738131458575494 0
    outer loop
      vertex -120.42544147724148 2.38005428518374 352
      vertex -120.42544147724148 2.38005428518374 350
      vertex -120.45132617144591 2.5157466041443457 352
    endloop
  endfacet
  facet normal 0.5877852522924472 0.8090169943749663 0
    outer loop
      vertex -119.94940947447688 1.724852443012864 352
      vertex -120.06116638872355 1.806048594011712 350
      vertex -120.06116638872355 1.806048594011712 352
    endloop
  endfacet
  facet normal 0.48175367410174075 0.8763066800438497 0
    outer loop
      vertex -119.82835722072157 1.6583034033524586 352
      vertex -119.94940947447688 1.724852443012864 350
      vertex -119.94940947447688 1.724852443012864 352
    endloop
  endfacet
  facet normal 0.36812455268464517 0.9297764858882643 0
    outer loop
      vertex -119.69991869381242 1.6074509931404115 352
      vertex -119.82835722072157 1.6583034033524586 350
      vertex -119.82835722072157 1.6583034033524586 352
    endloop
  endfacet
  facet normal 0.9048270524659959 0.42577929156512245 0
    outer loop
      vertex -120.32393734804823 2.1236841195531935 350
      vertex -120.38275413447707 2.248676153111935 352
      vertex -120.32393734804823 2.1236841195531935 352
    endloop
  endfacet
  facet normal 0.6845471059287203 0.7289686274213818 0
    outer loop
      vertex -120.16186549016354 1.900611344543523 352
      vertex -120.06116638872355 1.806048594011712 352
      vertex -120.16186549016354 1.900611344543523 350
    endloop
  endfacet
  facet normal 0.7705132427757612 0.6374239897487235 0
    outer loop
      vertex -120.16186549016354 1.900611344543523 350
      vertex -120.24991869381243 2.00704938354336 352
      vertex -120.16186549016354 1.900611344543523 352
    endloop
  endfacet
  facet normal -0.7705132427757612 0.6374239897487235 0
    outer loop
      vertex -118.55813450983644 1.900611344543523 352
      vertex -118.47008130618754 2.00704938354336 350
      vertex -118.55813450983644 1.900611344543523 350
    endloop
  endfacet
  facet normal -0.6845471059287186 0.7289686274213834 0
    outer loop
      vertex -118.65883361127642 1.8060485940117124 350
      vertex -118.55813450983644 1.900611344543523 352
      vertex -118.55813450983644 1.900611344543523 350
    endloop
  endfacet
  facet normal -0.5877852522924514 0.8090169943749632 0
    outer loop
      vertex -118.77059052552309 1.7248524430128636 350
      vertex -118.65883361127642 1.8060485940117124 352
      vertex -118.65883361127642 1.8060485940117124 350
    endloop
  endfacet
  facet normal -0.4817536741017382 0.8763066800438509 0
    outer loop
      vertex -118.8916427792784 1.6583034033524586 350
      vertex -118.77059052552309 1.7248524430128636 352
      vertex -118.77059052552309 1.7248524430128636 350
    endloop
  endfacet
  facet normal -0.36812455268464656 -0.9297764858882638 0
    outer loop
      vertex -118.8916427792784 3.6489229187777017 350
      vertex -119.02008130618755 3.699775328989749 352
      vertex -119.02008130618755 3.699775328989749 350
    endloop
  endfacet
  facet normal -0.24868988716487095 -0.968583161128627 0
    outer loop
      vertex -119.02008130618755 3.699775328989749 350
      vertex -119.15388055395569 3.7341291368666383 352
      vertex -119.15388055395569 3.7341291368666383 350
    endloop
  endfacet
  facet normal 0.8443279255020391 0.5358267949789589 0
    outer loop
      vertex -120.24991869381243 2.00704938354336 350
      vertex -120.32393734804823 2.1236841195531935 352
      vertex -120.24991869381243 2.00704938354336 352
    endloop
  endfacet
  facet normal -0.9048270524659955 -0.42577929156512373 0
    outer loop
      vertex -118.39606265195174 3.1835422025769673 350
      vertex -118.3372458655229 3.0585501690182264 352
      vertex -118.39606265195174 3.1835422025769673 352
    endloop
  endfacet
  facet normal -0.4817536741017382 0.8763066800438509 0
    outer loop
      vertex -118.77059052552309 1.7248524430128636 352
      vertex -118.8916427792784 1.6583034033524586 350
      vertex -118.8916427792784 1.6583034033524586 352
    endloop
  endfacet
  facet normal -0.5877852522924514 0.8090169943749632 0
    outer loop
      vertex -118.65883361127642 1.8060485940117124 352
      vertex -118.77059052552309 1.7248524430128636 350
      vertex -118.77059052552309 1.7248524430128636 352
    endloop
  endfacet
  facet normal -0.6845471059287186 0.7289686274213834 0
    outer loop
      vertex -118.65883361127642 1.8060485940117124 352
      vertex -118.55813450983644 1.900611344543523 352
      vertex -118.65883361127642 1.8060485940117124 350
    endloop
  endfacet
  facet normal -0.7705132427757612 0.6374239897487235 0
    outer loop
      vertex -118.47008130618754 2.00704938354336 350
      vertex -118.55813450983644 1.900611344543523 352
      vertex -118.47008130618754 2.00704938354336 352
    endloop
  endfacet
  facet normal -0.8443279255020391 0.5358267949789589 0
    outer loop
      vertex -118.39606265195174 2.1236841195531935 350
      vertex -118.47008130618754 2.00704938354336 352
      vertex -118.39606265195174 2.1236841195531935 352
    endloop
  endfacet
  facet normal 0.5877852522924472 0.8090169943749663 0
    outer loop
      vertex -120.06116638872355 1.806048594011712 350
      vertex -119.94940947447688 1.724852443012864 352
      vertex -119.94940947447688 1.724852443012864 350
    endloop
  endfacet
  facet normal 0.48175367410174075 0.8763066800438497 0
    outer loop
      vertex -119.94940947447688 1.724852443012864 350
      vertex -119.82835722072157 1.6583034033524586 352
      vertex -119.82835722072157 1.6583034033524586 350
    endloop
  endfacet
  facet normal 0.5877852522924472 -0.8090169943749663 0
    outer loop
      vertex -120.06116638872355 3.501177728118449 352
      vertex -119.94940947447688 3.5823738791172968 350
      vertex -119.94940947447688 3.5823738791172968 352
    endloop
  endfacet
  facet normal 0.36812455268464517 0.9297764858882643 0
    outer loop
      vertex -119.82835722072157 1.6583034033524586 350
      vertex -119.69991869381242 1.6074509931404115 352
      vertex -119.69991869381242 1.6074509931404115 350
    endloop
  endfacet
  facet normal 0.9048270524659959 0.42577929156512245 0
    outer loop
      vertex -120.38275413447707 2.248676153111935 352
      vertex -120.32393734804823 2.1236841195531935 350
      vertex -120.38275413447707 2.248676153111935 350
    endloop
  endfacet
  facet normal 0.7705132427757612 0.6374239897487235 0
    outer loop
      vertex -120.24991869381243 2.00704938354336 352
      vertex -120.16186549016354 1.900611344543523 350
      vertex -120.24991869381243 2.00704938354336 350
    endloop
  endfacet
  facet normal -0.4817536741017382 -0.8763066800438509 0
    outer loop
      vertex -118.8916427792784 3.6489229187777017 352
      vertex -118.77059052552309 3.5823738791172968 350
      vertex -118.77059052552309 3.5823738791172968 352
    endloop
  endfacet
  facet normal -0.36812455268464656 -0.9297764858882638 0
    outer loop
      vertex -119.02008130618755 3.699775328989749 352
      vertex -118.8916427792784 3.6489229187777017 350
      vertex -118.8916427792784 3.6489229187777017 352
    endloop
  endfacet
  facet normal -0.8443279255020391 -0.5358267949789589 0
    outer loop
      vertex -118.47008130618754 3.3001769385868007 352
      vertex -118.47008130618754 3.3001769385868007 350
      vertex -118.39606265195174 3.1835422025769673 352
    endloop
  endfacet
  facet normal -0.9980267284282753 -0.06279051952925417 0
    outer loop
      vertex -118.26867382855406 2.791479717985815 350
      vertex -118.25999999999999 2.6536131610650804 352
      vertex -118.26867382855406 2.791479717985815 352
    endloop
  endfacet
  facet normal -0.9510565162951706 -0.3090169943748944 0
    outer loop
      vertex -118.3372458655229 3.0585501690182264 350
      vertex -118.29455852275849 2.9271720369464207 352
      vertex -118.3372458655229 3.0585501690182264 352
    endloop
  endfacet
  facet normal -0.9822872507286828 -0.18738131458575494 0
    outer loop
      vertex -118.29455852275849 2.9271720369464207 350
      vertex -118.26867382855406 2.791479717985815 352
      vertex -118.29455852275849 2.9271720369464207 352
    endloop
  endfacet
  facet normal -0.9048270524659955 0.42577929156512373 0
    outer loop
      vertex -118.3372458655229 2.2486761531119344 350
      vertex -118.39606265195174 2.1236841195531935 352
      vertex -118.3372458655229 2.2486761531119344 352
    endloop
  endfacet
  facet normal -0.951056516295171 0.30901699437489344 0
    outer loop
      vertex -118.29455852275849 2.3800542851837405 350
      vertex -118.3372458655229 2.2486761531119344 352
      vertex -118.29455852275849 2.3800542851837405 352
    endloop
  endfacet
  facet normal -0.9822872507286827 0.18738131458575555 0
    outer loop
      vertex -118.26867382855406 2.5157466041443457 350
      vertex -118.29455852275849 2.3800542851837405 352
      vertex -118.26867382855406 2.5157466041443457 352
    endloop
  endfacet
  facet normal -0.9980267284282753 0.06279051952925417 0
    outer loop
      vertex -118.25999999999999 2.6536131610650804 352
      vertex -118.25999999999999 2.6536131610650804 350
      vertex -118.26867382855406 2.5157466041443457 352
    endloop
  endfacet
  facet normal -0.7705132427757626 -0.6374239897487219 0
    outer loop
      vertex -118.55813450983644 3.406614977586638 350
      vertex -118.47008130618754 3.3001769385868007 352
      vertex -118.55813450983644 3.406614977586638 352
    endloop
  endfacet
  facet normal -0.5877852522924494 -0.8090169943749648 0
    outer loop
      vertex -118.77059052552309 3.5823738791172968 352
      vertex -118.65883361127642 3.5011777281184484 350
      vertex -118.65883361127642 3.5011777281184484 352
    endloop
  endfacet
  facet normal -0.6845471059287169 -0.728968627421385 0
    outer loop
      vertex -118.65883361127642 3.5011777281184484 352
      vertex -118.55813450983644 3.406614977586638 350
      vertex -118.55813450983644 3.406614977586638 352
    endloop
  endfacet
  facet normal -0.24868988716487095 -0.968583161128627 0
    outer loop
      vertex -119.15388055395569 3.7341291368666383 352
      vertex -119.02008130618755 3.699775328989749 350
      vertex -119.02008130618755 3.699775328989749 352
    endloop
  endfacet
  facet normal -0.36812455268464517 0.9297764858882643 0
    outer loop
      vertex -119.02008130618755 1.6074509931404115 350
      vertex -118.8916427792784 1.6583034033524586 352
      vertex -118.8916427792784 1.6583034033524586 350
    endloop
  endfacet
  facet normal -0.24868988716486642 0.9685831611286281 0
    outer loop
      vertex -119.15388055395569 1.573097185263523 350
      vertex -119.02008130618755 1.6074509931404115 352
      vertex -119.02008130618755 1.6074509931404115 350
    endloop
  endfacet
  facet normal -0.12533323356430517 0.9921147013144778 0
    outer loop
      vertex -119.29093042851774 1.5557837597939816 350
      vertex -119.15388055395569 1.573097185263523 352
      vertex -119.15388055395569 1.573097185263523 350
    endloop
  endfacet
  facet normal 0 1 0
    outer loop
      vertex -119.42906957148223 1.5557837597939816 350
      vertex -119.29093042851774 1.5557837597939816 352
      vertex -119.29093042851774 1.5557837597939816 350
    endloop
  endfacet
  facet normal 0.12533323356430517 0.9921147013144778 0
    outer loop
      vertex -119.56611944604428 1.573097185263523 350
      vertex -119.42906957148223 1.5557837597939816 352
      vertex -119.42906957148223 1.5557837597939816 350
    endloop
  endfacet
  facet normal 0.24868988716486642 0.9685831611286281 0
    outer loop
      vertex -119.69991869381242 1.6074509931404115 350
      vertex -119.56611944604428 1.573097185263523 352
      vertex -119.56611944604428 1.573097185263523 350
    endloop
  endfacet
  facet normal 0.4817536741017382 -0.8763066800438509 0
    outer loop
      vertex -119.94940947447688 3.5823738791172968 352
      vertex -119.82835722072157 3.6489229187777017 350
      vertex -119.82835722072157 3.6489229187777017 352
    endloop
  endfacet
  facet normal 0.36812455268464656 -0.9297764858882638 0
    outer loop
      vertex -119.82835722072157 3.6489229187777017 352
      vertex -119.69991869381242 3.699775328989749 350
      vertex -119.69991869381242 3.699775328989749 352
    endloop
  endfacet
  facet normal 0.24868988716487095 -0.968583161128627 0
    outer loop
      vertex -119.69991869381242 3.699775328989749 352
      vertex -119.56611944604428 3.7341291368666383 350
      vertex -119.56611944604428 3.7341291368666383 352
    endloop
  endfacet
  facet normal 0.12533323356430356 -0.992114701314478 0
    outer loop
      vertex -119.56611944604428 3.7341291368666383 352
      vertex -119.42906957148223 3.7514425623361793 350
      vertex -119.42906957148223 3.7514425623361793 352
    endloop
  endfacet
  facet normal 0.6845471059287203 0.7289686274213818 0
    outer loop
      vertex -120.16186549016354 1.900611344543523 350
      vertex -120.06116638872355 1.806048594011712 352
      vertex -120.06116638872355 1.806048594011712 350
    endloop
  endfacet
  facet normal 0.9980267284282753 0.06279051952925417 0
    outer loop
      vertex -120.45999999999998 2.6536131610650804 352
      vertex -120.45132617144591 2.5157466041443457 350
      vertex -120.45999999999998 2.6536131610650804 350
    endloop
  endfacet
  facet normal 0.9980267284282753 -0.06279051952925417 0
    outer loop
      vertex -120.45132617144591 2.791479717985815 352
      vertex -120.45999999999998 2.6536131610650804 350
      vertex -120.45132617144591 2.791479717985815 350
    endloop
  endfacet
  facet normal 0.9510565162951705 0.3090169943748954 0
    outer loop
      vertex -120.42544147724148 2.38005428518374 352
      vertex -120.38275413447707 2.248676153111935 350
      vertex -120.42544147724148 2.38005428518374 350
    endloop
  endfacet
  facet normal 0.9822872507286828 0.18738131458575494 0
    outer loop
      vertex -120.42544147724148 2.38005428518374 350
      vertex -120.45132617144591 2.5157466041443457 350
      vertex -120.45132617144591 2.5157466041443457 352
    endloop
  endfacet
  facet normal 0.8443279255020391 0.5358267949789589 0
    outer loop
      vertex -120.32393734804823 2.1236841195531935 352
      vertex -120.24991869381243 2.00704938354336 350
      vertex -120.32393734804823 2.1236841195531935 350
    endloop
  endfacet
  facet normal 0 -1 0
    outer loop
      vertex -119.42906957148223 3.7514425623361793 352
      vertex -119.29093042851774 3.7514425623361793 350
      vertex -119.29093042851774 3.7514425623361793 352
    endloop
  endfacet
  facet normal -0.12533323356430356 -0.992114701314478 0
    outer loop
      vertex -119.29093042851774 3.7514425623361793 352
      vertex -119.15388055395569 3.7341291368666383 350
      vertex -119.15388055395569 3.7341291368666383 352
    endloop
  endfacet
  facet normal -0.7705132427758008 0.6374239897486758 0
    outer loop
      vertex -118.55098300562504 20.065827908772608 350
      vertex -118.63103137257858 19.96906605513639 352
      vertex -118.55098300562504 20.065827908772608 352
    endloop
  endfacet
  facet normal 0.8443279255019862 0.535826794979042 0
    outer loop
      vertex -120.23630668004385 20.171859486963367 352
      vertex -120.16901699437493 20.065827908772608 350
      vertex -120.23630668004385 20.171859486963367 350
    endloop
  endfacet
  facet normal 0.7705132427758008 0.6374239897486758 0
    outer loop
      vertex -120.16901699437493 20.065827908772608 352
      vertex -120.0889686274214 19.96906605513639 350
      vertex -120.16901699437493 20.065827908772608 350
    endloop
  endfacet
  facet normal 0.3681245526846601 0.9297764858882586 0
    outer loop
      vertex -119.78577929156506 19.748786108599063 350
      vertex -119.66901699437493 19.702556644769928 352
      vertex -119.66901699437493 19.702556644769928 350
    endloop
  endfacet
  facet normal 0.6845471059286614 0.7289686274214371 0
    outer loop
      vertex -120.0889686274214 19.96906605513639 350
      vertex -119.99742398974867 19.883099918289293 352
      vertex -119.99742398974867 19.883099918289293 350
    endloop
  endfacet
  facet normal 0.5877852522925202 0.8090169943749131 0
    outer loop
      vertex -119.99742398974867 19.883099918289293 350
      vertex -119.89582679497899 19.809285235563067 352
      vertex -119.89582679497899 19.809285235563067 350
    endloop
  endfacet
  facet normal 0.48175367410171255 0.876306680043865 0
    outer loop
      vertex -119.89582679497899 19.809285235563067 350
      vertex -119.78577929156506 19.748786108599063 352
      vertex -119.78577929156506 19.748786108599063 350
    endloop
  endfacet
  facet normal -0.7705132427758008 -0.6374239897486758 0
    outer loop
      vertex -118.63103137257858 21.33816026699377 350
      vertex -118.55098300562504 21.241398413357555 352
      vertex -118.63103137257858 21.33816026699377 352
    endloop
  endfacet
  facet normal -0.8443279255019862 -0.535826794979042 0
    outer loop
      vertex -118.55098300562504 21.241398413357555 350
      vertex -118.48369331995612 21.135366835166796 352
      vertex -118.55098300562504 21.241398413357555 352
    endloop
  endfacet
  facet normal 0.9048270524660241 -0.42577929156506306 0
    outer loop
      vertex -120.28977648588824 21.021737713749758 350
      vertex -120.23630668004385 21.135366835166796 352
      vertex -120.28977648588824 21.021737713749758 352
    endloop
  endfacet
  facet normal -0.24868988716485743 0.9685831611286305 0
    outer loop
      vertex -119.17261868541426 19.671325910336392 350
      vertex -119.05098300562504 19.702556644769928 352
      vertex -119.05098300562504 19.702556644769928 350
    endloop
  endfacet
  facet normal -0.12533323356430995 0.992114701314477 0
    outer loop
      vertex -119.29720948047067 19.65558643263681 350
      vertex -119.17261868541426 19.671325910336392 352
      vertex -119.17261868541426 19.671325910336392 350
    endloop
  endfacet
  facet normal 0 1 0
    outer loop
      vertex -119.4227905195293 19.65558643263681 350
      vertex -119.29720948047067 19.65558643263681 352
      vertex -119.29720948047067 19.65558643263681 350
    endloop
  endfacet
  facet normal 0.12533323356430995 0.992114701314477 0
    outer loop
      vertex -119.5473813145857 19.671325910336392 350
      vertex -119.4227905195293 19.65558643263681 352
      vertex -119.4227905195293 19.65558643263681 350
    endloop
  endfacet
  facet normal 0.24868988716485743 0.9685831611286305 0
    outer loop
      vertex -119.66901699437493 19.702556644769928 350
      vertex -119.5473813145857 19.671325910336392 352
      vertex -119.5473813145857 19.671325910336392 350
    endloop
  endfacet
  facet normal -0.9048270524660241 -0.42577929156506306 0
    outer loop
      vertex -118.48369331995612 21.135366835166796 350
      vertex -118.43022351411173 21.021737713749758 352
      vertex -118.48369331995612 21.135366835166796 352
    endloop
  endfacet
  facet normal -0.48175367410171255 -0.876306680043865 0
    outer loop
      vertex -118.9342207084349 21.5584402135311 352
      vertex -118.82417320502098 21.497941086567096 350
      vertex -118.82417320502098 21.497941086567096 352
    endloop
  endfacet
  facet normal -0.6845471059286614 -0.7289686274214371 0
    outer loop
      vertex -118.7225760102513 21.42412640384087 352
      vertex -118.63103137257858 21.33816026699377 350
      vertex -118.63103137257858 21.33816026699377 352
    endloop
  endfacet
  facet normal -0.8443279255019862 0.535826794979042 0
    outer loop
      vertex -118.48369331995612 20.171859486963367 350
      vertex -118.55098300562504 20.065827908772608 352
      vertex -118.48369331995612 20.171859486963367 352
    endloop
  endfacet
  facet normal -0.5877852522925202 -0.8090169943749131 0
    outer loop
      vertex -118.82417320502098 21.497941086567096 352
      vertex -118.7225760102513 21.42412640384087 350
      vertex -118.7225760102513 21.42412640384087 352
    endloop
  endfacet
  facet normal -0.9822872507286938 -0.18738131458569768 0
    outer loop
      vertex -118.39141683887135 20.902303048229935 350
      vertex -118.36788529868551 20.778946394629386 352
      vertex -118.39141683887135 20.902303048229935 352
    endloop
  endfacet
  facet normal -0.9510565162951519 -0.3090169943749525 0
    outer loop
      vertex -118.43022351411173 21.021737713749758 350
      vertex -118.39141683887135 20.902303048229935 352
      vertex -118.43022351411173 21.021737713749758 352
    endloop
  endfacet
  facet normal -0.9980267284282714 -0.06279051952931522 0
    outer loop
      vertex -118.36788529868551 20.778946394629386 350
      vertex -118.35999999999999 20.65361316106508 352
      vertex -118.36788529868551 20.778946394629386 352
    endloop
  endfacet
  facet normal -0.9980267284282714 0.06279051952931522 0
    outer loop
      vertex -118.35999999999999 20.65361316106508 350
      vertex -118.36788529868551 20.528279927500776 352
      vertex -118.35999999999999 20.65361316106508 352
    endloop
  endfacet
  facet normal -0.9822872507286938 0.18738131458569768 0
    outer loop
      vertex -118.36788529868551 20.528279927500776 350
      vertex -118.39141683887135 20.404923273900227 352
      vertex -118.36788529868551 20.528279927500776 352
    endloop
  endfacet
  facet normal -0.9510565162951519 0.3090169943749525 0
    outer loop
      vertex -118.39141683887135 20.404923273900227 350
      vertex -118.43022351411173 20.285488608380405 352
      vertex -118.39141683887135 20.404923273900227 352
    endloop
  endfacet
  facet normal -0.9048270524660241 0.42577929156506306 0
    outer loop
      vertex -118.43022351411173 20.285488608380405 350
      vertex -118.48369331995612 20.171859486963367 352
      vertex -118.43022351411173 20.285488608380405 352
    endloop
  endfacet
  facet normal -0.9510565162951519 0.3090169943749525 0
    outer loop
      vertex -118.43022351411173 20.285488608380405 352
      vertex -118.39141683887135 20.404923273900227 350
      vertex -118.43022351411173 20.285488608380405 350
    endloop
  endfacet
  facet normal 0.9822872507286938 0.18738131458569768 0
    outer loop
      vertex -120.35211470131446 20.528279927500776 352
      vertex -120.32858316112862 20.404923273900227 350
      vertex -120.35211470131446 20.528279927500776 350
    endloop
  endfacet
  facet normal 0.9510565162951519 0.3090169943749525 0
    outer loop
      vertex -120.32858316112862 20.404923273900227 352
      vertex -120.28977648588824 20.285488608380405 350
      vertex -120.32858316112862 20.404923273900227 350
    endloop
  endfacet
  facet normal -0.3681245526846601 0.9297764858882586 0
    outer loop
      vertex -119.05098300562504 19.702556644769928 350
      vertex -118.9342207084349 19.748786108599063 352
      vertex -118.9342207084349 19.748786108599063 350
    endloop
  endfacet
  facet normal -0.48175367410171255 0.876306680043865 0
    outer loop
      vertex -118.9342207084349 19.748786108599063 350
      vertex -118.82417320502098 19.809285235563067 352
      vertex -118.82417320502098 19.809285235563067 350
    endloop
  endfacet
  facet normal -0.5877852522925202 0.8090169943749131 0
    outer loop
      vertex -118.82417320502098 19.809285235563067 350
      vertex -118.7225760102513 19.883099918289293 352
      vertex -118.7225760102513 19.883099918289293 350
    endloop
  endfacet
  facet normal -0.6845471059286614 0.7289686274214371 0
    outer loop
      vertex -118.7225760102513 19.883099918289293 350
      vertex -118.63103137257858 19.96906605513639 352
      vertex -118.63103137257858 19.96906605513639 350
    endloop
  endfacet
  facet normal -0.7705132427758008 0.6374239897486758 0
    outer loop
      vertex -118.63103137257858 19.96906605513639 352
      vertex -118.55098300562504 20.065827908772608 350
      vertex -118.63103137257858 19.96906605513639 350
    endloop
  endfacet
  facet normal -0.8443279255019862 0.535826794979042 0
    outer loop
      vertex -118.55098300562504 20.065827908772608 352
      vertex -118.48369331995612 20.171859486963367 350
      vertex -118.55098300562504 20.065827908772608 350
    endloop
  endfacet
  facet normal -0.9048270524660241 0.42577929156506306 0
    outer loop
      vertex -118.48369331995612 20.171859486963367 352
      vertex -118.43022351411173 20.285488608380405 350
      vertex -118.48369331995612 20.171859486963367 350
    endloop
  endfacet
  facet normal 0.9048270524660241 0.42577929156506306 0
    outer loop
      vertex -120.28977648588824 20.285488608380405 352
      vertex -120.23630668004385 20.171859486963367 350
      vertex -120.28977648588824 20.285488608380405 350
    endloop
  endfacet
  facet normal -0.9822872507286938 0.18738131458569768 0
    outer loop
      vertex -118.39141683887135 20.404923273900227 352
      vertex -118.36788529868551 20.528279927500776 350
      vertex -118.39141683887135 20.404923273900227 350
    endloop
  endfacet
  facet normal -0.9980267284282714 0.06279051952931522 0
    outer loop
      vertex -118.36788529868551 20.528279927500776 352
      vertex -118.35999999999999 20.65361316106508 350
      vertex -118.36788529868551 20.528279927500776 350
    endloop
  endfacet
  facet normal -0.9980267284282714 -0.06279051952931522 0
    outer loop
      vertex -118.35999999999999 20.65361316106508 352
      vertex -118.36788529868551 20.778946394629386 350
      vertex -118.35999999999999 20.65361316106508 350
    endloop
  endfacet
  facet normal -0.9510565162951519 -0.3090169943749525 0
    outer loop
      vertex -118.39141683887135 20.902303048229935 352
      vertex -118.43022351411173 21.021737713749758 350
      vertex -118.39141683887135 20.902303048229935 350
    endloop
  endfacet
  facet normal -0.9822872507286938 -0.18738131458569768 0
    outer loop
      vertex -118.39141683887135 20.902303048229935 350
      vertex -118.36788529868551 20.778946394629386 350
      vertex -118.36788529868551 20.778946394629386 352
    endloop
  endfacet
  facet normal -0.6845471059286614 -0.7289686274214371 0
    outer loop
      vertex -118.63103137257858 21.33816026699377 350
      vertex -118.7225760102513 21.42412640384087 352
      vertex -118.7225760102513 21.42412640384087 350
    endloop
  endfacet
  facet normal -0.8443279255019862 -0.535826794979042 0
    outer loop
      vertex -118.48369331995612 21.135366835166796 352
      vertex -118.55098300562504 21.241398413357555 350
      vertex -118.48369331995612 21.135366835166796 350
    endloop
  endfacet
  facet normal -0.7705132427758008 -0.6374239897486758 0
    outer loop
      vertex -118.55098300562504 21.241398413357555 352
      vertex -118.63103137257858 21.33816026699377 350
      vertex -118.55098300562504 21.241398413357555 350
    endloop
  endfacet
  facet normal 0.5877852522925202 -0.8090169943749131 0
    outer loop
      vertex -119.89582679497899 21.497941086567096 350
      vertex -119.99742398974867 21.42412640384087 352
      vertex -119.99742398974867 21.42412640384087 350
    endloop
  endfacet
  facet normal 0.12533323356430995 -0.992114701314477 0
    outer loop
      vertex -119.4227905195293 21.651639889493353 350
      vertex -119.5473813145857 21.63590041179377 352
      vertex -119.5473813145857 21.63590041179377 350
    endloop
  endfacet
  facet normal 0 -1 0
    outer loop
      vertex -119.29720948047067 21.651639889493353 350
      vertex -119.4227905195293 21.651639889493353 352
      vertex -119.4227905195293 21.651639889493353 350
    endloop
  endfacet
  facet normal -0.12533323356430995 -0.992114701314477 0
    outer loop
      vertex -119.17261868541426 21.63590041179377 350
      vertex -119.29720948047067 21.651639889493353 352
      vertex -119.29720948047067 21.651639889493353 350
    endloop
  endfacet
  facet normal -0.24868988716485743 -0.9685831611286305 0
    outer loop
      vertex -119.05098300562504 21.604669677360235 350
      vertex -119.17261868541426 21.63590041179377 352
      vertex -119.17261868541426 21.63590041179377 350
    endloop
  endfacet
  facet normal -0.3681245526846601 -0.9297764858882586 0
    outer loop
      vertex -118.9342207084349 21.5584402135311 350
      vertex -119.05098300562504 21.604669677360235 352
      vertex -119.05098300562504 21.604669677360235 350
    endloop
  endfacet
  facet normal -0.48175367410171255 -0.876306680043865 0
    outer loop
      vertex -118.82417320502098 21.497941086567096 350
      vertex -118.9342207084349 21.5584402135311 352
      vertex -118.9342207084349 21.5584402135311 350
    endloop
  endfacet
  facet normal 0.3681245526846601 -0.9297764858882586 0
    outer loop
      vertex -119.66901699437493 21.604669677360235 350
      vertex -119.78577929156506 21.5584402135311 352
      vertex -119.78577929156506 21.5584402135311 350
    endloop
  endfacet
  facet normal 0.48175367410171255 -0.876306680043865 0
    outer loop
      vertex -119.78577929156506 21.5584402135311 350
      vertex -119.89582679497899 21.497941086567096 352
      vertex -119.89582679497899 21.497941086567096 350
    endloop
  endfacet
  facet normal -0.5877852522925202 -0.8090169943749131 0
    outer loop
      vertex -118.7225760102513 21.42412640384087 350
      vertex -118.82417320502098 21.497941086567096 352
      vertex -118.82417320502098 21.497941086567096 350
    endloop
  endfacet
  facet normal 0.6845471059286614 -0.7289686274214371 0
    outer loop
      vertex -119.99742398974867 21.42412640384087 350
      vertex -120.0889686274214 21.33816026699377 352
      vertex -120.0889686274214 21.33816026699377 350
    endloop
  endfacet
  facet normal 0.7705132427758008 -0.6374239897486758 0
    outer loop
      vertex -120.0889686274214 21.33816026699377 352
      vertex -120.16901699437493 21.241398413357555 350
      vertex -120.0889686274214 21.33816026699377 350
    endloop
  endfacet
  facet normal 0.8443279255019862 -0.535826794979042 0
    outer loop
      vertex -120.16901699437493 21.241398413357555 352
      vertex -120.23630668004385 21.135366835166796 350
      vertex -120.16901699437493 21.241398413357555 350
    endloop
  endfacet
  facet normal 0.9048270524660241 -0.42577929156506306 0
    outer loop
      vertex -120.23630668004385 21.135366835166796 352
      vertex -120.28977648588824 21.021737713749758 350
      vertex -120.23630668004385 21.135366835166796 350
    endloop
  endfacet
  facet normal 0.9510565162951519 -0.3090169943749525 0
    outer loop
      vertex -120.28977648588824 21.021737713749758 352
      vertex -120.32858316112862 20.902303048229935 350
      vertex -120.28977648588824 21.021737713749758 350
    endloop
  endfacet
  facet normal 0.9822872507286938 -0.18738131458569768 0
    outer loop
      vertex -120.32858316112862 20.902303048229935 352
      vertex -120.35211470131446 20.778946394629386 350
      vertex -120.32858316112862 20.902303048229935 350
    endloop
  endfacet
  facet normal 0.9980267284282714 -0.06279051952931522 0
    outer loop
      vertex -120.35211470131446 20.778946394629386 352
      vertex -120.35999999999999 20.65361316106508 350
      vertex -120.35211470131446 20.778946394629386 350
    endloop
  endfacet
  facet normal 0.9980267284282714 0.06279051952931522 0
    outer loop
      vertex -120.35999999999999 20.65361316106508 352
      vertex -120.35211470131446 20.528279927500776 350
      vertex -120.35999999999999 20.65361316106508 350
    endloop
  endfacet
  facet normal 0.48175367410171255 -0.876306680043865 0
    outer loop
      vertex -119.89582679497899 21.497941086567096 352
      vertex -119.78577929156506 21.5584402135311 350
      vertex -119.78577929156506 21.5584402135311 352
    endloop
  endfacet
  facet normal 0.9980267284282714 -0.06279051952931522 0
    outer loop
      vertex -120.35999999999999 20.65361316106508 350
      vertex -120.35211470131446 20.778946394629386 352
      vertex -120.35999999999999 20.65361316106508 352
    endloop
  endfacet
  facet normal 0.9822872507286938 -0.18738131458569768 0
    outer loop
      vertex -120.35211470131446 20.778946394629386 350
      vertex -120.32858316112862 20.902303048229935 352
      vertex -120.35211470131446 20.778946394629386 352
    endloop
  endfacet
  facet normal 0.9510565162951519 -0.3090169943749525 0
    outer loop
      vertex -120.32858316112862 20.902303048229935 350
      vertex -120.28977648588824 21.021737713749758 352
      vertex -120.32858316112862 20.902303048229935 352
    endloop
  endfacet
  facet normal 0.24868988716485743 -0.9685831611286305 0
    outer loop
      vertex -119.5473813145857 21.63590041179377 350
      vertex -119.66901699437493 21.604669677360235 352
      vertex -119.66901699437493 21.604669677360235 350
    endloop
  endfacet
  facet normal 0.8443279255019862 -0.535826794979042 0
    outer loop
      vertex -120.23630668004385 21.135366835166796 352
      vertex -120.23630668004385 21.135366835166796 350
      vertex -120.16901699437493 21.241398413357555 352
    endloop
  endfacet
  facet normal 0.7705132427758008 -0.6374239897486758 0
    outer loop
      vertex -120.16901699437493 21.241398413357555 350
      vertex -120.0889686274214 21.33816026699377 352
      vertex -120.16901699437493 21.241398413357555 352
    endloop
  endfacet
  facet normal 0.6845471059286614 -0.7289686274214371 0
    outer loop
      vertex -120.0889686274214 21.33816026699377 352
      vertex -119.99742398974867 21.42412640384087 350
      vertex -119.99742398974867 21.42412640384087 352
    endloop
  endfacet
  facet normal 0.5877852522925202 -0.8090169943749131 0
    outer loop
      vertex -119.99742398974867 21.42412640384087 352
      vertex -119.89582679497899 21.497941086567096 350
      vertex -119.89582679497899 21.497941086567096 352
    endloop
  endfacet
  facet normal 0.9510565162951519 0.3090169943749525 0
    outer loop
      vertex -120.28977648588824 20.285488608380405 350
      vertex -120.32858316112862 20.404923273900227 352
      vertex -120.28977648588824 20.285488608380405 352
    endloop
  endfacet
  facet normal 0.3681245526846601 -0.9297764858882586 0
    outer loop
      vertex -119.78577929156506 21.5584402135311 352
      vertex -119.66901699437493 21.604669677360235 350
      vertex -119.66901699437493 21.604669677360235 352
    endloop
  endfacet
  facet normal 0.24868988716485743 -0.9685831611286305 0
    outer loop
      vertex -119.66901699437493 21.604669677360235 352
      vertex -119.5473813145857 21.63590041179377 350
      vertex -119.5473813145857 21.63590041179377 352
    endloop
  endfacet
  facet normal 0.12533323356430995 -0.992114701314477 0
    outer loop
      vertex -119.5473813145857 21.63590041179377 352
      vertex -119.4227905195293 21.651639889493353 350
      vertex -119.4227905195293 21.651639889493353 352
    endloop
  endfacet
  facet normal 0 -1 0
    outer loop
      vertex -119.4227905195293 21.651639889493353 352
      vertex -119.29720948047067 21.651639889493353 350
      vertex -119.29720948047067 21.651639889493353 352
    endloop
  endfacet
  facet normal -0.12533323356430995 -0.992114701314477 0
    outer loop
      vertex -119.29720948047067 21.651639889493353 352
      vertex -119.17261868541426 21.63590041179377 350
      vertex -119.17261868541426 21.63590041179377 352
    endloop
  endfacet
  facet normal -0.24868988716485743 -0.9685831611286305 0
    outer loop
      vertex -119.17261868541426 21.63590041179377 352
      vertex -119.05098300562504 21.604669677360235 350
      vertex -119.05098300562504 21.604669677360235 352
    endloop
  endfacet
  facet normal -0.3681245526846601 -0.9297764858882586 0
    outer loop
      vertex -119.05098300562504 21.604669677360235 352
      vertex -118.9342207084349 21.5584402135311 350
      vertex -118.9342207084349 21.5584402135311 352
    endloop
  endfacet
  facet normal -0.5877852522925202 0.8090169943749131 0
    outer loop
      vertex -118.7225760102513 19.883099918289293 352
      vertex -118.82417320502098 19.809285235563067 350
      vertex -118.82417320502098 19.809285235563067 352
    endloop
  endfacet
  facet normal 0.12533323356430995 0.992114701314477 0
    outer loop
      vertex -119.4227905195293 19.65558643263681 352
      vertex -119.5473813145857 19.671325910336392 350
      vertex -119.5473813145857 19.671325910336392 352
    endloop
  endfacet
  facet normal -0.9048270524660241 -0.42577929156506306 0
    outer loop
      vertex -118.43022351411173 21.021737713749758 352
      vertex -118.48369331995612 21.135366835166796 350
      vertex -118.43022351411173 21.021737713749758 350
    endloop
  endfacet
  facet normal 0.7705132427758008 0.6374239897486758 0
    outer loop
      vertex -120.0889686274214 19.96906605513639 350
      vertex -120.16901699437493 20.065827908772608 352
      vertex -120.0889686274214 19.96906605513639 352
    endloop
  endfacet
  facet normal 0.8443279255019862 0.535826794979042 0
    outer loop
      vertex -120.16901699437493 20.065827908772608 350
      vertex -120.23630668004385 20.171859486963367 352
      vertex -120.16901699437493 20.065827908772608 352
    endloop
  endfacet
  facet normal 0.5877852522925202 0.8090169943749131 0
    outer loop
      vertex -119.89582679497899 19.809285235563067 352
      vertex -119.99742398974867 19.883099918289293 350
      vertex -119.99742398974867 19.883099918289293 352
    endloop
  endfacet
  facet normal 0.6845471059286614 0.7289686274214371 0
    outer loop
      vertex -119.99742398974867 19.883099918289293 352
      vertex -120.0889686274214 19.96906605513639 350
      vertex -120.0889686274214 19.96906605513639 352
    endloop
  endfacet
  facet normal 0.48175367410171255 0.876306680043865 0
    outer loop
      vertex -119.78577929156506 19.748786108599063 352
      vertex -119.89582679497899 19.809285235563067 350
      vertex -119.89582679497899 19.809285235563067 352
    endloop
  endfacet
  facet normal 0.3681245526846601 0.9297764858882586 0
    outer loop
      vertex -119.66901699437493 19.702556644769928 352
      vertex -119.78577929156506 19.748786108599063 350
      vertex -119.78577929156506 19.748786108599063 352
    endloop
  endfacet
  facet normal 0.24868988716485743 0.9685831611286305 0
    outer loop
      vertex -119.5473813145857 19.671325910336392 352
      vertex -119.66901699437493 19.702556644769928 350
      vertex -119.66901699437493 19.702556644769928 352
    endloop
  endfacet
  facet normal -0.6845471059286614 0.7289686274214371 0
    outer loop
      vertex -118.63103137257858 19.96906605513639 352
      vertex -118.7225760102513 19.883099918289293 350
      vertex -118.7225760102513 19.883099918289293 352
    endloop
  endfacet
  facet normal 0 1 0
    outer loop
      vertex -119.29720948047067 19.65558643263681 352
      vertex -119.4227905195293 19.65558643263681 350
      vertex -119.4227905195293 19.65558643263681 352
    endloop
  endfacet
  facet normal -0.12533323356430995 0.992114701314477 0
    outer loop
      vertex -119.17261868541426 19.671325910336392 352
      vertex -119.29720948047067 19.65558643263681 350
      vertex -119.29720948047067 19.65558643263681 352
    endloop
  endfacet
  facet normal -0.24868988716485743 0.9685831611286305 0
    outer loop
      vertex -119.05098300562504 19.702556644769928 352
      vertex -119.17261868541426 19.671325910336392 350
      vertex -119.17261868541426 19.671325910336392 352
    endloop
  endfacet
  facet normal -0.3681245526846601 0.9297764858882586 0
    outer loop
      vertex -118.9342207084349 19.748786108599063 352
      vertex -119.05098300562504 19.702556644769928 350
      vertex -119.05098300562504 19.702556644769928 352
    endloop
  endfacet
  facet normal -0.48175367410171255 0.876306680043865 0
    outer loop
      vertex -118.82417320502098 19.809285235563067 352
      vertex -118.9342207084349 19.748786108599063 350
      vertex -118.9342207084349 19.748786108599063 352
    endloop
  endfacet
  facet normal 0.9822872507286938 0.18738131458569768 0
    outer loop
      vertex -120.32858316112862 20.404923273900227 350
      vertex -120.35211470131446 20.528279927500776 352
      vertex -120.32858316112862 20.404923273900227 352
    endloop
  endfacet
  facet normal 0.9980267284282714 0.06279051952931522 0
    outer loop
      vertex -120.35211470131446 20.528279927500776 350
      vertex -120.35999999999999 20.65361316106508 352
      vertex -120.35211470131446 20.528279927500776 352
    endloop
  endfacet
  facet normal 0.9048270524660241 0.42577929156506306 0
    outer loop
      vertex -120.23630668004385 20.171859486963367 350
      vertex -120.28977648588824 20.285488608380405 352
      vertex -120.23630668004385 20.171859486963367 352
    endloop
  endfacet
endsolid OpenSCAD_Model
