solid OpenSCAD_Model
  facet normal -0.0219128225371802 -0.999725830181559 0.008251828660758104
    outer loop
      vertex -77.79849556758981 -6.547794964987746 363.6723860518092
      vertex -67.24743907609727 -6.793762488485238 361.89136771604524
      vertex -76.1646494999131 -6.485433071226436 375.56635270831913
    endloop
  endfacet
  facet normal -0.049837091724792094 -0.9986813000450081 0.012325795261450778
    outer loop
      vertex -100 -5.6981788306162535 367.42
      vertex -98.92552069242926 -5.754036970008424 367.23862789288205
      vertex -97.09045859655178 -5.699234911584014 379.0986292838317
    endloop
  endfacet
  facet normal -0.04037845995619657 -0.9991253905530887 0.010864341844027974
    outer loop
      vertex -98.92552069242926 -5.754036970008424 367.23862789288205
      vertex -88.39428238448922 -6.198974548369567 365.4609548665018
      vertex -97.09045859655178 -5.699234911584014 379.0986292838317
    endloop
  endfacet
  facet normal -0.03129287134635264 -0.9994647388287126 0.00953897483767247
    outer loop
      vertex -88.39428238448922 -6.198974548369567 365.4609548665018
      vertex -77.79849556758981 -6.547794964987746 363.6723860518092
      vertex -86.65952091928916 -6.139934857254986 377.33788700390977
    endloop
  endfacet
  facet normal -0.04983709172479329 -0.998681300045008 0.012325795261451078
    outer loop
      vertex -100 -5.6981788306162535 367.42
      vertex -97.09045859655178 -5.699234911584014 379.0986292838317
      vertex -98.00265574225008 -5.651813211641969 379.2526081620256
    endloop
  endfacet
  facet normal -0.040378459956196475 -0.9991253905530887 0.01086434184402803
    outer loop
      vertex -88.39428238448922 -6.198974548369567 365.4609548665018
      vertex -86.65952091928916 -6.139934857254986 377.33788700390977
      vertex -97.09045859655178 -5.699234911584014 379.0986292838317
    endloop
  endfacet
  facet normal -0.03129287134635263 -0.9994647388287127 0.009538974837672484
    outer loop
      vertex -77.79849556758981 -6.547794964987746 363.6723860518092
      vertex -76.1646494999131 -6.485433071226436 375.56635270831913
      vertex -86.65952091928916 -6.139934857254986 377.33788700390977
    endloop
  endfacet
  facet normal -0.021912822537180163 -0.9997258301815591 0.008251828660758128
    outer loop
      vertex -67.24743907609727 -6.793762488485238 361.89136771604524
      vertex -65.71408238958023 -6.729057973940732 373.8022969800949
      vertex -76.1646494999131 -6.485433071226436 375.56635270831913
    endloop
  endfacet
  facet normal -0.07689445127797384 0.9968029559379438 0.021705077655634845
    outer loop
      vertex -91.16060708697896 12.879520734315099 365.9279104762821
      vertex -84.61691511637707 13.27579504935569 370.91136165452235
      vertex -81.68553430815297 13.645264306150361 364.32851819121623
    endloop
  endfacet
  facet normal -0.09784185075454822 0.9948931098618982 0.024792583371763974
    outer loop
      vertex -100 11.973036100808374 367.42
      vertex -89.39949885189249 12.756854812730081 377.80039527893325
      vertex -91.16060708697896 12.879520734315099 365.9279104762821
    endloop
  endfacet
  facet normal -0.07689445127797397 0.9968029559379437 0.021705077655634796
    outer loop
      vertex -80.68311570945691 13.593723153829789 370.24680160495075
      vertex -81.68553430815297 13.645264306150361 364.32851819121623
      vertex -84.61691511637707 13.27579504935569 370.91136165452235
    endloop
  endfacet
  facet normal -0.07689445127797413 0.9968029559379437 0.02170507765563525
    outer loop
      vertex -91.16060708697896 12.879520734315099 365.9279104762821
      vertex -89.39949885189249 12.756854812730081 377.80039527893325
      vertex -84.61691511637707 13.27579504935569 370.91136165452235
    endloop
  endfacet
  facet normal -0.09784185075454783 0.994893109861898 0.02479258337176358
    outer loop
      vertex -100 11.973036100808374 367.42
      vertex -98.00265574225008 11.87459631404193 379.2526081620256
      vertex -89.39949885189249 12.756854812730081 377.80039527893325
    endloop
  endfacet
  facet normal -0.07689445127797455 0.9968029559379438 0.021705077655634945
    outer loop
      vertex -89.39949885189249 12.756854812730081 377.80039527893325
      vertex -84.1159244808649 13.250035716189185 373.8692123692286
      vertex -84.61691511637707 13.27579504935569 370.91136165452235
    endloop
  endfacet
  facet normal -0.07689445127797295 0.9968029559379437 0.02170507765563711
    outer loop
      vertex -89.39949885189249 12.756854812730081 377.80039527893325
      vertex -80.18212507394476 13.56796382066328 373.204652319657
      vertex -84.1159244808649 13.250035716189185 373.8692123692286
    endloop
  endfacet
  facet normal -0.0768944512779741 0.9968029559379437 0.021705077655634737
    outer loop
      vertex -89.39949885189249 12.756854812730081 377.80039527893325
      vertex -79.68155725274097 13.542226227253698 376.1600067369965
      vertex -80.18212507394476 13.56796382066328 373.204652319657
    endloop
  endfacet
  facet normal -0.012726350374988923 -0.9998940210933677 0.007070119367379818
    outer loop
      vertex -67.24743907609727 -6.793762488485238 361.89136771604524
      vertex -56.857752769724414 -6.938400032452147 360.1375886675295
      vertex -65.71408238958023 -6.729057973940732 373.8022969800949
    endloop
  endfacet
  facet normal -0.0032262674560564614 -0.9999772240920907 0.0059281106078421355
    outer loop
      vertex -56.857752769724414 -6.938400032452147 360.1375886675295
      vertex -46.74123392426968 -6.981162848978542 358.42992028641675
      vertex -55.42334855760767 -6.872317974597413 372.06522110925795
    endloop
  endfacet
  facet normal -0.0032262674560564943 -0.9999772240920907 0.0059281106078421155
    outer loop
      vertex -46.74123392426968 -6.981162848978542 358.42992028641675
      vertex -45.403180510681 -6.914673513523423 370.3738167429367
      vertex -55.42334855760767 -6.872317974597413 372.06522110925795
    endloop
  endfacet
  facet normal 0.01845760564148983 -0.9998232024652791 0.003588956123538348
    outer loop
      vertex -37.01493752361183 -6.921526193220066 356.7881214539857
      vertex -30.97645238818434 -6.8137093638334925 355.76882516312554
      vertex -32.62653494060798 -6.828580375439586 360.11220246952394
    endloop
  endfacet
  facet normal 0.018457605641489787 -0.9998232024652791 0.0035889561235385448
    outer loop
      vertex -37.01493752361183 -6.921526193220066 356.7881214539857
      vertex -34.894451504996226 -6.869073904495581 360.49502678559264
      vertex -35.69687420428839 -6.876150014332179 362.65051230205074
    endloop
  endfacet
  facet normal 0.018457605641489603 -0.9998232024652791 0.0035889561235386567
    outer loop
      vertex -37.01493752361183 -6.921526193220066 356.7881214539857
      vertex -32.62653494060798 -6.828580375439586 360.11220246952394
      vertex -34.894451504996226 -6.869073904495581 360.49502678559264
    endloop
  endfacet
  facet normal 0.01845760564149008 -0.9998232024652791 0.0035889561235384433
    outer loop
      vertex -30.97645238818434 -6.8137093638334925 355.76882516312554
      vertex -31.161041075511932 -6.795162956220189 361.8848636699133
      vertex -32.62653494060798 -6.828580375439586 360.11220246952394
    endloop
  endfacet
  facet normal 0.006939679921248536 -0.9999644517313016 0.0047891665567220895
    outer loop
      vertex -46.74123392426968 -6.981162848978542 358.42992028641675
      vertex -37.01493752361183 -6.921526193220066 356.7881214539857
      vertex -45.403180510681 -6.914673513523423 370.3738167429367
    endloop
  endfacet
  facet normal 0.006939679921248529 -0.9999644517313016 0.004789166556722085
    outer loop
      vertex -37.01493752361183 -6.921526193220066 356.7881214539857
      vertex -35.76951838859663 -6.855604843599961 368.7476545767289
      vertex -45.403180510681 -6.914673513523423 370.3738167429367
    endloop
  endfacet
  facet normal 0.01845760564149026 -0.999823202465279 0.003588956123538438
    outer loop
      vertex -37.01493752361183 -6.921526193220066 356.7881214539857
      vertex -35.69687420428839 -6.876150014332179 362.65051230205074
      vertex -35.76951838859663 -6.855604843599961 368.7476545767289
    endloop
  endfacet
  facet normal 0.01845760564148963 -0.9998232024652791 0.0035889561235384294
    outer loop
      vertex -30.97645238818434 -6.8137093638334925 355.76882516312554
      vertex -28.979108130434426 -6.734362431331064 367.6014333251511
      vertex -31.161041075511932 -6.795162956220189 361.8848636699133
    endloop
  endfacet
  facet normal 0.018457605641489776 -0.9998232024652791 0.0035889561235383726
    outer loop
      vertex -28.979108130434426 -6.734362431331064 367.6014333251511
      vertex -31.963463774804126 -6.802239066056788 364.0403491863714
      vertex -31.161041075511932 -6.795162956220189 361.8848636699133
    endloop
  endfacet
  facet normal 0.018457605641489707 -0.9998232024652791 0.0035889561235384324
    outer loop
      vertex -35.76951838859663 -6.855604843599961 368.7476545767289
      vertex -35.69687420428839 -6.876150014332179 362.65051230205074
      vertex -34.23138033919237 -6.842732595112783 364.42317350244014
    endloop
  endfacet
  facet normal 0.018457605641489645 -0.9998232024652791 0.00358895612353841
    outer loop
      vertex -35.76951838859663 -6.855604843599961 368.7476545767289
      vertex -34.23138033919237 -6.842732595112783 364.42317350244014
      vertex -31.963463774804126 -6.802239066056788 364.0403491863714
    endloop
  endfacet
  facet normal 0.018457605641489686 -0.999823202465279 0.003588956123538445
    outer loop
      vertex -35.76951838859663 -6.855604843599961 368.7476545767289
      vertex -31.963463774804126 -6.802239066056788 364.0403491863714
      vertex -28.979108130434426 -6.734362431331064 367.6014333251511
    endloop
  endfacet
  facet normal -0.012726350374988923 -0.9998940210933677 0.007070119367379823
    outer loop
      vertex -65.71408238958023 -6.729057973940732 373.8022969800949
      vertex -56.857752769724414 -6.938400032452147 360.1375886675295
      vertex -55.42334855760767 -6.872317974597413 372.06522110925795
    endloop
  endfacet
  facet normal -0.003613795665211399 0.9999206190883395 0.01207045992835838
    outer loop
      vertex -51.875359053193115 14.60164069751903 359.296560608179
      vertex -56.55671029766214 14.575182927074447 360.0867726982454
      vertex -51.60696251066528 14.529735845015153 365.3335364422049
    endloop
  endfacet
  facet normal -0.0036137956652116435 0.9999206190883394 0.012070459928358613
    outer loop
      vertex -56.55671029766214 14.575182927074447 360.0867726982454
      vertex -55.5542722393995 14.507417020641203 366.00064291090365
      vertex -51.60696251066528 14.529735845015153 365.3335364422049
    endloop
  endfacet
  facet normal -0.0036137956652044574 0.9999206190883394 0.012070459928358071
    outer loop
      vertex -51.875359053193115 14.60164069751903 359.296560608179
      vertex -51.60696251066528 14.529735845015153 365.3335364422049
      vertex -51.1056001560308 14.495843202838143 368.2913170954651
    endloop
  endfacet
  facet normal -0.003613795665214745 0.9999206190883394 0.012070459928358958
    outer loop
      vertex -51.875359053193115 14.60164069751903 359.296560608179
      vertex -51.1056001560308 14.495843202838143 368.2913170954651
      vertex -50.48840768730763 14.462573122741784 371.2322030903513
    endloop
  endfacet
  facet normal 0.02155159876911594 0.9997259211911407 0.009143909941603457
    outer loop
      vertex -51.875359053193115 14.60164069751903 359.296560608179
      vertex -50.48840768730763 14.462573122741784 371.2322030903513
      vertex -41.29144383819257 14.27850883996053 369.67975559262067
    endloop
  endfacet
  facet normal 0.047640731754313416 0.9988446741756356 0.006299011738494248
    outer loop
      vertex -42.589960079362996 14.415806510226853 357.7291852613965
      vertex -35.521534898710726 14.051163406109684 362.09127819059387
      vertex -35.48292429191406 14.050967017951525 361.8303997601917
    endloop
  endfacet
  facet normal 0.04764073175431864 0.9988446741756355 0.006299011738485908
    outer loop
      vertex -42.589960079362996 14.415806510226853 357.7291852613965
      vertex -35.52714431209088 14.049768230085457 362.3549387088514
      vertex -35.521534898710726 14.051163406109684 362.09127819059387
    endloop
  endfacet
  facet normal 0.04764073175431641 0.9988446741756356 0.006299011738489485
    outer loop
      vertex -42.589960079362996 14.415806510226853 357.7291852613965
      vertex -35.49966406825463 14.046803492638182 362.61722323108825
      vertex -35.52714431209088 14.049768230085457 362.3549387088514
    endloop
  endfacet
  facet normal 0.04764073175431676 0.9988446741756356 0.006299011738488606
    outer loop
      vertex -42.589960079362996 14.415806510226853 357.7291852613965
      vertex -33.90782388947299 13.985977933320417 360.22301512339004
      vertex -33.703627759066606 14.001424989041016 356.22917236573045
    endloop
  endfacet
  facet normal 0.07624897958668055 0.9970830904493964 0.00337695896792261
    outer loop
      vertex -33.703627759066606 14.001424989041016 356.22917236573045
      vertex -33.30330900578227 13.957447951318617 360.17498999641185
      vertex -30.97645238818434 13.794431442017284 355.76882516312554
    endloop
  endfacet
  facet normal 0.04764073175431576 0.9988446741756356 0.006299011738491386
    outer loop
      vertex -42.589960079362996 14.415806510226853 357.7291852613965
      vertex -34.16031334751452 13.997540463114007 360.29915583512957
      vertex -33.90782388947299 13.985977933320417 360.22301512339004
    endloop
  endfacet
  facet normal 0.04764073175431681 0.9988446741756355 0.00629901173848871
    outer loop
      vertex -42.589960079362996 14.415806510226853 357.7291852613965
      vertex -34.83361999713814 14.027084776990737 360.7066230731233
      vertex -34.626890501566635 14.018257242945944 360.54288166093
    endloop
  endfacet
  facet normal 0.047640731754317135 0.9988446741756356 0.006299011738487453
    outer loop
      vertex -42.589960079362996 14.415806510226853 357.7291852613965
      vertex -35.01819712823138 14.034700481218223 360.89498341152733
      vertex -34.83361999713814 14.027084776990737 360.7066230731233
    endloop
  endfacet
  facet normal 0.047640731754317565 0.9988446741756356 0.006299011738486092
    outer loop
      vertex -42.589960079362996 14.415806510226853 357.7291852613965
      vertex -34.401268889156256 14.008357094569046 360.4063414748321
      vertex -34.16031334751452 13.997540463114007 360.29915583512957
    endloop
  endfacet
  facet normal 0.047640731754317024 0.9988446741756356 0.006299011738487991
    outer loop
      vertex -42.589960079362996 14.415806510226853 357.7291852613965
      vertex -34.626890501566635 14.018257242945944 360.54288166093
      vertex -34.401268889156256 14.008357094569046 360.4063414748321
    endloop
  endfacet
  facet normal 0.0476407317543166 0.9988446741756356 0.006299011738488769
    outer loop
      vertex -42.589960079362996 14.415806510226853 357.7291852613965
      vertex -35.177711003227955 14.040984251423334 361.10499212108454
      vertex -35.01819712823138 14.034700481218223 360.89498341152733
    endloop
  endfacet
  facet normal 0.04764073175431529 0.9988446741756356 0.006299011738491472
    outer loop
      vertex -42.589960079362996 14.415806510226853 357.7291852613965
      vertex -35.30964599303026 14.045836988796193 361.333337238992
      vertex -35.177711003227955 14.040984251423334 361.10499212108454
    endloop
  endfacet
  facet normal 0.04764073175431714 0.9988446741756355 0.006299011738488623
    outer loop
      vertex -33.703627759066606 14.001424989041016 356.22917236573045
      vertex -33.90782388947299 13.985977933320417 360.22301512339004
      vertex -33.64778242461486 13.973851853190238 360.179120124122
    endloop
  endfacet
  facet normal 0.04764073175431983 0.9988446741756356 0.006299011738488585
    outer loop
      vertex -33.703627759066606 14.001424989041016 356.22917236573045
      vertex -33.64778242461486 13.973851853190238 360.179120124122
      vertex -33.38428996218218 13.961353458250894 360.16816308768546
    endloop
  endfacet
  facet normal 0.04764073175431159 0.9988446741756359 0.006299011738489243
    outer loop
      vertex -33.703627759066606 14.001424989041016 356.22917236573045
      vertex -33.38428996218218 13.961353458250894 360.16816308768546
      vertex -33.30330900578227 13.957447951318617 360.17498999641185
    endloop
  endfacet
  facet normal 0.047640731754318585 0.9988446741756355 0.006299011738485073
    outer loop
      vertex -42.589960079362996 14.415806510226853 357.7291852613965
      vertex -35.41192140403493 14.049182162769547 361.5764176263336
      vertex -35.30964599303026 14.045836988796193 361.333337238992
    endloop
  endfacet
  facet normal 0.04764073175431702 0.9988446741756355 0.006299011738488024
    outer loop
      vertex -42.589960079362996 14.415806510226853 357.7291852613965
      vertex -35.48292429191406 14.050967017951525 361.8303997601917
      vertex -35.41192140403493 14.049182162769547 361.5764176263336
    endloop
  endfacet
  facet normal 0.047640731754322596 0.9988446741756354 0.0062990117384802416
    outer loop
      vertex -42.589960079362996 14.415806510226853 357.7291852613965
      vertex -35.43952754706318 14.042315949448453 362.87399537370754
      vertex -35.49966406825463 14.046803492638182 362.61722323108825
    endloop
  endfacet
  facet normal 0.04764073175431232 0.9988446741756357 0.006299011738494419
    outer loop
      vertex -42.589960079362996 14.415806510226853 357.7291852613965
      vertex -35.347683137379505 14.036376371753095 363.1212056866319
      vertex -35.43952754706318 14.042315949448453 362.87399537370754
    endloop
  endfacet
  facet normal 0.047640731754312604 0.9988446741756358 0.0062990117384949
    outer loop
      vertex -42.589960079362996 14.415806510226853 357.7291852613965
      vertex -35.225579280409534 14.0290784302405 363.3549555155503
      vertex -35.347683137379505 14.036376371753095 363.1212056866319
    endloop
  endfacet
  facet normal 0.04764073175432278 0.9988446741756353 0.006299011738480345
    outer loop
      vertex -42.589960079362996 14.415806510226853 357.7291852613965
      vertex -35.07514162691899 14.0205372178079 363.5715584860252
      vertex -35.225579280409534 14.0290784302405 363.3549555155503
    endloop
  endfacet
  facet normal 0.0762489795866779 0.9970830904493965 0.0033769589679212026
    outer loop
      vertex -30.97645238818434 13.794431442017284 355.76882516312554
      vertex -33.30330900578227 13.957447951318617 360.17498999641185
      vertex -33.121501935710285 13.94349288404394 360.1903168130904
    endloop
  endfacet
  facet normal 0.07624897958668113 0.9970830904493961 0.003376958967922795
    outer loop
      vertex -30.97645238818434 13.794431442017284 355.76882516312554
      vertex -33.121501935710285 13.94349288404394 360.1903168130904
      vertex -32.86356266935863 13.92358175314903 360.24523192285324
    endloop
  endfacet
  facet normal 0.07624897958668236 0.9970830904493961 0.0033769589679233224
    outer loop
      vertex -30.97645238818434 13.794431442017284 355.76882516312554
      vertex -32.86356266935863 13.92358175314903 360.24523192285324
      vertex -32.61454001944297 13.904244469764647 360.33204237288834
    endloop
  endfacet
  facet normal 0.07624897958667931 0.9970830904493964 0.003376958967922195
    outer loop
      vertex -30.97645238818434 13.794431442017284 355.76882516312554
      vertex -32.61454001944297 13.904244469764647 360.33204237288834
      vertex -32.37836122191145 13.885785994401301 360.4493791105406
    endloop
  endfacet
  facet normal 0.07624897958668504 0.997083090449396 0.0033769589679239122
    outer loop
      vertex -30.97645238818434 13.794431442017284 355.76882516312554
      vertex -32.37836122191145 13.885785994401301 360.4493791105406
      vertex -32.158750957487456 13.868497428242025 360.59539166536354
    endloop
  endfacet
  facet normal 0.07624897958667504 0.9970830904493967 0.003376958967921462
    outer loop
      vertex -30.97645238818434 13.794431442017284 355.76882516312554
      vertex -32.158750957487456 13.868497428242025 360.59539166536354
      vertex -31.959172611229818 13.852651422302845 360.7677773321441
    endloop
  endfacet
  facet normal 0.07624897958667749 0.9970830904493965 0.0033769589679219537
    outer loop
      vertex -30.97645238818434 13.794431442017284 355.76882516312554
      vertex -31.959172611229818 13.852651422302845 360.7677773321441
      vertex -31.782773652881332 13.838497877563364 360.9638174859389
    endloop
  endfacet
  facet normal 0.07624897958668113 0.9970830904493962 0.003376958967922518
    outer loop
      vertex -30.97645238818434 13.794431442017284 355.76882516312554
      vertex -31.782773652881332 13.838497877563364 360.9638174859389
      vertex -31.632335999390804 13.826260003879044 361.1804204564138
    endloop
  endfacet
  facet normal 0.07624897958668403 0.997083090449396 0.0033769589679228692
    outer loop
      vertex -30.97645238818434 13.794431442017284 355.76882516312554
      vertex -31.632335999390804 13.826260003879044 361.1804204564138
      vertex -31.510232142420833 13.816130799828434 361.41417028533215
    endloop
  endfacet
  facet normal 0.07624897958667835 0.9970830904493965 0.0033769589679223293
    outer loop
      vertex -30.97645238818434 13.794431442017284 355.76882516312554
      vertex -31.510232142420833 13.816130799828434 361.41417028533215
      vertex -31.41838773273716 13.808270009010307 361.6613805982565
    endloop
  endfacet
  facet normal 0.07624897958667345 0.9970830904493969 0.0033769589679219655
    outer loop
      vertex -30.97645238818434 13.794431442017284 355.76882516312554
      vertex -31.41838773273716 13.808270009010307 361.6613805982565
      vertex -31.358251211545706 13.802801600791677 361.9181527408758
    endloop
  endfacet
  facet normal 0.07624897958669748 0.9970830904493949 0.0033769589679234543
    outer loop
      vertex -30.97645238818434 13.794431442017284 355.76882516312554
      vertex -31.358251211545706 13.802801600791677 361.9181527408758
      vertex -31.33077096770944 13.799811815236813 362.18043726311265
    endloop
  endfacet
  facet normal 0.07624897958664054 0.9970830904493994 0.003376958967920309
    outer loop
      vertex -30.97645238818434 13.794431442017284 355.76882516312554
      vertex -31.33077096770944 13.799811815236813 362.18043726311265
      vertex -31.33638038108961 13.799347803049935 362.4440977813702
    endloop
  endfacet
  facet normal 0.02155159876911602 0.9997259211911408 0.00914390994160338
    outer loop
      vertex -51.875359053193115 14.60164069751903 359.296560608179
      vertex -41.29144383819257 14.27850883996053 369.67975559262067
      vertex -42.589960079362996 14.415806510226853 357.7291852613965
    endloop
  endfacet
  facet normal 0.04764073175431674 0.9988446741756356 0.006299011738488623
    outer loop
      vertex -42.589960079362996 14.415806510226853 357.7291852613965
      vertex -41.29144383819257 14.27850883996053 369.67975559262067
      vertex -32.48974588947459 13.868073932335292 368.1940289788771
    endloop
  endfacet
  facet normal 0.04764073175430767 0.9988446741756358 0.0062990117385006705
    outer loop
      vertex -42.589960079362996 14.415806510226853 357.7291852613965
      vertex -34.898742668570506 14.01088743447763 363.76759863982
      vertex -35.07514162691899 14.0205372178079 363.5715584860252
    endloop
  endfacet
  facet normal 0.04764073175435475 0.998844674175634 0.00629901173844096
    outer loop
      vertex -42.589960079362996 14.415806510226853 357.7291852613965
      vertex -34.69916432231287 14.000281263097309 363.93998430660054
      vertex -34.898742668570506 14.01088743447763 363.76759863982
    endloop
  endfacet
  facet normal 0.04764073175431664 0.9988446741756356 0.006299011738488724
    outer loop
      vertex -42.589960079362996 14.415806510226853 357.7291852613965
      vertex -32.48974588947459 13.868073932335292 368.1940289788771
      vertex -34.69916432231287 14.000281263097309 363.93998430660054
    endloop
  endfacet
  facet normal 0.07624897958668074 0.9970830904493962 0.0033769589679224768
    outer loop
      vertex -30.97645238818434 13.794431442017284 355.76882516312554
      vertex -31.33638038108961 13.799347803049935 362.4440977813702
      vertex -28.979108130434426 13.60161532104911 367.6014333251511
    endloop
  endfacet
  facet normal 0.07624897958667681 0.9970830904493965 0.003376958967924272
    outer loop
      vertex -28.979108130434426 13.60161532104911 367.6014333251511
      vertex -31.33638038108961 13.799347803049935 362.4440977813702
      vertex -31.374990987886278 13.801416881980412 362.70497621177236
    endloop
  endfacet
  facet normal 0.07624897958668317 0.9970830904493961 0.003376958967921111
    outer loop
      vertex -28.979108130434426 13.60161532104911 367.6014333251511
      vertex -31.374990987886278 13.801416881980412 362.70497621177236
      vertex -31.445993875765396 13.805986421417504 362.9589583456305
    endloop
  endfacet
  facet normal 0.04764073175431338 0.9988446741756357 0.00629901173849045
    outer loop
      vertex -32.48974588947459 13.868073932335292 368.1940289788771
      vertex -34.479554057888905 13.988885969325425 364.0859968614235
      vertex -34.69916432231287 14.000281263097309 363.93998430660054
    endloop
  endfacet
  facet normal 0.047640731754319286 0.9988446741756355 0.006299011738487603
    outer loop
      vertex -32.48974588947459 13.868073932335292 368.1940289788771
      vertex -34.24337526035737 13.976881263751977 364.20333359907573
      vertex -34.479554057888905 13.988885969325425 364.0859968614235
    endloop
  endfacet
  facet normal 0.04764073175431971 0.9988446741756355 0.0062990117384873765
    outer loop
      vertex -32.48974588947459 13.868073932335292 368.1940289788771
      vertex -33.99435261044171 13.964456467755124 364.2901440491108
      vertex -34.24337526035737 13.976881263751977 364.20333359907573
    endloop
  endfacet
  facet normal 0.047640731754313076 0.9988446741756357 0.006299011738489698
    outer loop
      vertex -32.48974588947459 13.868073932335292 368.1940289788771
      vertex -33.47362531761816 13.939133925195815 364.3672128842786
      vertex -33.73641334409004 13.95180752778995 364.34505915887365
    endloop
  endfacet
  facet normal 0.04764073175431566 0.9988446741756357 0.006299011738489028
    outer loop
      vertex -32.48974588947459 13.868073932335292 368.1940289788771
      vertex -33.21013285518549 13.926635530256473 364.3562558478421
      vertex -33.47362531761816 13.939133925195815 364.3672128842786
    endloop
  endfacet
  facet normal 0.04764073175431717 0.9988446741756355 0.0062990117384887495
    outer loop
      vertex -32.48974588947459 13.868073932335292 368.1940289788771
      vertex -32.95009139032736 13.914509450126294 364.31236084857403
      vertex -33.21013285518549 13.926635530256473 364.3562558478421
    endloop
  endfacet
  facet normal 0.076248979586677 0.9970830904493965 0.0033769589679226272
    outer loop
      vertex -32.48974588947459 13.868073932335292 368.1940289788771
      vertex -32.2310247782337 13.862518918307783 363.9924943110341
      vertex -32.45664639064407 13.879310224141202 364.12903449713195
    endloop
  endfacet
  facet normal 0.07624897958667688 0.9970830904493966 0.0033769589679227938
    outer loop
      vertex -32.48974588947459 13.868073932335292 368.1940289788771
      vertex -32.69760193228582 13.897373565944136 364.2362201368345
      vertex -32.88553159432532 13.911552991783312 364.29289219885106
    endloop
  endfacet
  facet normal 0.047640731754334024 0.9988446741756348 0.0062990117384867225
    outer loop
      vertex -32.48974588947459 13.868073932335292 368.1940289788771
      vertex -32.88553159432532 13.911552991783312 364.29289219885106
      vertex -32.95009139032736 13.914509450126294 364.31236084857403
    endloop
  endfacet
  facet normal 0.07624897958667963 0.9970830904493962 0.003376958967922648
    outer loop
      vertex -32.48974588947459 13.868073932335292 368.1940289788771
      vertex -32.45664639064407 13.879310224141202 364.12903449713195
      vertex -32.69760193228582 13.897373565944136 364.2362201368345
    endloop
  endfacet
  facet normal 0.07624897958668318 0.9970830904493959 0.0033769589679230093
    outer loop
      vertex -32.48974588947459 13.868073932335292 368.1940289788771
      vertex -32.024295282662194 13.847264457367507 363.8287528988408
      vertex -32.2310247782337 13.862518918307783 363.9924943110341
    endloop
  endfacet
  facet normal 0.04764073175431705 0.9988446741756357 0.006299011738488383
    outer loop
      vertex -32.48974588947459 13.868073932335292 368.1940289788771
      vertex -33.73641334409004 13.95180752778995 364.34505915887365
      vertex -33.99435261044171 13.964456467755124 364.2901440491108
    endloop
  endfacet
  facet normal 0.0762489795866845 0.9970830904493959 0.003376958967920347
    outer loop
      vertex -28.979108130434426 13.60161532104911 367.6014333251511
      vertex -31.445993875765396 13.805986421417504 362.9589583456305
      vertex -31.548269286770065 13.81298435699458 363.202038732972
    endloop
  endfacet
  facet normal 0.07624897958667967 0.9970830904493964 0.0033769589679232435
    outer loop
      vertex -28.979108130434426 13.60161532104911 367.6014333251511
      vertex -31.548269286770065 13.81298435699458 363.202038732972
      vertex -31.68020427657237 13.822300327087222 363.43038385087954
    endloop
  endfacet
  facet normal 0.07624897958667802 0.9970830904493966 0.0033769589679244357
    outer loop
      vertex -28.979108130434426 13.60161532104911 367.6014333251511
      vertex -31.68020427657237 13.822300327087222 363.43038385087954
      vertex -31.839718151568974 13.833787413281978 363.6403925604367
    endloop
  endfacet
  facet normal 0.07624897958668264 0.9970830904493961 0.003376958967921039
    outer loop
      vertex -28.979108130434426 13.60161532104911 367.6014333251511
      vertex -31.839718151568974 13.833787413281978 363.6403925604367
      vertex -32.024295282662194 13.847264457367507 363.8287528988408
    endloop
  endfacet
  facet normal 0.07624897958668052 0.9970830904493964 0.003376958967922724
    outer loop
      vertex -32.48974588947459 13.868073932335292 368.1940289788771
      vertex -28.979108130434426 13.60161532104911 367.6014333251511
      vertex -32.024295282662194 13.847264457367507 363.8287528988408
    endloop
  endfacet
  facet normal -0.003613795665210994 0.9999206190883394 0.012070459928358167
    outer loop
      vertex -50.48840768730763 14.462573122741784 371.2322030903513
      vertex -51.1056001560308 14.495843202838143 368.2913170954651
      vertex -55.05290988476503 14.473524378464196 368.9584235641638
    endloop
  endfacet
  facet normal -0.0036137956652112185 0.9999206190883395 0.012070459928358618
    outer loop
      vertex -50.48840768730763 14.462573122741784 371.2322030903513
      vertex -55.05290988476503 14.473524378464196 368.9584235641638
      vertex -54.551241532998205 14.439611050547187 371.9180094435039
    endloop
  endfacet
  facet normal -0.16644535481249176 0 -0.9860506801687952
    outer loop
      vertex -88.39428238448922 -6.198974548369567 365.4609548665018
      vertex -82 1 364.38160000000005
      vertex -77.79849556758981 -6.547794964987746 363.6723860518092
    endloop
  endfacet
  facet normal -0.16644535481248804 -3.340191235580247e-15 -0.9860506801687958
    outer loop
      vertex -98.92552069242926 -5.754036970008424 367.23862789288205
      vertex -82 1 364.38160000000005
      vertex -88.39428238448922 -6.198974548369567 365.4609548665018
    endloop
  endfacet
  facet normal -0.16644535481251463 0 -0.9860506801687914
    outer loop
      vertex -100 -5.6981788306162535 367.42
      vertex -100 11.973036100808374 367.42
      vertex -98.92552069242926 -5.754036970008424 367.23862789288205
    endloop
  endfacet
  facet normal -0.1664453548124924 7.80174896108151e-15 -0.986050680168795
    outer loop
      vertex -98.92552069242926 -5.754036970008424 367.23862789288205
      vertex -94 1 366.40720000000005
      vertex -82 1 364.38160000000005
    endloop
  endfacet
  facet normal -0.16644535481248451 1.8787317655413544e-15 -0.9860506801687965
    outer loop
      vertex -98.92552069242926 -5.754036970008424 367.23862789288205
      vertex -100 11.973036100808374 367.42
      vertex -94 1 366.40720000000005
    endloop
  endfacet
  facet normal -0.16644535481248543 3.5512791520568544e-15 -0.9860506801687963
    outer loop
      vertex -77.79849556758981 -6.547794964987746 363.6723860518092
      vertex -82 1 364.38160000000005
      vertex -81.08852021304055 0.6245394380203388 364.2277422119613
    endloop
  endfacet
  facet normal -0.1664453548124955 3.07091462679591e-15 -0.9860506801687946
    outer loop
      vertex -77.79849556758981 -6.547794964987746 363.6723860518092
      vertex -55.971367148932664 1.8089984174499567 359.98796677473985
      vertex -67.24743907609727 -6.793762488485238 361.89136771604524
    endloop
  endfacet
  facet normal -0.16644535481249073 -9.341748638469913e-15 -0.9860506801687954
    outer loop
      vertex -82 1 364.38160000000005
      vertex -82 7 364.3816
      vertex -81.08852021304055 0.6245394380203388 364.2277422119613
    endloop
  endfacet
  facet normal -0.16644535481249417 -5.329570671687185e-16 -0.9860506801687948
    outer loop
      vertex -77.79849556758981 -6.547794964987746 363.6723860518092
      vertex -81.08852021304055 0.6245394380203388 364.2277422119613
      vertex -55.971367148932664 1.8089984174499567 359.98796677473985
    endloop
  endfacet
  facet normal 0.1664453548124937 2.0898578260505339e-16 0.9860506801687948
    outer loop
      vertex -97.09045859655178 -5.699234911584014 379.0986292838317
      vertex -86.65952091928916 -6.139934857254986 377.33788700390977
      vertex -94 1 378.57695987273377
    endloop
  endfacet
  facet normal -0.986050680168795 0 0.16644535481249262
    outer loop
      vertex -100 -5.6981788306162535 367.42
      vertex -98.00265574225008 -5.651813211641969 379.2526081620256
      vertex -98.00265574225008 11.87459631404193 379.2526081620256
    endloop
  endfacet
  facet normal 0.16644535481248748 0 0.986050680168796
    outer loop
      vertex -98.00265574225008 -5.651813211641969 379.2526081620256
      vertex -97.09045859655178 -5.699234911584014 379.0986292838317
      vertex -98.00265574225008 11.87459631404193 379.2526081620256
    endloop
  endfacet
  facet normal 0.1664453548124942 0 0.9860506801687949
    outer loop
      vertex -97.09045859655178 -5.699234911584014 379.0986292838317
      vertex -94 1 378.57695987273377
      vertex -94 7 378.57695987273377
    endloop
  endfacet
  facet normal 0.1664453548124924 -1.2061628989988268e-15 0.9860506801687953
    outer loop
      vertex -86.65952091928916 -6.139934857254986 377.33788700390977
      vertex -82 1 376.55135987273377
      vertex -94 1 378.57695987273377
    endloop
  endfacet
  facet normal 0.16644535481249356 -2.0164799811675804e-15 0.986050680168795
    outer loop
      vertex -86.65952091928916 -6.139934857254986 377.33788700390977
      vertex -79.08878476442807 0.61400971962519 376.0599467409692
      vertex -82 1 376.55135987273377
    endloop
  endfacet
  facet normal 0.16644535481249448 5.422966337142333e-15 0.9860506801687948
    outer loop
      vertex -76.1646494999131 -6.485433071226436 375.56635270831913
      vertex -65.71408238958023 -6.729057973940732 373.8022969800949
      vertex -79.08878476442807 0.61400971962519 376.0599467409692
    endloop
  endfacet
  facet normal 0.1664453548124891 3.1696315792792836e-15 0.9860506801687957
    outer loop
      vertex -86.65952091928916 -6.139934857254986 377.33788700390977
      vertex -76.1646494999131 -6.485433071226436 375.56635270831913
      vertex -79.08878476442807 0.61400971962519 376.0599467409692
    endloop
  endfacet
  facet normal 0.16644535481249328 3.234436154598369e-15 0.9860506801687948
    outer loop
      vertex -65.71408238958023 -6.729057973940732 373.8022969800949
      vertex -55.42334855760767 -6.872317974597413 372.06522110925795
      vertex -79.08878476442807 0.61400971962519 376.0599467409692
    endloop
  endfacet
  facet normal -0.16644535481248782 0 -0.9860506801687959
    outer loop
      vertex -100 11.973036100808374 367.42
      vertex -94 7 366.40720000000005
      vertex -94 1 366.40720000000005
    endloop
  endfacet
  facet normal -0.1664453548124906 -3.4040463714325375e-15 -0.9860506801687954
    outer loop
      vertex -100 11.973036100808374 367.42
      vertex -91.16060708697896 12.879520734315099 365.9279104762821
      vertex -94 7 366.40720000000005
    endloop
  endfacet
  facet normal -0.16644535481249445 -1.472336493718065e-15 -0.9860506801687947
    outer loop
      vertex -91.16060708697896 12.879520734315099 365.9279104762821
      vertex -81.68553430815297 13.645264306150361 364.32851819121623
      vertex -94 7 366.40720000000005
    endloop
  endfacet
  facet normal -0.1664453548124969 3.2398728362538138e-15 -0.9860506801687944
    outer loop
      vertex -82 7 364.3816
      vertex -94 7 366.40720000000005
      vertex -81.68553430815297 13.645264306150361 364.32851819121623
    endloop
  endfacet
  facet normal -0.166445354812428 -1.154228112195373e-16 -0.9860506801688061
    outer loop
      vertex -81.08852021304055 0.6245394380203388 364.2277422119613
      vertex -82 7 364.3816
      vertex -81.68553430815297 13.645264306150361 364.32851819121623
    endloop
  endfacet
  facet normal -0.9860506801687952 0 0.16644535481249265
    outer loop
      vertex -100 -5.6981788306162535 367.42
      vertex -98.00265574225008 11.87459631404193 379.2526081620256
      vertex -100 11.973036100808374 367.42
    endloop
  endfacet
  facet normal 0.16644535481249295 2.9322368955174186e-16 0.9860506801687949
    outer loop
      vertex -97.09045859655178 -5.699234911584014 379.0986292838317
      vertex -94 7 378.57695987273377
      vertex -98.00265574225008 11.87459631404193 379.2526081620256
    endloop
  endfacet
  facet normal 0.16644535481249237 -4.9530831652844205e-15 0.9860506801687952
    outer loop
      vertex -79.68155725274097 13.542226227253698 376.1600067369965
      vertex -94 7 378.57695987273377
      vertex -82 7 376.55135987273377
    endloop
  endfacet
  facet normal 0.16644535481248923 -2.8507065298600265e-15 0.9860506801687956
    outer loop
      vertex -98.00265574225008 11.87459631404193 379.2526081620256
      vertex -94 7 378.57695987273377
      vertex -89.39949885189249 12.756854812730081 377.80039527893325
    endloop
  endfacet
  facet normal 0.16644535481249276 -5.7569604526668235e-15 0.9860506801687952
    outer loop
      vertex -89.39949885189249 12.756854812730081 377.80039527893325
      vertex -94 7 378.57695987273377
      vertex -79.68155725274097 13.542226227253698 376.1600067369965
    endloop
  endfacet
  facet normal 0.16644535481249348 -2.7977098936572924e-15 0.986050680168795
    outer loop
      vertex -82 1 376.55135987273377
      vertex -79.08878476442807 0.61400971962519 376.0599467409692
      vertex -79.68155725274097 13.542226227253698 376.1600067369965
    endloop
  endfacet
  facet normal 0.1664453548124788 0 0.9860506801687975
    outer loop
      vertex -82 1 376.55135987273377
      vertex -79.68155725274097 13.542226227253698 376.1600067369965
      vertex -82 7 376.55135987273377
    endloop
  endfacet
  facet normal -0.166445354812494 1.0777646171964547e-15 -0.9860506801687948
    outer loop
      vertex -67.24743907609727 -6.793762488485238 361.89136771604524
      vertex -55.971367148932664 1.8089984174499567 359.98796677473985
      vertex -56.857752769724414 -6.938400032452147 360.1375886675295
    endloop
  endfacet
  facet normal -0.16644535481249073 5.907780982015869e-16 -0.9860506801687955
    outer loop
      vertex -56.857752769724414 -6.938400032452147 360.1375886675295
      vertex -50.69746599156024 3 359.0977322593754
      vertex -46.74123392426968 -6.981162848978542 358.42992028641675
    endloop
  endfacet
  facet normal -0.1664453548124901 8.573130574833352e-16 -0.9860506801687956
    outer loop
      vertex -46.74123392426968 -6.981162848978542 358.42992028641675
      vertex -50.69746599156024 3 359.0977322593754
      vertex -43.874332644514524 2.5052404513405806 357.9459873503941
    endloop
  endfacet
  facet normal -0.16644535481249093 7.237165898489484e-16 -0.9860506801687953
    outer loop
      vertex -56.857752769724414 -6.938400032452147 360.1375886675295
      vertex -55.971367148932664 1.8089984174499567 359.98796677473985
      vertex -50.69746599156024 3 359.0977322593754
    endloop
  endfacet
  facet normal -0.16644535481249229 -1.883085351180887e-14 -0.986050680168795
    outer loop
      vertex -50.19221815436846 3.0377193283122654 359.01244642445744
      vertex -50.69746599156024 4 359.0977322593754
      vertex -44.610753978425684 4 358.0702952715583
    endloop
  endfacet
  facet normal -0.16644535481249303 -4.609600839795364e-15 -0.9860506801687949
    outer loop
      vertex -46.74123392426968 -6.981162848978542 358.42992028641675
      vertex -39.748837921882746 -0.49210691371308624 357.2496038412138
      vertex -37.01493752361183 -6.921526193220066 356.7881214539857
    endloop
  endfacet
  facet normal -0.16644535481248388 -6.506870461990241e-15 -0.9860506801687966
    outer loop
      vertex -46.74123392426968 -6.981162848978542 358.42992028641675
      vertex -42.143307179915986 0.12268829799194014 357.65379025196984
      vertex -41.70311716626029 -0.11930820986407831 357.57948617766476
    endloop
  endfacet
  facet normal -0.16644535481251965 2.5967055424915792e-14 -0.9860506801687905
    outer loop
      vertex -46.74123392426968 -6.981162848978542 358.42992028641675
      vertex -40.7495252583429 -0.42914900291475444 357.4185198636083
      vertex -40.251162078117254 -0.49210691371308624 357.3343961587862
    endloop
  endfacet
  facet normal -0.1664453548124813 -9.789486574029462e-15 -0.986050680168797
    outer loop
      vertex -46.74123392426968 -6.981162848978542 358.42992028641675
      vertex -41.236067977499786 -0.3042260651806141 357.500648274602
      vertex -40.7495252583429 -0.42914900291475444 357.4185198636083
    endloop
  endfacet
  facet normal -0.16644535481249798 4.2344837900833426e-15 -0.9860506801687943
    outer loop
      vertex -46.74123392426968 -6.981162848978542 358.42992028641675
      vertex -41.70311716626029 -0.11930820986407831 357.57948617766476
      vertex -41.236067977499786 -0.3042260651806141 357.500648274602
    endloop
  endfacet
  facet normal -0.16644535481245937 -2.2799999896418273e-14 -0.9860506801688008
    outer loop
      vertex -46.74123392426968 -6.981162848978542 358.42992028641675
      vertex -42.54969595899476 0.41794702889684254 357.7223886778783
      vertex -42.143307179915986 0.12268829799194014 357.65379025196984
    endloop
  endfacet
  facet normal -0.1664453548125146 9.494866915121249e-15 -0.9860506801687913
    outer loop
      vertex -46.74123392426968 -6.981162848978542 358.42992028641675
      vertex -42.91587450968564 0.761811576285246 357.78419961723495
      vertex -42.54969595899476 0.41794702889684254 357.7223886778783
    endloop
  endfacet
  facet normal -0.16644535481253236 1.8467483059282135e-14 -0.9860506801687884
    outer loop
      vertex -46.74123392426968 -6.981162848978542 358.42992028641675
      vertex -43.236067977499786 1.1488589908301075 357.838248274602
      vertex -42.91587450968564 0.761811576285246 357.78419961723495
    endloop
  endfacet
  facet normal -0.1664453548124171 2.8662882768694017e-14 -0.9860506801688078
    outer loop
      vertex -37.01493752361183 -6.921526193220066 356.7881214539857
      vertex -39.748837921882746 -0.49210691371308624 357.2496038412138
      vertex -39.2504747416571 -0.42914900291475444 357.16548013639175
    endloop
  endfacet
  facet normal -0.16644535481248046 6.2090763130120115e-15 -0.9860506801687972
    outer loop
      vertex -37.01493752361183 -6.921526193220066 356.7881214539857
      vertex -39.2504747416571 -0.42914900291475444 357.16548013639175
      vertex -38.763932022500214 -0.3042260651806141 357.0833517253981
    endloop
  endfacet
  facet normal -0.16644535481249983 9.299096867630726e-16 -0.9860506801687939
    outer loop
      vertex -37.01493752361183 -6.921526193220066 356.7881214539857
      vertex -38.763932022500214 -0.3042260651806141 357.0833517253981
      vertex -38.29688283373971 -0.11930820986407831 357.0045138223353
    endloop
  endfacet
  facet normal -0.16644535481253606 4.298865478752401e-14 -0.9860506801687877
    outer loop
      vertex -46.74123392426968 -6.981162848978542 358.42992028641675
      vertex -40.251162078117254 -0.49210691371308624 357.3343961587862
      vertex -39.748837921882746 -0.49210691371308624 357.2496038412138
    endloop
  endfacet
  facet normal -0.16644535481248254 4.265320233409991e-15 -0.9860506801687968
    outer loop
      vertex -37.01493752361183 -6.921526193220066 356.7881214539857
      vertex -38.29688283373971 -0.11930820986407831 357.0045138223353
      vertex -37.856692820084014 0.12268829799193881 356.9302097480302
    endloop
  endfacet
  facet normal -0.16644535481257255 -6.7866263708271714e-15 -0.9860506801687816
    outer loop
      vertex -37.01493752361183 -6.921526193220066 356.7881214539857
      vertex -37.856692820084014 0.12268829799193881 356.9302097480302
      vertex -37.45030404100524 0.4179470288968439 356.8616113221217
    endloop
  endfacet
  facet normal -0.16644535481252026 -3.6018961875665474e-15 -0.9860506801687904
    outer loop
      vertex -37.01493752361183 -6.921526193220066 356.7881214539857
      vertex -37.45030404100524 0.4179470288968439 356.8616113221217
      vertex -37.08412549031436 0.761811576285246 356.79980038276506
    endloop
  endfacet
  facet normal -0.16644535481238104 -2.312228332492606e-15 -0.9860506801688139
    outer loop
      vertex -37.01493752361183 -6.921526193220066 356.7881214539857
      vertex -37.08412549031436 0.761811576285246 356.79980038276506
      vertex -36.763932022500214 1.1488589908301075 356.74575172539807
    endloop
  endfacet
  facet normal -0.16644535481249179 0 -0.9860506801687953
    outer loop
      vertex -37.01493752361183 -6.921526193220066 356.7881214539857
      vertex -30.97645238818434 3 355.76882516312554
      vertex -30.97645238818434 -6.8137093638334925 355.76882516312554
    endloop
  endfacet
  facet normal 0.9860506801687952 0 -0.16644535481249262
    outer loop
      vertex -30.97645238818434 -6.8137093638334925 355.76882516312554
      vertex -28.979108130434426 3 367.6014333251511
      vertex -28.979108130434426 -6.734362431331064 367.6014333251511
    endloop
  endfacet
  facet normal -0.1664453548124412 -2.1825907508813945e-14 -0.9860506801688038
    outer loop
      vertex -46.74123392426968 -6.981162848978542 358.42992028641675
      vertex -43.719105943553004 2.0275017892612883 357.91978508327173
      vertex -43.50522672017546 1.5729853035931385 357.8836822703656
    endloop
  endfacet
  facet normal -0.16644535481265935 5.346240283053095e-14 -0.986050680168767
    outer loop
      vertex -46.74123392426968 -6.981162848978542 358.42992028641675
      vertex -43.874332644514524 2.5052404513405806 357.9459873503941
      vertex -43.719105943553004 2.0275017892612883 357.91978508327173
    endloop
  endfacet
  facet normal -0.1664453548124439 -2.0733529171554398e-14 -0.9860506801688033
    outer loop
      vertex -46.74123392426968 -6.981162848978542 358.42992028641675
      vertex -43.50522672017546 1.5729853035931385 357.8836822703656
      vertex -43.236067977499786 1.1488589908301075 357.838248274602
    endloop
  endfacet
  facet normal -0.16644535481249656 -9.047663128175961e-14 -0.9860506801687945
    outer loop
      vertex -50.69746599156024 3 359.0977322593754
      vertex -43.96845880525791 2.998667065742784 357.96187584632753
      vertex -43.874332644514524 2.5052404513405806 357.9459873503941
    endloop
  endfacet
  facet normal -0.1664453548124938 1.4060722479708185e-11 -0.986050680168795
    outer loop
      vertex -50.69746599156024 3 359.0977322593754
      vertex -43.968542666373175 3 357.9618900020838
      vertex -43.96845880525791 2.998667065742784 357.96187584632753
    endloop
  endfacet
  facet normal -0.1664453548124952 -1.6234036717188357e-15 -0.9860506801687947
    outer loop
      vertex -50.19221815436846 3.0377193283122654 359.01244642445744
      vertex -44.610753978425684 4 358.0702952715583
      vertex -44.80476621329953 3 358.103044536805
    endloop
  endfacet
  facet normal -0.16644535481246162 -8.20750396700229e-15 -0.9860506801688003
    outer loop
      vertex -44.80476621329953 3 358.103044536805
      vertex -44.610753978425684 4 358.0702952715583
      vertex -44 3.5 357.96720000000005
    endloop
  endfacet
  facet normal -0.166445354812623 5.426961763242695e-15 -0.9860506801687732
    outer loop
      vertex -37.01493752361183 -6.921526193220066 356.7881214539857
      vertex -36.763932022500214 1.1488589908301075 356.74575172539807
      vertex -36.49477327982454 1.5729853035931385 356.7003177296344
    endloop
  endfacet
  facet normal -0.16644535481237518 -1.0182778430583666e-14 -0.9860506801688148
    outer loop
      vertex -37.01493752361183 -6.921526193220066 356.7881214539857
      vertex -36.49477327982454 1.5729853035931385 356.7003177296344
      vertex -36.280894056446996 2.0275017892612865 356.66421491672827
    endloop
  endfacet
  facet normal -0.16644535481245928 -3.096727171564384e-15 -0.9860506801688008
    outer loop
      vertex -37.01493752361183 -6.921526193220066 356.7881214539857
      vertex -36.280894056446996 2.0275017892612865 356.66421491672827
      vertex -36.125667355485476 2.5052404513405824 356.63801264960597
    endloop
  endfacet
  facet normal -0.16644535481249192 8.193371003808029e-17 -0.986050680168795
    outer loop
      vertex -37.01493752361183 -6.921526193220066 356.7881214539857
      vertex -36.125667355485476 2.5052404513405824 356.63801264960597
      vertex -30.97645238818434 3 355.76882516312554
    endloop
  endfacet
  facet normal 0.986050680168795 0 -0.16644535481249262
    outer loop
      vertex -30.97645238818434 -6.8137093638334925 355.76882516312554
      vertex -30.97645238818434 3 355.76882516312554
      vertex -28.979108130434426 3 367.6014333251511
    endloop
  endfacet
  facet normal -0.16644535481248965 -2.457921333610625e-14 -0.9860506801687957
    outer loop
      vertex -30.97645238818434 3 355.76882516312554
      vertex -36.125667355485476 2.5052404513405824 356.63801264960597
      vertex -36.03154119474209 2.998667065742784 356.6221241536725
    endloop
  endfacet
  facet normal -0.166445354812486 -1.4037601023713063e-11 -0.9860506801687962
    outer loop
      vertex -30.97645238818434 3 355.76882516312554
      vertex -36.03154119474209 2.998667065742784 356.6221241536725
      vertex -36.031457333626825 3 356.6221099979162
    endloop
  endfacet
  facet normal 0.16644535481249537 -1.747922222562768e-15 0.9860506801687946
    outer loop
      vertex -55.42334855760767 -6.872317974597413 372.06522110925795
      vertex -45.403180510681 -6.914673513523423 370.3738167429367
      vertex -48.700121733810334 3 370.93034042140096
    endloop
  endfacet
  facet normal 0.16644535481249206 -7.133878950962086e-16 0.9860506801687953
    outer loop
      vertex -55.42334855760767 -6.872317974597413 372.06522110925795
      vertex -53.97163170032018 1.7984686990548078 371.8201713037478
      vertex -79.08878476442807 0.61400971962519 376.0599467409692
    endloop
  endfacet
  facet normal 0.1664453548124929 0 0.986050680168795
    outer loop
      vertex -55.42334855760767 -6.872317974597413 372.06522110925795
      vertex -48.700121733810334 3 370.93034042140096
      vertex -48.700121733810334 4 370.93034042140096
    endloop
  endfacet
  facet normal 0.16644535481252187 -5.854601167594851e-15 0.9860506801687902
    outer loop
      vertex -55.42334855760767 -6.872317974597413 372.06522110925795
      vertex -50.48840768730763 14.462573122741784 371.2322030903513
      vertex -53.97163170032018 1.7984686990548078 371.8201713037478
    endloop
  endfacet
  facet normal 0.16644535481248765 3.5066529272415504e-15 0.9860506801687959
    outer loop
      vertex -45.403180510681 -6.914673513523423 370.3738167429367
      vertex -35.76951838859663 -6.855604843599961 368.7476545767289
      vertex -41.236067977499786 -0.3042260651806141 369.6704081473357
    endloop
  endfacet
  facet normal 0.16644535481248313 5.182643905785696e-15 0.9860506801687967
    outer loop
      vertex -45.403180510681 -6.914673513523423 370.3738167429367
      vertex -41.70311716626029 -0.11930820986407831 369.7492460503985
      vertex -42.143307179915986 0.12268829799194014 369.82355012470356
    endloop
  endfacet
  facet normal 0.16644535481249811 -3.291605284262551e-15 0.9860506801687942
    outer loop
      vertex -45.403180510681 -6.914673513523423 370.3738167429367
      vertex -41.236067977499786 -0.3042260651806141 369.6704081473357
      vertex -41.70311716626029 -0.11930820986407831 369.7492460503985
    endloop
  endfacet
  facet normal 0.16644535481240338 3.1412455218760256e-14 0.9860506801688101
    outer loop
      vertex -45.403180510681 -6.914673513523423 370.3738167429367
      vertex -42.54969595899476 0.41794702889684254 369.8921485506121
      vertex -42.91587450968564 0.761811576285246 369.95395948996867
    endloop
  endfacet
  facet normal 0.16644535481253805 -1.3441511856554924e-14 0.9860506801687874
    outer loop
      vertex -45.403180510681 -6.914673513523423 370.3738167429367
      vertex -42.91587450968564 0.761811576285246 369.95395948996867
      vertex -43.236067977499786 1.1488589908301075 370.0080081473357
    endloop
  endfacet
  facet normal 0.16644535481255632 -2.972825689556769e-14 0.9860506801687844
    outer loop
      vertex -45.403180510681 -6.914673513523423 370.3738167429367
      vertex -42.143307179915986 0.12268829799194014 369.82355012470356
      vertex -42.54969595899476 0.41794702889684254 369.8921485506121
    endloop
  endfacet
  facet normal 0.16644535481247721 -4.895355339902868e-15 0.9860506801687977
    outer loop
      vertex -35.76951838859663 -6.855604843599961 368.7476545767289
      vertex -40.7495252583429 -0.42914900291475444 369.58827973634203
      vertex -41.236067977499786 -0.3042260651806141 369.6704081473357
    endloop
  endfacet
  facet normal 0.1664453548124276 -3.780929414026834e-14 0.986050680168806
    outer loop
      vertex -35.76951838859663 -6.855604843599961 368.7476545767289
      vertex -39.748837921882746 -0.49210691371308624 369.4193637139476
      vertex -40.251162078117254 -0.49210691371308624 369.5041560315199
    endloop
  endfacet
  facet normal 0.166445354812527 3.4253391370365854e-14 0.9860506801687893
    outer loop
      vertex -35.76951838859663 -6.855604843599961 368.7476545767289
      vertex -40.251162078117254 -0.49210691371308624 369.5041560315199
      vertex -40.7495252583429 -0.42914900291475444 369.58827973634203
    endloop
  endfacet
  facet normal 0.16644535481247913 -1.1065403124489656e-15 0.9860506801687974
    outer loop
      vertex -35.76951838859663 -6.855604843599961 368.7476545767289
      vertex -38.763932022500214 -0.3042260651806141 369.2531115981318
      vertex -39.2504747416571 -0.42914900291475444 369.33524000912547
    endloop
  endfacet
  facet normal 0.1664453548125201 2.1754835238469287e-14 0.9860506801687905
    outer loop
      vertex -35.76951838859663 -6.855604843599961 368.7476545767289
      vertex -39.2504747416571 -0.42914900291475444 369.33524000912547
      vertex -39.748837921882746 -0.49210691371308624 369.4193637139476
    endloop
  endfacet
  facet normal 0.16644535481244935 -8.720706782433527e-15 0.9860506801688024
    outer loop
      vertex -35.76951838859663 -6.855604843599961 368.7476545767289
      vertex -37.45030404100524 0.4179470288968439 369.03137119485547
      vertex -37.856692820084014 0.12268829799193881 369.09996962076394
    endloop
  endfacet
  facet normal 0.16644535481251682 7.345791687148786e-15 0.9860506801687909
    outer loop
      vertex -35.76951838859663 -6.855604843599961 368.7476545767289
      vertex -37.08412549031436 0.761811576285246 368.96956025549883
      vertex -37.45030404100524 0.4179470288968439 369.03137119485547
    endloop
  endfacet
  facet normal 0.1664453548125404 1.1521633863562512e-14 0.986050680168787
    outer loop
      vertex -35.76951838859663 -6.855604843599961 368.7476545767289
      vertex -36.763932022500214 1.1488589908301075 368.9155115981318
      vertex -37.08412549031436 0.761811576285246 368.96956025549883
    endloop
  endfacet
  facet normal 0.16644535481249678 7.149719454569612e-15 0.9860506801687944
    outer loop
      vertex -35.76951838859663 -6.855604843599961 368.7476545767289
      vertex -38.29688283373971 -0.11930820986407831 369.174273695069
      vertex -38.763932022500214 -0.3042260651806141 369.2531115981318
    endloop
  endfacet
  facet normal 0.1664453548124799 6.733327444592284e-16 0.9860506801687972
    outer loop
      vertex -35.76951838859663 -6.855604843599961 368.7476545767289
      vertex -37.856692820084014 0.12268829799193881 369.09996962076394
      vertex -38.29688283373971 -0.11930820986407831 369.174273695069
    endloop
  endfacet
  facet normal 0.16644535481249534 0 0.9860506801687948
    outer loop
      vertex -35.76951838859663 -6.855604843599961 368.7476545767289
      vertex -28.979108130434426 -6.734362431331064 367.6014333251511
      vertex -28.979108130434426 3 367.6014333251511
    endloop
  endfacet
  facet normal 0.1664453548124353 1.4988620861234283e-14 0.9860506801688048
    outer loop
      vertex -45.403180510681 -6.914673513523423 370.3738167429367
      vertex -43.236067977499786 1.1488589908301075 370.0080081473357
      vertex -43.50522672017546 1.5729853035931385 370.05344214309935
    endloop
  endfacet
  facet normal 0.1664453548126026 -2.3464602024698863e-14 0.9860506801687766
    outer loop
      vertex -45.403180510681 -6.914673513523423 370.3738167429367
      vertex -43.50522672017546 1.5729853035931385 370.05344214309935
      vertex -43.719105943553004 2.0275017892612883 370.0895449560055
    endloop
  endfacet
  facet normal 0.16644535481247325 1.5727447832962278e-15 0.9860506801687984
    outer loop
      vertex -45.403180510681 -6.914673513523423 370.3738167429367
      vertex -43.719105943553004 2.0275017892612883 370.0895449560055
      vertex -43.874332644514524 2.5052404513405806 370.1157472231278
    endloop
  endfacet
  facet normal 0.16644535481249467 -2.001630339288167e-15 0.9860506801687948
    outer loop
      vertex -45.403180510681 -6.914673513523423 370.3738167429367
      vertex -43.874332644514524 2.5052404513405806 370.1157472231278
      vertex -48.700121733810334 3 370.93034042140096
    endloop
  endfacet
  facet normal 0.16644535481249248 -2.3955822502425167e-14 0.9860506801687952
    outer loop
      vertex -43.96845880525791 2.998667065742784 370.1316357190613
      vertex -48.700121733810334 3 370.93034042140096
      vertex -43.874332644514524 2.5052404513405806 370.1157472231278
    endloop
  endfacet
  facet normal 0.16644535481250014 2.8018706997942434e-11 0.9860506801687938
    outer loop
      vertex -43.96845880525791 2.998667065742784 370.1316357190613
      vertex -43.968542666373175 3 370.1316498748175
      vertex -48.700121733810334 3 370.93034042140096
    endloop
  endfacet
  facet normal 0.16644535481241843 -4.068776967101221e-15 0.9860506801688076
    outer loop
      vertex -35.76951838859663 -6.855604843599961 368.7476545767289
      vertex -36.49477327982454 1.5729853035931385 368.87007760236816
      vertex -36.763932022500214 1.1488589908301075 368.9155115981318
    endloop
  endfacet
  facet normal 0.16644535481240677 -5.095460066328034e-15 0.9860506801688097
    outer loop
      vertex -35.76951838859663 -6.855604843599961 368.7476545767289
      vertex -36.280894056446996 2.0275017892612865 368.83397478946205
      vertex -36.49477327982454 1.5729853035931385 368.87007760236816
    endloop
  endfacet
  facet normal 0.1664453548124951 1.3566986917601025e-16 0.9860506801687946
    outer loop
      vertex -35.76951838859663 -6.855604843599961 368.7476545767289
      vertex -28.979108130434426 3 367.6014333251511
      vertex -36.280894056446996 2.0275017892612865 368.83397478946205
    endloop
  endfacet
  facet normal 0.1664453548124963 -9.447029837490528e-15 0.9860506801687945
    outer loop
      vertex -28.979108130434426 3 367.6014333251511
      vertex -36.125667355485476 2.5052404513405824 368.80777252233975
      vertex -36.280894056446996 2.0275017892612865 368.83397478946205
    endloop
  endfacet
  facet normal 0.16644535481249415 2.3658184931560904e-14 0.9860506801687948
    outer loop
      vertex -28.979108130434426 3 367.6014333251511
      vertex -36.03154119474209 2.998667065742784 368.79188402640625
      vertex -36.125667355485476 2.5052404513405824 368.80777252233975
    endloop
  endfacet
  facet normal 0.16644535481249154 1.3974882803925244e-11 0.9860506801687952
    outer loop
      vertex -28.979108130434426 3 367.6014333251511
      vertex -36.031457333626825 3 368.79186987065
      vertex -36.03154119474209 2.998667065742784 368.79188402640625
    endloop
  endfacet
  facet normal -0.1664453548124911 1.281019217063962e-15 -0.9860506801687955
    outer loop
      vertex -56.55671029766214 14.575182927074447 360.0867726982454
      vertex -50.69746599156024 3 359.0977322593754
      vertex -55.971367148932664 1.8089984174499567 359.98796677473985
    endloop
  endfacet
  facet normal -0.16644535481249353 0 -0.986050680168795
    outer loop
      vertex -56.55671029766214 14.575182927074447 360.0867726982454
      vertex -50.69746599156024 4 359.0977322593754
      vertex -50.69746599156024 3 359.0977322593754
    endloop
  endfacet
  facet normal -0.16644535481249403 -2.8642567116973344e-16 -0.9860506801687948
    outer loop
      vertex -42.589960079362996 14.415806510226853 357.7291852613965
      vertex -50.69746599156024 4 359.0977322593754
      vertex -56.55671029766214 14.575182927074447 360.0867726982454
    endloop
  endfacet
  facet normal -0.16644535481249756 -3.1793316041740196e-13 -0.9860506801687942
    outer loop
      vertex -51.875359053193115 14.60164069751903 359.296560608179
      vertex -42.589960079362996 14.415806510226853 357.7291852613965
      vertex -56.55671029766214 14.575182927074447 360.0867726982454
    endloop
  endfacet
  facet normal -0.1664453548124938 -1.4060722479708185e-11 -0.986050680168795
    outer loop
      vertex -50.69746599156024 4 359.0977322593754
      vertex -43.96845880525791 4.001332934257216 357.96187584632753
      vertex -43.968542666373175 4 357.9618900020838
    endloop
  endfacet
  facet normal -0.16644535481249656 9.047663128175961e-14 -0.9860506801687945
    outer loop
      vertex -50.69746599156024 4 359.0977322593754
      vertex -43.874332644514524 4.494759548659419 357.9459873503941
      vertex -43.96845880525791 4.001332934257216 357.96187584632753
    endloop
  endfacet
  facet normal -0.16644535481248993 -3.59485647171917e-15 -0.9860506801687957
    outer loop
      vertex -42.589960079362996 14.415806510226853 357.7291852613965
      vertex -43.874332644514524 4.494759548659419 357.9459873503941
      vertex -50.69746599156024 4 359.0977322593754
    endloop
  endfacet
  facet normal -0.1664453548130199 6.700173194386224e-14 -0.9860506801687061
    outer loop
      vertex -42.589960079362996 14.415806510226853 357.7291852613965
      vertex -43.719105943553004 4.972498210738712 357.91978508327173
      vertex -43.874332644514524 4.494759548659419 357.9459873503941
    endloop
  endfacet
  facet normal -0.16644535481236925 -1.3043715394609209e-14 -0.986050680168816
    outer loop
      vertex -42.589960079362996 14.415806510226853 357.7291852613965
      vertex -43.50522672017546 5.427014696406862 357.8836822703656
      vertex -43.719105943553004 4.972498210738712 357.91978508327173
    endloop
  endfacet
  facet normal -0.1664453548123966 -1.0179496278407577e-14 -0.9860506801688114
    outer loop
      vertex -42.589960079362996 14.415806510226853 357.7291852613965
      vertex -43.236067977499786 5.8511410091698925 357.838248274602
      vertex -43.50522672017546 5.427014696406862 357.8836822703656
    endloop
  endfacet
  facet normal -0.1664453548125566 2.2374381297124877e-15 -0.9860506801687842
    outer loop
      vertex -42.589960079362996 14.415806510226853 357.7291852613965
      vertex -42.91587450968564 6.238188423714754 357.78419961723495
      vertex -43.236067977499786 5.8511410091698925 357.838248274602
    endloop
  endfacet
  facet normal -0.1664453548125244 9.180490185729439e-16 -0.9860506801687897
    outer loop
      vertex -42.589960079362996 14.415806510226853 357.7291852613965
      vertex -42.54969595899476 6.582052971103158 357.7223886778783
      vertex -42.91587450968564 6.238188423714754 357.78419961723495
    endloop
  endfacet
  facet normal -0.166445354812486 1.4037601023703709e-11 -0.9860506801687962
    outer loop
      vertex -30.97645238818434 4 355.76882516312554
      vertex -36.031457333626825 4 356.6221099979162
      vertex -36.03154119474209 4.001332934257217 356.6221241536725
    endloop
  endfacet
  facet normal -0.16644535481248962 2.4579213336106202e-14 -0.9860506801687955
    outer loop
      vertex -30.97645238818434 4 355.76882516312554
      vertex -36.03154119474209 4.001332934257217 356.6221241536725
      vertex -36.125667355485476 4.494759548659419 356.63801264960597
    endloop
  endfacet
  facet normal -0.16644535481249204 -1.6852105685818203e-15 -0.9860506801687952
    outer loop
      vertex -33.703627759066606 14.001424989041016 356.22917236573045
      vertex -30.97645238818434 4 355.76882516312554
      vertex -36.125667355485476 4.494759548659419 356.63801264960597
    endloop
  endfacet
  facet normal -0.16644535481248143 -4.407568472191443e-15 -0.986050680168797
    outer loop
      vertex -33.703627759066606 14.001424989041016 356.22917236573045
      vertex -36.125667355485476 4.494759548659419 356.63801264960597
      vertex -36.280894056446996 4.972498210738712 356.66421491672827
    endloop
  endfacet
  facet normal -0.16644535481257222 2.7841236896926307e-14 -0.9860506801687817
    outer loop
      vertex -33.703627759066606 14.001424989041016 356.22917236573045
      vertex -36.49477327982454 5.427014696406861 356.7003177296344
      vertex -36.763932022500214 5.8511410091698925 356.74575172539807
    endloop
  endfacet
  facet normal -0.16644535481242007 -3.0872989533906864e-14 -0.9860506801688073
    outer loop
      vertex -33.703627759066606 14.001424989041016 356.22917236573045
      vertex -36.763932022500214 5.8511410091698925 356.74575172539807
      vertex -37.08412549031436 6.238188423714755 356.79980038276506
    endloop
  endfacet
  facet normal -0.16644535481245623 -1.869986965874143e-14 -0.9860506801688012
    outer loop
      vertex -33.703627759066606 14.001424989041016 356.22917236573045
      vertex -37.45030404100524 6.582052971103156 356.8616113221217
      vertex -37.856692820084014 6.87731170200806 356.93020974803017
    endloop
  endfacet
  facet normal -0.16644535481251352 1.1042579232109318e-14 -0.9860506801687915
    outer loop
      vertex -33.703627759066606 14.001424989041016 356.22917236573045
      vertex -37.08412549031436 6.238188423714755 356.79980038276506
      vertex -37.45030404100524 6.582052971103156 356.8616113221217
    endloop
  endfacet
  facet normal -0.166445354812434 -1.8348460826499597e-14 -0.986050680168805
    outer loop
      vertex -33.703627759066606 14.001424989041016 356.22917236573045
      vertex -36.280894056446996 4.972498210738712 356.66421491672827
      vertex -36.49477327982454 5.427014696406861 356.7003177296344
    endloop
  endfacet
  facet normal 0.986050680168795 0 -0.16644535481249262
    outer loop
      vertex -28.979108130434426 13.60161532104911 367.6014333251511
      vertex -28.979108130434426 4 367.6014333251511
      vertex -30.97645238818434 4 355.76882516312554
    endloop
  endfacet
  facet normal -0.16644535481244413 1.3424043603794649e-15 -0.9860506801688032
    outer loop
      vertex -42.589960079362996 14.415806510226853 357.7291852613965
      vertex -42.143307179915986 6.877311702008059 357.65379025196984
      vertex -42.54969595899476 6.582052971103158 357.7223886778783
    endloop
  endfacet
  facet normal -0.1664453548125362 4.3926211137117855e-14 -0.9860506801687877
    outer loop
      vertex -33.703627759066606 14.001424989041016 356.22917236573045
      vertex -39.748837921882746 7.492106913713086 357.2496038412138
      vertex -40.251162078117254 7.492106913713086 357.3343961587862
    endloop
  endfacet
  facet normal -0.1664453548124798 -8.306868378613789e-16 -0.9860506801687974
    outer loop
      vertex -42.589960079362996 14.415806510226853 357.7291852613965
      vertex -41.70311716626029 7.119308209864078 357.57948617766476
      vertex -42.143307179915986 6.877311702008059 357.65379025196984
    endloop
  endfacet
  facet normal -0.16644535481249823 -3.1338890707989188e-15 -0.9860506801687942
    outer loop
      vertex -42.589960079362996 14.415806510226853 357.7291852613965
      vertex -41.236067977499786 7.304226065180615 357.500648274602
      vertex -41.70311716626029 7.119308209864078 357.57948617766476
    endloop
  endfacet
  facet normal -0.16644535481247888 6.334545822234158e-16 -0.9860506801687974
    outer loop
      vertex -42.589960079362996 14.415806510226853 357.7291852613965
      vertex -40.7495252583429 7.429149002914755 357.4185198636083
      vertex -41.236067977499786 7.304226065180615 357.500648274602
    endloop
  endfacet
  facet normal -0.16644535481252143 -1.0862884393714675e-14 -0.9860506801687902
    outer loop
      vertex -42.589960079362996 14.415806510226853 357.7291852613965
      vertex -40.251162078117254 7.492106913713086 357.3343961587862
      vertex -40.7495252583429 7.429149002914755 357.4185198636083
    endloop
  endfacet
  facet normal -0.1664453548124928 -9.183491261954806e-16 -0.986050680168795
    outer loop
      vertex -42.589960079362996 14.415806510226853 357.7291852613965
      vertex -33.703627759066606 14.001424989041016 356.22917236573045
      vertex -40.251162078117254 7.492106913713086 357.3343961587862
    endloop
  endfacet
  facet normal -0.1664453548124968 6.788790967965362e-15 -0.9860506801687944
    outer loop
      vertex -33.703627759066606 14.001424989041016 356.22917236573045
      vertex -38.29688283373971 7.119308209864078 357.00451382233524
      vertex -38.763932022500214 7.304226065180615 357.083351725398
    endloop
  endfacet
  facet normal -0.1664453548125741 6.685546692839662e-14 -0.9860506801687813
    outer loop
      vertex -33.703627759066606 14.001424989041016 356.22917236573045
      vertex -38.763932022500214 7.304226065180615 357.083351725398
      vertex -39.2504747416571 7.429149002914755 357.16548013639175
    endloop
  endfacet
  facet normal -0.1664453548124213 -6.548002961062279e-14 -0.986050680168807
    outer loop
      vertex -33.703627759066606 14.001424989041016 356.22917236573045
      vertex -39.2504747416571 7.429149002914755 357.16548013639175
      vertex -39.748837921882746 7.492106913713086 357.2496038412138
    endloop
  endfacet
  facet normal -0.16644535481248202 -3.2781354160972705e-15 -0.9860506801687969
    outer loop
      vertex -33.703627759066606 14.001424989041016 356.22917236573045
      vertex -37.856692820084014 6.87731170200806 356.93020974803017
      vertex -38.29688283373971 7.119308209864078 357.00451382233524
    endloop
  endfacet
  facet normal -0.16644535481248607 0 -0.9860506801687962
    outer loop
      vertex -33.703627759066606 14.001424989041016 356.22917236573045
      vertex -30.97645238818434 13.794431442017284 355.76882516312554
      vertex -30.97645238818434 4 355.76882516312554
    endloop
  endfacet
  facet normal 0.9860506801687952 0 -0.16644535481249267
    outer loop
      vertex -30.97645238818434 13.794431442017284 355.76882516312554
      vertex -28.979108130434426 13.60161532104911 367.6014333251511
      vertex -30.97645238818434 4 355.76882516312554
    endloop
  endfacet
  facet normal 0.16644535481249026 1.6972452304848554e-15 0.9860506801687955
    outer loop
      vertex -55.42334855760767 -6.872317974597413 372.06522110925795
      vertex -48.700121733810334 4 370.93034042140096
      vertex -50.48840768730763 14.462573122741784 371.2322030903513
    endloop
  endfacet
  facet normal 0.16644535481249986 3.921022897675309e-16 0.9860506801687939
    outer loop
      vertex -50.48840768730763 14.462573122741784 371.2322030903513
      vertex -54.551241532998205 14.439611050547187 371.9180094435039
      vertex -53.97163170032018 1.7984686990548078 371.8201713037478
    endloop
  endfacet
  facet normal 0.1664453548124916 1.9270238530956002e-15 0.9860506801687953
    outer loop
      vertex -50.48840768730763 14.462573122741784 371.2322030903513
      vertex -48.700121733810334 4 370.93034042140096
      vertex -41.29144383819257 14.27850883996053 369.67975559262067
    endloop
  endfacet
  facet normal 0.16644535481250014 -2.8050201909149693e-11 0.9860506801687938
    outer loop
      vertex -48.700121733810334 4 370.93034042140096
      vertex -43.968542666373175 4 370.1316498748175
      vertex -43.96845880525791 4.001332934257216 370.1316357190613
    endloop
  endfacet
  facet normal 0.16644535481249245 2.4008575720561162e-14 0.9860506801687952
    outer loop
      vertex -48.700121733810334 4 370.93034042140096
      vertex -43.96845880525791 4.001332934257216 370.1316357190613
      vertex -43.874332644514524 4.494759548659419 370.1157472231278
    endloop
  endfacet
  facet normal 0.16644535481249575 -9.431172372122663e-15 0.9860506801687946
    outer loop
      vertex -48.700121733810334 4 370.93034042140096
      vertex -43.874332644514524 4.494759548659419 370.1157472231278
      vertex -43.719105943553004 4.972498210738712 370.0895449560055
    endloop
  endfacet
  facet normal 0.16644535481249403 1.1944615429424675e-16 0.9860506801687948
    outer loop
      vertex -41.29144383819257 14.27850883996053 369.67975559262067
      vertex -48.700121733810334 4 370.93034042140096
      vertex -43.719105943553004 4.972498210738712 370.0895449560055
    endloop
  endfacet
  facet normal 0.16644535481284603 -9.429827478507582e-14 0.9860506801687354
    outer loop
      vertex -41.29144383819257 14.27850883996053 369.67975559262067
      vertex -43.719105943553004 4.972498210738712 370.0895449560055
      vertex -43.50522672017546 5.427014696406862 370.05344214309935
    endloop
  endfacet
  facet normal 0.16644535481236852 2.843897101092831e-14 0.986050680168816
    outer loop
      vertex -41.29144383819257 14.27850883996053 369.67975559262067
      vertex -43.50522672017546 5.427014696406862 370.05344214309935
      vertex -43.236067977499786 5.8511410091698925 370.0080081473357
    endloop
  endfacet
  facet normal 0.16644535481257913 -2.149270419716488e-14 0.9860506801687804
    outer loop
      vertex -41.29144383819257 14.27850883996053 369.67975559262067
      vertex -43.236067977499786 5.8511410091698925 370.0080081473357
      vertex -42.91587450968564 6.238188423714754 369.95395948996867
    endloop
  endfacet
  facet normal 0.16644535481235118 2.5904439053499585e-14 0.986050680168819
    outer loop
      vertex -41.29144383819257 14.27850883996053 369.67975559262067
      vertex -42.91587450968564 6.238188423714754 369.95395948996867
      vertex -42.54969595899476 6.582052971103158 369.8921485506121
    endloop
  endfacet
  facet normal 0.16644535481249156 -1.3974882803915934e-11 0.9860506801687953
    outer loop
      vertex -28.979108130434426 4 367.6014333251511
      vertex -36.03154119474209 4.001332934257217 368.79188402640625
      vertex -36.031457333626825 4 368.79186987065
    endloop
  endfacet
  facet normal 0.16644535481249415 -2.3658184931560863e-14 0.9860506801687949
    outer loop
      vertex -28.979108130434426 4 367.6014333251511
      vertex -36.125667355485476 4.494759548659419 368.80777252233975
      vertex -36.03154119474209 4.001332934257217 368.79188402640625
    endloop
  endfacet
  facet normal 0.16644535481248326 4.938645597675674e-15 0.9860506801687967
    outer loop
      vertex -32.48974588947459 13.868073932335292 368.1940289788771
      vertex -36.280894056446996 4.972498210738712 368.83397478946205
      vertex -36.125667355485476 4.494759548659419 368.80777252233975
    endloop
  endfacet
  facet normal 0.16644535481251088 -1.3816406977052912e-14 0.9860506801687919
    outer loop
      vertex -32.48974588947459 13.868073932335292 368.1940289788771
      vertex -37.45030404100524 6.582052971103156 369.03137119485547
      vertex -37.08412549031436 6.238188423714755 368.96956025549883
    endloop
  endfacet
  facet normal 0.16644535481245923 2.2559612199056747e-14 0.9860506801688008
    outer loop
      vertex -32.48974588947459 13.868073932335292 368.1940289788771
      vertex -37.856692820084014 6.87731170200806 369.09996962076394
      vertex -37.45030404100524 6.582052971103156 369.03137119485547
    endloop
  endfacet
  facet normal 0.16644535481244235 2.246406564445072e-14 0.9860506801688035
    outer loop
      vertex -32.48974588947459 13.868073932335292 368.1940289788771
      vertex -36.49477327982454 5.427014696406861 368.87007760236816
      vertex -36.280894056446996 4.972498210738712 368.83397478946205
    endloop
  endfacet
  facet normal 0.16644535481244505 2.1395015271903302e-14 0.9860506801688032
    outer loop
      vertex -32.48974588947459 13.868073932335292 368.1940289788771
      vertex -36.763932022500214 5.8511410091698925 368.9155115981318
      vertex -36.49477327982454 5.427014696406861 368.87007760236816
    endloop
  endfacet
  facet normal 0.1664453548125266 -2.334036186880393e-14 0.9860506801687894
    outer loop
      vertex -32.48974588947459 13.868073932335292 368.1940289788771
      vertex -37.08412549031436 6.238188423714755 368.96956025549883
      vertex -36.763932022500214 5.8511410091698925 368.9155115981318
    endloop
  endfacet
  facet normal 0.16644535481249573 -2.4191005821889023e-16 0.9860506801687946
    outer loop
      vertex -32.48974588947459 13.868073932335292 368.1940289788771
      vertex -36.125667355485476 4.494759548659419 368.80777252233975
      vertex -28.979108130434426 4 367.6014333251511
    endloop
  endfacet
  facet normal 0.16644535481250033 -2.358561337160735e-15 0.9860506801687937
    outer loop
      vertex -41.29144383819257 14.27850883996053 369.67975559262067
      vertex -41.70311716626029 7.119308209864078 369.7492460503985
      vertex -41.236067977499786 7.304226065180615 369.6704081473357
    endloop
  endfacet
  facet normal 0.1664453548124794 -2.5289100128030444e-15 0.9860506801687973
    outer loop
      vertex -41.29144383819257 14.27850883996053 369.67975559262067
      vertex -41.236067977499786 7.304226065180615 369.6704081473357
      vertex -40.7495252583429 7.429149002914755 369.58827973634203
    endloop
  endfacet
  facet normal 0.16644535481252268 9.843645155662667e-16 0.98605068016879
    outer loop
      vertex -41.29144383819257 14.27850883996053 369.67975559262067
      vertex -40.7495252583429 7.429149002914755 369.58827973634203
      vertex -40.251162078117254 7.492106913713086 369.5041560315199
    endloop
  endfacet
  facet normal 0.16644535481252393 8.49802028656782e-15 0.9860506801687897
    outer loop
      vertex -41.29144383819257 14.27850883996053 369.67975559262067
      vertex -39.748837921882746 7.492106913713086 369.4193637139476
      vertex -39.2504747416571 7.429149002914755 369.33524000912547
    endloop
  endfacet
  facet normal 0.16644535481242756 -1.4001427482179762e-14 0.986050680168806
    outer loop
      vertex -41.29144383819257 14.27850883996053 369.67975559262067
      vertex -40.251162078117254 7.492106913713086 369.5041560315199
      vertex -39.748837921882746 7.492106913713086 369.4193637139476
    endloop
  endfacet
  facet normal 0.16644535481258702 -1.3772360208991642e-14 0.9860506801687793
    outer loop
      vertex -41.29144383819257 14.27850883996053 369.67975559262067
      vertex -42.54969595899476 6.582052971103158 369.8921485506121
      vertex -42.143307179915986 6.877311702008059 369.82355012470356
    endloop
  endfacet
  facet normal 0.16644535481248088 -1.2084377924630284e-15 0.9860506801687969
    outer loop
      vertex -41.29144383819257 14.27850883996053 369.67975559262067
      vertex -42.143307179915986 6.877311702008059 369.82355012470356
      vertex -41.70311716626029 7.119308209864078 369.7492460503985
    endloop
  endfacet
  facet normal 0.16644535481247735 -5.762626205473235e-15 0.9860506801687977
    outer loop
      vertex -41.29144383819257 14.27850883996053 369.67975559262067
      vertex -39.2504747416571 7.429149002914755 369.33524000912547
      vertex -38.763932022500214 7.304226065180615 369.2531115981318
    endloop
  endfacet
  facet normal 0.16644535481250045 2.903652253509655e-15 0.9860506801687938
    outer loop
      vertex -41.29144383819257 14.27850883996053 369.67975559262067
      vertex -38.763932022500214 7.304226065180615 369.2531115981318
      vertex -38.29688283373971 7.119308209864078 369.174273695069
    endloop
  endfacet
  facet normal 0.16644535481248257 4.202781930884606e-15 0.9860506801687968
    outer loop
      vertex -32.48974588947459 13.868073932335292 368.1940289788771
      vertex -38.29688283373971 7.119308209864078 369.174273695069
      vertex -37.856692820084014 6.87731170200806 369.09996962076394
    endloop
  endfacet
  facet normal 0.16644535481248934 -1.913625083954642e-15 0.9860506801687956
    outer loop
      vertex -41.29144383819257 14.27850883996053 369.67975559262067
      vertex -38.29688283373971 7.119308209864078 369.174273695069
      vertex -32.48974588947459 13.868073932335292 368.1940289788771
    endloop
  endfacet
  facet normal 0.16644535481249634 0 0.9860506801687944
    outer loop
      vertex -32.48974588947459 13.868073932335292 368.1940289788771
      vertex -28.979108130434426 4 367.6014333251511
      vertex -28.979108130434426 13.60161532104911 367.6014333251511
    endloop
  endfacet
  facet normal 0.9371676158513508 0 0.34887943447485564
    outer loop
      vertex -34.894451504996226 -2 360.49502678559264
      vertex -35.69687420428839 -6.876150014332179 362.65051230205074
      vertex -34.894451504996226 -6.869073904495581 360.49502678559264
    endloop
  endfacet
  facet normal 0.16644535481248035 0 0.9860506801687973
    outer loop
      vertex -32.62653494060798 -2 360.11220246952394
      vertex -34.894451504996226 -6.869073904495581 360.49502678559264
      vertex -32.62653494060798 -6.828580375439586 360.11220246952394
    endloop
  endfacet
  facet normal -0.7707222610388474 0 0.6371712456939395
    outer loop
      vertex -31.161041075511932 -2 361.8848636699133
      vertex -32.62653494060798 -6.828580375439586 360.11220246952394
      vertex -31.161041075511932 -6.795162956220189 361.8848636699133
    endloop
  endfacet
  facet normal 0.16644535481248032 0 0.9860506801687972
    outer loop
      vertex -34.894451504996226 -2 360.49502678559264
      vertex -34.894451504996226 -6.869073904495581 360.49502678559264
      vertex -32.62653494060798 -2 360.11220246952394
    endloop
  endfacet
  facet normal 0 -1 0
    outer loop
      vertex -34.894451504996226 -2 360.49502678559264
      vertex -32.62653494060798 -2 360.11220246952394
      vertex -33.69119391942813 -2 361.1479861802769
    endloop
  endfacet
  facet normal 0 -1 0
    outer loop
      vertex -34.894451504996226 -2 360.49502678559264
      vertex -34.38660829124635 -2 361.63097358377627
      vertex -34.4588584047095 -2 361.75601971977324
    endloop
  endfacet
  facet normal 0 -1 0
    outer loop
      vertex -34.894451504996226 -2 360.49502678559264
      vertex -34.4588584047095 -2 361.75601971977324
      vertex -34.514866367878724 -2 361.88913516998406
    endloop
  endfacet
  facet normal 0 -1 0
    outer loop
      vertex -34.894451504996226 -2 360.49502678559264
      vertex -34.514866367878724 -2 361.88913516998406
      vertex -34.553748901717285 -2 362.02822062423974
    endloop
  endfacet
  facet normal 0 -1 0
    outer loop
      vertex -34.894451504996226 -2 360.49502678559264
      vertex -34.553748901717285 -2 362.02822062423974
      vertex -34.57489280543929 -2 362.1710826218409
    endloop
  endfacet
  facet normal 0 -1 0
    outer loop
      vertex -34.894451504996226 -2 360.49502678559264
      vertex -34.08496849271752 -2 361.3231511889297
      vertex -34.19817750219714 -2 361.41281910513084
    endloop
  endfacet
  facet normal 0 -1 0
    outer loop
      vertex -34.894451504996226 -2 360.49502678559264
      vertex -33.96141380020708 -2 361.24837918225705
      vertex -34.08496849271752 -2 361.3231511889297
    endloop
  endfacet
  facet normal 0 -1 0
    outer loop
      vertex -34.894451504996226 -2 360.49502678559264
      vertex -33.69119391942813 -2 361.1479861802769
      vertex -33.82946195597471 -2 361.1896822843247
    endloop
  endfacet
  facet normal 0 -1 0
    outer loop
      vertex -34.894451504996226 -2 360.49502678559264
      vertex -33.82946195597471 -2 361.1896822843247
      vertex -33.96141380020708 -2 361.24837918225705
    endloop
  endfacet
  facet normal 0 -1 0
    outer loop
      vertex -34.894451504996226 -2 360.49502678559264
      vertex -34.19817750219714 -2 361.41281910513084
      vertex -34.299255454938674 -2 361.51596881425684
    endloop
  endfacet
  facet normal 0 -1 0
    outer loop
      vertex -34.894451504996226 -2 360.49502678559264
      vertex -34.299255454938674 -2 361.51596881425684
      vertex -34.38660829124635 -2 361.63097358377627
    endloop
  endfacet
  facet normal -0.7707222610388474 0 0.6371712456939395
    outer loop
      vertex -32.62653494060798 -2 360.11220246952394
      vertex -32.62653494060798 -6.828580375439586 360.11220246952394
      vertex -31.161041075511932 -2 361.8848636699133
    endloop
  endfacet
  facet normal 0 -1 0
    outer loop
      vertex -33.69119391942813 -2 361.1479861802769
      vertex -32.62653494060798 -2 360.11220246952394
      vertex -33.54879026010106 -2 361.1239484425825
    endloop
  endfacet
  facet normal 0 -1 0
    outer loop
      vertex -33.54879026010106 -2 361.1239484425825
      vertex -32.62653494060798 -2 360.11220246952394
      vertex -33.404496768768894 -2 361.1179481607244
    endloop
  endfacet
  facet normal 0 -1 0
    outer loop
      vertex -33.404496768768894 -2 361.1179481607244
      vertex -32.62653494060798 -2 360.11220246952394
      vertex -33.260589039986655 -2 361.1300799627319
    endloop
  endfacet
  facet normal 0 -1 0
    outer loop
      vertex -33.260589039986655 -2 361.1300799627319
      vertex -32.62653494060798 -2 360.11220246952394
      vertex -33.1193365846036 -2 361.16015252284006
    endloop
  endfacet
  facet normal 0 -1 0
    outer loop
      vertex -33.1193365846036 -2 361.16015252284006
      vertex -32.62653494060798 -2 360.11220246952394
      vertex -32.98296703822122 -2 361.2076915788117
    endloop
  endfacet
  facet normal 0 -1 0
    outer loop
      vertex -32.62653494060798 -2 360.11220246952394
      vertex -32.8536310300492 -2 361.27194741133553
      vertex -32.98296703822122 -2 361.2076915788117
    endloop
  endfacet
  facet normal 0 -1 0
    outer loop
      vertex -32.62653494060798 -2 360.11220246952394
      vertex -32.733368266197985 -2 361.3519066675481
      vertex -32.8536310300492 -2 361.27194741133553
    endloop
  endfacet
  facet normal 0 -1 0
    outer loop
      vertex -32.62653494060798 -2 360.11220246952394
      vertex -32.62407536229499 -2 361.4463083422136
      vertex -32.733368266197985 -2 361.3519066675481
    endloop
  endfacet
  facet normal 0 -1 0
    outer loop
      vertex -32.62653494060798 -2 360.11220246952394
      vertex -32.527475932723206 -2 361.55366366452984
      vertex -32.62407536229499 -2 361.4463083422136
    endloop
  endfacet
  facet normal 0 -1 0
    outer loop
      vertex -32.62653494060798 -2 360.11220246952394
      vertex -32.44509340819266 -2 361.67227957693274
      vertex -32.527475932723206 -2 361.55366366452984
    endloop
  endfacet
  facet normal 0 -1 0
    outer loop
      vertex -32.62653494060798 -2 360.11220246952394
      vertex -32.378227010328146 -2 361.80028543562617
      vertex -32.44509340819266 -2 361.67227957693274
    endloop
  endfacet
  facet normal 0 -1 0
    outer loop
      vertex -32.62653494060798 -2 360.11220246952394
      vertex -32.327931262168036 -2 361.9356625117514
      vertex -32.378227010328146 -2 361.80028543562617
    endloop
  endfacet
  facet normal 0 -1 0
    outer loop
      vertex -32.62653494060798 -2 360.11220246952394
      vertex -32.29499935770605 -2 362.07627582794765
      vertex -32.327931262168036 -2 361.9356625117514
    endloop
  endfacet
  facet normal 0 -1 0
    outer loop
      vertex -32.62653494060798 -2 360.11220246952394
      vertex -31.161041075511932 -2 361.8848636699133
      vertex -32.29499935770605 -2 362.07627582794765
    endloop
  endfacet
  facet normal 0.7707222610388637 0 -0.63717124569392
    outer loop
      vertex -35.69687420428839 -2 362.65051230205074
      vertex -34.23138033919237 -6.842732595112783 364.42317350244014
      vertex -35.69687420428839 -6.876150014332179 362.65051230205074
    endloop
  endfacet
  facet normal -0.16644535481250436 0 -0.986050680168793
    outer loop
      vertex -34.23138033919237 -2 364.42317350244014
      vertex -31.963463774804126 -6.802239066056788 364.0403491863714
      vertex -34.23138033919237 -6.842732595112783 364.42317350244014
    endloop
  endfacet
  facet normal -0.9371676158513467 0 -0.3488794344748665
    outer loop
      vertex -31.963463774804126 -2 364.0403491863714
      vertex -31.161041075511932 -6.795162956220189 361.8848636699133
      vertex -31.963463774804126 -6.802239066056788 364.0403491863714
    endloop
  endfacet
  facet normal 0.9371676158513508 0 0.34887943447485564
    outer loop
      vertex -34.894451504996226 -2 360.49502678559264
      vertex -35.69687420428839 -2 362.65051230205074
      vertex -35.69687420428839 -6.876150014332179 362.65051230205074
    endloop
  endfacet
  facet normal 0.7707222610388635 0 -0.63717124569392
    outer loop
      vertex -35.69687420428839 -2 362.65051230205074
      vertex -34.23138033919237 -2 364.42317350244014
      vertex -34.23138033919237 -6.842732595112783 364.42317350244014
    endloop
  endfacet
  facet normal 0 -1 0
    outer loop
      vertex -34.894451504996226 -2 360.49502678559264
      vertex -34.57489280543929 -2 362.1710826218409
      vertex -34.577964627052225 -2 362.31546814374383
    endloop
  endfacet
  facet normal 0 -1 0
    outer loop
      vertex -34.894451504996226 -2 360.49502678559264
      vertex -34.577964627052225 -2 362.31546814374383
      vertex -34.56291592209429 -2 362.4591001440164
    endloop
  endfacet
  facet normal 0 -1 0
    outer loop
      vertex -34.894451504996226 -2 360.49502678559264
      vertex -34.56291592209429 -2 362.4591001440164
      vertex -35.69687420428839 -2 362.65051230205074
    endloop
  endfacet
  facet normal 0 -1 0
    outer loop
      vertex -35.69687420428839 -2 362.65051230205074
      vertex -34.56291592209429 -2 362.4591001440164
      vertex -34.23138033919237 -2 364.42317350244014
    endloop
  endfacet
  facet normal 0 -1 0
    outer loop
      vertex -34.56291592209429 -2 362.4591001440164
      vertex -34.52998401763229 -2 362.5997134602127
      vertex -34.23138033919237 -2 364.42317350244014
    endloop
  endfacet
  facet normal 0 -1 0
    outer loop
      vertex -34.52998401763229 -2 362.5997134602127
      vertex -34.47968826947219 -2 362.7350905363379
      vertex -34.23138033919237 -2 364.42317350244014
    endloop
  endfacet
  facet normal 0 -1 0
    outer loop
      vertex -34.47968826947219 -2 362.7350905363379
      vertex -34.41282187160766 -2 362.86309639503133
      vertex -34.23138033919237 -2 364.42317350244014
    endloop
  endfacet
  facet normal 0 -1 0
    outer loop
      vertex -34.41282187160766 -2 362.86309639503133
      vertex -34.33043934707713 -2 362.98171230743424
      vertex -34.23138033919237 -2 364.42317350244014
    endloop
  endfacet
  facet normal 0 -1 0
    outer loop
      vertex -34.33043934707713 -2 362.98171230743424
      vertex -34.23383991750535 -2 363.08906762975045
      vertex -34.23138033919237 -2 364.42317350244014
    endloop
  endfacet
  facet normal 0 -1 0
    outer loop
      vertex -34.23383991750535 -2 363.08906762975045
      vertex -34.12454701360237 -2 363.18346930441595
      vertex -34.23138033919237 -2 364.42317350244014
    endloop
  endfacet
  facet normal 0 -1 0
    outer loop
      vertex -34.23138033919237 -2 364.42317350244014
      vertex -34.12454701360237 -2 363.18346930441595
      vertex -34.00428424975112 -2 363.26342856062854
    endloop
  endfacet
  facet normal 0 -1 0
    outer loop
      vertex -34.23138033919237 -2 364.42317350244014
      vertex -34.00428424975112 -2 363.26342856062854
      vertex -33.874948241579105 -2 363.32768439315237
    endloop
  endfacet
  facet normal 0 -1 0
    outer loop
      vertex -34.23138033919237 -2 364.42317350244014
      vertex -33.874948241579105 -2 363.32768439315237
      vertex -33.73857869519672 -2 363.37522344912395
    endloop
  endfacet
  facet normal 0 -1 0
    outer loop
      vertex -34.23138033919237 -2 364.42317350244014
      vertex -33.73857869519672 -2 363.37522344912395
      vertex -33.59732623981368 -2 363.4052960092322
    endloop
  endfacet
  facet normal 0 -1 0
    outer loop
      vertex -34.23138033919237 -2 364.42317350244014
      vertex -33.59732623981368 -2 363.4052960092322
      vertex -33.45341851103146 -2 363.4174278112397
    endloop
  endfacet
  facet normal 0 -1 0
    outer loop
      vertex -34.23138033919237 -2 364.42317350244014
      vertex -33.309125019699266 -2 363.41142752938157
      vertex -33.16672136037219 -2 363.38738979168716
    endloop
  endfacet
  facet normal 0 -1 0
    outer loop
      vertex -34.23138033919237 -2 364.42317350244014
      vertex -33.45341851103146 -2 363.4174278112397
      vertex -33.309125019699266 -2 363.41142752938157
    endloop
  endfacet
  facet normal -0.9371676158513468 0 -0.3488794344748665
    outer loop
      vertex -31.963463774804126 -2 364.0403491863714
      vertex -31.161041075511932 -2 361.8848636699133
      vertex -31.161041075511932 -6.795162956220189 361.8848636699133
    endloop
  endfacet
  facet normal -0.16644535481250436 0 -0.9860506801687932
    outer loop
      vertex -34.23138033919237 -2 364.42317350244014
      vertex -31.963463774804126 -2 364.0403491863714
      vertex -31.963463774804126 -6.802239066056788 364.0403491863714
    endloop
  endfacet
  facet normal 0 -1 0
    outer loop
      vertex -32.29499935770605 -2 362.07627582794765
      vertex -31.161041075511932 -2 361.8848636699133
      vertex -31.963463774804126 -2 364.0403491863714
    endloop
  endfacet
  facet normal 0 -1 0
    outer loop
      vertex -32.29499935770605 -2 362.07627582794765
      vertex -31.963463774804126 -2 364.0403491863714
      vertex -32.2799506527481 -2 362.21990782822024
    endloop
  endfacet
  facet normal 0 -1 0
    outer loop
      vertex -32.28302247436105 -2 362.36429335012315
      vertex -32.2799506527481 -2 362.21990782822024
      vertex -31.963463774804126 -2 364.0403491863714
    endloop
  endfacet
  facet normal 0 -1 0
    outer loop
      vertex -32.30416637808304 -2 362.50715534772434
      vertex -32.28302247436105 -2 362.36429335012315
      vertex -31.963463774804126 -2 364.0403491863714
    endloop
  endfacet
  facet normal 0 -1 0
    outer loop
      vertex -32.34304891192161 -2 362.64624080198
      vertex -32.30416637808304 -2 362.50715534772434
      vertex -31.963463774804126 -2 364.0403491863714
    endloop
  endfacet
  facet normal 0 -1 0
    outer loop
      vertex -32.55865982486165 -2 363.01940715770724
      vertex -32.471306988554005 -2 362.9044023881878
      vertex -31.963463774804126 -2 364.0403491863714
    endloop
  endfacet
  facet normal 0 -1 0
    outer loop
      vertex -32.7729467870828 -2 363.21222478303434
      vertex -32.65973777760318 -2 363.12255686683324
      vertex -31.963463774804126 -2 364.0403491863714
    endloop
  endfacet
  facet normal 0 -1 0
    outer loop
      vertex -32.65973777760318 -2 363.12255686683324
      vertex -32.55865982486165 -2 363.01940715770724
      vertex -31.963463774804126 -2 364.0403491863714
    endloop
  endfacet
  facet normal 0 -1 0
    outer loop
      vertex -33.028453323825644 -2 363.34569368763937
      vertex -32.896501479593255 -2 363.286996789707
      vertex -31.963463774804126 -2 364.0403491863714
    endloop
  endfacet
  facet normal 0 -1 0
    outer loop
      vertex -33.16672136037219 -2 363.38738979168716
      vertex -33.028453323825644 -2 363.34569368763937
      vertex -31.963463774804126 -2 364.0403491863714
    endloop
  endfacet
  facet normal 0 -1 0
    outer loop
      vertex -32.896501479593255 -2 363.286996789707
      vertex -32.7729467870828 -2 363.21222478303434
      vertex -31.963463774804126 -2 364.0403491863714
    endloop
  endfacet
  facet normal 0 -1 0
    outer loop
      vertex -32.399056875090835 -2 362.77935625219084
      vertex -32.34304891192161 -2 362.64624080198
      vertex -31.963463774804126 -2 364.0403491863714
    endloop
  endfacet
  facet normal 0 -1 0
    outer loop
      vertex -32.471306988554005 -2 362.9044023881878
      vertex -32.399056875090835 -2 362.77935625219084
      vertex -31.963463774804126 -2 364.0403491863714
    endloop
  endfacet
  facet normal 0 -1 0
    outer loop
      vertex -34.23138033919237 -2 364.42317350244014
      vertex -33.16672136037219 -2 363.38738979168716
      vertex -31.963463774804126 -2 364.0403491863714
    endloop
  endfacet
  facet normal 0.2887178036785871 0 0.957414241506263
    outer loop
      vertex -33.69119391942813 -2 361.1479861802769
      vertex -33.69119391942813 3 361.1479861802769
      vertex -33.82946195597471 -2 361.1896822843247
    endloop
  endfacet
  facet normal 0.4064370003095097 0 0.9136788083234764
    outer loop
      vertex -33.96141380020708 -2 361.24837918225705
      vertex -33.82946195597471 -2 361.1896822843247
      vertex -33.82946195597471 3 361.1896822843247
    endloop
  endfacet
  facet normal 0.1664453548125194 0 0.9860506801687906
    outer loop
      vertex -33.69119391942813 -2 361.1479861802769
      vertex -33.54879026010106 -2 361.1239484425825
      vertex -33.54879026010106 3 361.1239484425825
    endloop
  endfacet
  facet normal 0.041547963271197606 0 0.9991365105670071
    outer loop
      vertex -33.54879026010106 -2 361.1239484425825
      vertex -33.404496768768894 -2 361.1179481607244
      vertex -33.404496768768894 3 361.1179481607244
    endloop
  endfacet
  facet normal 0.6208907143063432 0 0.7838971366755709
    outer loop
      vertex -34.19817750219714 -2 361.41281910513084
      vertex -34.08496849271752 -2 361.3231511889297
      vertex -34.08496849271752 3 361.3231511889297
    endloop
  endfacet
  facet normal 0.5177464426516819 0 0.8555341145281868
    outer loop
      vertex -34.08496849271752 -2 361.3231511889297
      vertex -33.96141380020708 -2 361.24837918225705
      vertex -33.96141380020708 3 361.24837918225705
    endloop
  endfacet
  facet normal 0.7142431684941208 0 0.6998976327002964
    outer loop
      vertex -34.299255454938674 -2 361.51596881425684
      vertex -34.19817750219714 -2 361.41281910513084
      vertex -34.19817750219714 3 361.41281910513084
    endloop
  endfacet
  facet normal 0.7963315812469023 0 0.6048603249584222
    outer loop
      vertex -34.38660829124635 -2 361.63097358377627
      vertex -34.299255454938674 -2 361.51596881425684
      vertex -34.299255454938674 3 361.51596881425684
    endloop
  endfacet
  facet normal -0.08400466447069058 0 0.9964653613383492
    outer loop
      vertex -33.404496768768894 -2 361.1179481607244
      vertex -33.260589039986655 -2 361.1300799627319
      vertex -33.260589039986655 3 361.1300799627319
    endloop
  endfacet
  facet normal -0.20823248847127396 0 0.9780793581019184
    outer loop
      vertex -33.260589039986655 -2 361.1300799627319
      vertex -33.1193365846036 -2 361.16015252284006
      vertex -33.1193365846036 3 361.16015252284006
    endloop
  endfacet
  facet normal -0.32917636173764003 0 0.9442684591116927
    outer loop
      vertex -33.1193365846036 -2 361.16015252284006
      vertex -32.98296703822122 -2 361.2076915788117
      vertex -32.98296703822122 3 361.2076915788117
    endloop
  endfacet
  facet normal -0.4449289271381252 0 0.8955658824428927
    outer loop
      vertex -32.98296703822122 -2 361.2076915788117
      vertex -32.8536310300492 -2 361.27194741133553
      vertex -32.8536310300492 3 361.27194741133553
    endloop
  endfacet
  facet normal -0.5536646975702422 0 0.8327396968227541
    outer loop
      vertex -32.8536310300492 -2 361.27194741133553
      vertex -32.733368266197985 -2 361.3519066675481
      vertex -32.733368266197985 3 361.3519066675481
    endloop
  endfacet
  facet normal -0.653668844978259 0 0.7567807087292784
    outer loop
      vertex -32.733368266197985 -2 361.3519066675481
      vertex -32.62407536229499 -2 361.4463083422136
      vertex -32.62407536229499 3 361.4463083422136
    endloop
  endfacet
  facet normal -0.7433642442185601 0 0.6688868367798615
    outer loop
      vertex -32.62407536229499 -2 361.4463083422136
      vertex -32.527475932723206 -2 361.55366366452984
      vertex -32.527475932723206 3 361.55366366452984
    endloop
  endfacet
  facet normal -0.8213363452627874 0 0.5704442198413158
    outer loop
      vertex -32.527475932723206 -2 361.55366366452984
      vertex -32.44509340819266 -2 361.67227957693274
      vertex -32.44509340819266 3 361.67227957693274
    endloop
  endfacet
  facet normal 0.2887178036785871 0 0.957414241506263
    outer loop
      vertex -33.82946195597471 -2 361.1896822843247
      vertex -33.69119391942813 3 361.1479861802769
      vertex -33.82946195597471 3 361.1896822843247
    endloop
  endfacet
  facet normal 0.4064370003095097 0 0.9136788083234764
    outer loop
      vertex -33.96141380020708 -2 361.24837918225705
      vertex -33.82946195597471 3 361.1896822843247
      vertex -33.96141380020708 3 361.24837918225705
    endloop
  endfacet
  facet normal 0.1664453548125194 0 0.9860506801687906
    outer loop
      vertex -33.69119391942813 -2 361.1479861802769
      vertex -33.54879026010106 3 361.1239484425825
      vertex -33.69119391942813 3 361.1479861802769
    endloop
  endfacet
  facet normal 0.041547963271197606 0 0.9991365105670071
    outer loop
      vertex -33.54879026010106 -2 361.1239484425825
      vertex -33.404496768768894 3 361.1179481607244
      vertex -33.54879026010106 3 361.1239484425825
    endloop
  endfacet
  facet normal 0.5177464426516819 0 0.8555341145281868
    outer loop
      vertex -34.08496849271752 -2 361.3231511889297
      vertex -33.96141380020708 3 361.24837918225705
      vertex -34.08496849271752 3 361.3231511889297
    endloop
  endfacet
  facet normal 0.6208907143063432 0 0.7838971366755709
    outer loop
      vertex -34.19817750219714 -2 361.41281910513084
      vertex -34.08496849271752 3 361.3231511889297
      vertex -34.19817750219714 3 361.41281910513084
    endloop
  endfacet
  facet normal 0.7142431684941208 0 0.6998976327002964
    outer loop
      vertex -34.299255454938674 -2 361.51596881425684
      vertex -34.19817750219714 3 361.41281910513084
      vertex -34.299255454938674 3 361.51596881425684
    endloop
  endfacet
  facet normal 0.7963315812469023 0 0.6048603249584222
    outer loop
      vertex -34.38660829124635 -2 361.63097358377627
      vertex -34.299255454938674 3 361.51596881425684
      vertex -34.38660829124635 3 361.63097358377627
    endloop
  endfacet
  facet normal -0.08400466447069058 0 0.9964653613383492
    outer loop
      vertex -33.404496768768894 -2 361.1179481607244
      vertex -33.260589039986655 3 361.1300799627319
      vertex -33.404496768768894 3 361.1179481607244
    endloop
  endfacet
  facet normal -0.20823248847127396 0 0.9780793581019184
    outer loop
      vertex -33.260589039986655 -2 361.1300799627319
      vertex -33.1193365846036 3 361.16015252284006
      vertex -33.260589039986655 3 361.1300799627319
    endloop
  endfacet
  facet normal -0.32917636173764003 0 0.9442684591116927
    outer loop
      vertex -33.1193365846036 -2 361.16015252284006
      vertex -32.98296703822122 3 361.2076915788117
      vertex -33.1193365846036 3 361.16015252284006
    endloop
  endfacet
  facet normal -0.4449289271381252 0 0.8955658824428927
    outer loop
      vertex -32.98296703822122 -2 361.2076915788117
      vertex -32.8536310300492 3 361.27194741133553
      vertex -32.98296703822122 3 361.2076915788117
    endloop
  endfacet
  facet normal -0.5536646975702422 0 0.8327396968227541
    outer loop
      vertex -32.8536310300492 -2 361.27194741133553
      vertex -32.733368266197985 3 361.3519066675481
      vertex -32.8536310300492 3 361.27194741133553
    endloop
  endfacet
  facet normal -0.653668844978259 0 0.7567807087292784
    outer loop
      vertex -32.733368266197985 -2 361.3519066675481
      vertex -32.62407536229499 3 361.4463083422136
      vertex -32.733368266197985 3 361.3519066675481
    endloop
  endfacet
  facet normal -0.7433642442185601 0 0.6688868367798615
    outer loop
      vertex -32.62407536229499 -2 361.4463083422136
      vertex -32.527475932723206 3 361.55366366452984
      vertex -32.62407536229499 3 361.4463083422136
    endloop
  endfacet
  facet normal -0.8213363452627874 0 0.5704442198413158
    outer loop
      vertex -32.527475932723206 -2 361.55366366452984
      vertex -32.44509340819266 3 361.67227957693274
      vertex -32.527475932723206 3 361.55366366452984
    endloop
  endfacet
  facet normal 0.9630743157756414 0 0.26923570025774823
    outer loop
      vertex -34.553748901717285 -2 362.02822062423974
      vertex -34.514866367878724 -2 361.88913516998406
      vertex -34.514866367878724 3 361.88913516998406
    endloop
  endfacet
  facet normal 0.9892243680436068 0 0.14640747818580443
    outer loop
      vertex -34.553748901717285 -2 362.02822062423974
      vertex -34.553748901717285 3 362.02822062423974
      vertex -34.57489280543929 -2 362.1710826218409
    endloop
  endfacet
  facet normal 0.999773761093613 0 0.02127032272278188
    outer loop
      vertex -34.577964627052225 -2 362.31546814374383
      vertex -34.57489280543929 -2 362.1710826218409
      vertex -34.57489280543929 3 362.1710826218409
    endloop
  endfacet
  facet normal 0.9945561246952634 0 -0.10420227843545166
    outer loop
      vertex -34.56291592209429 -2 362.4591001440164
      vertex -34.577964627052225 -2 362.31546814374383
      vertex -34.577964627052225 3 362.31546814374383
    endloop
  endfacet
  facet normal 0.8658613692579058 0 0.5002840085659589
    outer loop
      vertex -34.4588584047095 -2 361.75601971977324
      vertex -34.38660829124635 -2 361.63097358377627
      vertex -34.38660829124635 3 361.63097358377627
    endloop
  endfacet
  facet normal 0.921736006235051 0 0.3878179145035178
    outer loop
      vertex -34.514866367878724 -2 361.88913516998406
      vertex -34.4588584047095 -2 361.75601971977324
      vertex -34.4588584047095 3 361.75601971977324
    endloop
  endfacet
  facet normal 0.973653744091396 0 -0.2280315474157166
    outer loop
      vertex -34.56291592209429 -2 362.4591001440164
      vertex -34.56291592209429 3 362.4591001440164
      vertex -34.52998401763229 -2 362.5997134602127
    endloop
  endfacet
  facet normal 0.937396262310703 0 -0.3482646226735119
    outer loop
      vertex -34.52998401763229 -2 362.5997134602127
      vertex -34.52998401763229 3 362.5997134602127
      vertex -34.47968826947219 -2 362.7350905363379
    endloop
  endfacet
  facet normal 0.8863554814999698 0 -0.46300535678861915
    outer loop
      vertex -34.47968826947219 -2 362.7350905363379
      vertex -34.47968826947219 3 362.7350905363379
      vertex -34.41282187160766 -2 362.86309639503133
    endloop
  endfacet
  facet normal 0.8213363452628335 0 -0.5704442198412494
    outer loop
      vertex -34.41282187160766 -2 362.86309639503133
      vertex -34.41282187160766 3 362.86309639503133
      vertex -34.33043934707713 -2 362.98171230743424
    endloop
  endfacet
  facet normal 0.7433642442185601 0 -0.6688868367798615
    outer loop
      vertex -34.33043934707713 -2 362.98171230743424
      vertex -34.33043934707713 3 362.98171230743424
      vertex -34.23383991750535 -2 363.08906762975045
    endloop
  endfacet
  facet normal 0.6536688449783077 0 -0.7567807087292364
    outer loop
      vertex -34.23383991750535 -2 363.08906762975045
      vertex -34.23383991750535 3 363.08906762975045
      vertex -34.12454701360237 -2 363.18346930441595
    endloop
  endfacet
  facet normal 0.5536646975701515 0 -0.8327396968228143
    outer loop
      vertex -34.12454701360237 -2 363.18346930441595
      vertex -34.12454701360237 3 363.18346930441595
      vertex -34.00428424975112 -2 363.26342856062854
    endloop
  endfacet
  facet normal 0.4449289271381252 0 -0.8955658824428927
    outer loop
      vertex -34.00428424975112 -2 363.26342856062854
      vertex -34.00428424975112 3 363.26342856062854
      vertex -33.874948241579105 -2 363.32768439315237
    endloop
  endfacet
  facet normal 0.32917636173728904 0 -0.9442684591118149
    outer loop
      vertex -33.874948241579105 -2 363.32768439315237
      vertex -33.874948241579105 3 363.32768439315237
      vertex -33.73857869519672 -2 363.37522344912395
    endloop
  endfacet
  facet normal 0.20823248847167053 0 -0.978079358101834
    outer loop
      vertex -33.73857869519672 -2 363.37522344912395
      vertex -33.73857869519672 3 363.37522344912395
      vertex -33.59732623981368 -2 363.4052960092322
    endloop
  endfacet
  facet normal 0.08400466447069879 0 -0.9964653613383484
    outer loop
      vertex -33.59732623981368 -2 363.4052960092322
      vertex -33.59732623981368 3 363.4052960092322
      vertex -33.45341851103146 -2 363.4174278112397
    endloop
  endfacet
  facet normal -0.8863554815000103 0 0.4630053567885419
    outer loop
      vertex -32.44509340819266 -2 361.67227957693274
      vertex -32.378227010328146 -2 361.80028543562617
      vertex -32.378227010328146 3 361.80028543562617
    endloop
  endfacet
  facet normal -0.9373962623106709 0 0.34826462267359837
    outer loop
      vertex -32.378227010328146 -2 361.80028543562617
      vertex -32.327931262168036 -2 361.9356625117514
      vertex -32.327931262168036 3 361.9356625117514
    endloop
  endfacet
  facet normal -0.9736537440914179 0 0.22803154741562331
    outer loop
      vertex -32.327931262168036 -2 361.9356625117514
      vertex -32.29499935770605 -2 362.07627582794765
      vertex -32.29499935770605 3 362.07627582794765
    endloop
  endfacet
  facet normal -0.9945561246952532 0 0.104202278435549
    outer loop
      vertex -32.29499935770605 -2 362.07627582794765
      vertex -32.2799506527481 -2 362.21990782822024
      vertex -32.2799506527481 3 362.21990782822024
    endloop
  endfacet
  facet normal -0.9997737610936109 0 -0.021270322722880236
    outer loop
      vertex -32.28302247436105 -2 362.36429335012315
      vertex -32.28302247436105 3 362.36429335012315
      vertex -32.2799506527481 -2 362.21990782822024
    endloop
  endfacet
  facet normal -0.963074315775616 0 -0.2692357002578395
    outer loop
      vertex -32.34304891192161 -2 362.64624080198
      vertex -32.34304891192161 3 362.64624080198
      vertex -32.30416637808304 -2 362.50715534772434
    endloop
  endfacet
  facet normal -0.921736006235051 0 -0.3878179145035178
    outer loop
      vertex -32.399056875090835 -2 362.77935625219084
      vertex -32.399056875090835 3 362.77935625219084
      vertex -32.34304891192161 -2 362.64624080198
    endloop
  endfacet
  facet normal -0.8658613692578633 0 -0.5002840085660327
    outer loop
      vertex -32.471306988554005 -2 362.9044023881878
      vertex -32.471306988554005 3 362.9044023881878
      vertex -32.399056875090835 -2 362.77935625219084
    endloop
  endfacet
  facet normal -0.7142431684941208 0 -0.6998976327002964
    outer loop
      vertex -32.65973777760318 -2 363.12255686683324
      vertex -32.65973777760318 3 363.12255686683324
      vertex -32.55865982486165 -2 363.01940715770724
    endloop
  endfacet
  facet normal -0.7963315812469972 0 -0.6048603249582974
    outer loop
      vertex -32.55865982486165 -2 363.01940715770724
      vertex -32.55865982486165 3 363.01940715770724
      vertex -32.471306988554005 -2 362.9044023881878
    endloop
  endfacet
  facet normal -0.9892243680436211 0 -0.14640747818570815
    outer loop
      vertex -32.30416637808304 -2 362.50715534772434
      vertex -32.30416637808304 3 362.50715534772434
      vertex -32.28302247436105 -2 362.36429335012315
    endloop
  endfacet
  facet normal -0.04154796327118943 0 -0.9991365105670075
    outer loop
      vertex -33.45341851103146 -2 363.4174278112397
      vertex -33.45341851103146 3 363.4174278112397
      vertex -33.309125019699266 -2 363.41142752938157
    endloop
  endfacet
  facet normal -0.1664453548125194 0 -0.9860506801687906
    outer loop
      vertex -33.309125019699266 -2 363.41142752938157
      vertex -33.309125019699266 3 363.41142752938157
      vertex -33.16672136037219 -2 363.38738979168716
    endloop
  endfacet
  facet normal -0.2887178036786415 0 -0.9574142415062467
    outer loop
      vertex -33.16672136037219 -2 363.38738979168716
      vertex -33.16672136037219 3 363.38738979168716
      vertex -33.028453323825644 -2 363.34569368763937
    endloop
  endfacet
  facet normal -0.4064370003094731 0 -0.9136788083234926
    outer loop
      vertex -33.028453323825644 -2 363.34569368763937
      vertex -33.028453323825644 3 363.34569368763937
      vertex -32.896501479593255 -2 363.286996789707
    endloop
  endfacet
  facet normal -0.6208907143063432 0 -0.7838971366755709
    outer loop
      vertex -32.7729467870828 -2 363.21222478303434
      vertex -32.7729467870828 3 363.21222478303434
      vertex -32.65973777760318 -2 363.12255686683324
    endloop
  endfacet
  facet normal -0.5177464426516384 0 -0.8555341145282133
    outer loop
      vertex -32.896501479593255 -2 363.286996789707
      vertex -32.896501479593255 3 363.286996789707
      vertex -32.7729467870828 -2 363.21222478303434
    endloop
  endfacet
  facet normal 0.9630743157756414 0 0.26923570025774823
    outer loop
      vertex -34.553748901717285 -2 362.02822062423974
      vertex -34.514866367878724 3 361.88913516998406
      vertex -34.553748901717285 3 362.02822062423974
    endloop
  endfacet
  facet normal 0.9892243680436068 0 0.14640747818580443
    outer loop
      vertex -34.57489280543929 -2 362.1710826218409
      vertex -34.553748901717285 3 362.02822062423974
      vertex -34.57489280543929 3 362.1710826218409
    endloop
  endfacet
  facet normal 0.999773761093613 0 0.02127032272278188
    outer loop
      vertex -34.577964627052225 -2 362.31546814374383
      vertex -34.57489280543929 3 362.1710826218409
      vertex -34.577964627052225 3 362.31546814374383
    endloop
  endfacet
  facet normal 0.8658613692579058 0 0.5002840085659589
    outer loop
      vertex -34.4588584047095 -2 361.75601971977324
      vertex -34.38660829124635 3 361.63097358377627
      vertex -34.4588584047095 3 361.75601971977324
    endloop
  endfacet
  facet normal 0.921736006235051 0 0.3878179145035178
    outer loop
      vertex -34.514866367878724 -2 361.88913516998406
      vertex -34.4588584047095 3 361.75601971977324
      vertex -34.514866367878724 3 361.88913516998406
    endloop
  endfacet
  facet normal 0.9945561246952634 0 -0.10420227843545166
    outer loop
      vertex -34.56291592209429 -2 362.4591001440164
      vertex -34.577964627052225 3 362.31546814374383
      vertex -34.56291592209429 3 362.4591001440164
    endloop
  endfacet
  facet normal 0.973653744091396 0 -0.2280315474157166
    outer loop
      vertex -34.52998401763229 -2 362.5997134602127
      vertex -34.56291592209429 3 362.4591001440164
      vertex -34.52998401763229 3 362.5997134602127
    endloop
  endfacet
  facet normal 0.937396262310703 0 -0.3482646226735119
    outer loop
      vertex -34.47968826947219 -2 362.7350905363379
      vertex -34.52998401763229 3 362.5997134602127
      vertex -34.47968826947219 3 362.7350905363379
    endloop
  endfacet
  facet normal 0.8863554814999698 0 -0.46300535678861915
    outer loop
      vertex -34.41282187160766 -2 362.86309639503133
      vertex -34.47968826947219 3 362.7350905363379
      vertex -34.41282187160766 3 362.86309639503133
    endloop
  endfacet
  facet normal 0.8213363452628335 0 -0.5704442198412494
    outer loop
      vertex -34.33043934707713 -2 362.98171230743424
      vertex -34.41282187160766 3 362.86309639503133
      vertex -34.33043934707713 3 362.98171230743424
    endloop
  endfacet
  facet normal 0.7433642442185601 0 -0.6688868367798615
    outer loop
      vertex -34.23383991750535 -2 363.08906762975045
      vertex -34.33043934707713 3 362.98171230743424
      vertex -34.23383991750535 3 363.08906762975045
    endloop
  endfacet
  facet normal 0.6536688449783077 0 -0.7567807087292364
    outer loop
      vertex -34.12454701360237 -2 363.18346930441595
      vertex -34.23383991750535 3 363.08906762975045
      vertex -34.12454701360237 3 363.18346930441595
    endloop
  endfacet
  facet normal 0.5536646975701515 0 -0.8327396968228143
    outer loop
      vertex -34.00428424975112 -2 363.26342856062854
      vertex -34.12454701360237 3 363.18346930441595
      vertex -34.00428424975112 3 363.26342856062854
    endloop
  endfacet
  facet normal 0.4449289271381252 0 -0.8955658824428927
    outer loop
      vertex -33.874948241579105 -2 363.32768439315237
      vertex -34.00428424975112 3 363.26342856062854
      vertex -33.874948241579105 3 363.32768439315237
    endloop
  endfacet
  facet normal 0.32917636173728904 0 -0.9442684591118149
    outer loop
      vertex -33.73857869519672 -2 363.37522344912395
      vertex -33.874948241579105 3 363.32768439315237
      vertex -33.73857869519672 3 363.37522344912395
    endloop
  endfacet
  facet normal 0.20823248847167053 0 -0.978079358101834
    outer loop
      vertex -33.59732623981368 -2 363.4052960092322
      vertex -33.73857869519672 3 363.37522344912395
      vertex -33.59732623981368 3 363.4052960092322
    endloop
  endfacet
  facet normal 0.08400466447069879 0 -0.9964653613383484
    outer loop
      vertex -33.45341851103146 -2 363.4174278112397
      vertex -33.59732623981368 3 363.4052960092322
      vertex -33.45341851103146 3 363.4174278112397
    endloop
  endfacet
  facet normal -0.8863554815000103 0 0.4630053567885419
    outer loop
      vertex -32.44509340819266 -2 361.67227957693274
      vertex -32.378227010328146 3 361.80028543562617
      vertex -32.44509340819266 3 361.67227957693274
    endloop
  endfacet
  facet normal -0.9373962623106709 0 0.34826462267359837
    outer loop
      vertex -32.378227010328146 -2 361.80028543562617
      vertex -32.327931262168036 3 361.9356625117514
      vertex -32.378227010328146 3 361.80028543562617
    endloop
  endfacet
  facet normal -0.9736537440914179 0 0.22803154741562331
    outer loop
      vertex -32.327931262168036 -2 361.9356625117514
      vertex -32.29499935770605 3 362.07627582794765
      vertex -32.327931262168036 3 361.9356625117514
    endloop
  endfacet
  facet normal -0.9945561246952532 0 0.104202278435549
    outer loop
      vertex -32.29499935770605 -2 362.07627582794765
      vertex -32.2799506527481 3 362.21990782822024
      vertex -32.29499935770605 3 362.07627582794765
    endloop
  endfacet
  facet normal -0.9997737610936109 0 -0.021270322722880236
    outer loop
      vertex -32.2799506527481 -2 362.21990782822024
      vertex -32.28302247436105 3 362.36429335012315
      vertex -32.2799506527481 3 362.21990782822024
    endloop
  endfacet
  facet normal -0.963074315775616 0 -0.2692357002578395
    outer loop
      vertex -32.30416637808304 -2 362.50715534772434
      vertex -32.34304891192161 3 362.64624080198
      vertex -32.30416637808304 3 362.50715534772434
    endloop
  endfacet
  facet normal -0.921736006235051 0 -0.3878179145035178
    outer loop
      vertex -32.34304891192161 -2 362.64624080198
      vertex -32.399056875090835 3 362.77935625219084
      vertex -32.34304891192161 3 362.64624080198
    endloop
  endfacet
  facet normal -0.8658613692578633 0 -0.5002840085660327
    outer loop
      vertex -32.399056875090835 -2 362.77935625219084
      vertex -32.471306988554005 3 362.9044023881878
      vertex -32.399056875090835 3 362.77935625219084
    endloop
  endfacet
  facet normal -0.7142431684941208 0 -0.6998976327002964
    outer loop
      vertex -32.55865982486165 -2 363.01940715770724
      vertex -32.65973777760318 3 363.12255686683324
      vertex -32.55865982486165 3 363.01940715770724
    endloop
  endfacet
  facet normal -0.7963315812469972 0 -0.6048603249582974
    outer loop
      vertex -32.471306988554005 -2 362.9044023881878
      vertex -32.55865982486165 3 363.01940715770724
      vertex -32.471306988554005 3 362.9044023881878
    endloop
  endfacet
  facet normal -0.9892243680436211 0 -0.14640747818570815
    outer loop
      vertex -32.28302247436105 -2 362.36429335012315
      vertex -32.30416637808304 3 362.50715534772434
      vertex -32.28302247436105 3 362.36429335012315
    endloop
  endfacet
  facet normal -0.04154796327118943 0 -0.9991365105670075
    outer loop
      vertex -33.309125019699266 -2 363.41142752938157
      vertex -33.45341851103146 3 363.4174278112397
      vertex -33.309125019699266 3 363.41142752938157
    endloop
  endfacet
  facet normal -0.1664453548125194 0 -0.9860506801687906
    outer loop
      vertex -33.16672136037219 -2 363.38738979168716
      vertex -33.309125019699266 3 363.41142752938157
      vertex -33.16672136037219 3 363.38738979168716
    endloop
  endfacet
  facet normal -0.2887178036786415 0 -0.9574142415062467
    outer loop
      vertex -33.028453323825644 -2 363.34569368763937
      vertex -33.16672136037219 3 363.38738979168716
      vertex -33.028453323825644 3 363.34569368763937
    endloop
  endfacet
  facet normal -0.4064370003094731 0 -0.9136788083234926
    outer loop
      vertex -32.896501479593255 -2 363.286996789707
      vertex -33.028453323825644 3 363.34569368763937
      vertex -32.896501479593255 3 363.286996789707
    endloop
  endfacet
  facet normal -0.6208907143063432 0 -0.7838971366755709
    outer loop
      vertex -32.65973777760318 -2 363.12255686683324
      vertex -32.7729467870828 3 363.21222478303434
      vertex -32.65973777760318 3 363.12255686683324
    endloop
  endfacet
  facet normal -0.5177464426516384 0 -0.8555341145282133
    outer loop
      vertex -32.7729467870828 -2 363.21222478303434
      vertex -32.896501479593255 3 363.286996789707
      vertex -32.7729467870828 3 363.21222478303434
    endloop
  endfacet
  facet normal 0.28871780367858707 0 0.957414241506263
    outer loop
      vertex -33.69119391942813 4 361.1479861802769
      vertex -33.69119391942813 8 361.1479861802769
      vertex -33.82946195597471 4 361.1896822843247
    endloop
  endfacet
  facet normal 0.40643700030950963 0 0.9136788083234763
    outer loop
      vertex -33.96141380020708 4 361.24837918225705
      vertex -33.82946195597471 4 361.1896822843247
      vertex -33.82946195597471 8 361.1896822843247
    endloop
  endfacet
  facet normal 0.1664453548125194 0 0.9860506801687906
    outer loop
      vertex -33.69119391942813 4 361.1479861802769
      vertex -33.54879026010106 4 361.1239484425825
      vertex -33.54879026010106 8 361.1239484425825
    endloop
  endfacet
  facet normal 0.041547963271197606 0 0.9991365105670071
    outer loop
      vertex -33.54879026010106 4 361.1239484425825
      vertex -33.404496768768894 4 361.1179481607244
      vertex -33.404496768768894 8 361.1179481607244
    endloop
  endfacet
  facet normal 0.6208907143063432 0 0.7838971366755709
    outer loop
      vertex -34.19817750219714 4 361.41281910513084
      vertex -34.08496849271752 4 361.3231511889297
      vertex -34.08496849271752 8 361.3231511889297
    endloop
  endfacet
  facet normal 0.5177464426516819 0 0.8555341145281868
    outer loop
      vertex -34.08496849271752 4 361.3231511889297
      vertex -33.96141380020708 4 361.24837918225705
      vertex -33.96141380020708 8 361.24837918225705
    endloop
  endfacet
  facet normal 0.7142431684941208 0 0.6998976327002964
    outer loop
      vertex -34.299255454938674 4 361.51596881425684
      vertex -34.19817750219714 4 361.41281910513084
      vertex -34.19817750219714 8 361.41281910513084
    endloop
  endfacet
  facet normal 0.7963315812469024 0 0.6048603249584222
    outer loop
      vertex -34.38660829124635 4 361.63097358377627
      vertex -34.299255454938674 4 361.51596881425684
      vertex -34.299255454938674 8 361.51596881425684
    endloop
  endfacet
  facet normal -0.08400466447069058 0 0.9964653613383492
    outer loop
      vertex -33.404496768768894 4 361.1179481607244
      vertex -33.260589039986655 4 361.1300799627319
      vertex -33.260589039986655 8 361.1300799627319
    endloop
  endfacet
  facet normal -0.20823248847127399 0 0.9780793581019185
    outer loop
      vertex -33.260589039986655 4 361.1300799627319
      vertex -33.1193365846036 4 361.16015252284006
      vertex -33.1193365846036 8 361.16015252284006
    endloop
  endfacet
  facet normal -0.32917636173764003 0 0.9442684591116925
    outer loop
      vertex -33.1193365846036 4 361.16015252284006
      vertex -32.98296703822122 4 361.2076915788117
      vertex -32.98296703822122 8 361.2076915788117
    endloop
  endfacet
  facet normal -0.44492892713812515 0 0.8955658824428926
    outer loop
      vertex -32.98296703822122 4 361.2076915788117
      vertex -32.8536310300492 4 361.27194741133553
      vertex -32.8536310300492 8 361.27194741133553
    endloop
  endfacet
  facet normal -0.5536646975702422 0 0.832739696822754
    outer loop
      vertex -32.8536310300492 4 361.27194741133553
      vertex -32.733368266197985 4 361.3519066675481
      vertex -32.733368266197985 8 361.3519066675481
    endloop
  endfacet
  facet normal -0.653668844978259 0 0.7567807087292784
    outer loop
      vertex -32.733368266197985 4 361.3519066675481
      vertex -32.62407536229499 4 361.4463083422136
      vertex -32.62407536229499 8 361.4463083422136
    endloop
  endfacet
  facet normal -0.74336424421856 0 0.6688868367798615
    outer loop
      vertex -32.62407536229499 4 361.4463083422136
      vertex -32.527475932723206 4 361.55366366452984
      vertex -32.527475932723206 8 361.55366366452984
    endloop
  endfacet
  facet normal -0.8213363452627874 0 0.5704442198413158
    outer loop
      vertex -32.527475932723206 4 361.55366366452984
      vertex -32.44509340819266 4 361.67227957693274
      vertex -32.44509340819266 8 361.67227957693274
    endloop
  endfacet
  facet normal 0.28871780367858707 0 0.957414241506263
    outer loop
      vertex -33.82946195597471 4 361.1896822843247
      vertex -33.69119391942813 8 361.1479861802769
      vertex -33.82946195597471 8 361.1896822843247
    endloop
  endfacet
  facet normal 0.40643700030950963 0 0.9136788083234763
    outer loop
      vertex -33.96141380020708 4 361.24837918225705
      vertex -33.82946195597471 8 361.1896822843247
      vertex -33.96141380020708 8 361.24837918225705
    endloop
  endfacet
  facet normal 0.1664453548125194 0 0.9860506801687906
    outer loop
      vertex -33.69119391942813 4 361.1479861802769
      vertex -33.54879026010106 8 361.1239484425825
      vertex -33.69119391942813 8 361.1479861802769
    endloop
  endfacet
  facet normal 0.041547963271197606 0 0.9991365105670071
    outer loop
      vertex -33.54879026010106 4 361.1239484425825
      vertex -33.404496768768894 8 361.1179481607244
      vertex -33.54879026010106 8 361.1239484425825
    endloop
  endfacet
  facet normal 0.5177464426516819 0 0.8555341145281868
    outer loop
      vertex -34.08496849271752 4 361.3231511889297
      vertex -33.96141380020708 8 361.24837918225705
      vertex -34.08496849271752 8 361.3231511889297
    endloop
  endfacet
  facet normal 0.6208907143063432 0 0.7838971366755709
    outer loop
      vertex -34.19817750219714 4 361.41281910513084
      vertex -34.08496849271752 8 361.3231511889297
      vertex -34.19817750219714 8 361.41281910513084
    endloop
  endfacet
  facet normal 0.7142431684941208 0 0.6998976327002964
    outer loop
      vertex -34.299255454938674 4 361.51596881425684
      vertex -34.19817750219714 8 361.41281910513084
      vertex -34.299255454938674 8 361.51596881425684
    endloop
  endfacet
  facet normal 0.7963315812469024 0 0.6048603249584222
    outer loop
      vertex -34.38660829124635 4 361.63097358377627
      vertex -34.299255454938674 8 361.51596881425684
      vertex -34.38660829124635 8 361.63097358377627
    endloop
  endfacet
  facet normal -0.08400466447069058 0 0.9964653613383492
    outer loop
      vertex -33.404496768768894 4 361.1179481607244
      vertex -33.260589039986655 8 361.1300799627319
      vertex -33.404496768768894 8 361.1179481607244
    endloop
  endfacet
  facet normal -0.20823248847127399 0 0.9780793581019185
    outer loop
      vertex -33.260589039986655 4 361.1300799627319
      vertex -33.1193365846036 8 361.16015252284006
      vertex -33.260589039986655 8 361.1300799627319
    endloop
  endfacet
  facet normal -0.32917636173764003 0 0.9442684591116925
    outer loop
      vertex -33.1193365846036 4 361.16015252284006
      vertex -32.98296703822122 8 361.2076915788117
      vertex -33.1193365846036 8 361.16015252284006
    endloop
  endfacet
  facet normal -0.44492892713812515 0 0.8955658824428926
    outer loop
      vertex -32.98296703822122 4 361.2076915788117
      vertex -32.8536310300492 8 361.27194741133553
      vertex -32.98296703822122 8 361.2076915788117
    endloop
  endfacet
  facet normal -0.5536646975702422 0 0.832739696822754
    outer loop
      vertex -32.8536310300492 4 361.27194741133553
      vertex -32.733368266197985 8 361.3519066675481
      vertex -32.8536310300492 8 361.27194741133553
    endloop
  endfacet
  facet normal -0.653668844978259 0 0.7567807087292784
    outer loop
      vertex -32.733368266197985 4 361.3519066675481
      vertex -32.62407536229499 8 361.4463083422136
      vertex -32.733368266197985 8 361.3519066675481
    endloop
  endfacet
  facet normal -0.74336424421856 0 0.6688868367798615
    outer loop
      vertex -32.62407536229499 4 361.4463083422136
      vertex -32.527475932723206 8 361.55366366452984
      vertex -32.62407536229499 8 361.4463083422136
    endloop
  endfacet
  facet normal -0.8213363452627874 0 0.5704442198413158
    outer loop
      vertex -32.527475932723206 4 361.55366366452984
      vertex -32.44509340819266 8 361.67227957693274
      vertex -32.527475932723206 8 361.55366366452984
    endloop
  endfacet
  facet normal 0.9630743157756414 0 0.26923570025774823
    outer loop
      vertex -34.553748901717285 4 362.02822062423974
      vertex -34.514866367878724 4 361.88913516998406
      vertex -34.514866367878724 8 361.88913516998406
    endloop
  endfacet
  facet normal 0.9892243680436068 0 0.14640747818580443
    outer loop
      vertex -34.553748901717285 4 362.02822062423974
      vertex -34.553748901717285 8 362.02822062423974
      vertex -34.57489280543929 4 362.1710826218409
    endloop
  endfacet
  facet normal 0.9997737610936129 0 0.021270322722781877
    outer loop
      vertex -34.57489280543929 4 362.1710826218409
      vertex -34.57489280543929 8 362.1710826218409
      vertex -34.577964627052225 4 362.31546814374383
    endloop
  endfacet
  facet normal 0.9945561246952637 0 -0.10420227843545168
    outer loop
      vertex -34.56291592209429 4 362.4591001440164
      vertex -34.577964627052225 4 362.31546814374383
      vertex -34.577964627052225 8 362.31546814374383
    endloop
  endfacet
  facet normal 0.8658613692579058 0 0.5002840085659589
    outer loop
      vertex -34.4588584047095 4 361.75601971977324
      vertex -34.38660829124635 4 361.63097358377627
      vertex -34.38660829124635 8 361.63097358377627
    endloop
  endfacet
  facet normal 0.9217360062350511 0 0.3878179145035178
    outer loop
      vertex -34.514866367878724 4 361.88913516998406
      vertex -34.4588584047095 4 361.75601971977324
      vertex -34.4588584047095 8 361.75601971977324
    endloop
  endfacet
  facet normal 0.973653744091396 0 -0.2280315474157166
    outer loop
      vertex -34.56291592209429 4 362.4591001440164
      vertex -34.56291592209429 8 362.4591001440164
      vertex -34.52998401763229 4 362.5997134602127
    endloop
  endfacet
  facet normal 0.937396262310703 0 -0.3482646226735119
    outer loop
      vertex -34.52998401763229 4 362.5997134602127
      vertex -34.52998401763229 8 362.5997134602127
      vertex -34.47968826947219 4 362.7350905363379
    endloop
  endfacet
  facet normal 0.8863554814999699 0 -0.4630053567886192
    outer loop
      vertex -34.47968826947219 4 362.7350905363379
      vertex -34.47968826947219 8 362.7350905363379
      vertex -34.41282187160766 4 362.86309639503133
    endloop
  endfacet
  facet normal 0.8213363452628335 0 -0.5704442198412494
    outer loop
      vertex -34.41282187160766 4 362.86309639503133
      vertex -34.41282187160766 8 362.86309639503133
      vertex -34.33043934707713 4 362.98171230743424
    endloop
  endfacet
  facet normal 0.74336424421856 0 -0.6688868367798615
    outer loop
      vertex -34.33043934707713 4 362.98171230743424
      vertex -34.33043934707713 8 362.98171230743424
      vertex -34.23383991750535 4 363.08906762975045
    endloop
  endfacet
  facet normal 0.6536688449783077 0 -0.7567807087292364
    outer loop
      vertex -34.23383991750535 4 363.08906762975045
      vertex -34.23383991750535 8 363.08906762975045
      vertex -34.12454701360237 4 363.18346930441595
    endloop
  endfacet
  facet normal 0.5536646975701514 0 -0.8327396968228142
    outer loop
      vertex -34.12454701360237 4 363.18346930441595
      vertex -34.12454701360237 8 363.18346930441595
      vertex -34.00428424975112 4 363.26342856062854
    endloop
  endfacet
  facet normal 0.44492892713812515 0 -0.8955658824428926
    outer loop
      vertex -34.00428424975112 4 363.26342856062854
      vertex -34.00428424975112 8 363.26342856062854
      vertex -33.874948241579105 4 363.32768439315237
    endloop
  endfacet
  facet normal 0.32917636173728904 0 -0.9442684591118149
    outer loop
      vertex -33.874948241579105 4 363.32768439315237
      vertex -33.874948241579105 8 363.32768439315237
      vertex -33.73857869519672 4 363.37522344912395
    endloop
  endfacet
  facet normal 0.20823248847167053 0 -0.978079358101834
    outer loop
      vertex -33.73857869519672 4 363.37522344912395
      vertex -33.73857869519672 8 363.37522344912395
      vertex -33.59732623981368 4 363.4052960092322
    endloop
  endfacet
  facet normal 0.0840046644706988 0 -0.9964653613383485
    outer loop
      vertex -33.59732623981368 4 363.4052960092322
      vertex -33.59732623981368 8 363.4052960092322
      vertex -33.45341851103146 4 363.4174278112397
    endloop
  endfacet
  facet normal -0.8863554815000103 0 0.4630053567885419
    outer loop
      vertex -32.44509340819266 4 361.67227957693274
      vertex -32.378227010328146 4 361.80028543562617
      vertex -32.378227010328146 8 361.80028543562617
    endloop
  endfacet
  facet normal -0.937396262310671 0 0.34826462267359837
    outer loop
      vertex -32.378227010328146 4 361.80028543562617
      vertex -32.327931262168036 4 361.9356625117514
      vertex -32.327931262168036 8 361.9356625117514
    endloop
  endfacet
  facet normal -0.973653744091418 0 0.22803154741562334
    outer loop
      vertex -32.327931262168036 4 361.9356625117514
      vertex -32.29499935770605 4 362.07627582794765
      vertex -32.29499935770605 8 362.07627582794765
    endloop
  endfacet
  facet normal -0.9945561246952533 0 0.104202278435549
    outer loop
      vertex -32.29499935770605 4 362.07627582794765
      vertex -32.2799506527481 4 362.21990782822024
      vertex -32.2799506527481 8 362.21990782822024
    endloop
  endfacet
  facet normal -0.9997737610936107 0 -0.021270322722880233
    outer loop
      vertex -32.28302247436105 4 362.36429335012315
      vertex -32.28302247436105 8 362.36429335012315
      vertex -32.2799506527481 4 362.21990782822024
    endloop
  endfacet
  facet normal -0.9630743157756159 0 -0.2692357002578395
    outer loop
      vertex -32.34304891192161 4 362.64624080198
      vertex -32.34304891192161 8 362.64624080198
      vertex -32.30416637808304 4 362.50715534772434
    endloop
  endfacet
  facet normal -0.9217360062350511 0 -0.3878179145035178
    outer loop
      vertex -32.399056875090835 4 362.77935625219084
      vertex -32.399056875090835 8 362.77935625219084
      vertex -32.34304891192161 4 362.64624080198
    endloop
  endfacet
  facet normal -0.8658613692578632 0 -0.5002840085660327
    outer loop
      vertex -32.471306988554005 4 362.9044023881878
      vertex -32.471306988554005 8 362.9044023881878
      vertex -32.399056875090835 4 362.77935625219084
    endloop
  endfacet
  facet normal -0.7142431684941208 0 -0.6998976327002964
    outer loop
      vertex -32.65973777760318 4 363.12255686683324
      vertex -32.65973777760318 8 363.12255686683324
      vertex -32.55865982486165 4 363.01940715770724
    endloop
  endfacet
  facet normal -0.7963315812469971 0 -0.6048603249582973
    outer loop
      vertex -32.55865982486165 4 363.01940715770724
      vertex -32.55865982486165 8 363.01940715770724
      vertex -32.471306988554005 4 362.9044023881878
    endloop
  endfacet
  facet normal -0.989224368043621 0 -0.14640747818570812
    outer loop
      vertex -32.30416637808304 4 362.50715534772434
      vertex -32.30416637808304 8 362.50715534772434
      vertex -32.28302247436105 4 362.36429335012315
    endloop
  endfacet
  facet normal -0.04154796327118944 0 -0.9991365105670075
    outer loop
      vertex -33.45341851103146 4 363.4174278112397
      vertex -33.45341851103146 8 363.4174278112397
      vertex -33.309125019699266 4 363.41142752938157
    endloop
  endfacet
  facet normal -0.1664453548125194 0 -0.9860506801687906
    outer loop
      vertex -33.309125019699266 4 363.41142752938157
      vertex -33.309125019699266 8 363.41142752938157
      vertex -33.16672136037219 4 363.38738979168716
    endloop
  endfacet
  facet normal -0.28871780367864147 0 -0.9574142415062465
    outer loop
      vertex -33.16672136037219 4 363.38738979168716
      vertex -33.16672136037219 8 363.38738979168716
      vertex -33.028453323825644 4 363.34569368763937
    endloop
  endfacet
  facet normal -0.4064370003094731 0 -0.9136788083234925
    outer loop
      vertex -33.028453323825644 4 363.34569368763937
      vertex -33.028453323825644 8 363.34569368763937
      vertex -32.896501479593255 4 363.286996789707
    endloop
  endfacet
  facet normal -0.6208907143063432 0 -0.7838971366755709
    outer loop
      vertex -32.7729467870828 4 363.21222478303434
      vertex -32.7729467870828 8 363.21222478303434
      vertex -32.65973777760318 4 363.12255686683324
    endloop
  endfacet
  facet normal -0.5177464426516383 0 -0.8555341145282132
    outer loop
      vertex -32.896501479593255 4 363.286996789707
      vertex -32.896501479593255 8 363.286996789707
      vertex -32.7729467870828 4 363.21222478303434
    endloop
  endfacet
  facet normal 0.9630743157756414 0 0.26923570025774823
    outer loop
      vertex -34.553748901717285 4 362.02822062423974
      vertex -34.514866367878724 8 361.88913516998406
      vertex -34.553748901717285 8 362.02822062423974
    endloop
  endfacet
  facet normal 0.9892243680436068 0 0.14640747818580443
    outer loop
      vertex -34.57489280543929 4 362.1710826218409
      vertex -34.553748901717285 8 362.02822062423974
      vertex -34.57489280543929 8 362.1710826218409
    endloop
  endfacet
  facet normal 0.9997737610936129 0 0.021270322722781877
    outer loop
      vertex -34.577964627052225 4 362.31546814374383
      vertex -34.57489280543929 8 362.1710826218409
      vertex -34.577964627052225 8 362.31546814374383
    endloop
  endfacet
  facet normal 0.8658613692579058 0 0.5002840085659589
    outer loop
      vertex -34.4588584047095 4 361.75601971977324
      vertex -34.38660829124635 8 361.63097358377627
      vertex -34.4588584047095 8 361.75601971977324
    endloop
  endfacet
  facet normal 0.9217360062350511 0 0.3878179145035178
    outer loop
      vertex -34.514866367878724 4 361.88913516998406
      vertex -34.4588584047095 8 361.75601971977324
      vertex -34.514866367878724 8 361.88913516998406
    endloop
  endfacet
  facet normal 0.9945561246952637 0 -0.10420227843545168
    outer loop
      vertex -34.56291592209429 4 362.4591001440164
      vertex -34.577964627052225 8 362.31546814374383
      vertex -34.56291592209429 8 362.4591001440164
    endloop
  endfacet
  facet normal 0.973653744091396 0 -0.2280315474157166
    outer loop
      vertex -34.52998401763229 4 362.5997134602127
      vertex -34.56291592209429 8 362.4591001440164
      vertex -34.52998401763229 8 362.5997134602127
    endloop
  endfacet
  facet normal 0.937396262310703 0 -0.3482646226735119
    outer loop
      vertex -34.47968826947219 4 362.7350905363379
      vertex -34.52998401763229 8 362.5997134602127
      vertex -34.47968826947219 8 362.7350905363379
    endloop
  endfacet
  facet normal 0.8863554814999699 0 -0.4630053567886192
    outer loop
      vertex -34.41282187160766 4 362.86309639503133
      vertex -34.47968826947219 8 362.7350905363379
      vertex -34.41282187160766 8 362.86309639503133
    endloop
  endfacet
  facet normal 0.8213363452628335 0 -0.5704442198412494
    outer loop
      vertex -34.33043934707713 4 362.98171230743424
      vertex -34.41282187160766 8 362.86309639503133
      vertex -34.33043934707713 8 362.98171230743424
    endloop
  endfacet
  facet normal 0.74336424421856 0 -0.6688868367798615
    outer loop
      vertex -34.23383991750535 4 363.08906762975045
      vertex -34.33043934707713 8 362.98171230743424
      vertex -34.23383991750535 8 363.08906762975045
    endloop
  endfacet
  facet normal 0.6536688449783077 0 -0.7567807087292364
    outer loop
      vertex -34.12454701360237 4 363.18346930441595
      vertex -34.23383991750535 8 363.08906762975045
      vertex -34.12454701360237 8 363.18346930441595
    endloop
  endfacet
  facet normal 0.5536646975701514 0 -0.8327396968228142
    outer loop
      vertex -34.00428424975112 4 363.26342856062854
      vertex -34.12454701360237 8 363.18346930441595
      vertex -34.00428424975112 8 363.26342856062854
    endloop
  endfacet
  facet normal 0.44492892713812515 0 -0.8955658824428926
    outer loop
      vertex -33.874948241579105 4 363.32768439315237
      vertex -34.00428424975112 8 363.26342856062854
      vertex -33.874948241579105 8 363.32768439315237
    endloop
  endfacet
  facet normal 0.32917636173728904 0 -0.9442684591118149
    outer loop
      vertex -33.73857869519672 4 363.37522344912395
      vertex -33.874948241579105 8 363.32768439315237
      vertex -33.73857869519672 8 363.37522344912395
    endloop
  endfacet
  facet normal 0.20823248847167053 0 -0.978079358101834
    outer loop
      vertex -33.59732623981368 4 363.4052960092322
      vertex -33.73857869519672 8 363.37522344912395
      vertex -33.59732623981368 8 363.4052960092322
    endloop
  endfacet
  facet normal 0.0840046644706988 0 -0.9964653613383485
    outer loop
      vertex -33.45341851103146 4 363.4174278112397
      vertex -33.59732623981368 8 363.4052960092322
      vertex -33.45341851103146 8 363.4174278112397
    endloop
  endfacet
  facet normal -0.8863554815000103 0 0.4630053567885419
    outer loop
      vertex -32.44509340819266 4 361.67227957693274
      vertex -32.378227010328146 8 361.80028543562617
      vertex -32.44509340819266 8 361.67227957693274
    endloop
  endfacet
  facet normal -0.937396262310671 0 0.34826462267359837
    outer loop
      vertex -32.378227010328146 4 361.80028543562617
      vertex -32.327931262168036 8 361.9356625117514
      vertex -32.378227010328146 8 361.80028543562617
    endloop
  endfacet
  facet normal -0.973653744091418 0 0.22803154741562334
    outer loop
      vertex -32.327931262168036 4 361.9356625117514
      vertex -32.29499935770605 8 362.07627582794765
      vertex -32.327931262168036 8 361.9356625117514
    endloop
  endfacet
  facet normal -0.9945561246952533 0 0.104202278435549
    outer loop
      vertex -32.29499935770605 4 362.07627582794765
      vertex -32.2799506527481 8 362.21990782822024
      vertex -32.29499935770605 8 362.07627582794765
    endloop
  endfacet
  facet normal -0.9997737610936107 0 -0.021270322722880233
    outer loop
      vertex -32.2799506527481 4 362.21990782822024
      vertex -32.28302247436105 8 362.36429335012315
      vertex -32.2799506527481 8 362.21990782822024
    endloop
  endfacet
  facet normal -0.9630743157756159 0 -0.2692357002578395
    outer loop
      vertex -32.30416637808304 4 362.50715534772434
      vertex -32.34304891192161 8 362.64624080198
      vertex -32.30416637808304 8 362.50715534772434
    endloop
  endfacet
  facet normal -0.9217360062350511 0 -0.3878179145035178
    outer loop
      vertex -32.34304891192161 4 362.64624080198
      vertex -32.399056875090835 8 362.77935625219084
      vertex -32.34304891192161 8 362.64624080198
    endloop
  endfacet
  facet normal -0.8658613692578632 0 -0.5002840085660327
    outer loop
      vertex -32.399056875090835 4 362.77935625219084
      vertex -32.471306988554005 8 362.9044023881878
      vertex -32.399056875090835 8 362.77935625219084
    endloop
  endfacet
  facet normal -0.7142431684941208 0 -0.6998976327002964
    outer loop
      vertex -32.55865982486165 4 363.01940715770724
      vertex -32.65973777760318 8 363.12255686683324
      vertex -32.55865982486165 8 363.01940715770724
    endloop
  endfacet
  facet normal -0.7963315812469971 0 -0.6048603249582973
    outer loop
      vertex -32.471306988554005 4 362.9044023881878
      vertex -32.55865982486165 8 363.01940715770724
      vertex -32.471306988554005 8 362.9044023881878
    endloop
  endfacet
  facet normal -0.989224368043621 0 -0.14640747818570812
    outer loop
      vertex -32.28302247436105 4 362.36429335012315
      vertex -32.30416637808304 8 362.50715534772434
      vertex -32.28302247436105 8 362.36429335012315
    endloop
  endfacet
  facet normal -0.04154796327118944 0 -0.9991365105670075
    outer loop
      vertex -33.309125019699266 4 363.41142752938157
      vertex -33.45341851103146 8 363.4174278112397
      vertex -33.309125019699266 8 363.41142752938157
    endloop
  endfacet
  facet normal -0.1664453548125194 0 -0.9860506801687906
    outer loop
      vertex -33.16672136037219 4 363.38738979168716
      vertex -33.309125019699266 8 363.41142752938157
      vertex -33.16672136037219 8 363.38738979168716
    endloop
  endfacet
  facet normal -0.28871780367864147 0 -0.9574142415062465
    outer loop
      vertex -33.028453323825644 4 363.34569368763937
      vertex -33.16672136037219 8 363.38738979168716
      vertex -33.028453323825644 8 363.34569368763937
    endloop
  endfacet
  facet normal -0.4064370003094731 0 -0.9136788083234925
    outer loop
      vertex -32.896501479593255 4 363.286996789707
      vertex -33.028453323825644 8 363.34569368763937
      vertex -32.896501479593255 8 363.286996789707
    endloop
  endfacet
  facet normal -0.6208907143063432 0 -0.7838971366755709
    outer loop
      vertex -32.65973777760318 4 363.12255686683324
      vertex -32.7729467870828 8 363.21222478303434
      vertex -32.65973777760318 8 363.12255686683324
    endloop
  endfacet
  facet normal -0.5177464426516383 0 -0.8555341145282132
    outer loop
      vertex -32.7729467870828 4 363.21222478303434
      vertex -32.896501479593255 8 363.286996789707
      vertex -32.7729467870828 8 363.21222478303434
    endloop
  endfacet
  facet normal 0 1 0
    outer loop
      vertex -33.90782388947299 8 360.22301512339004
      vertex -33.69119391942813 8 361.1479861802769
      vertex -33.64778242461486 8 360.179120124122
    endloop
  endfacet
  facet normal 0 1 0
    outer loop
      vertex -33.64778242461486 8 360.179120124122
      vertex -33.54879026010106 8 361.1239484425825
      vertex -33.38428996218218 8 360.16816308768546
    endloop
  endfacet
  facet normal 0 1 0
    outer loop
      vertex -34.401268889156256 8 360.4063414748321
      vertex -34.08496849271752 8 361.3231511889297
      vertex -34.16031334751452 8 360.29915583512957
    endloop
  endfacet
  facet normal 0 1 0
    outer loop
      vertex -34.626890501566635 8 360.54288166093
      vertex -34.299255454938674 8 361.51596881425684
      vertex -34.401268889156256 8 360.4063414748321
    endloop
  endfacet
  facet normal 0 1 0
    outer loop
      vertex -34.16031334751452 8 360.29915583512957
      vertex -33.82946195597471 8 361.1896822843247
      vertex -33.90782388947299 8 360.22301512339004
    endloop
  endfacet
  facet normal 0 1 0
    outer loop
      vertex -33.90782388947299 8 360.22301512339004
      vertex -33.82946195597471 8 361.1896822843247
      vertex -33.69119391942813 8 361.1479861802769
    endloop
  endfacet
  facet normal 0 1 0
    outer loop
      vertex -33.54879026010106 8 361.1239484425825
      vertex -33.404496768768894 8 361.1179481607244
      vertex -33.38428996218218 8 360.16816308768546
    endloop
  endfacet
  facet normal 0 1 0
    outer loop
      vertex -33.64778242461486 8 360.179120124122
      vertex -33.69119391942813 8 361.1479861802769
      vertex -33.54879026010106 8 361.1239484425825
    endloop
  endfacet
  facet normal 0 1 0
    outer loop
      vertex -34.83361999713814 8 360.7066230731233
      vertex -34.514866367878724 8 361.88913516998406
      vertex -34.626890501566635 8 360.54288166093
    endloop
  endfacet
  facet normal 0 1 0
    outer loop
      vertex -34.626890501566635 8 360.54288166093
      vertex -34.514866367878724 8 361.88913516998406
      vertex -34.4588584047095 8 361.75601971977324
    endloop
  endfacet
  facet normal 0 1 0
    outer loop
      vertex -34.83361999713814 8 360.7066230731233
      vertex -34.553748901717285 8 362.02822062423974
      vertex -34.514866367878724 8 361.88913516998406
    endloop
  endfacet
  facet normal 0 1 0
    outer loop
      vertex -34.83361999713814 8 360.7066230731233
      vertex -34.57489280543929 8 362.1710826218409
      vertex -34.553748901717285 8 362.02822062423974
    endloop
  endfacet
  facet normal 0 1 0
    outer loop
      vertex -34.16031334751452 8 360.29915583512957
      vertex -33.96141380020708 8 361.24837918225705
      vertex -33.82946195597471 8 361.1896822843247
    endloop
  endfacet
  facet normal 0 1 0
    outer loop
      vertex -34.16031334751452 8 360.29915583512957
      vertex -34.08496849271752 8 361.3231511889297
      vertex -33.96141380020708 8 361.24837918225705
    endloop
  endfacet
  facet normal 0 1 0
    outer loop
      vertex -34.401268889156256 8 360.4063414748321
      vertex -34.19817750219714 8 361.41281910513084
      vertex -34.08496849271752 8 361.3231511889297
    endloop
  endfacet
  facet normal 0 1 0
    outer loop
      vertex -34.401268889156256 8 360.4063414748321
      vertex -34.299255454938674 8 361.51596881425684
      vertex -34.19817750219714 8 361.41281910513084
    endloop
  endfacet
  facet normal 0 1 0
    outer loop
      vertex -34.626890501566635 8 360.54288166093
      vertex -34.38660829124635 8 361.63097358377627
      vertex -34.299255454938674 8 361.51596881425684
    endloop
  endfacet
  facet normal 0 1 0
    outer loop
      vertex -34.626890501566635 8 360.54288166093
      vertex -34.4588584047095 8 361.75601971977324
      vertex -34.38660829124635 8 361.63097358377627
    endloop
  endfacet
  facet normal 0 1 0
    outer loop
      vertex -33.38428996218218 8 360.16816308768546
      vertex -33.260589039986655 8 361.1300799627319
      vertex -33.121501935710285 8 360.1903168130904
    endloop
  endfacet
  facet normal 0 1 0
    outer loop
      vertex -33.121501935710285 8 360.1903168130904
      vertex -32.98296703822122 8 361.2076915788117
      vertex -32.86356266935863 8 360.24523192285324
    endloop
  endfacet
  facet normal 0 1 0
    outer loop
      vertex -33.38428996218218 8 360.16816308768546
      vertex -33.404496768768894 8 361.1179481607244
      vertex -33.260589039986655 8 361.1300799627319
    endloop
  endfacet
  facet normal 0 1 0
    outer loop
      vertex -33.260589039986655 8 361.1300799627319
      vertex -33.1193365846036 8 361.16015252284006
      vertex -33.121501935710285 8 360.1903168130904
    endloop
  endfacet
  facet normal 0 1 0
    outer loop
      vertex -33.121501935710285 8 360.1903168130904
      vertex -33.1193365846036 8 361.16015252284006
      vertex -32.98296703822122 8 361.2076915788117
    endloop
  endfacet
  facet normal 0 1 0
    outer loop
      vertex -32.86356266935863 8 360.24523192285324
      vertex -32.733368266197985 8 361.3519066675481
      vertex -32.61454001944297 8 360.33204237288834
    endloop
  endfacet
  facet normal 0 1 0
    outer loop
      vertex -32.61454001944297 8 360.33204237288834
      vertex -32.378227010328146 8 361.80028543562617
      vertex -32.37836122191145 8 360.4493791105406
    endloop
  endfacet
  facet normal 0 1 0
    outer loop
      vertex -32.86356266935863 8 360.24523192285324
      vertex -32.98296703822122 8 361.2076915788117
      vertex -32.8536310300492 8 361.27194741133553
    endloop
  endfacet
  facet normal 0 1 0
    outer loop
      vertex -32.86356266935863 8 360.24523192285324
      vertex -32.8536310300492 8 361.27194741133553
      vertex -32.733368266197985 8 361.3519066675481
    endloop
  endfacet
  facet normal 0 1 0
    outer loop
      vertex -32.61454001944297 8 360.33204237288834
      vertex -32.733368266197985 8 361.3519066675481
      vertex -32.62407536229499 8 361.4463083422136
    endloop
  endfacet
  facet normal 0 1 0
    outer loop
      vertex -32.61454001944297 8 360.33204237288834
      vertex -32.62407536229499 8 361.4463083422136
      vertex -32.527475932723206 8 361.55366366452984
    endloop
  endfacet
  facet normal 0 1 0
    outer loop
      vertex -32.61454001944297 8 360.33204237288834
      vertex -32.527475932723206 8 361.55366366452984
      vertex -32.44509340819266 8 361.67227957693274
    endloop
  endfacet
  facet normal 0 1 0
    outer loop
      vertex -32.61454001944297 8 360.33204237288834
      vertex -32.44509340819266 8 361.67227957693274
      vertex -32.378227010328146 8 361.80028543562617
    endloop
  endfacet
  facet normal 0 1 0
    outer loop
      vertex -32.37836122191145 8 360.4493791105406
      vertex -32.378227010328146 8 361.80028543562617
      vertex -32.327931262168036 8 361.9356625117514
    endloop
  endfacet
  facet normal 0 1 0
    outer loop
      vertex -32.37836122191145 8 360.4493791105406
      vertex -32.327931262168036 8 361.9356625117514
      vertex -32.29499935770605 8 362.07627582794765
    endloop
  endfacet
  facet normal 0 1 0
    outer loop
      vertex -32.37836122191145 8 360.4493791105406
      vertex -32.29499935770605 8 362.07627582794765
      vertex -32.2799506527481 8 362.21990782822024
    endloop
  endfacet
  facet normal 0 1 0
    outer loop
      vertex -32.37836122191145 8 360.4493791105406
      vertex -31.839718151568974 8 363.6403925604367
      vertex -32.158750957487456 8 360.59539166536354
    endloop
  endfacet
  facet normal 0 1 0
    outer loop
      vertex -32.158750957487456 8 360.59539166536354
      vertex -31.68020427657237 8 363.43038385087954
      vertex -31.959172611229818 8 360.7677773321441
    endloop
  endfacet
  facet normal 0 1 0
    outer loop
      vertex -34.83361999713814 8 360.7066230731233
      vertex -34.577964627052225 8 362.31546814374383
      vertex -34.57489280543929 8 362.1710826218409
    endloop
  endfacet
  facet normal 0 1 0
    outer loop
      vertex -35.177711003227955 8 361.10499212108454
      vertex -34.69916432231287 8 363.93998430660054
      vertex -35.01819712823138 8 360.89498341152733
    endloop
  endfacet
  facet normal 0 1 0
    outer loop
      vertex -35.01819712823138 8 360.89498341152733
      vertex -34.479554057888905 8 364.0859968614235
      vertex -34.83361999713814 8 360.7066230731233
    endloop
  endfacet
  facet normal 0 1 0
    outer loop
      vertex -35.177711003227955 8 361.10499212108454
      vertex -35.30964599303026 8 361.333337238992
      vertex -34.898742668570506 8 363.76759863982
    endloop
  endfacet
  facet normal 0 1 0
    outer loop
      vertex -35.41192140403493 8 361.5764176263336
      vertex -35.07514162691899 8 363.5715584860252
      vertex -35.30964599303026 8 361.333337238992
    endloop
  endfacet
  facet normal 0 1 0
    outer loop
      vertex -35.48292429191406 8 361.8303997601917
      vertex -35.225579280409534 8 363.3549555155503
      vertex -35.41192140403493 8 361.5764176263336
    endloop
  endfacet
  facet normal 0 1 0
    outer loop
      vertex -35.521534898710726 8 362.09127819059387
      vertex -35.347683137379505 8 363.1212056866319
      vertex -35.48292429191406 8 361.8303997601917
    endloop
  endfacet
  facet normal 0 1 0
    outer loop
      vertex -34.83361999713814 8 360.7066230731233
      vertex -34.479554057888905 8 364.0859968614235
      vertex -34.577964627052225 8 362.31546814374383
    endloop
  endfacet
  facet normal 0 1 0
    outer loop
      vertex -35.521534898710726 8 362.09127819059387
      vertex -35.52714431209088 8 362.3549387088514
      vertex -35.43952754706318 8 362.87399537370754
    endloop
  endfacet
  facet normal 0 1 0
    outer loop
      vertex -35.49966406825463 8 362.61722323108825
      vertex -35.43952754706318 8 362.87399537370754
      vertex -35.52714431209088 8 362.3549387088514
    endloop
  endfacet
  facet normal 0 1 0
    outer loop
      vertex -35.521534898710726 8 362.09127819059387
      vertex -35.43952754706318 8 362.87399537370754
      vertex -35.347683137379505 8 363.1212056866319
    endloop
  endfacet
  facet normal 0 1 0
    outer loop
      vertex -35.48292429191406 8 361.8303997601917
      vertex -35.347683137379505 8 363.1212056866319
      vertex -35.225579280409534 8 363.3549555155503
    endloop
  endfacet
  facet normal 0 1 0
    outer loop
      vertex -35.41192140403493 8 361.5764176263336
      vertex -35.225579280409534 8 363.3549555155503
      vertex -35.07514162691899 8 363.5715584860252
    endloop
  endfacet
  facet normal 0 1 0
    outer loop
      vertex -35.30964599303026 8 361.333337238992
      vertex -35.07514162691899 8 363.5715584860252
      vertex -34.898742668570506 8 363.76759863982
    endloop
  endfacet
  facet normal 0 1 0
    outer loop
      vertex -35.177711003227955 8 361.10499212108454
      vertex -34.898742668570506 8 363.76759863982
      vertex -34.69916432231287 8 363.93998430660054
    endloop
  endfacet
  facet normal 0 1 0
    outer loop
      vertex -35.01819712823138 8 360.89498341152733
      vertex -34.69916432231287 8 363.93998430660054
      vertex -34.479554057888905 8 364.0859968614235
    endloop
  endfacet
  facet normal 0 1 0
    outer loop
      vertex -34.56291592209429 8 362.4591001440164
      vertex -34.577964627052225 8 362.31546814374383
      vertex -34.479554057888905 8 364.0859968614235
    endloop
  endfacet
  facet normal 0 1 0
    outer loop
      vertex -34.56291592209429 8 362.4591001440164
      vertex -34.479554057888905 8 364.0859968614235
      vertex -34.52998401763229 8 362.5997134602127
    endloop
  endfacet
  facet normal 0 1 0
    outer loop
      vertex -34.52998401763229 8 362.5997134602127
      vertex -34.479554057888905 8 364.0859968614235
      vertex -34.47968826947219 8 362.7350905363379
    endloop
  endfacet
  facet normal 0 1 0
    outer loop
      vertex -34.47968826947219 8 362.7350905363379
      vertex -34.24337526035737 8 364.20333359907573
      vertex -34.41282187160766 8 362.86309639503133
    endloop
  endfacet
  facet normal 0 1 0
    outer loop
      vertex -34.41282187160766 8 362.86309639503133
      vertex -34.24337526035737 8 364.20333359907573
      vertex -34.33043934707713 8 362.98171230743424
    endloop
  endfacet
  facet normal 0 1 0
    outer loop
      vertex -34.33043934707713 8 362.98171230743424
      vertex -34.24337526035737 8 364.20333359907573
      vertex -34.23383991750535 8 363.08906762975045
    endloop
  endfacet
  facet normal 0 1 0
    outer loop
      vertex -34.23383991750535 8 363.08906762975045
      vertex -34.24337526035737 8 364.20333359907573
      vertex -34.12454701360237 8 363.18346930441595
    endloop
  endfacet
  facet normal 0 1 0
    outer loop
      vertex -34.12454701360237 8 363.18346930441595
      vertex -33.99435261044171 8 364.2901440491108
      vertex -34.00428424975112 8 363.26342856062854
    endloop
  endfacet
  facet normal 0 1 0
    outer loop
      vertex -34.47968826947219 8 362.7350905363379
      vertex -34.479554057888905 8 364.0859968614235
      vertex -34.24337526035737 8 364.20333359907573
    endloop
  endfacet
  facet normal 0 1 0
    outer loop
      vertex -34.00428424975112 8 363.26342856062854
      vertex -33.99435261044171 8 364.2901440491108
      vertex -33.874948241579105 8 363.32768439315237
    endloop
  endfacet
  facet normal 0 1 0
    outer loop
      vertex -33.874948241579105 8 363.32768439315237
      vertex -33.73641334409004 8 364.34505915887365
      vertex -33.73857869519672 8 363.37522344912395
    endloop
  endfacet
  facet normal 0 1 0
    outer loop
      vertex -33.73857869519672 8 363.37522344912395
      vertex -33.73641334409004 8 364.34505915887365
      vertex -33.59732623981368 8 363.4052960092322
    endloop
  endfacet
  facet normal 0 1 0
    outer loop
      vertex -33.59732623981368 8 363.4052960092322
      vertex -33.47362531761816 8 364.3672128842786
      vertex -33.45341851103146 8 363.4174278112397
    endloop
  endfacet
  facet normal 0 1 0
    outer loop
      vertex -34.24337526035737 8 364.20333359907573
      vertex -33.99435261044171 8 364.2901440491108
      vertex -34.12454701360237 8 363.18346930441595
    endloop
  endfacet
  facet normal 0 1 0
    outer loop
      vertex -33.99435261044171 8 364.2901440491108
      vertex -33.73641334409004 8 364.34505915887365
      vertex -33.874948241579105 8 363.32768439315237
    endloop
  endfacet
  facet normal 0 1 0
    outer loop
      vertex -33.73641334409004 8 364.34505915887365
      vertex -33.47362531761816 8 364.3672128842786
      vertex -33.59732623981368 8 363.4052960092322
    endloop
  endfacet
  facet normal 0 1 0
    outer loop
      vertex -31.959172611229818 8 360.7677773321441
      vertex -31.548269286770065 8 363.202038732972
      vertex -31.782773652881332 8 360.9638174859389
    endloop
  endfacet
  facet normal 0 1 0
    outer loop
      vertex -31.782773652881332 8 360.9638174859389
      vertex -31.445993875765396 8 362.9589583456305
      vertex -31.632335999390804 8 361.1804204564138
    endloop
  endfacet
  facet normal 0 1 0
    outer loop
      vertex -31.632335999390804 8 361.1804204564138
      vertex -31.374990987886278 8 362.70497621177236
      vertex -31.510232142420833 8 361.41417028533215
    endloop
  endfacet
  facet normal 0 1 0
    outer loop
      vertex -31.510232142420833 8 361.41417028533215
      vertex -31.33638038108961 8 362.4440977813702
      vertex -31.41838773273716 8 361.6613805982565
    endloop
  endfacet
  facet normal 0 1 0
    outer loop
      vertex -31.41838773273716 8 361.6613805982565
      vertex -31.33077096770944 8 362.18043726311265
      vertex -31.358251211545706 8 361.9181527408758
    endloop
  endfacet
  facet normal 0 1 0
    outer loop
      vertex -32.37836122191145 8 360.4493791105406
      vertex -32.2799506527481 8 362.21990782822024
      vertex -32.024295282662194 8 363.8287528988408
    endloop
  endfacet
  facet normal 0 1 0
    outer loop
      vertex -31.41838773273716 8 361.6613805982565
      vertex -31.33638038108961 8 362.4440977813702
      vertex -31.33077096770944 8 362.18043726311265
    endloop
  endfacet
  facet normal 0 1 0
    outer loop
      vertex -31.510232142420833 8 361.41417028533215
      vertex -31.374990987886278 8 362.70497621177236
      vertex -31.33638038108961 8 362.4440977813702
    endloop
  endfacet
  facet normal 0 1 0
    outer loop
      vertex -31.632335999390804 8 361.1804204564138
      vertex -31.445993875765396 8 362.9589583456305
      vertex -31.374990987886278 8 362.70497621177236
    endloop
  endfacet
  facet normal 0 1 0
    outer loop
      vertex -32.158750957487456 8 360.59539166536354
      vertex -31.839718151568974 8 363.6403925604367
      vertex -31.68020427657237 8 363.43038385087954
    endloop
  endfacet
  facet normal 0 1 0
    outer loop
      vertex -32.37836122191145 8 360.4493791105406
      vertex -32.024295282662194 8 363.8287528988408
      vertex -31.839718151568974 8 363.6403925604367
    endloop
  endfacet
  facet normal 0 1 0
    outer loop
      vertex -31.782773652881332 8 360.9638174859389
      vertex -31.548269286770065 8 363.202038732972
      vertex -31.445993875765396 8 362.9589583456305
    endloop
  endfacet
  facet normal 0 1 0
    outer loop
      vertex -31.959172611229818 8 360.7677773321441
      vertex -31.68020427657237 8 363.43038385087954
      vertex -31.548269286770065 8 363.202038732972
    endloop
  endfacet
  facet normal 0 1 0
    outer loop
      vertex -32.28302247436105 8 362.36429335012315
      vertex -32.024295282662194 8 363.8287528988408
      vertex -32.2799506527481 8 362.21990782822024
    endloop
  endfacet
  facet normal 0 1 0
    outer loop
      vertex -32.30416637808304 8 362.50715534772434
      vertex -32.024295282662194 8 363.8287528988408
      vertex -32.28302247436105 8 362.36429335012315
    endloop
  endfacet
  facet normal 0 1 0
    outer loop
      vertex -32.34304891192161 8 362.64624080198
      vertex -32.024295282662194 8 363.8287528988408
      vertex -32.30416637808304 8 362.50715534772434
    endloop
  endfacet
  facet normal 0 1 0
    outer loop
      vertex -32.399056875090835 8 362.77935625219084
      vertex -32.2310247782337 8 363.9924943110341
      vertex -32.34304891192161 8 362.64624080198
    endloop
  endfacet
  facet normal 0 1 0
    outer loop
      vertex -32.471306988554005 8 362.9044023881878
      vertex -32.2310247782337 8 363.9924943110341
      vertex -32.399056875090835 8 362.77935625219084
    endloop
  endfacet
  facet normal 0 1 0
    outer loop
      vertex -32.55865982486165 8 363.01940715770724
      vertex -32.2310247782337 8 363.9924943110341
      vertex -32.471306988554005 8 362.9044023881878
    endloop
  endfacet
  facet normal 0 1 0
    outer loop
      vertex -32.65973777760318 8 363.12255686683324
      vertex -32.45664639064407 8 364.12903449713195
      vertex -32.55865982486165 8 363.01940715770724
    endloop
  endfacet
  facet normal 0 1 0
    outer loop
      vertex -33.028453323825644 8 363.34569368763937
      vertex -32.69760193228582 8 364.2362201368345
      vertex -32.896501479593255 8 363.286996789707
    endloop
  endfacet
  facet normal 0 1 0
    outer loop
      vertex -33.45341851103146 8 363.4174278112397
      vertex -33.47362531761816 8 364.3672128842786
      vertex -33.309125019699266 8 363.41142752938157
    endloop
  endfacet
  facet normal 0 1 0
    outer loop
      vertex -33.309125019699266 8 363.41142752938157
      vertex -33.21013285518549 8 364.3562558478421
      vertex -33.16672136037219 8 363.38738979168716
    endloop
  endfacet
  facet normal 0 1 0
    outer loop
      vertex -33.16672136037219 8 363.38738979168716
      vertex -32.95009139032736 8 364.31236084857403
      vertex -33.028453323825644 8 363.34569368763937
    endloop
  endfacet
  facet normal 0 1 0
    outer loop
      vertex -32.7729467870828 8 363.21222478303434
      vertex -32.45664639064407 8 364.12903449713195
      vertex -32.65973777760318 8 363.12255686683324
    endloop
  endfacet
  facet normal 0 1 0
    outer loop
      vertex -32.896501479593255 8 363.286996789707
      vertex -32.69760193228582 8 364.2362201368345
      vertex -32.7729467870828 8 363.21222478303434
    endloop
  endfacet
  facet normal 0 1 0
    outer loop
      vertex -32.55865982486165 8 363.01940715770724
      vertex -32.45664639064407 8 364.12903449713195
      vertex -32.2310247782337 8 363.9924943110341
    endloop
  endfacet
  facet normal 0 1 0
    outer loop
      vertex -32.34304891192161 8 362.64624080198
      vertex -32.2310247782337 8 363.9924943110341
      vertex -32.024295282662194 8 363.8287528988408
    endloop
  endfacet
  facet normal 0 1 0
    outer loop
      vertex -33.21013285518549 8 364.3562558478421
      vertex -32.95009139032736 8 364.31236084857403
      vertex -33.16672136037219 8 363.38738979168716
    endloop
  endfacet
  facet normal 0 1 0
    outer loop
      vertex -33.028453323825644 8 363.34569368763937
      vertex -32.95009139032736 8 364.31236084857403
      vertex -32.69760193228582 8 364.2362201368345
    endloop
  endfacet
  facet normal 0 1 0
    outer loop
      vertex -33.47362531761816 8 364.3672128842786
      vertex -33.21013285518549 8 364.3562558478421
      vertex -33.309125019699266 8 363.41142752938157
    endloop
  endfacet
  facet normal 0 1 0
    outer loop
      vertex -32.7729467870828 8 363.21222478303434
      vertex -32.69760193228582 8 364.2362201368345
      vertex -32.45664639064407 8 364.12903449713195
    endloop
  endfacet
  facet normal 0.041547963271070736 0 0.9991365105670125
    outer loop
      vertex -33.64778242461486 8 360.179120124122
      vertex -33.38428996218218 8 360.16816308768546
      vertex -33.38428996218218 13.961353458250894 360.16816308768546
    endloop
  endfacet
  facet normal 0.6208907143062274 0 0.7838971366756626
    outer loop
      vertex -34.83361999713814 8 360.7066230731233
      vertex -34.626890501566635 8 360.54288166093
      vertex -34.626890501566635 14.018257242945944 360.54288166093
    endloop
  endfacet
  facet normal 0.7142431684941908 0 0.6998976327002249
    outer loop
      vertex -35.01819712823138 8 360.89498341152733
      vertex -34.83361999713814 8 360.7066230731233
      vertex -34.83361999713814 14.027084776990737 360.7066230731233
    endloop
  endfacet
  facet normal 0.2887178036789514 0 0.9574142415061531
    outer loop
      vertex -34.16031334751452 8 360.29915583512957
      vertex -33.90782388947299 8 360.22301512339004
      vertex -33.90782388947299 13.985977933320417 360.22301512339004
    endloop
  endfacet
  facet normal 0.40643700030948793 0 0.9136788083234859
    outer loop
      vertex -34.401268889156256 8 360.4063414748321
      vertex -34.16031334751452 8 360.29915583512957
      vertex -34.16031334751452 13.997540463114007 360.29915583512957
    endloop
  endfacet
  facet normal 0.517746442651517 0 0.8555341145282864
    outer loop
      vertex -34.626890501566635 8 360.54288166093
      vertex -34.401268889156256 8 360.4063414748321
      vertex -34.401268889156256 14.008357094569046 360.4063414748321
    endloop
  endfacet
  facet normal 0.16644535481247347 0 0.9860506801687984
    outer loop
      vertex -33.90782388947299 8 360.22301512339004
      vertex -33.64778242461486 8 360.179120124122
      vertex -33.64778242461486 13.973851853190238 360.179120124122
    endloop
  endfacet
  facet normal 0.8658613692578228 0 0.5002840085661026
    outer loop
      vertex -35.177711003227955 8 361.10499212108454
      vertex -35.177711003227955 14.040984251423334 361.10499212108454
      vertex -35.30964599303026 8 361.333337238992
    endloop
  endfacet
  facet normal 0.7963315812469539 0 0.6048603249583543
    outer loop
      vertex -35.177711003227955 8 361.10499212108454
      vertex -35.01819712823138 8 360.89498341152733
      vertex -35.01819712823138 14.034700481218223 360.89498341152733
    endloop
  endfacet
  facet normal 0.9217360062350977 0 0.3878179145034072
    outer loop
      vertex -35.41192140403493 8 361.5764176263336
      vertex -35.30964599303026 8 361.333337238992
      vertex -35.30964599303026 14.045836988796193 361.333337238992
    endloop
  endfacet
  facet normal -0.08400466447053825 0 0.9964653613383619
    outer loop
      vertex -33.38428996218218 8 360.16816308768546
      vertex -33.121501935710285 8 360.1903168130904
      vertex -33.121501935710285 13.94349288404394 360.1903168130904
    endloop
  endfacet
  facet normal -0.208232488471468 0 0.9780793581018772
    outer loop
      vertex -33.121501935710285 8 360.1903168130904
      vertex -32.86356266935863 8 360.24523192285324
      vertex -32.86356266935863 13.92358175314903 360.24523192285324
    endloop
  endfacet
  facet normal -0.32917636173741077 0 0.9442684591117726
    outer loop
      vertex -32.86356266935863 8 360.24523192285324
      vertex -32.61454001944297 8 360.33204237288834
      vertex -32.61454001944297 13.904244469764647 360.33204237288834
    endloop
  endfacet
  facet normal -0.4449289271382061 0 0.8955658824428523
    outer loop
      vertex -32.61454001944297 8 360.33204237288834
      vertex -32.37836122191145 8 360.4493791105406
      vertex -32.37836122191145 13.885785994401301 360.4493791105406
    endloop
  endfacet
  facet normal -0.553664697570107 0 0.8327396968228439
    outer loop
      vertex -32.37836122191145 8 360.4493791105406
      vertex -32.158750957487456 8 360.59539166536354
      vertex -32.158750957487456 13.868497428242025 360.59539166536354
    endloop
  endfacet
  facet normal -0.6536688449783922 0 0.7567807087291634
    outer loop
      vertex -32.158750957487456 8 360.59539166536354
      vertex -31.959172611229818 8 360.7677773321441
      vertex -31.959172611229818 13.852651422302845 360.7677773321441
    endloop
  endfacet
  facet normal -0.7433642442184996 0 0.6688868367799286
    outer loop
      vertex -31.959172611229818 8 360.7677773321441
      vertex -31.782773652881332 8 360.9638174859389
      vertex -31.782773652881332 13.838497877563364 360.9638174859389
    endloop
  endfacet
  facet normal -0.8213363452629164 0 0.5704442198411297
    outer loop
      vertex -31.782773652881332 8 360.9638174859389
      vertex -31.632335999390804 8 361.1804204564138
      vertex -31.632335999390804 13.826260003879044 361.1804204564138
    endloop
  endfacet
  facet normal -0.8863554814999631 0 0.4630053567886321
    outer loop
      vertex -31.632335999390804 8 361.1804204564138
      vertex -31.510232142420833 8 361.41417028533215
      vertex -31.510232142420833 13.816130799828434 361.41417028533215
    endloop
  endfacet
  facet normal -0.937396262310705 0 0.34826462267350644
    outer loop
      vertex -31.510232142420833 8 361.41417028533215
      vertex -31.41838773273716 8 361.6613805982565
      vertex -31.41838773273716 13.808270009010307 361.6613805982565
    endloop
  endfacet
  facet normal -0.7433642442184997 0 0.6688868367799286
    outer loop
      vertex -31.959172611229818 8 360.7677773321441
      vertex -31.782773652881332 13.838497877563364 360.9638174859389
      vertex -31.959172611229818 13.852651422302845 360.7677773321441
    endloop
  endfacet
  facet normal -0.8213363452629164 0 0.5704442198411298
    outer loop
      vertex -31.782773652881332 8 360.9638174859389
      vertex -31.632335999390804 13.826260003879044 361.1804204564138
      vertex -31.782773652881332 13.838497877563364 360.9638174859389
    endloop
  endfacet
  facet normal -0.8863554814999631 0 0.46300535678863214
    outer loop
      vertex -31.632335999390804 8 361.1804204564138
      vertex -31.510232142420833 13.816130799828434 361.41417028533215
      vertex -31.632335999390804 13.826260003879044 361.1804204564138
    endloop
  endfacet
  facet normal -0.9373962623107049 0 0.3482646226735064
    outer loop
      vertex -31.510232142420833 8 361.41417028533215
      vertex -31.41838773273716 13.808270009010307 361.6613805982565
      vertex -31.510232142420833 13.816130799828434 361.41417028533215
    endloop
  endfacet
  facet normal 0.517746442651517 0 0.8555341145282865
    outer loop
      vertex -34.626890501566635 8 360.54288166093
      vertex -34.401268889156256 14.008357094569046 360.4063414748321
      vertex -34.626890501566635 14.018257242945944 360.54288166093
    endloop
  endfacet
  facet normal 0.6208907143062274 0 0.7838971366756626
    outer loop
      vertex -34.83361999713814 8 360.7066230731233
      vertex -34.626890501566635 14.018257242945944 360.54288166093
      vertex -34.83361999713814 14.027084776990737 360.7066230731233
    endloop
  endfacet
  facet normal 0.7142431684941909 0 0.6998976327002249
    outer loop
      vertex -35.01819712823138 8 360.89498341152733
      vertex -34.83361999713814 14.027084776990737 360.7066230731233
      vertex -35.01819712823138 14.034700481218223 360.89498341152733
    endloop
  endfacet
  facet normal 0.2887178036789514 0 0.9574142415061532
    outer loop
      vertex -34.16031334751452 8 360.29915583512957
      vertex -33.90782388947299 13.985977933320417 360.22301512339004
      vertex -34.16031334751452 13.997540463114007 360.29915583512957
    endloop
  endfacet
  facet normal 0.4064370003094879 0 0.913678808323486
    outer loop
      vertex -34.401268889156256 8 360.4063414748321
      vertex -34.16031334751452 13.997540463114007 360.29915583512957
      vertex -34.401268889156256 14.008357094569046 360.4063414748321
    endloop
  endfacet
  facet normal 0.16644535481247347 0 0.9860506801687984
    outer loop
      vertex -33.90782388947299 8 360.22301512339004
      vertex -33.64778242461486 13.973851853190238 360.179120124122
      vertex -33.90782388947299 13.985977933320417 360.22301512339004
    endloop
  endfacet
  facet normal 0.041547963271070736 0 0.9991365105670124
    outer loop
      vertex -33.64778242461486 8 360.179120124122
      vertex -33.38428996218218 13.961353458250894 360.16816308768546
      vertex -33.64778242461486 13.973851853190238 360.179120124122
    endloop
  endfacet
  facet normal 0.7963315812469539 0 0.6048603249583543
    outer loop
      vertex -35.177711003227955 8 361.10499212108454
      vertex -35.01819712823138 14.034700481218223 360.89498341152733
      vertex -35.177711003227955 14.040984251423334 361.10499212108454
    endloop
  endfacet
  facet normal 0.8658613692578228 0 0.5002840085661027
    outer loop
      vertex -35.30964599303026 8 361.333337238992
      vertex -35.177711003227955 14.040984251423334 361.10499212108454
      vertex -35.30964599303026 14.045836988796193 361.333337238992
    endloop
  endfacet
  facet normal 0.9217360062350977 0 0.3878179145034072
    outer loop
      vertex -35.41192140403493 8 361.5764176263336
      vertex -35.30964599303026 14.045836988796193 361.333337238992
      vertex -35.41192140403493 14.049182162769547 361.5764176263336
    endloop
  endfacet
  facet normal -0.08400466447046423 0 0.9964653613383682
    outer loop
      vertex -33.38428996218218 8 360.16816308768546
      vertex -33.30330900578227 13.957447951318617 360.17498999641185
      vertex -33.38428996218218 13.961353458250894 360.16816308768546
    endloop
  endfacet
  facet normal -0.0840046644705711 1.4633630322873006e-15 0.9964653613383592
    outer loop
      vertex -33.38428996218218 8 360.16816308768546
      vertex -33.121501935710285 13.94349288404394 360.1903168130904
      vertex -33.30330900578227 13.957447951318617 360.17498999641185
    endloop
  endfacet
  facet normal -0.20823248847146794 0 0.9780793581018772
    outer loop
      vertex -33.121501935710285 8 360.1903168130904
      vertex -32.86356266935863 13.92358175314903 360.24523192285324
      vertex -33.121501935710285 13.94349288404394 360.1903168130904
    endloop
  endfacet
  facet normal -0.32917636173741077 0 0.9442684591117726
    outer loop
      vertex -32.86356266935863 8 360.24523192285324
      vertex -32.61454001944297 13.904244469764647 360.33204237288834
      vertex -32.86356266935863 13.92358175314903 360.24523192285324
    endloop
  endfacet
  facet normal -0.4449289271382061 0 0.8955658824428524
    outer loop
      vertex -32.61454001944297 8 360.33204237288834
      vertex -32.37836122191145 13.885785994401301 360.4493791105406
      vertex -32.61454001944297 13.904244469764647 360.33204237288834
    endloop
  endfacet
  facet normal -0.5536646975701071 0 0.832739696822844
    outer loop
      vertex -32.37836122191145 8 360.4493791105406
      vertex -32.158750957487456 13.868497428242025 360.59539166536354
      vertex -32.37836122191145 13.885785994401301 360.4493791105406
    endloop
  endfacet
  facet normal -0.6536688449783921 0 0.7567807087291634
    outer loop
      vertex -32.158750957487456 8 360.59539166536354
      vertex -31.959172611229818 13.852651422302845 360.7677773321441
      vertex -32.158750957487456 13.868497428242025 360.59539166536354
    endloop
  endfacet
  facet normal 0.963074315775602 0 0.2692357002578897
    outer loop
      vertex -35.48292429191406 8 361.8303997601917
      vertex -35.41192140403493 8 361.5764176263336
      vertex -35.41192140403493 14.049182162769547 361.5764176263336
    endloop
  endfacet
  facet normal 0.989224368043628 0 0.14640747818566083
    outer loop
      vertex -35.521534898710726 8 362.09127819059387
      vertex -35.48292429191406 8 361.8303997601917
      vertex -35.48292429191406 14.050967017951525 361.8303997601917
    endloop
  endfacet
  facet normal 0.9997737610936119 0 0.021270322722834446
    outer loop
      vertex -35.521534898710726 8 362.09127819059387
      vertex -35.521534898710726 14.051163406109684 362.09127819059387
      vertex -35.52714431209088 8 362.3549387088514
    endloop
  endfacet
  facet normal 0.9945561246952509 0 -0.10420227843557216
    outer loop
      vertex -35.49966406825463 8 362.61722323108825
      vertex -35.52714431209088 8 362.3549387088514
      vertex -35.52714431209088 14.049768230085457 362.3549387088514
    endloop
  endfacet
  facet normal 0.973653744091429 0 -0.22803154741557616
    outer loop
      vertex -35.49966406825463 8 362.61722323108825
      vertex -35.49966406825463 14.046803492638182 362.61722323108825
      vertex -35.43952754706318 8 362.87399537370754
    endloop
  endfacet
  facet normal 0.937396262310705 0 -0.34826462267350644
    outer loop
      vertex -35.43952754706318 8 362.87399537370754
      vertex -35.43952754706318 14.042315949448453 362.87399537370754
      vertex -35.347683137379505 8 363.1212056866319
    endloop
  endfacet
  facet normal 0.886355481499963 0 -0.4630053567886321
    outer loop
      vertex -35.347683137379505 8 363.1212056866319
      vertex -35.347683137379505 14.036376371753095 363.1212056866319
      vertex -35.225579280409534 8 363.3549555155503
    endloop
  endfacet
  facet normal 0.8213363452628913 0 -0.5704442198411661
    outer loop
      vertex -35.225579280409534 8 363.3549555155503
      vertex -35.225579280409534 14.0290784302405 363.3549555155503
      vertex -35.07514162691899 8 363.5715584860252
    endloop
  endfacet
  facet normal 0.7433642442184997 0 -0.6688868367799284
    outer loop
      vertex -35.07514162691899 8 363.5715584860252
      vertex -35.07514162691899 14.0205372178079 363.5715584860252
      vertex -34.898742668570506 8 363.76759863982
    endloop
  endfacet
  facet normal 0.6536688449783921 0 -0.7567807087291634
    outer loop
      vertex -34.898742668570506 8 363.76759863982
      vertex -34.898742668570506 14.01088743447763 363.76759863982
      vertex -34.69916432231287 8 363.93998430660054
    endloop
  endfacet
  facet normal 0.5536646975701566 0 -0.8327396968228108
    outer loop
      vertex -34.69916432231287 8 363.93998430660054
      vertex -34.69916432231287 14.000281263097309 363.93998430660054
      vertex -34.479554057888905 8 364.0859968614235
    endloop
  endfacet
  facet normal 0.44492892713818466 0 -0.8955658824428632
    outer loop
      vertex -34.479554057888905 8 364.0859968614235
      vertex -34.479554057888905 13.988885969325425 364.0859968614235
      vertex -34.24337526035737 8 364.20333359907573
    endloop
  endfacet
  facet normal 0.32917636173721854 0 -0.9442684591118395
    outer loop
      vertex -34.24337526035737 8 364.20333359907573
      vertex -33.99435261044171 13.964456467755124 364.2901440491108
      vertex -33.99435261044171 8 364.2901440491108
    endloop
  endfacet
  facet normal 0.2082324884716632 0 -0.9780793581018357
    outer loop
      vertex -33.99435261044171 8 364.2901440491108
      vertex -33.73641334409004 13.95180752778995 364.34505915887365
      vertex -33.73641334409004 8 364.34505915887365
    endloop
  endfacet
  facet normal 0.08400466447054276 0 -0.9964653613383616
    outer loop
      vertex -33.73641334409004 8 364.34505915887365
      vertex -33.47362531761816 13.939133925195815 364.3672128842786
      vertex -33.47362531761816 8 364.3672128842786
    endloop
  endfacet
  facet normal -0.973653744091429 0 0.22803154741557619
    outer loop
      vertex -31.41838773273716 8 361.6613805982565
      vertex -31.358251211545706 8 361.9181527408758
      vertex -31.358251211545706 13.802801600791677 361.9181527408758
    endloop
  endfacet
  facet normal -0.9945561246952453 0 0.10420227843562548
    outer loop
      vertex -31.358251211545706 8 361.9181527408758
      vertex -31.33077096770944 8 362.18043726311265
      vertex -31.33077096770944 13.799811815236813 362.18043726311265
    endloop
  endfacet
  facet normal -0.9997737610936107 0 -0.021270322722888306
    outer loop
      vertex -31.33638038108961 8 362.4440977813702
      vertex -31.33638038108961 13.799347803049935 362.4440977813702
      vertex -31.33077096770944 8 362.18043726311265
    endloop
  endfacet
  facet normal -0.9892243680436279 0 -0.14640747818566083
    outer loop
      vertex -31.374990987886278 8 362.70497621177236
      vertex -31.374990987886278 13.801416881980412 362.70497621177236
      vertex -31.33638038108961 8 362.4440977813702
    endloop
  endfacet
  facet normal -0.9630743157756159 0 -0.26923570025783966
    outer loop
      vertex -31.445993875765396 8 362.9589583456305
      vertex -31.445993875765396 13.805986421417504 362.9589583456305
      vertex -31.374990987886278 8 362.70497621177236
    endloop
  endfacet
  facet normal -0.9217360062350652 0 -0.38781791450348424
    outer loop
      vertex -31.548269286770065 8 363.202038732972
      vertex -31.548269286770065 13.81298435699458 363.202038732972
      vertex -31.445993875765396 8 362.9589583456305
    endloop
  endfacet
  facet normal -0.8658613692578767 0 -0.5002840085660093
    outer loop
      vertex -31.68020427657237 8 363.43038385087954
      vertex -31.68020427657237 13.822300327087222 363.43038385087954
      vertex -31.548269286770065 8 363.202038732972
    endloop
  endfacet
  facet normal -0.7963315812468231 0 -0.6048603249585265
    outer loop
      vertex -31.839718151568974 8 363.6403925604367
      vertex -31.839718151568974 13.833787413281978 363.6403925604367
      vertex -31.68020427657237 8 363.43038385087954
    endloop
  endfacet
  facet normal -0.7142431684943235 0 -0.6998976327000896
    outer loop
      vertex -32.024295282662194 8 363.8287528988408
      vertex -31.839718151568974 13.833787413281978 363.6403925604367
      vertex -31.839718151568974 8 363.6403925604367
    endloop
  endfacet
  facet normal -0.4064370003094679 0 -0.9136788083234948
    outer loop
      vertex -32.69760193228582 8 364.2362201368345
      vertex -32.45664639064407 13.879310224141202 364.12903449713195
      vertex -32.45664639064407 8 364.12903449713195
    endloop
  endfacet
  facet normal -0.04154796327107297 0 -0.9991365105670122
    outer loop
      vertex -33.47362531761816 8 364.3672128842786
      vertex -33.21013285518549 13.926635530256473 364.3562558478421
      vertex -33.21013285518549 8 364.3562558478421
    endloop
  endfacet
  facet normal -0.16644535481247344 0 -0.9860506801687983
    outer loop
      vertex -33.21013285518549 8 364.3562558478421
      vertex -32.95009139032736 13.914509450126294 364.31236084857403
      vertex -32.95009139032736 8 364.31236084857403
    endloop
  endfacet
  facet normal -0.28871780367893646 0 -0.9574142415061575
    outer loop
      vertex -32.95009139032736 8 364.31236084857403
      vertex -32.69760193228582 13.897373565944136 364.2362201368345
      vertex -32.69760193228582 8 364.2362201368345
    endloop
  endfacet
  facet normal -0.6208907143062276 0 -0.7838971366756627
    outer loop
      vertex -32.2310247782337 8 363.9924943110341
      vertex -32.024295282662194 13.847264457367507 363.8287528988408
      vertex -32.024295282662194 8 363.8287528988408
    endloop
  endfacet
  facet normal -0.5177464426515409 0 -0.8555341145282721
    outer loop
      vertex -32.45664639064407 8 364.12903449713195
      vertex -32.2310247782337 13.862518918307783 363.9924943110341
      vertex -32.2310247782337 8 363.9924943110341
    endloop
  endfacet
  facet normal -0.973653744091429 0 0.22803154741557616
    outer loop
      vertex -31.41838773273716 8 361.6613805982565
      vertex -31.358251211545706 13.802801600791677 361.9181527408758
      vertex -31.41838773273716 13.808270009010307 361.6613805982565
    endloop
  endfacet
  facet normal -0.9945561246952453 0 0.10420227843562546
    outer loop
      vertex -31.358251211545706 8 361.9181527408758
      vertex -31.33077096770944 13.799811815236813 362.18043726311265
      vertex -31.358251211545706 13.802801600791677 361.9181527408758
    endloop
  endfacet
  facet normal -0.9997737610936107 0 -0.021270322722888306
    outer loop
      vertex -31.33077096770944 8 362.18043726311265
      vertex -31.33638038108961 13.799347803049935 362.4440977813702
      vertex -31.33077096770944 13.799811815236813 362.18043726311265
    endloop
  endfacet
  facet normal -0.9892243680436281 0 -0.14640747818566083
    outer loop
      vertex -31.33638038108961 8 362.4440977813702
      vertex -31.374990987886278 13.801416881980412 362.70497621177236
      vertex -31.33638038108961 13.799347803049935 362.4440977813702
    endloop
  endfacet
  facet normal -0.9630743157756159 0 -0.26923570025783966
    outer loop
      vertex -31.374990987886278 8 362.70497621177236
      vertex -31.445993875765396 13.805986421417504 362.9589583456305
      vertex -31.374990987886278 13.801416881980412 362.70497621177236
    endloop
  endfacet
  facet normal -0.9217360062350651 0 -0.38781791450348413
    outer loop
      vertex -31.445993875765396 8 362.9589583456305
      vertex -31.548269286770065 13.81298435699458 363.202038732972
      vertex -31.445993875765396 13.805986421417504 362.9589583456305
    endloop
  endfacet
  facet normal -0.8658613692578767 0 -0.5002840085660093
    outer loop
      vertex -31.548269286770065 8 363.202038732972
      vertex -31.68020427657237 13.822300327087222 363.43038385087954
      vertex -31.548269286770065 13.81298435699458 363.202038732972
    endloop
  endfacet
  facet normal -0.7142431684943235 0 -0.6998976327000896
    outer loop
      vertex -32.024295282662194 8 363.8287528988408
      vertex -32.024295282662194 13.847264457367507 363.8287528988408
      vertex -31.839718151568974 13.833787413281978 363.6403925604367
    endloop
  endfacet
  facet normal -0.7963315812468231 0 -0.6048603249585265
    outer loop
      vertex -31.68020427657237 8 363.43038385087954
      vertex -31.839718151568974 13.833787413281978 363.6403925604367
      vertex -31.68020427657237 13.822300327087222 363.43038385087954
    endloop
  endfacet
  facet normal -0.6208907143062276 0 -0.7838971366756626
    outer loop
      vertex -32.2310247782337 8 363.9924943110341
      vertex -32.2310247782337 13.862518918307783 363.9924943110341
      vertex -32.024295282662194 13.847264457367507 363.8287528988408
    endloop
  endfacet
  facet normal 0.9630743157756019 0 0.2692357002578896
    outer loop
      vertex -35.48292429191406 8 361.8303997601917
      vertex -35.41192140403493 14.049182162769547 361.5764176263336
      vertex -35.48292429191406 14.050967017951525 361.8303997601917
    endloop
  endfacet
  facet normal 0.9892243680436281 0 0.14640747818566083
    outer loop
      vertex -35.521534898710726 8 362.09127819059387
      vertex -35.48292429191406 14.050967017951525 361.8303997601917
      vertex -35.521534898710726 14.051163406109684 362.09127819059387
    endloop
  endfacet
  facet normal 0.9997737610936119 0 0.021270322722834446
    outer loop
      vertex -35.52714431209088 8 362.3549387088514
      vertex -35.521534898710726 14.051163406109684 362.09127819059387
      vertex -35.52714431209088 14.049768230085457 362.3549387088514
    endloop
  endfacet
  facet normal 0.994556124695251 0 -0.10420227843557216
    outer loop
      vertex -35.49966406825463 8 362.61722323108825
      vertex -35.52714431209088 14.049768230085457 362.3549387088514
      vertex -35.49966406825463 14.046803492638182 362.61722323108825
    endloop
  endfacet
  facet normal 0.973653744091429 0 -0.22803154741557616
    outer loop
      vertex -35.43952754706318 8 362.87399537370754
      vertex -35.49966406825463 14.046803492638182 362.61722323108825
      vertex -35.43952754706318 14.042315949448453 362.87399537370754
    endloop
  endfacet
  facet normal 0.9373962623107052 0 -0.34826462267350644
    outer loop
      vertex -35.347683137379505 8 363.1212056866319
      vertex -35.43952754706318 14.042315949448453 362.87399537370754
      vertex -35.347683137379505 14.036376371753095 363.1212056866319
    endloop
  endfacet
  facet normal 0.886355481499963 0 -0.4630053567886321
    outer loop
      vertex -35.225579280409534 8 363.3549555155503
      vertex -35.347683137379505 14.036376371753095 363.1212056866319
      vertex -35.225579280409534 14.0290784302405 363.3549555155503
    endloop
  endfacet
  facet normal 0.8213363452628913 0 -0.5704442198411661
    outer loop
      vertex -35.07514162691899 8 363.5715584860252
      vertex -35.225579280409534 14.0290784302405 363.3549555155503
      vertex -35.07514162691899 14.0205372178079 363.5715584860252
    endloop
  endfacet
  facet normal 0.7433642442184997 0 -0.6688868367799286
    outer loop
      vertex -34.898742668570506 8 363.76759863982
      vertex -35.07514162691899 14.0205372178079 363.5715584860252
      vertex -34.898742668570506 14.01088743447763 363.76759863982
    endloop
  endfacet
  facet normal 0.6536688449783921 0 -0.7567807087291634
    outer loop
      vertex -34.69916432231287 8 363.93998430660054
      vertex -34.898742668570506 14.01088743447763 363.76759863982
      vertex -34.69916432231287 14.000281263097309 363.93998430660054
    endloop
  endfacet
  facet normal 0.5536646975701567 0 -0.8327396968228109
    outer loop
      vertex -34.479554057888905 8 364.0859968614235
      vertex -34.69916432231287 14.000281263097309 363.93998430660054
      vertex -34.479554057888905 13.988885969325425 364.0859968614235
    endloop
  endfacet
  facet normal 0.44492892713818455 0 -0.8955658824428631
    outer loop
      vertex -34.24337526035737 8 364.20333359907573
      vertex -34.479554057888905 13.988885969325425 364.0859968614235
      vertex -34.24337526035737 13.976881263751977 364.20333359907573
    endloop
  endfacet
  facet normal 0.3291763617372186 0 -0.9442684591118395
    outer loop
      vertex -34.24337526035737 8 364.20333359907573
      vertex -34.24337526035737 13.976881263751977 364.20333359907573
      vertex -33.99435261044171 13.964456467755124 364.2901440491108
    endloop
  endfacet
  facet normal 0.2082324884716632 0 -0.9780793581018355
    outer loop
      vertex -33.99435261044171 8 364.2901440491108
      vertex -33.99435261044171 13.964456467755124 364.2901440491108
      vertex -33.73641334409004 13.95180752778995 364.34505915887365
    endloop
  endfacet
  facet normal 0.08400466447054276 0 -0.9964653613383616
    outer loop
      vertex -33.73641334409004 8 364.34505915887365
      vertex -33.73641334409004 13.95180752778995 364.34505915887365
      vertex -33.47362531761816 13.939133925195815 364.3672128842786
    endloop
  endfacet
  facet normal -0.40643700030946783 0 -0.9136788083234947
    outer loop
      vertex -32.69760193228582 8 364.2362201368345
      vertex -32.69760193228582 13.897373565944136 364.2362201368345
      vertex -32.45664639064407 13.879310224141202 364.12903449713195
    endloop
  endfacet
  facet normal -0.5177464426515409 0 -0.8555341145282722
    outer loop
      vertex -32.45664639064407 8 364.12903449713195
      vertex -32.45664639064407 13.879310224141202 364.12903449713195
      vertex -32.2310247782337 13.862518918307783 363.9924943110341
    endloop
  endfacet
  facet normal -0.04154796327107297 0 -0.9991365105670124
    outer loop
      vertex -33.47362531761816 8 364.3672128842786
      vertex -33.47362531761816 13.939133925195815 364.3672128842786
      vertex -33.21013285518549 13.926635530256473 364.3562558478421
    endloop
  endfacet
  facet normal -0.16644535481247344 0 -0.9860506801687983
    outer loop
      vertex -33.21013285518549 8 364.3562558478421
      vertex -33.21013285518549 13.926635530256473 364.3562558478421
      vertex -32.95009139032736 13.914509450126294 364.31236084857403
    endloop
  endfacet
  facet normal -0.28871780367886674 0 -0.9574142415061787
    outer loop
      vertex -32.95009139032736 8 364.31236084857403
      vertex -32.95009139032736 13.914509450126294 364.31236084857403
      vertex -32.88553159432532 13.911552991783312 364.29289219885106
    endloop
  endfacet
  facet normal -0.2887178036789604 1.1150781936814343e-15 -0.9574142415061504
    outer loop
      vertex -32.95009139032736 8 364.31236084857403
      vertex -32.88553159432532 13.911552991783312 364.29289219885106
      vertex -32.69760193228582 13.897373565944136 364.2362201368345
    endloop
  endfacet
  facet normal -0.04565395946376836 0.9989202534573496 0.008604836894741215
    outer loop
      vertex -80.09014085539387 0.6192824159003161 370.1350379822151
      vertex -55.971367148932664 1.8089984174499567 359.98796677473985
      vertex -81.08852021304055 0.6245394380203388 364.2277422119613
    endloop
  endfacet
  facet normal -0.04565395946376837 0.9989202534573496 0.0086048368947412
    outer loop
      vertex -79.59020719591464 0.6166499873687199 373.09308791526894
      vertex -79.08878476442807 0.61400971962519 376.0599467409692
      vertex -54.47373875180256 1.8011125717030607 368.84926166031534
    endloop
  endfacet
  facet normal 0.9849595468279252 0.046449513111150975 -0.166424559017789
    outer loop
      vertex -80.09014085539387 0.6192824159003161 370.1350379822151
      vertex -81.08852021304055 0.6245394380203388 364.2277422119613
      vertex -81.68553430815297 13.645264306150361 364.32851819121623
    endloop
  endfacet
  facet normal 0.9849595468279253 0.04644951311115155 -0.1664245590177881
    outer loop
      vertex -79.59020719591464 0.6166499873687199 373.09308791526894
      vertex -79.68155725274097 13.542226227253698 376.1600067369965
      vertex -79.08878476442807 0.61400971962519 376.0599467409692
    endloop
  endfacet
  facet normal 0.9849595468279247 0.046449513111150295 -0.1664245590177904
    outer loop
      vertex -80.09014085539387 0.6192824159003161 370.1350379822151
      vertex -81.68553430815297 13.645264306150361 364.32851819121623
      vertex -80.68311570945691 13.593723153829789 370.24680160495075
    endloop
  endfacet
  facet normal 0.9849595468279253 0.046449513111151544 -0.16642455901778808
    outer loop
      vertex -79.59020719591464 0.6166499873687199 373.09308791526894
      vertex -80.18212507394476 13.56796382066328 373.204652319657
      vertex -79.68155725274097 13.542226227253698 376.1600067369965
    endloop
  endfacet
  facet normal -0.04565395946376838 0.9989202534573497 0.008604836894741202
    outer loop
      vertex -80.09014085539387 0.6192824159003161 370.1350379822151
      vertex -54.973672411281775 1.803745000234657 365.8912117272615
      vertex -55.971367148932664 1.8089984174499567 359.98796677473985
    endloop
  endfacet
  facet normal -0.04565395946376838 0.9989202534573496 0.00860483689474124
    outer loop
      vertex -54.47373875180256 1.8011125717030607 368.84926166031534
      vertex -79.08878476442807 0.61400971962519 376.0599467409692
      vertex -53.97163170032018 1.7984686990548078 371.8201713037478
    endloop
  endfacet
  facet normal -0.9849595468279252 -0.04644951311115093 0.16642455901778838
    outer loop
      vertex -54.973672411281775 1.803745000234657 365.8912117272615
      vertex -56.55671029766214 14.575182927074447 360.0867726982454
      vertex -55.971367148932664 1.8089984174499567 359.98796677473985
    endloop
  endfacet
  facet normal -0.9849595468279254 -0.04644951311115157 0.16642455901778697
    outer loop
      vertex -54.973672411281775 1.803745000234657 365.8912117272615
      vertex -55.5542722393995 14.507417020641203 366.00064291090365
      vertex -56.55671029766214 14.575182927074447 360.0867726982454
    endloop
  endfacet
  facet normal -0.9849595468279251 -0.046449513111151454 0.16642455901778846
    outer loop
      vertex -54.47373875180256 1.8011125717030607 368.84926166031534
      vertex -53.97163170032018 1.7984686990548078 371.8201713037478
      vertex -54.551241532998205 14.439611050547187 371.9180094435039
    endloop
  endfacet
  facet normal -0.9849595468279254 -0.046449513111151045 0.16642455901778677
    outer loop
      vertex -54.47373875180256 1.8011125717030607 368.84926166031534
      vertex -54.551241532998205 14.439611050547187 371.9180094435039
      vertex -55.05290988476503 14.473524378464196 368.9584235641638
    endloop
  endfacet
  facet normal 0.1666445531597466 -0.0008774761771584541 0.986016644351274
    outer loop
      vertex -84.02997904270556 0.4334843634557135 370.8007362182863
      vertex -80.09014085539387 0.6192824159003161 370.1350379822151
      vertex -84.0558706810189 1 370.80561626214757
    endloop
  endfacet
  facet normal 0.9849595468279254 0.04644951311115005 -0.16642455901778777
    outer loop
      vertex -84.02997904270556 0.4334843634557135 370.8007362182863
      vertex -84.0558706810189 1 370.80561626214757
      vertex -83.53004538322635 0.43085193492411733 373.75878615134013
    endloop
  endfacet
  facet normal -0.04565395946376841 0.9989202534573495 0.008604836894741038
    outer loop
      vertex -84.02997904270556 0.4334843634557135 370.8007362182863
      vertex -83.53004538322635 0.43085193492411733 373.75878615134013
      vertex -80.09014085539387 0.6192824159003161 370.1350379822151
    endloop
  endfacet
  facet normal 0.9849595468279254 0.04644951311114707 -0.16642455901778833
    outer loop
      vertex -83.53004538322635 0.43085193492411733 373.75878615134013
      vertex -84.0558706810189 1 370.80561626214757
      vertex -83.55605733223021 1 373.763688871304
    endloop
  endfacet
  facet normal 0.1666445531597217 -0.0008774761774248108 0.986016644351278
    outer loop
      vertex -84.0558706810189 1 370.80561626214757
      vertex -80.09014085539387 0.6192824159003161 370.1350379822151
      vertex -82 1 370.45815797840027
    endloop
  endfacet
  facet normal 0.1666445531597661 -0.0008774761771958358 0.9860166443512708
    outer loop
      vertex -82 1 370.45815797840027
      vertex -80.09014085539387 0.6192824159003161 370.1350379822151
      vertex -82 7 370.46349749989145
    endloop
  endfacet
  facet normal -0.16664455315972934 0.0008774761772051828 -0.986016644351277
    outer loop
      vertex -82 1 373.50070296705377
      vertex -82 7 373.506042488545
      vertex -79.59020719591464 0.6166499873687199 373.09308791526894
    endloop
  endfacet
  facet normal -0.04565395946376839 0.9989202534573496 0.008604836894741065
    outer loop
      vertex -83.53004538322635 0.43085193492411733 373.75878615134013
      vertex -54.973672411281775 1.803745000234657 365.8912117272615
      vertex -80.09014085539387 0.6192824159003161 370.1350379822151
    endloop
  endfacet
  facet normal -0.04565395946376801 0.9989202534573497 0.008604836894742651
    outer loop
      vertex -83.53004538322635 0.43085193492411733 373.75878615134013
      vertex -79.59020719591464 0.6166499873687199 373.09308791526894
      vertex -51.033834223970075 1.9895430526792595 365.2255134911904
    endloop
  endfacet
  facet normal -0.16664455315974783 0.0008774761771985437 -0.9860166443512739
    outer loop
      vertex -83.53004538322635 0.43085193492411733 373.75878615134013
      vertex -83.55605733223021 1 373.763688871304
      vertex -79.59020719591464 0.6166499873687199 373.09308791526894
    endloop
  endfacet
  facet normal -0.166644553159775 0.0008774761769101809 -0.9860166443512696
    outer loop
      vertex -83.55605733223021 1 373.763688871304
      vertex -82 1 373.50070296705377
      vertex -79.59020719591464 0.6166499873687199 373.09308791526894
    endloop
  endfacet
  facet normal 0.16664455315972204 -0.000877476177192027 0.9860166443512782
    outer loop
      vertex -84.33009052573077 7 370.8573010900302
      vertex -82 7 370.46349749989145
      vertex -80.68311570945691 13.593723153829789 370.24680160495075
    endloop
  endfacet
  facet normal 0.9849595468279252 0.046449513111151614 -0.1664245590177883
    outer loop
      vertex -84.33009052573077 7 370.8573010900302
      vertex -84.61691511637707 13.27579504935569 370.91136165452235
      vertex -83.83027717694208 7 373.81537369918664
    endloop
  endfacet
  facet normal -0.16664455315973759 0.000877476177199253 -0.9860166443512756
    outer loop
      vertex -83.83027717694208 7 373.81537369918664
      vertex -84.1159244808649 13.250035716189185 373.8692123692286
      vertex -82 7 373.506042488545
    endloop
  endfacet
  facet normal 0.16664455315973753 -0.0008774761772008248 0.9860166443512756
    outer loop
      vertex -84.33009052573077 7 370.8573010900302
      vertex -80.68311570945691 13.593723153829789 370.24680160495075
      vertex -84.61691511637707 13.27579504935569 370.91136165452235
    endloop
  endfacet
  facet normal 0.9849595468279246 0.04644951311114994 -0.1664245590177917
    outer loop
      vertex -83.83027717694208 7 373.81537369918664
      vertex -84.61691511637707 13.27579504935569 370.91136165452235
      vertex -84.1159244808649 13.250035716189185 373.8692123692286
    endloop
  endfacet
  facet normal 0.16664455315975593 -0.0008774761771989767 0.9860166443512725
    outer loop
      vertex -80.09014085539387 0.6192824159003161 370.1350379822151
      vertex -80.68311570945691 13.593723153829789 370.24680160495075
      vertex -82 7 370.46349749989145
    endloop
  endfacet
  facet normal -0.1666445531598049 0.0008774761771756302 -0.9860166443512642
    outer loop
      vertex -79.59020719591464 0.6166499873687199 373.09308791526894
      vertex -82 7 373.506042488545
      vertex -84.1159244808649 13.250035716189185 373.8692123692286
    endloop
  endfacet
  facet normal -0.16664455315973808 0.0008774761772004507 -0.9860166443512755
    outer loop
      vertex -79.59020719591464 0.6166499873687199 373.09308791526894
      vertex -84.1159244808649 13.250035716189185 373.8692123692286
      vertex -80.18212507394476 13.56796382066328 373.204652319657
    endloop
  endfacet
  facet normal -0.04565395946376854 0.9989202534573495 0.008604836894741055
    outer loop
      vertex -54.47373875180256 1.8011125717030607 368.84926166031534
      vertex -50.533900564490864 1.9869106241476633 368.1835634242442
      vertex -51.033834223970075 1.9895430526792595 365.2255134911904
    endloop
  endfacet
  facet normal -0.04565395946376856 0.9989202534573496 0.008604836894740989
    outer loop
      vertex -83.53004538322635 0.43085193492411733 373.75878615134013
      vertex -51.033834223970075 1.9895430526792595 365.2255134911904
      vertex -54.973672411281775 1.803745000234657 365.8912117272615
    endloop
  endfacet
  facet normal -0.04565395946376837 0.9989202534573496 0.008604836894741287
    outer loop
      vertex -79.59020719591464 0.6166499873687199 373.09308791526894
      vertex -54.47373875180256 1.8011125717030607 368.84926166031534
      vertex -51.033834223970075 1.9895430526792595 365.2255134911904
    endloop
  endfacet
  facet normal 0.1666445531597342 -0.0008774761771958685 0.9860166443512761
    outer loop
      vertex -54.973672411281775 1.803745000234657 365.8912117272615
      vertex -51.033834223970075 1.9895430526792595 365.2255134911904
      vertex -51.60696251066528 14.529735845015153 365.3335364422049
    endloop
  endfacet
  facet normal -0.9849595468279253 -0.04644951311115005 0.1664245590177877
    outer loop
      vertex -51.033834223970075 1.9895430526792595 365.2255134911904
      vertex -50.533900564490864 1.9869106241476633 368.1835634242442
      vertex -51.1056001560308 14.495843202838143 368.2913170954651
    endloop
  endfacet
  facet normal 0.16664455315975574 -0.0008774761772017445 0.9860166443512725
    outer loop
      vertex -54.973672411281775 1.803745000234657 365.8912117272615
      vertex -51.60696251066528 14.529735845015153 365.3335364422049
      vertex -55.5542722393995 14.507417020641203 366.00064291090365
    endloop
  endfacet
  facet normal -0.984959546827925 -0.0464495131111504 0.16642455901778913
    outer loop
      vertex -51.033834223970075 1.9895430526792595 365.2255134911904
      vertex -51.1056001560308 14.495843202838143 368.2913170954651
      vertex -51.60696251066528 14.529735845015153 365.3335364422049
    endloop
  endfacet
  facet normal -0.16664455315973478 0.0008774761772015251 -0.986016644351276
    outer loop
      vertex -54.47373875180256 1.8011125717030607 368.84926166031534
      vertex -55.05290988476503 14.473524378464196 368.9584235641638
      vertex -50.533900564490864 1.9869106241476633 368.1835634242442
    endloop
  endfacet
  facet normal -0.16664455315974197 0.0008774761771988419 -0.9860166443512749
    outer loop
      vertex -50.533900564490864 1.9869106241476633 368.1835634242442
      vertex -55.05290988476503 14.473524378464196 368.9584235641638
      vertex -51.1056001560308 14.495843202838143 368.2913170954651
    endloop
  endfacet
  facet normal -1 0 0
    outer loop
      vertex -82 1 370.45815797840027
      vertex -82 7 364.3816
      vertex -82 1 364.38160000000005
    endloop
  endfacet
  facet normal 0 1 0
    outer loop
      vertex -94 1 378.57695987273377
      vertex -82 1 364.38160000000005
      vertex -94 1 366.40720000000005
    endloop
  endfacet
  facet normal 0 1 0
    outer loop
      vertex -84.0558706810189 1 370.80561626214757
      vertex -82 1 370.45815797840027
      vertex -82 1 364.38160000000005
    endloop
  endfacet
  facet normal 0 1 0
    outer loop
      vertex -84.0558706810189 1 370.80561626214757
      vertex -82 1 364.38160000000005
      vertex -94 1 378.57695987273377
    endloop
  endfacet
  facet normal 1 0 0
    outer loop
      vertex -94 7 378.57695987273377
      vertex -94 1 378.57695987273377
      vertex -94 1 366.40720000000005
    endloop
  endfacet
  facet normal 0 1 0
    outer loop
      vertex -84.0558706810189 1 370.80561626214757
      vertex -94 1 378.57695987273377
      vertex -83.55605733223021 1 373.763688871304
    endloop
  endfacet
  facet normal 0 1 0
    outer loop
      vertex -83.55605733223021 1 373.763688871304
      vertex -82 1 376.55135987273377
      vertex -82 1 373.50070296705377
    endloop
  endfacet
  facet normal 0 1 0
    outer loop
      vertex -83.55605733223021 1 373.763688871304
      vertex -94 1 378.57695987273377
      vertex -82 1 376.55135987273377
    endloop
  endfacet
  facet normal -1 0 0
    outer loop
      vertex -82 1 373.50070296705377
      vertex -82 1 376.55135987273377
      vertex -82 7 373.506042488545
    endloop
  endfacet
  facet normal 0 -1 0
    outer loop
      vertex -82 7 370.46349749989145
      vertex -94 7 366.40720000000005
      vertex -82 7 364.3816
    endloop
  endfacet
  facet normal 1 0 0
    outer loop
      vertex -94 1 366.40720000000005
      vertex -94 7 366.40720000000005
      vertex -94 7 378.57695987273377
    endloop
  endfacet
  facet normal 0 -1 0
    outer loop
      vertex -84.33009052573077 7 370.8573010900302
      vertex -94 7 366.40720000000005
      vertex -82 7 370.46349749989145
    endloop
  endfacet
  facet normal 0 -1 0
    outer loop
      vertex -84.33009052573077 7 370.8573010900302
      vertex -94 7 378.57695987273377
      vertex -94 7 366.40720000000005
    endloop
  endfacet
  facet normal 0 -1 0
    outer loop
      vertex -84.33009052573077 7 370.8573010900302
      vertex -83.83027717694208 7 373.81537369918664
      vertex -94 7 378.57695987273377
    endloop
  endfacet
  facet normal 0 -1 0
    outer loop
      vertex -83.83027717694208 7 373.81537369918664
      vertex -82 7 373.506042488545
      vertex -82 7 376.55135987273377
    endloop
  endfacet
  facet normal 0 -1 0
    outer loop
      vertex -83.83027717694208 7 373.81537369918664
      vertex -82 7 376.55135987273377
      vertex -94 7 378.57695987273377
    endloop
  endfacet
  facet normal -1 0 0
    outer loop
      vertex -82 1 370.45815797840027
      vertex -82 7 370.46349749989145
      vertex -82 7 364.3816
    endloop
  endfacet
  facet normal -1 0 0
    outer loop
      vertex -82 7 373.506042488545
      vertex -82 1 376.55135987273377
      vertex -82 7 376.55135987273377
    endloop
  endfacet
  facet normal 0.16644535481249018 1.7820658613921254e-14 0.9860506801687956
    outer loop
      vertex -44 3.5 357.96720000000005
      vertex -50.69746599156024 4 359.0977322593754
      vertex -50.19221815436846 3.0377193283122654 359.01244642445744
    endloop
  endfacet
  facet normal 0.9860506801687952 0 -0.16644535481249206
    outer loop
      vertex -50.69746599156024 3 359.0977322593754
      vertex -50.69746599156024 4 359.0977322593754
      vertex -48.700121733810334 4 370.93034042140096
    endloop
  endfacet
  facet normal 0 1 0
    outer loop
      vertex -50.69746599156024 3 359.0977322593754
      vertex -48.700121733810334 3 370.93034042140096
      vertex -43.968542666373175 3 357.9618900020838
    endloop
  endfacet
  facet normal 0.9860506801687952 0 -0.16644535481249206
    outer loop
      vertex -48.700121733810334 4 370.93034042140096
      vertex -48.700121733810334 3 370.93034042140096
      vertex -50.69746599156024 3 359.0977322593754
    endloop
  endfacet
  facet normal 0.16644535481249487 -4.681826778798058e-14 0.9860506801687947
    outer loop
      vertex -44 3.5 357.96720000000005
      vertex -50.19221815436846 3.0377193283122654 359.01244642445744
      vertex -44.80476621329953 3 358.103044536805
    endloop
  endfacet
  facet normal 0 1 0
    outer loop
      vertex -33.404496768768894 3 361.1179481607244
      vertex -30.97645238818434 3 355.76882516312554
      vertex -36.031457333626825 3 356.6221099979162
    endloop
  endfacet
  facet normal 0 1 0
    outer loop
      vertex -33.96141380020708 3 361.24837918225705
      vertex -33.82946195597471 3 361.1896822843247
      vertex -36.031457333626825 3 356.6221099979162
    endloop
  endfacet
  facet normal 0 1 0
    outer loop
      vertex -34.08496849271752 3 361.3231511889297
      vertex -33.96141380020708 3 361.24837918225705
      vertex -36.031457333626825 3 356.6221099979162
    endloop
  endfacet
  facet normal 0 1 0
    outer loop
      vertex -34.19817750219714 3 361.41281910513084
      vertex -34.08496849271752 3 361.3231511889297
      vertex -36.031457333626825 3 356.6221099979162
    endloop
  endfacet
  facet normal 0 1 0
    outer loop
      vertex -34.299255454938674 3 361.51596881425684
      vertex -34.19817750219714 3 361.41281910513084
      vertex -36.031457333626825 3 356.6221099979162
    endloop
  endfacet
  facet normal 0 1 0
    outer loop
      vertex -34.38660829124635 3 361.63097358377627
      vertex -34.299255454938674 3 361.51596881425684
      vertex -36.031457333626825 3 356.6221099979162
    endloop
  endfacet
  facet normal 0 1 0
    outer loop
      vertex -34.4588584047095 3 361.75601971977324
      vertex -34.38660829124635 3 361.63097358377627
      vertex -36.031457333626825 3 356.6221099979162
    endloop
  endfacet
  facet normal 0 1 0
    outer loop
      vertex -34.514866367878724 3 361.88913516998406
      vertex -34.4588584047095 3 361.75601971977324
      vertex -36.031457333626825 3 356.6221099979162
    endloop
  endfacet
  facet normal 0 1 0
    outer loop
      vertex -33.54879026010106 3 361.1239484425825
      vertex -33.404496768768894 3 361.1179481607244
      vertex -36.031457333626825 3 356.6221099979162
    endloop
  endfacet
  facet normal 0 1 0
    outer loop
      vertex -33.69119391942813 3 361.1479861802769
      vertex -36.031457333626825 3 356.6221099979162
      vertex -33.82946195597471 3 361.1896822843247
    endloop
  endfacet
  facet normal 0 1 0
    outer loop
      vertex -33.69119391942813 3 361.1479861802769
      vertex -33.54879026010106 3 361.1239484425825
      vertex -36.031457333626825 3 356.6221099979162
    endloop
  endfacet
  facet normal 0 1 0
    outer loop
      vertex -34.553748901717285 3 362.02822062423974
      vertex -34.514866367878724 3 361.88913516998406
      vertex -36.031457333626825 3 356.6221099979162
    endloop
  endfacet
  facet normal 0 1 0
    outer loop
      vertex -34.553748901717285 3 362.02822062423974
      vertex -36.031457333626825 3 356.6221099979162
      vertex -34.57489280543929 3 362.1710826218409
    endloop
  endfacet
  facet normal 0 1 0
    outer loop
      vertex -34.57489280543929 3 362.1710826218409
      vertex -36.031457333626825 3 356.6221099979162
      vertex -34.577964627052225 3 362.31546814374383
    endloop
  endfacet
  facet normal 0 1 0
    outer loop
      vertex -34.56291592209429 3 362.4591001440164
      vertex -34.577964627052225 3 362.31546814374383
      vertex -36.031457333626825 3 356.6221099979162
    endloop
  endfacet
  facet normal 0 1 0
    outer loop
      vertex -34.56291592209429 3 362.4591001440164
      vertex -36.031457333626825 3 356.6221099979162
      vertex -34.52998401763229 3 362.5997134602127
    endloop
  endfacet
  facet normal 0 1 0
    outer loop
      vertex -33.404496768768894 3 361.1179481607244
      vertex -33.260589039986655 3 361.1300799627319
      vertex -30.97645238818434 3 355.76882516312554
    endloop
  endfacet
  facet normal 0 1 0
    outer loop
      vertex -33.260589039986655 3 361.1300799627319
      vertex -33.1193365846036 3 361.16015252284006
      vertex -30.97645238818434 3 355.76882516312554
    endloop
  endfacet
  facet normal 0 1 0
    outer loop
      vertex -33.1193365846036 3 361.16015252284006
      vertex -32.98296703822122 3 361.2076915788117
      vertex -30.97645238818434 3 355.76882516312554
    endloop
  endfacet
  facet normal 0 1 0
    outer loop
      vertex -32.98296703822122 3 361.2076915788117
      vertex -32.8536310300492 3 361.27194741133553
      vertex -30.97645238818434 3 355.76882516312554
    endloop
  endfacet
  facet normal 0 1 0
    outer loop
      vertex -32.8536310300492 3 361.27194741133553
      vertex -32.733368266197985 3 361.3519066675481
      vertex -30.97645238818434 3 355.76882516312554
    endloop
  endfacet
  facet normal 0 1 0
    outer loop
      vertex -32.733368266197985 3 361.3519066675481
      vertex -32.62407536229499 3 361.4463083422136
      vertex -30.97645238818434 3 355.76882516312554
    endloop
  endfacet
  facet normal 0 1 0
    outer loop
      vertex -32.62407536229499 3 361.4463083422136
      vertex -32.527475932723206 3 361.55366366452984
      vertex -30.97645238818434 3 355.76882516312554
    endloop
  endfacet
  facet normal 0 1 0
    outer loop
      vertex -32.527475932723206 3 361.55366366452984
      vertex -32.44509340819266 3 361.67227957693274
      vertex -30.97645238818434 3 355.76882516312554
    endloop
  endfacet
  facet normal 0 1 0
    outer loop
      vertex -43.968542666373175 3 357.9618900020838
      vertex -48.700121733810334 3 370.93034042140096
      vertex -43.968542666373175 3 370.1316498748175
    endloop
  endfacet
  facet normal 0 1 0
    outer loop
      vertex -34.52998401763229 3 362.5997134602127
      vertex -36.031457333626825 3 356.6221099979162
      vertex -36.031457333626825 3 368.79186987065
    endloop
  endfacet
  facet normal 0 1 0
    outer loop
      vertex -32.44509340819266 3 361.67227957693274
      vertex -28.979108130434426 3 367.6014333251511
      vertex -30.97645238818434 3 355.76882516312554
    endloop
  endfacet
  facet normal 0 1 0
    outer loop
      vertex -32.44509340819266 3 361.67227957693274
      vertex -32.378227010328146 3 361.80028543562617
      vertex -28.979108130434426 3 367.6014333251511
    endloop
  endfacet
  facet normal 0 1 0
    outer loop
      vertex -32.378227010328146 3 361.80028543562617
      vertex -32.327931262168036 3 361.9356625117514
      vertex -28.979108130434426 3 367.6014333251511
    endloop
  endfacet
  facet normal 0 1 0
    outer loop
      vertex -32.327931262168036 3 361.9356625117514
      vertex -32.29499935770605 3 362.07627582794765
      vertex -28.979108130434426 3 367.6014333251511
    endloop
  endfacet
  facet normal 0 1 0
    outer loop
      vertex -32.34304891192161 3 362.64624080198
      vertex -28.979108130434426 3 367.6014333251511
      vertex -32.30416637808304 3 362.50715534772434
    endloop
  endfacet
  facet normal 0 1 0
    outer loop
      vertex -32.399056875090835 3 362.77935625219084
      vertex -28.979108130434426 3 367.6014333251511
      vertex -32.34304891192161 3 362.64624080198
    endloop
  endfacet
  facet normal 0 1 0
    outer loop
      vertex -32.471306988554005 3 362.9044023881878
      vertex -28.979108130434426 3 367.6014333251511
      vertex -32.399056875090835 3 362.77935625219084
    endloop
  endfacet
  facet normal 0 1 0
    outer loop
      vertex -32.55865982486165 3 363.01940715770724
      vertex -28.979108130434426 3 367.6014333251511
      vertex -32.471306988554005 3 362.9044023881878
    endloop
  endfacet
  facet normal 0 1 0
    outer loop
      vertex -32.29499935770605 3 362.07627582794765
      vertex -32.2799506527481 3 362.21990782822024
      vertex -28.979108130434426 3 367.6014333251511
    endloop
  endfacet
  facet normal 0 1 0
    outer loop
      vertex -32.28302247436105 3 362.36429335012315
      vertex -28.979108130434426 3 367.6014333251511
      vertex -32.2799506527481 3 362.21990782822024
    endloop
  endfacet
  facet normal 0 1 0
    outer loop
      vertex -32.30416637808304 3 362.50715534772434
      vertex -28.979108130434426 3 367.6014333251511
      vertex -32.28302247436105 3 362.36429335012315
    endloop
  endfacet
  facet normal 0 1 0
    outer loop
      vertex -34.52998401763229 3 362.5997134602127
      vertex -36.031457333626825 3 368.79186987065
      vertex -34.47968826947219 3 362.7350905363379
    endloop
  endfacet
  facet normal 0 1 0
    outer loop
      vertex -34.47968826947219 3 362.7350905363379
      vertex -36.031457333626825 3 368.79186987065
      vertex -34.41282187160766 3 362.86309639503133
    endloop
  endfacet
  facet normal 0 1 0
    outer loop
      vertex -34.41282187160766 3 362.86309639503133
      vertex -36.031457333626825 3 368.79186987065
      vertex -34.33043934707713 3 362.98171230743424
    endloop
  endfacet
  facet normal 0 1 0
    outer loop
      vertex -34.33043934707713 3 362.98171230743424
      vertex -36.031457333626825 3 368.79186987065
      vertex -34.23383991750535 3 363.08906762975045
    endloop
  endfacet
  facet normal 0 1 0
    outer loop
      vertex -34.23383991750535 3 363.08906762975045
      vertex -36.031457333626825 3 368.79186987065
      vertex -34.12454701360237 3 363.18346930441595
    endloop
  endfacet
  facet normal 0 1 0
    outer loop
      vertex -34.12454701360237 3 363.18346930441595
      vertex -36.031457333626825 3 368.79186987065
      vertex -34.00428424975112 3 363.26342856062854
    endloop
  endfacet
  facet normal 0 1 0
    outer loop
      vertex -34.00428424975112 3 363.26342856062854
      vertex -36.031457333626825 3 368.79186987065
      vertex -33.874948241579105 3 363.32768439315237
    endloop
  endfacet
  facet normal 0 1 0
    outer loop
      vertex -33.874948241579105 3 363.32768439315237
      vertex -36.031457333626825 3 368.79186987065
      vertex -33.73857869519672 3 363.37522344912395
    endloop
  endfacet
  facet normal 0 1 0
    outer loop
      vertex -33.73857869519672 3 363.37522344912395
      vertex -36.031457333626825 3 368.79186987065
      vertex -33.59732623981368 3 363.4052960092322
    endloop
  endfacet
  facet normal 0 1 0
    outer loop
      vertex -33.59732623981368 3 363.4052960092322
      vertex -36.031457333626825 3 368.79186987065
      vertex -33.45341851103146 3 363.4174278112397
    endloop
  endfacet
  facet normal 0 1 0
    outer loop
      vertex -33.45341851103146 3 363.4174278112397
      vertex -36.031457333626825 3 368.79186987065
      vertex -33.309125019699266 3 363.41142752938157
    endloop
  endfacet
  facet normal 0 1 0
    outer loop
      vertex -33.309125019699266 3 363.41142752938157
      vertex -28.979108130434426 3 367.6014333251511
      vertex -33.16672136037219 3 363.38738979168716
    endloop
  endfacet
  facet normal 0 1 0
    outer loop
      vertex -33.028453323825644 3 363.34569368763937
      vertex -28.979108130434426 3 367.6014333251511
      vertex -32.896501479593255 3 363.286996789707
    endloop
  endfacet
  facet normal 0 1 0
    outer loop
      vertex -32.896501479593255 3 363.286996789707
      vertex -28.979108130434426 3 367.6014333251511
      vertex -32.7729467870828 3 363.21222478303434
    endloop
  endfacet
  facet normal 0 1 0
    outer loop
      vertex -32.65973777760318 3 363.12255686683324
      vertex -28.979108130434426 3 367.6014333251511
      vertex -32.55865982486165 3 363.01940715770724
    endloop
  endfacet
  facet normal 0 1 0
    outer loop
      vertex -32.7729467870828 3 363.21222478303434
      vertex -28.979108130434426 3 367.6014333251511
      vertex -32.65973777760318 3 363.12255686683324
    endloop
  endfacet
  facet normal 0 1 0
    outer loop
      vertex -33.16672136037219 3 363.38738979168716
      vertex -28.979108130434426 3 367.6014333251511
      vertex -33.028453323825644 3 363.34569368763937
    endloop
  endfacet
  facet normal 0 1 0
    outer loop
      vertex -33.309125019699266 3 363.41142752938157
      vertex -36.031457333626825 3 368.79186987065
      vertex -28.979108130434426 3 367.6014333251511
    endloop
  endfacet
  facet normal 0 -1 0
    outer loop
      vertex -48.700121733810334 4 370.93034042140096
      vertex -50.69746599156024 4 359.0977322593754
      vertex -43.968542666373175 4 370.1316498748175
    endloop
  endfacet
  facet normal 0.1664453548124923 4.6726780564109213e-14 0.9860506801687953
    outer loop
      vertex -44 3.5 357.96720000000005
      vertex -44.610753978425684 4 358.0702952715583
      vertex -50.69746599156024 4 359.0977322593754
    endloop
  endfacet
  facet normal 0 -1 0
    outer loop
      vertex -33.82946195597471 4 361.1896822843247
      vertex -36.031457333626825 4 356.6221099979162
      vertex -30.97645238818434 4 355.76882516312554
    endloop
  endfacet
  facet normal 0 -1 0
    outer loop
      vertex -33.96141380020708 4 361.24837918225705
      vertex -36.031457333626825 4 356.6221099979162
      vertex -33.82946195597471 4 361.1896822843247
    endloop
  endfacet
  facet normal 0 -1 0
    outer loop
      vertex -34.08496849271752 4 361.3231511889297
      vertex -36.031457333626825 4 356.6221099979162
      vertex -33.96141380020708 4 361.24837918225705
    endloop
  endfacet
  facet normal 0 -1 0
    outer loop
      vertex -34.19817750219714 4 361.41281910513084
      vertex -36.031457333626825 4 356.6221099979162
      vertex -34.08496849271752 4 361.3231511889297
    endloop
  endfacet
  facet normal 0 -1 0
    outer loop
      vertex -34.299255454938674 4 361.51596881425684
      vertex -36.031457333626825 4 356.6221099979162
      vertex -34.19817750219714 4 361.41281910513084
    endloop
  endfacet
  facet normal 0 -1 0
    outer loop
      vertex -34.38660829124635 4 361.63097358377627
      vertex -36.031457333626825 4 356.6221099979162
      vertex -34.299255454938674 4 361.51596881425684
    endloop
  endfacet
  facet normal 0 -1 0
    outer loop
      vertex -34.4588584047095 4 361.75601971977324
      vertex -36.031457333626825 4 356.6221099979162
      vertex -34.38660829124635 4 361.63097358377627
    endloop
  endfacet
  facet normal 0 -1 0
    outer loop
      vertex -34.514866367878724 4 361.88913516998406
      vertex -36.031457333626825 4 356.6221099979162
      vertex -34.4588584047095 4 361.75601971977324
    endloop
  endfacet
  facet normal 0 -1 0
    outer loop
      vertex -34.553748901717285 4 362.02822062423974
      vertex -36.031457333626825 4 356.6221099979162
      vertex -34.514866367878724 4 361.88913516998406
    endloop
  endfacet
  facet normal 0 -1 0
    outer loop
      vertex -34.553748901717285 4 362.02822062423974
      vertex -34.57489280543929 4 362.1710826218409
      vertex -36.031457333626825 4 356.6221099979162
    endloop
  endfacet
  facet normal 0 -1 0
    outer loop
      vertex -34.57489280543929 4 362.1710826218409
      vertex -34.577964627052225 4 362.31546814374383
      vertex -36.031457333626825 4 356.6221099979162
    endloop
  endfacet
  facet normal 0 -1 0
    outer loop
      vertex -34.56291592209429 4 362.4591001440164
      vertex -36.031457333626825 4 356.6221099979162
      vertex -34.577964627052225 4 362.31546814374383
    endloop
  endfacet
  facet normal 0 -1 0
    outer loop
      vertex -34.56291592209429 4 362.4591001440164
      vertex -34.52998401763229 4 362.5997134602127
      vertex -36.031457333626825 4 356.6221099979162
    endloop
  endfacet
  facet normal 0 -1 0
    outer loop
      vertex -33.54879026010106 4 361.1239484425825
      vertex -30.97645238818434 4 355.76882516312554
      vertex -33.404496768768894 4 361.1179481607244
    endloop
  endfacet
  facet normal 0 -1 0
    outer loop
      vertex -33.69119391942813 4 361.1479861802769
      vertex -33.82946195597471 4 361.1896822843247
      vertex -30.97645238818434 4 355.76882516312554
    endloop
  endfacet
  facet normal 0 -1 0
    outer loop
      vertex -33.69119391942813 4 361.1479861802769
      vertex -30.97645238818434 4 355.76882516312554
      vertex -33.54879026010106 4 361.1239484425825
    endloop
  endfacet
  facet normal 0 -1 0
    outer loop
      vertex -33.404496768768894 4 361.1179481607244
      vertex -30.97645238818434 4 355.76882516312554
      vertex -33.260589039986655 4 361.1300799627319
    endloop
  endfacet
  facet normal 0 -1 0
    outer loop
      vertex -33.260589039986655 4 361.1300799627319
      vertex -30.97645238818434 4 355.76882516312554
      vertex -33.1193365846036 4 361.16015252284006
    endloop
  endfacet
  facet normal 0 -1 0
    outer loop
      vertex -33.1193365846036 4 361.16015252284006
      vertex -30.97645238818434 4 355.76882516312554
      vertex -32.98296703822122 4 361.2076915788117
    endloop
  endfacet
  facet normal 0 -1 0
    outer loop
      vertex -32.98296703822122 4 361.2076915788117
      vertex -30.97645238818434 4 355.76882516312554
      vertex -32.8536310300492 4 361.27194741133553
    endloop
  endfacet
  facet normal 0 -1 0
    outer loop
      vertex -32.8536310300492 4 361.27194741133553
      vertex -30.97645238818434 4 355.76882516312554
      vertex -32.733368266197985 4 361.3519066675481
    endloop
  endfacet
  facet normal 0 -1 0
    outer loop
      vertex -32.733368266197985 4 361.3519066675481
      vertex -30.97645238818434 4 355.76882516312554
      vertex -32.62407536229499 4 361.4463083422136
    endloop
  endfacet
  facet normal 0 -1 0
    outer loop
      vertex -32.62407536229499 4 361.4463083422136
      vertex -30.97645238818434 4 355.76882516312554
      vertex -32.527475932723206 4 361.55366366452984
    endloop
  endfacet
  facet normal 0 -1 0
    outer loop
      vertex -32.527475932723206 4 361.55366366452984
      vertex -30.97645238818434 4 355.76882516312554
      vertex -32.44509340819266 4 361.67227957693274
    endloop
  endfacet
  facet normal 0 -1 0
    outer loop
      vertex -50.69746599156024 4 359.0977322593754
      vertex -43.968542666373175 4 357.9618900020838
      vertex -43.968542666373175 4 370.1316498748175
    endloop
  endfacet
  facet normal 0 -1 0
    outer loop
      vertex -34.52998401763229 4 362.5997134602127
      vertex -36.031457333626825 4 368.79186987065
      vertex -36.031457333626825 4 356.6221099979162
    endloop
  endfacet
  facet normal 0 -1 0
    outer loop
      vertex -32.44509340819266 4 361.67227957693274
      vertex -30.97645238818434 4 355.76882516312554
      vertex -28.979108130434426 4 367.6014333251511
    endloop
  endfacet
  facet normal 0 -1 0
    outer loop
      vertex -32.44509340819266 4 361.67227957693274
      vertex -28.979108130434426 4 367.6014333251511
      vertex -32.378227010328146 4 361.80028543562617
    endloop
  endfacet
  facet normal 0 -1 0
    outer loop
      vertex -32.378227010328146 4 361.80028543562617
      vertex -28.979108130434426 4 367.6014333251511
      vertex -32.327931262168036 4 361.9356625117514
    endloop
  endfacet
  facet normal 0 -1 0
    outer loop
      vertex -32.327931262168036 4 361.9356625117514
      vertex -28.979108130434426 4 367.6014333251511
      vertex -32.29499935770605 4 362.07627582794765
    endloop
  endfacet
  facet normal 0 -1 0
    outer loop
      vertex -32.34304891192161 4 362.64624080198
      vertex -32.30416637808304 4 362.50715534772434
      vertex -28.979108130434426 4 367.6014333251511
    endloop
  endfacet
  facet normal 0 -1 0
    outer loop
      vertex -32.399056875090835 4 362.77935625219084
      vertex -32.34304891192161 4 362.64624080198
      vertex -28.979108130434426 4 367.6014333251511
    endloop
  endfacet
  facet normal 0 -1 0
    outer loop
      vertex -32.471306988554005 4 362.9044023881878
      vertex -32.399056875090835 4 362.77935625219084
      vertex -28.979108130434426 4 367.6014333251511
    endloop
  endfacet
  facet normal 0 -1 0
    outer loop
      vertex -32.55865982486165 4 363.01940715770724
      vertex -32.471306988554005 4 362.9044023881878
      vertex -28.979108130434426 4 367.6014333251511
    endloop
  endfacet
  facet normal 0 -1 0
    outer loop
      vertex -32.29499935770605 4 362.07627582794765
      vertex -28.979108130434426 4 367.6014333251511
      vertex -32.2799506527481 4 362.21990782822024
    endloop
  endfacet
  facet normal 0 -1 0
    outer loop
      vertex -32.28302247436105 4 362.36429335012315
      vertex -32.2799506527481 4 362.21990782822024
      vertex -28.979108130434426 4 367.6014333251511
    endloop
  endfacet
  facet normal 0 -1 0
    outer loop
      vertex -32.30416637808304 4 362.50715534772434
      vertex -32.28302247436105 4 362.36429335012315
      vertex -28.979108130434426 4 367.6014333251511
    endloop
  endfacet
  facet normal 0 -1 0
    outer loop
      vertex -34.52998401763229 4 362.5997134602127
      vertex -34.47968826947219 4 362.7350905363379
      vertex -36.031457333626825 4 368.79186987065
    endloop
  endfacet
  facet normal 0 -1 0
    outer loop
      vertex -34.47968826947219 4 362.7350905363379
      vertex -34.41282187160766 4 362.86309639503133
      vertex -36.031457333626825 4 368.79186987065
    endloop
  endfacet
  facet normal 0 -1 0
    outer loop
      vertex -34.41282187160766 4 362.86309639503133
      vertex -34.33043934707713 4 362.98171230743424
      vertex -36.031457333626825 4 368.79186987065
    endloop
  endfacet
  facet normal 0 -1 0
    outer loop
      vertex -34.33043934707713 4 362.98171230743424
      vertex -34.23383991750535 4 363.08906762975045
      vertex -36.031457333626825 4 368.79186987065
    endloop
  endfacet
  facet normal 0 -1 0
    outer loop
      vertex -34.23383991750535 4 363.08906762975045
      vertex -34.12454701360237 4 363.18346930441595
      vertex -36.031457333626825 4 368.79186987065
    endloop
  endfacet
  facet normal 0 -1 0
    outer loop
      vertex -34.12454701360237 4 363.18346930441595
      vertex -34.00428424975112 4 363.26342856062854
      vertex -36.031457333626825 4 368.79186987065
    endloop
  endfacet
  facet normal 0 -1 0
    outer loop
      vertex -34.00428424975112 4 363.26342856062854
      vertex -33.874948241579105 4 363.32768439315237
      vertex -36.031457333626825 4 368.79186987065
    endloop
  endfacet
  facet normal 0 -1 0
    outer loop
      vertex -33.874948241579105 4 363.32768439315237
      vertex -33.73857869519672 4 363.37522344912395
      vertex -36.031457333626825 4 368.79186987065
    endloop
  endfacet
  facet normal 0 -1 0
    outer loop
      vertex -33.73857869519672 4 363.37522344912395
      vertex -33.59732623981368 4 363.4052960092322
      vertex -36.031457333626825 4 368.79186987065
    endloop
  endfacet
  facet normal 0 -1 0
    outer loop
      vertex -33.59732623981368 4 363.4052960092322
      vertex -33.45341851103146 4 363.4174278112397
      vertex -36.031457333626825 4 368.79186987065
    endloop
  endfacet
  facet normal 0 -1 0
    outer loop
      vertex -33.45341851103146 4 363.4174278112397
      vertex -33.309125019699266 4 363.41142752938157
      vertex -28.979108130434426 4 367.6014333251511
    endloop
  endfacet
  facet normal 0 -1 0
    outer loop
      vertex -33.309125019699266 4 363.41142752938157
      vertex -33.16672136037219 4 363.38738979168716
      vertex -28.979108130434426 4 367.6014333251511
    endloop
  endfacet
  facet normal 0 -1 0
    outer loop
      vertex -33.028453323825644 4 363.34569368763937
      vertex -32.896501479593255 4 363.286996789707
      vertex -28.979108130434426 4 367.6014333251511
    endloop
  endfacet
  facet normal 0 -1 0
    outer loop
      vertex -32.896501479593255 4 363.286996789707
      vertex -32.7729467870828 4 363.21222478303434
      vertex -28.979108130434426 4 367.6014333251511
    endloop
  endfacet
  facet normal 0 -1 0
    outer loop
      vertex -32.65973777760318 4 363.12255686683324
      vertex -32.55865982486165 4 363.01940715770724
      vertex -28.979108130434426 4 367.6014333251511
    endloop
  endfacet
  facet normal 0 -1 0
    outer loop
      vertex -32.7729467870828 4 363.21222478303434
      vertex -32.65973777760318 4 363.12255686683324
      vertex -28.979108130434426 4 367.6014333251511
    endloop
  endfacet
  facet normal 0 -1 0
    outer loop
      vertex -33.16672136037219 4 363.38738979168716
      vertex -33.028453323825644 4 363.34569368763937
      vertex -28.979108130434426 4 367.6014333251511
    endloop
  endfacet
  facet normal 0 -1 0
    outer loop
      vertex -33.45341851103146 4 363.4174278112397
      vertex -28.979108130434426 4 367.6014333251511
      vertex -36.031457333626825 4 368.79186987065
    endloop
  endfacet
  facet normal 0.2486898871648566 0.9685831611286306 0
    outer loop
      vertex -41.236067977499786 -0.3042260651806141 357.500648274602
      vertex -41.236067977499786 -0.3042260651806141 369.6704081473357
      vertex -40.7495252583429 -0.42914900291475444 357.4185198636083
    endloop
  endfacet
  facet normal 0.1253332335643047 0.9921147013144779 0
    outer loop
      vertex -40.7495252583429 -0.42914900291475444 357.4185198636083
      vertex -40.7495252583429 -0.42914900291475444 369.58827973634203
      vertex -40.251162078117254 -0.49210691371308624 357.3343961587862
    endloop
  endfacet
  facet normal 0 1 0
    outer loop
      vertex -40.251162078117254 -0.49210691371308624 357.3343961587862
      vertex -40.251162078117254 -0.49210691371308624 369.5041560315199
      vertex -39.748837921882746 -0.49210691371308624 357.2496038412138
    endloop
  endfacet
  facet normal -0.2486898871648566 0.9685831611286306 0
    outer loop
      vertex -39.2504747416571 -0.42914900291475444 357.16548013639175
      vertex -39.2504747416571 -0.42914900291475444 369.33524000912547
      vertex -38.763932022500214 -0.3042260651806141 357.0833517253981
    endloop
  endfacet
  facet normal -0.1253332335643047 0.9921147013144779 0
    outer loop
      vertex -39.748837921882746 -0.49210691371308624 357.2496038412138
      vertex -39.748837921882746 -0.49210691371308624 369.4193637139476
      vertex -39.2504747416571 -0.42914900291475444 357.16548013639175
    endloop
  endfacet
  facet normal -0.36812455268467437 0.9297764858882528 0
    outer loop
      vertex -38.29688283373971 -0.11930820986407831 357.0045138223353
      vertex -38.763932022500214 -0.3042260651806141 357.0833517253981
      vertex -38.763932022500214 -0.3042260651806141 369.2531115981318
    endloop
  endfacet
  facet normal 0.36812455268467437 0.9297764858882528 0
    outer loop
      vertex -41.70311716626029 -0.11930820986407831 357.57948617766476
      vertex -41.70311716626029 -0.11930820986407831 369.7492460503985
      vertex -41.236067977499786 -0.3042260651806141 357.500648274602
    endloop
  endfacet
  facet normal -0.4817536741017153 0.8763066800438636 0
    outer loop
      vertex -38.29688283373971 -0.11930820986407831 357.0045138223353
      vertex -38.29688283373971 -0.11930820986407831 369.174273695069
      vertex -37.856692820084014 0.12268829799193881 356.9302097480302
    endloop
  endfacet
  facet normal -0.5877852522924732 0.8090169943749473 0
    outer loop
      vertex -37.856692820084014 0.12268829799193881 356.9302097480302
      vertex -37.856692820084014 0.12268829799193881 369.09996962076394
      vertex -37.45030404100524 0.4179470288968439 356.8616113221217
    endloop
  endfacet
  facet normal -0.684547105928693 0.7289686274214074 0
    outer loop
      vertex -37.45030404100524 0.4179470288968439 356.8616113221217
      vertex -37.45030404100524 0.4179470288968439 369.03137119485547
      vertex -37.08412549031436 0.761811576285246 356.79980038276506
    endloop
  endfacet
  facet normal -0.7705132427757896 0.6374239897486893 0
    outer loop
      vertex -37.08412549031436 0.761811576285246 356.79980038276506
      vertex -37.08412549031436 0.761811576285246 368.96956025549883
      vertex -36.763932022500214 1.1488589908301075 356.74575172539807
    endloop
  endfacet
  facet normal -0.844327925502009 0.5358267949790063 0
    outer loop
      vertex -36.763932022500214 1.1488589908301075 368.9155115981318
      vertex -36.49477327982454 1.5729853035931385 356.7003177296344
      vertex -36.763932022500214 1.1488589908301075 356.74575172539807
    endloop
  endfacet
  facet normal -0.904827052466023 0.4257792915650653 0
    outer loop
      vertex -36.49477327982454 1.5729853035931385 368.87007760236816
      vertex -36.280894056446996 2.0275017892612865 356.66421491672827
      vertex -36.49477327982454 1.5729853035931385 356.7003177296344
    endloop
  endfacet
  facet normal -0.951056516295153 0.30901699437494884 0
    outer loop
      vertex -36.280894056446996 2.0275017892612865 368.83397478946205
      vertex -36.125667355485476 2.5052404513405824 356.63801264960597
      vertex -36.280894056446996 2.0275017892612865 356.66421491672827
    endloop
  endfacet
  facet normal -0.982287250728689 0.18738131458572305 0
    outer loop
      vertex -36.125667355485476 2.5052404513405824 368.80777252233975
      vertex -36.03154119474209 2.998667065742784 356.6221241536725
      vertex -36.125667355485476 2.5052404513405824 356.63801264960597
    endloop
  endfacet
  facet normal -0.9980267284282368 0.06279051952986411 0
    outer loop
      vertex -36.03154119474209 2.998667065742784 356.6221241536725
      vertex -36.031457333626825 3 368.79186987065
      vertex -36.031457333626825 3 356.6221099979162
    endloop
  endfacet
  facet normal 0.5877852522924698 0.8090169943749499 0
    outer loop
      vertex -42.54969595899476 0.41794702889684254 357.7223886778783
      vertex -42.54969595899476 0.41794702889684254 369.8921485506121
      vertex -42.143307179915986 0.12268829799194014 357.65379025196984
    endloop
  endfacet
  facet normal 0.6845471059286944 0.7289686274214061 0
    outer loop
      vertex -42.91587450968564 0.761811576285246 357.78419961723495
      vertex -42.91587450968564 0.761811576285246 369.95395948996867
      vertex -42.54969595899476 0.41794702889684254 357.7223886778783
    endloop
  endfacet
  facet normal 0.7705132427757896 0.6374239897486893 0
    outer loop
      vertex -42.91587450968564 0.761811576285246 357.78419961723495
      vertex -43.236067977499786 1.1488589908301075 357.838248274602
      vertex -43.236067977499786 1.1488589908301075 370.0080081473357
    endloop
  endfacet
  facet normal 0.48175367410171727 0.8763066800438625 0
    outer loop
      vertex -42.143307179915986 0.12268829799194014 357.65379025196984
      vertex -42.143307179915986 0.12268829799194014 369.82355012470356
      vertex -41.70311716626029 -0.11930820986407831 357.57948617766476
    endloop
  endfacet
  facet normal 0.6845471059286944 0.7289686274214061 0
    outer loop
      vertex -42.54969595899476 0.41794702889684254 369.8921485506121
      vertex -42.54969595899476 0.41794702889684254 357.7223886778783
      vertex -42.91587450968564 0.761811576285246 369.95395948996867
    endloop
  endfacet
  facet normal 0.7705132427757896 0.6374239897486894 0
    outer loop
      vertex -42.91587450968564 0.761811576285246 357.78419961723495
      vertex -43.236067977499786 1.1488589908301075 370.0080081473357
      vertex -42.91587450968564 0.761811576285246 369.95395948996867
    endloop
  endfacet
  facet normal 0.36812455268467437 0.9297764858882528 0
    outer loop
      vertex -41.70311716626029 -0.11930820986407831 369.7492460503985
      vertex -41.236067977499786 -0.3042260651806141 369.6704081473357
      vertex -41.236067977499786 -0.3042260651806141 357.500648274602
    endloop
  endfacet
  facet normal 0.2486898871648566 0.9685831611286306 0
    outer loop
      vertex -40.7495252583429 -0.42914900291475444 369.58827973634203
      vertex -40.7495252583429 -0.42914900291475444 357.4185198636083
      vertex -41.236067977499786 -0.3042260651806141 369.6704081473357
    endloop
  endfacet
  facet normal 0.1253332335643047 0.9921147013144779 0
    outer loop
      vertex -40.251162078117254 -0.49210691371308624 369.5041560315199
      vertex -40.251162078117254 -0.49210691371308624 357.3343961587862
      vertex -40.7495252583429 -0.42914900291475444 369.58827973634203
    endloop
  endfacet
  facet normal -0.1253332335643047 0.9921147013144779 0
    outer loop
      vertex -39.2504747416571 -0.42914900291475444 369.33524000912547
      vertex -39.2504747416571 -0.42914900291475444 357.16548013639175
      vertex -39.748837921882746 -0.49210691371308624 369.4193637139476
    endloop
  endfacet
  facet normal -0.2486898871648566 0.9685831611286306 0
    outer loop
      vertex -38.763932022500214 -0.3042260651806141 369.2531115981318
      vertex -38.763932022500214 -0.3042260651806141 357.0833517253981
      vertex -39.2504747416571 -0.42914900291475444 369.33524000912547
    endloop
  endfacet
  facet normal 0 1 0
    outer loop
      vertex -39.748837921882746 -0.49210691371308624 369.4193637139476
      vertex -39.748837921882746 -0.49210691371308624 357.2496038412138
      vertex -40.251162078117254 -0.49210691371308624 369.5041560315199
    endloop
  endfacet
  facet normal 0.48175367410171727 0.8763066800438625 0
    outer loop
      vertex -41.70311716626029 -0.11930820986407831 369.7492460503985
      vertex -41.70311716626029 -0.11930820986407831 357.57948617766476
      vertex -42.143307179915986 0.12268829799194014 369.82355012470356
    endloop
  endfacet
  facet normal 0.5877852522924698 0.8090169943749499 0
    outer loop
      vertex -42.143307179915986 0.12268829799194014 369.82355012470356
      vertex -42.143307179915986 0.12268829799194014 357.65379025196984
      vertex -42.54969595899476 0.41794702889684254 369.8921485506121
    endloop
  endfacet
  facet normal -0.36812455268467437 0.9297764858882528 0
    outer loop
      vertex -38.29688283373971 -0.11930820986407831 369.174273695069
      vertex -38.29688283373971 -0.11930820986407831 357.0045138223353
      vertex -38.763932022500214 -0.3042260651806141 369.2531115981318
    endloop
  endfacet
  facet normal -0.4817536741017153 0.8763066800438636 0
    outer loop
      vertex -37.856692820084014 0.12268829799193881 369.09996962076394
      vertex -37.856692820084014 0.12268829799193881 356.9302097480302
      vertex -38.29688283373971 -0.11930820986407831 369.174273695069
    endloop
  endfacet
  facet normal 0.844327925502009 0.5358267949790063 0
    outer loop
      vertex -43.236067977499786 1.1488589908301075 357.838248274602
      vertex -43.50522672017546 1.5729853035931385 357.8836822703656
      vertex -43.50522672017546 1.5729853035931385 370.05344214309935
    endloop
  endfacet
  facet normal 0.9048270524660236 0.42577929156506383 0
    outer loop
      vertex -43.50522672017546 1.5729853035931385 357.8836822703656
      vertex -43.719105943553004 2.0275017892612883 357.91978508327173
      vertex -43.719105943553004 2.0275017892612883 370.0895449560055
    endloop
  endfacet
  facet normal 0.9510565162951524 0.30901699437495095 0
    outer loop
      vertex -43.719105943553004 2.0275017892612883 357.91978508327173
      vertex -43.874332644514524 2.5052404513405806 357.9459873503941
      vertex -43.874332644514524 2.5052404513405806 370.1157472231278
    endloop
  endfacet
  facet normal 0.998026728428237 0.06279051952986413 0
    outer loop
      vertex -43.96845880525791 2.998667065742784 357.96187584632753
      vertex -43.968542666373175 3 357.9618900020838
      vertex -43.968542666373175 3 370.1316498748175
    endloop
  endfacet
  facet normal 0.9822872507286892 0.18738131458572233 0
    outer loop
      vertex -43.874332644514524 2.5052404513405806 357.9459873503941
      vertex -43.96845880525791 2.998667065742784 357.96187584632753
      vertex -43.96845880525791 2.998667065742784 370.1316357190613
    endloop
  endfacet
  facet normal 0.9048270524660236 0.4257792915650639 0
    outer loop
      vertex -43.719105943553004 2.0275017892612883 370.0895449560055
      vertex -43.50522672017546 1.5729853035931385 370.05344214309935
      vertex -43.50522672017546 1.5729853035931385 357.8836822703656
    endloop
  endfacet
  facet normal 0.844327925502009 0.5358267949790063 0
    outer loop
      vertex -43.236067977499786 1.1488589908301075 357.838248274602
      vertex -43.50522672017546 1.5729853035931385 370.05344214309935
      vertex -43.236067977499786 1.1488589908301075 370.0080081473357
    endloop
  endfacet
  facet normal 0.9510565162951524 0.30901699437495095 0
    outer loop
      vertex -43.719105943553004 2.0275017892612883 357.91978508327173
      vertex -43.874332644514524 2.5052404513405806 370.1157472231278
      vertex -43.719105943553004 2.0275017892612883 370.0895449560055
    endloop
  endfacet
  facet normal 0.982287250728689 0.18738131458572233 0
    outer loop
      vertex -43.874332644514524 2.5052404513405806 357.9459873503941
      vertex -43.96845880525791 2.998667065742784 370.1316357190613
      vertex -43.874332644514524 2.5052404513405806 370.1157472231278
    endloop
  endfacet
  facet normal 0.9980267284282368 0.06279051952986411 0
    outer loop
      vertex -43.96845880525791 2.998667065742784 357.96187584632753
      vertex -43.968542666373175 3 370.1316498748175
      vertex -43.96845880525791 2.998667065742784 370.1316357190613
    endloop
  endfacet
  facet normal -0.5877852522924734 0.8090169943749475 0
    outer loop
      vertex -37.45030404100524 0.4179470288968439 369.03137119485547
      vertex -37.45030404100524 0.4179470288968439 356.8616113221217
      vertex -37.856692820084014 0.12268829799193881 369.09996962076394
    endloop
  endfacet
  facet normal -0.684547105928693 0.7289686274214074 0
    outer loop
      vertex -37.08412549031436 0.761811576285246 368.96956025549883
      vertex -37.08412549031436 0.761811576285246 356.79980038276506
      vertex -37.45030404100524 0.4179470288968439 369.03137119485547
    endloop
  endfacet
  facet normal -0.7705132427757896 0.6374239897486893 0
    outer loop
      vertex -37.08412549031436 0.761811576285246 368.96956025549883
      vertex -36.763932022500214 1.1488589908301075 368.9155115981318
      vertex -36.763932022500214 1.1488589908301075 356.74575172539807
    endloop
  endfacet
  facet normal -0.844327925502009 0.5358267949790063 0
    outer loop
      vertex -36.763932022500214 1.1488589908301075 368.9155115981318
      vertex -36.49477327982454 1.5729853035931385 368.87007760236816
      vertex -36.49477327982454 1.5729853035931385 356.7003177296344
    endloop
  endfacet
  facet normal -0.904827052466023 0.4257792915650653 0
    outer loop
      vertex -36.49477327982454 1.5729853035931385 368.87007760236816
      vertex -36.280894056446996 2.0275017892612865 368.83397478946205
      vertex -36.280894056446996 2.0275017892612865 356.66421491672827
    endloop
  endfacet
  facet normal -0.951056516295153 0.30901699437494884 0
    outer loop
      vertex -36.280894056446996 2.0275017892612865 368.83397478946205
      vertex -36.125667355485476 2.5052404513405824 368.80777252233975
      vertex -36.125667355485476 2.5052404513405824 356.63801264960597
    endloop
  endfacet
  facet normal -0.982287250728689 0.18738131458572302 0
    outer loop
      vertex -36.125667355485476 2.5052404513405824 368.80777252233975
      vertex -36.03154119474209 2.998667065742784 368.79188402640625
      vertex -36.03154119474209 2.998667065742784 356.6221241536725
    endloop
  endfacet
  facet normal -0.9980267284282368 0.06279051952986411 0
    outer loop
      vertex -36.03154119474209 2.998667065742784 368.79188402640625
      vertex -36.031457333626825 3 368.79186987065
      vertex -36.03154119474209 2.998667065742784 356.6221241536725
    endloop
  endfacet
  facet normal 0.3681245526846751 -0.9297764858882526 0
    outer loop
      vertex -41.236067977499786 7.304226065180615 357.500648274602
      vertex -41.236067977499786 7.304226065180615 369.6704081473357
      vertex -41.70311716626029 7.119308209864078 357.57948617766476
    endloop
  endfacet
  facet normal 0.24868988716485746 -0.9685831611286305 0
    outer loop
      vertex -41.236067977499786 7.304226065180615 357.500648274602
      vertex -40.7495252583429 7.429149002914755 357.4185198636083
      vertex -40.7495252583429 7.429149002914755 369.58827973634203
    endloop
  endfacet
  facet normal 0.12533323356430295 -0.992114701314478 0
    outer loop
      vertex -40.251162078117254 7.492106913713086 357.3343961587862
      vertex -40.251162078117254 7.492106913713086 369.5041560315199
      vertex -40.7495252583429 7.429149002914755 357.4185198636083
    endloop
  endfacet
  facet normal -0.36812455268467514 -0.9297764858882526 0
    outer loop
      vertex -38.29688283373971 7.119308209864078 357.00451382233524
      vertex -38.29688283373971 7.119308209864078 369.174273695069
      vertex -38.763932022500214 7.304226065180615 357.083351725398
    endloop
  endfacet
  facet normal -0.4817536741017166 -0.8763066800438628 0
    outer loop
      vertex -37.856692820084014 6.87731170200806 356.93020974803017
      vertex -37.856692820084014 6.87731170200806 369.09996962076394
      vertex -38.29688283373971 7.119308209864078 357.00451382233524
    endloop
  endfacet
  facet normal -0.12533323356430295 -0.992114701314478 0
    outer loop
      vertex -39.2504747416571 7.429149002914755 357.16548013639175
      vertex -39.2504747416571 7.429149002914755 369.33524000912547
      vertex -39.748837921882746 7.492106913713086 357.2496038412138
    endloop
  endfacet
  facet normal 0 -1 0
    outer loop
      vertex -39.748837921882746 7.492106913713086 357.2496038412138
      vertex -39.748837921882746 7.492106913713086 369.4193637139476
      vertex -40.251162078117254 7.492106913713086 357.3343961587862
    endloop
  endfacet
  facet normal -0.2486898871648574 -0.9685831611286304 0
    outer loop
      vertex -38.763932022500214 7.304226065180615 357.083351725398
      vertex -38.763932022500214 7.304226065180615 369.2531115981318
      vertex -39.2504747416571 7.429149002914755 357.16548013639175
    endloop
  endfacet
  facet normal -0.9980267284282396 -0.06279051952982244 0
    outer loop
      vertex -36.03154119474209 4.001332934257217 356.6221241536725
      vertex -36.031457333626825 4 356.6221099979162
      vertex -36.031457333626825 4 368.79186987065
    endloop
  endfacet
  facet normal -0.982287250728689 -0.18738131458572269 0
    outer loop
      vertex -36.125667355485476 4.494759548659419 356.63801264960597
      vertex -36.03154119474209 4.001332934257217 356.6221241536725
      vertex -36.03154119474209 4.001332934257217 368.79188402640625
    endloop
  endfacet
  facet normal -0.9510565162951524 -0.3090169943749509 0
    outer loop
      vertex -36.280894056446996 4.972498210738712 356.66421491672827
      vertex -36.125667355485476 4.494759548659419 356.63801264960597
      vertex -36.125667355485476 4.494759548659419 368.80777252233975
    endloop
  endfacet
  facet normal -0.9048270524660234 -0.4257792915650644 0
    outer loop
      vertex -36.49477327982454 5.427014696406861 356.7003177296344
      vertex -36.280894056446996 4.972498210738712 356.66421491672827
      vertex -36.280894056446996 4.972498210738712 368.83397478946205
    endloop
  endfacet
  facet normal -0.8443279255020093 -0.5358267949790056 0
    outer loop
      vertex -36.763932022500214 5.8511410091698925 356.74575172539807
      vertex -36.49477327982454 5.427014696406861 356.7003177296344
      vertex -36.49477327982454 5.427014696406861 368.87007760236816
    endloop
  endfacet
  facet normal -0.7705132427757903 -0.6374239897486884 0
    outer loop
      vertex -37.08412549031436 6.238188423714755 356.79980038276506
      vertex -36.763932022500214 5.8511410091698925 356.74575172539807
      vertex -36.763932022500214 5.8511410091698925 368.9155115981318
    endloop
  endfacet
  facet normal -0.6845471059286921 -0.7289686274214084 0
    outer loop
      vertex -37.08412549031436 6.238188423714755 368.96956025549883
      vertex -37.45030404100524 6.582052971103156 356.8616113221217
      vertex -37.08412549031436 6.238188423714755 356.79980038276506
    endloop
  endfacet
  facet normal -0.5877852522924721 -0.8090169943749482 0
    outer loop
      vertex -37.45030404100524 6.582052971103156 356.8616113221217
      vertex -37.45030404100524 6.582052971103156 369.03137119485547
      vertex -37.856692820084014 6.87731170200806 356.93020974803017
    endloop
  endfacet
  facet normal 0.9980267284282368 -0.06279051952986411 0
    outer loop
      vertex -43.968542666373175 4 357.9618900020838
      vertex -43.96845880525791 4.001332934257216 357.96187584632753
      vertex -43.96845880525791 4.001332934257216 370.1316357190613
    endloop
  endfacet
  facet normal 0.982287250728689 -0.18738131458572235 0
    outer loop
      vertex -43.96845880525791 4.001332934257216 357.96187584632753
      vertex -43.874332644514524 4.494759548659419 357.9459873503941
      vertex -43.874332644514524 4.494759548659419 370.1157472231278
    endloop
  endfacet
  facet normal 0.9510565162951524 -0.30901699437495095 0
    outer loop
      vertex -43.874332644514524 4.494759548659419 357.9459873503941
      vertex -43.719105943553004 4.972498210738712 357.91978508327173
      vertex -43.719105943553004 4.972498210738712 370.0895449560055
    endloop
  endfacet
  facet normal 0.9048270524660238 -0.4257792915650638 0
    outer loop
      vertex -43.719105943553004 4.972498210738712 357.91978508327173
      vertex -43.50522672017546 5.427014696406862 357.8836822703656
      vertex -43.50522672017546 5.427014696406862 370.05344214309935
    endloop
  endfacet
  facet normal 0.8443279255020087 -0.5358267949790064 0
    outer loop
      vertex -43.50522672017546 5.427014696406862 357.8836822703656
      vertex -43.236067977499786 5.8511410091698925 357.838248274602
      vertex -43.236067977499786 5.8511410091698925 370.0080081473357
    endloop
  endfacet
  facet normal 0.7705132427757895 -0.6374239897486894 0
    outer loop
      vertex -43.236067977499786 5.8511410091698925 357.838248274602
      vertex -42.91587450968564 6.238188423714754 357.78419961723495
      vertex -42.91587450968564 6.238188423714754 369.95395948996867
    endloop
  endfacet
  facet normal 0.6845471059286948 -0.7289686274214057 0
    outer loop
      vertex -42.54969595899476 6.582052971103158 357.7223886778783
      vertex -42.54969595899476 6.582052971103158 369.8921485506121
      vertex -42.91587450968564 6.238188423714754 357.78419961723495
    endloop
  endfacet
  facet normal 0.9048270524660238 -0.4257792915650638 0
    outer loop
      vertex -43.50522672017546 5.427014696406862 370.05344214309935
      vertex -43.719105943553004 4.972498210738712 370.0895449560055
      vertex -43.719105943553004 4.972498210738712 357.91978508327173
    endloop
  endfacet
  facet normal 0.998026728428237 -0.06279051952986413 0
    outer loop
      vertex -43.968542666373175 4 357.9618900020838
      vertex -43.96845880525791 4.001332934257216 370.1316357190613
      vertex -43.968542666373175 4 370.1316498748175
    endloop
  endfacet
  facet normal 0.9822872507286892 -0.18738131458572235 0
    outer loop
      vertex -43.874332644514524 4.494759548659419 370.1157472231278
      vertex -43.96845880525791 4.001332934257216 370.1316357190613
      vertex -43.96845880525791 4.001332934257216 357.96187584632753
    endloop
  endfacet
  facet normal 0.9510565162951524 -0.30901699437495095 0
    outer loop
      vertex -43.719105943553004 4.972498210738712 370.0895449560055
      vertex -43.874332644514524 4.494759548659419 370.1157472231278
      vertex -43.874332644514524 4.494759548659419 357.9459873503941
    endloop
  endfacet
  facet normal 0.8443279255020087 -0.5358267949790064 0
    outer loop
      vertex -43.236067977499786 5.8511410091698925 370.0080081473357
      vertex -43.50522672017546 5.427014696406862 370.05344214309935
      vertex -43.50522672017546 5.427014696406862 357.8836822703656
    endloop
  endfacet
  facet normal 0.7705132427757895 -0.6374239897486894 0
    outer loop
      vertex -42.91587450968564 6.238188423714754 369.95395948996867
      vertex -43.236067977499786 5.8511410091698925 370.0080081473357
      vertex -43.236067977499786 5.8511410091698925 357.838248274602
    endloop
  endfacet
  facet normal 0.6845471059286948 -0.7289686274214057 0
    outer loop
      vertex -42.91587450968564 6.238188423714754 357.78419961723495
      vertex -42.54969595899476 6.582052971103158 369.8921485506121
      vertex -42.91587450968564 6.238188423714754 369.95395948996867
    endloop
  endfacet
  facet normal 0.5877852522924686 -0.8090169943749508 0
    outer loop
      vertex -42.143307179915986 6.877311702008059 357.65379025196984
      vertex -42.143307179915986 6.877311702008059 369.82355012470356
      vertex -42.54969595899476 6.582052971103158 357.7223886778783
    endloop
  endfacet
  facet normal 0.48175367410171804 -0.876306680043862 0
    outer loop
      vertex -41.70311716626029 7.119308209864078 357.57948617766476
      vertex -41.70311716626029 7.119308209864078 369.7492460503985
      vertex -42.143307179915986 6.877311702008059 357.65379025196984
    endloop
  endfacet
  facet normal 0.5877852522924686 -0.8090169943749508 0
    outer loop
      vertex -42.54969595899476 6.582052971103158 357.7223886778783
      vertex -42.143307179915986 6.877311702008059 369.82355012470356
      vertex -42.54969595899476 6.582052971103158 369.8921485506121
    endloop
  endfacet
  facet normal 0.3681245526846751 -0.9297764858882526 0
    outer loop
      vertex -41.70311716626029 7.119308209864078 357.57948617766476
      vertex -41.236067977499786 7.304226065180615 369.6704081473357
      vertex -41.70311716626029 7.119308209864078 369.7492460503985
    endloop
  endfacet
  facet normal 0.48175367410171804 -0.876306680043862 0
    outer loop
      vertex -42.143307179915986 6.877311702008059 357.65379025196984
      vertex -41.70311716626029 7.119308209864078 369.7492460503985
      vertex -42.143307179915986 6.877311702008059 369.82355012470356
    endloop
  endfacet
  facet normal 0.24868988716485743 -0.9685831611286305 0
    outer loop
      vertex -41.236067977499786 7.304226065180615 357.500648274602
      vertex -40.7495252583429 7.429149002914755 369.58827973634203
      vertex -41.236067977499786 7.304226065180615 369.6704081473357
    endloop
  endfacet
  facet normal 0 -1 0
    outer loop
      vertex -40.251162078117254 7.492106913713086 357.3343961587862
      vertex -39.748837921882746 7.492106913713086 369.4193637139476
      vertex -40.251162078117254 7.492106913713086 369.5041560315199
    endloop
  endfacet
  facet normal 0.12533323356430295 -0.992114701314478 0
    outer loop
      vertex -40.7495252583429 7.429149002914755 357.4185198636083
      vertex -40.251162078117254 7.492106913713086 369.5041560315199
      vertex -40.7495252583429 7.429149002914755 369.58827973634203
    endloop
  endfacet
  facet normal -0.4817536741017166 -0.8763066800438628 0
    outer loop
      vertex -38.29688283373971 7.119308209864078 357.00451382233524
      vertex -37.856692820084014 6.87731170200806 369.09996962076394
      vertex -38.29688283373971 7.119308209864078 369.174273695069
    endloop
  endfacet
  facet normal -0.24868988716485743 -0.9685831611286305 0
    outer loop
      vertex -39.2504747416571 7.429149002914755 357.16548013639175
      vertex -38.763932022500214 7.304226065180615 369.2531115981318
      vertex -39.2504747416571 7.429149002914755 369.33524000912547
    endloop
  endfacet
  facet normal -0.36812455268467514 -0.9297764858882526 0
    outer loop
      vertex -38.763932022500214 7.304226065180615 357.083351725398
      vertex -38.29688283373971 7.119308209864078 369.174273695069
      vertex -38.763932022500214 7.304226065180615 369.2531115981318
    endloop
  endfacet
  facet normal -0.12533323356430295 -0.992114701314478 0
    outer loop
      vertex -39.748837921882746 7.492106913713086 357.2496038412138
      vertex -39.2504747416571 7.429149002914755 369.33524000912547
      vertex -39.748837921882746 7.492106913713086 369.4193637139476
    endloop
  endfacet
  facet normal -0.9980267284282396 -0.06279051952982244 0
    outer loop
      vertex -36.031457333626825 4 368.79186987065
      vertex -36.03154119474209 4.001332934257217 368.79188402640625
      vertex -36.03154119474209 4.001332934257217 356.6221241536725
    endloop
  endfacet
  facet normal -0.982287250728689 -0.18738131458572269 0
    outer loop
      vertex -36.03154119474209 4.001332934257217 368.79188402640625
      vertex -36.125667355485476 4.494759548659419 368.80777252233975
      vertex -36.125667355485476 4.494759548659419 356.63801264960597
    endloop
  endfacet
  facet normal -0.9510565162951524 -0.3090169943749509 0
    outer loop
      vertex -36.125667355485476 4.494759548659419 368.80777252233975
      vertex -36.280894056446996 4.972498210738712 368.83397478946205
      vertex -36.280894056446996 4.972498210738712 356.66421491672827
    endloop
  endfacet
  facet normal -0.9048270524660234 -0.4257792915650644 0
    outer loop
      vertex -36.280894056446996 4.972498210738712 368.83397478946205
      vertex -36.49477327982454 5.427014696406861 368.87007760236816
      vertex -36.49477327982454 5.427014696406861 356.7003177296344
    endloop
  endfacet
  facet normal -0.8443279255020093 -0.5358267949790056 0
    outer loop
      vertex -36.49477327982454 5.427014696406861 368.87007760236816
      vertex -36.763932022500214 5.8511410091698925 368.9155115981318
      vertex -36.763932022500214 5.8511410091698925 356.74575172539807
    endloop
  endfacet
  facet normal -0.7705132427757903 -0.6374239897486885 0
    outer loop
      vertex -36.763932022500214 5.8511410091698925 368.9155115981318
      vertex -37.08412549031436 6.238188423714755 368.96956025549883
      vertex -37.08412549031436 6.238188423714755 356.79980038276506
    endloop
  endfacet
  facet normal -0.6845471059286921 -0.7289686274214084 0
    outer loop
      vertex -37.45030404100524 6.582052971103156 356.8616113221217
      vertex -37.08412549031436 6.238188423714755 368.96956025549883
      vertex -37.45030404100524 6.582052971103156 369.03137119485547
    endloop
  endfacet
  facet normal -0.5877852522924721 -0.8090169943749482 0
    outer loop
      vertex -37.856692820084014 6.87731170200806 356.93020974803017
      vertex -37.45030404100524 6.582052971103156 369.03137119485547
      vertex -37.856692820084014 6.87731170200806 369.09996962076394
    endloop
  endfacet
endsolid OpenSCAD_Model
