solid OpenSCAD_Model
  facet normal 0.04764073175431594 0.9988446741756355 -0.006299011738488349
    outer loop
      vertex -33.36813990898844 13.873959985773894 -373.90414387030063
      vertex -32.3065230101347 13.847945973277092 -370
      vertex -33.10649923936998 13.861272373865841 -373.93719677346974
    endloop
  endfacet
  facet normal -0.0036137956652116865 0.9999206190883394 -0.012070459928358616
    outer loop
      vertex -50.63159275352955 14.4769300788641 -370
      vertex -52.81399049835507 14.324185695225355 -382
      vertex -54.84806569219412 14.461691397575459 -370
    endloop
  endfacet
  facet normal 0.047640731754316955 0.9988446741756355 -0.0062990117384885795
    outer loop
      vertex -33.63186009101156 13.886538340321694 -373.90414387030063
      vertex -41.25664695799351 14.274829617142679 -370
      vertex -32.3065230101347 13.847945973277092 -370
    endloop
  endfacet
  facet normal 0.0476407317543134 0.9988446741756357 -0.006299011738494766
    outer loop
      vertex -34.39413651228665 13.921661487217833 -374.09986318982135
      vertex -41.25664695799351 14.274829617142679 -370
      vertex -34.14893568818739 13.910578656114183 -374.00278131578017
    endloop
  endfacet
  facet normal 0.04764073175431989 0.9988446741756355 -0.006299011738483898
    outer loop
      vertex -34.6252362694559 13.931882779787966 -374.2269113564458
      vertex -41.25664695799351 14.274829617142679 -370
      vertex -34.39413651228665 13.921661487217833 -374.09986318982135
    endloop
  endfacet
  facet normal 0.04764073175431599 0.9988446741756356 -0.006299011738490031
    outer loop
      vertex -34.83859037847225 13.941081337934841 -374.3819221901708
      vertex -41.25664695799351 14.274829617142679 -370
      vertex -34.6252362694559 13.931882779787966 -374.2269113564458
    endloop
  endfacet
  facet normal 0.04764073175431936 0.9988446741756354 -0.006299011738485061
    outer loop
      vertex -35.030834117584966 13.949112094901535 -374.5624510775498
      vertex -41.25664695799351 14.274829617142679 -370
      vertex -34.83859037847225 13.941081337934841 -374.3819221901708
    endloop
  endfacet
  facet normal 0.047640731754317156 0.9988446741756355 -0.0062990117384882
    outer loop
      vertex -33.89350076063002 13.898809069344077 -373.93719677346974
      vertex -41.25664695799351 14.274829617142679 -370
      vertex -33.63186009101156 13.886538340321694 -373.90414387030063
    endloop
  endfacet
  facet normal 0.04764073175431829 0.9988446741756356 -0.006299011738486107
    outer loop
      vertex -34.14893568818739 13.910578656114183 -374.00278131578017
      vertex -41.25664695799351 14.274829617142679 -370
      vertex -33.89350076063002 13.898809069344077 -373.93719677346974
    endloop
  endfacet
  facet normal 0.0762489795866804 0.9970830904493962 -0.0033769589679225817
    outer loop
      vertex -30 13.671561449659604 -370
      vertex -31.82609912024508 13.79516898155467 -374.73538908525865
      vertex -32.3065230101347 13.847945973277092 -370
    endloop
  endfacet
  facet normal 0.04764073175431766 0.9988446741756355 -0.006299011738488818
    outer loop
      vertex -33.63186009101156 13.886538340321694 -373.90414387030063
      vertex -32.3065230101347 13.847945973277092 -370
      vertex -33.36813990898844 13.873959985773894 -373.90414387030063
    endloop
  endfacet
  facet normal 0.0184576056414898 -0.9998232024652792 -0.0035889561235383713
    outer loop
      vertex -30 -6.701524021074254 -382
      vertex -32.35 -6.759294652273241 -377.99185842870423
      vertex -34.38947082281113 -6.782557469010353 -382
    endloop
  endfacet
  facet normal 0.047640731754317135 0.9988446741756355 -0.0062990117384885925
    outer loop
      vertex -33.10649923936998 13.861272373865841 -373.93719677346974
      vertex -32.3065230101347 13.847945973277092 -370
      vertex -32.85106431181261 13.848675595816536 -374.00278131578017
    endloop
  endfacet
  facet normal 0.04764073175431433 0.9988446741756358 -0.006299011738488211
    outer loop
      vertex -32.85106431181261 13.848675595816536 -374.00278131578017
      vertex -32.3065230101347 13.847945973277092 -370
      vertex -32.60586348771335 13.836368310340768 -374.09986318982135
    endloop
  endfacet
  facet normal 0.04764073175431891 0.9988446741756355 -0.006299011738488544
    outer loop
      vertex -32.60586348771335 13.836368310340768 -374.09986318982135
      vertex -32.3065230101347 13.847945973277092 -370
      vertex -32.37476373054411 13.824544610682505 -374.2269113564458
    endloop
  endfacet
  facet normal 0.04764073175431601 0.9988446741756356 -0.006299011738488498
    outer loop
      vertex -32.37476373054411 13.824544610682505 -374.2269113564458
      vertex -32.3065230101347 13.847945973277092 -370
      vertex -32.16140962152775 13.813390963648494 -374.3819221901708
    endloop
  endfacet
  facet normal 0.04764073175431274 0.9988446741756358 -0.006299011738488608
    outer loop
      vertex -32.16140962152775 13.813390963648494 -374.3819221901708
      vertex -32.3065230101347 13.847945973277092 -370
      vertex -31.969165882415037 13.803083268915328 -374.5624510775498
    endloop
  endfacet
  facet normal 0.021551598769115936 0.9997259211911407 -0.009143909941603419
    outer loop
      vertex -41.25664695799351 14.274829617142679 -370
      vertex -39.95275982439519 14.136964059472085 -382
      vertex -50.63159275352955 14.4769300788641 -370
    endloop
  endfacet
  facet normal 0.047640731754313034 0.9988446741756357 -0.006299011738493717
    outer loop
      vertex -35.19893568818739 13.955848400853336 -374.7656509701858
      vertex -41.25664695799351 14.274829617142679 -370
      vertex -35.030834117584966 13.949112094901535 -374.5624510775498
    endloop
  endfacet
  facet normal 0.047640731754317094 0.9988446741756355 -0.00629901173848856
    outer loop
      vertex -35.340244028092116 13.961184020221314 -374.9883172843864
      vertex -41.25664695799351 14.274829617142679 -370
      vertex -35.19893568818739 13.955848400853336 -374.7656509701858
    endloop
  endfacet
  facet normal 0.047640731754319925 0.9988446741756355 -0.006299011738485199
    outer loop
      vertex -35.45253062036533 13.965034807100691 -375.2269384393622
      vertex -41.25664695799351 14.274829617142679 -370
      vertex -35.340244028092116 13.961184020221314 -374.9883172843864
    endloop
  endfacet
  facet normal 0.006939679921248487 -0.9999644517313017 -0.004789166556722084
    outer loop
      vertex -44.10071994006634 -6.849952825307846 -382
      vertex -35.13435004833981 -6.821984712795419 -374.84706046366875
      vertex -35.63910402059555 -6.848701873421669 -370
    endloop
  endfacet
  facet normal -0.07689445127797372 0.9968029559379437 -0.021705077655635147
    outer loop
      vertex -78.81080390448611 13.501079276260306 -381.1344880543914
      vertex -84.08860394226518 13.252255377677999 -373.86406300691067
      vertex -80.15480453534504 13.570183482152096 -373.19950295733906
    endloop
  endfacet
  facet normal -0.07689445127797331 0.9968029559379438 -0.021705077655634845
    outer loop
      vertex -78.81080390448611 13.501079276260306 -381.1344880543914
      vertex -78.68951299965381 13.491589530706406 -382
      vertex -84.08860394226518 13.252255377677999 -373.86406300691067
    endloop
  endfacet
  facet normal -0.053010095397767285 0.998424890112432 -0.01837576093384264
    outer loop
      vertex -78.81080390448611 13.501079276260306 -381.1344880543914
      vertex -78.66417782491037 13.492934669477854 -382
      vertex -78.68951299965381 13.491589530706406 -382
    endloop
  endfacet
  facet normal -0.012726350374988935 -0.9998940210933676 -0.007070119367379766
    outer loop
      vertex -64.658748883605 -6.684525059461594 -382
      vertex -55.671709820628166 -6.8837598145008085 -370
      vertex -66.20357211530208 -6.749713438749313 -370
    endloop
  endfacet
  facet normal -0.0032262674560564982 -0.9999772240920906 -0.005928110607842082
    outer loop
      vertex -55.671709820628166 -6.8837598145008085 -370
      vertex -54.22860276401043 -6.817276822328568 -382
      vertex -45.445058533549314 -6.916754478216172 -370
    endloop
  endfacet
  facet normal 0.018457605641489766 -0.9998232024652792 -0.0035889561235384606
    outer loop
      vertex -35.63910402059555 -6.848701873421669 -370
      vertex -32.35 -6.773594565472482 -374.00814157129577
      vertex -30 -6.744599110126269 -370
    endloop
  endfacet
  facet normal 0.018457605641489863 -0.9998232024652791 -0.0035889561235384654
    outer loop
      vertex -34.65 -6.816054565271197 -374.00814157129577
      vertex -35.63910402059555 -6.848701873421669 -370
      vertex -35.13435004833981 -6.821984712795419 -374.84706046366875
    endloop
  endfacet
  facet normal 0.018457605641489717 -0.9998232024652791 -0.003588956123538502
    outer loop
      vertex -34.65 -6.816054565271197 -374.00814157129577
      vertex -32.35 -6.773594565472482 -374.00814157129577
      vertex -35.63910402059555 -6.848701873421669 -370
    endloop
  endfacet
  facet normal 0.006939679921248507 -0.9999644517313017 -0.004789166556722098
    outer loop
      vertex -45.445058533549314 -6.916754478216172 -370
      vertex -44.10071994006634 -6.849952825307846 -382
      vertex -35.63910402059555 -6.848701873421669 -370
    endloop
  endfacet
  facet normal 0.01845760564148995 -0.9998232024652791 -0.003588956123538569
    outer loop
      vertex -32.35 -6.773594565472482 -374.00814157129577
      vertex -31.2 -6.745214608973504 -376
      vertex -30 -6.744599110126269 -370
    endloop
  endfacet
  facet normal 0.04764073175431184 0.9988446741756357 -0.00629901173849418
    outer loop
      vertex -35.53402463837013 13.967340032282028 -375.4777512369538
      vertex -41.25664695799351 14.274829617142679 -370
      vertex -35.45253062036533 13.965034807100691 -375.2269384393622
    endloop
  endfacet
  facet normal -0.012726350374988937 -0.9998940210933677 -0.007070119367379764
    outer loop
      vertex -54.22860276401043 -6.817276822328568 -382
      vertex -55.671709820628166 -6.8837598145008085 -370
      vertex -64.658748883605 -6.684525059461594 -382
    endloop
  endfacet
  facet normal -0.003226267456056441 -0.9999772240920907 -0.005928110607842123
    outer loop
      vertex -54.22860276401043 -6.817276822328568 -382
      vertex -44.10071994006634 -6.849952825307846 -382
      vertex -45.445058533549314 -6.916754478216172 -370
    endloop
  endfacet
  facet normal 0.018457605641489752 -0.9998232024652791 -0.0035889561235385287
    outer loop
      vertex -30 -6.744599110126269 -370
      vertex -31.2 -6.745214608973504 -376
      vertex -30 -6.701524021074254 -382
    endloop
  endfacet
  facet normal 0.006939679921248508 -0.9999644517313016 -0.004789166556722121
    outer loop
      vertex -44.10071994006634 -6.849952825307846 -382
      vertex -35.8 -6.821082458856649 -376
      vertex -35.13435004833981 -6.821984712795419 -374.84706046366875
    endloop
  endfacet
  facet normal 0.006939679921248523 -0.9999644517313014 -0.00478916655672213
    outer loop
      vertex -35.8 -6.821082458856649 -376
      vertex -44.10071994006634 -6.849952825307846 -382
      vertex -34.841382532595965 -6.806477632897816 -377.6603741585668
    endloop
  endfacet
  facet normal 0.018457605641489416 -0.9998232024652791 -0.003588956123538596
    outer loop
      vertex -30 -6.701524021074254 -382
      vertex -31.2 -6.745214608973504 -376
      vertex -32.35 -6.759294652273241 -377.99185842870423
    endloop
  endfacet
  facet normal 0.018457605641489797 -0.9998232024652791 -0.003588956123538544
    outer loop
      vertex -34.38947082281113 -6.782557469010353 -382
      vertex -34.65 -6.801754652071957 -377.99185842870423
      vertex -34.841382532595965 -6.806477632897816 -377.6603741585668
    endloop
  endfacet
  facet normal 0.018457605641490103 -0.9998232024652791 -0.003588956123538524
    outer loop
      vertex -32.35 -6.759294652273241 -377.99185842870423
      vertex -34.65 -6.801754652071957 -377.99185842870423
      vertex -34.38947082281113 -6.782557469010353 -382
    endloop
  endfacet
  facet normal 0.006939679921248525 -0.9999644517313016 -0.0047891665567221355
    outer loop
      vertex -34.841382532595965 -6.806477632897816 -377.6603741585668
      vertex -44.10071994006634 -6.849952825307846 -382
      vertex -34.38947082281113 -6.782557469010353 -382
    endloop
  endfacet
  facet normal 0.04764073175429649 0.9988446741756363 -0.006299011738506161
    outer loop
      vertex -34.6252362694559 13.909519530590394 -377.7730886435542
      vertex -31.089075705409048 13.71420323550701 -382
      vertex -34.83859037847225 13.920673177624403 -377.6180778098292
    endloop
  endfacet
  facet normal 0.07624897958668017 0.9970830904493962 -0.0033769589679225414
    outer loop
      vertex -30 13.630919392840843 -382
      vertex -31.089075705409048 13.71420323550701 -382
      vertex -30 13.671561449659604 -370
    endloop
  endfacet
  facet normal 0.07624897958666156 0.9970830904493977 -0.0033769589679241026
    outer loop
      vertex -31.465975361629873 13.761577778119904 -376.5222487630462
      vertex -31.089075705409048 13.71420323550701 -382
      vertex -31.547469379634673 13.766960329725274 -376.7730615606378
    endloop
  endfacet
  facet normal 0.07624897958667307 0.9970830904493969 -0.0033769589679230826
    outer loop
      vertex -31.547469379634673 13.766960329725274 -376.7730615606378
      vertex -31.089075705409048 13.71420323550701 -382
      vertex -31.606616960894524 13.771057757381524 -376.8987565689956
    endloop
  endfacet
  facet normal 0.04764073175434798 0.9988446741756342 -0.006299011738485241
    outer loop
      vertex -31.089075705409048 13.71420323550701 -382
      vertex -31.659755971907888 13.772880121051584 -377.0116827156136
      vertex -31.606616960894524 13.771057757381524 -376.8987565689956
    endloop
  endfacet
  facet normal 0.047640731754307795 0.9988446741756359 -0.006299011738489859
    outer loop
      vertex -31.089075705409048 13.71420323550701 -382
      vertex -31.80106431181261 13.77821574041956 -377.2343490298142
      vertex -31.659755971907888 13.772880121051584 -377.0116827156136
    endloop
  endfacet
  facet normal 0.04764073175431719 0.9988446741756355 -0.006299011738488441
    outer loop
      vertex -31.089075705409048 13.71420323550701 -382
      vertex -31.969165882415034 13.784952046371362 -377.4375489224502
      vertex -31.80106431181261 13.77821574041956 -377.2343490298142
    endloop
  endfacet
  facet normal 0.04764073175431892 0.9988446741756354 -0.006299011738490951
    outer loop
      vertex -39.95275982439519 14.136964059472085 -382
      vertex -35.030834117584966 13.930980872357571 -377.4375489224502
      vertex -34.83859037847225 13.920673177624403 -377.6180778098292
    endloop
  endfacet
  facet normal 0.04764073175431876 0.9988446741756354 -0.006299011738487834
    outer loop
      vertex -31.089075705409048 13.71420323550701 -382
      vertex -33.10649923936998 13.83525507192882 -378.06280322653026
      vertex -32.85106431181261 13.823485485158715 -377.99721868421983
    endloop
  endfacet
  facet normal 0.04764073175431771 0.9988446741756355 -0.006299011738488323
    outer loop
      vertex -31.089075705409048 13.71420323550701 -382
      vertex -33.63186009101156 13.860104155499004 -378.09585612969937
      vertex -33.36813990898844 13.847525800951203 -378.09585612969937
    endloop
  endfacet
  facet normal 0.04764073175431722 0.9988446741756356 -0.006299011738488607
    outer loop
      vertex -31.089075705409048 13.71420323550701 -382
      vertex -33.36813990898844 13.847525800951203 -378.09585612969937
      vertex -33.10649923936998 13.83525507192882 -378.06280322653026
    endloop
  endfacet
  facet normal 0.047640731754312396 0.9988446741756358 -0.006299011738483879
    outer loop
      vertex -35.19893568818739 13.940280056286431 -377.2343490298142
      vertex -35.030834117584966 13.930980872357571 -377.4375489224502
      vertex -39.95275982439519 14.136964059472085 -382
    endloop
  endfacet
  facet normal 0.047640731754317406 0.9988446741756355 -0.006299011738488629
    outer loop
      vertex -34.39413651228665 13.89769583093213 -377.90013681017865
      vertex -31.089075705409048 13.71420323550701 -382
      vertex -34.6252362694559 13.909519530590394 -377.7730886435542
    endloop
  endfacet
  facet normal 0.04764073175432326 0.9988446741756353 -0.006299011738483909
    outer loop
      vertex -34.14893568818739 13.885388545456362 -377.99721868421983
      vertex -31.089075705409048 13.71420323550701 -382
      vertex -34.39413651228665 13.89769583093213 -377.90013681017865
    endloop
  endfacet
  facet normal 0.047640731754317135 0.9988446741756356 -0.006299011738488598
    outer loop
      vertex -33.89350076063002 13.872791767407056 -378.06280322653026
      vertex -31.089075705409048 13.71420323550701 -382
      vertex -34.14893568818739 13.885388545456362 -377.99721868421983
    endloop
  endfacet
  facet normal 0.047640731754315796 0.9988446741756355 -0.006299011738489546
    outer loop
      vertex -33.89350076063002 13.872791767407056 -378.06280322653026
      vertex -33.63186009101156 13.860104155499004 -378.09585612969937
      vertex -31.089075705409048 13.71420323550701 -382
    endloop
  endfacet
  facet normal 0.04764073175432175 0.9988446741756354 -0.006299011738487566
    outer loop
      vertex -31.089075705409048 13.71420323550701 -382
      vertex -32.16140962152775 13.792982803338056 -377.6180778098292
      vertex -31.969165882415034 13.784952046371362 -377.4375489224502
    endloop
  endfacet
  facet normal 0.04764073175432104 0.9988446741756354 -0.006299011738487726
    outer loop
      vertex -31.089075705409048 13.71420323550701 -382
      vertex -32.37476373054411 13.802181361484934 -377.7730886435542
      vertex -32.16140962152775 13.792982803338056 -377.6180778098292
    endloop
  endfacet
  facet normal 0.04764073175430997 0.9988446741756358 -0.006299011738491094
    outer loop
      vertex -31.089075705409048 13.71420323550701 -382
      vertex -32.60586348771335 13.812402654055063 -377.90013681017865
      vertex -32.37476373054411 13.802181361484934 -377.7730886435542
    endloop
  endfacet
  facet normal 0.047640731754317996 0.9988446741756355 -0.0062990117384881285
    outer loop
      vertex -31.089075705409048 13.71420323550701 -382
      vertex -32.85106431181261 13.823485485158715 -377.99721868421983
      vertex -32.60586348771335 13.812402654055063 -377.90013681017865
    endloop
  endfacet
  facet normal 0.04764073175431695 0.9988446741756355 -0.00629901173848862
    outer loop
      vertex -39.95275982439519 14.136964059472085 -382
      vertex -34.83859037847225 13.920673177624403 -377.6180778098292
      vertex -31.089075705409048 13.71420323550701 -382
    endloop
  endfacet
  facet normal 0.04764073175432991 0.9988446741756349 -0.0062990117384873305
    outer loop
      vertex -31.969165882415037 13.803083268915328 -374.5624510775498
      vertex -32.3065230101347 13.847945973277092 -370
      vertex -31.82609912024508 13.79516898155467 -374.73538908525865
    endloop
  endfacet
  facet normal 0.047640731754322894 0.9988446741756354 -0.0062990117384827465
    outer loop
      vertex -41.25664695799351 14.274829617142679 -370
      vertex -35.53402463837013 13.967340032282028 -375.4777512369538
      vertex -35.583440872760406 13.968063340987145 -375.73680020951497
    endloop
  endfacet
  facet normal 0.04764073175431443 0.9988446741756357 -0.006299011738491125
    outer loop
      vertex -41.25664695799351 14.274829617142679 -370
      vertex -35.583440872760406 13.968063340987145 -375.73680020951497
      vertex -35.6 13.967193326205674 -376
    endloop
  endfacet
  facet normal 0.047640731754318794 0.9988446741756356 -0.006299011738487026
    outer loop
      vertex -41.25664695799351 14.274829617142679 -370
      vertex -35.6 13.967193326205674 -376
      vertex -35.583440872760406 13.964743708590444 -376.26319979048503
    endloop
  endfacet
  facet normal 0.047640731754316344 0.9988446741756356 -0.00629901173848916
    outer loop
      vertex -41.25664695799351 14.274829617142679 -370
      vertex -35.583440872760406 13.964743708590444 -376.26319979048503
      vertex -35.53402463837013 13.960753120074575 -376.5222487630462
    endloop
  endfacet
  facet normal 0.04764073175431247 0.9988446741756357 -0.006299011738492601
    outer loop
      vertex -41.25664695799351 14.274829617142679 -370
      vertex -35.53402463837013 13.960753120074575 -376.5222487630462
      vertex -35.45253062036533 13.955284494622825 -376.7730615606378
    endloop
  endfacet
  facet normal 0.07624897958669447 0.9970830904493952 -0.003376958967928083
    outer loop
      vertex -30 13.671561449659604 -370
      vertex -31.80106431181261 13.793152026538506 -374.7656509701858
      vertex -31.82609912024508 13.79516898155467 -374.73538908525865
    endloop
  endfacet
  facet normal 0.07624897958667998 0.9970830904493962 -0.0033769589679225136
    outer loop
      vertex -30 13.671561449659604 -370
      vertex -31.659755971907888 13.781591754539287 -374.9883172843864
      vertex -31.80106431181261 13.793152026538506 -374.7656509701858
    endloop
  endfacet
  facet normal 0.07624897958667916 0.9970830904493964 -0.0033769589679222365
    outer loop
      vertex -30 13.671561449659604 -370
      vertex -31.547469379634673 13.772196798370581 -375.2269384393622
      vertex -31.659755971907888 13.781591754539287 -374.9883172843864
    endloop
  endfacet
  facet normal 0.07624897958666822 0.9970830904493972 -0.003376958967919002
    outer loop
      vertex -30 13.671561449659604 -370
      vertex -31.465975361629873 13.765115322103446 -375.4777512369538
      vertex -31.547469379634673 13.772196798370581 -375.2269384393622
    endloop
  endfacet
  facet normal 0.07624897958669272 0.9970830904493952 -0.0033769589679255893
    outer loop
      vertex -30 13.671561449659604 -370
      vertex -31.416559127239598 13.760459004848878 -375.73680020951497
      vertex -31.465975361629873 13.765115322103446 -375.4777512369538
    endloop
  endfacet
  facet normal -0.049837091724792316 -0.9986813000450082 -0.01232579526145091
    outer loop
      vertex -98.49826194941998 -5.741277369856834 -370
      vertex -100 -5.666336288082304 -370
      vertex -96.64153829276563 -5.685828413367271 -382
    endloop
  endfacet
  facet normal 0.07624897958667205 0.997083090449397 -0.0033769589679204493
    outer loop
      vertex -31.4 13.758301279511535 -376
      vertex -31.416559127239598 13.760459004848878 -375.73680020951497
      vertex -30 13.671561449659604 -370
    endloop
  endfacet
  facet normal 0.0762489795866734 0.9970830904493969 -0.003376958967920766
    outer loop
      vertex -31.4 13.758301279511535 -376
      vertex -30 13.671561449659604 -370
      vertex -31.416559127239598 13.758676174708949 -376.26319979048503
    endloop
  endfacet
  facet normal 0.0762489795866877 0.9970830904493957 -0.003376958967924019
    outer loop
      vertex -31.416559127239598 13.758676174708949 -376.26319979048503
      vertex -30 13.671561449659604 -370
      vertex -31.465975361629873 13.761577778119904 -376.5222487630462
    endloop
  endfacet
  facet normal -0.0036137956652115078 0.9999206190883394 -0.01207045992835865
    outer loop
      vertex -52.81399049835507 14.324185695225355 -382
      vertex -50.63159275352955 14.4769300788641 -370
      vertex -49.23716288387776 14.33711264550686 -382
    endloop
  endfacet
  facet normal 0.047640731754317 0.9988446741756356 -0.0062990117384886316
    outer loop
      vertex -35.45253062036533 13.955284494622825 -376.7730615606378
      vertex -39.95275982439519 14.136964059472085 -382
      vertex -41.25664695799351 14.274829617142679 -370
    endloop
  endfacet
  facet normal 0.02155159876911581 0.9997259211911408 -0.009143909941603535
    outer loop
      vertex -39.95275982439519 14.136964059472085 -382
      vertex -49.23716288387776 14.33711264550686 -382
      vertex -50.63159275352955 14.4769300788641 -370
    endloop
  endfacet
  facet normal 0.07624897958668184 0.9970830904493961 -0.0033769589679226914
    outer loop
      vertex -31.465975361629873 13.761577778119904 -376.5222487630462
      vertex -30 13.671561449659604 -370
      vertex -31.089075705409048 13.71420323550701 -382
    endloop
  endfacet
  facet normal 0.04764073175431704 0.9988446741756356 -0.006299011738488661
    outer loop
      vertex -35.340244028092116 13.948424075725368 -377.0116827156136
      vertex -39.95275982439519 14.136964059472085 -382
      vertex -35.45253062036533 13.955284494622825 -376.7730615606378
    endloop
  endfacet
  facet normal 0.04764073175431893 0.9988446741756355 -0.006299011738490415
    outer loop
      vertex -35.19893568818739 13.940280056286431 -377.2343490298142
      vertex -39.95275982439519 14.136964059472085 -382
      vertex -35.340244028092116 13.948424075725368 -377.0116827156136
    endloop
  endfacet
  facet normal -0.03129287134635255 -0.9994647388287126 -0.009538974837672486
    outer loop
      vertex -85.97856611728669 -6.116759704947472 -382
      vertex -75.28087458848954 -6.45170047044754 -382
      vertex -76.92928620576858 -6.514618313312531 -370
    endloop
  endfacet
  facet normal -0.0978418507545482 0.9948931098618982 -0.02479258337176378
    outer loop
      vertex -90.55657258927822 12.83744810819626 -370
      vertex -88.7765493530035 12.713464705944062 -382
      vertex -100 11.908742897382702 -370
    endloop
  endfacet
  facet normal -0.09784185075454817 0.994893109861898 -0.02479258337176374
    outer loop
      vertex -88.7765493530035 12.713464705944062 -382
      vertex -100 11.786369507917975 -374.9106799474379
      vertex -100 11.908742897382702 -370
    endloop
  endfacet
  facet normal -0.04983709172479213 -0.9986813000450082 -0.012325795261450858
    outer loop
      vertex -96.64153829276563 -5.685828413367271 -382
      vertex -100 -5.666336288082304 -370
      vertex -100 -5.51823143908719 -382
    endloop
  endfacet
  facet normal -0.09784185075454824 0.994893109861898 -0.02479258337176387
    outer loop
      vertex -88.7765493530035 12.713464705944062 -382
      vertex -98.89013605892659 11.718853293657302 -382
      vertex -100 11.786369507917975 -374.9106799474379
    endloop
  endfacet
  facet normal -0.07689445127797442 0.9968029559379437 -0.021705077655635577
    outer loop
      vertex -84.08860394226518 13.252255377677999 -373.86406300691067
      vertex -78.68951299965381 13.491589530706406 -382
      vertex -90.55657258927822 12.83744810819626 -370
    endloop
  endfacet
  facet normal -0.11331653111111689 0.9931865788329489 -0.027198959594915792
    outer loop
      vertex -100 11.786369507917975 -374.9106799474379
      vertex -98.89013605892659 11.718853293657302 -382
      vertex -100 11.59222458714021 -382
    endloop
  endfacet
  facet normal -0.021912822537180188 -0.9997258301815591 -0.008251828660758083
    outer loop
      vertex -75.28087458848954 -6.45170047044754 -382
      vertex -64.658748883605 -6.684525059461594 -382
      vertex -66.20357211530208 -6.749713438749313 -370
    endloop
  endfacet
  facet normal -0.07689445127797583 0.9968029559379438 -0.021705077655627902
    outer loop
      vertex -84.58959457777735 13.278014710844502 -370.90621229220443
      vertex -80.69672540104347 13.598047316603086 -370
      vertex -80.6557951708572 13.595942815318603 -370.2416522426328
    endloop
  endfacet
  facet normal -0.04037845995619663 -0.9991253905530886 -0.010864341844028048
    outer loop
      vertex -96.64153829276563 -5.685828413367271 -382
      vertex -85.97856611728669 -6.116759704947472 -382
      vertex -87.73130304813385 -6.176411160826683 -370
    endloop
  endfacet
  facet normal -0.03129287134635258 -0.9994647388287127 -0.00953897483767247
    outer loop
      vertex -87.73130304813385 -6.176411160826683 -370
      vertex -85.97856611728669 -6.116759704947472 -382
      vertex -76.92928620576858 -6.514618313312531 -370
    endloop
  endfacet
  facet normal -0.07689445127797385 0.9968029559379438 -0.021705077655635032
    outer loop
      vertex -78.68951299965381 13.491589530706406 -382
      vertex -88.7765493530035 12.713464705944062 -382
      vertex -90.55657258927822 12.83744810819626 -370
    endloop
  endfacet
  facet normal -0.040378459956196606 -0.9991253905530887 -0.01086434184402807
    outer loop
      vertex -96.64153829276563 -5.685828413367271 -382
      vertex -87.73130304813385 -6.176411160826683 -370
      vertex -98.49826194941998 -5.741277369856834 -370
    endloop
  endfacet
  facet normal -0.021912822537180136 -0.9997258301815591 -0.008251828660758121
    outer loop
      vertex -76.92928620576858 -6.514618313312531 -370
      vertex -75.28087458848954 -6.45170047044754 -382
      vertex -66.20357211530208 -6.749713438749313 -370
    endloop
  endfacet
  facet normal -0.0768944512779739 0.9968029559379437 -0.021705077655636288
    outer loop
      vertex -84.58959457777735 13.278014710844502 -370.90621229220443
      vertex -90.55657258927822 12.83744810819626 -370
      vertex -80.69672540104347 13.598047316603086 -370
    endloop
  endfacet
  facet normal -0.07689445127797359 0.9968029559379438 -0.021705077655634182
    outer loop
      vertex -84.08860394226518 13.252255377677999 -373.86406300691067
      vertex -90.55657258927822 12.83744810819626 -370
      vertex -84.58959457777735 13.278014710844502 -370.90621229220443
    endloop
  endfacet
  facet normal 0 0 1
    outer loop
      vertex -41.70311716626029 7.119308209864078 -370
      vertex -41.236067977499786 7.304226065180615 -370
      vertex -41.25664695799351 14.274829617142679 -370
    endloop
  endfacet
  facet normal 0 0 1
    outer loop
      vertex -41.70311716626029 7.119308209864078 -370
      vertex -41.25664695799351 14.274829617142679 -370
      vertex -42.143307179915986 6.877311702008059 -370
    endloop
  endfacet
  facet normal 0 0 1
    outer loop
      vertex -37.08412549031436 6.238188423714755 -370
      vertex -36.763932022500214 5.8511410091698925 -370
      vertex -32.3065230101347 13.847945973277092 -370
    endloop
  endfacet
  facet normal 0 0 1
    outer loop
      vertex -41.25664695799351 14.274829617142679 -370
      vertex -41.236067977499786 7.304226065180615 -370
      vertex -40.7495252583429 7.429149002914755 -370
    endloop
  endfacet
  facet normal 0 0 1
    outer loop
      vertex -41.25664695799351 14.274829617142679 -370
      vertex -40.7495252583429 7.429149002914755 -370
      vertex -40.251162078117254 7.492106913713086 -370
    endloop
  endfacet
  facet normal 0 0 1
    outer loop
      vertex -41.25664695799351 14.274829617142679 -370
      vertex -40.251162078117254 7.492106913713086 -370
      vertex -39.748837921882746 7.492106913713086 -370
    endloop
  endfacet
  facet normal 0 0 1
    outer loop
      vertex -42.143307179915986 6.877311702008059 -370
      vertex -41.25664695799351 14.274829617142679 -370
      vertex -42.54969595899476 6.582052971103158 -370
    endloop
  endfacet
  facet normal 0 0 1
    outer loop
      vertex -32.3065230101347 13.847945973277092 -370
      vertex -36.125667355485476 4.494759548659419 -370
      vertex -30 4 -370
    endloop
  endfacet
  facet normal 0 0 1
    outer loop
      vertex -42.54969595899476 6.582052971103158 -370
      vertex -41.25664695799351 14.274829617142679 -370
      vertex -42.91587450968564 6.238188423714754 -370
    endloop
  endfacet
  facet normal 0 0 1
    outer loop
      vertex -37.45030404100524 6.582052971103156 -370
      vertex -32.3065230101347 13.847945973277092 -370
      vertex -37.856692820084014 6.87731170200806 -370
    endloop
  endfacet
  facet normal 0 0 1
    outer loop
      vertex -37.08412549031436 6.238188423714755 -370
      vertex -32.3065230101347 13.847945973277092 -370
      vertex -37.45030404100524 6.582052971103156 -370
    endloop
  endfacet
  facet normal 0 0 1
    outer loop
      vertex -32.3065230101347 13.847945973277092 -370
      vertex -36.763932022500214 5.8511410091698925 -370
      vertex -36.49477327982454 5.427014696406861 -370
    endloop
  endfacet
  facet normal 0 0 1
    outer loop
      vertex -32.3065230101347 13.847945973277092 -370
      vertex -36.49477327982454 5.427014696406861 -370
      vertex -36.280894056446996 4.972498210738712 -370
    endloop
  endfacet
  facet normal 0 0 1
    outer loop
      vertex -32.3065230101347 13.847945973277092 -370
      vertex -36.280894056446996 4.972498210738712 -370
      vertex -36.125667355485476 4.494759548659419 -370
    endloop
  endfacet
  facet normal 0 0 1
    outer loop
      vertex -30 4 -370
      vertex -36.125667355485476 4.494759548659419 -370
      vertex -36.03154119474209 4.001332934257217 -370
    endloop
  endfacet
  facet normal 0 0 1
    outer loop
      vertex -30 4 -370
      vertex -36.03154119474209 4.001332934257217 -370
      vertex -36.031457333626825 4 -370
    endloop
  endfacet
  facet normal 0 0 1
    outer loop
      vertex -43.719105943553004 4.972498210738712 -370
      vertex -50 4 -370
      vertex -43.874332644514524 4.494759548659419 -370
    endloop
  endfacet
  facet normal -1 0 0
    outer loop
      vertex -100 11.908742897382702 -370
      vertex -100 11.59222458714021 -382
      vertex -100 -5.666336288082304 -370
    endloop
  endfacet
  facet normal -1 0 0
    outer loop
      vertex -100 -5.666336288082304 -370
      vertex -100 11.59222458714021 -382
      vertex -100 -5.51823143908719 -382
    endloop
  endfacet
  facet normal 0 0 -1
    outer loop
      vertex -100 -5.51823143908719 -382
      vertex -100 11.59222458714021 -382
      vertex -96.64153829276563 -5.685828413367271 -382
    endloop
  endfacet
  facet normal 0 0 -1
    outer loop
      vertex -94 1 -382
      vertex -96.64153829276563 -5.685828413367271 -382
      vertex -98.89013605892659 11.718853293657302 -382
    endloop
  endfacet
  facet normal 0 0 -1
    outer loop
      vertex -82 1 -382
      vertex -75.28087458848954 -6.45170047044754 -382
      vertex -94 1 -382
    endloop
  endfacet
  facet normal 0 0 -1
    outer loop
      vertex -75.28087458848954 -6.45170047044754 -382
      vertex -78.11313408069903 1.8080802925981747 -382
      vertex -64.658748883605 -6.684525059461594 -382
    endloop
  endfacet
  facet normal 0 0 -1
    outer loop
      vertex -64.658748883605 -6.684525059461594 -382
      vertex -78.11313408069903 1.8080802925981747 -382
      vertex -54.22860276401043 -6.817276822328568 -382
    endloop
  endfacet
  facet normal 0 0 -1
    outer loop
      vertex -82 1 -382
      vertex -78.11313408069903 1.8080802925981747 -382
      vertex -75.28087458848954 -6.45170047044754 -382
    endloop
  endfacet
  facet normal 0 0 1
    outer loop
      vertex -94 7 -370
      vertex -100 11.908742897382702 -370
      vertex -94 1 -370
    endloop
  endfacet
  facet normal 1 0 0
    outer loop
      vertex -30 13.671561449659604 -370
      vertex -30 4 -370
      vertex -30 13.630919392840843 -382
    endloop
  endfacet
  facet normal 0 0 1
    outer loop
      vertex -39.2504747416571 7.429149002914755 -370
      vertex -32.3065230101347 13.847945973277092 -370
      vertex -39.748837921882746 7.492106913713086 -370
    endloop
  endfacet
  facet normal 0 0 1
    outer loop
      vertex -94 7 -370
      vertex -90.55657258927822 12.83744810819626 -370
      vertex -100 11.908742897382702 -370
    endloop
  endfacet
  facet normal 0 0 1
    outer loop
      vertex -94 7 -370
      vertex -80.69672540104347 13.598047316603086 -370
      vertex -90.55657258927822 12.83744810819626 -370
    endloop
  endfacet
  facet normal 0 0 1
    outer loop
      vertex -80.69672540104347 13.598047316603086 -370
      vertex -94 7 -370
      vertex -82 7 -370
    endloop
  endfacet
  facet normal -1 0 0
    outer loop
      vertex -100 11.908742897382702 -370
      vertex -100 11.786369507917975 -374.9106799474379
      vertex -100 11.59222458714021 -382
    endloop
  endfacet
  facet normal 0 0 1
    outer loop
      vertex -39.748837921882746 7.492106913713086 -370
      vertex -32.3065230101347 13.847945973277092 -370
      vertex -41.25664695799351 14.274829617142679 -370
    endloop
  endfacet
  facet normal 0 0 1
    outer loop
      vertex -30 4 -370
      vertex -30 13.671561449659604 -370
      vertex -32.3065230101347 13.847945973277092 -370
    endloop
  endfacet
  facet normal 0 0 1
    outer loop
      vertex -38.29688283373971 7.119308209864078 -370
      vertex -32.3065230101347 13.847945973277092 -370
      vertex -38.763932022500214 7.304226065180615 -370
    endloop
  endfacet
  facet normal 0 0 1
    outer loop
      vertex -37.856692820084014 6.87731170200806 -370
      vertex -32.3065230101347 13.847945973277092 -370
      vertex -38.29688283373971 7.119308209864078 -370
    endloop
  endfacet
  facet normal 0 0 1
    outer loop
      vertex -38.763932022500214 7.304226065180615 -370
      vertex -32.3065230101347 13.847945973277092 -370
      vertex -39.2504747416571 7.429149002914755 -370
    endloop
  endfacet
  facet normal 0 0 -1
    outer loop
      vertex -44.10071994006634 -6.849952825307846 -382
      vertex -41.70311716626029 -0.11930820986407831 -382
      vertex -41.236067977499786 -0.3042260651806141 -382
    endloop
  endfacet
  facet normal 0 0 -1
    outer loop
      vertex -37.08412549031436 0.761811576285246 -382
      vertex -34.38947082281113 -6.782557469010353 -382
      vertex -37.45030404100524 0.4179470288968439 -382
    endloop
  endfacet
  facet normal 0 0 -1
    outer loop
      vertex -37.45030404100524 0.4179470288968439 -382
      vertex -34.38947082281113 -6.782557469010353 -382
      vertex -37.856692820084014 0.12268829799193881 -382
    endloop
  endfacet
  facet normal 0 0 -1
    outer loop
      vertex -37.856692820084014 0.12268829799193881 -382
      vertex -34.38947082281113 -6.782557469010353 -382
      vertex -38.29688283373971 -0.11930820986407831 -382
    endloop
  endfacet
  facet normal 0 0 -1
    outer loop
      vertex -38.29688283373971 -0.11930820986407831 -382
      vertex -34.38947082281113 -6.782557469010353 -382
      vertex -38.763932022500214 -0.3042260651806141 -382
    endloop
  endfacet
  facet normal 0 0 -1
    outer loop
      vertex -38.763932022500214 -0.3042260651806141 -382
      vertex -34.38947082281113 -6.782557469010353 -382
      vertex -39.2504747416571 -0.42914900291475444 -382
    endloop
  endfacet
  facet normal 0 0 -1
    outer loop
      vertex -39.2504747416571 -0.42914900291475444 -382
      vertex -34.38947082281113 -6.782557469010353 -382
      vertex -39.748837921882746 -0.49210691371308624 -382
    endloop
  endfacet
  facet normal 0 0 -1
    outer loop
      vertex -39.748837921882746 -0.49210691371308624 -382
      vertex -34.38947082281113 -6.782557469010353 -382
      vertex -40.251162078117254 -0.49210691371308624 -382
    endloop
  endfacet
  facet normal 0 0 1
    outer loop
      vertex -80.69672540104347 13.598047316603086 -370
      vertex -82 7 -370
      vertex -80.14122828110935 1.8187593355805716 -370
    endloop
  endfacet
  facet normal 0 0 -1
    outer loop
      vertex -42.143307179915986 0.12268829799194014 -382
      vertex -44.10071994006634 -6.849952825307846 -382
      vertex -42.54969595899476 0.41794702889684254 -382
    endloop
  endfacet
  facet normal 0 0 -1
    outer loop
      vertex -44.10071994006634 -6.849952825307846 -382
      vertex -41.236067977499786 -0.3042260651806141 -382
      vertex -40.7495252583429 -0.42914900291475444 -382
    endloop
  endfacet
  facet normal 0 0 -1
    outer loop
      vertex -44.10071994006634 -6.849952825307846 -382
      vertex -40.7495252583429 -0.42914900291475444 -382
      vertex -40.251162078117254 -0.49210691371308624 -382
    endloop
  endfacet
  facet normal 0 0 -1
    outer loop
      vertex -34.38947082281113 -6.782557469010353 -382
      vertex -37.08412549031436 0.761811576285246 -382
      vertex -36.763932022500214 1.1488589908301075 -382
    endloop
  endfacet
  facet normal 0 0 -1
    outer loop
      vertex -42.143307179915986 0.12268829799194014 -382
      vertex -41.70311716626029 -0.11930820986407831 -382
      vertex -44.10071994006634 -6.849952825307846 -382
    endloop
  endfacet
  facet normal 0 0 -1
    outer loop
      vertex -42.54969595899476 0.41794702889684254 -382
      vertex -44.10071994006634 -6.849952825307846 -382
      vertex -42.91587450968564 0.761811576285246 -382
    endloop
  endfacet
  facet normal 0 0 -1
    outer loop
      vertex -54.22860276401043 -6.817276822328568 -382
      vertex -43.236067977499786 1.1488589908301075 -382
      vertex -42.91587450968564 0.761811576285246 -382
    endloop
  endfacet
  facet normal 0 0 -1
    outer loop
      vertex -40.251162078117254 -0.49210691371308624 -382
      vertex -34.38947082281113 -6.782557469010353 -382
      vertex -44.10071994006634 -6.849952825307846 -382
    endloop
  endfacet
  facet normal 0 0 -1
    outer loop
      vertex -54.22860276401043 -6.817276822328568 -382
      vertex -42.91587450968564 0.761811576285246 -382
      vertex -44.10071994006634 -6.849952825307846 -382
    endloop
  endfacet
  facet normal 0 0 -1
    outer loop
      vertex -52.27942568531857 2.988766210016976 -382
      vertex -49.23716288387776 14.33711264550686 -382
      vertex -54.22860276401043 -6.817276822328568 -382
    endloop
  endfacet
  facet normal 0 0 -1
    outer loop
      vertex -50 4 -382
      vertex -50 3 -382
      vertex -54.22860276401043 -6.817276822328568 -382
    endloop
  endfacet
  facet normal 0 0 -1
    outer loop
      vertex -100 11.59222458714021 -382
      vertex -98.89013605892659 11.718853293657302 -382
      vertex -96.64153829276563 -5.685828413367271 -382
    endloop
  endfacet
  facet normal 0 0 -1
    outer loop
      vertex -50 3 -382
      vertex -43.719105943553004 2.0275017892612883 -382
      vertex -54.22860276401043 -6.817276822328568 -382
    endloop
  endfacet
  facet normal 0 0 -1
    outer loop
      vertex -52.27942568531857 2.988766210016976 -382
      vertex -54.22860276401043 -6.817276822328568 -382
      vertex -78.11313408069903 1.8080802925981747 -382
    endloop
  endfacet
  facet normal 0 0 -1
    outer loop
      vertex -30 3 -382
      vertex -36.280894056446996 2.0275017892612865 -382
      vertex -36.125667355485476 2.5052404513405824 -382
    endloop
  endfacet
  facet normal 0 0 1
    outer loop
      vertex -43.236067977499786 5.8511410091698925 -370
      vertex -41.25664695799351 14.274829617142679 -370
      vertex -43.50522672017546 5.427014696406862 -370
    endloop
  endfacet
  facet normal 0 0 1
    outer loop
      vertex -43.50522672017546 5.427014696406862 -370
      vertex -41.25664695799351 14.274829617142679 -370
      vertex -43.719105943553004 4.972498210738712 -370
    endloop
  endfacet
  facet normal 0 0 1
    outer loop
      vertex -43.719105943553004 4.972498210738712 -370
      vertex -41.25664695799351 14.274829617142679 -370
      vertex -50 4 -370
    endloop
  endfacet
  facet normal 0 0 -1
    outer loop
      vertex -82 7 -382
      vertex -78.68951299965381 13.491589530706406 -382
      vertex -82 1 -382
    endloop
  endfacet
  facet normal 0 0 1
    outer loop
      vertex -43.874332644514524 4.494759548659419 -370
      vertex -50 4 -370
      vertex -43.96845880525791 4.001332934257216 -370
    endloop
  endfacet
  facet normal 0 0 1
    outer loop
      vertex -43.96845880525791 4.001332934257216 -370
      vertex -50 4 -370
      vertex -43.968542666373175 4 -370
    endloop
  endfacet
  facet normal 0 0 1
    outer loop
      vertex -54.30751988572889 2.999445252999373 -370
      vertex -41.25664695799351 14.274829617142679 -370
      vertex -50.63159275352955 14.4769300788641 -370
    endloop
  endfacet
  facet normal 0 0 1
    outer loop
      vertex -50.63159275352955 14.4769300788641 -370
      vertex -54.84806569219412 14.461691397575459 -370
      vertex -54.30751988572889 2.999445252999373 -370
    endloop
  endfacet
  facet normal 0 0 1
    outer loop
      vertex -50 4 -370
      vertex -41.25664695799351 14.274829617142679 -370
      vertex -54.30751988572889 2.999445252999373 -370
    endloop
  endfacet
  facet normal 0 0 -1
    outer loop
      vertex -30 3 -382
      vertex -36.03154119474209 2.998667065742784 -382
      vertex -36.031457333626825 3 -382
    endloop
  endfacet
  facet normal 0 0 -1
    outer loop
      vertex -30 3 -382
      vertex -36.125667355485476 2.5052404513405824 -382
      vertex -36.03154119474209 2.998667065742784 -382
    endloop
  endfacet
  facet normal 0 0 1
    outer loop
      vertex -42.91587450968564 6.238188423714754 -370
      vertex -41.25664695799351 14.274829617142679 -370
      vertex -43.236067977499786 5.8511410091698925 -370
    endloop
  endfacet
  facet normal 0 0 -1
    outer loop
      vertex -34.38947082281113 -6.782557469010353 -382
      vertex -36.280894056446996 2.0275017892612865 -382
      vertex -30 3 -382
    endloop
  endfacet
  facet normal 0 0 -1
    outer loop
      vertex -34.38947082281113 -6.782557469010353 -382
      vertex -36.49477327982454 1.5729853035931385 -382
      vertex -36.280894056446996 2.0275017892612865 -382
    endloop
  endfacet
  facet normal 0 0 -1
    outer loop
      vertex -34.38947082281113 -6.782557469010353 -382
      vertex -36.763932022500214 1.1488589908301075 -382
      vertex -36.49477327982454 1.5729853035931385 -382
    endloop
  endfacet
  facet normal 0 0 -1
    outer loop
      vertex -43.96845880525791 2.998667065742784 -382
      vertex -50 3 -382
      vertex -43.968542666373175 3 -382
    endloop
  endfacet
  facet normal 0 0 -1
    outer loop
      vertex -43.874332644514524 2.5052404513405806 -382
      vertex -50 3 -382
      vertex -43.96845880525791 2.998667065742784 -382
    endloop
  endfacet
  facet normal 0 0 -1
    outer loop
      vertex -50 3 -382
      vertex -43.874332644514524 2.5052404513405806 -382
      vertex -43.719105943553004 2.0275017892612883 -382
    endloop
  endfacet
  facet normal 0 0 -1
    outer loop
      vertex -54.22860276401043 -6.817276822328568 -382
      vertex -43.719105943553004 2.0275017892612883 -382
      vertex -43.50522672017546 1.5729853035931385 -382
    endloop
  endfacet
  facet normal 0 0 -1
    outer loop
      vertex -54.22860276401043 -6.817276822328568 -382
      vertex -43.50522672017546 1.5729853035931385 -382
      vertex -43.236067977499786 1.1488589908301075 -382
    endloop
  endfacet
  facet normal 1 0 0
    outer loop
      vertex -30 3 -370
      vertex -30 -6.701524021074254 -382
      vertex -30 3 -382
    endloop
  endfacet
  facet normal 0 0 -1
    outer loop
      vertex -30 -6.701524021074254 -382
      vertex -34.38947082281113 -6.782557469010353 -382
      vertex -30 3 -382
    endloop
  endfacet
  facet normal 0 0 1
    outer loop
      vertex -61.281052735707306 2.680731737130346 -370
      vertex -76.92928620576858 -6.514618313312531 -370
      vertex -66.20357211530208 -6.749713438749313 -370
    endloop
  endfacet
  facet normal 0 0 1
    outer loop
      vertex -35.63910402059555 -6.848701873421669 -370
      vertex -39.748837921882746 -0.49210691371308624 -370
      vertex -40.251162078117254 -0.49210691371308624 -370
    endloop
  endfacet
  facet normal 0 0 1
    outer loop
      vertex -35.63910402059555 -6.848701873421669 -370
      vertex -39.2504747416571 -0.42914900291475444 -370
      vertex -39.748837921882746 -0.49210691371308624 -370
    endloop
  endfacet
  facet normal 0 0 1
    outer loop
      vertex -39.2504747416571 -0.42914900291475444 -370
      vertex -35.63910402059555 -6.848701873421669 -370
      vertex -38.763932022500214 -0.3042260651806141 -370
    endloop
  endfacet
  facet normal 0 0 1
    outer loop
      vertex -38.763932022500214 -0.3042260651806141 -370
      vertex -35.63910402059555 -6.848701873421669 -370
      vertex -38.29688283373971 -0.11930820986407831 -370
    endloop
  endfacet
  facet normal 0 0 1
    outer loop
      vertex -38.29688283373971 -0.11930820986407831 -370
      vertex -35.63910402059555 -6.848701873421669 -370
      vertex -37.856692820084014 0.12268829799193881 -370
    endloop
  endfacet
  facet normal 0 0 1
    outer loop
      vertex -37.856692820084014 0.12268829799193881 -370
      vertex -35.63910402059555 -6.848701873421669 -370
      vertex -37.45030404100524 0.4179470288968439 -370
    endloop
  endfacet
  facet normal 0 0 1
    outer loop
      vertex -35.63910402059555 -6.848701873421669 -370
      vertex -37.08412549031436 0.761811576285246 -370
      vertex -37.45030404100524 0.4179470288968439 -370
    endloop
  endfacet
  facet normal 0 0 1
    outer loop
      vertex -37.08412549031436 0.761811576285246 -370
      vertex -35.63910402059555 -6.848701873421669 -370
      vertex -36.763932022500214 1.1488589908301075 -370
    endloop
  endfacet
  facet normal 0 0 1
    outer loop
      vertex -35.63910402059555 -6.848701873421669 -370
      vertex -30 -6.744599110126269 -370
      vertex -30 3 -370
    endloop
  endfacet
  facet normal 0 0 1
    outer loop
      vertex -76.92928620576858 -6.514618313312531 -370
      vertex -82 1 -370
      vertex -87.73130304813385 -6.176411160826683 -370
    endloop
  endfacet
  facet normal 0 0 -1
    outer loop
      vertex -94 7 -382
      vertex -98.89013605892659 11.718853293657302 -382
      vertex -88.7765493530035 12.713464705944062 -382
    endloop
  endfacet
  facet normal 0 0 -1
    outer loop
      vertex -94 1 -382
      vertex -98.89013605892659 11.718853293657302 -382
      vertex -94 7 -382
    endloop
  endfacet
  facet normal 0 0 1
    outer loop
      vertex -79.28777468863571 1.8577649875133895 -370
      vertex -82 1 -370
      vertex -76.92928620576858 -6.514618313312531 -370
    endloop
  endfacet
  facet normal 0 0 1
    outer loop
      vertex -80.14122828110935 1.8187593355805716 -370
      vertex -82 1 -370
      vertex -79.28777468863571 1.8577649875133895 -370
    endloop
  endfacet
  facet normal 1 0 0
    outer loop
      vertex -30 -6.744599110126269 -370
      vertex -30 -6.701524021074254 -382
      vertex -30 3 -370
    endloop
  endfacet
  facet normal 0 0 -1
    outer loop
      vertex -31.089075705409048 13.71420323550701 -382
      vertex -30 13.630919392840843 -382
      vertex -30 4 -382
    endloop
  endfacet
  facet normal 0 0 -1
    outer loop
      vertex -31.089075705409048 13.71420323550701 -382
      vertex -39.2504747416571 7.429149002914755 -382
      vertex -39.95275982439519 14.136964059472085 -382
    endloop
  endfacet
  facet normal 0 0 -1
    outer loop
      vertex -31.089075705409048 13.71420323550701 -382
      vertex -38.763932022500214 7.304226065180615 -382
      vertex -39.2504747416571 7.429149002914755 -382
    endloop
  endfacet
  facet normal 0 0 -1
    outer loop
      vertex -31.089075705409048 13.71420323550701 -382
      vertex -37.856692820084014 6.87731170200806 -382
      vertex -38.29688283373971 7.119308209864078 -382
    endloop
  endfacet
  facet normal 0 0 -1
    outer loop
      vertex -31.089075705409048 13.71420323550701 -382
      vertex -38.29688283373971 7.119308209864078 -382
      vertex -38.763932022500214 7.304226065180615 -382
    endloop
  endfacet
  facet normal 0 0 -1
    outer loop
      vertex -39.95275982439519 14.136964059472085 -382
      vertex -39.2504747416571 7.429149002914755 -382
      vertex -39.748837921882746 7.492106913713086 -382
    endloop
  endfacet
  facet normal 0 0 1
    outer loop
      vertex -98.49826194941998 -5.741277369856834 -370
      vertex -100 11.908742897382702 -370
      vertex -100 -5.666336288082304 -370
    endloop
  endfacet
  facet normal 0 0 -1
    outer loop
      vertex -82 1 -382
      vertex -78.66417782491037 13.492934669477854 -382
      vertex -78.11313408069903 1.8080802925981747 -382
    endloop
  endfacet
  facet normal 0 0 1
    outer loop
      vertex -82 1 -370
      vertex -98.49826194941998 -5.741277369856834 -370
      vertex -87.73130304813385 -6.176411160826683 -370
    endloop
  endfacet
  facet normal 0 0 -1
    outer loop
      vertex -78.68951299965381 13.491589530706406 -382
      vertex -78.66417782491037 13.492934669477854 -382
      vertex -82 1 -382
    endloop
  endfacet
  facet normal 0 0 1
    outer loop
      vertex -55.671709820628166 -6.8837598145008085 -370
      vertex -54.30751988572889 2.999445252999373 -370
      vertex -66.20357211530208 -6.749713438749313 -370
    endloop
  endfacet
  facet normal 0 0 1
    outer loop
      vertex -45.445058533549314 -6.916754478216172 -370
      vertex -50 3 -370
      vertex -55.671709820628166 -6.8837598145008085 -370
    endloop
  endfacet
  facet normal 0 0 -1
    outer loop
      vertex -82 7 -382
      vertex -94 7 -382
      vertex -78.68951299965381 13.491589530706406 -382
    endloop
  endfacet
  facet normal 0 0 -1
    outer loop
      vertex -78.68951299965381 13.491589530706406 -382
      vertex -94 7 -382
      vertex -88.7765493530035 12.713464705944062 -382
    endloop
  endfacet
  facet normal 0 0 1
    outer loop
      vertex -66.20357211530208 -6.749713438749313 -370
      vertex -54.30751988572889 2.999445252999373 -370
      vertex -61.281052735707306 2.680731737130346 -370
    endloop
  endfacet
  facet normal 0 0 1
    outer loop
      vertex -50 3 -370
      vertex -54.30751988572889 2.999445252999373 -370
      vertex -55.671709820628166 -6.8837598145008085 -370
    endloop
  endfacet
  facet normal 0 0 1
    outer loop
      vertex -50 4 -370
      vertex -54.30751988572889 2.999445252999373 -370
      vertex -50 3 -370
    endloop
  endfacet
  facet normal 0 0 -1
    outer loop
      vertex -96.64153829276563 -5.685828413367271 -382
      vertex -94 1 -382
      vertex -85.97856611728669 -6.116759704947472 -382
    endloop
  endfacet
  facet normal 0 0 1
    outer loop
      vertex -94 1 -370
      vertex -98.49826194941998 -5.741277369856834 -370
      vertex -82 1 -370
    endloop
  endfacet
  facet normal 0 0 1
    outer loop
      vertex -94 1 -370
      vertex -100 11.908742897382702 -370
      vertex -98.49826194941998 -5.741277369856834 -370
    endloop
  endfacet
  facet normal 0 0 1
    outer loop
      vertex -35.63910402059555 -6.848701873421669 -370
      vertex -40.7495252583429 -0.42914900291475444 -370
      vertex -45.445058533549314 -6.916754478216172 -370
    endloop
  endfacet
  facet normal 0 0 1
    outer loop
      vertex -45.445058533549314 -6.916754478216172 -370
      vertex -42.143307179915986 0.12268829799194014 -370
      vertex -42.54969595899476 0.41794702889684254 -370
    endloop
  endfacet
  facet normal 0 0 1
    outer loop
      vertex -45.445058533549314 -6.916754478216172 -370
      vertex -42.54969595899476 0.41794702889684254 -370
      vertex -42.91587450968564 0.761811576285246 -370
    endloop
  endfacet
  facet normal 0 0 1
    outer loop
      vertex -45.445058533549314 -6.916754478216172 -370
      vertex -42.91587450968564 0.761811576285246 -370
      vertex -43.236067977499786 1.1488589908301075 -370
    endloop
  endfacet
  facet normal 0 0 1
    outer loop
      vertex -45.445058533549314 -6.916754478216172 -370
      vertex -41.236067977499786 -0.3042260651806141 -370
      vertex -41.70311716626029 -0.11930820986407831 -370
    endloop
  endfacet
  facet normal 0 0 1
    outer loop
      vertex -45.445058533549314 -6.916754478216172 -370
      vertex -41.70311716626029 -0.11930820986407831 -370
      vertex -42.143307179915986 0.12268829799194014 -370
    endloop
  endfacet
  facet normal 0 0 1
    outer loop
      vertex -45.445058533549314 -6.916754478216172 -370
      vertex -40.7495252583429 -0.42914900291475444 -370
      vertex -41.236067977499786 -0.3042260651806141 -370
    endloop
  endfacet
  facet normal 0 0 1
    outer loop
      vertex -35.63910402059555 -6.848701873421669 -370
      vertex -40.251162078117254 -0.49210691371308624 -370
      vertex -40.7495252583429 -0.42914900291475444 -370
    endloop
  endfacet
  facet normal 0 0 1
    outer loop
      vertex -36.125667355485476 2.5052404513405824 -370
      vertex -35.63910402059555 -6.848701873421669 -370
      vertex -30 3 -370
    endloop
  endfacet
  facet normal 0 0 -1
    outer loop
      vertex -39.95275982439519 14.136964059472085 -382
      vertex -43.236067977499786 5.8511410091698925 -382
      vertex -43.50522672017546 5.427014696406862 -382
    endloop
  endfacet
  facet normal 0 0 -1
    outer loop
      vertex -39.95275982439519 14.136964059472085 -382
      vertex -43.50522672017546 5.427014696406862 -382
      vertex -50 4 -382
    endloop
  endfacet
  facet normal 0 0 1
    outer loop
      vertex -43.50522672017546 1.5729853035931385 -370
      vertex -50 3 -370
      vertex -45.445058533549314 -6.916754478216172 -370
    endloop
  endfacet
  facet normal 0 0 1
    outer loop
      vertex -45.445058533549314 -6.916754478216172 -370
      vertex -43.236067977499786 1.1488589908301075 -370
      vertex -43.50522672017546 1.5729853035931385 -370
    endloop
  endfacet
  facet normal 0 0 1
    outer loop
      vertex -43.719105943553004 2.0275017892612883 -370
      vertex -50 3 -370
      vertex -43.50522672017546 1.5729853035931385 -370
    endloop
  endfacet
  facet normal 0 0 1
    outer loop
      vertex -43.874332644514524 2.5052404513405806 -370
      vertex -50 3 -370
      vertex -43.719105943553004 2.0275017892612883 -370
    endloop
  endfacet
  facet normal 0 0 1
    outer loop
      vertex -50 3 -370
      vertex -43.874332644514524 2.5052404513405806 -370
      vertex -43.96845880525791 2.998667065742784 -370
    endloop
  endfacet
  facet normal 0 0 1
    outer loop
      vertex -50 3 -370
      vertex -43.96845880525791 2.998667065742784 -370
      vertex -43.968542666373175 3 -370
    endloop
  endfacet
  facet normal 0 0 1
    outer loop
      vertex -36.763932022500214 1.1488589908301075 -370
      vertex -35.63910402059555 -6.848701873421669 -370
      vertex -36.49477327982454 1.5729853035931385 -370
    endloop
  endfacet
  facet normal 0 0 1
    outer loop
      vertex -36.49477327982454 1.5729853035931385 -370
      vertex -35.63910402059555 -6.848701873421669 -370
      vertex -36.280894056446996 2.0275017892612865 -370
    endloop
  endfacet
  facet normal 0 0 1
    outer loop
      vertex -36.280894056446996 2.0275017892612865 -370
      vertex -35.63910402059555 -6.848701873421669 -370
      vertex -36.125667355485476 2.5052404513405824 -370
    endloop
  endfacet
  facet normal 0 0 -1
    outer loop
      vertex -39.95275982439519 14.136964059472085 -382
      vertex -40.251162078117254 7.492106913713086 -382
      vertex -40.7495252583429 7.429149002914755 -382
    endloop
  endfacet
  facet normal 0 0 1
    outer loop
      vertex -36.125667355485476 2.5052404513405824 -370
      vertex -30 3 -370
      vertex -36.03154119474209 2.998667065742784 -370
    endloop
  endfacet
  facet normal 0 0 1
    outer loop
      vertex -36.03154119474209 2.998667065742784 -370
      vertex -30 3 -370
      vertex -36.031457333626825 3 -370
    endloop
  endfacet
  facet normal 0 0 -1
    outer loop
      vertex -50 4 -382
      vertex -43.50522672017546 5.427014696406862 -382
      vertex -43.719105943553004 4.972498210738712 -382
    endloop
  endfacet
  facet normal 0 0 -1
    outer loop
      vertex -50 4 -382
      vertex -43.719105943553004 4.972498210738712 -382
      vertex -43.874332644514524 4.494759548659419 -382
    endloop
  endfacet
  facet normal 0 0 -1
    outer loop
      vertex -50 4 -382
      vertex -43.874332644514524 4.494759548659419 -382
      vertex -43.96845880525791 4.001332934257216 -382
    endloop
  endfacet
  facet normal 0 0 -1
    outer loop
      vertex -50 4 -382
      vertex -43.96845880525791 4.001332934257216 -382
      vertex -43.968542666373175 4 -382
    endloop
  endfacet
  facet normal 1 0 0
    outer loop
      vertex -30 13.630919392840843 -382
      vertex -30 4 -370
      vertex -30 4 -382
    endloop
  endfacet
  facet normal 0 0 -1
    outer loop
      vertex -49.23716288387776 14.33711264550686 -382
      vertex -52.27942568531857 2.988766210016976 -382
      vertex -52.81399049835507 14.324185695225355 -382
    endloop
  endfacet
  facet normal 0 0 -1
    outer loop
      vertex -50 4 -382
      vertex -54.22860276401043 -6.817276822328568 -382
      vertex -49.23716288387776 14.33711264550686 -382
    endloop
  endfacet
  facet normal 0 0 -1
    outer loop
      vertex -94 1 -382
      vertex -75.28087458848954 -6.45170047044754 -382
      vertex -85.97856611728669 -6.116759704947472 -382
    endloop
  endfacet
  facet normal 0 0 -1
    outer loop
      vertex -39.95275982439519 14.136964059472085 -382
      vertex -42.54969595899476 6.582052971103158 -382
      vertex -42.91587450968564 6.238188423714754 -382
    endloop
  endfacet
  facet normal 0 0 -1
    outer loop
      vertex -39.95275982439519 14.136964059472085 -382
      vertex -39.748837921882746 7.492106913713086 -382
      vertex -40.251162078117254 7.492106913713086 -382
    endloop
  endfacet
  facet normal 0 0 -1
    outer loop
      vertex -39.95275982439519 14.136964059472085 -382
      vertex -40.7495252583429 7.429149002914755 -382
      vertex -41.236067977499786 7.304226065180615 -382
    endloop
  endfacet
  facet normal 0 0 -1
    outer loop
      vertex -41.70311716626029 7.119308209864078 -382
      vertex -39.95275982439519 14.136964059472085 -382
      vertex -41.236067977499786 7.304226065180615 -382
    endloop
  endfacet
  facet normal 0 0 -1
    outer loop
      vertex -41.70311716626029 7.119308209864078 -382
      vertex -42.143307179915986 6.877311702008059 -382
      vertex -39.95275982439519 14.136964059472085 -382
    endloop
  endfacet
  facet normal 0 0 -1
    outer loop
      vertex -39.95275982439519 14.136964059472085 -382
      vertex -42.143307179915986 6.877311702008059 -382
      vertex -42.54969595899476 6.582052971103158 -382
    endloop
  endfacet
  facet normal 0 0 -1
    outer loop
      vertex -50 4 -382
      vertex -49.23716288387776 14.33711264550686 -382
      vertex -39.95275982439519 14.136964059472085 -382
    endloop
  endfacet
  facet normal 0 0 1
    outer loop
      vertex -80.14122828110935 1.8187593355805716 -370
      vertex -82 7 -370
      vertex -82 1 -370
    endloop
  endfacet
  facet normal 0 0 1
    outer loop
      vertex -79.28777468863571 1.8577649875133895 -370
      vertex -76.92928620576858 -6.514618313312531 -370
      vertex -61.281052735707306 2.680731737130346 -370
    endloop
  endfacet
  facet normal 0 0 -1
    outer loop
      vertex -36.125667355485476 4.494759548659419 -382
      vertex -31.089075705409048 13.71420323550701 -382
      vertex -30 4 -382
    endloop
  endfacet
  facet normal 0 0 -1
    outer loop
      vertex -37.856692820084014 6.87731170200806 -382
      vertex -31.089075705409048 13.71420323550701 -382
      vertex -37.45030404100524 6.582052971103156 -382
    endloop
  endfacet
  facet normal 0 0 -1
    outer loop
      vertex -37.45030404100524 6.582052971103156 -382
      vertex -31.089075705409048 13.71420323550701 -382
      vertex -37.08412549031436 6.238188423714755 -382
    endloop
  endfacet
  facet normal 0 0 -1
    outer loop
      vertex -37.08412549031436 6.238188423714755 -382
      vertex -31.089075705409048 13.71420323550701 -382
      vertex -36.763932022500214 5.8511410091698925 -382
    endloop
  endfacet
  facet normal 0 0 -1
    outer loop
      vertex -36.763932022500214 5.8511410091698925 -382
      vertex -31.089075705409048 13.71420323550701 -382
      vertex -36.49477327982454 5.427014696406861 -382
    endloop
  endfacet
  facet normal 0 0 -1
    outer loop
      vertex -36.49477327982454 5.427014696406861 -382
      vertex -31.089075705409048 13.71420323550701 -382
      vertex -36.280894056446996 4.972498210738712 -382
    endloop
  endfacet
  facet normal 0 0 -1
    outer loop
      vertex -36.280894056446996 4.972498210738712 -382
      vertex -31.089075705409048 13.71420323550701 -382
      vertex -36.125667355485476 4.494759548659419 -382
    endloop
  endfacet
  facet normal 0 0 -1
    outer loop
      vertex -36.125667355485476 4.494759548659419 -382
      vertex -30 4 -382
      vertex -36.03154119474209 4.001332934257217 -382
    endloop
  endfacet
  facet normal 0 0 -1
    outer loop
      vertex -36.03154119474209 4.001332934257217 -382
      vertex -30 4 -382
      vertex -36.031457333626825 4 -382
    endloop
  endfacet
  facet normal 0 0 -1
    outer loop
      vertex -39.95275982439519 14.136964059472085 -382
      vertex -42.91587450968564 6.238188423714754 -382
      vertex -43.236067977499786 5.8511410091698925 -382
    endloop
  endfacet
  facet normal -0.0456539594637684 0.9989202534573497 -0.008604836894741208
    outer loop
      vertex -78.11313408069903 1.8080802925981747 -382
      vertex -79.6175995715929 1.8160021394431283 -373.0982508174058
      vertex -61.281052735707306 2.680731737130346 -370
    endloop
  endfacet
  facet normal 0.9849595468279307 0.0464495131111511 0.16642455901775527
    outer loop
      vertex -80.11753323107213 1.8186345679747244 -370.140200884352
      vertex -80.6557951708572 13.595942815318603 -370.2416522426328
      vertex -80.14122828110935 1.8187593355805716 -370
    endloop
  endfacet
  facet normal -0.04565395946376895 0.9989202534573496 -0.008604836894739927
    outer loop
      vertex -80.11753323107213 1.8186345679747244 -370.140200884352
      vertex -80.14122828110935 1.8187593355805716 -370
      vertex -79.28777468863571 1.8577649875133895 -370
    endloop
  endfacet
  facet normal -0.984959546827925 -0.04644951311115131 -0.16642455901778885
    outer loop
      vertex -52.81399049835507 14.324185695225355 -382
      vertex -54.30751988572889 2.999445252999373 -370
      vertex -54.84806569219412 14.461691397575459 -370
    endloop
  endfacet
  facet normal 0.9849595468279319 0.04644951311115102 0.16642455901774922
    outer loop
      vertex -80.69672540104347 13.598047316603086 -370
      vertex -80.14122828110935 1.8187593355805716 -370
      vertex -80.6557951708572 13.595942815318603 -370.2416522426328
    endloop
  endfacet
  facet normal -0.9849595468279253 -0.046449513111150906 -0.16642455901778852
    outer loop
      vertex -54.30751988572889 2.999445252999373 -370
      vertex -52.81399049835507 14.324185695225355 -382
      vertex -52.27942568531857 2.988766210016976 -382
    endloop
  endfacet
  facet normal 0.9849595468279251 0.04644951311115129 0.16642455901778855
    outer loop
      vertex -79.6175995715929 1.8160021394431283 -373.0982508174058
      vertex -78.66417782491037 13.492934669477854 -382
      vertex -80.15480453534504 13.570183482152096 -373.19950295733906
    endloop
  endfacet
  facet normal -0.045653959463768386 0.9989202534573496 -0.008604836894741211
    outer loop
      vertex -78.11313408069903 1.8080802925981747 -382
      vertex -54.30751988572889 2.999445252999373 -370
      vertex -52.27942568531857 2.988766210016976 -382
    endloop
  endfacet
  facet normal 0.9849595468279251 0.04644951311115126 0.1664245590177885
    outer loop
      vertex -78.11313408069903 1.8080802925981747 -382
      vertex -78.66417782491037 13.492934669477854 -382
      vertex -79.6175995715929 1.8160021394431283 -373.0982508174058
    endloop
  endfacet
  facet normal 0.9849595468271992 0.046449513127499176 0.16642455901752176
    outer loop
      vertex -80.15480453534504 13.570183482152096 -373.19950295733906
      vertex -78.66417782491037 13.492934669477854 -382
      vertex -78.81080390448611 13.501079276260306 -381.1344880543914
    endloop
  endfacet
  facet normal -0.045653959463768344 0.9989202534573497 -0.008604836894741246
    outer loop
      vertex -78.11313408069903 1.8080802925981747 -382
      vertex -61.281052735707306 2.680731737130346 -370
      vertex -54.30751988572889 2.999445252999373 -370
    endloop
  endfacet
  facet normal 0.9849595468279247 0.04644951311114976 0.1664245590177918
    outer loop
      vertex -83.80285519247089 7 -373.8102052163984
      vertex -84.08860394226518 13.252255377677999 -373.86406300691067
      vertex -84.58959457777735 13.278014710844502 -370.90621229220443
    endloop
  endfacet
  facet normal -0.16664455315973017 0.0008774761772019985 0.9860166443512768
    outer loop
      vertex -84.08860394226518 13.252255377677999 -373.86406300691067
      vertex -82 7 -373.5055085363959
      vertex -79.6175995715929 1.8160021394431283 -373.0982508174058
    endloop
  endfacet
  facet normal 0.16664455315971602 -0.0008774761771990563 -0.9860166443512792
    outer loop
      vertex -80.11753323107213 1.8186345679747244 -370.140200884352
      vertex -82 7 -370.4629635477423
      vertex -80.6557951708572 13.595942815318603 -370.2416522426328
    endloop
  endfacet
  facet normal -0.045653959463768504 0.9989202534573496 -0.008604836894741274
    outer loop
      vertex -82 1.7298596886954472 -370.4582735431667
      vertex -80.11753323107213 1.8186345679747244 -370.140200884352
      vertex -79.6175995715929 1.8160021394431283 -373.0982508174058
    endloop
  endfacet
  facet normal -0.04565395946376871 0.9989202534573496 -0.008604836894741308
    outer loop
      vertex -79.28777468863571 1.8577649875133895 -370
      vertex -79.6175995715929 1.8160021394431283 -373.0982508174058
      vertex -80.11753323107213 1.8186345679747244 -370.140200884352
    endloop
  endfacet
  facet normal 0.16664455315974014 -0.0008774761771900411 -0.9860166443512752
    outer loop
      vertex -82 1.7298596886954472 -370.4582735431667
      vertex -82 7 -370.4629635477423
      vertex -80.11753323107213 1.8186345679747244 -370.140200884352
    endloop
  endfacet
  facet normal -0.04565395946376834 0.9989202534573496 -0.008604836894741128
    outer loop
      vertex -82 1.7298596886954472 -370.4582735431667
      vertex -79.6175995715929 1.8160021394431283 -373.0982508174058
      vertex -82 1.7036509872646532 -373.50079520816615
    endloop
  endfacet
  facet normal -0.045653959463768365 0.9989202534573496 -0.008604836894741362
    outer loop
      vertex -61.281052735707306 2.680731737130346 -370
      vertex -79.6175995715929 1.8160021394431283 -373.0982508174058
      vertex -79.28777468863571 1.8577649875133895 -370
    endloop
  endfacet
  facet normal -0.16664455315973317 0.0008774761772006131 0.9860166443512762
    outer loop
      vertex -79.6175995715929 1.8160021394431283 -373.0982508174058
      vertex -82 7 -373.5055085363959
      vertex -82 1.7036509872646532 -373.50079520816615
    endloop
  endfacet
  facet normal -0.16664455315975013 0.0008774761771951765 0.9860166443512736
    outer loop
      vertex -84.08860394226518 13.252255377677999 -373.86406300691067
      vertex -83.80285519247089 7 -373.8102052163984
      vertex -82 7 -373.5055085363959
    endloop
  endfacet
  facet normal 0.16664455315975535 -0.0008774761772072989 -0.9860166443512727
    outer loop
      vertex -80.6557951708572 13.595942815318603 -370.2416522426328
      vertex -82 7 -370.4629635477423
      vertex -84.30266854125958 7 -370.85213260724197
    endloop
  endfacet
  facet normal 0.9849595468279251 0.046449513111151426 0.1664245590177883
    outer loop
      vertex -84.58959457777735 13.278014710844502 -370.90621229220443
      vertex -84.30266854125958 7 -370.85213260724197
      vertex -83.80285519247089 7 -373.8102052163984
    endloop
  endfacet
  facet normal 0.1666445531597378 -0.0008774761771973374 -0.9860166443512756
    outer loop
      vertex -84.30266854125958 7 -370.85213260724197
      vertex -84.58959457777735 13.278014710844502 -370.90621229220443
      vertex -80.6557951708572 13.595942815318603 -370.2416522426328
    endloop
  endfacet
  facet normal -0.16664455315973797 0.0008774761771989165 0.9860166443512755
    outer loop
      vertex -79.6175995715929 1.8160021394431283 -373.0982508174058
      vertex -80.15480453534504 13.570183482152096 -373.19950295733906
      vertex -84.08860394226518 13.252255377677999 -373.86406300691067
    endloop
  endfacet
  facet normal 0 -1 0
    outer loop
      vertex -34.61387063529793 -2 -375.71400662976043
      vertex -34.65 -2 -374.00814157129577
      vertex -34.640931906511646 -2 -375.85586678140106
    endloop
  endfacet
  facet normal 0 -1 0
    outer loop
      vertex -33.98964618529983 -2 -374.9594488896641
      vertex -33.85536954353119 -2 -374.9062850062606
      vertex -34.65 -2 -374.00814157129577
    endloop
  endfacet
  facet normal 0 -1 0
    outer loop
      vertex -33.715488511773586 -2 -374.870369661662
      vertex -33.57220909745871 -2 -374.8522692623075
      vertex -34.65 -2 -374.00814157129577
    endloop
  endfacet
  facet normal -0.8660254037844409 0 -0.49999999999999606
    outer loop
      vertex -32.35 -6.773594565472482 -374.00814157129577
      vertex -32.35 -2 -374.00814157129577
      vertex -31.2 -2 -376
    endloop
  endfacet
  facet normal 0 -1 0
    outer loop
      vertex -34.65 -2 -376
      vertex -34.640931906511646 -2 -375.85586678140106
      vertex -34.65 -2 -374.00814157129577
    endloop
  endfacet
  facet normal 0 -1 0
    outer loop
      vertex -35.8 -2 -376
      vertex -34.65 -2 -376
      vertex -34.65 -2 -374.00814157129577
    endloop
  endfacet
  facet normal 0.8660254037844417 0 -0.49999999999999495
    outer loop
      vertex -35.8 -6.821082458856649 -376
      vertex -35.8 -2 -376
      vertex -34.65 -2 -374.00814157129577
    endloop
  endfacet
  facet normal 0 -1 0
    outer loop
      vertex -34.56924295877149 -2 -375.57665676441263
      vertex -34.65 -2 -374.00814157129577
      vertex -34.61387063529793 -2 -375.71400662976043
    endloop
  endfacet
  facet normal 0.8660254037844418 0 0.49999999999999445
    outer loop
      vertex -35.8 -2 -376
      vertex -35.8 -6.821082458856649 -376
      vertex -34.841382532595965 -6.806477632897816 -377.6603741585668
    endloop
  endfacet
  facet normal 0 -1 0
    outer loop
      vertex -34.507752682050445 -2 -375.44598327478303
      vertex -34.65 -2 -374.00814157129577
      vertex -34.56924295877149 -2 -375.57665676441263
    endloop
  endfacet
  facet normal 0 -1 0
    outer loop
      vertex -34.65 -2 -374.00814157129577
      vertex -34.507752682050445 -2 -375.44598327478303
      vertex -34.43036954353119 -2 -375.32404695986367
    endloop
  endfacet
  facet normal 0 -1 0
    outer loop
      vertex -34.33831392153462 -2 -375.212770828182
      vertex -34.65 -2 -374.00814157129577
      vertex -34.43036954353119 -2 -375.32404695986367
    endloop
  endfacet
  facet normal 0 -1 0
    outer loop
      vertex -34.23303758821099 -2 -375.1139097708078
      vertex -34.65 -2 -374.00814157129577
      vertex -34.33831392153462 -2 -375.212770828182
    endloop
  endfacet
  facet normal 0 -1 0
    outer loop
      vertex -32.35 -2 -374.00814157129577
      vertex -32.38612936470207 -2 -375.71400662976043
      vertex -32.359068093488354 -2 -375.85586678140106
    endloop
  endfacet
  facet normal 0 -1 0
    outer loop
      vertex -33.98964618529983 -2 -374.9594488896641
      vertex -34.65 -2 -374.00814157129577
      vertex -34.11620081422585 -2 -375.0290228856727
    endloop
  endfacet
  facet normal 0 -1 0
    outer loop
      vertex -33.85536954353119 -2 -374.9062850062606
      vertex -33.715488511773586 -2 -374.870369661662
      vertex -34.65 -2 -374.00814157129577
    endloop
  endfacet
  facet normal 0 -1 0
    outer loop
      vertex -32.35 -2 -374.00814157129577
      vertex -32.35 -2 -376
      vertex -31.2 -2 -376
    endloop
  endfacet
  facet normal 0 -1 0
    outer loop
      vertex -32.359068093488354 -2 -375.85586678140106
      vertex -32.35 -2 -376
      vertex -32.35 -2 -374.00814157129577
    endloop
  endfacet
  facet normal 0 -1 0
    outer loop
      vertex -34.11620081422585 -2 -375.0290228856727
      vertex -34.65 -2 -374.00814157129577
      vertex -34.23303758821099 -2 -375.1139097708078
    endloop
  endfacet
  facet normal 0 -1 0
    outer loop
      vertex -33.57220909745871 -2 -374.8522692623075
      vertex -33.42779090254129 -2 -374.8522692623075
      vertex -32.35 -2 -374.00814157129577
    endloop
  endfacet
  facet normal 0 -1 0
    outer loop
      vertex -33.42779090254129 -2 -374.8522692623075
      vertex -33.284511488226414 -2 -374.870369661662
      vertex -32.35 -2 -374.00814157129577
    endloop
  endfacet
  facet normal 0 -1 0
    outer loop
      vertex -33.284511488226414 -2 -374.870369661662
      vertex -33.14463045646881 -2 -374.9062850062606
      vertex -32.35 -2 -374.00814157129577
    endloop
  endfacet
  facet normal 0 -1 0
    outer loop
      vertex -33.14463045646881 -2 -374.9062850062606
      vertex -33.01035381470017 -2 -374.9594488896641
      vertex -32.35 -2 -374.00814157129577
    endloop
  endfacet
  facet normal 0 -1 0
    outer loop
      vertex -33.01035381470017 -2 -374.9594488896641
      vertex -32.88379918577415 -2 -375.0290228856727
      vertex -32.35 -2 -374.00814157129577
    endloop
  endfacet
  facet normal 0 -1 0
    outer loop
      vertex -32.88379918577415 -2 -375.0290228856727
      vertex -32.76696241178901 -2 -375.1139097708078
      vertex -32.35 -2 -374.00814157129577
    endloop
  endfacet
  facet normal 0 -1 0
    outer loop
      vertex -32.76696241178901 -2 -375.1139097708078
      vertex -32.66168607846538 -2 -375.212770828182
      vertex -32.35 -2 -374.00814157129577
    endloop
  endfacet
  facet normal 0 -1 0
    outer loop
      vertex -32.66168607846538 -2 -375.212770828182
      vertex -32.56963045646881 -2 -375.32404695986367
      vertex -32.35 -2 -374.00814157129577
    endloop
  endfacet
  facet normal 0 -1 0
    outer loop
      vertex -32.56963045646881 -2 -375.32404695986367
      vertex -32.492247317949555 -2 -375.44598327478303
      vertex -32.35 -2 -374.00814157129577
    endloop
  endfacet
  facet normal 0 -1 0
    outer loop
      vertex -32.492247317949555 -2 -375.44598327478303
      vertex -32.43075704122851 -2 -375.57665676441263
      vertex -32.35 -2 -374.00814157129577
    endloop
  endfacet
  facet normal 0 -1 0
    outer loop
      vertex -32.43075704122851 -2 -375.57665676441263
      vertex -32.38612936470207 -2 -375.71400662976043
      vertex -32.35 -2 -374.00814157129577
    endloop
  endfacet
  facet normal 0 -1 0
    outer loop
      vertex -34.65 -2 -377.99185842870423
      vertex -34.61387063529793 -2 -376.28599337023957
      vertex -34.640931906511646 -2 -376.14413321859894
    endloop
  endfacet
  facet normal 0 -1 0
    outer loop
      vertex -32.38612936470207 -2 -376.28599337023957
      vertex -32.43075704122851 -2 -376.42334323558737
      vertex -32.35 -2 -377.99185842870423
    endloop
  endfacet
  facet normal 0 -1 0
    outer loop
      vertex -32.35 -2 -377.99185842870423
      vertex -32.359068093488354 -2 -376.14413321859894
      vertex -32.38612936470207 -2 -376.28599337023957
    endloop
  endfacet
  facet normal 0 -1 0
    outer loop
      vertex -31.2 -2 -376
      vertex -32.35 -2 -376
      vertex -32.35 -2 -377.99185842870423
    endloop
  endfacet
  facet normal 0 -1 0
    outer loop
      vertex -32.35 -2 -377.99185842870423
      vertex -32.35 -2 -376
      vertex -32.359068093488354 -2 -376.14413321859894
    endloop
  endfacet
  facet normal -0.8660254037844409 0 0.499999999999996
    outer loop
      vertex -31.2 -6.745214608973504 -376
      vertex -31.2 -2 -376
      vertex -32.35 -2 -377.99185842870423
    endloop
  endfacet
  facet normal 0 -1 0
    outer loop
      vertex -34.23303758821099 -2 -376.8860902291922
      vertex -34.33831392153462 -2 -376.787229171818
      vertex -34.65 -2 -377.99185842870423
    endloop
  endfacet
  facet normal 0 -1 0
    outer loop
      vertex -34.65 -2 -377.99185842870423
      vertex -34.33831392153462 -2 -376.787229171818
      vertex -34.43036954353119 -2 -376.67595304013633
    endloop
  endfacet
  facet normal 0 -1 0
    outer loop
      vertex -34.65 -2 -377.99185842870423
      vertex -34.43036954353119 -2 -376.67595304013633
      vertex -34.507752682050445 -2 -376.55401672521697
    endloop
  endfacet
  facet normal 0 -1 0
    outer loop
      vertex -34.65 -2 -377.99185842870423
      vertex -34.507752682050445 -2 -376.55401672521697
      vertex -34.56924295877149 -2 -376.42334323558737
    endloop
  endfacet
  facet normal 0 -1 0
    outer loop
      vertex -34.56924295877149 -2 -376.42334323558737
      vertex -34.61387063529793 -2 -376.28599337023957
      vertex -34.65 -2 -377.99185842870423
    endloop
  endfacet
  facet normal 0 0 -1
    outer loop
      vertex -34.65 -2 -374.00814157129577
      vertex -32.35 -2 -374.00814157129577
      vertex -34.65 -6.816054565271197 -374.00814157129577
    endloop
  endfacet
  facet normal 0 -1 0
    outer loop
      vertex -34.640931906511646 -2 -376.14413321859894
      vertex -34.65 -2 -376
      vertex -34.65 -2 -377.99185842870423
    endloop
  endfacet
  facet normal 0 -1 0
    outer loop
      vertex -35.8 -2 -376
      vertex -34.65 -2 -377.99185842870423
      vertex -34.65 -2 -376
    endloop
  endfacet
  facet normal 0.8660254037844416 -2.0085630257660273e-16 0.49999999999999484
    outer loop
      vertex -35.8 -2 -376
      vertex -34.841382532595965 -6.806477632897816 -377.6603741585668
      vertex -34.65 -2 -377.99185842870423
    endloop
  endfacet
  facet normal 0 0 1
    outer loop
      vertex -34.65 -6.801754652071957 -377.99185842870423
      vertex -32.35 -6.759294652273241 -377.99185842870423
      vertex -34.65 -2 -377.99185842870423
    endloop
  endfacet
  facet normal 0.8660254037844447 -2.874054608846832e-12 -0.4999999999999894
    outer loop
      vertex -35.13435004833981 -6.821984712795419 -374.84706046366875
      vertex -35.8 -6.821082458856649 -376
      vertex -34.65 -6.816054565271197 -374.00814157129577
    endloop
  endfacet
  facet normal 0 -1 0
    outer loop
      vertex -34.65 -2 -374.00814157129577
      vertex -33.57220909745871 -2 -374.8522692623075
      vertex -32.35 -2 -374.00814157129577
    endloop
  endfacet
  facet normal -0.8660254037844408 0 0.499999999999996
    outer loop
      vertex -32.35 -6.759294652273241 -377.99185842870423
      vertex -31.2 -6.745214608973504 -376
      vertex -32.35 -2 -377.99185842870423
    endloop
  endfacet
  facet normal 0 0 -1
    outer loop
      vertex -32.35 -6.773594565472482 -374.00814157129577
      vertex -34.65 -6.816054565271197 -374.00814157129577
      vertex -32.35 -2 -374.00814157129577
    endloop
  endfacet
  facet normal 0.8660254037844404 0 0.49999999999999706
    outer loop
      vertex -34.65 -2 -377.99185842870423
      vertex -34.841382532595965 -6.806477632897816 -377.6603741585668
      vertex -34.65 -6.801754652071957 -377.99185842870423
    endloop
  endfacet
  facet normal 0 -1 0
    outer loop
      vertex -32.35 -2 -377.99185842870423
      vertex -32.492247317949555 -2 -376.55401672521697
      vertex -32.56963045646881 -2 -376.67595304013633
    endloop
  endfacet
  facet normal -0.8660254037844409 0 -0.499999999999996
    outer loop
      vertex -31.2 -2 -376
      vertex -31.2 -6.745214608973504 -376
      vertex -32.35 -6.773594565472482 -374.00814157129577
    endloop
  endfacet
  facet normal 0.8660254037844416 0 -0.49999999999999495
    outer loop
      vertex -34.65 -2 -374.00814157129577
      vertex -34.65 -6.816054565271197 -374.00814157129577
      vertex -35.8 -6.821082458856649 -376
    endloop
  endfacet
  facet normal 0 -1 0
    outer loop
      vertex -32.35 -2 -377.99185842870423
      vertex -32.43075704122851 -2 -376.42334323558737
      vertex -32.492247317949555 -2 -376.55401672521697
    endloop
  endfacet
  facet normal 0 -1 0
    outer loop
      vertex -34.65 -2 -377.99185842870423
      vertex -32.35 -2 -377.99185842870423
      vertex -33.42779090254129 -2 -377.1477307376925
    endloop
  endfacet
  facet normal 0 0 1
    outer loop
      vertex -32.35 -2 -377.99185842870423
      vertex -34.65 -2 -377.99185842870423
      vertex -32.35 -6.759294652273241 -377.99185842870423
    endloop
  endfacet
  facet normal 0 -1 0
    outer loop
      vertex -32.35 -2 -377.99185842870423
      vertex -33.284511488226414 -2 -377.129630338338
      vertex -33.42779090254129 -2 -377.1477307376925
    endloop
  endfacet
  facet normal 0 -1 0
    outer loop
      vertex -32.35 -2 -377.99185842870423
      vertex -33.01035381470017 -2 -377.0405511103359
      vertex -33.14463045646881 -2 -377.0937149937394
    endloop
  endfacet
  facet normal 0 -1 0
    outer loop
      vertex -32.35 -2 -377.99185842870423
      vertex -33.14463045646881 -2 -377.0937149937394
      vertex -33.284511488226414 -2 -377.129630338338
    endloop
  endfacet
  facet normal 0 -1 0
    outer loop
      vertex -32.35 -2 -377.99185842870423
      vertex -32.88379918577415 -2 -376.9709771143273
      vertex -33.01035381470017 -2 -377.0405511103359
    endloop
  endfacet
  facet normal 0 -1 0
    outer loop
      vertex -32.76696241178901 -2 -376.8860902291922
      vertex -32.35 -2 -377.99185842870423
      vertex -32.66168607846538 -2 -376.787229171818
    endloop
  endfacet
  facet normal 0 -1 0
    outer loop
      vertex -32.35 -2 -377.99185842870423
      vertex -32.56963045646881 -2 -376.67595304013633
      vertex -32.66168607846538 -2 -376.787229171818
    endloop
  endfacet
  facet normal 0 -1 0
    outer loop
      vertex -34.65 -2 -377.99185842870423
      vertex -33.42779090254129 -2 -377.1477307376925
      vertex -33.57220909745871 -2 -377.1477307376925
    endloop
  endfacet
  facet normal 0 -1 0
    outer loop
      vertex -34.65 -2 -377.99185842870423
      vertex -33.57220909745871 -2 -377.1477307376925
      vertex -33.715488511773586 -2 -377.129630338338
    endloop
  endfacet
  facet normal 0 -1 0
    outer loop
      vertex -34.65 -2 -377.99185842870423
      vertex -33.715488511773586 -2 -377.129630338338
      vertex -33.85536954353119 -2 -377.0937149937394
    endloop
  endfacet
  facet normal 0 -1 0
    outer loop
      vertex -34.65 -2 -377.99185842870423
      vertex -33.85536954353119 -2 -377.0937149937394
      vertex -33.98964618529983 -2 -377.0405511103359
    endloop
  endfacet
  facet normal 0 -1 0
    outer loop
      vertex -34.65 -2 -377.99185842870423
      vertex -33.98964618529983 -2 -377.0405511103359
      vertex -34.11620081422585 -2 -376.9709771143273
    endloop
  endfacet
  facet normal 0 -1 0
    outer loop
      vertex -32.35 -2 -377.99185842870423
      vertex -32.76696241178901 -2 -376.8860902291922
      vertex -32.88379918577415 -2 -376.9709771143273
    endloop
  endfacet
  facet normal 0 -1 0
    outer loop
      vertex -34.65 -2 -377.99185842870423
      vertex -34.11620081422585 -2 -376.9709771143273
      vertex -34.23303758821099 -2 -376.8860902291922
    endloop
  endfacet
  facet normal -0.9048270524660313 0 -0.4257792915650477
    outer loop
      vertex -32.492247317949555 4 -375.44598327478303
      vertex -32.492247317949555 8 -375.44598327478303
      vertex -32.43075704122851 8 -375.57665676441263
    endloop
  endfacet
  facet normal -0.8443279255020099 0 -0.5358267949790048
    outer loop
      vertex -32.56963045646881 4 -375.32404695986367
      vertex -32.56963045646881 8 -375.32404695986367
      vertex -32.492247317949555 8 -375.44598327478303
    endloop
  endfacet
  facet normal -0.7705132427758531 0 -0.6374239897486124
    outer loop
      vertex -32.66168607846538 4 -375.212770828182
      vertex -32.66168607846538 8 -375.212770828182
      vertex -32.56963045646881 8 -375.32404695986367
    endloop
  endfacet
  facet normal -0.6845471059286878 0 -0.7289686274214124
    outer loop
      vertex -32.76696241178901 4 -375.1139097708078
      vertex -32.76696241178901 8 -375.1139097708078
      vertex -32.66168607846538 8 -375.212770828182
    endloop
  endfacet
  facet normal -0.5877852522923095 0 -0.8090169943750664
    outer loop
      vertex -32.88379918577415 4 -375.0290228856727
      vertex -32.88379918577415 8 -375.0290228856727
      vertex -32.76696241178901 8 -375.1139097708078
    endloop
  endfacet
  facet normal -0.12533323356393458 0 -0.9921147013145247
    outer loop
      vertex -33.42779090254129 4 -374.8522692623075
      vertex -33.42779090254129 8 -374.8522692623075
      vertex -33.284511488226414 8 -374.870369661662
    endloop
  endfacet
  facet normal -0.48175367410175507 0 -0.8763066800438417
    outer loop
      vertex -33.01035381470017 4 -374.9594488896641
      vertex -33.01035381470017 8 -374.9594488896641
      vertex -32.88379918577415 8 -375.0290228856727
    endloop
  endfacet
  facet normal -0.36812455268465044 0 -0.9297764858882623
    outer loop
      vertex -33.14463045646881 4 -374.9062850062606
      vertex -33.14463045646881 8 -374.9062850062606
      vertex -33.01035381470017 8 -374.9594488896641
    endloop
  endfacet
  facet normal -0.2486898871651275 0 -0.968583161128561
    outer loop
      vertex -33.284511488226414 4 -374.870369661662
      vertex -33.284511488226414 8 -374.870369661662
      vertex -33.14463045646881 8 -374.9062850062606
    endloop
  endfacet
  facet normal 0.6845471059286878 0 -0.7289686274214124
    outer loop
      vertex -34.33831392153462 4 -375.212770828182
      vertex -34.33831392153462 8 -375.212770828182
      vertex -34.23303758821099 8 -375.1139097708078
    endloop
  endfacet
  facet normal 0.5877852522923095 0 -0.8090169943750664
    outer loop
      vertex -34.23303758821099 4 -375.1139097708078
      vertex -34.23303758821099 8 -375.1139097708078
      vertex -34.11620081422585 8 -375.0290228856727
    endloop
  endfacet
  facet normal 0.2486898871651275 0 -0.968583161128561
    outer loop
      vertex -33.85536954353119 4 -374.9062850062606
      vertex -33.85536954353119 8 -374.9062850062606
      vertex -33.715488511773586 8 -374.870369661662
    endloop
  endfacet
  facet normal 0.48175367410175507 0 -0.8763066800438417
    outer loop
      vertex -34.11620081422585 4 -375.0290228856727
      vertex -34.11620081422585 8 -375.0290228856727
      vertex -33.98964618529983 8 -374.9594488896641
    endloop
  endfacet
  facet normal 0.36812455268465044 0 -0.9297764858882623
    outer loop
      vertex -33.98964618529983 4 -374.9594488896641
      vertex -33.98964618529983 8 -374.9594488896641
      vertex -33.85536954353119 8 -374.9062850062606
    endloop
  endfacet
  facet normal -0.9510565162951525 0 -0.30901699437495095
    outer loop
      vertex -32.43075704122851 4 -375.57665676441263
      vertex -32.43075704122851 8 -375.57665676441263
      vertex -32.38612936470207 8 -375.71400662976043
    endloop
  endfacet
  facet normal -0.9822872507286949 0 -0.18738131458569202
    outer loop
      vertex -32.38612936470207 8 -375.71400662976043
      vertex -32.359068093488354 8 -375.85586678140106
      vertex -32.359068093488354 4 -375.85586678140106
    endloop
  endfacet
  facet normal -0.9980267284282704 0 -0.06279051952933057
    outer loop
      vertex -32.359068093488354 4 -375.85586678140106
      vertex -32.359068093488354 8 -375.85586678140106
      vertex -32.35 8 -376
    endloop
  endfacet
  facet normal 0.5877852522923095 0 -0.8090169943750664
    outer loop
      vertex -34.23303758821099 -2 -375.1139097708078
      vertex -34.23303758821099 3 -375.1139097708078
      vertex -34.11620081422585 -2 -375.0290228856727
    endloop
  endfacet
  facet normal -0.9510565162951524 0 -0.30901699437495095
    outer loop
      vertex -32.43075704122851 -2 -375.57665676441263
      vertex -32.43075704122851 3 -375.57665676441263
      vertex -32.38612936470207 -2 -375.71400662976043
    endloop
  endfacet
  facet normal -0.9048270524660312 0 -0.4257792915650476
    outer loop
      vertex -32.492247317949555 -2 -375.44598327478303
      vertex -32.492247317949555 3 -375.44598327478303
      vertex -32.43075704122851 -2 -375.57665676441263
    endloop
  endfacet
  facet normal -0.8443279255020099 0 -0.5358267949790048
    outer loop
      vertex -32.56963045646881 -2 -375.32404695986367
      vertex -32.56963045646881 3 -375.32404695986367
      vertex -32.492247317949555 -2 -375.44598327478303
    endloop
  endfacet
  facet normal -0.7705132427758532 0 -0.6374239897486125
    outer loop
      vertex -32.66168607846538 -2 -375.212770828182
      vertex -32.66168607846538 3 -375.212770828182
      vertex -32.56963045646881 -2 -375.32404695986367
    endloop
  endfacet
  facet normal -0.6845471059286878 0 -0.7289686274214123
    outer loop
      vertex -32.76696241178901 -2 -375.1139097708078
      vertex -32.76696241178901 3 -375.1139097708078
      vertex -32.66168607846538 -2 -375.212770828182
    endloop
  endfacet
  facet normal 0.8443279255020099 0 -0.5358267949790048
    outer loop
      vertex -34.507752682050445 4 -375.44598327478303
      vertex -34.43036954353119 8 -375.32404695986367
      vertex -34.43036954353119 4 -375.32404695986367
    endloop
  endfacet
  facet normal -0.9980267284282704 0 -0.06279051952933057
    outer loop
      vertex -32.35 3 -376
      vertex -32.35 -2 -376
      vertex -32.359068093488354 3 -375.85586678140106
    endloop
  endfacet
  facet normal -0.48175367410175507 0 -0.8763066800438417
    outer loop
      vertex -33.01035381470017 -2 -374.9594488896641
      vertex -33.01035381470017 3 -374.9594488896641
      vertex -32.88379918577415 -2 -375.0290228856727
    endloop
  endfacet
  facet normal -0.3681245526846504 0 -0.9297764858882622
    outer loop
      vertex -33.14463045646881 -2 -374.9062850062606
      vertex -33.14463045646881 3 -374.9062850062606
      vertex -33.01035381470017 -2 -374.9594488896641
    endloop
  endfacet
  facet normal -0.2486898871651275 0 -0.9685831611285611
    outer loop
      vertex -33.284511488226414 -2 -374.870369661662
      vertex -33.284511488226414 3 -374.870369661662
      vertex -33.14463045646881 -2 -374.9062850062606
    endloop
  endfacet
  facet normal 0.6845471059286878 0 -0.7289686274214123
    outer loop
      vertex -34.33831392153462 -2 -375.212770828182
      vertex -34.33831392153462 3 -375.212770828182
      vertex -34.23303758821099 -2 -375.1139097708078
    endloop
  endfacet
  facet normal -0.12533323356393458 0 -0.9921147013145247
    outer loop
      vertex -33.42779090254129 4 -374.8522692623075
      vertex -33.284511488226414 8 -374.870369661662
      vertex -33.284511488226414 4 -374.870369661662
    endloop
  endfacet
  facet normal -0.36812455268465044 0 -0.9297764858882623
    outer loop
      vertex -33.01035381470017 8 -374.9594488896641
      vertex -33.01035381470017 4 -374.9594488896641
      vertex -33.14463045646881 4 -374.9062850062606
    endloop
  endfacet
  facet normal -0.2486898871651275 0 -0.968583161128561
    outer loop
      vertex -33.14463045646881 8 -374.9062850062606
      vertex -33.14463045646881 4 -374.9062850062606
      vertex -33.284511488226414 4 -374.870369661662
    endloop
  endfacet
  facet normal 0.7705132427758531 0 -0.6374239897486124
    outer loop
      vertex -34.43036954353119 4 -375.32404695986367
      vertex -34.33831392153462 8 -375.212770828182
      vertex -34.33831392153462 4 -375.212770828182
    endloop
  endfacet
  facet normal 0.6845471059286878 0 -0.7289686274214124
    outer loop
      vertex -34.33831392153462 4 -375.212770828182
      vertex -34.23303758821099 8 -375.1139097708078
      vertex -34.23303758821099 4 -375.1139097708078
    endloop
  endfacet
  facet normal 0.2486898871651275 0 -0.968583161128561
    outer loop
      vertex -33.85536954353119 4 -374.9062850062606
      vertex -33.715488511773586 8 -374.870369661662
      vertex -33.715488511773586 4 -374.870369661662
    endloop
  endfacet
  facet normal 0.48175367410175507 0 -0.8763066800438417
    outer loop
      vertex -34.11620081422585 4 -375.0290228856727
      vertex -33.98964618529983 8 -374.9594488896641
      vertex -33.98964618529983 4 -374.9594488896641
    endloop
  endfacet
  facet normal 0.5877852522923095 0 -0.8090169943750664
    outer loop
      vertex -34.23303758821099 4 -375.1139097708078
      vertex -34.11620081422585 8 -375.0290228856727
      vertex -34.11620081422585 4 -375.0290228856727
    endloop
  endfacet
  facet normal 0.36812455268465044 0 -0.9297764858882623
    outer loop
      vertex -33.98964618529983 4 -374.9594488896641
      vertex -33.85536954353119 8 -374.9062850062606
      vertex -33.85536954353119 4 -374.9062850062606
    endloop
  endfacet
  facet normal -0.48175367410175507 0 -0.8763066800438417
    outer loop
      vertex -32.88379918577415 8 -375.0290228856727
      vertex -32.88379918577415 4 -375.0290228856727
      vertex -33.01035381470017 4 -374.9594488896641
    endloop
  endfacet
  facet normal 0 0 -1
    outer loop
      vertex -33.57220909745871 4 -374.8522692623075
      vertex -33.42779090254129 8 -374.8522692623075
      vertex -33.42779090254129 4 -374.8522692623075
    endloop
  endfacet
  facet normal 0.12533323356393458 0 -0.9921147013145247
    outer loop
      vertex -33.715488511773586 4 -374.870369661662
      vertex -33.57220909745871 8 -374.8522692623075
      vertex -33.57220909745871 4 -374.8522692623075
    endloop
  endfacet
  facet normal 0.9980267284282704 0 -0.06279051952933057
    outer loop
      vertex -34.65 4 -376
      vertex -34.65 8 -376
      vertex -34.640931906511646 4 -375.85586678140106
    endloop
  endfacet
  facet normal 0.9822872507286949 0 -0.18738131458569202
    outer loop
      vertex -34.61387063529793 8 -375.71400662976043
      vertex -34.61387063529793 4 -375.71400662976043
      vertex -34.640931906511646 4 -375.85586678140106
    endloop
  endfacet
  facet normal 0.9510565162951525 0 -0.30901699437495095
    outer loop
      vertex -34.61387063529793 4 -375.71400662976043
      vertex -34.56924295877149 8 -375.57665676441263
      vertex -34.56924295877149 4 -375.57665676441263
    endloop
  endfacet
  facet normal 0.9048270524660313 0 -0.4257792915650477
    outer loop
      vertex -34.56924295877149 4 -375.57665676441263
      vertex -34.507752682050445 8 -375.44598327478303
      vertex -34.507752682050445 4 -375.44598327478303
    endloop
  endfacet
  facet normal -0.5877852522923095 0 -0.8090169943750664
    outer loop
      vertex -32.88379918577415 -2 -375.0290228856727
      vertex -32.88379918577415 3 -375.0290228856727
      vertex -32.76696241178901 -2 -375.1139097708078
    endloop
  endfacet
  facet normal 0 0 -1
    outer loop
      vertex -33.57220909745871 4 -374.8522692623075
      vertex -33.57220909745871 8 -374.8522692623075
      vertex -33.42779090254129 8 -374.8522692623075
    endloop
  endfacet
  facet normal -0.5877852522923095 0 -0.8090169943750664
    outer loop
      vertex -32.76696241178901 8 -375.1139097708078
      vertex -32.76696241178901 4 -375.1139097708078
      vertex -32.88379918577415 4 -375.0290228856727
    endloop
  endfacet
  facet normal -0.6845471059286878 0 -0.7289686274214124
    outer loop
      vertex -32.66168607846538 8 -375.212770828182
      vertex -32.66168607846538 4 -375.212770828182
      vertex -32.76696241178901 4 -375.1139097708078
    endloop
  endfacet
  facet normal -0.7705132427758531 0 -0.6374239897486124
    outer loop
      vertex -32.56963045646881 8 -375.32404695986367
      vertex -32.56963045646881 4 -375.32404695986367
      vertex -32.66168607846538 4 -375.212770828182
    endloop
  endfacet
  facet normal -0.8443279255020099 0 -0.5358267949790048
    outer loop
      vertex -32.492247317949555 8 -375.44598327478303
      vertex -32.492247317949555 4 -375.44598327478303
      vertex -32.56963045646881 4 -375.32404695986367
    endloop
  endfacet
  facet normal -0.9048270524660313 0 -0.4257792915650477
    outer loop
      vertex -32.43075704122851 8 -375.57665676441263
      vertex -32.43075704122851 4 -375.57665676441263
      vertex -32.492247317949555 4 -375.44598327478303
    endloop
  endfacet
  facet normal -0.9510565162951525 0 -0.30901699437495095
    outer loop
      vertex -32.38612936470207 8 -375.71400662976043
      vertex -32.38612936470207 4 -375.71400662976043
      vertex -32.43075704122851 4 -375.57665676441263
    endloop
  endfacet
  facet normal -0.9822872507286949 0 -0.18738131458569202
    outer loop
      vertex -32.38612936470207 8 -375.71400662976043
      vertex -32.359068093488354 4 -375.85586678140106
      vertex -32.38612936470207 4 -375.71400662976043
    endloop
  endfacet
  facet normal -0.9980267284282704 0 -0.06279051952933057
    outer loop
      vertex -32.35 4 -376
      vertex -32.359068093488354 4 -375.85586678140106
      vertex -32.35 8 -376
    endloop
  endfacet
  facet normal 0.7705132427758531 0 -0.6374239897486124
    outer loop
      vertex -34.43036954353119 4 -375.32404695986367
      vertex -34.43036954353119 8 -375.32404695986367
      vertex -34.33831392153462 8 -375.212770828182
    endloop
  endfacet
  facet normal 0.8443279255020099 0 -0.5358267949790048
    outer loop
      vertex -34.507752682050445 4 -375.44598327478303
      vertex -34.507752682050445 8 -375.44598327478303
      vertex -34.43036954353119 8 -375.32404695986367
    endloop
  endfacet
  facet normal 0.9048270524660313 0 -0.4257792915650477
    outer loop
      vertex -34.56924295877149 4 -375.57665676441263
      vertex -34.56924295877149 8 -375.57665676441263
      vertex -34.507752682050445 8 -375.44598327478303
    endloop
  endfacet
  facet normal 0.9510565162951525 0 -0.30901699437495095
    outer loop
      vertex -34.61387063529793 4 -375.71400662976043
      vertex -34.61387063529793 8 -375.71400662976043
      vertex -34.56924295877149 8 -375.57665676441263
    endloop
  endfacet
  facet normal 0.9822872507286949 0 -0.18738131458569202
    outer loop
      vertex -34.640931906511646 4 -375.85586678140106
      vertex -34.640931906511646 8 -375.85586678140106
      vertex -34.61387063529793 8 -375.71400662976043
    endloop
  endfacet
  facet normal 0.9980267284282704 0 -0.06279051952933057
    outer loop
      vertex -34.640931906511646 4 -375.85586678140106
      vertex -34.65 8 -376
      vertex -34.640931906511646 8 -375.85586678140106
    endloop
  endfacet
  facet normal 0.12533323356393458 0 -0.9921147013145247
    outer loop
      vertex -33.715488511773586 4 -374.870369661662
      vertex -33.715488511773586 8 -374.870369661662
      vertex -33.57220909745871 8 -374.8522692623075
    endloop
  endfacet
  facet normal -0.8443279255020099 0 0.5358267949790048
    outer loop
      vertex -32.56963045646881 4 -376.67595304013633
      vertex -32.492247317949555 8 -376.55401672521697
      vertex -32.56963045646881 8 -376.67595304013633
    endloop
  endfacet
  facet normal -0.36812455268465044 0 0.9297764858882623
    outer loop
      vertex -33.01035381470017 4 -377.0405511103359
      vertex -33.01035381470017 8 -377.0405511103359
      vertex -33.14463045646881 4 -377.0937149937394
    endloop
  endfacet
  facet normal -0.2486898871651275 0 0.968583161128561
    outer loop
      vertex -33.14463045646881 4 -377.0937149937394
      vertex -33.14463045646881 8 -377.0937149937394
      vertex -33.284511488226414 4 -377.129630338338
    endloop
  endfacet
  facet normal 0.12533323356393458 0 0.9921147013145247
    outer loop
      vertex -33.57220909745871 4 -377.1477307376925
      vertex -33.57220909745871 8 -377.1477307376925
      vertex -33.715488511773586 4 -377.129630338338
    endloop
  endfacet
  facet normal 0 0 1
    outer loop
      vertex -33.42779090254129 4 -377.1477307376925
      vertex -33.42779090254129 8 -377.1477307376925
      vertex -33.57220909745871 4 -377.1477307376925
    endloop
  endfacet
  facet normal -0.12533323356393458 0 0.9921147013145247
    outer loop
      vertex -33.284511488226414 4 -377.129630338338
      vertex -33.284511488226414 8 -377.129630338338
      vertex -33.42779090254129 4 -377.1477307376925
    endloop
  endfacet
  facet normal 0.9980267284282704 0 0.06279051952933057
    outer loop
      vertex -34.640931906511646 4 -376.14413321859894
      vertex -34.640931906511646 8 -376.14413321859894
      vertex -34.65 8 -376
    endloop
  endfacet
  facet normal 0.9822872507286949 0 0.18738131458569202
    outer loop
      vertex -34.61387063529793 8 -376.28599337023957
      vertex -34.640931906511646 8 -376.14413321859894
      vertex -34.640931906511646 4 -376.14413321859894
    endloop
  endfacet
  facet normal 0.9510565162951525 0 0.30901699437495095
    outer loop
      vertex -34.56924295877149 4 -376.42334323558737
      vertex -34.56924295877149 8 -376.42334323558737
      vertex -34.61387063529793 8 -376.28599337023957
    endloop
  endfacet
  facet normal 0.9048270524660313 0 0.4257792915650477
    outer loop
      vertex -34.56924295877149 4 -376.42334323558737
      vertex -34.507752682050445 8 -376.55401672521697
      vertex -34.56924295877149 8 -376.42334323558737
    endloop
  endfacet
  facet normal 0.8443279255020099 0 0.5358267949790048
    outer loop
      vertex -34.507752682050445 4 -376.55401672521697
      vertex -34.43036954353119 8 -376.67595304013633
      vertex -34.507752682050445 8 -376.55401672521697
    endloop
  endfacet
  facet normal 0.7705132427758531 0 0.6374239897486124
    outer loop
      vertex -34.43036954353119 4 -376.67595304013633
      vertex -34.33831392153462 8 -376.787229171818
      vertex -34.43036954353119 8 -376.67595304013633
    endloop
  endfacet
  facet normal -0.9980267284282704 0 0.06279051952933057
    outer loop
      vertex -32.359068093488354 4 -376.14413321859894
      vertex -32.35 8 -376
      vertex -32.359068093488354 8 -376.14413321859894
    endloop
  endfacet
  facet normal -0.9822872507286949 0 0.18738131458569202
    outer loop
      vertex -32.38612936470207 4 -376.28599337023957
      vertex -32.359068093488354 8 -376.14413321859894
      vertex -32.38612936470207 8 -376.28599337023957
    endloop
  endfacet
  facet normal -0.9510565162951525 0 0.30901699437495095
    outer loop
      vertex -32.43075704122851 4 -376.42334323558737
      vertex -32.38612936470207 8 -376.28599337023957
      vertex -32.43075704122851 8 -376.42334323558737
    endloop
  endfacet
  facet normal -0.9048270524660313 0 0.4257792915650477
    outer loop
      vertex -32.492247317949555 4 -376.55401672521697
      vertex -32.43075704122851 8 -376.42334323558737
      vertex -32.492247317949555 8 -376.55401672521697
    endloop
  endfacet
  facet normal -0.48175367410175507 0 0.8763066800438417
    outer loop
      vertex -32.88379918577415 4 -376.9709771143273
      vertex -32.88379918577415 8 -376.9709771143273
      vertex -33.01035381470017 4 -377.0405511103359
    endloop
  endfacet
  facet normal 0.6845471059286878 0 0.7289686274214124
    outer loop
      vertex -34.33831392153462 4 -376.787229171818
      vertex -34.23303758821099 8 -376.8860902291922
      vertex -34.33831392153462 8 -376.787229171818
    endloop
  endfacet
  facet normal 0.5877852522923095 0 0.8090169943750664
    outer loop
      vertex -34.23303758821099 4 -376.8860902291922
      vertex -34.11620081422585 8 -376.9709771143273
      vertex -34.23303758821099 8 -376.8860902291922
    endloop
  endfacet
  facet normal 0.48175367410175507 0 0.8763066800438417
    outer loop
      vertex -34.11620081422585 4 -376.9709771143273
      vertex -33.98964618529983 8 -377.0405511103359
      vertex -34.11620081422585 8 -376.9709771143273
    endloop
  endfacet
  facet normal 0.36812455268465044 0 0.9297764858882623
    outer loop
      vertex -33.98964618529983 4 -377.0405511103359
      vertex -33.85536954353119 8 -377.0937149937394
      vertex -33.98964618529983 8 -377.0405511103359
    endloop
  endfacet
  facet normal 0.2486898871651275 0 0.968583161128561
    outer loop
      vertex -33.85536954353119 4 -377.0937149937394
      vertex -33.715488511773586 8 -377.129630338338
      vertex -33.85536954353119 8 -377.0937149937394
    endloop
  endfacet
  facet normal -0.7705132427758531 0 0.6374239897486124
    outer loop
      vertex -32.66168607846538 4 -376.787229171818
      vertex -32.56963045646881 8 -376.67595304013633
      vertex -32.66168607846538 8 -376.787229171818
    endloop
  endfacet
  facet normal -0.6845471059286878 0 0.7289686274214124
    outer loop
      vertex -32.66168607846538 4 -376.787229171818
      vertex -32.66168607846538 8 -376.787229171818
      vertex -32.76696241178901 8 -376.8860902291922
    endloop
  endfacet
  facet normal -0.5877852522923095 0 0.8090169943750664
    outer loop
      vertex -32.88379918577415 4 -376.9709771143273
      vertex -32.76696241178901 8 -376.8860902291922
      vertex -32.88379918577415 8 -376.9709771143273
    endloop
  endfacet
  facet normal -0.48175367410175507 0 0.8763066800438417
    outer loop
      vertex -33.01035381470017 4 -377.0405511103359
      vertex -32.88379918577415 8 -376.9709771143273
      vertex -33.01035381470017 8 -377.0405511103359
    endloop
  endfacet
  facet normal -0.36812455268465044 0 0.9297764858882623
    outer loop
      vertex -33.14463045646881 4 -377.0937149937394
      vertex -33.01035381470017 8 -377.0405511103359
      vertex -33.14463045646881 8 -377.0937149937394
    endloop
  endfacet
  facet normal -0.2486898871651275 0 0.968583161128561
    outer loop
      vertex -33.284511488226414 4 -377.129630338338
      vertex -33.14463045646881 8 -377.0937149937394
      vertex -33.284511488226414 8 -377.129630338338
    endloop
  endfacet
  facet normal 0.12533323356393458 0 0.9921147013145247
    outer loop
      vertex -33.715488511773586 4 -377.129630338338
      vertex -33.57220909745871 8 -377.1477307376925
      vertex -33.715488511773586 8 -377.129630338338
    endloop
  endfacet
  facet normal 0 0 1
    outer loop
      vertex -33.57220909745871 4 -377.1477307376925
      vertex -33.42779090254129 8 -377.1477307376925
      vertex -33.57220909745871 8 -377.1477307376925
    endloop
  endfacet
  facet normal -0.12533323356393458 0 0.9921147013145247
    outer loop
      vertex -33.42779090254129 4 -377.1477307376925
      vertex -33.284511488226414 8 -377.129630338338
      vertex -33.42779090254129 8 -377.1477307376925
    endloop
  endfacet
  facet normal 0.8443279255020099 0 0.5358267949790048
    outer loop
      vertex -34.43036954353119 4 -376.67595304013633
      vertex -34.43036954353119 8 -376.67595304013633
      vertex -34.507752682050445 4 -376.55401672521697
    endloop
  endfacet
  facet normal 0.48175367410175507 0 -0.8763066800438417
    outer loop
      vertex -34.11620081422585 -2 -375.0290228856727
      vertex -34.11620081422585 3 -375.0290228856727
      vertex -33.98964618529983 -2 -374.9594488896641
    endloop
  endfacet
  facet normal 0.3681245526846504 0 -0.9297764858882622
    outer loop
      vertex -33.98964618529983 -2 -374.9594488896641
      vertex -33.98964618529983 3 -374.9594488896641
      vertex -33.85536954353119 -2 -374.9062850062606
    endloop
  endfacet
  facet normal -0.12533323356393455 0 -0.9921147013145245
    outer loop
      vertex -33.42779090254129 -2 -374.8522692623075
      vertex -33.42779090254129 3 -374.8522692623075
      vertex -33.284511488226414 -2 -374.870369661662
    endloop
  endfacet
  facet normal 0 0 -1
    outer loop
      vertex -33.57220909745871 -2 -374.8522692623075
      vertex -33.57220909745871 3 -374.8522692623075
      vertex -33.42779090254129 -2 -374.8522692623075
    endloop
  endfacet
  facet normal 0.12533323356393455 0 -0.9921147013145245
    outer loop
      vertex -33.715488511773586 -2 -374.870369661662
      vertex -33.715488511773586 3 -374.870369661662
      vertex -33.57220909745871 -2 -374.8522692623075
    endloop
  endfacet
  facet normal 0.9980267284282704 0 -0.06279051952933057
    outer loop
      vertex -34.640931906511646 -2 -375.85586678140106
      vertex -34.65 -2 -376
      vertex -34.640931906511646 3 -375.85586678140106
    endloop
  endfacet
  facet normal 0.9822872507286949 0 -0.18738131458569202
    outer loop
      vertex -34.640931906511646 -2 -375.85586678140106
      vertex -34.640931906511646 3 -375.85586678140106
      vertex -34.61387063529793 -2 -375.71400662976043
    endloop
  endfacet
  facet normal 0.9510565162951524 0 -0.30901699437495095
    outer loop
      vertex -34.61387063529793 -2 -375.71400662976043
      vertex -34.61387063529793 3 -375.71400662976043
      vertex -34.56924295877149 -2 -375.57665676441263
    endloop
  endfacet
  facet normal 0.9048270524660312 0 -0.4257792915650476
    outer loop
      vertex -34.56924295877149 -2 -375.57665676441263
      vertex -34.56924295877149 3 -375.57665676441263
      vertex -34.507752682050445 -2 -375.44598327478303
    endloop
  endfacet
  facet normal 0.8443279255020099 0 -0.5358267949790048
    outer loop
      vertex -34.507752682050445 -2 -375.44598327478303
      vertex -34.507752682050445 3 -375.44598327478303
      vertex -34.43036954353119 -2 -375.32404695986367
    endloop
  endfacet
  facet normal 0.7705132427758532 0 -0.6374239897486125
    outer loop
      vertex -34.43036954353119 -2 -375.32404695986367
      vertex -34.43036954353119 3 -375.32404695986367
      vertex -34.33831392153462 -2 -375.212770828182
    endloop
  endfacet
  facet normal 0.9980267284282704 0 0.06279051952933057
    outer loop
      vertex -34.65 8 -376
      vertex -34.65 4 -376
      vertex -34.640931906511646 4 -376.14413321859894
    endloop
  endfacet
  facet normal 0.9822872507286949 0 0.18738131458569202
    outer loop
      vertex -34.61387063529793 4 -376.28599337023957
      vertex -34.61387063529793 8 -376.28599337023957
      vertex -34.640931906511646 4 -376.14413321859894
    endloop
  endfacet
  facet normal 0.9510565162951525 0 0.30901699437495095
    outer loop
      vertex -34.61387063529793 4 -376.28599337023957
      vertex -34.56924295877149 4 -376.42334323558737
      vertex -34.61387063529793 8 -376.28599337023957
    endloop
  endfacet
  facet normal 0.9048270524660313 0 0.4257792915650477
    outer loop
      vertex -34.507752682050445 4 -376.55401672521697
      vertex -34.507752682050445 8 -376.55401672521697
      vertex -34.56924295877149 4 -376.42334323558737
    endloop
  endfacet
  facet normal 0.2486898871651275 0 -0.9685831611285611
    outer loop
      vertex -33.85536954353119 -2 -374.9062850062606
      vertex -33.85536954353119 3 -374.9062850062606
      vertex -33.715488511773586 -2 -374.870369661662
    endloop
  endfacet
  facet normal -0.9980267284282704 0 0.06279051952933057
    outer loop
      vertex -32.35 4 -376
      vertex -32.35 8 -376
      vertex -32.359068093488354 4 -376.14413321859894
    endloop
  endfacet
  facet normal -0.9822872507286949 0 0.18738131458569202
    outer loop
      vertex -32.359068093488354 4 -376.14413321859894
      vertex -32.359068093488354 8 -376.14413321859894
      vertex -32.38612936470207 4 -376.28599337023957
    endloop
  endfacet
  facet normal -0.9510565162951525 0 0.30901699437495095
    outer loop
      vertex -32.38612936470207 4 -376.28599337023957
      vertex -32.38612936470207 8 -376.28599337023957
      vertex -32.43075704122851 4 -376.42334323558737
    endloop
  endfacet
  facet normal -0.9048270524660313 0 0.4257792915650477
    outer loop
      vertex -32.43075704122851 4 -376.42334323558737
      vertex -32.43075704122851 8 -376.42334323558737
      vertex -32.492247317949555 4 -376.55401672521697
    endloop
  endfacet
  facet normal -0.8443279255020099 0 0.5358267949790048
    outer loop
      vertex -32.492247317949555 4 -376.55401672521697
      vertex -32.492247317949555 8 -376.55401672521697
      vertex -32.56963045646881 4 -376.67595304013633
    endloop
  endfacet
  facet normal -0.7705132427758531 0 0.6374239897486124
    outer loop
      vertex -32.56963045646881 4 -376.67595304013633
      vertex -32.56963045646881 8 -376.67595304013633
      vertex -32.66168607846538 4 -376.787229171818
    endloop
  endfacet
  facet normal 0.7705132427758531 0 0.6374239897486124
    outer loop
      vertex -34.33831392153462 4 -376.787229171818
      vertex -34.33831392153462 8 -376.787229171818
      vertex -34.43036954353119 4 -376.67595304013633
    endloop
  endfacet
  facet normal 0.6845471059286878 0 0.7289686274214124
    outer loop
      vertex -34.23303758821099 4 -376.8860902291922
      vertex -34.23303758821099 8 -376.8860902291922
      vertex -34.33831392153462 4 -376.787229171818
    endloop
  endfacet
  facet normal 0.5877852522923095 0 0.8090169943750664
    outer loop
      vertex -34.11620081422585 4 -376.9709771143273
      vertex -34.11620081422585 8 -376.9709771143273
      vertex -34.23303758821099 4 -376.8860902291922
    endloop
  endfacet
  facet normal 0.48175367410175507 0 0.8763066800438417
    outer loop
      vertex -33.98964618529983 4 -377.0405511103359
      vertex -33.98964618529983 8 -377.0405511103359
      vertex -34.11620081422585 4 -376.9709771143273
    endloop
  endfacet
  facet normal 0.36812455268465044 0 0.9297764858882623
    outer loop
      vertex -33.85536954353119 4 -377.0937149937394
      vertex -33.85536954353119 8 -377.0937149937394
      vertex -33.98964618529983 4 -377.0405511103359
    endloop
  endfacet
  facet normal 0.2486898871651275 0 0.968583161128561
    outer loop
      vertex -33.715488511773586 4 -377.129630338338
      vertex -33.715488511773586 8 -377.129630338338
      vertex -33.85536954353119 4 -377.0937149937394
    endloop
  endfacet
  facet normal -0.5877852522923095 0 0.8090169943750664
    outer loop
      vertex -32.76696241178901 4 -376.8860902291922
      vertex -32.76696241178901 8 -376.8860902291922
      vertex -32.88379918577415 4 -376.9709771143273
    endloop
  endfacet
  facet normal -0.6845471059286878 0 0.7289686274214124
    outer loop
      vertex -32.76696241178901 8 -376.8860902291922
      vertex -32.76696241178901 4 -376.8860902291922
      vertex -32.66168607846538 4 -376.787229171818
    endloop
  endfacet
  facet normal 0.48175367410175507 0 -0.8763066800438417
    outer loop
      vertex -33.98964618529983 -2 -374.9594488896641
      vertex -34.11620081422585 3 -375.0290228856727
      vertex -33.98964618529983 3 -374.9594488896641
    endloop
  endfacet
  facet normal 0 0 -1
    outer loop
      vertex -33.42779090254129 -2 -374.8522692623075
      vertex -33.57220909745871 3 -374.8522692623075
      vertex -33.42779090254129 3 -374.8522692623075
    endloop
  endfacet
  facet normal -0.48175367410175507 0 0.8763066800438417
    outer loop
      vertex -32.88379918577415 -2 -376.9709771143273
      vertex -33.01035381470017 3 -377.0405511103359
      vertex -33.01035381470017 -2 -377.0405511103359
    endloop
  endfacet
  facet normal -0.3681245526846504 0 0.9297764858882622
    outer loop
      vertex -33.01035381470017 -2 -377.0405511103359
      vertex -33.14463045646881 3 -377.0937149937394
      vertex -33.14463045646881 -2 -377.0937149937394
    endloop
  endfacet
  facet normal -0.12533323356393455 0 -0.9921147013145245
    outer loop
      vertex -33.284511488226414 -2 -374.870369661662
      vertex -33.42779090254129 3 -374.8522692623075
      vertex -33.284511488226414 3 -374.870369661662
    endloop
  endfacet
  facet normal 0.3681245526846504 0 -0.9297764858882622
    outer loop
      vertex -33.85536954353119 -2 -374.9062850062606
      vertex -33.98964618529983 3 -374.9594488896641
      vertex -33.85536954353119 3 -374.9062850062606
    endloop
  endfacet
  facet normal -0.2486898871651275 0 0.9685831611285611
    outer loop
      vertex -33.14463045646881 -2 -377.0937149937394
      vertex -33.284511488226414 3 -377.129630338338
      vertex -33.284511488226414 -2 -377.129630338338
    endloop
  endfacet
  facet normal 0.12533323356393455 0 0.9921147013145245
    outer loop
      vertex -33.57220909745871 -2 -377.1477307376925
      vertex -33.57220909745871 3 -377.1477307376925
      vertex -33.715488511773586 3 -377.129630338338
    endloop
  endfacet
  facet normal -0.3681245526846504 0 0.9297764858882622
    outer loop
      vertex -33.01035381470017 -2 -377.0405511103359
      vertex -33.01035381470017 3 -377.0405511103359
      vertex -33.14463045646881 3 -377.0937149937394
    endloop
  endfacet
  facet normal -0.48175367410175507 0 0.8763066800438417
    outer loop
      vertex -32.88379918577415 -2 -376.9709771143273
      vertex -32.88379918577415 3 -376.9709771143273
      vertex -33.01035381470017 3 -377.0405511103359
    endloop
  endfacet
  facet normal 0.5877852522923095 0 -0.8090169943750664
    outer loop
      vertex -34.11620081422585 -2 -375.0290228856727
      vertex -34.23303758821099 3 -375.1139097708078
      vertex -34.11620081422585 3 -375.0290228856727
    endloop
  endfacet
  facet normal 0.12533323356393455 0 -0.9921147013145245
    outer loop
      vertex -33.57220909745871 -2 -374.8522692623075
      vertex -33.715488511773586 3 -374.870369661662
      vertex -33.57220909745871 3 -374.8522692623075
    endloop
  endfacet
  facet normal 0.2486898871651275 0 -0.9685831611285611
    outer loop
      vertex -33.715488511773586 -2 -374.870369661662
      vertex -33.85536954353119 3 -374.9062850062606
      vertex -33.715488511773586 3 -374.870369661662
    endloop
  endfacet
  facet normal -0.9980267284282704 0 -0.06279051952933057
    outer loop
      vertex -32.359068093488354 -2 -375.85586678140106
      vertex -32.359068093488354 3 -375.85586678140106
      vertex -32.35 -2 -376
    endloop
  endfacet
  facet normal -0.9822872507286949 0 -0.18738131458569202
    outer loop
      vertex -32.38612936470207 -2 -375.71400662976043
      vertex -32.359068093488354 3 -375.85586678140106
      vertex -32.359068093488354 -2 -375.85586678140106
    endloop
  endfacet
  facet normal 0.6845471059286878 0 -0.7289686274214123
    outer loop
      vertex -34.23303758821099 -2 -375.1139097708078
      vertex -34.33831392153462 3 -375.212770828182
      vertex -34.23303758821099 3 -375.1139097708078
    endloop
  endfacet
  facet normal 0.7705132427758532 0 -0.6374239897486125
    outer loop
      vertex -34.33831392153462 -2 -375.212770828182
      vertex -34.43036954353119 3 -375.32404695986367
      vertex -34.33831392153462 3 -375.212770828182
    endloop
  endfacet
  facet normal -0.2486898871651275 0 -0.9685831611285611
    outer loop
      vertex -33.14463045646881 -2 -374.9062850062606
      vertex -33.284511488226414 3 -374.870369661662
      vertex -33.14463045646881 3 -374.9062850062606
    endloop
  endfacet
  facet normal -0.3681245526846504 0 -0.9297764858882622
    outer loop
      vertex -33.01035381470017 -2 -374.9594488896641
      vertex -33.14463045646881 3 -374.9062850062606
      vertex -33.01035381470017 3 -374.9594488896641
    endloop
  endfacet
  facet normal -0.48175367410175507 0 -0.8763066800438417
    outer loop
      vertex -32.88379918577415 -2 -375.0290228856727
      vertex -33.01035381470017 3 -374.9594488896641
      vertex -32.88379918577415 3 -375.0290228856727
    endloop
  endfacet
  facet normal -0.5877852522923095 0 -0.8090169943750664
    outer loop
      vertex -32.76696241178901 -2 -375.1139097708078
      vertex -32.88379918577415 3 -375.0290228856727
      vertex -32.76696241178901 3 -375.1139097708078
    endloop
  endfacet
  facet normal -0.9980267284282704 0 0.06279051952933057
    outer loop
      vertex -32.35 -2 -376
      vertex -32.359068093488354 3 -376.14413321859894
      vertex -32.359068093488354 -2 -376.14413321859894
    endloop
  endfacet
  facet normal 0.2486898871651275 0 0.9685831611285611
    outer loop
      vertex -33.715488511773586 -2 -377.129630338338
      vertex -33.85536954353119 3 -377.0937149937394
      vertex -33.85536954353119 -2 -377.0937149937394
    endloop
  endfacet
  facet normal 0.3681245526846504 0 0.9297764858882622
    outer loop
      vertex -33.85536954353119 -2 -377.0937149937394
      vertex -33.98964618529983 3 -377.0405511103359
      vertex -33.98964618529983 -2 -377.0405511103359
    endloop
  endfacet
  facet normal 0.48175367410175507 0 0.8763066800438417
    outer loop
      vertex -33.98964618529983 -2 -377.0405511103359
      vertex -34.11620081422585 3 -376.9709771143273
      vertex -34.11620081422585 -2 -376.9709771143273
    endloop
  endfacet
  facet normal 0.5877852522923095 0 0.8090169943750664
    outer loop
      vertex -34.23303758821099 -2 -376.8860902291922
      vertex -34.11620081422585 -2 -376.9709771143273
      vertex -34.23303758821099 3 -376.8860902291922
    endloop
  endfacet
  facet normal 0.6845471059286878 0 0.7289686274214123
    outer loop
      vertex -34.23303758821099 -2 -376.8860902291922
      vertex -34.33831392153462 3 -376.787229171818
      vertex -34.33831392153462 -2 -376.787229171818
    endloop
  endfacet
  facet normal -0.8443279255020099 0 0.5358267949790048
    outer loop
      vertex -32.492247317949555 -2 -376.55401672521697
      vertex -32.56963045646881 3 -376.67595304013633
      vertex -32.56963045646881 -2 -376.67595304013633
    endloop
  endfacet
  facet normal -0.9048270524660312 0 0.4257792915650476
    outer loop
      vertex -32.43075704122851 -2 -376.42334323558737
      vertex -32.492247317949555 3 -376.55401672521697
      vertex -32.492247317949555 -2 -376.55401672521697
    endloop
  endfacet
  facet normal -0.9510565162951524 0 0.30901699437495095
    outer loop
      vertex -32.38612936470207 -2 -376.28599337023957
      vertex -32.43075704122851 3 -376.42334323558737
      vertex -32.43075704122851 -2 -376.42334323558737
    endloop
  endfacet
  facet normal 0.8443279255020099 0 -0.5358267949790048
    outer loop
      vertex -34.43036954353119 -2 -375.32404695986367
      vertex -34.507752682050445 3 -375.44598327478303
      vertex -34.43036954353119 3 -375.32404695986367
    endloop
  endfacet
  facet normal -0.9822872507286949 0 0.18738131458569202
    outer loop
      vertex -32.359068093488354 -2 -376.14413321859894
      vertex -32.38612936470207 3 -376.28599337023957
      vertex -32.38612936470207 -2 -376.28599337023957
    endloop
  endfacet
  facet normal -0.12533323356393455 0 0.9921147013145245
    outer loop
      vertex -33.284511488226414 -2 -377.129630338338
      vertex -33.284511488226414 3 -377.129630338338
      vertex -33.42779090254129 3 -377.1477307376925
    endloop
  endfacet
  facet normal 0.7705132427758532 0 0.6374239897486125
    outer loop
      vertex -34.33831392153462 -2 -376.787229171818
      vertex -34.43036954353119 3 -376.67595304013633
      vertex -34.43036954353119 -2 -376.67595304013633
    endloop
  endfacet
  facet normal 0.8443279255020099 0 0.5358267949790048
    outer loop
      vertex -34.43036954353119 -2 -376.67595304013633
      vertex -34.507752682050445 3 -376.55401672521697
      vertex -34.507752682050445 -2 -376.55401672521697
    endloop
  endfacet
  facet normal 0.9048270524660312 0 0.4257792915650476
    outer loop
      vertex -34.56924295877149 -2 -376.42334323558737
      vertex -34.507752682050445 -2 -376.55401672521697
      vertex -34.56924295877149 3 -376.42334323558737
    endloop
  endfacet
  facet normal -0.2486898871651275 0 0.9685831611285611
    outer loop
      vertex -33.14463045646881 -2 -377.0937149937394
      vertex -33.14463045646881 3 -377.0937149937394
      vertex -33.284511488226414 3 -377.129630338338
    endloop
  endfacet
  facet normal 0.12533323356393455 0 0.9921147013145245
    outer loop
      vertex -33.57220909745871 -2 -377.1477307376925
      vertex -33.715488511773586 3 -377.129630338338
      vertex -33.715488511773586 -2 -377.129630338338
    endloop
  endfacet
  facet normal -0.7705132427758532 0 0.6374239897486125
    outer loop
      vertex -32.66168607846538 -2 -376.787229171818
      vertex -32.56963045646881 -2 -376.67595304013633
      vertex -32.66168607846538 3 -376.787229171818
    endloop
  endfacet
  facet normal -0.6845471059286878 0 0.7289686274214123
    outer loop
      vertex -32.66168607846538 -2 -376.787229171818
      vertex -32.66168607846538 3 -376.787229171818
      vertex -32.76696241178901 -2 -376.8860902291922
    endloop
  endfacet
  facet normal -0.5877852522923095 0 0.8090169943750664
    outer loop
      vertex -32.76696241178901 -2 -376.8860902291922
      vertex -32.88379918577415 3 -376.9709771143273
      vertex -32.88379918577415 -2 -376.9709771143273
    endloop
  endfacet
  facet normal 0.9980267284282704 0 -0.06279051952933057
    outer loop
      vertex -34.640931906511646 3 -375.85586678140106
      vertex -34.65 -2 -376
      vertex -34.65 3 -376
    endloop
  endfacet
  facet normal 0.9510565162951524 0 0.30901699437495095
    outer loop
      vertex -34.61387063529793 -2 -376.28599337023957
      vertex -34.56924295877149 3 -376.42334323558737
      vertex -34.61387063529793 3 -376.28599337023957
    endloop
  endfacet
  facet normal -0.9980267284282704 0 0.06279051952933057
    outer loop
      vertex -32.35 -2 -376
      vertex -32.35 3 -376
      vertex -32.359068093488354 3 -376.14413321859894
    endloop
  endfacet
  facet normal -0.12533323356393455 0 0.9921147013145245
    outer loop
      vertex -33.284511488226414 -2 -377.129630338338
      vertex -33.42779090254129 3 -377.1477307376925
      vertex -33.42779090254129 -2 -377.1477307376925
    endloop
  endfacet
  facet normal 0.8443279255020099 0 0.5358267949790048
    outer loop
      vertex -34.43036954353119 -2 -376.67595304013633
      vertex -34.43036954353119 3 -376.67595304013633
      vertex -34.507752682050445 3 -376.55401672521697
    endloop
  endfacet
  facet normal -0.6845471059286878 0 -0.7289686274214123
    outer loop
      vertex -32.66168607846538 -2 -375.212770828182
      vertex -32.76696241178901 3 -375.1139097708078
      vertex -32.66168607846538 3 -375.212770828182
    endloop
  endfacet
  facet normal 0.9048270524660312 0 0.4257792915650476
    outer loop
      vertex -34.507752682050445 -2 -376.55401672521697
      vertex -34.507752682050445 3 -376.55401672521697
      vertex -34.56924295877149 3 -376.42334323558737
    endloop
  endfacet
  facet normal -0.7705132427758532 0 -0.6374239897486125
    outer loop
      vertex -32.56963045646881 -2 -375.32404695986367
      vertex -32.66168607846538 3 -375.212770828182
      vertex -32.56963045646881 3 -375.32404695986367
    endloop
  endfacet
  facet normal -0.8443279255020099 0 -0.5358267949790048
    outer loop
      vertex -32.492247317949555 -2 -375.44598327478303
      vertex -32.56963045646881 3 -375.32404695986367
      vertex -32.492247317949555 3 -375.44598327478303
    endloop
  endfacet
  facet normal -0.9048270524660312 0 -0.4257792915650476
    outer loop
      vertex -32.43075704122851 -2 -375.57665676441263
      vertex -32.492247317949555 3 -375.44598327478303
      vertex -32.43075704122851 3 -375.57665676441263
    endloop
  endfacet
  facet normal -0.5877852522923095 0 0.8090169943750664
    outer loop
      vertex -32.76696241178901 -2 -376.8860902291922
      vertex -32.76696241178901 3 -376.8860902291922
      vertex -32.88379918577415 3 -376.9709771143273
    endloop
  endfacet
  facet normal -0.9510565162951524 0 -0.30901699437495095
    outer loop
      vertex -32.38612936470207 3 -375.71400662976043
      vertex -32.38612936470207 -2 -375.71400662976043
      vertex -32.43075704122851 3 -375.57665676441263
    endloop
  endfacet
  facet normal -0.9822872507286949 0 -0.18738131458569202
    outer loop
      vertex -32.38612936470207 -2 -375.71400662976043
      vertex -32.38612936470207 3 -375.71400662976043
      vertex -32.359068093488354 3 -375.85586678140106
    endloop
  endfacet
  facet normal 0.9822872507286949 0 0.18738131458569202
    outer loop
      vertex -34.640931906511646 3 -376.14413321859894
      vertex -34.61387063529793 -2 -376.28599337023957
      vertex -34.61387063529793 3 -376.28599337023957
    endloop
  endfacet
  facet normal 0.9980267284282704 0 0.06279051952933057
    outer loop
      vertex -34.65 3 -376
      vertex -34.65 -2 -376
      vertex -34.640931906511646 3 -376.14413321859894
    endloop
  endfacet
  facet normal 0.9980267284282704 0 0.06279051952933057
    outer loop
      vertex -34.640931906511646 -2 -376.14413321859894
      vertex -34.640931906511646 3 -376.14413321859894
      vertex -34.65 -2 -376
    endloop
  endfacet
  facet normal 0.9822872507286949 0 0.18738131458569202
    outer loop
      vertex -34.640931906511646 -2 -376.14413321859894
      vertex -34.61387063529793 -2 -376.28599337023957
      vertex -34.640931906511646 3 -376.14413321859894
    endloop
  endfacet
  facet normal 0.9510565162951524 0 0.30901699437495095
    outer loop
      vertex -34.56924295877149 -2 -376.42334323558737
      vertex -34.56924295877149 3 -376.42334323558737
      vertex -34.61387063529793 -2 -376.28599337023957
    endloop
  endfacet
  facet normal 0.9048270524660312 0 -0.4257792915650476
    outer loop
      vertex -34.507752682050445 -2 -375.44598327478303
      vertex -34.56924295877149 3 -375.57665676441263
      vertex -34.507752682050445 3 -375.44598327478303
    endloop
  endfacet
  facet normal 0.9510565162951524 0 -0.30901699437495095
    outer loop
      vertex -34.56924295877149 -2 -375.57665676441263
      vertex -34.61387063529793 3 -375.71400662976043
      vertex -34.56924295877149 3 -375.57665676441263
    endloop
  endfacet
  facet normal 0.2486898871651275 0 0.9685831611285611
    outer loop
      vertex -33.715488511773586 -2 -377.129630338338
      vertex -33.715488511773586 3 -377.129630338338
      vertex -33.85536954353119 3 -377.0937149937394
    endloop
  endfacet
  facet normal 0 0 1
    outer loop
      vertex -33.42779090254129 -2 -377.1477307376925
      vertex -33.57220909745871 3 -377.1477307376925
      vertex -33.57220909745871 -2 -377.1477307376925
    endloop
  endfacet
  facet normal 0.3681245526846504 0 0.9297764858882622
    outer loop
      vertex -33.85536954353119 -2 -377.0937149937394
      vertex -33.85536954353119 3 -377.0937149937394
      vertex -33.98964618529983 3 -377.0405511103359
    endloop
  endfacet
  facet normal 0.48175367410175507 0 0.8763066800438417
    outer loop
      vertex -33.98964618529983 -2 -377.0405511103359
      vertex -33.98964618529983 3 -377.0405511103359
      vertex -34.11620081422585 3 -376.9709771143273
    endloop
  endfacet
  facet normal 0.5877852522923095 0 0.8090169943750664
    outer loop
      vertex -34.11620081422585 -2 -376.9709771143273
      vertex -34.11620081422585 3 -376.9709771143273
      vertex -34.23303758821099 3 -376.8860902291922
    endloop
  endfacet
  facet normal 0.6845471059286878 0 0.7289686274214123
    outer loop
      vertex -34.23303758821099 -2 -376.8860902291922
      vertex -34.23303758821099 3 -376.8860902291922
      vertex -34.33831392153462 3 -376.787229171818
    endloop
  endfacet
  facet normal 0.7705132427758532 0 0.6374239897486125
    outer loop
      vertex -34.33831392153462 -2 -376.787229171818
      vertex -34.33831392153462 3 -376.787229171818
      vertex -34.43036954353119 3 -376.67595304013633
    endloop
  endfacet
  facet normal -0.7705132427758532 0 0.6374239897486125
    outer loop
      vertex -32.56963045646881 -2 -376.67595304013633
      vertex -32.56963045646881 3 -376.67595304013633
      vertex -32.66168607846538 3 -376.787229171818
    endloop
  endfacet
  facet normal -0.9048270524660312 0 0.4257792915650476
    outer loop
      vertex -32.43075704122851 -2 -376.42334323558737
      vertex -32.43075704122851 3 -376.42334323558737
      vertex -32.492247317949555 3 -376.55401672521697
    endloop
  endfacet
  facet normal 0.9822872507286949 0 -0.18738131458569202
    outer loop
      vertex -34.61387063529793 -2 -375.71400662976043
      vertex -34.640931906511646 3 -375.85586678140106
      vertex -34.61387063529793 3 -375.71400662976043
    endloop
  endfacet
  facet normal 0 0 1
    outer loop
      vertex -33.42779090254129 -2 -377.1477307376925
      vertex -33.42779090254129 3 -377.1477307376925
      vertex -33.57220909745871 3 -377.1477307376925
    endloop
  endfacet
  facet normal -0.6845471059286878 0 0.7289686274214123
    outer loop
      vertex -32.76696241178901 3 -376.8860902291922
      vertex -32.76696241178901 -2 -376.8860902291922
      vertex -32.66168607846538 3 -376.787229171818
    endloop
  endfacet
  facet normal -0.9510565162951524 0 0.30901699437495095
    outer loop
      vertex -32.38612936470207 -2 -376.28599337023957
      vertex -32.38612936470207 3 -376.28599337023957
      vertex -32.43075704122851 3 -376.42334323558737
    endloop
  endfacet
  facet normal -0.8443279255020099 0 0.5358267949790048
    outer loop
      vertex -32.492247317949555 -2 -376.55401672521697
      vertex -32.492247317949555 3 -376.55401672521697
      vertex -32.56963045646881 3 -376.67595304013633
    endloop
  endfacet
  facet normal -0.9822872507286949 0 0.18738131458569202
    outer loop
      vertex -32.359068093488354 -2 -376.14413321859894
      vertex -32.359068093488354 3 -376.14413321859894
      vertex -32.38612936470207 3 -376.28599337023957
    endloop
  endfacet
  facet normal -0.4817536741017871 0 -0.8763066800438242
    outer loop
      vertex -32.60586348771335 13.836368310340768 -374.09986318982135
      vertex -32.37476373054411 13.824544610682505 -374.2269113564458
      vertex -32.60586348771335 8 -374.09986318982135
    endloop
  endfacet
  facet normal 0.24868988716487994 0 0.9685831611286245
    outer loop
      vertex -34.14893568818739 8 -377.99721868421983
      vertex -33.89350076063002 13.872791767407056 -378.06280322653026
      vertex -34.14893568818739 13.885388545456362 -377.99721868421983
    endloop
  endfacet
  facet normal 0.1253332335642436 0 -0.9921147013144854
    outer loop
      vertex -33.89350076063002 13.898809069344077 -373.93719677346974
      vertex -33.63186009101156 13.886538340321694 -373.90414387030063
      vertex -33.89350076063002 8 -373.93719677346974
    endloop
  endfacet
  facet normal 0 0 -1
    outer loop
      vertex -33.63186009101156 13.886538340321694 -373.90414387030063
      vertex -33.36813990898844 13.873959985773894 -373.90414387030063
      vertex -33.63186009101156 8 -373.90414387030063
    endloop
  endfacet
  facet normal -0.8443279255020688 0 -0.535826794978912
    outer loop
      vertex -31.80106431181261 8 -374.7656509701858
      vertex -31.80106431181261 13.793152026538506 -374.7656509701858
      vertex -31.659755971907888 13.781591754539287 -374.9883172843864
    endloop
  endfacet
  facet normal 0.24868988716487997 0 -0.9685831611286246
    outer loop
      vertex -34.14893568818739 13.910578656114183 -374.00278131578017
      vertex -33.89350076063002 13.898809069344077 -373.93719677346974
      vertex -34.14893568818739 8 -374.00278131578017
    endloop
  endfacet
  facet normal 0.3681245526846811 0 -0.9297764858882501
    outer loop
      vertex -34.39413651228665 13.921661487217833 -374.09986318982135
      vertex -34.14893568818739 13.910578656114183 -374.00278131578017
      vertex -34.39413651228665 8 -374.09986318982135
    endloop
  endfacet
  facet normal -0.12533323356424364 0 -0.9921147013144855
    outer loop
      vertex -33.36813990898844 13.873959985773894 -373.90414387030063
      vertex -33.10649923936998 13.861272373865841 -373.93719677346974
      vertex -33.36813990898844 8 -373.90414387030063
    endloop
  endfacet
  facet normal -0.24868988716487994 0 -0.9685831611286246
    outer loop
      vertex -33.10649923936998 13.861272373865841 -373.93719677346974
      vertex -32.85106431181261 13.848675595816536 -374.00278131578017
      vertex -33.10649923936998 8 -373.93719677346974
    endloop
  endfacet
  facet normal -0.36812455268468114 0 -0.92977648588825
    outer loop
      vertex -32.85106431181261 13.848675595816536 -374.00278131578017
      vertex -32.60586348771335 13.836368310340768 -374.09986318982135
      vertex -32.85106431181261 8 -374.00278131578017
    endloop
  endfacet
  facet normal 0.36812455268468114 0 -0.9297764858882501
    outer loop
      vertex -34.14893568818739 8 -374.00278131578017
      vertex -34.39413651228665 8 -374.09986318982135
      vertex -34.14893568818739 13.910578656114183 -374.00278131578017
    endloop
  endfacet
  facet normal 0.587785252292406 0 -0.8090169943749963
    outer loop
      vertex -34.6252362694559 8 -374.2269113564458
      vertex -34.83859037847225 8 -374.3819221901708
      vertex -34.6252362694559 13.931882779787966 -374.2269113564458
    endloop
  endfacet
  facet normal 0.48175367410177566 0 -0.8763066800438304
    outer loop
      vertex -34.39413651228665 8 -374.09986318982135
      vertex -34.6252362694559 8 -374.2269113564458
      vertex -34.39413651228665 13.921661487217833 -374.09986318982135
    endloop
  endfacet
  facet normal 0.24868988716487997 0 -0.9685831611286247
    outer loop
      vertex -33.89350076063002 8 -373.93719677346974
      vertex -34.14893568818739 8 -374.00278131578017
      vertex -33.89350076063002 13.898809069344077 -373.93719677346974
    endloop
  endfacet
  facet normal 0 0 -1
    outer loop
      vertex -33.36813990898844 8 -373.90414387030063
      vertex -33.63186009101156 8 -373.90414387030063
      vertex -33.36813990898844 13.873959985773894 -373.90414387030063
    endloop
  endfacet
  facet normal 0.1253332335642436 0 -0.9921147013144854
    outer loop
      vertex -33.63186009101156 8 -373.90414387030063
      vertex -33.89350076063002 8 -373.93719677346974
      vertex -33.63186009101156 13.886538340321694 -373.90414387030063
    endloop
  endfacet
  facet normal 0.684547105928771 0 -0.7289686274213342
    outer loop
      vertex -34.83859037847225 8 -374.3819221901708
      vertex -35.030834117584966 8 -374.5624510775498
      vertex -34.83859037847225 13.941081337934841 -374.3819221901708
    endloop
  endfacet
  facet normal -0.6845471059287778 0 -0.7289686274213278
    outer loop
      vertex -31.969165882415037 8 -374.5624510775498
      vertex -32.16140962152775 8 -374.3819221901708
      vertex -31.969165882415037 13.803083268915328 -374.5624510775498
    endloop
  endfacet
  facet normal -0.12533323356424364 0 -0.9921147013144854
    outer loop
      vertex -33.10649923936998 8 -373.93719677346974
      vertex -33.36813990898844 8 -373.90414387030063
      vertex -33.10649923936998 13.861272373865841 -373.93719677346974
    endloop
  endfacet
  facet normal -0.24868988716487994 0 -0.9685831611286245
    outer loop
      vertex -32.85106431181261 8 -374.00278131578017
      vertex -33.10649923936998 8 -373.93719677346974
      vertex -32.85106431181261 13.848675595816536 -374.00278131578017
    endloop
  endfacet
  facet normal -0.36812455268468114 0 -0.9297764858882501
    outer loop
      vertex -32.60586348771335 8 -374.09986318982135
      vertex -32.85106431181261 8 -374.00278131578017
      vertex -32.60586348771335 13.836368310340768 -374.09986318982135
    endloop
  endfacet
  facet normal -0.481753674101787 0 -0.8763066800438242
    outer loop
      vertex -32.37476373054411 8 -374.2269113564458
      vertex -32.60586348771335 8 -374.09986318982135
      vertex -32.37476373054411 13.824544610682505 -374.2269113564458
    endloop
  endfacet
  facet normal -0.5877852522923932 0 -0.8090169943750055
    outer loop
      vertex -32.16140962152775 8 -374.3819221901708
      vertex -32.37476373054411 8 -374.2269113564458
      vertex -32.16140962152775 13.813390963648494 -374.3819221901708
    endloop
  endfacet
  facet normal 0.7705132427757222 0 -0.6374239897487708
    outer loop
      vertex -35.030834117584966 13.949112094901535 -374.5624510775498
      vertex -35.030834117584966 8 -374.5624510775498
      vertex -35.19893568818739 8 -374.7656509701858
    endloop
  endfacet
  facet normal 0.8443279255020627 0 -0.5358267949789215
    outer loop
      vertex -35.19893568818739 13.955848400853336 -374.7656509701858
      vertex -35.19893568818739 8 -374.7656509701858
      vertex -35.340244028092116 8 -374.9883172843864
    endloop
  endfacet
  facet normal 0.9048270524660069 0 -0.42577929156509936
    outer loop
      vertex -35.340244028092116 13.961184020221314 -374.9883172843864
      vertex -35.340244028092116 8 -374.9883172843864
      vertex -35.45253062036533 8 -375.2269384393622
    endloop
  endfacet
  facet normal 0.9510565162951462 0 -0.3090169943749702
    outer loop
      vertex -35.45253062036533 13.965034807100691 -375.2269384393622
      vertex -35.45253062036533 8 -375.2269384393622
      vertex -35.53402463837013 8 -375.4777512369538
    endloop
  endfacet
  facet normal 0.9822872507286909 0 -0.18738131458571375
    outer loop
      vertex -35.53402463837013 13.967340032282028 -375.4777512369538
      vertex -35.53402463837013 8 -375.4777512369538
      vertex -35.583440872760406 8 -375.73680020951497
    endloop
  endfacet
  facet normal 0.9980267284282717 0 -0.06279051952931188
    outer loop
      vertex -35.583440872760406 13.968063340987145 -375.73680020951497
      vertex -35.583440872760406 8 -375.73680020951497
      vertex -35.6 8 -376
    endloop
  endfacet
  facet normal 0.1253332335642436 0 0.9921147013144854
    outer loop
      vertex -33.89350076063002 8 -378.06280322653026
      vertex -33.63186009101156 13.860104155499004 -378.09585612969937
      vertex -33.89350076063002 13.872791767407056 -378.06280322653026
    endloop
  endfacet
  facet normal -0.7705132427757156 1.2031690457141707e-15 -0.6374239897487789
    outer loop
      vertex -31.969165882415037 8 -374.5624510775498
      vertex -31.82609912024508 13.79516898155467 -374.73538908525865
      vertex -31.80106431181261 8 -374.7656509701858
    endloop
  endfacet
  facet normal -0.8443279255020688 0 -0.535826794978912
    outer loop
      vertex -31.659755971907888 13.781591754539287 -374.9883172843864
      vertex -31.659755971907888 8 -374.9883172843864
      vertex -31.80106431181261 8 -374.7656509701858
    endloop
  endfacet
  facet normal -0.9048270524660069 0 -0.42577929156509936
    outer loop
      vertex -31.547469379634673 13.772196798370581 -375.2269384393622
      vertex -31.547469379634673 8 -375.2269384393622
      vertex -31.659755971907888 8 -374.9883172843864
    endloop
  endfacet
  facet normal -0.9510565162951423 0 -0.3090169943749824
    outer loop
      vertex -31.465975361629873 13.765115322103446 -375.4777512369538
      vertex -31.465975361629873 8 -375.4777512369538
      vertex -31.547469379634673 8 -375.2269384393622
    endloop
  endfacet
  facet normal -0.9822872507286933 0 -0.18738131458570073
    outer loop
      vertex -31.416559127239598 13.760459004848878 -375.73680020951497
      vertex -31.416559127239598 8 -375.73680020951497
      vertex -31.465975361629873 8 -375.4777512369538
    endloop
  endfacet
  facet normal -0.9980267284282708 0 -0.06279051952932528
    outer loop
      vertex -31.4 13.758301279511535 -376
      vertex -31.4 8 -376
      vertex -31.416559127239598 8 -375.73680020951497
    endloop
  endfacet
  facet normal 0.4817536741017756 0 -0.8763066800438304
    outer loop
      vertex -34.6252362694559 13.931882779787966 -374.2269113564458
      vertex -34.39413651228665 13.921661487217833 -374.09986318982135
      vertex -34.6252362694559 8 -374.2269113564458
    endloop
  endfacet
  facet normal 0.587785252292406 0 -0.8090169943749963
    outer loop
      vertex -34.83859037847225 13.941081337934841 -374.3819221901708
      vertex -34.6252362694559 13.931882779787966 -374.2269113564458
      vertex -34.83859037847225 8 -374.3819221901708
    endloop
  endfacet
  facet normal -0.3681245526846812 0 0.9297764858882502
    outer loop
      vertex -32.60586348771335 13.812402654055063 -377.90013681017865
      vertex -32.85106431181261 13.823485485158715 -377.99721868421983
      vertex -32.60586348771335 8 -377.90013681017865
    endloop
  endfacet
  facet normal -0.24868988716487994 0 0.9685831611286246
    outer loop
      vertex -32.85106431181261 13.823485485158715 -377.99721868421983
      vertex -33.10649923936998 13.83525507192882 -378.06280322653026
      vertex -32.85106431181261 8 -377.99721868421983
    endloop
  endfacet
  facet normal 0 0 1
    outer loop
      vertex -33.63186009101156 8 -378.09585612969937
      vertex -33.36813990898844 13.847525800951203 -378.09585612969937
      vertex -33.63186009101156 13.860104155499004 -378.09585612969937
    endloop
  endfacet
  facet normal -0.6845471059287711 0 0.7289686274213342
    outer loop
      vertex -32.16140962152775 8 -377.6180778098292
      vertex -31.969165882415034 8 -377.4375489224502
      vertex -32.16140962152775 13.792982803338056 -377.6180778098292
    endloop
  endfacet
  facet normal -0.7705132427757221 0 0.6374239897487708
    outer loop
      vertex -31.80106431181261 8 -377.2343490298142
      vertex -31.80106431181261 13.77821574041956 -377.2343490298142
      vertex -31.969165882415034 13.784952046371362 -377.4375489224502
    endloop
  endfacet
  facet normal -0.8443279255020689 0 0.5358267949789121
    outer loop
      vertex -31.659755971907888 8 -377.0116827156136
      vertex -31.659755971907888 13.772880121051584 -377.0116827156136
      vertex -31.80106431181261 13.77821574041956 -377.2343490298142
    endloop
  endfacet
  facet normal -0.9048270524660069 0 0.42577929156509936
    outer loop
      vertex -31.547469379634673 8 -376.7730615606378
      vertex -31.547469379634673 13.766960329725274 -376.7730615606378
      vertex -31.659755971907888 13.772880121051584 -377.0116827156136
    endloop
  endfacet
  facet normal -0.9510565162951421 0 0.30901699437498237
    outer loop
      vertex -31.465975361629873 8 -376.5222487630462
      vertex -31.465975361629873 13.761577778119904 -376.5222487630462
      vertex -31.547469379634673 13.766960329725274 -376.7730615606378
    endloop
  endfacet
  facet normal -0.9822872507286933 0 0.18738131458570073
    outer loop
      vertex -31.416559127239598 8 -376.26319979048503
      vertex -31.416559127239598 13.758676174708949 -376.26319979048503
      vertex -31.465975361629873 13.761577778119904 -376.5222487630462
    endloop
  endfacet
  facet normal -0.9980267284282708 0 0.06279051952932528
    outer loop
      vertex -31.4 8 -376
      vertex -31.4 13.758301279511535 -376
      vertex -31.416559127239598 13.758676174708949 -376.26319979048503
    endloop
  endfacet
  facet normal 0.7705132427757221 0 0.6374239897487708
    outer loop
      vertex -35.030834117584966 8 -377.4375489224502
      vertex -35.030834117584966 13.930980872357571 -377.4375489224502
      vertex -35.19893568818739 13.940280056286431 -377.2343490298142
    endloop
  endfacet
  facet normal 0.8443279255020627 0 0.5358267949789215
    outer loop
      vertex -35.19893568818739 8 -377.2343490298142
      vertex -35.19893568818739 13.940280056286431 -377.2343490298142
      vertex -35.340244028092116 13.948424075725368 -377.0116827156136
    endloop
  endfacet
  facet normal 0.9048270524660068 0 0.4257792915650993
    outer loop
      vertex -35.340244028092116 8 -377.0116827156136
      vertex -35.340244028092116 13.948424075725368 -377.0116827156136
      vertex -35.45253062036533 13.955284494622825 -376.7730615606378
    endloop
  endfacet
  facet normal 0.9510565162951462 0 0.3090169943749702
    outer loop
      vertex -35.45253062036533 8 -376.7730615606378
      vertex -35.45253062036533 13.955284494622825 -376.7730615606378
      vertex -35.53402463837013 13.960753120074575 -376.5222487630462
    endloop
  endfacet
  facet normal 0.9822872507286907 0 0.18738131458571372
    outer loop
      vertex -35.53402463837013 8 -376.5222487630462
      vertex -35.53402463837013 13.960753120074575 -376.5222487630462
      vertex -35.583440872760406 13.964743708590444 -376.26319979048503
    endloop
  endfacet
  facet normal 0.9980267284282717 0 0.06279051952931188
    outer loop
      vertex -35.583440872760406 8 -376.26319979048503
      vertex -35.583440872760406 13.964743708590444 -376.26319979048503
      vertex -35.6 13.967193326205674 -376
    endloop
  endfacet
  facet normal -0.684547105928771 0 0.7289686274213342
    outer loop
      vertex -31.969165882415034 13.784952046371362 -377.4375489224502
      vertex -32.16140962152775 13.792982803338056 -377.6180778098292
      vertex -31.969165882415034 8 -377.4375489224502
    endloop
  endfacet
  facet normal -0.1253332335642436 0 0.9921147013144854
    outer loop
      vertex -33.10649923936998 13.83525507192882 -378.06280322653026
      vertex -33.36813990898844 8 -378.09585612969937
      vertex -33.10649923936998 8 -378.06280322653026
    endloop
  endfacet
  facet normal -0.24868988716487997 0 0.9685831611286246
    outer loop
      vertex -33.10649923936998 8 -378.06280322653026
      vertex -32.85106431181261 8 -377.99721868421983
      vertex -33.10649923936998 13.83525507192882 -378.06280322653026
    endloop
  endfacet
  facet normal -0.3681245526846812 0 0.9297764858882502
    outer loop
      vertex -32.85106431181261 8 -377.99721868421983
      vertex -32.60586348771335 8 -377.90013681017865
      vertex -32.85106431181261 13.823485485158715 -377.99721868421983
    endloop
  endfacet
  facet normal -0.7705132427757222 0 0.6374239897487708
    outer loop
      vertex -31.969165882415034 13.784952046371362 -377.4375489224502
      vertex -31.969165882415034 8 -377.4375489224502
      vertex -31.80106431181261 8 -377.2343490298142
    endloop
  endfacet
  facet normal 0 0 1
    outer loop
      vertex -33.36813990898844 13.847525800951203 -378.09585612969937
      vertex -33.63186009101156 8 -378.09585612969937
      vertex -33.36813990898844 8 -378.09585612969937
    endloop
  endfacet
  facet normal 0.1253332335642436 0 0.9921147013144854
    outer loop
      vertex -33.63186009101156 13.860104155499004 -378.09585612969937
      vertex -33.89350076063002 8 -378.06280322653026
      vertex -33.63186009101156 8 -378.09585612969937
    endloop
  endfacet
  facet normal 0.587785252292406 0 0.8090169943749962
    outer loop
      vertex -34.83859037847225 8 -377.6180778098292
      vertex -34.6252362694559 8 -377.7730886435542
      vertex -34.83859037847225 13.920673177624403 -377.6180778098292
    endloop
  endfacet
  facet normal 0.4817536741017757 0 0.8763066800438305
    outer loop
      vertex -34.6252362694559 8 -377.7730886435542
      vertex -34.39413651228665 8 -377.90013681017865
      vertex -34.6252362694559 13.909519530590394 -377.7730886435542
    endloop
  endfacet
  facet normal 0.24868988716487997 0 0.9685831611286246
    outer loop
      vertex -33.89350076063002 13.872791767407056 -378.06280322653026
      vertex -34.14893568818739 8 -377.99721868421983
      vertex -33.89350076063002 8 -378.06280322653026
    endloop
  endfacet
  facet normal -0.5877852522923932 0 0.8090169943750055
    outer loop
      vertex -32.37476373054411 8 -377.7730886435542
      vertex -32.16140962152775 8 -377.6180778098292
      vertex -32.37476373054411 13.802181361484934 -377.7730886435542
    endloop
  endfacet
  facet normal 0.36812455268468114 0 0.92977648588825
    outer loop
      vertex -34.14893568818739 13.885388545456362 -377.99721868421983
      vertex -34.39413651228665 8 -377.90013681017865
      vertex -34.14893568818739 8 -377.99721868421983
    endloop
  endfacet
  facet normal -0.48175367410178704 0 0.8763066800438242
    outer loop
      vertex -32.60586348771335 8 -377.90013681017865
      vertex -32.37476373054411 8 -377.7730886435542
      vertex -32.60586348771335 13.812402654055063 -377.90013681017865
    endloop
  endfacet
  facet normal 0.9510565162951462 0 -0.3090169943749702
    outer loop
      vertex -35.53402463837013 8 -375.4777512369538
      vertex -35.53402463837013 13.967340032282028 -375.4777512369538
      vertex -35.45253062036533 13.965034807100691 -375.2269384393622
    endloop
  endfacet
  facet normal -0.6845471059287778 0 -0.7289686274213278
    outer loop
      vertex -32.16140962152775 13.813390963648494 -374.3819221901708
      vertex -31.969165882415037 13.803083268915328 -374.5624510775498
      vertex -32.16140962152775 8 -374.3819221901708
    endloop
  endfacet
  facet normal 0.3681245526846812 0 0.9297764858882501
    outer loop
      vertex -34.39413651228665 8 -377.90013681017865
      vertex -34.14893568818739 13.885388545456362 -377.99721868421983
      vertex -34.39413651228665 13.89769583093213 -377.90013681017865
    endloop
  endfacet
  facet normal -0.4817536741017871 0 0.8763066800438242
    outer loop
      vertex -32.37476373054411 13.802181361484934 -377.7730886435542
      vertex -32.60586348771335 13.812402654055063 -377.90013681017865
      vertex -32.37476373054411 8 -377.7730886435542
    endloop
  endfacet
  facet normal -0.5877852522923932 0 0.8090169943750056
    outer loop
      vertex -32.16140962152775 13.792982803338056 -377.6180778098292
      vertex -32.37476373054411 13.802181361484934 -377.7730886435542
      vertex -32.16140962152775 8 -377.6180778098292
    endloop
  endfacet
  facet normal 0 1 0
    outer loop
      vertex -35.45253062036533 8 -375.2269384393622
      vertex -35.45253062036533 8 -376.7730615606378
      vertex -35.53402463837013 8 -376.5222487630462
    endloop
  endfacet
  facet normal 0 1 0
    outer loop
      vertex -35.53402463837013 8 -375.4777512369538
      vertex -35.53402463837013 8 -376.5222487630462
      vertex -35.583440872760406 8 -376.26319979048503
    endloop
  endfacet
  facet normal 0 1 0
    outer loop
      vertex -35.6 8 -376
      vertex -35.583440872760406 8 -375.73680020951497
      vertex -35.583440872760406 8 -376.26319979048503
    endloop
  endfacet
  facet normal 0.4817536741017756 0 0.8763066800438303
    outer loop
      vertex -34.39413651228665 13.89769583093213 -377.90013681017865
      vertex -34.6252362694559 13.909519530590394 -377.7730886435542
      vertex -34.39413651228665 8 -377.90013681017865
    endloop
  endfacet
  facet normal 0.6845471059287711 0 -0.7289686274213342
    outer loop
      vertex -35.030834117584966 13.949112094901535 -374.5624510775498
      vertex -34.83859037847225 13.941081337934841 -374.3819221901708
      vertex -35.030834117584966 8 -374.5624510775498
    endloop
  endfacet
  facet normal 0.7705132427757221 0 -0.6374239897487709
    outer loop
      vertex -35.19893568818739 8 -374.7656509701858
      vertex -35.19893568818739 13.955848400853336 -374.7656509701858
      vertex -35.030834117584966 13.949112094901535 -374.5624510775498
    endloop
  endfacet
  facet normal 0.8443279255020628 0 -0.5358267949789215
    outer loop
      vertex -35.340244028092116 8 -374.9883172843864
      vertex -35.340244028092116 13.961184020221314 -374.9883172843864
      vertex -35.19893568818739 13.955848400853336 -374.7656509701858
    endloop
  endfacet
  facet normal 0.9048270524660069 0 -0.4257792915650994
    outer loop
      vertex -35.45253062036533 8 -375.2269384393622
      vertex -35.45253062036533 13.965034807100691 -375.2269384393622
      vertex -35.340244028092116 13.961184020221314 -374.9883172843864
    endloop
  endfacet
  facet normal -0.5877852522923931 0 -0.8090169943750056
    outer loop
      vertex -32.37476373054411 13.824544610682505 -374.2269113564458
      vertex -32.16140962152775 13.813390963648494 -374.3819221901708
      vertex -32.37476373054411 8 -374.2269113564458
    endloop
  endfacet
  facet normal 0.9822872507286907 0 -0.1873813145857137
    outer loop
      vertex -35.583440872760406 8 -375.73680020951497
      vertex -35.583440872760406 13.968063340987145 -375.73680020951497
      vertex -35.53402463837013 13.967340032282028 -375.4777512369538
    endloop
  endfacet
  facet normal 0.9980267284282718 0 -0.06279051952931188
    outer loop
      vertex -35.6 8 -376
      vertex -35.6 13.967193326205674 -376
      vertex -35.583440872760406 13.968063340987145 -375.73680020951497
    endloop
  endfacet
  facet normal -0.7705132427756958 0 -0.6374239897488027
    outer loop
      vertex -31.969165882415037 8 -374.5624510775498
      vertex -31.969165882415037 13.803083268915328 -374.5624510775498
      vertex -31.82609912024508 13.79516898155467 -374.73538908525865
    endloop
  endfacet
  facet normal -0.7705132427758287 0 -0.6374239897486421
    outer loop
      vertex -31.80106431181261 8 -374.7656509701858
      vertex -31.82609912024508 13.79516898155467 -374.73538908525865
      vertex -31.80106431181261 13.793152026538506 -374.7656509701858
    endloop
  endfacet
  facet normal 0 1 0
    outer loop
      vertex -34.507752682050445 8 -376.55401672521697
      vertex -34.43036954353119 8 -376.67595304013633
      vertex -34.6252362694559 8 -377.7730886435542
    endloop
  endfacet
  facet normal -0.904827052466007 0 -0.4257792915650994
    outer loop
      vertex -31.659755971907888 8 -374.9883172843864
      vertex -31.659755971907888 13.781591754539287 -374.9883172843864
      vertex -31.547469379634673 13.772196798370581 -375.2269384393622
    endloop
  endfacet
  facet normal -0.9510565162951422 0 -0.30901699437498237
    outer loop
      vertex -31.547469379634673 8 -375.2269384393622
      vertex -31.547469379634673 13.772196798370581 -375.2269384393622
      vertex -31.465975361629873 13.765115322103446 -375.4777512369538
    endloop
  endfacet
  facet normal -0.9822872507286933 0 -0.1873813145857007
    outer loop
      vertex -31.465975361629873 8 -375.4777512369538
      vertex -31.465975361629873 13.765115322103446 -375.4777512369538
      vertex -31.416559127239598 13.760459004848878 -375.73680020951497
    endloop
  endfacet
  facet normal -0.9980267284282709 0 -0.0627905195293253
    outer loop
      vertex -31.416559127239598 8 -375.73680020951497
      vertex -31.416559127239598 13.760459004848878 -375.73680020951497
      vertex -31.4 13.758301279511535 -376
    endloop
  endfacet
  facet normal 0.587785252292406 0 0.8090169943749962
    outer loop
      vertex -34.6252362694559 13.909519530590394 -377.7730886435542
      vertex -34.83859037847225 13.920673177624403 -377.6180778098292
      vertex -34.6252362694559 8 -377.7730886435542
    endloop
  endfacet
  facet normal 0.684547105928771 0 0.7289686274213342
    outer loop
      vertex -34.83859037847225 13.920673177624403 -377.6180778098292
      vertex -35.030834117584966 13.930980872357571 -377.4375489224502
      vertex -34.83859037847225 8 -377.6180778098292
    endloop
  endfacet
  facet normal -0.9048270524658784 1.3456150898253921e-11 0.4257792915653727
    outer loop
      vertex -31.606616960894524 13.771057757381524 -376.8987565689956
      vertex -31.659755971907888 13.772880121051584 -377.0116827156136
      vertex -31.547469379634673 13.766960329725274 -376.7730615606378
    endloop
  endfacet
  facet normal 0 1 0
    outer loop
      vertex -32.38612936470207 8 -376.28599337023957
      vertex -32.37476373054411 8 -377.7730886435542
      vertex -32.43075704122851 8 -376.42334323558737
    endloop
  endfacet
  facet normal 0 1 0
    outer loop
      vertex -34.14893568818739 8 -377.99721868421983
      vertex -33.98964618529983 8 -377.0405511103359
      vertex -33.85536954353119 8 -377.0937149937394
    endloop
  endfacet
  facet normal 0 1 0
    outer loop
      vertex -34.11620081422585 8 -376.9709771143273
      vertex -33.98964618529983 8 -377.0405511103359
      vertex -34.14893568818739 8 -377.99721868421983
    endloop
  endfacet
  facet normal 0 1 0
    outer loop
      vertex -34.39413651228665 8 -377.90013681017865
      vertex -34.23303758821099 8 -376.8860902291922
      vertex -34.11620081422585 8 -376.9709771143273
    endloop
  endfacet
  facet normal 0 1 0
    outer loop
      vertex -34.33831392153462 8 -376.787229171818
      vertex -34.23303758821099 8 -376.8860902291922
      vertex -34.39413651228665 8 -377.90013681017865
    endloop
  endfacet
  facet normal 0 1 0
    outer loop
      vertex -32.66168607846538 8 -376.787229171818
      vertex -32.56963045646881 8 -376.67595304013633
      vertex -32.60586348771335 8 -377.90013681017865
    endloop
  endfacet
  facet normal 0 1 0
    outer loop
      vertex -32.56963045646881 8 -376.67595304013633
      vertex -32.492247317949555 8 -376.55401672521697
      vertex -32.60586348771335 8 -377.90013681017865
    endloop
  endfacet
  facet normal 0 1 0
    outer loop
      vertex -32.492247317949555 8 -376.55401672521697
      vertex -32.43075704122851 8 -376.42334323558737
      vertex -32.37476373054411 8 -377.7730886435542
    endloop
  endfacet
  facet normal 0 1 0
    outer loop
      vertex -34.14893568818739 8 -374.00278131578017
      vertex -33.89350076063002 8 -373.93719677346974
      vertex -33.98964618529983 8 -374.9594488896641
    endloop
  endfacet
  facet normal 0 1 0
    outer loop
      vertex -33.89350076063002 8 -373.93719677346974
      vertex -33.63186009101156 8 -373.90414387030063
      vertex -33.715488511773586 8 -374.870369661662
    endloop
  endfacet
  facet normal 0 1 0
    outer loop
      vertex -33.63186009101156 8 -373.90414387030063
      vertex -33.36813990898844 8 -373.90414387030063
      vertex -33.57220909745871 8 -374.8522692623075
    endloop
  endfacet
  facet normal 0 1 0
    outer loop
      vertex -33.36813990898844 8 -373.90414387030063
      vertex -33.10649923936998 8 -373.93719677346974
      vertex -33.42779090254129 8 -374.8522692623075
    endloop
  endfacet
  facet normal 0 1 0
    outer loop
      vertex -34.39413651228665 8 -374.09986318982135
      vertex -34.14893568818739 8 -374.00278131578017
      vertex -34.23303758821099 8 -375.1139097708078
    endloop
  endfacet
  facet normal 0 1 0
    outer loop
      vertex -33.10649923936998 8 -373.93719677346974
      vertex -32.85106431181261 8 -374.00278131578017
      vertex -33.14463045646881 8 -374.9062850062606
    endloop
  endfacet
  facet normal 0 1 0
    outer loop
      vertex -32.85106431181261 8 -374.00278131578017
      vertex -32.60586348771335 8 -374.09986318982135
      vertex -32.88379918577415 8 -375.0290228856727
    endloop
  endfacet
  facet normal 0 1 0
    outer loop
      vertex -33.85536954353119 8 -377.0937149937394
      vertex -33.715488511773586 8 -377.129630338338
      vertex -33.89350076063002 8 -378.06280322653026
    endloop
  endfacet
  facet normal 0 1 0
    outer loop
      vertex -31.80106431181261 8 -374.7656509701858
      vertex -31.80106431181261 8 -377.2343490298142
      vertex -31.969165882415034 8 -377.4375489224502
    endloop
  endfacet
  facet normal 0 1 0
    outer loop
      vertex -31.969165882415037 8 -374.5624510775498
      vertex -31.969165882415034 8 -377.4375489224502
      vertex -32.16140962152775 8 -377.6180778098292
    endloop
  endfacet
  facet normal 0 1 0
    outer loop
      vertex -31.659755971907888 8 -374.9883172843864
      vertex -31.659755971907888 8 -377.0116827156136
      vertex -31.80106431181261 8 -377.2343490298142
    endloop
  endfacet
  facet normal 0 1 0
    outer loop
      vertex -31.547469379634673 8 -375.2269384393622
      vertex -31.547469379634673 8 -376.7730615606378
      vertex -31.659755971907888 8 -377.0116827156136
    endloop
  endfacet
  facet normal 0 1 0
    outer loop
      vertex -31.465975361629873 8 -375.4777512369538
      vertex -31.465975361629873 8 -376.5222487630462
      vertex -31.547469379634673 8 -376.7730615606378
    endloop
  endfacet
  facet normal 0 1 0
    outer loop
      vertex -34.43036954353119 8 -375.32404695986367
      vertex -34.39413651228665 8 -374.09986318982135
      vertex -34.33831392153462 8 -375.212770828182
    endloop
  endfacet
  facet normal 0 1 0
    outer loop
      vertex -34.507752682050445 8 -375.44598327478303
      vertex -34.39413651228665 8 -374.09986318982135
      vertex -34.43036954353119 8 -375.32404695986367
    endloop
  endfacet
  facet normal 0 1 0
    outer loop
      vertex -34.56924295877149 8 -375.57665676441263
      vertex -34.6252362694559 8 -374.2269113564458
      vertex -34.507752682050445 8 -375.44598327478303
    endloop
  endfacet
  facet normal 0 1 0
    outer loop
      vertex -34.61387063529793 8 -375.71400662976043
      vertex -34.6252362694559 8 -374.2269113564458
      vertex -34.56924295877149 8 -375.57665676441263
    endloop
  endfacet
  facet normal 0 1 0
    outer loop
      vertex -34.640931906511646 8 -375.85586678140106
      vertex -34.6252362694559 8 -374.2269113564458
      vertex -34.61387063529793 8 -375.71400662976043
    endloop
  endfacet
  facet normal 0 1 0
    outer loop
      vertex -34.83859037847225 8 -374.3819221901708
      vertex -34.6252362694559 8 -374.2269113564458
      vertex -34.83859037847225 8 -377.6180778098292
    endloop
  endfacet
  facet normal 0 1 0
    outer loop
      vertex -35.030834117584966 8 -374.5624510775498
      vertex -34.83859037847225 8 -374.3819221901708
      vertex -35.030834117584966 8 -377.4375489224502
    endloop
  endfacet
  facet normal 0 1 0
    outer loop
      vertex -35.19893568818739 8 -374.7656509701858
      vertex -35.030834117584966 8 -374.5624510775498
      vertex -35.19893568818739 8 -377.2343490298142
    endloop
  endfacet
  facet normal 0 1 0
    outer loop
      vertex -35.340244028092116 8 -374.9883172843864
      vertex -35.19893568818739 8 -374.7656509701858
      vertex -35.340244028092116 8 -377.0116827156136
    endloop
  endfacet
  facet normal -0.9980267284282709 0 0.0627905195293253
    outer loop
      vertex -31.416559127239598 13.758676174708949 -376.26319979048503
      vertex -31.416559127239598 8 -376.26319979048503
      vertex -31.4 8 -376
    endloop
  endfacet
  facet normal 0.9980267284282718 0 0.06279051952931188
    outer loop
      vertex -35.6 13.967193326205674 -376
      vertex -35.6 8 -376
      vertex -35.583440872760406 8 -376.26319979048503
    endloop
  endfacet
  facet normal 0.9822872507286907 0 0.18738131458571375
    outer loop
      vertex -35.583440872760406 13.964743708590444 -376.26319979048503
      vertex -35.583440872760406 8 -376.26319979048503
      vertex -35.53402463837013 8 -376.5222487630462
    endloop
  endfacet
  facet normal 0.9510565162951461 0 0.30901699437497016
    outer loop
      vertex -35.53402463837013 13.960753120074575 -376.5222487630462
      vertex -35.53402463837013 8 -376.5222487630462
      vertex -35.45253062036533 8 -376.7730615606378
    endloop
  endfacet
  facet normal 0.904827052466007 0 0.42577929156509936
    outer loop
      vertex -35.45253062036533 13.955284494622825 -376.7730615606378
      vertex -35.45253062036533 8 -376.7730615606378
      vertex -35.340244028092116 8 -377.0116827156136
    endloop
  endfacet
  facet normal 0.8443279255020627 0 0.5358267949789215
    outer loop
      vertex -35.340244028092116 13.948424075725368 -377.0116827156136
      vertex -35.340244028092116 8 -377.0116827156136
      vertex -35.19893568818739 8 -377.2343490298142
    endloop
  endfacet
  facet normal 0.7705132427757222 0 0.6374239897487708
    outer loop
      vertex -35.19893568818739 13.940280056286431 -377.2343490298142
      vertex -35.19893568818739 8 -377.2343490298142
      vertex -35.030834117584966 8 -377.4375489224502
    endloop
  endfacet
  facet normal 0.684547105928771 0 0.7289686274213342
    outer loop
      vertex -35.030834117584966 8 -377.4375489224502
      vertex -34.83859037847225 8 -377.6180778098292
      vertex -35.030834117584966 13.930980872357571 -377.4375489224502
    endloop
  endfacet
  facet normal 0 1 0
    outer loop
      vertex -33.01035381470017 8 -377.0405511103359
      vertex -32.85106431181261 8 -377.99721868421983
      vertex -33.10649923936998 8 -378.06280322653026
    endloop
  endfacet
  facet normal 0 1 0
    outer loop
      vertex -33.284511488226414 8 -377.129630338338
      vertex -33.10649923936998 8 -378.06280322653026
      vertex -33.36813990898844 8 -378.09585612969937
    endloop
  endfacet
  facet normal 0 1 0
    outer loop
      vertex -32.76696241178901 8 -376.8860902291922
      vertex -32.60586348771335 8 -377.90013681017865
      vertex -32.85106431181261 8 -377.99721868421983
    endloop
  endfacet
  facet normal 0 1 0
    outer loop
      vertex -33.36813990898844 8 -378.09585612969937
      vertex -33.63186009101156 8 -378.09585612969937
      vertex -33.42779090254129 8 -377.1477307376925
    endloop
  endfacet
  facet normal 0 1 0
    outer loop
      vertex -33.57220909745871 8 -377.1477307376925
      vertex -33.63186009101156 8 -378.09585612969937
      vertex -33.89350076063002 8 -378.06280322653026
    endloop
  endfacet
  facet normal 0 1 0
    outer loop
      vertex -33.85536954353119 8 -377.0937149937394
      vertex -33.89350076063002 8 -378.06280322653026
      vertex -34.14893568818739 8 -377.99721868421983
    endloop
  endfacet
  facet normal 0 1 0
    outer loop
      vertex -34.11620081422585 8 -376.9709771143273
      vertex -34.14893568818739 8 -377.99721868421983
      vertex -34.39413651228665 8 -377.90013681017865
    endloop
  endfacet
  facet normal 0 1 0
    outer loop
      vertex -34.6252362694559 8 -374.2269113564458
      vertex -34.39413651228665 8 -374.09986318982135
      vertex -34.507752682050445 8 -375.44598327478303
    endloop
  endfacet
  facet normal -0.9822872507286932 0 0.1873813145857007
    outer loop
      vertex -31.465975361629873 13.761577778119904 -376.5222487630462
      vertex -31.465975361629873 8 -376.5222487630462
      vertex -31.416559127239598 8 -376.26319979048503
    endloop
  endfacet
  facet normal -0.9510565162951422 0 0.30901699437498237
    outer loop
      vertex -31.547469379634673 13.766960329725274 -376.7730615606378
      vertex -31.547469379634673 8 -376.7730615606378
      vertex -31.465975361629873 8 -376.5222487630462
    endloop
  endfacet
  facet normal -0.9048270524660069 0 0.42577929156509936
    outer loop
      vertex -31.659755971907888 13.772880121051584 -377.0116827156136
      vertex -31.659755971907888 8 -377.0116827156136
      vertex -31.547469379634673 8 -376.7730615606378
    endloop
  endfacet
  facet normal -0.8443279255020688 0 0.535826794978912
    outer loop
      vertex -31.80106431181261 13.77821574041956 -377.2343490298142
      vertex -31.80106431181261 8 -377.2343490298142
      vertex -31.659755971907888 8 -377.0116827156136
    endloop
  endfacet
  facet normal 0 1 0
    outer loop
      vertex -32.492247317949555 8 -376.55401672521697
      vertex -32.37476373054411 8 -377.7730886435542
      vertex -32.60586348771335 8 -377.90013681017865
    endloop
  endfacet
  facet normal 0 1 0
    outer loop
      vertex -33.284511488226414 8 -377.129630338338
      vertex -33.14463045646881 8 -377.0937149937394
      vertex -33.10649923936998 8 -378.06280322653026
    endloop
  endfacet
  facet normal 0 1 0
    outer loop
      vertex -33.01035381470017 8 -377.0405511103359
      vertex -32.88379918577415 8 -376.9709771143273
      vertex -32.85106431181261 8 -377.99721868421983
    endloop
  endfacet
  facet normal 0 1 0
    outer loop
      vertex -33.14463045646881 8 -377.0937149937394
      vertex -33.01035381470017 8 -377.0405511103359
      vertex -33.10649923936998 8 -378.06280322653026
    endloop
  endfacet
  facet normal 0 1 0
    outer loop
      vertex -32.66168607846538 8 -376.787229171818
      vertex -32.60586348771335 8 -377.90013681017865
      vertex -32.76696241178901 8 -376.8860902291922
    endloop
  endfacet
  facet normal 0 1 0
    outer loop
      vertex -32.88379918577415 8 -376.9709771143273
      vertex -32.76696241178901 8 -376.8860902291922
      vertex -32.85106431181261 8 -377.99721868421983
    endloop
  endfacet
  facet normal 0 1 0
    outer loop
      vertex -33.42779090254129 8 -377.1477307376925
      vertex -33.284511488226414 8 -377.129630338338
      vertex -33.36813990898844 8 -378.09585612969937
    endloop
  endfacet
  facet normal 0 1 0
    outer loop
      vertex -33.57220909745871 8 -377.1477307376925
      vertex -33.42779090254129 8 -377.1477307376925
      vertex -33.63186009101156 8 -378.09585612969937
    endloop
  endfacet
  facet normal 0 1 0
    outer loop
      vertex -33.715488511773586 8 -377.129630338338
      vertex -33.57220909745871 8 -377.1477307376925
      vertex -33.89350076063002 8 -378.06280322653026
    endloop
  endfacet
  facet normal 0 1 0
    outer loop
      vertex -31.465975361629873 8 -375.4777512369538
      vertex -31.416559127239598 8 -375.73680020951497
      vertex -31.465975361629873 8 -376.5222487630462
    endloop
  endfacet
  facet normal 0 1 0
    outer loop
      vertex -32.37476373054411 8 -374.2269113564458
      vertex -32.16140962152775 8 -374.3819221901708
      vertex -32.38612936470207 8 -375.71400662976043
    endloop
  endfacet
  facet normal 0 1 0
    outer loop
      vertex -32.76696241178901 8 -375.1139097708078
      vertex -32.60586348771335 8 -374.09986318982135
      vertex -32.66168607846538 8 -375.212770828182
    endloop
  endfacet
  facet normal 0 1 0
    outer loop
      vertex -32.66168607846538 8 -375.212770828182
      vertex -32.37476373054411 8 -374.2269113564458
      vertex -32.56963045646881 8 -375.32404695986367
    endloop
  endfacet
  facet normal 0 1 0
    outer loop
      vertex -32.56963045646881 8 -375.32404695986367
      vertex -32.37476373054411 8 -374.2269113564458
      vertex -32.492247317949555 8 -375.44598327478303
    endloop
  endfacet
  facet normal 0 1 0
    outer loop
      vertex -32.492247317949555 8 -375.44598327478303
      vertex -32.37476373054411 8 -374.2269113564458
      vertex -32.43075704122851 8 -375.57665676441263
    endloop
  endfacet
  facet normal 0 1 0
    outer loop
      vertex -32.43075704122851 8 -375.57665676441263
      vertex -32.37476373054411 8 -374.2269113564458
      vertex -32.38612936470207 8 -375.71400662976043
    endloop
  endfacet
  facet normal 0 1 0
    outer loop
      vertex -32.359068093488354 8 -375.85586678140106
      vertex -32.38612936470207 8 -375.71400662976043
      vertex -32.16140962152775 8 -374.3819221901708
    endloop
  endfacet
  facet normal 0 1 0
    outer loop
      vertex -32.359068093488354 8 -375.85586678140106
      vertex -32.16140962152775 8 -374.3819221901708
      vertex -32.35 8 -376
    endloop
  endfacet
  facet normal 0 1 0
    outer loop
      vertex -32.35 8 -376
      vertex -32.16140962152775 8 -374.3819221901708
      vertex -32.359068093488354 8 -376.14413321859894
    endloop
  endfacet
  facet normal 0 1 0
    outer loop
      vertex -32.16140962152775 8 -374.3819221901708
      vertex -31.969165882415037 8 -374.5624510775498
      vertex -32.16140962152775 8 -377.6180778098292
    endloop
  endfacet
  facet normal 0 1 0
    outer loop
      vertex -31.969165882415037 8 -374.5624510775498
      vertex -31.80106431181261 8 -374.7656509701858
      vertex -31.969165882415034 8 -377.4375489224502
    endloop
  endfacet
  facet normal 0 1 0
    outer loop
      vertex -31.80106431181261 8 -374.7656509701858
      vertex -31.659755971907888 8 -374.9883172843864
      vertex -31.80106431181261 8 -377.2343490298142
    endloop
  endfacet
  facet normal 0 1 0
    outer loop
      vertex -31.659755971907888 8 -374.9883172843864
      vertex -31.547469379634673 8 -375.2269384393622
      vertex -31.659755971907888 8 -377.0116827156136
    endloop
  endfacet
  facet normal 0 1 0
    outer loop
      vertex -31.465975361629873 8 -375.4777512369538
      vertex -31.547469379634673 8 -376.7730615606378
      vertex -31.547469379634673 8 -375.2269384393622
    endloop
  endfacet
  facet normal 0 1 0
    outer loop
      vertex -35.53402463837013 8 -375.4777512369538
      vertex -35.583440872760406 8 -376.26319979048503
      vertex -35.583440872760406 8 -375.73680020951497
    endloop
  endfacet
  facet normal 0 1 0
    outer loop
      vertex -34.33831392153462 8 -376.787229171818
      vertex -34.39413651228665 8 -377.90013681017865
      vertex -34.6252362694559 8 -377.7730886435542
    endloop
  endfacet
  facet normal 0 1 0
    outer loop
      vertex -34.61387063529793 8 -376.28599337023957
      vertex -34.6252362694559 8 -377.7730886435542
      vertex -34.83859037847225 8 -377.6180778098292
    endloop
  endfacet
  facet normal 0 1 0
    outer loop
      vertex -34.43036954353119 8 -376.67595304013633
      vertex -34.33831392153462 8 -376.787229171818
      vertex -34.6252362694559 8 -377.7730886435542
    endloop
  endfacet
  facet normal 0 1 0
    outer loop
      vertex -34.56924295877149 8 -376.42334323558737
      vertex -34.507752682050445 8 -376.55401672521697
      vertex -34.6252362694559 8 -377.7730886435542
    endloop
  endfacet
  facet normal 0 1 0
    outer loop
      vertex -34.56924295877149 8 -376.42334323558737
      vertex -34.6252362694559 8 -377.7730886435542
      vertex -34.61387063529793 8 -376.28599337023957
    endloop
  endfacet
  facet normal 0 1 0
    outer loop
      vertex -34.640931906511646 8 -376.14413321859894
      vertex -34.61387063529793 8 -376.28599337023957
      vertex -34.83859037847225 8 -377.6180778098292
    endloop
  endfacet
  facet normal 0 1 0
    outer loop
      vertex -34.640931906511646 8 -376.14413321859894
      vertex -34.83859037847225 8 -377.6180778098292
      vertex -34.65 8 -376
    endloop
  endfacet
  facet normal 0 1 0
    outer loop
      vertex -34.65 8 -376
      vertex -34.83859037847225 8 -377.6180778098292
      vertex -34.640931906511646 8 -375.85586678140106
    endloop
  endfacet
  facet normal 0 1 0
    outer loop
      vertex -34.83859037847225 8 -374.3819221901708
      vertex -34.83859037847225 8 -377.6180778098292
      vertex -35.030834117584966 8 -377.4375489224502
    endloop
  endfacet
  facet normal 0 1 0
    outer loop
      vertex -35.030834117584966 8 -374.5624510775498
      vertex -35.030834117584966 8 -377.4375489224502
      vertex -35.19893568818739 8 -377.2343490298142
    endloop
  endfacet
  facet normal 0 1 0
    outer loop
      vertex -35.19893568818739 8 -374.7656509701858
      vertex -35.19893568818739 8 -377.2343490298142
      vertex -35.340244028092116 8 -377.0116827156136
    endloop
  endfacet
  facet normal 0 1 0
    outer loop
      vertex -35.340244028092116 8 -374.9883172843864
      vertex -35.340244028092116 8 -377.0116827156136
      vertex -35.45253062036533 8 -376.7730615606378
    endloop
  endfacet
  facet normal -0.12533323356424364 0 0.9921147013144855
    outer loop
      vertex -33.36813990898844 8 -378.09585612969937
      vertex -33.10649923936998 13.83525507192882 -378.06280322653026
      vertex -33.36813990898844 13.847525800951203 -378.09585612969937
    endloop
  endfacet
  facet normal 0 1 0
    outer loop
      vertex -34.23303758821099 8 -375.1139097708078
      vertex -34.14893568818739 8 -374.00278131578017
      vertex -34.11620081422585 8 -375.0290228856727
    endloop
  endfacet
  facet normal 0 1 0
    outer loop
      vertex -31.416559127239598 8 -375.73680020951497
      vertex -31.4 8 -376
      vertex -31.416559127239598 8 -376.26319979048503
    endloop
  endfacet
  facet normal 0 1 0
    outer loop
      vertex -32.38612936470207 8 -376.28599337023957
      vertex -32.359068093488354 8 -376.14413321859894
      vertex -32.37476373054411 8 -377.7730886435542
    endloop
  endfacet
  facet normal 0 1 0
    outer loop
      vertex -32.16140962152775 8 -374.3819221901708
      vertex -32.16140962152775 8 -377.6180778098292
      vertex -32.37476373054411 8 -377.7730886435542
    endloop
  endfacet
  facet normal 0 1 0
    outer loop
      vertex -31.416559127239598 8 -375.73680020951497
      vertex -31.416559127239598 8 -376.26319979048503
      vertex -31.465975361629873 8 -376.5222487630462
    endloop
  endfacet
  facet normal 0 1 0
    outer loop
      vertex -35.53402463837013 8 -375.4777512369538
      vertex -35.45253062036533 8 -375.2269384393622
      vertex -35.53402463837013 8 -376.5222487630462
    endloop
  endfacet
  facet normal 0 1 0
    outer loop
      vertex -32.359068093488354 8 -376.14413321859894
      vertex -32.16140962152775 8 -374.3819221901708
      vertex -32.37476373054411 8 -377.7730886435542
    endloop
  endfacet
  facet normal 0 1 0
    outer loop
      vertex -33.98964618529983 8 -374.9594488896641
      vertex -33.89350076063002 8 -373.93719677346974
      vertex -33.85536954353119 8 -374.9062850062606
    endloop
  endfacet
  facet normal 0 1 0
    outer loop
      vertex -34.11620081422585 8 -375.0290228856727
      vertex -34.14893568818739 8 -374.00278131578017
      vertex -33.98964618529983 8 -374.9594488896641
    endloop
  endfacet
  facet normal 0 1 0
    outer loop
      vertex -33.715488511773586 8 -374.870369661662
      vertex -33.63186009101156 8 -373.90414387030063
      vertex -33.57220909745871 8 -374.8522692623075
    endloop
  endfacet
  facet normal 0 1 0
    outer loop
      vertex -33.85536954353119 8 -374.9062850062606
      vertex -33.89350076063002 8 -373.93719677346974
      vertex -33.715488511773586 8 -374.870369661662
    endloop
  endfacet
  facet normal 0 1 0
    outer loop
      vertex -33.57220909745871 8 -374.8522692623075
      vertex -33.36813990898844 8 -373.90414387030063
      vertex -33.42779090254129 8 -374.8522692623075
    endloop
  endfacet
  facet normal 0 1 0
    outer loop
      vertex -34.33831392153462 8 -375.212770828182
      vertex -34.39413651228665 8 -374.09986318982135
      vertex -34.23303758821099 8 -375.1139097708078
    endloop
  endfacet
  facet normal 0 1 0
    outer loop
      vertex -33.42779090254129 8 -374.8522692623075
      vertex -33.10649923936998 8 -373.93719677346974
      vertex -33.284511488226414 8 -374.870369661662
    endloop
  endfacet
  facet normal 0 1 0
    outer loop
      vertex -33.284511488226414 8 -374.870369661662
      vertex -33.10649923936998 8 -373.93719677346974
      vertex -33.14463045646881 8 -374.9062850062606
    endloop
  endfacet
  facet normal 0 1 0
    outer loop
      vertex -33.14463045646881 8 -374.9062850062606
      vertex -32.85106431181261 8 -374.00278131578017
      vertex -33.01035381470017 8 -374.9594488896641
    endloop
  endfacet
  facet normal 0 1 0
    outer loop
      vertex -33.01035381470017 8 -374.9594488896641
      vertex -32.85106431181261 8 -374.00278131578017
      vertex -32.88379918577415 8 -375.0290228856727
    endloop
  endfacet
  facet normal 0 1 0
    outer loop
      vertex -34.6252362694559 8 -374.2269113564458
      vertex -34.640931906511646 8 -375.85586678140106
      vertex -34.83859037847225 8 -377.6180778098292
    endloop
  endfacet
  facet normal 0 1 0
    outer loop
      vertex -35.45253062036533 8 -375.2269384393622
      vertex -35.340244028092116 8 -374.9883172843864
      vertex -35.45253062036533 8 -376.7730615606378
    endloop
  endfacet
  facet normal 0 1 0
    outer loop
      vertex -32.60586348771335 8 -374.09986318982135
      vertex -32.37476373054411 8 -374.2269113564458
      vertex -32.66168607846538 8 -375.212770828182
    endloop
  endfacet
  facet normal 0 1 0
    outer loop
      vertex -32.88379918577415 8 -375.0290228856727
      vertex -32.60586348771335 8 -374.09986318982135
      vertex -32.76696241178901 8 -375.1139097708078
    endloop
  endfacet
  facet normal -1 0 0
    outer loop
      vertex -82 1 -370
      vertex -82 7 -370
      vertex -82 1.7298596886954472 -370.4582735431667
    endloop
  endfacet
  facet normal 0 -1 0
    outer loop
      vertex -94 7 -382
      vertex -82 7 -382
      vertex -83.80285519247089 7 -373.8102052163984
    endloop
  endfacet
  facet normal -1 0 0
    outer loop
      vertex -82 1 -370
      vertex -82 1.7298596886954472 -370.4582735431667
      vertex -82 1.7036509872646532 -373.50079520816615
    endloop
  endfacet
  facet normal 0 1 0
    outer loop
      vertex -82 1 -370
      vertex -94 1 -382
      vertex -94 1 -370
    endloop
  endfacet
  facet normal 1 0 0
    outer loop
      vertex -94 7 -382
      vertex -94 7 -370
      vertex -94 1 -370
    endloop
  endfacet
  facet normal -1 0 0
    outer loop
      vertex -82 1 -382
      vertex -82 7 -373.5055085363959
      vertex -82 7 -382
    endloop
  endfacet
  facet normal 0 -1 0
    outer loop
      vertex -82 7 -373.5055085363959
      vertex -83.80285519247089 7 -373.8102052163984
      vertex -82 7 -382
    endloop
  endfacet
  facet normal 0 -1 0
    outer loop
      vertex -84.30266854125958 7 -370.85213260724197
      vertex -94 7 -370
      vertex -94 7 -382
    endloop
  endfacet
  facet normal 0 -1 0
    outer loop
      vertex -82 7 -370
      vertex -94 7 -370
      vertex -82 7 -370.4629635477423
    endloop
  endfacet
  facet normal 0 1 0
    outer loop
      vertex -82 1 -382
      vertex -94 1 -382
      vertex -82 1 -370
    endloop
  endfacet
  facet normal -1 0 0
    outer loop
      vertex -82 7 -370
      vertex -82 7 -370.4629635477423
      vertex -82 1.7298596886954472 -370.4582735431667
    endloop
  endfacet
  facet normal 0 -1 0
    outer loop
      vertex -84.30266854125958 7 -370.85213260724197
      vertex -82 7 -370.4629635477423
      vertex -94 7 -370
    endloop
  endfacet
  facet normal 0 -1 0
    outer loop
      vertex -94 7 -382
      vertex -83.80285519247089 7 -373.8102052163984
      vertex -84.30266854125958 7 -370.85213260724197
    endloop
  endfacet
  facet normal -1 0 0
    outer loop
      vertex -82 1 -382
      vertex -82 1.7036509872646532 -373.50079520816615
      vertex -82 7 -373.5055085363959
    endloop
  endfacet
  facet normal -1 0 0
    outer loop
      vertex -82 1.7036509872646532 -373.50079520816615
      vertex -82 1 -382
      vertex -82 1 -370
    endloop
  endfacet
  facet normal 1 0 0
    outer loop
      vertex -94 1 -382
      vertex -94 7 -382
      vertex -94 1 -370
    endloop
  endfacet
  facet normal 0 -1 0
    outer loop
      vertex -30 4 -382
      vertex -32.88379918577415 4 -376.9709771143273
      vertex -33.01035381470017 4 -377.0405511103359
    endloop
  endfacet
  facet normal 0 -1 0
    outer loop
      vertex -33.42779090254129 4 -377.1477307376925
      vertex -33.57220909745871 4 -377.1477307376925
      vertex -36.031457333626825 4 -382
    endloop
  endfacet
  facet normal 0 -1 0
    outer loop
      vertex -30 4 -382
      vertex -33.284511488226414 4 -377.129630338338
      vertex -33.42779090254129 4 -377.1477307376925
    endloop
  endfacet
  facet normal 0 -1 0
    outer loop
      vertex -32.43075704122851 4 -376.42334323558737
      vertex -32.492247317949555 4 -376.55401672521697
      vertex -30 4 -382
    endloop
  endfacet
  facet normal 0 -1 0
    outer loop
      vertex -32.492247317949555 4 -376.55401672521697
      vertex -32.56963045646881 4 -376.67595304013633
      vertex -30 4 -382
    endloop
  endfacet
  facet normal 0 -1 0
    outer loop
      vertex -32.56963045646881 4 -376.67595304013633
      vertex -32.66168607846538 4 -376.787229171818
      vertex -30 4 -382
    endloop
  endfacet
  facet normal 0 -1 0
    outer loop
      vertex -32.66168607846538 4 -376.787229171818
      vertex -32.76696241178901 4 -376.8860902291922
      vertex -30 4 -382
    endloop
  endfacet
  facet normal 0 -1 0
    outer loop
      vertex -32.76696241178901 4 -376.8860902291922
      vertex -32.88379918577415 4 -376.9709771143273
      vertex -30 4 -382
    endloop
  endfacet
  facet normal 0 -1 0
    outer loop
      vertex -30 4 -382
      vertex -33.01035381470017 4 -377.0405511103359
      vertex -33.14463045646881 4 -377.0937149937394
    endloop
  endfacet
  facet normal 0 -1 0
    outer loop
      vertex -30 4 -382
      vertex -33.14463045646881 4 -377.0937149937394
      vertex -33.284511488226414 4 -377.129630338338
    endloop
  endfacet
  facet normal 0 1 0
    outer loop
      vertex -50 3 -382
      vertex -43.968542666373175 3 -370
      vertex -43.968542666373175 3 -382
    endloop
  endfacet
  facet normal 1 0 0
    outer loop
      vertex -50 3 -370
      vertex -50 3 -382
      vertex -50 4 -382
    endloop
  endfacet
  facet normal 0 -1 0
    outer loop
      vertex -30 4 -382
      vertex -33.42779090254129 4 -377.1477307376925
      vertex -36.031457333626825 4 -382
    endloop
  endfacet
  facet normal 0 1 0
    outer loop
      vertex -30 3 -370
      vertex -33.42779090254129 3 -374.8522692623075
      vertex -36.031457333626825 3 -370
    endloop
  endfacet
  facet normal 0 1 0
    outer loop
      vertex -36.031457333626825 3 -370
      vertex -34.43036954353119 3 -375.32404695986367
      vertex -34.507752682050445 3 -375.44598327478303
    endloop
  endfacet
  facet normal 0 -1 0
    outer loop
      vertex -30 4 -370
      vertex -32.35 4 -376
      vertex -32.359068093488354 4 -376.14413321859894
    endloop
  endfacet
  facet normal 0 -1 0
    outer loop
      vertex -30 4 -370
      vertex -32.359068093488354 4 -376.14413321859894
      vertex -32.38612936470207 4 -376.28599337023957
    endloop
  endfacet
  facet normal 0 -1 0
    outer loop
      vertex -30 4 -370
      vertex -32.38612936470207 4 -376.28599337023957
      vertex -32.43075704122851 4 -376.42334323558737
    endloop
  endfacet
  facet normal 0 -1 0
    outer loop
      vertex -34.61387063529793 4 -375.71400662976043
      vertex -36.031457333626825 4 -370
      vertex -36.031457333626825 4 -382
    endloop
  endfacet
  facet normal 0 1 0
    outer loop
      vertex -33.715488511773586 3 -374.870369661662
      vertex -33.85536954353119 3 -374.9062850062606
      vertex -36.031457333626825 3 -370
    endloop
  endfacet
  facet normal 0 1 0
    outer loop
      vertex -33.57220909745871 3 -374.8522692623075
      vertex -33.715488511773586 3 -374.870369661662
      vertex -36.031457333626825 3 -370
    endloop
  endfacet
  facet normal 0 -1 0
    outer loop
      vertex -33.42779090254129 4 -374.8522692623075
      vertex -30 4 -370
      vertex -36.031457333626825 4 -370
    endloop
  endfacet
  facet normal 0 1 0
    outer loop
      vertex -36.031457333626825 3 -370
      vertex -33.98964618529983 3 -374.9594488896641
      vertex -34.11620081422585 3 -375.0290228856727
    endloop
  endfacet
  facet normal 0 1 0
    outer loop
      vertex -33.85536954353119 3 -374.9062850062606
      vertex -33.98964618529983 3 -374.9594488896641
      vertex -36.031457333626825 3 -370
    endloop
  endfacet
  facet normal 0 1 0
    outer loop
      vertex -36.031457333626825 3 -370
      vertex -34.33831392153462 3 -375.212770828182
      vertex -34.43036954353119 3 -375.32404695986367
    endloop
  endfacet
  facet normal 0 1 0
    outer loop
      vertex -36.031457333626825 3 -370
      vertex -34.11620081422585 3 -375.0290228856727
      vertex -34.23303758821099 3 -375.1139097708078
    endloop
  endfacet
  facet normal 0 1 0
    outer loop
      vertex -36.031457333626825 3 -370
      vertex -34.23303758821099 3 -375.1139097708078
      vertex -34.33831392153462 3 -375.212770828182
    endloop
  endfacet
  facet normal 0 -1 0
    outer loop
      vertex -30 4 -370
      vertex -32.359068093488354 4 -375.85586678140106
      vertex -32.35 4 -376
    endloop
  endfacet
  facet normal 0 1 0
    outer loop
      vertex -36.031457333626825 3 -370
      vertex -34.507752682050445 3 -375.44598327478303
      vertex -34.56924295877149 3 -375.57665676441263
    endloop
  endfacet
  facet normal 0 1 0
    outer loop
      vertex -36.031457333626825 3 -370
      vertex -34.56924295877149 3 -375.57665676441263
      vertex -34.61387063529793 3 -375.71400662976043
    endloop
  endfacet
  facet normal 0 1 0
    outer loop
      vertex -36.031457333626825 3 -370
      vertex -34.61387063529793 3 -375.71400662976043
      vertex -34.640931906511646 3 -375.85586678140106
    endloop
  endfacet
  facet normal 0 1 0
    outer loop
      vertex -36.031457333626825 3 -370
      vertex -34.640931906511646 3 -375.85586678140106
      vertex -34.65 3 -376
    endloop
  endfacet
  facet normal 0 1 0
    outer loop
      vertex -36.031457333626825 3 -370
      vertex -34.65 3 -376
      vertex -34.640931906511646 3 -376.14413321859894
    endloop
  endfacet
  facet normal 0 -1 0
    outer loop
      vertex -50 4 -370
      vertex -50 4 -382
      vertex -43.968542666373175 4 -370
    endloop
  endfacet
  facet normal 0 1 0
    outer loop
      vertex -36.031457333626825 3 -370
      vertex -34.640931906511646 3 -376.14413321859894
      vertex -34.61387063529793 3 -376.28599337023957
    endloop
  endfacet
  facet normal 0 1 0
    outer loop
      vertex -33.42779090254129 3 -374.8522692623075
      vertex -33.57220909745871 3 -374.8522692623075
      vertex -36.031457333626825 3 -370
    endloop
  endfacet
  facet normal 0 1 0
    outer loop
      vertex -30 3 -370
      vertex -33.284511488226414 3 -374.870369661662
      vertex -33.42779090254129 3 -374.8522692623075
    endloop
  endfacet
  facet normal 0 1 0
    outer loop
      vertex -30 3 -370
      vertex -33.14463045646881 3 -374.9062850062606
      vertex -33.284511488226414 3 -374.870369661662
    endloop
  endfacet
  facet normal 0 1 0
    outer loop
      vertex -33.42779090254129 3 -377.1477307376925
      vertex -30 3 -382
      vertex -36.031457333626825 3 -382
    endloop
  endfacet
  facet normal 0 1 0
    outer loop
      vertex -30 3 -370
      vertex -33.01035381470017 3 -374.9594488896641
      vertex -33.14463045646881 3 -374.9062850062606
    endloop
  endfacet
  facet normal 0 -1 0
    outer loop
      vertex -34.61387063529793 4 -375.71400662976043
      vertex -34.56924295877149 4 -375.57665676441263
      vertex -36.031457333626825 4 -370
    endloop
  endfacet
  facet normal 0 1 0
    outer loop
      vertex -30 3 -382
      vertex -32.43075704122851 3 -375.57665676441263
      vertex -30 3 -370
    endloop
  endfacet
  facet normal 1 0 0
    outer loop
      vertex -50 4 -382
      vertex -50 4 -370
      vertex -50 3 -370
    endloop
  endfacet
  facet normal 0 1 0
    outer loop
      vertex -50 3 -382
      vertex -50 3 -370
      vertex -43.968542666373175 3 -370
    endloop
  endfacet
  facet normal 0 -1 0
    outer loop
      vertex -36.031457333626825 4 -370
      vertex -33.85536954353119 4 -374.9062850062606
      vertex -33.715488511773586 4 -374.870369661662
    endloop
  endfacet
  facet normal 0 -1 0
    outer loop
      vertex -36.031457333626825 4 -370
      vertex -33.715488511773586 4 -374.870369661662
      vertex -33.57220909745871 4 -374.8522692623075
    endloop
  endfacet
  facet normal 0 -1 0
    outer loop
      vertex -34.11620081422585 4 -375.0290228856727
      vertex -33.98964618529983 4 -374.9594488896641
      vertex -36.031457333626825 4 -370
    endloop
  endfacet
  facet normal 0 -1 0
    outer loop
      vertex -36.031457333626825 4 -370
      vertex -33.98964618529983 4 -374.9594488896641
      vertex -33.85536954353119 4 -374.9062850062606
    endloop
  endfacet
  facet normal 0 -1 0
    outer loop
      vertex -34.43036954353119 4 -375.32404695986367
      vertex -34.33831392153462 4 -375.212770828182
      vertex -36.031457333626825 4 -370
    endloop
  endfacet
  facet normal 0 -1 0
    outer loop
      vertex -34.23303758821099 4 -375.1139097708078
      vertex -34.11620081422585 4 -375.0290228856727
      vertex -36.031457333626825 4 -370
    endloop
  endfacet
  facet normal 0 -1 0
    outer loop
      vertex -34.33831392153462 4 -375.212770828182
      vertex -34.23303758821099 4 -375.1139097708078
      vertex -36.031457333626825 4 -370
    endloop
  endfacet
  facet normal 0 -1 0
    outer loop
      vertex -34.507752682050445 4 -375.44598327478303
      vertex -34.43036954353119 4 -375.32404695986367
      vertex -36.031457333626825 4 -370
    endloop
  endfacet
  facet normal 0 -1 0
    outer loop
      vertex -34.56924295877149 4 -375.57665676441263
      vertex -34.507752682050445 4 -375.44598327478303
      vertex -36.031457333626825 4 -370
    endloop
  endfacet
  facet normal 0 -1 0
    outer loop
      vertex -33.715488511773586 4 -377.129630338338
      vertex -33.85536954353119 4 -377.0937149937394
      vertex -36.031457333626825 4 -382
    endloop
  endfacet
  facet normal 0 -1 0
    outer loop
      vertex -36.031457333626825 4 -370
      vertex -33.57220909745871 4 -374.8522692623075
      vertex -33.42779090254129 4 -374.8522692623075
    endloop
  endfacet
  facet normal 0 -1 0
    outer loop
      vertex -33.42779090254129 4 -374.8522692623075
      vertex -33.284511488226414 4 -374.870369661662
      vertex -30 4 -370
    endloop
  endfacet
  facet normal 0 -1 0
    outer loop
      vertex -33.284511488226414 4 -374.870369661662
      vertex -33.14463045646881 4 -374.9062850062606
      vertex -30 4 -370
    endloop
  endfacet
  facet normal 0 -1 0
    outer loop
      vertex -33.14463045646881 4 -374.9062850062606
      vertex -33.01035381470017 4 -374.9594488896641
      vertex -30 4 -370
    endloop
  endfacet
  facet normal 0 -1 0
    outer loop
      vertex -33.01035381470017 4 -374.9594488896641
      vertex -32.88379918577415 4 -375.0290228856727
      vertex -30 4 -370
    endloop
  endfacet
  facet normal 0 -1 0
    outer loop
      vertex -30 4 -370
      vertex -32.88379918577415 4 -375.0290228856727
      vertex -32.76696241178901 4 -375.1139097708078
    endloop
  endfacet
  facet normal 0 -1 0
    outer loop
      vertex -30 4 -370
      vertex -32.76696241178901 4 -375.1139097708078
      vertex -32.66168607846538 4 -375.212770828182
    endloop
  endfacet
  facet normal 0 -1 0
    outer loop
      vertex -30 4 -370
      vertex -32.66168607846538 4 -375.212770828182
      vertex -32.56963045646881 4 -375.32404695986367
    endloop
  endfacet
  facet normal 0 -1 0
    outer loop
      vertex -30 4 -370
      vertex -32.56963045646881 4 -375.32404695986367
      vertex -32.492247317949555 4 -375.44598327478303
    endloop
  endfacet
  facet normal 0 -1 0
    outer loop
      vertex -30 4 -370
      vertex -32.492247317949555 4 -375.44598327478303
      vertex -32.43075704122851 4 -375.57665676441263
    endloop
  endfacet
  facet normal 0 -1 0
    outer loop
      vertex -30 4 -370
      vertex -32.43075704122851 4 -375.57665676441263
      vertex -32.38612936470207 4 -375.71400662976043
    endloop
  endfacet
  facet normal 0 -1 0
    outer loop
      vertex -30 4 -370
      vertex -32.38612936470207 4 -375.71400662976043
      vertex -32.359068093488354 4 -375.85586678140106
    endloop
  endfacet
  facet normal 0 -1 0
    outer loop
      vertex -36.031457333626825 4 -382
      vertex -34.65 4 -376
      vertex -34.640931906511646 4 -375.85586678140106
    endloop
  endfacet
  facet normal 0 1 0
    outer loop
      vertex -34.11620081422585 3 -376.9709771143273
      vertex -33.98964618529983 3 -377.0405511103359
      vertex -36.031457333626825 3 -382
    endloop
  endfacet
  facet normal 0 1 0
    outer loop
      vertex -34.23303758821099 3 -376.8860902291922
      vertex -34.11620081422585 3 -376.9709771143273
      vertex -36.031457333626825 3 -382
    endloop
  endfacet
  facet normal 0 1 0
    outer loop
      vertex -34.33831392153462 3 -376.787229171818
      vertex -34.23303758821099 3 -376.8860902291922
      vertex -36.031457333626825 3 -382
    endloop
  endfacet
  facet normal 0 1 0
    outer loop
      vertex -34.43036954353119 3 -376.67595304013633
      vertex -34.33831392153462 3 -376.787229171818
      vertex -36.031457333626825 3 -382
    endloop
  endfacet
  facet normal 0 1 0
    outer loop
      vertex -34.507752682050445 3 -376.55401672521697
      vertex -34.43036954353119 3 -376.67595304013633
      vertex -36.031457333626825 3 -382
    endloop
  endfacet
  facet normal 0 1 0
    outer loop
      vertex -34.56924295877149 3 -376.42334323558737
      vertex -34.507752682050445 3 -376.55401672521697
      vertex -36.031457333626825 3 -382
    endloop
  endfacet
  facet normal 0 1 0
    outer loop
      vertex -34.61387063529793 3 -376.28599337023957
      vertex -34.56924295877149 3 -376.42334323558737
      vertex -36.031457333626825 3 -382
    endloop
  endfacet
  facet normal 0 -1 0
    outer loop
      vertex -50 4 -382
      vertex -43.968542666373175 4 -382
      vertex -43.968542666373175 4 -370
    endloop
  endfacet
  facet normal 0 -1 0
    outer loop
      vertex -30 4 -370
      vertex -32.43075704122851 4 -376.42334323558737
      vertex -30 4 -382
    endloop
  endfacet
  facet normal 0 1 0
    outer loop
      vertex -34.61387063529793 3 -376.28599337023957
      vertex -36.031457333626825 3 -382
      vertex -36.031457333626825 3 -370
    endloop
  endfacet
  facet normal 0 -1 0
    outer loop
      vertex -36.031457333626825 4 -382
      vertex -34.640931906511646 4 -375.85586678140106
      vertex -34.61387063529793 4 -375.71400662976043
    endloop
  endfacet
  facet normal 0 1 0
    outer loop
      vertex -32.76696241178901 3 -375.1139097708078
      vertex -32.88379918577415 3 -375.0290228856727
      vertex -30 3 -370
    endloop
  endfacet
  facet normal 0 -1 0
    outer loop
      vertex -36.031457333626825 4 -382
      vertex -34.640931906511646 4 -376.14413321859894
      vertex -34.65 4 -376
    endloop
  endfacet
  facet normal 0 -1 0
    outer loop
      vertex -36.031457333626825 4 -382
      vertex -34.61387063529793 4 -376.28599337023957
      vertex -34.640931906511646 4 -376.14413321859894
    endloop
  endfacet
  facet normal 0 -1 0
    outer loop
      vertex -36.031457333626825 4 -382
      vertex -34.56924295877149 4 -376.42334323558737
      vertex -34.61387063529793 4 -376.28599337023957
    endloop
  endfacet
  facet normal 0 -1 0
    outer loop
      vertex -36.031457333626825 4 -382
      vertex -34.507752682050445 4 -376.55401672521697
      vertex -34.56924295877149 4 -376.42334323558737
    endloop
  endfacet
  facet normal 0 -1 0
    outer loop
      vertex -36.031457333626825 4 -382
      vertex -34.43036954353119 4 -376.67595304013633
      vertex -34.507752682050445 4 -376.55401672521697
    endloop
  endfacet
  facet normal 0 -1 0
    outer loop
      vertex -36.031457333626825 4 -382
      vertex -34.33831392153462 4 -376.787229171818
      vertex -34.43036954353119 4 -376.67595304013633
    endloop
  endfacet
  facet normal 0 -1 0
    outer loop
      vertex -36.031457333626825 4 -382
      vertex -34.23303758821099 4 -376.8860902291922
      vertex -34.33831392153462 4 -376.787229171818
    endloop
  endfacet
  facet normal 0 -1 0
    outer loop
      vertex -36.031457333626825 4 -382
      vertex -34.11620081422585 4 -376.9709771143273
      vertex -34.23303758821099 4 -376.8860902291922
    endloop
  endfacet
  facet normal 0 -1 0
    outer loop
      vertex -36.031457333626825 4 -382
      vertex -33.98964618529983 4 -377.0405511103359
      vertex -34.11620081422585 4 -376.9709771143273
    endloop
  endfacet
  facet normal 0 -1 0
    outer loop
      vertex -33.85536954353119 4 -377.0937149937394
      vertex -33.98964618529983 4 -377.0405511103359
      vertex -36.031457333626825 4 -382
    endloop
  endfacet
  facet normal 0 -1 0
    outer loop
      vertex -33.57220909745871 4 -377.1477307376925
      vertex -33.715488511773586 4 -377.129630338338
      vertex -36.031457333626825 4 -382
    endloop
  endfacet
  facet normal 0 1 0
    outer loop
      vertex -36.031457333626825 3 -382
      vertex -33.85536954353119 3 -377.0937149937394
      vertex -33.715488511773586 3 -377.129630338338
    endloop
  endfacet
  facet normal 0 1 0
    outer loop
      vertex -30 3 -370
      vertex -32.88379918577415 3 -375.0290228856727
      vertex -33.01035381470017 3 -374.9594488896641
    endloop
  endfacet
  facet normal 0 1 0
    outer loop
      vertex -32.66168607846538 3 -375.212770828182
      vertex -32.76696241178901 3 -375.1139097708078
      vertex -30 3 -370
    endloop
  endfacet
  facet normal 0 1 0
    outer loop
      vertex -32.56963045646881 3 -375.32404695986367
      vertex -32.66168607846538 3 -375.212770828182
      vertex -30 3 -370
    endloop
  endfacet
  facet normal 0 1 0
    outer loop
      vertex -32.492247317949555 3 -375.44598327478303
      vertex -32.56963045646881 3 -375.32404695986367
      vertex -30 3 -370
    endloop
  endfacet
  facet normal 0 1 0
    outer loop
      vertex -32.43075704122851 3 -375.57665676441263
      vertex -32.492247317949555 3 -375.44598327478303
      vertex -30 3 -370
    endloop
  endfacet
  facet normal 0 1 0
    outer loop
      vertex -33.284511488226414 3 -377.129630338338
      vertex -33.14463045646881 3 -377.0937149937394
      vertex -30 3 -382
    endloop
  endfacet
  facet normal 0 1 0
    outer loop
      vertex -33.14463045646881 3 -377.0937149937394
      vertex -33.01035381470017 3 -377.0405511103359
      vertex -30 3 -382
    endloop
  endfacet
  facet normal 0 1 0
    outer loop
      vertex -33.01035381470017 3 -377.0405511103359
      vertex -32.88379918577415 3 -376.9709771143273
      vertex -30 3 -382
    endloop
  endfacet
  facet normal 0 1 0
    outer loop
      vertex -30 3 -382
      vertex -32.88379918577415 3 -376.9709771143273
      vertex -32.76696241178901 3 -376.8860902291922
    endloop
  endfacet
  facet normal 0 1 0
    outer loop
      vertex -30 3 -382
      vertex -32.76696241178901 3 -376.8860902291922
      vertex -32.66168607846538 3 -376.787229171818
    endloop
  endfacet
  facet normal 0 1 0
    outer loop
      vertex -30 3 -382
      vertex -32.66168607846538 3 -376.787229171818
      vertex -32.56963045646881 3 -376.67595304013633
    endloop
  endfacet
  facet normal 0 1 0
    outer loop
      vertex -30 3 -382
      vertex -32.56963045646881 3 -376.67595304013633
      vertex -32.492247317949555 3 -376.55401672521697
    endloop
  endfacet
  facet normal 0 1 0
    outer loop
      vertex -30 3 -382
      vertex -32.492247317949555 3 -376.55401672521697
      vertex -32.43075704122851 3 -376.42334323558737
    endloop
  endfacet
  facet normal 0 1 0
    outer loop
      vertex -36.031457333626825 3 -382
      vertex -33.57220909745871 3 -377.1477307376925
      vertex -33.42779090254129 3 -377.1477307376925
    endloop
  endfacet
  facet normal 0 1 0
    outer loop
      vertex -36.031457333626825 3 -382
      vertex -33.98964618529983 3 -377.0405511103359
      vertex -33.85536954353119 3 -377.0937149937394
    endloop
  endfacet
  facet normal 0 1 0
    outer loop
      vertex -36.031457333626825 3 -382
      vertex -33.715488511773586 3 -377.129630338338
      vertex -33.57220909745871 3 -377.1477307376925
    endloop
  endfacet
  facet normal 0 1 0
    outer loop
      vertex -30 3 -382
      vertex -32.38612936470207 3 -375.71400662976043
      vertex -32.43075704122851 3 -375.57665676441263
    endloop
  endfacet
  facet normal 0 1 0
    outer loop
      vertex -30 3 -382
      vertex -32.359068093488354 3 -375.85586678140106
      vertex -32.38612936470207 3 -375.71400662976043
    endloop
  endfacet
  facet normal 0 1 0
    outer loop
      vertex -30 3 -382
      vertex -32.35 3 -376
      vertex -32.359068093488354 3 -375.85586678140106
    endloop
  endfacet
  facet normal 0 1 0
    outer loop
      vertex -30 3 -382
      vertex -32.359068093488354 3 -376.14413321859894
      vertex -32.35 3 -376
    endloop
  endfacet
  facet normal 0 1 0
    outer loop
      vertex -30 3 -382
      vertex -32.38612936470207 3 -376.28599337023957
      vertex -32.359068093488354 3 -376.14413321859894
    endloop
  endfacet
  facet normal 0 1 0
    outer loop
      vertex -30 3 -382
      vertex -32.43075704122851 3 -376.42334323558737
      vertex -32.38612936470207 3 -376.28599337023957
    endloop
  endfacet
  facet normal 0 1 0
    outer loop
      vertex -33.42779090254129 3 -377.1477307376925
      vertex -33.284511488226414 3 -377.129630338338
      vertex -30 3 -382
    endloop
  endfacet
  facet normal 0.36812455268467437 0.9297764858882528 0
    outer loop
      vertex -41.236067977499786 -0.3042260651806141 -382
      vertex -41.70311716626029 -0.11930820986407831 -382
      vertex -41.236067977499786 -0.3042260651806141 -370
    endloop
  endfacet
  facet normal 0.12533323356430467 0.9921147013144777 0
    outer loop
      vertex -40.251162078117254 -0.49210691371308624 -382
      vertex -40.7495252583429 -0.42914900291475444 -382
      vertex -40.251162078117254 -0.49210691371308624 -370
    endloop
  endfacet
  facet normal 0.24868988716485654 0.9685831611286305 0
    outer loop
      vertex -40.7495252583429 -0.42914900291475444 -382
      vertex -41.236067977499786 -0.3042260651806141 -382
      vertex -40.7495252583429 -0.42914900291475444 -370
    endloop
  endfacet
  facet normal 0 1 0
    outer loop
      vertex -39.748837921882746 -0.49210691371308624 -382
      vertex -40.251162078117254 -0.49210691371308624 -382
      vertex -39.748837921882746 -0.49210691371308624 -370
    endloop
  endfacet
  facet normal 0.6845471059286948 -0.7289686274214057 0
    outer loop
      vertex -42.91587450968564 6.238188423714754 -382
      vertex -42.54969595899476 6.582052971103158 -382
      vertex -42.91587450968564 6.238188423714754 -370
    endloop
  endfacet
  facet normal -0.12533323356430467 0.9921147013144777 0
    outer loop
      vertex -39.2504747416571 -0.42914900291475444 -382
      vertex -39.748837921882746 -0.49210691371308624 -382
      vertex -39.2504747416571 -0.42914900291475444 -370
    endloop
  endfacet
  facet normal -0.24868988716485654 0.9685831611286305 0
    outer loop
      vertex -38.763932022500214 -0.3042260651806141 -382
      vertex -39.2504747416571 -0.42914900291475444 -382
      vertex -38.763932022500214 -0.3042260651806141 -370
    endloop
  endfacet
  facet normal 0.5877852522924697 0.8090169943749499 0
    outer loop
      vertex -42.143307179915986 0.12268829799194014 -382
      vertex -42.54969595899476 0.41794702889684254 -382
      vertex -42.143307179915986 0.12268829799194014 -370
    endloop
  endfacet
  facet normal -0.7705132427757896 0.6374239897486894 0
    outer loop
      vertex -37.08412549031436 0.761811576285246 -382
      vertex -37.08412549031436 0.761811576285246 -370
      vertex -36.763932022500214 1.1488589908301075 -370
    endloop
  endfacet
  facet normal -0.9510565162951531 0.30901699437494884 0
    outer loop
      vertex -36.280894056446996 2.0275017892612865 -382
      vertex -36.280894056446996 2.0275017892612865 -370
      vertex -36.125667355485476 2.5052404513405824 -370
    endloop
  endfacet
  facet normal -0.982287250728689 0.18738131458572302 0
    outer loop
      vertex -36.125667355485476 2.5052404513405824 -382
      vertex -36.125667355485476 2.5052404513405824 -370
      vertex -36.03154119474209 2.998667065742784 -370
    endloop
  endfacet
  facet normal -0.9980267284282369 0.06279051952986411 0
    outer loop
      vertex -36.03154119474209 2.998667065742784 -370
      vertex -36.031457333626825 3 -370
      vertex -36.03154119474209 2.998667065742784 -382
    endloop
  endfacet
  facet normal -0.4817536741017166 -0.8763066800438628 0
    outer loop
      vertex -37.856692820084014 6.87731170200806 -370
      vertex -38.29688283373971 7.119308209864078 -370
      vertex -37.856692820084014 6.87731170200806 -382
    endloop
  endfacet
  facet normal -0.587785252292472 -0.8090169943749482 0
    outer loop
      vertex -37.45030404100524 6.582052971103156 -370
      vertex -37.856692820084014 6.87731170200806 -370
      vertex -37.45030404100524 6.582052971103156 -382
    endloop
  endfacet
  facet normal -0.36812455268467514 -0.9297764858882526 0
    outer loop
      vertex -38.29688283373971 7.119308209864078 -370
      vertex -38.763932022500214 7.304226065180615 -370
      vertex -38.29688283373971 7.119308209864078 -382
    endloop
  endfacet
  facet normal -0.9980267284282369 0.06279051952986411 0
    outer loop
      vertex -36.031457333626825 3 -382
      vertex -36.03154119474209 2.998667065742784 -382
      vertex -36.031457333626825 3 -370
    endloop
  endfacet
  facet normal -0.982287250728689 0.18738131458572302 0
    outer loop
      vertex -36.03154119474209 2.998667065742784 -370
      vertex -36.03154119474209 2.998667065742784 -382
      vertex -36.125667355485476 2.5052404513405824 -382
    endloop
  endfacet
  facet normal -0.9510565162951531 0.30901699437494884 0
    outer loop
      vertex -36.125667355485476 2.5052404513405824 -370
      vertex -36.125667355485476 2.5052404513405824 -382
      vertex -36.280894056446996 2.0275017892612865 -382
    endloop
  endfacet
  facet normal -0.904827052466023 0.4257792915650652 0
    outer loop
      vertex -36.280894056446996 2.0275017892612865 -370
      vertex -36.280894056446996 2.0275017892612865 -382
      vertex -36.49477327982454 1.5729853035931385 -382
    endloop
  endfacet
  facet normal -0.844327925502009 0.5358267949790062 0
    outer loop
      vertex -36.49477327982454 1.5729853035931385 -370
      vertex -36.49477327982454 1.5729853035931385 -382
      vertex -36.763932022500214 1.1488589908301075 -382
    endloop
  endfacet
  facet normal -0.904827052466023 0.4257792915650652 0
    outer loop
      vertex -36.49477327982454 1.5729853035931385 -382
      vertex -36.49477327982454 1.5729853035931385 -370
      vertex -36.280894056446996 2.0275017892612865 -370
    endloop
  endfacet
  facet normal -0.684547105928693 0.7289686274214074 0
    outer loop
      vertex -37.45030404100524 0.4179470288968439 -370
      vertex -37.08412549031436 0.761811576285246 -370
      vertex -37.45030404100524 0.4179470288968439 -382
    endloop
  endfacet
  facet normal -0.5877852522924731 0.8090169943749472 0
    outer loop
      vertex -37.45030404100524 0.4179470288968439 -370
      vertex -37.856692820084014 0.12268829799193881 -382
      vertex -37.856692820084014 0.12268829799193881 -370
    endloop
  endfacet
  facet normal -0.48175367410171527 0.8763066800438636 0
    outer loop
      vertex -38.29688283373971 -0.11930820986407831 -370
      vertex -37.856692820084014 0.12268829799193881 -370
      vertex -38.29688283373971 -0.11930820986407831 -382
    endloop
  endfacet
  facet normal -0.36812455268467437 0.9297764858882528 0
    outer loop
      vertex -38.763932022500214 -0.3042260651806141 -370
      vertex -38.29688283373971 -0.11930820986407831 -370
      vertex -38.763932022500214 -0.3042260651806141 -382
    endloop
  endfacet
  facet normal 0.9980267284282369 0.06279051952986411 0
    outer loop
      vertex -43.968542666373175 3 -382
      vertex -43.968542666373175 3 -370
      vertex -43.96845880525791 2.998667065742784 -370
    endloop
  endfacet
  facet normal 0.982287250728689 0.18738131458572235 0
    outer loop
      vertex -43.96845880525791 2.998667065742784 -382
      vertex -43.96845880525791 2.998667065742784 -370
      vertex -43.874332644514524 2.5052404513405806 -370
    endloop
  endfacet
  facet normal 0.9510565162951524 0.30901699437495095 0
    outer loop
      vertex -43.874332644514524 2.5052404513405806 -382
      vertex -43.874332644514524 2.5052404513405806 -370
      vertex -43.719105943553004 2.0275017892612883 -370
    endloop
  endfacet
  facet normal 0.9048270524660237 0.42577929156506394 0
    outer loop
      vertex -43.719105943553004 2.0275017892612883 -382
      vertex -43.719105943553004 2.0275017892612883 -370
      vertex -43.50522672017546 1.5729853035931385 -370
    endloop
  endfacet
  facet normal 0.844327925502009 0.5358267949790062 0
    outer loop
      vertex -43.50522672017546 1.5729853035931385 -382
      vertex -43.50522672017546 1.5729853035931385 -370
      vertex -43.236067977499786 1.1488589908301075 -370
    endloop
  endfacet
  facet normal 0.6845471059286944 0.7289686274214061 0
    outer loop
      vertex -42.91587450968564 0.761811576285246 -370
      vertex -42.54969595899476 0.41794702889684254 -370
      vertex -42.91587450968564 0.761811576285246 -382
    endloop
  endfacet
  facet normal -0.8443279255020094 -0.5358267949790056 0
    outer loop
      vertex -36.49477327982454 5.427014696406861 -382
      vertex -36.49477327982454 5.427014696406861 -370
      vertex -36.763932022500214 5.8511410091698925 -370
    endloop
  endfacet
  facet normal 0.5877852522924686 -0.8090169943749507 0
    outer loop
      vertex -42.143307179915986 6.877311702008059 -370
      vertex -42.54969595899476 6.582052971103158 -370
      vertex -42.143307179915986 6.877311702008059 -382
    endloop
  endfacet
  facet normal 0.481753674101718 -0.8763066800438621 0
    outer loop
      vertex -41.70311716626029 7.119308209864078 -370
      vertex -42.143307179915986 6.877311702008059 -370
      vertex -41.70311716626029 7.119308209864078 -382
    endloop
  endfacet
  facet normal 0.36812455268467514 -0.9297764858882526 0
    outer loop
      vertex -41.236067977499786 7.304226065180615 -370
      vertex -41.70311716626029 7.119308209864078 -370
      vertex -41.236067977499786 7.304226065180615 -382
    endloop
  endfacet
  facet normal 0.2486898871648574 -0.9685831611286304 0
    outer loop
      vertex -40.7495252583429 7.429149002914755 -370
      vertex -41.236067977499786 7.304226065180615 -370
      vertex -40.7495252583429 7.429149002914755 -382
    endloop
  endfacet
  facet normal 0.12533323356430293 -0.992114701314478 0
    outer loop
      vertex -40.251162078117254 7.492106913713086 -370
      vertex -40.7495252583429 7.429149002914755 -370
      vertex -40.251162078117254 7.492106913713086 -382
    endloop
  endfacet
  facet normal 0 -1 0
    outer loop
      vertex -39.748837921882746 7.492106913713086 -370
      vertex -40.251162078117254 7.492106913713086 -370
      vertex -39.748837921882746 7.492106913713086 -382
    endloop
  endfacet
  facet normal -0.12533323356430293 -0.992114701314478 0
    outer loop
      vertex -39.748837921882746 7.492106913713086 -370
      vertex -39.2504747416571 7.429149002914755 -382
      vertex -39.2504747416571 7.429149002914755 -370
    endloop
  endfacet
  facet normal -0.2486898871648574 -0.9685831611286304 0
    outer loop
      vertex -38.763932022500214 7.304226065180615 -370
      vertex -39.2504747416571 7.429149002914755 -370
      vertex -38.763932022500214 7.304226065180615 -382
    endloop
  endfacet
  facet normal -0.9980267284282395 -0.06279051952982244 0
    outer loop
      vertex -36.031457333626825 4 -382
      vertex -36.031457333626825 4 -370
      vertex -36.03154119474209 4.001332934257217 -370
    endloop
  endfacet
  facet normal -0.982287250728689 -0.18738131458572269 0
    outer loop
      vertex -36.03154119474209 4.001332934257217 -382
      vertex -36.03154119474209 4.001332934257217 -370
      vertex -36.125667355485476 4.494759548659419 -370
    endloop
  endfacet
  facet normal -0.9510565162951524 -0.30901699437495095 0
    outer loop
      vertex -36.125667355485476 4.494759548659419 -382
      vertex -36.125667355485476 4.494759548659419 -370
      vertex -36.280894056446996 4.972498210738712 -370
    endloop
  endfacet
  facet normal 0.48175367410171727 0.8763066800438624 0
    outer loop
      vertex -42.143307179915986 0.12268829799194014 -370
      vertex -41.70311716626029 -0.11930820986407831 -370
      vertex -42.143307179915986 0.12268829799194014 -382
    endloop
  endfacet
  facet normal -0.7705132427757903 -0.6374239897486884 0
    outer loop
      vertex -36.763932022500214 5.8511410091698925 -382
      vertex -36.763932022500214 5.8511410091698925 -370
      vertex -37.08412549031436 6.238188423714755 -370
    endloop
  endfacet
  facet normal -0.684547105928692 -0.7289686274214083 0
    outer loop
      vertex -37.08412549031436 6.238188423714755 -370
      vertex -37.45030404100524 6.582052971103156 -370
      vertex -37.08412549031436 6.238188423714755 -382
    endloop
  endfacet
  facet normal -0.9048270524660235 -0.42577929156506444 0
    outer loop
      vertex -36.280894056446996 4.972498210738712 -382
      vertex -36.280894056446996 4.972498210738712 -370
      vertex -36.49477327982454 5.427014696406861 -370
    endloop
  endfacet
  facet normal 0.7705132427757896 -0.6374239897486894 0
    outer loop
      vertex -42.91587450968564 6.238188423714754 -382
      vertex -42.91587450968564 6.238188423714754 -370
      vertex -43.236067977499786 5.8511410091698925 -370
    endloop
  endfacet
  facet normal 0.8443279255020089 -0.5358267949790064 0
    outer loop
      vertex -43.236067977499786 5.8511410091698925 -382
      vertex -43.236067977499786 5.8511410091698925 -370
      vertex -43.50522672017546 5.427014696406862 -370
    endloop
  endfacet
  facet normal 0.9048270524660238 -0.4257792915650637 0
    outer loop
      vertex -43.50522672017546 5.427014696406862 -382
      vertex -43.50522672017546 5.427014696406862 -370
      vertex -43.719105943553004 4.972498210738712 -370
    endloop
  endfacet
  facet normal 0.9510565162951524 -0.30901699437495095 0
    outer loop
      vertex -43.719105943553004 4.972498210738712 -382
      vertex -43.719105943553004 4.972498210738712 -370
      vertex -43.874332644514524 4.494759548659419 -370
    endloop
  endfacet
  facet normal 0.982287250728689 -0.18738131458572235 0
    outer loop
      vertex -43.874332644514524 4.494759548659419 -382
      vertex -43.874332644514524 4.494759548659419 -370
      vertex -43.96845880525791 4.001332934257216 -370
    endloop
  endfacet
  facet normal 0.9980267284282369 -0.06279051952986411 0
    outer loop
      vertex -43.96845880525791 4.001332934257216 -370
      vertex -43.968542666373175 4 -370
      vertex -43.96845880525791 4.001332934257216 -382
    endloop
  endfacet
  facet normal -0.844327925502009 0.5358267949790062 0
    outer loop
      vertex -36.763932022500214 1.1488589908301075 -382
      vertex -36.763932022500214 1.1488589908301075 -370
      vertex -36.49477327982454 1.5729853035931385 -370
    endloop
  endfacet
  facet normal 0 1 0
    outer loop
      vertex -40.251162078117254 -0.49210691371308624 -370
      vertex -39.748837921882746 -0.49210691371308624 -370
      vertex -40.251162078117254 -0.49210691371308624 -382
    endloop
  endfacet
  facet normal -0.9510565162951524 -0.30901699437495095 0
    outer loop
      vertex -36.280894056446996 4.972498210738712 -370
      vertex -36.280894056446996 4.972498210738712 -382
      vertex -36.125667355485476 4.494759548659419 -382
    endloop
  endfacet
  facet normal -0.8443279255020094 -0.5358267949790056 0
    outer loop
      vertex -36.763932022500214 5.8511410091698925 -370
      vertex -36.763932022500214 5.8511410091698925 -382
      vertex -36.49477327982454 5.427014696406861 -382
    endloop
  endfacet
  facet normal -0.7705132427757903 -0.6374239897486884 0
    outer loop
      vertex -37.08412549031436 6.238188423714755 -370
      vertex -37.08412549031436 6.238188423714755 -382
      vertex -36.763932022500214 5.8511410091698925 -382
    endloop
  endfacet
  facet normal -0.9048270524660235 -0.42577929156506444 0
    outer loop
      vertex -36.280894056446996 4.972498210738712 -382
      vertex -36.49477327982454 5.427014696406861 -370
      vertex -36.49477327982454 5.427014696406861 -382
    endloop
  endfacet
  facet normal -0.5877852522924731 0.8090169943749472 0
    outer loop
      vertex -37.45030404100524 0.4179470288968439 -382
      vertex -37.856692820084014 0.12268829799193881 -382
      vertex -37.45030404100524 0.4179470288968439 -370
    endloop
  endfacet
  facet normal -0.48175367410171527 0.8763066800438636 0
    outer loop
      vertex -37.856692820084014 0.12268829799193881 -382
      vertex -38.29688283373971 -0.11930820986407831 -382
      vertex -37.856692820084014 0.12268829799193881 -370
    endloop
  endfacet
  facet normal -0.36812455268467437 0.9297764858882528 0
    outer loop
      vertex -38.29688283373971 -0.11930820986407831 -382
      vertex -38.763932022500214 -0.3042260651806141 -382
      vertex -38.29688283373971 -0.11930820986407831 -370
    endloop
  endfacet
  facet normal -0.587785252292472 -0.8090169943749482 0
    outer loop
      vertex -37.856692820084014 6.87731170200806 -382
      vertex -37.45030404100524 6.582052971103156 -382
      vertex -37.856692820084014 6.87731170200806 -370
    endloop
  endfacet
  facet normal -0.4817536741017166 -0.8763066800438628 0
    outer loop
      vertex -38.29688283373971 7.119308209864078 -382
      vertex -37.856692820084014 6.87731170200806 -382
      vertex -38.29688283373971 7.119308209864078 -370
    endloop
  endfacet
  facet normal -0.684547105928692 -0.7289686274214083 0
    outer loop
      vertex -37.45030404100524 6.582052971103156 -382
      vertex -37.08412549031436 6.238188423714755 -382
      vertex -37.45030404100524 6.582052971103156 -370
    endloop
  endfacet
  facet normal -0.36812455268467514 -0.9297764858882526 0
    outer loop
      vertex -38.763932022500214 7.304226065180615 -382
      vertex -38.29688283373971 7.119308209864078 -382
      vertex -38.763932022500214 7.304226065180615 -370
    endloop
  endfacet
  facet normal -0.982287250728689 -0.18738131458572269 0
    outer loop
      vertex -36.125667355485476 4.494759548659419 -370
      vertex -36.125667355485476 4.494759548659419 -382
      vertex -36.03154119474209 4.001332934257217 -382
    endloop
  endfacet
  facet normal 0.12533323356430467 0.9921147013144777 0
    outer loop
      vertex -40.7495252583429 -0.42914900291475444 -370
      vertex -40.251162078117254 -0.49210691371308624 -370
      vertex -40.7495252583429 -0.42914900291475444 -382
    endloop
  endfacet
  facet normal 0.24868988716485654 0.9685831611286305 0
    outer loop
      vertex -41.236067977499786 -0.3042260651806141 -370
      vertex -40.7495252583429 -0.42914900291475444 -370
      vertex -41.236067977499786 -0.3042260651806141 -382
    endloop
  endfacet
  facet normal 0.7705132427757896 0.6374239897486894 0
    outer loop
      vertex -43.236067977499786 1.1488589908301075 -382
      vertex -43.236067977499786 1.1488589908301075 -370
      vertex -42.91587450968564 0.761811576285246 -370
    endloop
  endfacet
  facet normal 0.9980267284282369 0.06279051952986411 0
    outer loop
      vertex -43.96845880525791 2.998667065742784 -370
      vertex -43.96845880525791 2.998667065742784 -382
      vertex -43.968542666373175 3 -382
    endloop
  endfacet
  facet normal 0.982287250728689 0.18738131458572235 0
    outer loop
      vertex -43.874332644514524 2.5052404513405806 -370
      vertex -43.874332644514524 2.5052404513405806 -382
      vertex -43.96845880525791 2.998667065742784 -382
    endloop
  endfacet
  facet normal 0.9510565162951524 0.30901699437495095 0
    outer loop
      vertex -43.719105943553004 2.0275017892612883 -370
      vertex -43.719105943553004 2.0275017892612883 -382
      vertex -43.874332644514524 2.5052404513405806 -382
    endloop
  endfacet
  facet normal 0.9048270524660237 0.42577929156506394 0
    outer loop
      vertex -43.719105943553004 2.0275017892612883 -382
      vertex -43.50522672017546 1.5729853035931385 -370
      vertex -43.50522672017546 1.5729853035931385 -382
    endloop
  endfacet
  facet normal 0.844327925502009 0.5358267949790062 0
    outer loop
      vertex -43.236067977499786 1.1488589908301075 -370
      vertex -43.236067977499786 1.1488589908301075 -382
      vertex -43.50522672017546 1.5729853035931385 -382
    endloop
  endfacet
  facet normal 0.7705132427757896 0.6374239897486894 0
    outer loop
      vertex -42.91587450968564 0.761811576285246 -370
      vertex -42.91587450968564 0.761811576285246 -382
      vertex -43.236067977499786 1.1488589908301075 -382
    endloop
  endfacet
  facet normal 0.6845471059286944 0.7289686274214061 0
    outer loop
      vertex -42.54969595899476 0.41794702889684254 -382
      vertex -42.91587450968564 0.761811576285246 -382
      vertex -42.54969595899476 0.41794702889684254 -370
    endloop
  endfacet
  facet normal 0.5877852522924686 -0.8090169943749507 0
    outer loop
      vertex -42.54969595899476 6.582052971103158 -382
      vertex -42.143307179915986 6.877311702008059 -382
      vertex -42.54969595899476 6.582052971103158 -370
    endloop
  endfacet
  facet normal 0.36812455268467437 0.9297764858882528 0
    outer loop
      vertex -41.70311716626029 -0.11930820986407831 -370
      vertex -41.236067977499786 -0.3042260651806141 -370
      vertex -41.70311716626029 -0.11930820986407831 -382
    endloop
  endfacet
  facet normal 0.5877852522924697 0.8090169943749499 0
    outer loop
      vertex -42.54969595899476 0.41794702889684254 -370
      vertex -42.143307179915986 0.12268829799194014 -370
      vertex -42.54969595899476 0.41794702889684254 -382
    endloop
  endfacet
  facet normal -0.24868988716485654 0.9685831611286305 0
    outer loop
      vertex -39.2504747416571 -0.42914900291475444 -370
      vertex -38.763932022500214 -0.3042260651806141 -370
      vertex -39.2504747416571 -0.42914900291475444 -382
    endloop
  endfacet
  facet normal -0.12533323356430467 0.9921147013144777 0
    outer loop
      vertex -39.748837921882746 -0.49210691371308624 -370
      vertex -39.2504747416571 -0.42914900291475444 -370
      vertex -39.748837921882746 -0.49210691371308624 -382
    endloop
  endfacet
  facet normal 0.9980267284282369 -0.06279051952986411 0
    outer loop
      vertex -43.968542666373175 4 -382
      vertex -43.96845880525791 4.001332934257216 -382
      vertex -43.968542666373175 4 -370
    endloop
  endfacet
  facet normal 0.982287250728689 -0.18738131458572235 0
    outer loop
      vertex -43.96845880525791 4.001332934257216 -370
      vertex -43.96845880525791 4.001332934257216 -382
      vertex -43.874332644514524 4.494759548659419 -382
    endloop
  endfacet
  facet normal 0.9510565162951524 -0.30901699437495095 0
    outer loop
      vertex -43.874332644514524 4.494759548659419 -370
      vertex -43.874332644514524 4.494759548659419 -382
      vertex -43.719105943553004 4.972498210738712 -382
    endloop
  endfacet
  facet normal 0.9048270524660238 -0.4257792915650637 0
    outer loop
      vertex -43.719105943553004 4.972498210738712 -370
      vertex -43.719105943553004 4.972498210738712 -382
      vertex -43.50522672017546 5.427014696406862 -382
    endloop
  endfacet
  facet normal 0.8443279255020089 -0.5358267949790064 0
    outer loop
      vertex -43.50522672017546 5.427014696406862 -370
      vertex -43.50522672017546 5.427014696406862 -382
      vertex -43.236067977499786 5.8511410091698925 -382
    endloop
  endfacet
  facet normal 0.7705132427757896 -0.6374239897486894 0
    outer loop
      vertex -43.236067977499786 5.8511410091698925 -370
      vertex -43.236067977499786 5.8511410091698925 -382
      vertex -42.91587450968564 6.238188423714754 -382
    endloop
  endfacet
  facet normal 0.6845471059286948 -0.7289686274214057 0
    outer loop
      vertex -42.91587450968564 6.238188423714754 -370
      vertex -42.54969595899476 6.582052971103158 -382
      vertex -42.54969595899476 6.582052971103158 -370
    endloop
  endfacet
  facet normal 0.48175367410171727 0.8763066800438624 0
    outer loop
      vertex -41.70311716626029 -0.11930820986407831 -382
      vertex -42.143307179915986 0.12268829799194014 -382
      vertex -41.70311716626029 -0.11930820986407831 -370
    endloop
  endfacet
  facet normal 0.481753674101718 -0.8763066800438621 0
    outer loop
      vertex -42.143307179915986 6.877311702008059 -382
      vertex -41.70311716626029 7.119308209864078 -382
      vertex -42.143307179915986 6.877311702008059 -370
    endloop
  endfacet
  facet normal 0.36812455268467514 -0.9297764858882526 0
    outer loop
      vertex -41.70311716626029 7.119308209864078 -382
      vertex -41.236067977499786 7.304226065180615 -382
      vertex -41.70311716626029 7.119308209864078 -370
    endloop
  endfacet
  facet normal 0.2486898871648574 -0.9685831611286304 0
    outer loop
      vertex -41.236067977499786 7.304226065180615 -382
      vertex -40.7495252583429 7.429149002914755 -382
      vertex -41.236067977499786 7.304226065180615 -370
    endloop
  endfacet
  facet normal 0.12533323356430293 -0.992114701314478 0
    outer loop
      vertex -40.7495252583429 7.429149002914755 -382
      vertex -40.251162078117254 7.492106913713086 -382
      vertex -40.7495252583429 7.429149002914755 -370
    endloop
  endfacet
  facet normal 0 -1 0
    outer loop
      vertex -40.251162078117254 7.492106913713086 -382
      vertex -39.748837921882746 7.492106913713086 -382
      vertex -40.251162078117254 7.492106913713086 -370
    endloop
  endfacet
  facet normal -0.2486898871648574 -0.9685831611286304 0
    outer loop
      vertex -39.2504747416571 7.429149002914755 -382
      vertex -38.763932022500214 7.304226065180615 -382
      vertex -39.2504747416571 7.429149002914755 -370
    endloop
  endfacet
  facet normal -0.12533323356430293 -0.992114701314478 0
    outer loop
      vertex -39.748837921882746 7.492106913713086 -382
      vertex -39.2504747416571 7.429149002914755 -382
      vertex -39.748837921882746 7.492106913713086 -370
    endloop
  endfacet
  facet normal -0.7705132427757896 0.6374239897486894 0
    outer loop
      vertex -36.763932022500214 1.1488589908301075 -370
      vertex -36.763932022500214 1.1488589908301075 -382
      vertex -37.08412549031436 0.761811576285246 -382
    endloop
  endfacet
  facet normal -0.684547105928693 0.7289686274214074 0
    outer loop
      vertex -37.08412549031436 0.761811576285246 -382
      vertex -37.45030404100524 0.4179470288968439 -382
      vertex -37.08412549031436 0.761811576285246 -370
    endloop
  endfacet
  facet normal -0.9980267284282395 -0.06279051952982244 0
    outer loop
      vertex -36.03154119474209 4.001332934257217 -370
      vertex -36.03154119474209 4.001332934257217 -382
      vertex -36.031457333626825 4 -382
    endloop
  endfacet
endsolid OpenSCAD_Model
